{
  "model": "MAAT v1.2.1 Observable Predictions with Emergent Robustness",
  "n_points": 382,
  "z_min": 0.00014380515624634604,
  "z_max": 2.3333333333333335,
  "max_abs_delta_H": 0.01697572325786087,
  "max_Omega_MAAT": 0.033106081973253286,
  "max_abs_delta_fsigma8": 0.0183461919685063,
  "min_P_X": 1.3634659968904848,
  "min_cs2": 1.0001090055690876,
  "max_cs2": 1.8299777968025417,
  "mean_H_struct": 0.9707230913542712,
  "mean_B_struct": 0.9300802566700738,
  "mean_S_struct": 0.846024762358546,
  "mean_V_struct": 0.6060599554999299,
  "mean_Respect_implicit": 0.8177517809297179,
  "mean_R_emergent": 0.8047144462783771,
  "mean_CCI_v121": 0.2076773292009471,
  "max_CCI_v121": 0.30267234479876465,
  "mean_C_proj": 0.7912526198717733,
  "trusted_w_points": 59,
  "trusted_w_min": 0.9897945579029376,
  "trusted_w_max": 2.4743893399061316,
  "trusted_w_final": 2.4743893399061316,
  "note": "Growth is a simple proxy, not a Boltzmann-code calculation. Respect is implicit; robustness is emergent. w_MAAT_stable is trusted only where |Omega_MAAT| exceeds threshold."
}