instance_id,formula_type,n_vars,n_clauses,alpha,satisfiable,dpll_nodes,dpll_timed_out,solve_time_s,log_nodes,degree_cv,max_degree_norm,literal_imbalance,interaction_cycle_density,backdoor_density,propagation_depth_mean,contradiction_rate_mean,covariance_condition_log,H,B,S,V,R_resp,R_rob,F_MAAT,density_peak,frust_mean,frust_std,frust_q75,frust_q90,frust_q95,frust_q99,frust_max,frust_tail95_mean,frust_tail_mass,frust_gini,hotspot_fraction,hotspot_cluster_frac,hotspot_edge_density,R_tail,R_var,R_cluster,R_sat,F_frust,F_mean,F_tail,F_cluster,F_scale,F_MAAT_multi
0,random,28,95,3.3806382229522005,True,10,False,0.0003547499654814601,2.3978952727983707,0.27167503624066847,1.5719298244069682,0.2646516181943822,0.18885959129855345,0.2857142857142857,0.0,0.0,4.422071804460074,0.47494251923638564,0.6460768934757655,0.5392292045648599,0.45765945923083595,0.5197835942547387,0.5197835942547387,3.2349854241535647,0.06873117443886372,0.28985468120387764,0.12929391757899383,0.39321516355593555,0.4887732164568072,0.5137689610401657,0.5347133878056352,0.5383611812880215,0.5316060081724912,0.19177101676741223,0.24615188029156232,0.10714285714285714,0.10714285714285714,0.9999999996666666,0.6606027906087225,0.8787156576081128,0.8071177470053893,0.7766795826700872,1.0109095595475202,0.28985468120387764,0.8290684091348363,0.6071428569761904,0.16844618050944005,1.8945121278243446
1,random,35,124,3.5322156303394943,True,23,False,0.0013735000975430012,3.1780538303479458,0.2614031350537544,1.4112903224478626,0.26434533717162184,0.16312542837556243,0.2857142857142857,0.0,0.0,4.35884002851666,0.47853529752379176,0.6494766268923968,0.5407906747417536,0.45662598681059885,0.5216101606459048,0.5216101606459048,3.2180621434412813,0.15976717123506565,0.2743352000587705,0.11491258179278538,0.3887747828977918,0.41533297808857217,0.44431667125350527,0.493591774276317,0.5043422504662931,0.4885327266575049,0.19010063479561073,0.2386072076143162,0.11428571428571428,0.11428571428571428,0.49999999991666666,0.6923689381305221,0.8914440689430874,0.7956694616416928,0.7889596426814279,0.9481604325281487,0.2743352000587705,0.7386377170905665,0.3642857142440476,0.14633156214290677,1.5235901935362914
2,random,30,115,3.8328742436217538,True,10,False,0.0004331660456955433,2.3978952727983707,0.23305861943162035,1.478260869436673,0.25792227922083394,0.18984312682792082,0.26666666666666666,0.0,0.0,4.295386706874548,0.4821957241227973,0.6622109022225972,0.5401386005670202,0.46115524351255377,0.5280668975965178,0.5280668975965178,3.170058708376101,0.5316844913858765,0.2786909521500951,0.12544979479033425,0.38786207862494165,0.49056977892521303,0.5033255411333257,0.5366916054774286,0.5486349429508854,0.528042981789753,0.18591313422251657,0.24706457904800372,0.1,0.1,0.9999999996666666,0.6651919179435486,0.88210004933328,0.8187307530779818,0.7831927128684776,0.9775059633204912,0.2786909521500951,0.8181496274276691,0.5999999998333333,0.1660177028241285,1.8628582822352262
3,random,33,128,3.8884064791674873,True,15,False,0.0006742089753970504,2.772588722239781,0.22669715823906364,1.4609374998744507,0.2846925504414623,0.19009617352154898,0.2727272727272727,0.0,0.0,4.1387213772601354,0.49147769220557613,0.6492987120928883,0.5403071227294743,0.45856264960879856,0.5269656942024658,0.5269656942024658,3.1780968615976777,0.6199463203444758,0.28275725429766785,0.12619293053845962,0.4019642995053162,0.47561212216177434,0.5038449257223181,0.5143374546109755,0.5153348572083738,0.5137764156499389,0.21477568269222844,0.2492485075200488,0.12121212121212122,0.12121212121212122,0.8333333331944445,0.6649621798734905,0.8814447727630759,0.7847231940537559,0.7719150593503568,1.0355230418278007,0.28275725429766785,0.8147075737008629,0.5378787878093434,0.16439992161772427,1.7997435374255983
4,random,29,121,4.173453008162616,True,10,False,0.0004404169740155339,2.3978952727983707,0.23608027861065528,1.438016528810737,0.2681918486945977,0.20434453144728357,0.3103448275862069,0.0,0.0,4.408448251374585,0.4757120315684994,0.655432719282726,0.5405302601779691,0.45366834284224206,0.5210390133404476,0.5210390133404476,3.2229260818634167,0.9743972297562424,0.29982446898020376,0.11349729537496316,0.39025246323407825,0.4676712156950559,0.47962168009065187,0.4884594560784099,0.48944022861185144,0.4876888490878487,0.16624965184451157,0.21552167990488247,0.10344827586206896,0.10344827586206896,0.9999999996666666,0.675848437107743,0.8927066108445703,0.8131037598190377,0.7886809386912318,0.9495737024197204,0.29982446898020376,0.7654138210909847,0.6034482756954023,0.144380214256757,1.8130667800233475
5,random,32,139,4.339428957198794,True,18,False,0.0008454999187961221,2.9444389791664403,0.20882595345851382,1.4580335730295992,0.24540419454421003,0.197431781701405,0.28125,0.0,0.0,4.755327876728848,0.4568646721537142,0.6776698024036968,0.5403353824925637,0.4588792286278912,0.52179675022545,0.52179675022545,3.2174737811400007,0.9783914565232937,0.2819743256104064,0.12650542897470554,0.367309536486645,0.4714409289373387,0.5140115930099546,0.557709417057255,0.5642683644253743,0.5536894170574398,0.22962664046979225,0.2501607345483725,0.125,0.125,0.8333333331944445,0.6604969239449048,0.8811693656843322,0.7788007830714049,0.7681608863116689,1.0550243163208872,0.2819743256104064,0.8502729616560302,0.5416666665972223,0.1738241114352098,1.8477380652988686
6,random,33,149,4.503208061168597,True,22,False,0.0008185829501599073,3.1354942159291497,0.21124065562848335,1.47651006700509,0.21446520402043487,0.18721994934732372,0.30303030303030304,0.0,0.0,4.579281462426338,0.466239511725816,0.6957803151333566,0.5401556276403523,0.4572429365508817,0.5293497830000254,0.5293497830000254,3.1603213726197734,0.8147991996219227,0.2800693725297389,0.13158059485832987,0.3820420683587403,0.49577131470870156,0.5370761765753382,0.545524822362332,0.5476646686696168,0.5443211588144844,0.23044073849318336,0.26162751697142794,0.12121212121212122,0.12121212121212122,0.8333333331944445,0.6505858429398317,0.8767086140838275,0.7847231940537559,0.7649366282395059,1.0718491446988185,0.2800693725297389,0.8674487723798,0.5378787878093434,0.1817877202695678,1.86718465298845
7,random,29,138,4.751621016579165,False,29,False,0.0015561250038444996,3.4011973816621555,0.24945973032627347,1.471014492650581,0.24054018260867102,0.21701742475668315,0.3103448275862069,0.0,0.0,4.750712717938846,0.45710562429961304,0.6667568854803984,0.5402090807061118,0.45214386173084065,0.5165197171076125,0.5165197171076125,3.2583662849538846,0.43305914389344896,0.31179709189464927,0.1202180149209697,0.42958867399289,0.49235225302335456,0.5177963487666887,0.5317681471304102,0.5355788883186658,0.5287739933396378,0.17353076083340788,0.21377051816547876,0.10344827586206896,0.10344827586206896,0.9999999996666666,0.6588499180489973,0.886727095904597,0.8131037598190377,0.7802626439165894,0.992498766870864,0.31179709189464927,0.8270631125402458,0.6034482756954023,0.14655932302711366,1.8888678031574109
8,random,29,141,4.850968702201071,False,25,False,0.001413875026628375,3.258096538021482,0.2606054615333518,1.5082742315750828,0.2538717874224721,0.218051831992802,0.27586206896551724,0.0,0.0,4.832385455371107,0.4528787857155328,0.6555281853006771,0.5398468785530348,0.45769972834142897,0.5141044154301989,0.5141044154301989,3.277785293342765,0.29840798459569384,0.30641443855351025,0.11288150869957271,0.42044699857582135,0.4863937977734464,0.5115236486517203,0.5290739634337426,0.5298296596864616,0.5284802020923205,0.17387690234705508,0.19985075940540797,0.10344827586206896,0.10344827586206896,0.6666666664444444,0.6615840915833506,0.8932564969694595,0.8131037598190377,0.7832536045494045,0.9771949833360563,0.30641443855351025,0.8195298559553553,0.43678160908429114,0.13895977472188029,1.701685678315037
9,random,26,132,5.091631195383708,False,25,False,0.0012040409492328763,3.258096538021482,0.18237848569780132,1.3787878786973524,0.1756969241899617,0.24008919722491573,0.3076923076923077,0.0,0.0,4.456422820727328,0.4730132450562547,0.7324988451129325,0.5411077100825321,0.4517054100315049,0.5389045446349705,0.5389045446349705,3.0870041997686117,0.09119337660618211,0.3050009766382772,0.12576525471120506,0.41986649212989435,0.5116540238186773,0.521641233089074,0.5235083452580909,0.5237088771978413,0.5233078133183405,0.19728314009435774,0.23093071803693555,0.11538461538461539,0.11538461538461539,0.6666666664444444,0.6571851355328394,0.8818218260079785,0.7939226578179512,0.771996961013127,1.0350986566958427,0.3050009766382772,0.8327161907417088,0.44871794860683756,0.15777506412480563,1.7442101801116292
10,random,28,95,3.376263911033152,True,6,False,0.000255499966442585,1.9459101490553132,0.29008441684616104,1.9649122805087103,0.2832903207607359,0.18483245149905297,0.2857142857142857,0.0,0.0,4.315689145300666,0.4810184616220853,0.6305803485305644,0.5354470277715879,0.4571606862379803,0.5175953321616164,0.5175953321616164,3.258899521681056,0.0669200145992582,0.2818369334958893,0.11718169785246224,0.3859711802580365,0.43396576189492114,0.4690585262843925,0.5408422332950142,0.5665305529407612,0.5189595906338222,0.19041537301605652,0.2321555801010109,0.10714285714285714,0.10714285714285714,0.9999999996666666,0.6807080739861632,0.8894235721277736,0.8071177470053893,0.787653991098989,0.9547855274818478,0.2818369334958893,0.7870834861859137,0.6071428569761904,0.150603686274233,1.8266669629322265
11,random,33,117,3.556329031655269,True,7,False,0.0003466659691184759,2.0794415416798357,0.2533530948527128,1.5042735041320767,0.21348399073390575,0.18444643657548532,0.2727272727272727,0.0,0.0,4.363432436805188,0.4782725310719424,0.6814105701795085,0.5398857463716074,0.45743883996842893,0.5302399516051374,0.5302399516051374,3.1541002771755418,0.18005046337961259,0.2751261809462715,0.11862472510508293,0.3827132707417784,0.463629315503054,0.47231433786357585,0.49431976473160344,0.5015835774704406,0.49023387006600755,0.21077433937305995,0.24096499981292308,0.12121212121212122,0.12121212121212122,0.8333333331944445,0.6792027859017289,0.8881410352644482,0.7847231940537559,0.77935015856095,0.9971793412214215,0.2751261809462715,0.7721678050726426,0.5378787878093434,0.15563908965616988,1.7408118634844274
12,random,25,94,3.7677212063455947,True,11,False,0.00024633295834064484,2.4849066497880004,0.2659810863962666,1.5070921984479528,0.17223138297932095,0.2011952191234258,0.28,0.0,0.0,4.244643232208428,0.4851635040281241,0.7025498140129119,0.5398583616443997,0.4599148288380271,0.539197106840064,0.539197106840064,3.08714479791855,0.432089766005868,0.279370548926815,0.12776145348192625,0.39998230383662103,0.4749174918914476,0.5011921186818535,0.5491838866445846,0.562957403816426,0.5342625763750901,0.22224457891713012,0.252138543473428,0.12,0.12,0.9999999996666666,0.6661372568875904,0.8800632901404274,0.7866278610665535,0.772589826087772,1.032027983776643,0.279370548926815,0.8313452067334284,0.6199999998333333,0.16598310725161314,1.8966988627451897
13,random,28,110,3.9463821593136337,True,50,False,0.0017609589267522097,3.9318256327243257,0.2724577792858402,1.6969696968257115,0.20467607787223271,0.19766423357658464,0.25,0.0,0.0,4.6338770442648975,0.4632912861154333,0.6800767668785382,0.5380200019035654,0.4652195743366707,0.52725820884495,0.52725820884495,3.18011909401564,0.7113658771318282,0.2678555774819223,0.12860427947182881,0.293555681792871,0.48835943371630314,0.5133258552156733,0.5403383021323888,0.5474230929597134,0.5343031099461493,0.20897988780634152,0.2522082007391473,0.10714285714285714,0.10714285714285714,0.6666666664444444,0.6607962168580566,0.8793218624179048,0.8071177470053893,0.7769339604485195,1.009599695680734,0.2678555774819223,0.8357399782334531,0.44047619036507935,0.19009883070558498,1.7341705767860396
14,random,27,110,4.071611340475237,True,9,False,0.0002965410239994526,2.302585092994046,0.3006879164943297,1.5545454544182646,0.22637629475729215,0.20986519607836707,0.25925925925925924,0.0,0.0,4.733187069666895,0.4580229380283468,0.6579790964480184,0.5393977512590069,0.4600631675184559,0.517573775525877,0.517573775525877,3.2517148379932808,0.8843619932554849,0.2932490499623508,0.09875378709191378,0.3667176901987037,0.4366660945656768,0.4637638966457318,0.4932001786156455,0.500129082630214,0.4868042672175823,0.17867542993953886,0.1885115718239534,0.1111111111111111,0.1111111111111111,0.9999999996666666,0.6831702860628933,0.9059657410253441,0.8007374029168081,0.7913652084539641,0.9359828470058633,0.2932490499623508,0.7550328434384392,0.6111111109444445,0.1298274956191505,1.789220499964385
15,random,26,112,4.31448438405936,False,13,False,0.0006506249774247408,2.6390573296152584,0.3317351140955865,1.7023809522492204,0.20039461145333995,0.22146118721453964,0.2692307692307692,0.0,0.0,4.48267852780492,0.4715491677408985,0.6625525113079277,0.5379677945741071,0.4551463485401196,0.5219546648498278,0.5219546648498278,3.220654747667839,0.9897737412304803,0.2823178830035922,0.11738989910560575,0.36506876769406804,0.47749024727176065,0.4990177291695836,0.5236210161436828,0.5306191001376641,0.5166229321497016,0.20727269342065205,0.23057006481324516,0.11538461538461539,0.11538461538461539,0.9999999996666666,0.6671035175507721,0.889238412301404,0.7939226578179512,0.7780303654539962,1.0039588965070678,0.2823178830035922,0.812646410596588,0.6153846152179487,0.1603147695772615,1.8706636783953905
16,random,27,121,4.487860190755344,False,39,False,0.0017072500195354223,3.6888794541139363,0.33833866923861483,1.7851239668093708,0.20012399592706184,0.22619047619041358,0.2962962962962963,0.0,0.0,4.890443920044805,0.4499212903172827,0.6605389801379105,0.537170757130568,0.45045335708281614,0.5115580713358431,0.5115580713358431,3.3026159161081665,0.835454562320272,0.29872137000566645,0.11089130562375284,0.3682289389917443,0.46760286243895,0.48833956694447994,0.5175123799993827,0.5257905136578401,0.5098710258531144,0.18535630577684412,0.20937537689613128,0.1111111111111111,0.1111111111111111,0.9999999996666666,0.6718896831137617,0.8950360290249292,0.8007374029168081,0.7838077172898662,0.9743661839552038,0.29872137000566645,0.7934348333883823,0.6111111109444445,0.14720459503488187,1.8504719093733752
17,random,35,164,4.6772033941160345,False,37,False,0.00246095797047019,3.6375861597263857,0.2752245671318154,1.4939024389181168,0.20488402548686982,0.19123841617519943,0.2857142857142857,0.0,0.0,4.51131913616192,0.46996240371310455,0.6789937260238682,0.5399865292825438,0.4566651241656363,0.5262299650468425,0.5262299650468425,3.1842789394861084,0.5473339051526999,0.2842318733645184,0.11875956163191873,0.4012191627911954,0.47744936140935085,0.4876941202363444,0.5082165482421389,0.517127069604358,0.5040233617187417,0.19829552313456783,0.22677111467958033,0.11428571428571428,0.11428571428571428,0.8333333331944445,0.6721811872464306,0.8880212894851467,0.7956694616416928,0.7802147211093103,0.9927444496819765,0.2842318733645184,0.7913762751410559,0.5309523808829365,0.15010668436124636,1.7566672137497572
18,random,33,160,4.854890663625849,False,41,False,0.002573292003944516,3.7376696182833684,0.21877975986537682,1.5124999998960156,0.2099231329015451,0.2056842451125011,0.30303030303030304,0.0,0.0,4.46232296910849,0.47268344810306884,0.6959015401624844,0.539805830497047,0.4554597325173866,0.5311160101220539,0.5311160101220539,3.1476449949407277,0.29364084943543667,0.2905429508962283,0.11804787688226605,0.374297272884747,0.4626725029162005,0.4907236810640824,0.5149617334027968,0.5212055217955792,0.5114496024318568,0.2056255142640777,0.23049141658017014,0.12121212121212122,0.12121212121212122,0.8333333331944445,0.6708151300623314,0.8886535056368525,0.7847231940537559,0.7762779775530306,1.012978412612134,0.2905429508962283,0.7996109263315003,0.5378787878093434,0.15707882203594634,1.7851114870730183
19,random,25,126,5.021945360572747,False,27,False,0.0011639170115813613,3.332204510175204,0.22237963684949882,1.3227513226638392,0.19774000301665773,0.24440143765544806,0.32,0.0,0.0,4.808535760875065,0.4541049850494821,0.7023227836504804,0.5416551756386705,0.4481671398116437,0.522850682262033,0.522850682262033,3.2069631098921825,0.13395493469647324,0.308055228378577,0.1402854577401155,0.47097551485779077,0.4997874780158776,0.5277835782867651,0.534080797259854,0.5342803572710129,0.5338646072477652,0.2042298304892444,0.25500931109243075,0.12,0.12,0.9999999996666666,0.6545429694442625,0.8691101057785233,0.7866278610665535,0.7648813919321287,1.0721379963510538,0.308055228378577,0.8458814345390032,0.6199999998333333,0.1637433275511976,1.9376799903021114
20,random,29,97,3.352358716395513,True,22,False,0.00046866596676409245,3.1354942159291497,0.2687891582828515,1.4948453606757712,0.26263391777542205,0.181847338037145,0.27586206896551724,0.0,0.0,4.256602492071634,0.48446076989185105,0.6480814358008133,0.5399773646958625,0.45983399383041523,0.5246017762669363,0.5246017762669363,3.196691350431192,0.05769775301155125,0.2797953922131697,0.1205187920685763,0.3518492525003357,0.46245010446336604,0.48161397913087767,0.5475816974258992,0.572367971934036,0.5281067674552204,0.18911357971712722,0.23643371650602174,0.10344827586206896,0.10344827586206896,0.6666666664444444,0.6749396361571893,0.8864604287636867,0.8131037598190377,0.7864843502829841,0.9607298133109824,0.2797953922131697,0.802683222773109,0.43678160908429114,0.16293820253407534,1.682198426604645
21,random,32,114,3.5693364991810026,True,18,False,0.0004104170948266983,2.9444389791664403,0.32701511763059077,1.8713450290646694,0.28961090989091354,0.18322411533415905,0.25,0.0,0.0,4.231844822980162,0.48591780895013115,0.6166157518818607,0.5363427256062474,0.4585371810481089,0.5160011418153818,0.5160011418153818,3.269567101871557,0.19172030791473108,0.2830075053846586,0.12059109288948555,0.3604682584207451,0.4690133143640054,0.5025565581331758,0.5453106686109139,0.5628643748830229,0.5345519454118793,0.22505880992329114,0.23184933975117916,0.125,0.125,0.8333333331944445,0.6655323519019023,0.8863963392638732,0.7788007830714049,0.771627745063824,1.0370121578460305,0.2830075053846586,0.8314765949194556,0.5416666665972223,0.16383092065566734,1.8199816875570038
22,random,37,138,3.735525911241284,True,11,False,0.0005914170760661364,2.4849066497880004,0.310872474236877,1.6086956520301408,0.25604553102006844,0.16548742138361525,0.24324324324324326,0.0,0.0,4.656048219196151,0.46210463466797347,0.6385640804652448,0.5388730955249936,0.46161933736779565,0.5145286960648616,0.5145286960648616,3.276290972789648,0.3857873075150968,0.26864722879644615,0.11796875249924366,0.30052839661698444,0.43825412473625064,0.5253854754316697,0.5408220473609077,0.5470383771174484,0.5384045857889197,0.2064467230655874,0.23487741174750765,0.10810810810810811,0.10810810810810811,0.49999999991666666,0.6555719954767562,0.8887238225790624,0.8055611076677214,0.77713279241893,1.008576151632654,0.26864722879644615,0.8474081798785205,0.35810810806644144,0.18026444849922438,1.6544279652406324
23,random,33,128,3.8837392412950527,True,17,False,0.0007757080020383,2.8903717578961645,0.2860555880683027,1.4609374998744507,0.20073390164746197,0.18222326454029494,0.2727272727272727,0.0,0.0,4.607315150900685,0.46472098788917154,0.6777383066394109,0.5403071227294743,0.4564108814236565,0.5238457642782256,0.5238457642782256,3.201849469600906,0.6124987942123207,0.2685361361520487,0.12122894923198799,0.38607247925830246,0.4478671070855606,0.4685610936519181,0.49031873330602016,0.4954401787669158,0.48743792023426635,0.21365557405361965,0.25567935926304863,0.12121212121212122,0.12121212121212122,0.8333333331944445,0.6809386441753458,0.8858311260184931,0.7847231940537559,0.7793367134776868,0.9972483484539048,0.2685361361520487,0.7671343538183331,0.5378787878093434,0.16053852577518474,1.7340878035549099
24,random,30,122,4.075677531561924,False,29,False,0.0014189999783411622,3.4011973816621555,0.2818845983709697,1.721311475268745,0.2815375800392935,0.20401569351483864,0.26666666666666666,0.0,0.0,4.939032474989782,0.4474757207999261,0.6339496644005886,0.5377852342031937,0.4599413456658474,0.507195705928537,0.507195705928537,3.3357293501292027,0.8890149930206809,0.29342405934655563,0.12317693013345822,0.3881548943805835,0.48132409084994315,0.5107141350293924,0.5284257046703325,0.5349469081125897,0.5237034539018013,0.1767620568827852,0.2358605315146789,0.1,0.1,0.9999999996666666,0.6619386003034545,0.8841072235127907,0.8187307530779818,0.7825064330729649,0.9810125365473128,0.29342405934655563,0.819117501585255,0.5999999998333333,0.1624926527199556,1.8750342134850997
25,random,25,109,4.363031252111162,True,17,False,0.0005295830778777599,2.8903717578961645,0.16598491430060555,1.2996941895030816,0.22236321193406827,0.23276869158871707,0.32,0.0,0.0,4.402193440885634,0.4760661639299725,0.7074332824431517,0.5418807608796115,0.4513167440357953,0.5336765047255652,0.5336765047255652,3.124570970612882,0.9639102793244436,0.31933874232283044,0.11600074149542591,0.43228477394607734,0.4950561493221771,0.5328486340687659,0.5474822449792135,0.5512568579820695,0.5433930808927863,0.201530463232971,0.19912302737624055,0.12,0.08,0.3333333332222222,0.652380135764363,0.8904745630144124,0.8521437889662113,0.7910641620648774,0.9375047924180037,0.31933874232283044,0.8569723723666154,0.24666666661111109,0.14200616527916357,1.5649839465797204
26,random,32,144,4.512774290429603,True,27,False,0.0012228330597281456,3.332204510175204,0.2689970193566289,1.7777777776460906,0.23952352470076205,0.1937216026434957,0.28125,0.0,0.0,4.803333339954729,0.4543733430887634,0.6608824705638422,0.5372414251153976,0.4591408786128368,0.5166078637995115,0.5166078637995115,3.2631923994550514,0.8015222656349208,0.2792632023525091,0.13629227465029278,0.3908747647574028,0.5143504669085872,0.5235371108637866,0.5279947360380156,0.5287806691393003,0.5275130351049702,0.23403085185841152,0.2641608968219262,0.125,0.125,0.6666666665555555,0.6563673394427777,0.8725875599909764,0.7788007830714049,0.7640599806066289,1.0764359317369794,0.2792632023525091,0.8460421918473974,0.45833333327777775,0.1803203067015827,1.7639590341792668
27,random,34,160,4.709938734134892,False,49,False,0.002960875048302114,3.912023005428146,0.26322650784947293,1.5583333332229514,0.2184891243274072,0.19977000164281258,0.29411764705882354,0.0,0.0,4.982753750956044,0.44529774620330387,0.6750117275213872,0.5393610176578286,0.455973807263007,0.5155853520635444,0.5155853520635444,3.267179802265713,0.49609572702951577,0.2836779607109855,0.12795678151598522,0.3741621480796075,0.48029094252741655,0.5082025736413249,0.5689595983341147,0.5762695362220603,0.565193872755476,0.21715974197083848,0.24604931293104793,0.11764705882352941,0.11764705882352941,0.9999999998333333,0.6630409054306629,0.8798914058955691,0.7903383629814982,0.7725515836716316,1.0322259846361126,0.2836779607109855,0.8469723083010919,0.6176470587401961,0.1705058963204036,1.9188032240726771
28,random,30,147,4.898133834751882,False,33,False,0.0019361249869689345,3.5263605246161616,0.24284221577631873,1.496598639353973,0.191916694399821,0.2188134904509917,0.3,0.0,0.0,4.835845334667161,0.4527014505681902,0.6985077393682569,0.5399603247935164,0.4530958063035985,0.5232682494297796,0.5232682494297796,3.206903769871674,0.24413754225660458,0.2904760195045972,0.12664394644104723,0.4075972475121967,0.4874091060989279,0.5040856724207541,0.5257881958275534,0.5325865710857144,0.5208652344337126,0.17667940005238691,0.24388991576164876,0.1,0.1,0.9999999996666666,0.6648557448130915,0.8810473167895266,0.8187307530779818,0.782749118867898,0.9797721727180527,0.2904760195045972,0.8111496203476275,0.5999999998333333,0.1616489313967598,1.863274571082318
29,random,31,158,5.103126813839271,False,25,False,0.0015120420139282942,3.258096538021482,0.19171632594250518,1.3734177214291645,0.17229813889218942,0.21697774587217927,0.2903225806451613,0.0,0.0,4.825069130680649,0.45325423979896834,0.731114494659435,0.5411601274568123,0.4567369518689571,0.5329230108238637,0.5329230108238637,3.1315532911653787,0.0853123226924931,0.29181699216595625,0.12355120154312771,0.4301076938937329,0.4739147530380179,0.4978457757816881,0.5341540743204334,0.5447427247999219,0.5270949740007744,0.22267038138852824,0.23034080913429222,0.12903225806451613,0.12903225806451613,0.49999999991666666,0.6676254766470368,0.8837763893706898,0.7725453888611077,0.7696024357472103,1.0475248535106616,0.29181699216595625,0.8205904082890368,0.37903225802284946,0.1497649402690008,1.6412045987468435
30,random,33,110,3.3294747777037963,True,12,False,0.00036641594488173723,2.5649493574615367,0.2964435660647944,1.69999999983,0.26577639034301903,0.16679946879145635,0.24242424242424243,0.0,0.0,4.642135965846361,0.4628485383483854,0.6378193794299705,0.5379907645510722,0.4632896426713267,0.5152243730980558,0.5152243730980558,3.272525064659288,0.04987727884218898,0.27053932906476147,0.10763587002384276,0.3434186672782965,0.4422429576904291,0.4621611877729225,0.4976708137337337,0.5100349138034332,0.4907160074445277,0.21060093826648396,0.2200371476671743,0.12121212121212122,0.09090909090909091,0.33333333327777775,0.6839191248969895,0.8979545090614534,0.8337529180751806,0.8000162655775154,0.8924928731708553,0.27053932906476147,0.7636468292064104,0.2575757575479798,0.14919764729316543,1.440959563112317
31,random,35,124,3.535636557604899,True,18,False,0.00048133404925465584,2.9444389791664403,0.24646301271771653,1.693548386937435,0.22658579513306984,0.175916846440444,0.2857142857142857,0.0,0.0,4.416182053019553,0.4752748900631114,0.6759456916768423,0.5380530156376901,0.45732250653093576,0.5276667756399886,0.5276667756399886,3.1769593770740707,0.1625391222963223,0.2653201561201963,0.1136157913909616,0.360876160319629,0.42892313661508696,0.473349203121433,0.5077495093715195,0.5108272929109196,0.5063011406470961,0.20682488927737006,0.2389992654549855,0.11428571428571428,0.11428571428571428,0.8333333331944445,0.6787257208823293,0.8926008349348654,0.7956694616416928,0.7840819001910075,0.9729671931078364,0.2653201561201963,0.7789301801265354,0.5309523808829365,0.15727145759553846,1.7324741747252066
32,random,35,132,3.778418424436051,True,14,False,0.0004903749795630574,2.70805020110221,0.2703789659220457,1.7676767675205336,0.2596853939459324,0.16312542837556243,0.2857142857142857,0.0,0.0,4.401964918240618,0.4760791123176463,0.6491924670419403,0.537338623960114,0.457173703392288,0.520848335232443,0.520848335232443,3.2303123201762087,0.44796063904368866,0.26541559258005365,0.1245662809646353,0.38977071155236964,0.46317104250550684,0.47802954996209435,0.4930562297289984,0.5006298912066218,0.48949215373952865,0.20819087935563432,0.2616542355684883,0.11428571428571428,0.11428571428571428,0.8333333331944445,0.67657645953401,0.8828797413061158,0.7956694616416928,0.7803996060616912,0.9917966949453367,0.26541559258005365,0.7766053846655021,0.5309523808829365,0.16528557656500173,1.738258934693494
33,random,32,125,3.9217818027003686,True,8,False,0.0003720000386238098,2.1972245773362196,0.3187419715492538,1.6213333331949795,0.2207268329143097,0.18848413631017896,0.25,0.0,0.0,4.584863271004631,0.46593636657091525,0.6553074101123005,0.5387507971838101,0.46082557167341964,0.5201190405017058,0.5201190405017058,3.233292426508858,0.6729443641780891,0.2778195109008826,0.11272344680402352,0.32378669120300274,0.4681186679595048,0.49630110511123693,0.5050819506796577,0.5060010426683452,0.5045186362349782,0.22177552476402432,0.2238707294979838,0.125,0.125,0.6666666665555555,0.6683146838454408,0.893397697943535,0.7788007830714049,0.7747306488897784,1.0209594342410466,0.2778195109008826,0.8042859616420719,0.45833333327777775,0.16358318916775175,1.7040219949884838
34,random,30,123,4.09707571703019,False,67,False,0.002515833009965718,4.219507705176107,0.28640512117685385,1.5447154470288849,0.26009840575307014,0.1999515269025206,0.26666666666666666,0.0,0.0,4.623395895872844,0.4638543850125679,0.6439432951101364,0.5394931027784271,0.4596145038044275,0.515870870855791,0.515870870855791,3.264720449550608,0.9121849875650082,0.2895303998267955,0.12185545009907114,0.40324185786146816,0.46876697301483056,0.5095302376507586,0.5198457969424116,0.5199526829123977,0.5197683967572493,0.17692776129520313,0.23203231067677121,0.1,0.1,0.6666666664444444,0.6624577468261075,0.8852763258594903,0.8187307530779818,0.7830558030950704,0.9782052637030212,0.2895303998267955,0.813685076445765,0.43333333322222223,0.15730393723931002,1.693852746734093
35,random,26,110,4.245261105184589,True,14,False,0.00042212498374283314,2.70805020110221,0.3073032080748723,1.9696969695417816,0.24846370821446084,0.21807342328201504,0.2692307692307692,0.0,0.0,4.9242881453265595,0.4482150211717117,0.6437159500264529,0.535401305436671,0.4583232484986009,0.5094687164015143,0.5094687164015143,3.3222860150174607,0.9992480840065865,0.28847569544111745,0.12131101496117969,0.38405815080538774,0.47482225554380053,0.5294660129845598,0.5371398342883635,0.5379802646318581,0.536299403944869,0.21153724892019438,0.2300843581931904,0.11538461538461539,0.11538461538461539,0.6666666664444444,0.6538229627271195,0.8857584326240546,0.7939226578179512,0.7718233037056206,1.035998540246351,0.28847569544111745,0.8509202423587902,0.44871794860683756,0.16420105453598188,1.752314940942727
36,random,24,109,4.537114145376067,True,13,False,0.0003904999466612935,2.6390573296152584,0.18079059636419215,1.4678899081491457,0.23232865988483806,0.2353326778104768,0.2916666666666667,0.0,0.0,4.400511460589837,0.4761614835912792,0.6955940076775287,0.5402394769006914,0.4551351910191732,0.5322105799007653,0.5322105799007653,3.1386069168358093,0.7665149005281228,0.30144647322171775,0.12742667971586596,0.40665754952574473,0.4983092089159727,0.5286161140822351,0.5676819283651985,0.5782907612952302,0.5552280810125527,0.22377655119611828,0.23156054946263382,0.125,0.125,0.9999999996666666,0.6541864833083938,0.8803579615638181,0.7788007830714049,0.7654715970169672,1.0690526683622263,0.30144647322171775,0.8684012160638639,0.6249999998333333,0.1627799110953596,1.9576276002142745
37,random,35,165,4.717702496786997,False,35,False,0.002195207984186709,3.58351893845611,0.2432645369280984,1.4848484847434955,0.19025811648199792,0.2011869436201482,0.2857142857142857,0.0,0.0,4.865248733304138,0.45119997422894337,0.6994063663370802,0.5400745436699489,0.4571230433941146,0.5244578463935045,0.5244578463935045,3.197608989531262,0.4841374901808904,0.28198735313639817,0.11824947848347242,0.36304976732729966,0.4711818957155294,0.5010937394228414,0.5350598202000605,0.5443735784413438,0.530676875145339,0.2074599267307146,0.2343880585633611,0.11428571428571428,0.11428571428571428,0.8333333331944445,0.6661809144474162,0.8884743697248485,0.7956694616416928,0.7780185050384162,1.0040198735920285,0.28198735313639817,0.8204886312055503,0.5309523808829365,0.1628568802338473,1.7962852454587321
38,random,34,168,4.930888878825364,False,59,False,0.0033785830019041896,4.0943445622221,0.24183569816134584,1.4841269840268643,0.24798944502673817,0.19669966996696422,0.2647058823529412,0.0,0.0,4.937137206225775,0.44757061547779825,0.6649983842643408,0.540081558684364,0.46222717569842003,0.5162331354002637,0.5162331354002637,3.260822317521679,0.21045363403937487,0.292205506500982,0.12916289859135408,0.4066824825778063,0.4972251064482209,0.5328507156030942,0.5505651063160386,0.5511159423584685,0.5502813422941808,0.21366447335319277,0.23597869706478836,0.11764705882352941,0.11764705882352941,0.8333333331944445,0.6523792498648858,0.8788307935863308,0.7903383629814982,0.768079468220248,1.0554483025318075,0.292205506500982,0.8615493870994116,0.5343137254207516,0.1659494949438428,1.854018113964988
39,random,31,158,5.105396400292187,False,27,False,0.0016205830033868551,3.332204510175204,0.30819022921739936,1.7658227846946402,0.2589798346851576,0.21787603930456956,0.2903225806451613,0.0,0.0,4.969814700152348,0.445940092823998,0.6378297635114091,0.5373564680742187,0.45370341550657817,0.5053409005072312,0.5053409005072312,3.3511816886936963,0.08418774340326038,0.300505191529055,0.11816875303323104,0.41514793458368904,0.44473399143479997,0.5063507353305747,0.5413244632795959,0.5497833576416421,0.5356852003715651,0.21546714001402745,0.2202489991941199,0.12903225806451613,0.12903225806451613,0.8333333331944445,0.6638560174238213,0.8885460951133657,0.7725453888611077,0.7695307071764677,1.0478976793217794,0.300505191529055,0.8308797519738795,0.5456989246617383,0.14850364873227306,1.825587516896946
40,random,37,122,3.3093747595701726,True,16,False,0.0005457079969346523,2.833213344056216,0.3080532937274461,1.9207650271282288,0.2343628553883676,0.15742310486796865,0.2702702702702703,0.0,0.0,4.227878501136213,0.48615204994186867,0.6511638945807992,0.5358692662386952,0.4522319709220406,0.5231279187147573,0.5231279187147573,3.2155820778344104,0.04375651436459009,0.2624163989106249,0.11276374722930214,0.34293508311583837,0.4197612541241354,0.45412780920214785,0.495850703351661,0.5185756184039502,0.4870132363868818,0.19112791123922096,0.2429575456627695,0.10810810810810811,0.10810810810810811,0.6666666665555555,0.6876974593785403,0.8933616943618496,0.8055611076677214,0.7909962277722057,0.9378483155653827,0.2624163989106249,0.7498351386877835,0.44144144138588587,0.15801737245241718,1.6117103514367115
41,random,35,124,3.5434310087301353,True,10,False,0.0005547499749809504,2.3978952727983707,0.322871732434587,1.5994623654409108,0.19583889497621318,0.16647662485743067,0.2571428571428571,0.0,0.0,4.458483860530556,0.4728979880974912,0.6681167638624688,0.5389624837055765,0.4591794159346789,0.5254532495417487,0.5254532495417487,3.1920855300111954,0.1689847020088333,0.26543863407359464,0.12334810894871392,0.37177344053215616,0.45964780773987485,0.4840805056803065,0.5044284489691001,0.5057559130839534,0.503803759973875,0.2097573360816878,0.25767575120177044,0.11428571428571428,0.11428571428571428,0.9999999998333333,0.6738178934178488,0.8839558960381092,0.7956694616416928,0.7796540552168535,0.9956199013847116,0.26543863407359464,0.7887340641852786,0.614285714202381,0.168154574977171,1.8366129874384254
42,random,27,102,3.7612574219539874,True,14,False,0.0004104999825358391,2.70805020110221,0.29411764703287196,1.7647058821972317,0.2863060807203483,0.1924762600437573,0.25925925925925924,0.0,0.0,4.354309211129538,0.47879482299640463,0.6278306765448504,0.5373672185493124,0.46121433895677677,0.5175650315797279,0.5175650315797279,3.255553962510728,0.4226112766600471,0.2871643911786977,0.11927837874218238,0.382533113936703,0.4620460606484558,0.5047894728808621,0.5298197105385712,0.5326379185547516,0.5272182877544047,0.19598245860934024,0.22908685158202102,0.1111111111111111,0.1111111111111111,0.9999999996666666,0.6645447871758021,0.8875606883400927,0.8007374029168081,0.778760908388473,1.0002048005041353,0.2871643911786977,0.8186949428024827,0.6111111109444445,0.15830694027652126,1.8752773852021463
43,random,33,129,3.9131987219590383,True,18,False,0.0008164589526131749,2.9444389791664403,0.253018949123513,1.6201550386215373,0.19852729879641387,0.17648407059358778,0.2727272727272727,0.0,0.0,4.508376119764858,0.4701249620016265,0.6906794260536919,0.5387621975201488,0.4605152561199136,0.5307760086938142,0.5307760086938142,3.152141691673358,0.6593826444711808,0.2657226697003256,0.11763386195972941,0.31613276615618346,0.43804559892375855,0.4820177960153584,0.5370581278966571,0.5453669933236334,0.532384391093983,0.22379671914632235,0.2458290812545434,0.12121212121212122,0.12121212121212122,0.6666666665555555,0.6747557301192062,0.8890214976209806,0.7847231940537559,0.7779023995697714,1.0046168472243733,0.2657226697003256,0.8064960397502674,0.45454545448989897,0.1721524222928034,1.6989165862332956
44,random,30,123,4.106149613682369,True,16,False,0.0004796249559149146,2.833213344056216,0.2394811556457373,1.3821138210258443,0.2586170528597767,0.19866896721710656,0.3,0.0,0.0,4.384432815412703,0.4770746081532183,0.6597119675130658,0.5410752511037977,0.4545789416260856,0.5230180284820493,0.5230180284820493,3.206754280831962,0.9213091504748092,0.29700976042251265,0.11470183733840304,0.3961313155801328,0.46764997594283275,0.5057860594047313,0.5332611192151094,0.538707052884818,0.5293175120749756,0.17363475667597256,0.2137460785544385,0.1,0.1,0.6666666664444444,0.6641049661432785,0.8916319556343529,0.8187307530779818,0.7855752979895738,0.965355858607112,0.29700976042251265,0.8158253081812792,0.43333333322222223,0.14835790306125451,1.6945263048872685
45,random,27,115,4.272819007067007,False,21,False,0.0008957081008702517,3.091042453358316,0.25941624154798126,1.4869565216227598,0.17755514559938912,0.2215189873417112,0.2962962962962963,0.0,0.0,4.376009014050022,0.47755440488308326,0.7015653963385854,0.5400540486718061,0.4532990803449615,0.5335297214106366,0.5335297214106366,3.129048043074481,0.999431162742008,0.28816912575703746,0.12324102497390116,0.38313656773116067,0.4874577457982938,0.5038336857129885,0.5176497200338225,0.5205507726651615,0.514971825297202,0.19546210523936186,0.23859352236563391,0.1111111111111111,0.07407407407407407,0.3333333332222222,0.6649671499583986,0.8840505586173483,0.8623033568332588,0.7973441097679852,0.9058757432542015,0.28816912575703746,0.8115240720397402,0.24074074068518517,0.16310561766259293,1.5035395561445557
46,random,36,161,4.484384711747953,False,39,False,0.0025505420053377748,3.6888794541139363,0.2365962354449855,1.4906832297025578,0.17091834940007664,0.18875878220137568,0.3055555555555556,0.0,0.0,4.49572258180046,0.47082516660428636,0.7144689088070548,0.5400178202481302,0.45400742063511096,0.5345257746155031,0.5345257746155031,3.121654441104254,0.8400138430732325,0.27599794687061263,0.12316697721260009,0.4049679974884913,0.4568806483456957,0.48628357181531073,0.5233492379276199,0.5336328403509762,0.5189419797461815,0.20061477676981565,0.24937728200541542,0.1111111111111111,0.1111111111111111,0.9999999998333333,0.6728191167306143,0.8841160230058066,0.8007374029168081,0.7809667902314955,0.9888906034825415,0.27599794687061263,0.7981118849715745,0.6111111110277778,0.1589703033129293,1.8441912461828942
47,random,38,178,4.673204823952475,False,45,False,0.0030730420257896185,3.828641396489095,0.3058345417399384,1.6367041197337178,0.19562390866219728,0.1877467665078029,0.2631578947368421,0.0,0.0,4.778565470599119,0.45565531331931935,0.6739966100536041,0.5386021246220858,0.4601233957689246,0.5208621777952958,0.5208621777952958,3.2278573690966876,0.5536631302346469,0.26668088038999166,0.11526612851267255,0.3633814595706054,0.448912164027525,0.4870228325223652,0.500247096367895,0.5040240553217715,0.4989200567354519,0.19331954241736907,0.23965346706638968,0.10526315789473684,0.10526315789473684,0.6666666665555555,0.6724846304503261,0.8911289575231364,0.8101577349324267,0.7859546735359563,0.9634246167753547,0.26668088038999166,0.785476266310655,0.4385964911725146,0.16047674589429098,1.6512303837674525
48,random,27,132,4.897981386587302,True,8,False,0.0003073749830946326,2.1972245773362196,0.25779847766687064,1.4999999998977274,0.2359350379486027,0.23202692955031687,0.2962962962962963,0.0,0.0,4.884785617139959,0.450207824067635,0.6666380423031567,0.5399272704506278,0.45375148908658425,0.5144862016905668,0.5144862016905668,3.274666994881381,0.24430205356298748,0.31051030412120745,0.12999602048087486,0.4313675478781466,0.5085087325010985,0.5404445857358445,0.5815205163206736,0.5911842481076305,0.5726001485173289,0.19728314531307997,0.22765005549638428,0.1111111111111111,0.1111111111111111,0.9999999996666666,0.6491632410927114,0.8780989253250754,0.8007374029168081,0.7699499472383505,1.0457190741082572,0.31051030412120745,0.8805256302244513,0.6111111109444445,0.15999113621166777,1.9621381815017709
49,random,38,195,5.128148001208528,False,31,False,0.0026075829518958926,3.4657359027997265,0.23775436603998873,1.6239316238261376,0.16553890082393152,0.1973998091602818,0.2894736842105263,0.0,0.0,4.732197551255964,0.4580748404420459,0.7176090923918395,0.538725659685173,0.45701738734532066,0.5316008887341542,0.5316008887341542,3.145997929659532,0.07355671135157991,0.2796017266571843,0.1195893884719339,0.3804694101298068,0.468992706944109,0.48805160569172423,0.5213138102224919,0.5328866352756826,0.5172476825011005,0.18770254404772946,0.23546510977811863,0.10526315789473684,0.10526315789473684,0.9999999998333333,0.6720197042730569,0.8872846912513886,0.8101577349324267,0.7846419548095016,0.9701110899632746,0.2796017266571843,0.7956341468149025,0.6052631578114035,0.15774445234709525,1.8382434836305854
50,random,38,127,3.3528343082999332,True,17,False,0.0006063750479370356,2.8903717578961645,0.3207366263793775,1.6955380575736732,0.2951996575426509,0.14959928762240657,0.2631578947368421,0.0,0.0,4.268945330464141,0.483737627973346,0.6156452608004471,0.5380338159317092,0.4571539241853483,0.5144394767288729,0.5144394767288729,3.2785433192275253,0.05787044640850068,0.2691794409787775,0.12033799771173208,0.36260683616649064,0.4578666551195206,0.4730097529341889,0.4801709276302361,0.48379568179818966,0.47889736535500915,0.18486997411751588,0.24891084955450626,0.10526315789473684,0.10526315789473684,0.49999999991666666,0.6788821309621552,0.8866207102953345,0.8101577349324267,0.7871073067894299,0.9575627576894619,0.2691794409787775,0.759312710278686,0.35526315785307017,0.1633514796678963,1.5471067887784298
51,random,25,90,3.597867401575662,True,5,False,0.0002109999768435955,1.791759469228055,0.29397236786884595,1.7592592590963647,0.26550814095478775,0.1955085865256735,0.28,0.0,0.0,4.371418855682362,0.4778162542046114,0.6387164929152164,0.5374196498679079,0.4581156650286276,0.5190167782417611,0.5190167782417611,3.24425228242381,0.219133678633993,0.2909348971358797,0.11498982808564373,0.33575822695626467,0.4511809616035145,0.5081891339176697,0.5688016924905721,0.583876651628631,0.5524704867576753,0.21470499011505872,0.21542902874187253,0.12,0.12,0.9999999996666666,0.6630468138982023,0.8913752108530213,0.7866278610665535,0.7746841843655491,1.021199341710169,0.2909348971358797,0.8462662276917204,0.6199999998333333,0.16163176409047608,1.9188328887514094
52,random,25,95,3.7840362952123794,True,12,False,0.0003172080032527447,2.5649493574615367,0.24561403506617419,1.6666666665204677,0.2291322622814195,0.2048006194346865,0.28,0.0,0.0,4.268747767131323,0.4837491858078191,0.6747262868881077,0.5383125503069613,0.4595963820438356,0.5313428320494379,0.5313428320494379,3.148707254826655,0.45638282308970674,0.28104204022657747,0.11859907759145634,0.3587624814694039,0.4596379696418885,0.5159758251897649,0.530506475980884,0.531227184862027,0.5297257080263122,0.21725342098871586,0.23424220623207215,0.12,0.12,0.6666666664444444,0.6596411257909229,0.8881638141658623,0.7866278610665535,0.7724256871152749,1.0328778857785594,0.28104204022657747,0.8355424184273859,0.4533333332222222,0.16679702584145278,1.7367148177176384
53,random,31,122,3.949154109138854,True,11,False,0.0005154159152880311,2.4849066497880004,0.2447453079198023,1.355191256715817,0.233674390102618,0.1938872970391132,0.2903225806451613,0.0,0.0,4.311076611511162,0.4812854202859646,0.6723431758001005,0.5413381092493881,0.4553855232765704,0.5281909742730271,0.5281909742730271,3.1669006828503727,0.715642397960958,0.28857589841075587,0.11736575544555362,0.38291723428620544,0.46018941050749707,0.48279843683110263,0.5091020763854149,0.5159588875306068,0.504530868955287,0.21705534440174235,0.2313337112952465,0.12903225806451613,0.12903225806451613,0.49999999991666666,0.6744004951455883,0.8892598820305138,0.7725453888611077,0.7737907403724075,1.0258152076961806,0.28857589841075587,0.7916133111242457,0.37903225802284946,0.15375762941281484,1.6129790969706659
54,random,35,144,4.100554914050417,True,57,False,0.002819583984091878,4.060443010546419,0.22414293399869595,1.4583333332151813,0.20972331588115017,0.17808485792133552,0.2857142857142857,0.0,0.0,4.256443278813314,0.48447011199899065,0.6940841419226945,0.540332465218951,0.45666708607856815,0.5355001633487699,0.5355001633487699,3.113786979349221,0.9157344461356998,0.268281050167734,0.12433706487275292,0.3493928474639768,0.46538245620656005,0.4947765933576879,0.5318289661288852,0.5434392793751363,0.5263652893071202,0.2137857520570694,0.25836734544741713,0.11428571428571428,0.11428571428571428,0.6666666665555555,0.6689962931207795,0.8830821347450506,0.7956694616416928,0.7775336020854074,1.0065136658152811,0.268281050167734,0.8141375144363978,0.447619047563492,0.17545699927807704,1.7054946114457008
55,random,25,107,4.294561678322501,True,10,False,0.00034962501376867294,2.3978952727983707,0.3257500584710739,1.7912772584274705,0.22465243164802157,0.20823970037445386,0.24,0.0,0.0,4.574361637427826,0.46650703214332084,0.6508888158544623,0.5371115787440595,0.46577420552342014,0.5210109039869762,0.5210109039869762,3.229486648762725,0.9958724283342733,0.28390683073399425,0.11513962518472136,0.303988647808206,0.4663002317935881,0.4769446544264971,0.5158188148877575,0.5275908985511849,0.503065724252378,0.2080531161292821,0.2182321070815938,0.12,0.12,0.6666666664444444,0.6770734414474749,0.8912416954326068,0.7866278610665535,0.7800699227180201,0.9934868700720259,0.28390683073399425,0.7868673409026964,0.4533333332222222,0.16278527013534067,1.6868927749942537
56,random,36,162,4.4993921006342354,False,59,False,0.003709833021275699,4.0943445622221,0.23521677631909074,1.6296296295089163,0.24815055513481246,0.18889745566689453,0.2777777777777778,0.0,0.0,4.632219913041056,0.463380224356545,0.6671077120710788,0.5386705418044112,0.4592301783778472,0.5216605067961629,0.5216605067961629,3.221604216259981,0.8200115086370121,0.27945842310801605,0.11438521548021315,0.34997675967744907,0.46551725448154274,0.49919410730524566,0.5289115369846699,0.5391979382600248,0.5245030792952321,0.20083135115535983,0.22046147991261744,0.1111111111111111,0.1111111111111111,0.9999999998333333,0.6670250337346033,0.8919143104984694,0.8007374029168081,0.7810013661758817,0.988713514366717,0.27945842310801605,0.8138577135864206,0.6111111110277778,0.15847833446107135,1.8629055821832858
57,random,29,138,4.749743566156605,False,29,False,0.0014412500895559788,3.4011973816621555,0.2646002693076324,1.471014492650581,0.19357009251334661,0.22635561160146564,0.27586206896551724,0.0,0.0,4.843865108939333,0.4522909328362348,0.689611740072826,0.5402090807061118,0.45613713832495406,0.5220426518841209,0.5220426518841209,3.2158229616370706,0.43583077200268283,0.30226068177522286,0.11999746640161851,0.4202088434630009,0.48263583405894855,0.5093694033795865,0.5258383299794613,0.5268389881648963,0.5250520985480482,0.17553127604909233,0.21757580610418126,0.10344827586206896,0.06896551724137931,0.3333333332222222,0.6625283365098883,0.8869226838201871,0.8711587695892689,0.7999493890975662,0.8928272627390803,0.30226068177522286,0.8161713873815902,0.2356321838524904,0.14798250400050886,1.5020467570098124
58,random,35,169,4.8179333782761775,False,31,False,0.002121041063219309,3.4657359027997265,0.26163691357231983,1.6568047336134355,0.17081729242949314,0.20424286759324004,0.2857142857142857,0.0,0.0,4.857284788920027,0.45160566644574635,0.705074338410843,0.5384078269964815,0.45626881781362133,0.5257004637702724,0.5257004637702724,3.191233709507145,0.34031869396093917,0.2825016614067381,0.12592123935897392,0.41477234812075253,0.48697702178562396,0.49940688428533847,0.5251303527581649,0.5377946404847007,0.5191706879456777,0.2055845826546323,0.24445302376901812,0.11428571428571428,0.11428571428571428,0.49999999991666666,0.666930377925155,0.8816842860683922,0.7956694616416928,0.7763223627678624,1.012749711310526,0.2825016614067381,0.8133682063280789,0.3642857142440476,0.15915002326361177,1.6193056052424766
59,random,26,133,5.127238140181639,False,23,False,0.0012568329693749547,3.1780538303479458,0.2335134941480373,1.3684210525424085,0.1772754404704012,0.2363291824579761,0.3076923076923077,0.0,0.0,4.391161864604145,0.4766920319905783,0.7114433997132117,0.5412089083831619,0.44968228559011464,0.5342706811535759,0.5342706811535759,3.121360612559469,0.07395997033960472,0.29865215620208235,0.12430163660756209,0.38714087076096304,0.48210606393159205,0.4968363098862083,0.5102039158776457,0.5144484608266839,0.5059593709286074,0.19405816674679555,0.23451225374879203,0.11538461538461539,0.11538461538461539,0.9999999996666666,0.6680757230401643,0.8831134213673177,0.7939226578179512,0.776616817105993,1.011232823359924,0.29865215620208235,0.80045280951173,0.6153846152179487,0.1599541131105292,1.8744436940422902
60,random,30,102,3.4110943719094196,True,8,False,0.00029608304612338543,2.1972245773362196,0.26233506194015643,1.5686274508266052,0.22388879636248923,0.18412511065205545,0.26666666666666666,0.0,0.0,4.286234602322092,0.48272830688127755,0.6721303101241286,0.5392612139651105,0.45905240375259926,0.5300776635246494,0.5300776635246494,3.156482181841743,0.08247224149254727,0.2667211059793556,0.12280151688318021,0.35336129191147114,0.4882271407048759,0.49995623194946126,0.510468937494736,0.5133827648403337,0.5083589245893032,0.18902945668160412,0.2518531297458457,0.1,0.1,0.6666666664444444,0.6666861197011871,0.8844391913878346,0.8187307530779818,0.784470888938066,0.9709832560269417,0.2667211059793556,0.8024480648672303,0.43333333322222223,0.1727282660160751,1.6752307700848832
61,random,24,86,3.5970255147442467,True,8,False,0.0002055830555036664,2.1972245773362196,0.33025439383192656,1.8604651161060033,0.26526899024235384,0.20842772995006414,0.25,0.0,0.0,4.449054617297916,0.47342574775297597,0.627927522640743,0.536447071037743,0.46113133268431283,0.5156187183982336,0.5156187183982336,3.2723381860064995,0.2182888315761784,0.2900703117984165,0.11834514608807609,0.33910043389863964,0.48813921808740146,0.5041345253203285,0.5171206710492606,0.5203216243880908,0.5133630301732426,0.21805025895966382,0.21636168881393547,0.125,0.125,0.9999999996666666,0.6648341509128212,0.8883893755758033,0.7788007830714049,0.7719355083289777,1.03541707831419,0.2900703117984165,0.8172074255848748,0.6249999998333333,0.16198872510884943,1.8942664623254741
62,random,33,124,3.750012856527531,True,19,False,0.00045050005428493023,2.995732273553991,0.3113641340706641,1.7741935482297084,0.29071912489713836,0.17854638934326278,0.2727272727272727,0.0,0.0,4.360992754275702,0.47841208784141714,0.6205560573162109,0.5372759110028741,0.4585162959401926,0.5144138420775601,0.5144138420775601,3.2801522949847044,0.4063347865066079,0.27751706479212573,0.12592472414982137,0.37995554270322807,0.4415126744243511,0.5246642154105452,0.5492380527450383,0.5552299210952875,0.5458676267980231,0.2243334064321452,0.25424733401614996,0.12121212121212122,0.12121212121212122,0.9999999998333333,0.6558821213828585,0.8816812135884152,0.7847231940537559,0.7684541429847715,1.0534975491291854,0.27751706479212573,0.8553665933911008,0.6212121211287879,0.17459442731453553,1.9286902066265499
63,random,38,148,3.9034734996804543,True,13,False,0.0005757500184699893,2.6390573296152584,0.38229950253878964,1.7972972971434746,0.20183711195447582,0.1697761194029534,0.23684210526315788,0.0,0.0,4.666207075553459,0.46156293810283133,0.6455307536252893,0.5370536945150769,0.4589901505460427,0.5152093597425682,0.5152093597425682,3.274384938607897,0.6439491310064004,0.26241633942426285,0.1101777689417847,0.3502075276760377,0.43523260522521157,0.47146665522002007,0.49143886315333174,0.49726200344743654,0.4893928949418894,0.189179035464869,0.23451793621415074,0.10526315789473684,0.07894736842105263,0.49999999991666666,0.6795940611039369,0.8956748979644273,0.8539396656235352,0.8040364208435338,0.8724428400874117,0.26241633942426285,0.7644808456629032,0.328947368379386,0.15591309920755234,1.5117576526741043
64,random,34,139,4.0833521740614085,True,9,False,0.0004529160214588046,2.302585092994046,0.2826584433211084,1.5491606713365191,0.32294975352643235,0.17556599743695522,0.29411764705882354,0.0,0.0,4.766204730952201,0.45629780763351085,0.6128094910710328,0.5394499797250817,0.4560546182895527,0.5033424681575436,0.5033424681575436,3.3631431621070167,0.8975839145805239,0.29012282003309753,0.11714758599006521,0.40018218781799436,0.46457678875753167,0.47117779530054493,0.49398926794661774,0.5026867577174292,0.48950874291316937,0.19408690340915682,0.23077339918309114,0.11764705882352941,0.11764705882352941,0.49999999991666666,0.6797274966998202,0.8894539125397597,0.7903383629814982,0.781790611148013,0.9846733347457721,0.29012282003309753,0.766694155126143,0.36764705878186277,0.14768622490612135,1.5721502588472245
65,random,24,104,4.339842239155856,True,5,False,0.00022499996703118086,1.791759469228055,0.2570504827464246,1.7692307690946745,0.2027529254569741,0.2297395079593959,0.2916666666666667,0.0,0.0,4.982706431284802,0.4453000919710428,0.6866402698762241,0.5373236680023762,0.4538336273997821,0.5177175760402523,0.5177175760402523,3.254456244270509,0.9781684848676063,0.2987024805129252,0.11637738896617188,0.40270310135892246,0.46555798239898627,0.49372131928553,0.5332266914829412,0.5438348448596766,0.5207736418667737,0.21100319397480002,0.2155166072713186,0.125,0.125,0.6666666664444444,0.6694689210691025,0.8901392311773978,0.7788007830714049,0.7742328261344837,1.0235305614755228,0.2987024805129252,0.8130854635207007,0.4583333332222222,0.14600428116506037,1.7161255584209083
66,random,27,122,4.507600424801003,False,25,False,0.001113333972170949,3.258096538021482,0.32519400694121314,1.696721311350242,0.18225079144485162,0.21959654178668023,0.25925925925925924,0.0,0.0,4.646783742951376,0.4625997502551965,0.6753008225386383,0.5380223985486222,0.4579972251046974,0.5230242673650418,0.5230242673650418,3.2123647398128568,0.808739601516118,0.28598484529911417,0.1250194450059151,0.36279125781749244,0.4944643270436705,0.5180454912707114,0.5348144123500537,0.5388433904009376,0.5310953556876994,0.20304951432832435,0.2369704326089077,0.1111111111111111,0.1111111111111111,0.9999999996666666,0.6587417872193865,0.8824797425939431,0.8007374029168081,0.7750029541079545,1.0195537463450395,0.28598484529911417,0.8362150760278194,0.6111111109444445,0.1702492483564233,1.9035602806278014
67,random,27,129,4.7623445637806885,True,11,False,0.00044045899994671345,2.4849066497880004,0.22062402278705268,1.3953488371119522,0.2551874163049988,0.22370104939845822,0.2962962962962963,0.0,0.0,4.6631973677640035,0.46172329108928195,0.6679082375996647,0.5409461247456779,0.455145965086892,0.5196964614959179,0.5196964614959179,3.232477042973553,0.4173674379379564,0.3175059833050702,0.12910915475110418,0.4087142529323175,0.5065332968804579,0.5545183253485875,0.5920386557274835,0.604443533706215,0.5805879991317315,0.1995328975450541,0.2235121544491303,0.1111111111111111,0.1111111111111111,0.9999999996666666,0.643286080127591,0.8788780265973383,0.8007374029168081,0.7678462928880592,1.0566628160913305,0.3175059833050702,0.9004208775985927,0.6111111109444445,0.1654891881784465,1.994527160026554
68,random,32,159,4.974519739683658,False,43,False,0.002475457964465022,3.784189633918261,0.2403415595195409,1.5429769390998422,0.15483637380754772,0.2141364902506591,0.28125,0.0,0.0,4.786643084892028,0.45523642662551067,0.7238281184382482,0.5395099698929028,0.45655097556784113,0.5318476487804453,0.5318476487804453,3.1426868255821137,0.17070942344747717,0.2786219840875811,0.1202622985599529,0.37145568258376055,0.472763642164139,0.48310652081982824,0.519768011157143,0.5352316296236209,0.5102903095163984,0.22167412515614554,0.23978945232040183,0.125,0.125,0.8333333331944445,0.6742604027168745,0.8866878292714465,0.7788007830714049,0.7750711900730894,1.0192015775695404,0.2786219840875811,0.7984090576874362,0.5416666665972223,0.16037451031133299,1.7790722186835726
69,random,31,157,5.064517594262035,False,39,False,0.0021349580492824316,3.6888794541139363,0.3178195736718926,1.6454352440530606,0.23092214951338064,0.22397588224858592,0.2903225806451613,0.0,0.0,4.95881474510765,0.44648763411302533,0.6499569348259288,0.5385177101381096,0.45336478276399783,0.5086049696894998,0.5086049696894998,3.323269504129753,0.10633451286518704,0.29988371009062403,0.12554700837245825,0.3732674964991244,0.49861549230054036,0.5323023529006372,0.570670107408551,0.5795951666967649,0.564720067883075,0.2304996035146453,0.23086952602964073,0.12903225806451613,0.12903225806451613,0.9999999998333333,0.6526127158305326,0.8820143013956921,0.7725453888611077,0.7632820590722192,1.0805105742460923,0.29988371009062403,0.875262307483574,0.6290322579811828,0.16910745915828304,1.973285734713664
70,random,26,87,3.353937659670262,True,9,False,0.0002679580356925726,2.302585092994046,0.25988763035130036,1.59386973164199,0.24234536828047132,0.20474363446103777,0.2692307692307692,0.0,0.0,4.265744255228963,0.48392496507130306,0.6622671370979715,0.5390166408600058,0.46032290814061005,0.5283940763596291,0.5283940763596291,3.169660493151812,0.05827272881262036,0.29200619477691614,0.11541961385994719,0.3557731324148033,0.4875629201430659,0.5087084333087443,0.5315558219319778,0.5370067449141342,0.5261048989498214,0.20302972486234064,0.2139950679058038,0.11538461538461539,0.11538461538461539,0.6666666664444444,0.662818592328607,0.8909921927815849,0.7939226578179512,0.7768710283374396,1.0099237111721948,0.29200619477691614,0.8252437754903184,0.44871794860683756,0.15742416018279576,1.7233920790568678
71,random,30,107,3.5795017086018435,True,14,False,0.00034212495665997267,2.70805020110221,0.22004004217769474,1.401869158747489,0.22997298994915427,0.18356545960997672,0.3,0.0,0.0,4.098889539613953,0.4938948704553719,0.6830624801476164,0.54088253241611,0.4566142338195159,0.5360617221607246,0.5360617221607246,3.108577029812277,0.2012000851440419,0.2801438593375422,0.13619988948636427,0.40380045205530085,0.5135126749368889,0.5302933665787379,0.5366525570613911,0.5371337015652756,0.5363041420758197,0.18997014093320597,0.2681799939093352,0.1,0.1,0.9999999996666666,0.6534694731348737,0.8726681778596382,0.8187307530779818,0.7757798870138336,1.015545793976455,0.2801438593375422,0.8461121803427349,0.5999999998333333,0.18045153104181869,1.906707570555429
72,random,27,100,3.7198344275189617,True,11,False,0.00029450003057718277,2.4849066497880004,0.3003331483265942,1.7099999998461,0.25394463125902783,0.2045755968169083,0.25925925925925924,0.0,0.0,4.589807528613018,0.4656681755296411,0.6429305776099948,0.5378943038283287,0.45946033618320586,0.5162137344621177,0.5162137344621177,3.265030730490135,0.3641044279013476,0.28316608996895554,0.12953399031147078,0.36999656654816737,0.48959998352001016,0.5400546736219973,0.5474421562290813,0.5475477201388418,0.5473447126200717,0.21165535118915305,0.24373198202794555,0.1111111111111111,0.1111111111111111,0.6666666664444444,0.649327596693783,0.8785047272594462,0.8007374029168081,0.7701335197503507,1.0447655023489675,0.28316608996895554,0.8666895895338264,0.4444444443333333,0.17760811076470878,1.771908234600824
73,random,35,138,3.929904343793088,True,22,False,0.0010069160489365458,3.1354942159291497,0.27449222646658616,1.6908212558957034,0.2142454090979583,0.17304593070101268,0.2857142857142857,0.0,0.0,4.227912110651611,0.4861500640997025,0.6736782189928815,0.5380793338347366,0.4577663453470253,0.5312377207142664,0.5312377207142664,3.1499319514065323,0.6857129363851444,0.2711360060773311,0.1119322709063793,0.3561791579013191,0.45189090284937483,0.4795867038853445,0.5032599052438306,0.5101346269621275,0.5000247420822792,0.20425891899524207,0.2267620331878577,0.11428571428571428,0.11428571428571428,0.8333333331944445,0.6758644136055251,0.8941048123582143,0.7956694616416928,0.783418039070542,0.9763553203668647,0.2711360060773311,0.7822813862560702,0.5309523808829365,0.15441774272042597,1.7387875159367638
74,random,37,153,4.135868388944762,True,56,False,0.00337366689927876,4.04305126783455,0.26468570888476284,1.6928104573798823,0.20643395641563847,0.17589239524052838,0.2972972972972973,0.0,0.0,4.505636749823991,0.47027637291032587,0.6817197546533823,0.5380601367779371,0.45419569013576166,0.5260988461445708,0.5260988461445708,3.188849591004419,0.9480442742607373,0.2678690396276382,0.11816787960228514,0.373956212422042,0.4323488916964566,0.4757048697812003,0.5282637479521641,0.5289750444048147,0.5279871326650223,0.19838753805228512,0.24483540397642,0.10810810810810811,0.10810810810810811,0.8333333331944445,0.6776422714849941,0.8885468711973609,0.8055611076677214,0.7857054651178073,0.9646931272591597,0.2678690396276382,0.7894336282703537,0.5247747747053304,0.159217668684607,1.7412951112879294
75,random,33,144,4.37359128992107,True,11,False,0.0005036249058321118,2.4849066497880004,0.269494554311806,1.604166666544126,0.2367196726616064,0.19521003611476995,0.30303030303030304,0.0,0.0,4.776767883956784,0.4557486369568545,0.6623146017483746,0.5389169372878055,0.45441672013152085,0.515720826911198,0.515720826911198,3.2669525875852647,0.9563054462123569,0.28877212649754647,0.11525062252150153,0.35555785333726975,0.4689911546684966,0.4987127309121087,0.5243499140722465,0.5332337706989758,0.5193527447197113,0.21021665804998674,0.22558942147186567,0.12121212121212122,0.12121212121212122,0.6666666665555555,0.6672392776642427,0.8911427754680142,0.7847231940537559,0.7756190390486373,1.0163752284358196,0.28877212649754647,0.8134418524607288,0.45454545448989897,0.15945005316479646,1.7162094866129707
76,random,35,157,4.492844945193799,True,14,False,0.0005395000334829092,2.70805020110221,0.27308594801900254,1.7834394903133326,0.2503867226966448,0.1970653202902813,0.2571428571428571,0.0,0.0,4.558953517640095,0.4673468539998444,0.6534592956677694,0.5371869596117048,0.46106181824691556,0.5202423157325876,0.5202423157325876,3.2352514163559505,0.8288374747092565,0.2723233050347201,0.1268822081895157,0.3979717862399199,0.46368121104880505,0.5055428753159693,0.5408350654941013,0.5511270147226588,0.535991795268898,0.2151317501515426,0.25574474625066945,0.11428571428571428,0.11428571428571428,0.8333333331944445,0.6642122362607106,0.880837421921297,0.7956694616416928,0.7750179710299696,1.019476240699559,0.2723233050347201,0.8297433456009057,0.5309523808829365,0.16812187268822623,1.8011409042067887
77,random,38,179,4.707975644552603,False,45,False,0.003224999993108213,3.828641396489095,0.2658510982539676,1.627560521300098,0.19870965921860095,0.18422139611728153,0.2894736842105263,0.0,0.0,4.8297163135253705,0.45301568679763754,0.6860070904713153,0.5386905553731091,0.45717798202607024,0.5218059783955126,0.5218059783955126,3.220451768442872,0.49913289891437695,0.275616040323428,0.11071750887601252,0.36712451457995954,0.4265806160634076,0.48878125440667064,0.5256861699805546,0.529662293485386,0.5242891536139922,0.18734554899953196,0.22302525874748547,0.10526315789473684,0.10526315789473684,0.6666666665555555,0.6716903487601565,0.8951915968940873,0.8101577349324267,0.7868372211218924,0.9589355413642853,0.275616040323428,0.798460726646831,0.4385964911725146,0.15221306752116778,1.6648863256639415
78,random,28,136,4.849120450869645,True,19,False,0.0010201249970123172,2.995732273553991,0.29881864025651583,1.7156862743920607,0.28638591331593377,0.22029640793764876,0.2857142857142857,0.0,0.0,5.108933356447754,0.4391293517553954,0.6264032735058694,0.5378394690383309,0.4546753183865719,0.5000912873592043,0.5000912873592043,3.392053628126181,0.3006701798548135,0.30165205520003624,0.12839354076630968,0.4026430368191408,0.47111035170883586,0.5351807959032798,0.565680150292573,0.5714870155439238,0.5607335613747557,0.1928858401947136,0.23954698999270185,0.10714285714285714,0.10714285714285714,0.9999999996666666,0.6513890759111622,0.8795071890959916,0.8071177470053893,0.7732838151546828,1.0284365434660587,0.30165205520003624,0.8662423310982448,0.6071428569761904,0.1681260916591128,1.9431633349335842
79,random,30,152,5.076021972080976,False,17,False,0.0010871250415220857,2.8903717578961645,0.28138622686474113,1.710526315676939,0.23066159214727963,0.22573233773688955,0.3,0.0,0.0,4.945627626125767,0.44714581996661396,0.6618572851430226,0.5378892279059687,0.4520186683727294,0.5114344361145522,0.5114344361145522,3.3022461521128617,0.099687026775011,0.2959220970144515,0.12010248570998663,0.3987155363959437,0.4742106782993339,0.532011915640644,0.5469136798073377,0.5499728267408233,0.544698435476193,0.1816186911380854,0.2212646196129171,0.1,0.1,0.9999999996666666,0.6527364374851016,0.8868295447041447,0.8187307530779818,0.7796620064483518,0.9955791079449762,0.2959220970144515,0.8508734283288342,0.5999999998333333,0.15814801128295503,1.9049435364595741
80,random,37,123,3.328163434758011,True,16,False,0.0005889999447390437,2.833213344056216,0.2548290229489224,1.5040650404995923,0.27415497411942896,0.15111986217077256,0.2972972972972973,0.0,0.0,4.001230749754814,0.4999230899724488,0.6461938524147772,0.5398877717883661,0.45094268132195825,0.5261736800702347,0.5261736800702347,3.184889703517398,0.0494572772669251,0.27156973809446144,0.12254270478100664,0.40160854340618724,0.4484226713150876,0.47820984711639264,0.49140603649760706,0.4975050427020362,0.48903420075144016,0.19074575105845837,0.2536576721857009,0.10810810810810811,0.08108108108108109,0.49999999991666666,0.6764939375493559,0.8846681245782645,0.8503033063369505,0.7983733876707021,0.9007155414275563,0.27156973809446144,0.7715993031298107,0.3310810810394144,0.15924466315848937,1.533494785422176
81,random,38,135,3.54707522529991,True,11,False,0.0005195420235395432,2.4849066497880004,0.28981596520803715,1.5950617282454018,0.21255084782185507,0.1591367486889554,0.2631578947368421,0.0,0.0,4.4086383495574335,0.4757012769148919,0.6694883027460086,0.539005097059618,0.45704677050610065,0.5260325903883122,0.5260325903883122,3.187598679069053,0.17206051157343125,0.26209859564697324,0.11452820542913594,0.3472854725008417,0.44218059067683835,0.4611543229117568,0.48290714647302124,0.4847480792793196,0.48226033224378123,0.1873518927491791,0.24194433398938453,0.10526315789473684,0.10526315789473684,0.6666666665555555,0.6843904058041054,0.8917867848344291,0.8101577349324267,0.79076027288551,0.9390416971655748,0.26209859564697324,0.7494458693355621,0.4385964911725146,0.15899197942157878,1.6091329355766288
82,random,25,94,3.7621555791284247,True,6,False,0.00029441702645272017,1.9459101490553132,0.33125198998926475,1.5957446807095972,0.23622762202457126,0.20034393809105747,0.28,0.0,0.0,4.210025542351431,0.4872092028661778,0.6428656787305054,0.5389984832812577,0.456948984451434,0.5230796365129867,0.5230796365129867,3.2101287438295407,0.4239231280558663,0.2935036786945951,0.11450858946838018,0.40142215449895796,0.48682814292689724,0.4975672339215305,0.49947273746995474,0.49998686083944943,0.49891577048633545,0.20364841714964255,0.21604162081278444,0.12,0.08,0.3333333332222222,0.6677496524689576,0.8918042782605775,0.8521437889662113,0.7976248972312007,0.9044673775024288,0.2935036786945951,0.7982157069439185,0.24666666661111109,0.14637244842976013,1.4847585006793849
83,random,24,94,3.917769322594457,True,5,False,0.00020837504416704178,1.791759469228055,0.30214763691245256,1.6170212764581258,0.3023296477318751,0.21387755102032086,0.2916666666666667,0.0,0.0,4.7453889365246384,0.4573838887021044,0.6174214337018001,0.5387925199116916,0.45570091139293717,0.5048714594005861,0.5048714594005861,3.352230379359167,0.6666123906310072,0.3076042827735012,0.11166461770492721,0.3869743342275624,0.44018632190736745,0.5310184721760964,0.5503322116250231,0.5515658160145551,0.5488840673416593,0.20897314291115748,0.20395270350142414,0.125,0.125,0.9999999996666666,0.6531599834838445,0.894344154402579,0.7788007830714049,0.7691012913245712,1.0501303944192584,0.3076042827735012,0.8584278637163973,0.6249999998333333,0.15044135178242252,1.9414734981056545
84,random,34,140,4.120381975193834,True,27,False,0.0012047080090269446,3.332204510175204,0.29833247821731756,1.4571428570248979,0.2022204150903086,0.1881974654813338,0.29411764705882354,0.0,0.0,4.526423585226761,0.4691298713953841,0.6726596614253112,0.5403440511488389,0.45514452640479325,0.5236960102186694,0.5236960102186694,3.202924785669177,0.9347303330322655,0.28213451669998396,0.12742975886594368,0.4108690523047679,0.46920560526172345,0.49495780679957574,0.5061720612944134,0.511043632086184,0.5036624642198648,0.20597318456557856,0.2542109073542833,0.11764705882352941,0.11764705882352941,0.49999999991666666,0.668915199781332,0.8803552508137057,0.7903383629814982,0.7749625138480456,1.01976247492126,0.28213451669998396,0.799537133588177,0.36764705878186277,0.16313495996263536,1.612453669032659
85,random,37,160,4.320862820577136,True,9,False,0.0005131249781697989,2.302585092994046,0.2738454298192381,1.5416666665478298,0.2623883345007617,0.18429827220367015,0.2702702702702703,0.0,0.0,4.976622171684873,0.44560191166531155,0.6466260413083613,0.5395226829375321,0.45961204803005634,0.5097186766253294,0.5097186766253294,3.3126557206927183,0.9872554440878022,0.28689842632874313,0.10797753958689972,0.3993117298105804,0.4465688369883448,0.4858752234844371,0.49485708462514494,0.4997259014435633,0.4929636558624267,0.18179567655251344,0.2097735278956825,0.10810810810810811,0.10810810810810811,0.49999999991666666,0.6730040209264407,0.8976477577434758,0.8055611076677214,0.7865760159944394,0.9602636355910033,0.28689842632874313,0.7787526849351379,0.35810810806644144,0.1393233263123651,1.5630825456426876
86,random,32,142,4.436100870865498,True,29,False,0.0016183340921998024,3.4011973816621555,0.28008147863200616,1.5023474177275231,0.2311864707804877,0.19713189254692037,0.28125,0.0,0.0,4.8206396038860495,0.4534818538825401,0.6619870708003739,0.5399044606587315,0.4579688240353094,0.5161173338605025,0.5161173338605025,3.262047662683894,0.8981837609324048,0.2923875680120724,0.11614129660156068,0.3841397320867361,0.4660994328590495,0.4937402327070095,0.5148753225359802,0.5227110195339069,0.5100727985695089,0.21131762297229686,0.22158478099740697,0.125,0.125,0.8333333331944445,0.6694604443958534,0.8903494110632766,0.7788007830714049,0.7742904906901474,1.0232326541466634,0.2923875680120724,0.8040072997180738,0.5416666665972223,0.15173835694384943,1.789799891271218
87,random,27,127,4.702220745243833,True,27,False,0.0012437079567462206,3.332204510175204,0.1951104203541082,1.4173228345452291,0.24341081141757936,0.21511158913680692,0.2962962962962963,0.0,0.0,4.4355794021367965,0.47418201042441377,0.6836359370962991,0.5407318732815966,0.4571989364479471,0.5292063619767179,0.5292063619767179,3.1603390264033107,0.508065958064704,0.3012170762765719,0.11536663878857902,0.3912787857428652,0.4824269696798512,0.5209458790415971,0.5406398387152377,0.5457460780442377,0.5359263870269302,0.19436662388351147,0.2118285905952948,0.1111111111111111,0.07407407407407407,0.3333333332222222,0.6574855908943559,0.8910393944068297,0.8623033568332588,0.7964302380979994,0.9104629510703544,0.3012170762765719,0.8398574543700938,0.24074074068518517,0.1519884128229601,1.533803684154811
88,random,25,123,4.922133436294949,True,6,False,0.00033650000113993883,1.9459101490553132,0.2698348821040844,1.558265582550253,0.217243542176258,0.24661399548525773,0.28,0.0,0.0,4.6912123742856435,0.4602349853784089,0.6734946604163035,0.5393616746375962,0.4525150634800797,0.5195758326135286,0.5195758326135286,3.236338940149259,0.21913283672857542,0.3103732674471851,0.130211222999108,0.4327316015805849,0.5079331158610654,0.5293239662093777,0.5501135530233796,0.5555642880707224,0.5442085900554249,0.2066705623174768,0.2335520733541805,0.12,0.12,0.9999999996666666,0.6538836911570974,0.8779099765569421,0.7866278610665535,0.7671964856263278,1.0600493395666344,0.3103732674471851,0.8560483833004368,0.6199999998333333,0.15965674894932036,1.9460783995302755
89,random,34,174,5.112277876215295,False,35,False,0.002243791939690709,3.58351893845611,0.2580737795854728,1.498084291090163,0.18395396871210143,0.2077051926297841,0.29411764705882354,0.0,0.0,4.84317346712944,0.4523263073904656,0.6979850248552847,0.5399458867665995,0.4553048444728654,0.5238417088497312,0.5238417088497312,3.2025492351157925,0.08085015146525742,0.2846535582508447,0.12105911386371321,0.39488236383809644,0.47362524457714317,0.5042972826330846,0.5166333138212817,0.5214742497776385,0.514139498328613,0.20799304916957656,0.23648826236478926,0.11764705882352941,0.11764705882352941,0.6666666665555555,0.6647622192400858,0.8859815842502127,0.7903383629814982,0.774999392931161,1.019572126586318,0.2846535582508447,0.8146122018361196,0.45098039210130714,0.1591304768253448,1.7093766290136163
90,random,31,105,3.4017978068973664,True,10,False,0.0003031250089406967,2.3978952727983707,0.3535943643897272,1.7714285712542401,0.3137230152923749,0.17448635387912467,0.22580645161290322,0.0,0.0,4.535390705828833,0.46863701239456945,0.5977158790341266,0.5373025174269573,0.4647361533719293,0.5068108992706025,0.5068108992706025,3.339663284967408,0.0780624712353941,0.2761689464028528,0.1185016334062352,0.38008830480055855,0.45142604384184626,0.47461916750557337,0.5161501981805213,0.525221731696136,0.5101025091701116,0.22495417825482306,0.23840700626131328,0.12903225806451613,0.12903225806451613,0.6666666665555555,0.6781411920011683,0.8882503647819353,0.7725453888611077,0.7749253024914006,1.0199545474390177,0.2761689464028528,0.7889328111595398,0.4623655913422939,0.15567435976526844,1.6831417086699552
91,random,32,114,3.549748115672598,True,8,False,0.000320291961543262,2.1972245773362196,0.3017793180405509,1.6842105261582025,0.2633220078242182,0.1822335025380248,0.28125,0.0,0.0,4.563509425730355,0.4670982188659005,0.6374895767761064,0.5381431414141562,0.45525282853926147,0.5137020719950107,0.5137020719950107,3.2840779145662315,0.17434183743672685,0.2851495610763937,0.12134564596572352,0.36825654524775364,0.4656720252121446,0.5052925090727927,0.5220272809516168,0.5254679295275474,0.5199184963405625,0.21970663480992433,0.23808705039609146,0.125,0.125,0.8333333331944445,0.6643227106842942,0.8857277584508915,0.7788007830714049,0.7709660337744845,1.040443839410405,0.2851495610763937,0.821232808251082,0.5416666665972223,0.16534320108821537,1.8133922370129134
92,random,29,111,3.8173105184783465,True,9,False,0.0003101250622421503,2.302585092994046,0.24485065596233446,1.4804804803515499,0.22745440831257974,0.18735362997652594,0.27586206896551724,0.0,0.0,4.180180461497259,0.4889867673246735,0.6759822780443623,0.5401170157350904,0.4609167921571811,0.5340947584829696,0.5340947584829696,3.1246974793625073,0.5073367711805997,0.27606898555198345,0.12057368188637574,0.3921804575254505,0.4600525816995436,0.4816183985515417,0.4952314204737852,0.4963404964911138,0.494360003603027,0.18163835021204253,0.24533961156685358,0.10344827586206896,0.10344827586206896,0.9999999996666666,0.6749376229247821,0.8864117724476458,0.8131037598190377,0.7864691784500302,0.9608069768515929,0.27606898555198345,0.7746436963414449,0.6034482756954023,0.15801460910248608,1.8121755666913166
93,random,29,114,3.9436860974402452,True,8,False,0.00028024998027831316,2.1972245773362196,0.18945021873159712,1.4415204677140232,0.23516779589729472,0.20568647540978338,0.3103448275862069,0.0,0.0,4.122090131886102,0.49248406937724104,0.6907003694054997,0.5404961371252999,0.45223396542869915,0.5358151851049988,0.5358151851049988,3.1111317044904028,0.7071948516302925,0.29256306575291796,0.11419099859154577,0.4040908733874411,0.43319276565655956,0.5081086357210092,0.5321905818552239,0.5334506454222298,0.5312005319097193,0.181422366134907,0.21807427335793217,0.10344827586206896,0.10344827586206896,0.6666666664444444,0.6630822052961136,0.8920875521434943,0.8131037598190377,0.7835022968724451,0.975925137410765,0.29256306575291796,0.8195595181823478,0.43678160908429114,0.1485154975081855,1.6974196905277423
94,random,38,160,4.203623507856277,False,45,False,0.0031052089761942625,3.828641396489095,0.2964488900814604,1.6624999998683854,0.254664406821222,0.17258637391020784,0.2894736842105263,0.0,0.0,4.471496250127769,0.47217160722223905,0.643749031028337,0.5383528005941889,0.4559665630935501,0.5175073046965125,0.5175073046965125,3.254167715245194,0.9890551113378528,0.2788886112484064,0.12757571209237345,0.3912372461087801,0.47640620495746344,0.4942590712380049,0.5056872979488404,0.5061365176532141,0.505529463998655,0.1868971647381471,0.2543459260768939,0.10526315789473684,0.07894736842105263,0.33333333327777775,0.6692279934907757,0.8802267695008043,0.8539396656235352,0.795301776875985,0.9161345661432971,0.2788886112484064,0.7938270113969619,0.2456140350599415,0.16703450959432586,1.4853641672996356
95,random,24,106,4.395834537932805,True,11,False,0.00041508302092552185,2.4849066497880004,0.23691582642032538,1.5094339621502313,0.22071973503882694,0.23677335075106573,0.2916666666666667,0.0,0.0,4.4918440240207165,0.4710402108994556,0.6827697803912296,0.5398356125989162,0.4545391075662402,0.5267863456914025,0.5267863456914025,3.1803315125019758,0.9381095185479209,0.3044012331919955,0.12972365169194566,0.43093779416374767,0.5046595079947964,0.5327627359237282,0.5351789357121598,0.5356401287073029,0.5346375352396004,0.2186115905902998,0.23730078925348952,0.125,0.125,0.6666666664444444,0.6524166960500539,0.8783381246396613,0.7788007830714049,0.7641953545420747,1.0757272860913414,0.3044012331919955,0.8550051014273831,0.4583333332222222,0.16179590785209302,1.7795355756936937
96,random,33,151,4.580506015745966,False,47,False,0.0022726659663021564,3.871201010907891,0.30972805003784953,1.6754966886196658,0.2304245432275944,0.20029895366214492,0.2727272727272727,0.0,0.0,4.972412462367161,0.4458109808011093,0.6528063076344115,0.5382272715737758,0.4570916121520035,0.5104808464971717,0.5104808464971717,3.309083005116008,0.7006877766376388,0.28201542456632434,0.12030002975301947,0.3773629785269193,0.47357030421174784,0.49276895816808214,0.5304312329196927,0.5466104639193612,0.5213304154823792,0.21632597492267802,0.2377375420372707,0.12121212121212122,0.12121212121212122,0.9999999998333333,0.6698960308145706,0.8866543741129259,0.7847231940537559,0.7753410027128644,1.0178093664212025,0.28201542456632434,0.8120660683585981,0.6212121211287879,0.16042434903013608,1.875717963083846
97,random,34,160,4.709995547174153,False,41,False,0.002629666938446462,3.7376696182833684,0.25583469053202423,1.6999999998795834,0.1646807248753537,0.19966914805621178,0.2647058823529412,0.0,0.0,4.9675647704933805,0.4460519775849834,0.7112573025010934,0.5379907645505938,0.4607322847888976,0.5267690912658024,0.5267690912658024,3.183885809457028,0.49600790799183814,0.2743391908524054,0.11144159544354122,0.36229197984196837,0.4400384834937906,0.46148668469102194,0.5109877075629705,0.5228769365602773,0.5048629532310245,0.20378107241136956,0.2277115043703779,0.11764705882352941,0.11764705882352941,0.6666666665555555,0.6842347661972805,0.894543635301865,0.7903383629814982,0.7850064830003591,0.9682532054200577,0.2743391908524054,0.7679258065753496,0.45098039210130714,0.14968668544903652,1.6429320749780985
98,random,30,147,4.8990562259199955,False,25,False,0.0015996670117601752,3.258096538021482,0.252801417344191,1.564625850233699,0.1884611708121756,0.20499890374913285,0.26666666666666666,0.0,0.0,4.798255484260877,0.4546355816963448,0.697058129218181,0.5393000059582362,0.46206524602819243,0.527082472431214,0.527082472431214,3.179076250072348,0.24314368831938282,0.2803794918051003,0.10887567060364205,0.3609813162115061,0.41630381833727464,0.49608792029590626,0.543430234184597,0.5492725849228034,0.5391995664086544,0.18238453630725363,0.21144810018078575,0.1,0.1,0.6666666664444444,0.6684099152422895,0.8968419143807652,0.8187307530779818,0.7887995026356832,0.948972419806801,0.2803794918051003,0.8133991714650182,0.43333333322222223,0.15002220765179397,1.6771342041441346
99,random,37,189,5.098152942031021,False,49,False,0.0036933330120518804,3.912023005428146,0.22709585328775383,1.4356261021990862,0.2294516728560292,0.2014379414732339,0.2972972972972973,0.0,0.0,4.787130076430751,0.4552111969673678,0.6809164018191664,0.5405535417815052,0.45515225264567555,0.5205803958836154,0.5205803958836154,3.226405353067951,0.08781873214263154,0.2960679400246721,0.12137894841525564,0.3805154739611638,0.4898442642819749,0.500005951081507,0.5164291200176292,0.5236153520367712,0.5136344742324073,0.18458070444151353,0.2279915001001096,0.10810810810810811,0.10810810810810811,0.8333333331944445,0.6666640217520458,0.8856982620380707,0.8055611076677214,0.780603391086615,0.9907523150077606,0.2960679400246721,0.8043656872007,0.5247747747053304,0.15831564724597205,1.7835240491766746
100,random,29,96,3.30886545133279,True,13,False,0.00030833296477794647,2.6390573296152584,0.3060286740876666,1.6111111109488812,0.2996705401498617,0.18413886997951526,0.27586206896551724,0.0,0.0,4.240237297137597,0.48542291389951553,0.6176296677713436,0.5388497161681213,0.45566716338582136,0.5150294364057083,0.5150294364057083,3.272443444534699,0.043610008900493005,0.29011954218374847,0.10287306960240919,0.35349602790323625,0.4436692506835943,0.48532934938999417,0.5129130788131123,0.5148252993987862,0.5114106197815114,0.17521323267719627,0.19667008989063528,0.10344827586206896,0.10344827586206896,0.6666666664444444,0.6732513569537202,0.9022414880844761,0.8131037598190377,0.7904638259419556,0.9405415323670626,0.29011954218374847,0.7855891969658494,0.43678160908429114,0.14149407708015807,1.653984425314047
101,random,37,130,3.510820503263876,True,13,False,0.00048708298709243536,2.6390573296152584,0.27689933418857776,1.80256410239309,0.2611964495585699,0.16267739885614008,0.2702702702702703,0.0,0.0,4.053295498664469,0.4966910751832398,0.6463163681435261,0.5370030630520813,0.4559404483559662,0.5270031499322917,0.5270031499322917,3.1839464843984677,0.14320825264999154,0.26639887532736395,0.1188709405391004,0.3939968520400934,0.43604008982783693,0.4858454200844711,0.5327534385997289,0.5443272824883478,0.5282524993097104,0.20069646795301666,0.24051902106589074,0.10810810810810811,0.10810810810810811,0.6666666665555555,0.6730175201826509,0.8879223881522332,0.8055611076677214,0.7837302726427361,0.9747614261649157,0.26639887532736395,0.8023962563725897,0.44144144138588587,0.15604329422453248,1.666279867310372
102,random,31,116,3.7342707289693355,True,15,False,0.00039791606832295656,2.772588722239781,0.3132842912572958,1.7816091952435922,0.24568146904387148,0.19381391868291498,0.2903225806451613,0.0,0.0,4.467040374156198,0.4724200928826478,0.643356104402386,0.5372045657866026,0.4536795797227345,0.5166260959219524,0.5166260959219524,3.2631198448348995,0.3840304352859832,0.28684374474022445,0.12762950791748923,0.3786637633125238,0.4972279192936666,0.5171973866647646,0.5304164850777665,0.53566437326591,0.5269178929523375,0.23248434299204995,0.24397502486264733,0.12903225806451613,0.12903225806451613,0.8333333331944445,0.659110020086633,0.8801794182491112,0.7725453888611077,0.7652753228130486,1.0700784379524253,0.28684374474022445,0.8405267149516603,0.5456989246617383,0.17053126193524487,1.8436006462888679
103,random,26,102,3.907058383262716,True,18,False,0.0006837919354438782,2.9444389791664403,0.32338083335430046,1.869281045592806,0.27074481177436227,0.205676243868183,0.2692307692307692,0.0,0.0,4.433126712734328,0.4743199214545009,0.6271543220062956,0.5363625174282112,0.45955188002805364,0.5151417836626438,0.5151417836626438,3.276197430858877,0.6496452106871159,0.29150514675164435,0.10922413007895929,0.3738887551036764,0.45423210436471423,0.4875021112361141,0.5295471625004053,0.5413883453953823,0.5177059796054284,0.19835374319788,0.20838538998662903,0.11538461538461539,0.11538461538461539,0.9999999996666666,0.6722679534007518,0.8965294557605827,0.7939226578179512,0.7821590167605623,0.9827888463299738,0.29150514675164435,0.8018641282857868,0.6153846152179487,0.14480841625733937,1.8535623065127191
104,random,36,151,4.194320870264634,True,24,False,0.0009989159880205989,3.2188758248682006,0.28306901021806746,1.6688741720528046,0.255926169705788,0.18539599934945755,0.2777777777777778,0.0,0.0,4.6891698419423085,0.460343171184449,0.6472467702435188,0.538291228090215,0.4584977048581747,0.51502651429737,0.51502651429737,3.2735031217129507,0.985174199816835,0.28270529432474484,0.12174942193220274,0.37102710040815623,0.470181055067193,0.49891411744495273,0.5437464197158595,0.564270803394561,0.5349502552821304,0.20141057079345476,0.23856091945291702,0.1111111111111111,0.1111111111111111,0.8333333331944445,0.6671496307637684,0.8853701950617949,0.8007374029168081,0.7791350723744287,0.9982834193744641,0.28270529432474484,0.8211399700012462,0.5277777777083333,0.1638609650853715,1.7954840071196958
105,random,27,117,4.349701427403941,True,7,False,0.0003405829193070531,2.0794415416798357,0.22255071051777878,1.307692307591716,0.30162248182354184,0.22185175686067662,0.2962962962962963,0.0,0.0,4.644752164667121,0.46270846448887476,0.6414276602281083,0.5418024880049181,0.4559134479951818,0.5133881542346405,0.5133881542346405,3.279746083449282,0.9725232375370153,0.31910221552142193,0.10905971647312449,0.41263411484154866,0.46517012481973363,0.4915258651430251,0.5122449673088112,0.5172964533765573,0.5075820570924303,0.1731585475064147,0.19436194100133286,0.1111111111111111,0.07407407407407407,0.3333333332222222,0.6704543470348121,0.8966768695192231,0.8623033568332588,0.8033197015128795,0.8760100365112334,0.31910221552142193,0.7909379856740344,0.24074074068518517,0.1328819018236678,1.4836628437043093
106,random,34,154,4.520516591524653,False,67,False,0.0036849169991910458,4.219507705176107,0.25438196002030894,1.5454545453408108,0.2142808025482831,0.19313984168862036,0.2647058823529412,0.0,0.0,4.816305288486167,0.45370479686358883,0.6805723415597507,0.5394859323190972,0.4609214370277437,0.5221054074055423,0.5221054074055423,3.2166816867724903,0.790568401108621,0.2825341747816208,0.12292330056745929,0.40867115622450984,0.47166213677894536,0.48942122109430897,0.5374254407615883,0.5590280879963748,0.5262968043073041,0.21092406547893908,0.23978529217077127,0.11764705882352941,0.08823529411764706,0.33333333327777775,0.6714017403789098,0.8843314876829966,0.8382234324229999,0.792475387607673,0.9303753163626667,0.2825341747816208,0.8108649578448379,0.25490196075653593,0.15539035048908642,1.503691443872081
107,random,35,165,4.711062912977922,False,59,False,0.0035795419244095683,4.0943445622221,0.26732395271358345,1.626262626147638,0.2102527374355007,0.19524777239327884,0.2857142857142857,0.0,0.0,4.53644320196241,0.46857923204836127,0.6785082075798876,0.5387031100979798,0.4576713573100055,0.5259736146914347,0.5259736146914347,3.1886075851670825,0.49435885457320144,0.2834547965993411,0.1093308864736719,0.37448081863348215,0.4510399095091031,0.46646063087719725,0.510765357912332,0.5253483947536939,0.5039027523399267,0.19351667374341908,0.21515885428218606,0.11428571428571428,0.11428571428571428,0.6666666665555555,0.6819139763757769,0.896433750616791,0.7956694616416928,0.7864301595325661,0.9610054328706352,0.2834547965993411,0.770222478269218,0.447619047563492,0.1429004603606605,1.6441967827927115
108,random,28,137,4.884859032173672,False,19,False,0.0010462909704074264,2.995732273553991,0.3008680853156336,1.7031630169155996,0.22115501185824898,0.2254667304930049,0.2857142857142857,0.0,0.0,4.9165613485724435,0.448603429464477,0.6608718866903063,0.5379602501190723,0.45400136235136196,0.5124824619180276,0.5124824619180276,3.293925753143359,0.2587301728461321,0.2952380463300876,0.11594857076722778,0.3722912634024897,0.45463682495700136,0.5214199846432082,0.543157473234241,0.5461784062548202,0.5405840858463402,0.19081299144837388,0.2193217560941252,0.10714285714285714,0.10714285714285714,0.6666666664444444,0.6572807049294231,0.8905210209326679,0.8071177470053893,0.7788323551942162,0.9998378404868963,0.2952380463300876,0.8407019691224221,0.44047619036507935,0.15876521572634,1.735181421543929
109,random,27,136,5.049187864583649,True,7,False,0.0003998749889433384,2.0794415416798357,0.25172415834545486,1.6544117645963992,0.26989850513735947,0.23946886446880963,0.2962962962962963,0.0,0.0,4.734434083837393,0.457957546145066,0.6494935482904177,0.5384309506898705,0.45237664624663515,0.5124286609482152,0.5124286609482152,3.293471109372288,0.11572133748280816,0.3094574310621705,0.12651712254786132,0.42551383311906366,0.5077344092131144,0.5186866802449164,0.5685917661315021,0.5852801925442753,0.553187064827404,0.1938211748436664,0.22638102177221198,0.1111111111111111,0.1111111111111111,0.6666666664444444,0.6584636666720034,0.8811590617261371,0.8007374029168081,0.7745071195950021,1.0221137014569326,0.3094574310621705,0.851437857021584,0.4444444443333333,0.15480063219198234,1.7601403646090703
110,random,31,105,3.3984635375068195,True,10,False,0.0002922919811680913,2.3978952727983707,0.31030020652914253,1.8698412696572535,0.2851864038308162,0.17173699705588102,0.25806451612903225,0.0,0.0,4.333788978610978,0.47997375626694755,0.6236484447297678,0.5363571452180205,0.4579694043693232,0.5156217955108999,0.5156217955108999,3.2724819611384923,0.07652784026044776,0.27701915578263375,0.11647110339550176,0.321395853795001,0.4670309512451757,0.47743116863857293,0.5142394818693684,0.5273898164136092,0.505472592173208,0.22698827441825345,0.2342009338225426,0.12903225806451613,0.0967741935483871,0.49999999991666666,0.6768504829375452,0.8900558161959786,0.8240299628128845,0.7918039483456019,0.9337658260363988,0.27701915578263375,0.7912979781778205,0.34677419350672045,0.1655893863345801,1.5806807138017547
111,random,25,89,3.5514010917314307,True,15,False,0.0003729170421138406,2.772588722239781,0.21954083727911183,1.498127340683696,0.21355500053336837,0.19661296984708937,0.28,0.0,0.0,4.212793095036437,0.4870450227727615,0.6933480259332261,0.5399454684087343,0.4606221753099667,0.5378011728013327,0.5378011728013327,3.0973525372172013,0.17576342086707797,0.2802943035651934,0.11750442788612157,0.35436996650613006,0.4845611489684105,0.5125986096727806,0.5336681573287008,0.5390408206100533,0.5278477721072357,0.2214914364220344,0.22711337103828289,0.12,0.12,0.6666666664444444,0.66111392249417,0.8891365747422323,0.7866278610665535,0.7732822372297219,1.0284447056804829,0.2802943035651934,0.8348055474426396,0.4533333332222222,0.1640124010454838,1.732445585275539
112,random,35,130,3.7217994167430892,True,15,False,0.0005182500462979078,2.772588722239781,0.27651917360683365,1.5256410255041093,0.24083183853987025,0.17208814270720416,0.2857142857142857,0.0,0.0,4.42769242037174,0.4746257694847818,0.6576910385446723,0.5396782217422574,0.45610493963083865,0.5221709072347415,0.5221709072347415,3.215823537869977,0.36678575264900426,0.2785721508189013,0.11359067728988746,0.37128155966352866,0.4418442040368546,0.48417209490037233,0.5250938502412742,0.5330447723416483,0.5213522398410984,0.20096709928416467,0.2255707143765,0.11428571428571428,0.11428571428571428,0.49999999991666666,0.673776311679763,0.8926232520839449,0.7956694616416928,0.7821779003424489,0.9826922759227289,0.2785721508189013,0.7969607948420506,0.3642857142440476,0.1526436618595931,1.5924623217645926
113,random,28,110,3.912681655676399,True,8,False,0.00029483309481292963,2.1972245773362196,0.2667355282763423,1.7818181816669971,0.24490767167121263,0.1931818181817572,0.2857142857142857,0.0,0.0,4.477282500434994,0.4718493219725482,0.6585742731097933,0.537202555423134,0.45795924048080083,0.5220895184279679,0.5220895184279679,3.2210449060600013,0.658563706454903,0.27749116003301133,0.11147613805244296,0.350322542836325,0.43449919360406286,0.4600259135378213,0.5327668978127529,0.5552425266939346,0.5136209917287832,0.18855572556875605,0.22438495346958254,0.10714285714285714,0.10714285714285714,0.9999999996666666,0.6849193502167902,0.8945127359646001,0.8071177470053893,0.7907774694161147,0.9389547107843568,0.27749116003301133,0.7735482938363868,0.6071428569761904,0.15063966997825248,1.8088219808238408
114,random,25,103,4.136441347812449,True,9,False,0.00026995805092155933,2.302585092994046,0.2354688642344281,1.375404530633058,0.28013741811395043,0.22641509433954635,0.28,0.0,0.0,4.661523081752974,0.46181254292639423,0.6490218010778906,0.541140733299022,0.4550885964009589,0.5147626021054423,0.5147626021054423,3.270273694310073,0.9485102577417861,0.31267633467731015,0.11572264423137067,0.37125698382262506,0.4912758514971654,0.5236586750505137,0.5729010279886741,0.5861075029989052,0.5585940133942573,0.20611208818720367,0.20404884989075556,0.12,0.12,0.9999999996666666,0.6563149715712064,0.8907222359910899,0.7866278610665535,0.7718649316221858,1.0357828079992377,0.31267633467731015,0.8616372110916517,0.6199999998333333,0.15397262561145897,1.9482861712137542
115,random,27,117,4.345962701102141,True,14,False,0.0003712499747052789,2.70805020110221,0.25469511836931985,1.4615384614260354,0.2547428475595075,0.21375848833769892,0.25925925925925924,0.0,0.0,4.513240466112298,0.46985633918392794,0.6569494899936691,0.540301274800116,0.45978609982988333,0.5216160779700848,0.5216160779700848,3.218922147173793,0.9747373693149259,0.2994036161671102,0.12205402625963235,0.3659295023633254,0.5205995707068415,0.5375213257473596,0.5679592711208604,0.5766254089286761,0.5599597592982615,0.20336366056486244,0.216246694570998,0.1111111111111111,0.1111111111111111,0.9999999996666666,0.650397482788682,0.8851005485388357,0.8007374029168081,0.7724799078302903,1.0325971141079282,0.2994036161671102,0.8723418764490053,0.6111111109444445,0.16492901959349066,1.9477856231540507
116,random,25,114,4.558273884933426,True,10,False,0.0003077089786529541,2.3978952727983707,0.18575883243400698,1.4619883039866968,0.20874353164940052,0.22697265010995693,0.32,0.0,0.0,4.385235962632762,0.47702891341701686,0.7088751158630844,0.5402968974855847,0.4510648479656327,0.5342991368035263,0.5342991368035263,3.122834133248709,0.734872286940474,0.30073889093232103,0.12475072442341488,0.4155544288467248,0.4917597683447818,0.5347306927660164,0.5379111406555644,0.538245672138752,0.5375487315487779,0.21298791891066787,0.22775443143397034,0.12,0.12,0.6666666664444444,0.6515801141617353,0.8827169149295345,0.7866278610665535,0.7676905562801029,1.0574741889162667,0.30073889093232103,0.8569332428214657,0.4533333332222222,0.1596871297762846,1.7706925967522935
117,random,32,151,4.710312380904958,False,21,False,0.0013308330671861768,3.091042453358316,0.2330251859551355,1.5540838850999323,0.20404824040127056,0.19852798760406767,0.28125,0.0,0.0,4.577937362150122,0.4663125680597615,0.6944292046226433,0.5394022277482484,0.45994420611671843,0.5300743019208741,0.5300743019208741,3.1562460885710735,0.49551824256800026,0.27390253594650843,0.12091965418698716,0.3620967508024894,0.47470386986356194,0.4916313163267747,0.5387985509715144,0.5522621195107842,0.5305466863829296,0.22992662887834073,0.23940585805596837,0.125,0.125,0.49999999991666666,0.6704069491263804,0.8861051515716665,0.7788007830714049,0.773422346688201,1.0277200193535188,0.27390253594650843,0.8185122490321172,0.37499999995833333,0.16411280780859022,1.6315275927455493
118,random,26,129,4.9672254237734785,False,19,False,0.001016375026665628,2.995732273553991,0.1894076235976721,1.4108527130835085,0.16282325774220244,0.23529411764699812,0.3076923076923077,0.0,0.0,4.765047172936466,0.45635806871076084,0.7387019492083164,0.5407949408037873,0.4522070859839139,0.5342002832550486,0.5342002832550486,3.1226528921016476,0.1769509038792601,0.30249514780532677,0.12526128055570127,0.40642679622187716,0.48833523325082095,0.5170260853068827,0.5356224888968062,0.5400703217636577,0.5311746560299547,0.19881014157700352,0.23010097696729814,0.11538461538461539,0.11538461538461539,0.9999999996666666,0.6591844462567087,0.8822663534238014,0.7939226578179512,0.7729088646316351,1.0303765372864626,0.30249514780532677,0.8345398651495366,0.6153846152179487,0.159022776005621,1.9114424041784333
119,random,36,182,5.054238024506673,False,47,False,0.0031520420452579856,3.871201010907891,0.2364553273618822,1.3846153845240914,0.24211097805210308,0.2008823934923203,0.3055555555555556,0.0,0.0,5.0000229920880095,0.4444433090355915,0.6702027605409593,0.5410508400784384,0.4537475930855,0.5131909310174027,0.5131909310174027,3.282671291885158,0.11256109480697789,0.2890785497149925,0.1142258838436448,0.3693229938808839,0.44930422647704765,0.5065865680497377,0.525577871760736,0.5325638137894507,0.5225838966055726,0.1933801172820089,0.22120099049423825,0.1111111111111111,0.1111111111111111,0.6666666665555555,0.6637521010787257,0.8920564319871639,0.8007374029168081,0.7797632879506647,0.9950595242142639,0.2890785497149925,0.8177205332506079,0.44444444438888886,0.1562747092363943,1.7075182365908836
120,random,34,114,3.339907316901158,True,11,False,0.0004155829083174467,2.4849066497880004,0.2800919301435709,1.6900584793641462,0.3113682261256004,0.15949720670386605,0.29411764705882354,0.0,0.0,4.0031757847685565,0.4998015922145181,0.6192534665543917,0.5380866954757274,0.4524655445984888,0.5192986556375035,0.5192986556375035,3.2408400459163698,0.05332561647815575,0.27876864313140476,0.11850168688629836,0.3703685702398411,0.44647647735820434,0.49709200073516757,0.5450558943093882,0.5481597056209981,0.5434569612094678,0.21414156617749086,0.2383650135889861,0.11764705882352941,0.11764705882352941,0.49999999991666666,0.6679616212690578,0.8882503172782509,0.7903383629814982,0.7769027311340564,1.0097604812504954,0.27876864313140476,0.8231553394342344,0.36764705878186277,0.16209819995404467,1.6316692413015466
121,random,30,106,3.537468015054533,True,14,False,0.0003274999326094985,2.70805020110221,0.3626046617368505,1.981132075284799,0.3389694618718252,0.1913419913419361,0.26666666666666666,0.0,0.0,4.592571946319039,0.46551835992639606,0.5839028051192,0.5352920635579502,0.45668672111239733,0.49884457463415105,0.49884457463415105,3.406785579637588,0.16403738748472602,0.30139848748260717,0.11792673049901825,0.3785510109262237,0.48700198761493513,0.5234790173041651,0.5493000845415404,0.5560798238970871,0.5443906181116618,0.1770622065364244,0.21740569798723164,0.1,0.1,0.9999999996666666,0.6563923681532059,0.8887611693164219,0.8187307530779818,0.7816816183091065,0.9852310310587715,0.30139848748260717,0.8423946112090414,0.5999999998333333,0.15814462429567758,1.9019377228206593
122,random,28,105,3.7463956918515255,True,8,False,0.0003226669505238533,2.1972245773362196,0.2609168476714987,1.777777777619753,0.26386421115978737,0.19216847647246063,0.2857142857142857,0.0,0.0,4.351255619674593,0.47896989173417975,0.6498945730171218,0.5372414251156511,0.4569859992195637,0.5220170320595433,0.5220170320595433,3.2215279473528438,0.40115870828609046,0.2857750140126537,0.12317953938226547,0.3854870133902508,0.4631048348597301,0.5108104854222674,0.5447198459291432,0.5481530827364879,0.5417952367969607,0.19354202249061456,0.23872842329196553,0.10714285714285714,0.10714285714285714,0.9999999996666666,0.6618963858465032,0.8841049166600818,0.8071177470053893,0.7787718366716296,1.0001486692501604,0.2857750140126537,0.8315559140094926,0.6071428569761904,0.1640504352806107,1.8885242202789474
123,random,28,109,3.8935379860779205,True,10,False,0.0004451250424608588,2.3978952727983707,0.2300499240763904,1.5412844035377493,0.2404805161934422,0.19857524487972736,0.2857142857142857,0.0,0.0,4.405277835983894,0.4758914670108311,0.673327167788744,0.5395263919938079,0.4580709581280907,0.5274997659942261,0.5274997659942261,3.175490995582811,0.6281298686182534,0.2876764622484842,0.10897077076941633,0.38568877289999715,0.4271532727256311,0.486408088222108,0.5283701291697114,0.5363089469873502,0.5216074325102413,0.18517274867682457,0.2114978027342096,0.10714285714285714,0.10714285714285714,0.6666666664444444,0.6727627546726415,0.8967566286214436,0.8071177470053893,0.7867277650574399,0.9594920156910087,0.2876764622484842,0.7968863399761699,0.44047619036507935,0.14320494086763288,1.6682439334573662
124,random,38,155,4.066236545767188,True,21,False,0.0012821670388802886,3.091042453358316,0.3524586192088956,1.879569892319519,0.28221847050672516,0.17134731603267483,0.23684210526315788,0.0,0.0,4.585854910238522,0.465882552386257,0.6130350966711833,0.5362638707644548,0.4605146567186171,0.508551665149911,0.508551665149911,3.3278827954937427,0.8780945911472493,0.27114083620621554,0.11913717339831857,0.35268877536089793,0.4726230281066562,0.48092411905828103,0.5054826466521337,0.5135441981199405,0.5026502096499312,0.19051119098302494,0.2439044323554005,0.10526315789473684,0.10526315789473684,0.8333333331944445,0.675254043830348,0.8876860255012199,0.8101577349324267,0.7860172064581106,0.9631063773838233,0.27114083620621554,0.781293240130104,0.521929824491959,0.16462534809311014,1.7389892489213887
125,random,35,151,4.325603724417741,True,29,False,0.0015531250974163413,3.4011973816621555,0.31879926175966355,1.7770419424675574,0.2723873517910434,0.18615441722342496,0.2857142857142857,0.0,0.0,4.796558380974038,0.45472329367489317,0.6276664039109942,0.537248504638441,0.45430296319169033,0.5061437576408635,0.5061437576408635,3.345032693137538,0.9852079699884627,0.28022283752916255,0.12637227606330076,0.4092364649958232,0.46760705192815316,0.4921488080080811,0.512503817952821,0.5169376620404218,0.5104173030880677,0.20207125741199805,0.25230547942405357,0.11428571428571428,0.11428571428571428,0.9999999998333333,0.670174445493096,0.8812867037625938,0.7956694616416928,0.7774621537949468,1.0068812464483734,0.28022283752916255,0.798918531337491,0.614285714202381,0.16175691062935568,1.8551839936983903
126,random,24,109,4.538314695493575,True,26,False,0.0007111249724403024,3.295836866004329,0.27852260117989375,1.6880733943715176,0.28553264868788936,0.2275759822089594,0.2916666666666667,0.0,0.0,4.630443948364306,0.46347557830534364,0.632877587857882,0.5381058546956518,0.4535940760108274,0.5105104641291393,0.5105104641291393,3.309076547607317,0.7647471097986108,0.3054282931064918,0.13059935882220008,0.4000486642172238,0.49584829154814436,0.5278617807085981,0.5834740472983924,0.5987922648750569,0.5654917918823079,0.22295349288257818,0.2355867630912578,0.125,0.125,0.9999999996666666,0.6545094671693508,0.8775692943653489,0.7788007830714049,0.7647883149423844,1.0726247785057805,0.3054282931064918,0.8753371775784389,0.6249999998333333,0.16678770185020514,1.972553172368469
127,random,26,123,4.714027092603134,False,19,False,0.0008684580679982901,2.995732273553991,0.26725044609656257,1.55013550124579,0.18956331566221724,0.2241226776761356,0.3076923076923077,0.0,0.0,4.855717062348394,0.4516856141448657,0.6911470276042613,0.5394405238366299,0.4518069461756146,0.5205389147893125,0.5205389147893125,3.228785251741311,0.4897877015877324,0.30038576575836073,0.12162759180448833,0.3980528981596056,0.4797862569945013,0.5250204881020045,0.5601853895301799,0.5677439353825992,0.5526268436777606,0.2039436983024906,0.22539072150658135,0.11538461538461539,0.11538461538461539,0.6666666664444444,0.6557288953177084,0.8854780663965897,0.7939226578179512,0.7724910244433635,1.0325395512766768,0.30038576575836073,0.8560991074427172,0.44871794860683756,0.159012686827803,1.7642155086357185
128,random,35,171,4.892565971017268,False,39,False,0.0026510829338803887,3.6888794541139363,0.25680735367252905,1.7056530213261252,0.24363849800121448,0.2082269503545804,0.2571428571428571,0.0,0.0,4.9958017525027065,0.44465186206300805,0.662543191018637,0.5379362308468557,0.4604424277707854,0.5138107840887842,0.5138107840887842,3.2836160687037435,0.25019233832202176,0.2852256966849421,0.11696078458546351,0.3712847617496769,0.4603751427608806,0.5067177474131243,0.5664480142329802,0.5895479618809716,0.5555774506339257,0.20952974474119293,0.22072566363614343,0.11428571428571428,0.11428571428571428,0.8333333331944445,0.6636943128312484,0.8896200792995594,0.7956694616416928,0.777383146353727,1.0072877560374063,0.2852256966849421,0.8423241907149126,0.5309523808829365,0.15697293246879823,1.8154752007515893
129,random,29,148,5.109772952350025,True,17,False,0.0007704170420765877,2.8903717578961645,0.2237111268653705,1.4369369368430829,0.25490677547129315,0.2241379310344362,0.3103448275862069,0.0,0.0,4.966748361664255,0.446092589940551,0.6670392511072348,0.5405407746352644,0.45214907848629254,0.5124120684781159,0.5124120684781159,3.289689821826075,0.08205258300191305,0.3078203368162885,0.11113783212538071,0.40860220831302296,0.45686985889005854,0.4878752503504769,0.5356437774601779,0.5464114557543376,0.5271834588004811,0.1693914486497544,0.2050842743076846,0.10344827586206896,0.10344827586206896,0.9999999996666666,0.6720993576339446,0.8948154061196766,0.8131037598190377,0.7878392874417103,0.9538446343832052,0.3078203368162885,0.7980450012430044,0.6034482756954023,0.13764612887160171,1.846959742626297
130,random,32,108,3.3774675663814224,True,5,False,0.0002862090477719903,1.791759469228055,0.3445749564339398,1.8765432096912056,0.2304719859518251,0.17700329308447393,0.25,0.0,0.0,4.505570974311983,0.47028000966432015,0.6418300684303209,0.5362928860069167,0.45926688311012476,0.5175439498010754,0.5175439498010754,3.257718149560835,0.0674144587121202,0.26970464024828733,0.12371734727302384,0.3712917199629719,0.4393740714025564,0.4946611584052005,0.5005700535237085,0.5010348333512602,0.5002851884681123,0.2237610883131843,0.25834367066064345,0.125,0.125,0.8333333331944445,0.6690479607210756,0.8836295658947974,0.7788007830714049,0.7721789467496231,1.0341558328352707,0.26970464024828733,0.8008864572453508,0.5416666665972223,0.17076697869253166,1.783024742783392
131,random,32,114,3.5636010320128233,True,7,False,0.000303708016872406,2.0794415416798357,0.27323149438902317,1.777777777611436,0.28586456486330286,0.1761133603238421,0.28125,0.0,0.0,4.461326401131934,0.47273912036591453,0.6342973903680637,0.537241425115731,0.459002731105647,0.5163092578094822,0.5163092578094822,3.265505119379178,0.18651114649073813,0.283072651441859,0.12026894261932397,0.34902995762879174,0.4679536755238118,0.5222094490666545,0.5247808445670018,0.5252561157501621,0.52448954932571,0.22505119587675645,0.236065368324182,0.125,0.125,0.49999999991666666,0.6569398190328879,0.8866819380844359,0.7788007830714049,0.7683750881856375,1.053909070708361,0.283072651441859,0.8408626703193445,0.37499999995833333,0.17137980137973205,1.6703151230992688
132,random,31,116,3.7278777953942193,True,16,False,0.00048345804680138826,2.833213344056216,0.27499264331504936,1.7816091952435922,0.25421666145060107,0.1827871036503643,0.25806451612903225,0.0,0.0,4.5268361742695165,0.469107171552135,0.6507340328423218,0.5372045657866026,0.46158274296135154,0.5203653684378738,0.5203653684378738,3.234272635622173,0.37514214210974367,0.27114763888416576,0.12602319315604815,0.3362866256207937,0.484190094272236,0.5173374891988802,0.5553069432133048,0.5693746788479229,0.5459284527902261,0.24843503302779474,0.24655604839556844,0.12903225806451613,0.12903225806451613,0.8333333331944445,0.6590491615204059,0.8815943995898187,0.7725453888611077,0.7656616231141803,1.0680598032338122,0.27114763888416576,0.8570997190624813,0.5456989246617383,0.17921522657428793,1.8531615091826732
133,random,24,96,3.9850770677170892,True,34,False,0.0010818749433383346,3.5553480614894135,0.19690898441078292,1.499999999875,0.21673095421140842,0.22846715328458816,0.2916666666666667,0.0,0.0,4.310378806158248,0.48132583282916974,0.6995785842509584,0.5399272704508485,0.4539835145850034,0.5346939292620594,0.5346939292620594,3.12056398594115,0.7697321601465955,0.283948295944848,0.13279640562652734,0.35648848344450357,0.48996796497026457,0.5384902914860588,0.5458338797151563,0.5459065112941194,0.545748616557243,0.23328069686990283,0.2602933383572952,0.125,0.125,0.6666666664444444,0.6499878520741784,0.8756433500212345,0.7788007830714049,0.7624644938682783,1.084797342737629,0.283948295944848,0.8697274055611126,0.4583333332222222,0.18726141256530165,1.7992704472934844
134,random,30,125,4.166280399606169,True,12,False,0.0005141670117154717,2.5649493574615367,0.2450578162877585,1.5199999998784,0.25616898206716104,0.19765453212797515,0.3,0.0,0.0,4.401196560042463,0.4761226536496823,0.6592770330634435,0.5397329927431195,0.45557867450302214,0.5229378290603861,0.5229378290603861,3.2098514927054214,0.9700445230262617,0.29715986005230377,0.12625657918421807,0.43088718663941716,0.4893471105347826,0.50082278663494,0.5086882812512737,0.5112191903421845,0.5068555539785451,0.1696610757119796,0.23962595753662042,0.1,0.1,0.9999999996666666,0.6663011841938671,0.8813886717823732,0.8187307530779818,0.7834171075328524,0.976360076641602,0.29715986005230377,0.7975821961885716,0.5999999998333333,0.15467166576981983,1.8494137218440283
135,random,37,160,4.312457012403576,False,69,False,0.003923916956409812,4.248495242049359,0.25564800560086925,1.5416666665478298,0.19591700960083333,0.1740857190137061,0.2702702702702703,0.0,0.0,4.388660162154776,0.47683419314634984,0.691358242049463,0.5395226829375321,0.4610649914088174,0.5336758628365841,0.5336758628365841,3.1289369323719187,0.9905170700800997,0.26638896374392435,0.11439419903351948,0.33274150323735885,0.4406341428531047,0.4804863448924671,0.4987747345111481,0.5005903222610188,0.49806867260842064,0.19595628046853913,0.23909754004325134,0.10810810810810811,0.10810810810810811,0.8333333331944445,0.6754537138757829,0.8919062979747069,0.8055611076677214,0.7858465875639897,0.9639747421626803,0.26638896374392435,0.778862782265176,0.5247747747053304,0.1647104969112434,1.7347370176256742
136,random,35,157,4.476606782295348,False,35,False,0.001978666987270117,3.58351893845611,0.3052750765436065,1.7834394903133326,0.19299097529857798,0.1889322695637092,0.2857142857142857,0.0,0.0,4.711242788126946,0.4591767325612633,0.6757466403524682,0.5371869596117048,0.45716965237280954,0.5215313112580456,0.5215313112580456,3.225352942061555,0.8500499439783906,0.27211017008501065,0.11279341458607207,0.38354971718769926,0.4435053622170195,0.4685716299622758,0.513608633329171,0.5243959003693431,0.5085322723690902,0.2021218112496696,0.23031124050263108,0.11428571428571428,0.11428571428571428,0.6666666665555555,0.680933758761013,0.8933351910748816,0.7956694616416928,0.7851464403186796,0.9675401165656332,0.27211017008501065,0.7759063994392786,0.447619047563492,0.14837035329456863,1.64400597038235
137,random,34,159,4.677421195389962,True,33,False,0.0018314579501748085,3.5263605246161616,0.24599870501324428,1.568134171795982,0.2221880221029177,0.19819669393885486,0.29411764705882354,0.0,0.0,4.662906172538326,0.46173881147185003,0.678728367722947,0.5392659955692648,0.4559514423787084,0.5228017009578785,0.5228017009578785,3.211758496665338,0.5469894996512493,0.28619934573764,0.12542256378531838,0.3581047187160093,0.5011313000720031,0.5102339331874287,0.5157369262344966,0.5158615460213378,0.5156727281624875,0.20975245522150565,0.24187366441913505,0.11764705882352941,0.11764705882352941,0.8333333331944445,0.6621490737461098,0.8821240701312016,0.7903383629814982,0.7728576389517648,1.030641651997783,0.28619934573764,0.8205405101100535,0.5343137254207516,0.17152177914437441,1.8125753604128196
138,random,24,117,4.8951967735044715,True,13,False,0.0004978339420631528,2.6390573296152584,0.147461701352966,1.3675213674278617,0.20039121416412256,0.2551878855860193,0.3333333333333333,0.0,0.0,4.250891509096854,0.4847960969538723,0.7293388224616276,0.5412176926638053,0.4455186581606704,0.5400717336318581,0.5400717336318581,3.078146915046931,0.24731958910742508,0.33079275999825736,0.10889090339973657,0.40078486163391397,0.49230097823054475,0.5105675859251018,0.5728426357703968,0.5908057058813819,0.5517555534661971,0.20178348811587496,0.17445916542112672,0.125,0.125,0.9999999996666666,0.6620028188858429,0.8968282530748046,0.7788007830714049,0.7732711960866474,1.0285018192214483,0.33079275999825736,0.847434775839269,0.6249999998333333,0.13201815928551336,1.935245694956373
139,random,25,129,5.145687054054606,True,31,False,0.0012456249678507447,3.4657359027997265,0.21160250735142866,1.5503875967990706,0.2585922285316127,0.258096172718288,0.28,0.0,0.0,4.614679167689965,0.4643237341910906,0.668953695548635,0.5394380785537986,0.45294503649491547,0.5201007522025809,0.5201007522025809,3.232158194612348,0.06612486833778598,0.3213129964414477,0.12312881474796272,0.40801406779634247,0.5213641284857953,0.5367100075664917,0.5835073796569042,0.5972898268027746,0.5685763952488782,0.20680781564915102,0.20629443778649104,0.12,0.12,0.6666666664444444,0.6507408652746287,0.8841497636960798,0.7866278610665535,0.7677757896170138,1.057030110999608,0.3213129964414477,0.8801656513072315,0.4533333332222222,0.15335020781588493,1.8081621887867865
140,random,32,106,3.3237465740920014,True,11,False,0.00028545805253088474,2.4849066497880004,0.3131418687610575,1.610062892919742,0.3089882339475957,0.16383307573410702,0.28125,0.0,0.0,4.337870217801326,0.4797388176491417,0.6110448411686175,0.5388598616776762,0.45595478391205874,0.5112891456328222,0.5112891456328222,3.3015797533653344,0.04806426377220507,0.27817969441431223,0.11313527447835894,0.36632579602290827,0.46347748461332927,0.46847665667371224,0.490436024383966,0.4982963073235439,0.4856184316145472,0.21352745787208627,0.22912279724962725,0.125,0.125,0.49999999991666666,0.6809777979482003,0.8930298477979682,0.7788007830714049,0.7794862085528638,0.9964811281438971,0.27817969441431223,0.7670765333337168,0.37499999995833333,0.15153402468279187,1.5717902523891543
141,random,38,135,3.556182324325958,True,19,False,0.0005720839835703373,2.995732273553991,0.26562439199227683,1.5950617282454018,0.2664370888560552,0.1554374644144704,0.2894736842105263,0.0,0.0,4.381506383566476,0.4772411803972081,0.6470035768615252,0.539005097059618,0.45714689510433987,0.5206750759858296,0.5206750759858296,3.2285465872818446,0.17992177524177175,0.27460184978617,0.12049174231578183,0.3506539577360915,0.47419851206439584,0.5050199493364721,0.5238023049134479,0.5265512538584033,0.522836457986842,0.19506718522273894,0.2438419981362947,0.10526315789473684,0.10526315789473684,0.8333333331944445,0.6644430198024129,0.8864844076234565,0.8101577349324267,0.781446905591891,0.9864322769746758,0.27460184978617,0.8156878980988808,0.521929824491959,0.1704391817098811,1.782658754086891
142,random,33,122,3.710831309851364,True,18,False,0.00044604192953556776,2.9444389791664403,0.27308739749927374,1.5327868851076993,0.33793348656218425,0.1735657225852884,0.2727272727272727,0.0,0.0,4.317232416658099,0.48092920813282,0.6082247505782413,0.5396088556569375,0.45946921552529285,0.5122326067874521,0.5122326067874521,3.2928165214704856,0.35194733900828545,0.28347484206658463,0.11992555724304539,0.38492016446372423,0.45197626348820696,0.48285560403506184,0.536152898243323,0.5511256713517874,0.5277307133698118,0.21138114455602264,0.2381637849869771,0.12121212121212122,0.12121212121212122,0.6666666665555555,0.6743744955873365,0.8869864639772612,0.7847231940537559,0.7771619683451008,1.0084259823058515,0.28347484206658463,0.803777339295729,0.45454545448989897,0.15691091341907995,1.6987085492712928
143,random,38,149,3.9151020770174543,True,44,False,0.002422042074613273,3.8066624897703196,0.2941217685881124,1.6152125278268947,0.22411935553856088,0.1617647058823246,0.2631578947368421,0.0,0.0,4.755431796201688,0.45685924956154583,0.6613990690230711,0.5388100229798679,0.4617780302649949,0.5186723412622614,0.5186723412622614,3.2443239114951457,0.6623954263489505,0.25186910872587104,0.12219308316532865,0.30642978957156786,0.4366615537762939,0.5143475186160182,0.5413793169229479,0.5531447605312715,0.5372455124119152,0.21701051922295625,0.26412259223198387,0.10526315789473684,0.10526315789473684,0.9999999998333333,0.6603504068299415,0.8849774777524455,0.8101577349324267,0.7793970366924257,0.9969387473250082,0.25186910872587104,0.8392898068832313,0.6052631578114035,0.18901334051448232,1.885435413934988
144,random,25,103,4.108260480201897,False,15,False,0.0006547089433297515,2.772588722239781,0.21329782591522295,1.375404530633058,0.15099326162693139,0.22048315753650205,0.32,0.0,0.0,4.179640393926827,0.48901905308329896,0.7373192465228012,0.541140733299022,0.4506025922189123,0.545663635583869,0.5445293782828444,3.0391669079894004,0.9233692731370448,0.28777197801130144,0.12070099730100112,0.4200024479625465,0.44622152810424637,0.4792668177237641,0.5032727878452214,0.5083535191797215,0.49776866223284644,0.2005944014025381,0.23738506270085025,0.12,0.12,0.9999999996666666,0.6760105668690382,0.8862989257490224,0.7866278610665535,0.7782175321085537,1.0029967533685686,0.28777197801130144,0.7810518119970093,0.6199999998333333,0.1492530946829916,1.8380768845246358
145,random,36,158,4.380136771355472,True,66,False,0.0037552500143647194,4.204692619390966,0.24707875056279321,1.5949367087396251,0.24576889611604363,0.1886260379131774,0.2777777777777778,0.0,0.0,4.7524774119953035,0.45701346164206996,0.6645363280602006,0.5390063077782967,0.4586904610675038,0.5183890383969327,0.5183890383969327,3.2461451126826946,0.9512529952838695,0.28091081656723055,0.1169680275095068,0.3522943063030291,0.4653761293595884,0.49593358719514813,0.5149157008429948,0.5183774793596622,0.5134320814787088,0.19808030334379528,0.2326361185509962,0.1111111111111111,0.1111111111111111,0.8333333331944445,0.6684788740354338,0.8896136358722323,0.8007374029168081,0.7808957832107503,0.9892543078004989,0.28091081656723055,0.8029115134525944,0.5277777777083333,0.16278611005055052,1.7743862177787086
146,random,35,157,4.4962774360056095,False,81,False,0.004168374929577112,4.406719247264253,0.23387353934953956,1.411889596498055,0.2215686760344198,0.18927177049733673,0.2857142857142857,0.0,0.0,4.742613847234297,0.45752907195659676,0.6833194190408479,0.5407848327906957,0.4572576408345625,0.5228789315272672,0.5228789315272672,3.208355111685749,0.8242289964396097,0.28114470763284327,0.12156241401535456,0.39391278867229307,0.46852100768054605,0.4766288532259237,0.5375241801183515,0.5659340199337792,0.5241548437346211,0.20283881023591965,0.2378752245179394,0.11428571428571428,0.11428571428571428,0.9999999998333333,0.67721824466273,0.885535781780144,0.7956694616416928,0.7814283285378538,0.9865273686597751,0.28114470763284327,0.7961006458440792,0.614285714202381,0.1545026277989145,1.846033695478218
147,random,28,133,4.75601863794384,True,9,False,0.0004325000336393714,2.302585092994046,0.22319840112516032,1.4035087718313326,0.2636575305294165,0.23007485689118667,0.2857142857142857,0.0,0.0,4.881753560640627,0.4503615161904454,0.6621843011661112,0.5408665437145923,0.4554526968337163,0.5140371144272918,0.5140371144272918,3.276421941600166,0.4265950926493372,0.31484655569810494,0.12112289340422788,0.41493407328216414,0.493152812536879,0.5141787520195851,0.5716801688312629,0.5896321774194454,0.5563877170709592,0.18266333585572678,0.2112600351136673,0.10714285714285714,0.10714285714285714,0.9999999996666666,0.6604240078433392,0.8859250785538375,0.8071177470053893,0.7787276254950876,1.0003757572327139,0.31484655569810494,0.8456846703991482,0.6071428569761904,0.1482952500691703,1.915969333142614
148,random,29,141,4.874653282832678,True,30,False,0.0015589999966323376,3.4339872044851463,0.2056873449897397,1.4397163119580336,0.20800745609442509,0.21818181818177038,0.3103448275862069,0.0,0.0,4.370903491907294,0.47784567148182566,0.7019143723645026,0.5405137063290434,0.453014943158687,0.5336150949550686,0.5336150949550686,3.1275572577029997,0.27031506343483186,0.29198641838112477,0.12418916975310842,0.37302976041917724,0.48716764115800487,0.5131927449035038,0.5254908443941674,0.5262614721722131,0.5248853511399887,0.18275397968191262,0.2365810427734103,0.10344827586206896,0.10344827586206896,0.9999999996666666,0.6608543448070588,0.8832127479413137,0.8131037598190377,0.7800198999237827,0.9937433824472846,0.29198641838112477,0.8216266620210655,0.6034482756954023,0.16672108825645768,1.88378244435405
149,random,37,189,5.10810352742624,False,41,False,0.003267084015533328,3.7376696182833684,0.21831052300598244,1.3703703702809458,0.18865359808357862,0.20149613899611468,0.2972972972972973,0.0,0.0,4.759129724834509,0.45666637276291444,0.7097319877903868,0.5411898767533772,0.4567959586693617,0.5290197530588759,0.5290197530588759,3.1609031083004795,0.08286186713482598,0.2849613851538691,0.11075550765869019,0.39099945551201876,0.45935311454327,0.48032827609405704,0.49254644858846947,0.4942372965624061,0.49188889659860524,0.1824962944094683,0.21693149566387993,0.10810810810810811,0.10810810810810811,0.6666666665555555,0.6755258385245233,0.8951575813494208,0.8055611076677214,0.7868283206347558,0.9589807885259806,0.2849613851538691,0.7722255739906588,0.44144144138588587,0.14363176604517622,1.64226016657559
150,random,38,126,3.3071542490714285,True,19,False,0.0005747079849243164,2.995732273553991,0.24940791001498386,1.7089947088229052,0.25941200179907664,0.14881993006989752,0.2894736842105263,0.0,0.0,4.23043290007689,0.48600116768616525,0.6560424808095401,0.5379039993742654,0.4546710936301505,0.5253179083521067,0.5253179083521067,3.1950818047730927,0.043120787619840395,0.25966015903764444,0.1181699614729865,0.35116641017277433,0.46202640928615124,0.4816638679254007,0.5101426476733956,0.5211520594960318,0.5062744759519286,0.19855625232668106,0.25388421383015913,0.10526315789473684,0.02631578947368421,0.0,0.6749169104057199,0.8885450213595886,0.9487294800164372,0.8286237580190164,0.7519563042014911,0.25966015903764444,0.7863742548437689,0.02631578947368421,0.1681354490539249,1.2404856524090224
151,random,37,131,3.531923063048705,True,12,False,0.0004458329640328884,2.5649493574615367,0.27631291520041285,1.6005089057017334,0.2759189670671218,0.15958299919804336,0.2702702702702703,0.0,0.0,4.431576204488087,0.47440714559050295,0.6385984170326515,0.5389523505761011,0.4595377381498407,0.5182827414115553,0.5182827414115553,3.247065516907478,0.15953171190180376,0.2713051625487809,0.1287219178065826,0.4075953847999225,0.4612897466500722,0.4923399495112996,0.524659886518414,0.5270370817829074,0.5237354216933332,0.19876291667163665,0.26343790789668065,0.10810810810810811,0.10810810810810811,0.6666666665555555,0.6700886083814029,0.8792184265424287,0.8055611076677214,0.7800261615988604,0.9937112722453495,0.2713051625487809,0.8043606219384158,0.44144144138588587,0.1670770437190758,1.6841842695921585
152,random,34,126,3.7052140516078556,True,17,False,0.0005040409741923213,2.8903717578961645,0.2615705204909333,1.529100528962991,0.2582067394085546,0.17357093265443793,0.29411764705882354,0.0,0.0,4.487226758393249,0.4712964686661979,0.6528068582817688,0.5396446375217238,0.45391583452359,0.5188216322851993,0.5188216322851993,3.241624947628298,0.3444707792339614,0.28514650805220826,0.12635131402715952,0.39773044297045623,0.46491888815061366,0.5059943320485519,0.5282231590595046,0.5388664280842093,0.5227402628952627,0.2081843598939498,0.2490521870824869,0.11764705882352941,0.11764705882352941,0.9999999998333333,0.664013123236483,0.881305177519952,0.7903383629814982,0.7733427452451814,1.028131724754102,0.28514650805220826,0.8221520015517917,0.6176470587401961,0.16567913460671133,1.8906247029509073
153,random,34,134,3.9480988630891827,True,28,False,0.0013328340137377381,3.367295829986474,0.24051008884078912,1.6069651739934407,0.21203202489741074,0.1741490916683704,0.2647058823529412,0.0,0.0,4.60029143286514,0.46510051795621793,0.6868017720369669,0.5388898461624285,0.46321606007322147,0.5289166998364492,0.5289166998364492,3.1659413934972274,0.7140158373288202,0.2663410551160165,0.11433066425808024,0.3589070176996929,0.4562310548064729,0.48198643540646463,0.5051798733039659,0.5096789552839925,0.5028621644051643,0.21488405638618774,0.22747359648913235,0.11764705882352941,0.11764705882352941,0.6666666665555555,0.6747700087590409,0.8919629668412643,0.7903383629814982,0.780617984415923,0.9906775359706057,0.2663410551160165,0.7882973861549945,0.45098039210130714,0.15568044122868677,1.661299274601005
154,random,33,138,4.190352447551221,True,7,False,0.00046970800030976534,2.0794415416798357,0.2220909084648593,1.4347826085812856,0.2194065193865704,0.19005052467932568,0.30303030303030304,0.0,0.0,4.38891161012907,0.4768199005899952,0.6888016964962221,0.5405617574816739,0.45581367073067586,0.5309805859757611,0.5309805859757611,3.1472656576813023,0.9833439369369181,0.28572734485353246,0.11134987339124454,0.3914169312544208,0.44724325363510586,0.47136320362107476,0.49280963157957164,0.4963416373513003,0.4908228783329743,0.20122279359483533,0.22252116619842988,0.12121212121212122,0.12121212121212122,0.8333333331944445,0.6796418433864365,0.8946256884429475,0.7847231940537559,0.7814106408645927,0.9866179099039996,0.28572734485353246,0.7680737178095693,0.5378787878093434,0.14397910566884128,1.7356589561412865
155,random,36,152,4.212492734361719,False,45,False,0.0028913329588249326,3.828641396489095,0.2734817064366531,1.578947368296399,0.2122578234764215,0.17556411667580707,0.2777777777777778,0.0,0.0,4.632273661411963,0.4633773391454006,0.6751982692817067,0.539161197204688,0.4582168100978649,0.5233742800299032,0.5233742800299032,3.207574397120964,0.9922155666683444,0.26997622420238393,0.11436937362539518,0.3430614179844529,0.44344223551936895,0.4658364106651117,0.5563195602659298,0.6007175299878289,0.5372918589565446,0.20408416824184933,0.2302312852974011,0.1111111111111111,0.1111111111111111,0.6666666665555555,0.6822043665474635,0.8919284401874064,0.8007374029168081,0.7868854965550031,0.9586901338006009,0.26997622420238393,0.7950172328585389,0.44444444438888886,0.15660216652165,1.6660400679714615
156,random,28,126,4.516397685716023,True,18,False,0.000726875034160912,2.9444389791664403,0.26817620945048826,1.481481481371742,0.2508036194883749,0.21895346033271787,0.2857142857142857,0.0,0.0,4.605973601048837,0.4647934313338478,0.6548030058637568,0.5401072819633552,0.4567023305572032,0.5180058026038741,0.5180058026038741,3.2470628185930512,0.7964182481405274,0.30102331206360633,0.12973667073100872,0.3955190989248276,0.5062274779204984,0.5133041252868497,0.5345082657739761,0.5422214441741253,0.5279377804701453,0.18609494905802965,0.2406277515064985,0.10714285714285714,0.10714285714285714,0.9999999996666666,0.6608057054033658,0.8783266895957428,0.8071177470053893,0.7766444686925849,1.0110904051474252,0.30102331206360633,0.8270819954383452,0.6071428569761904,0.1661582201286328,1.901406384606775
157,random,24,113,4.6983006490488695,False,21,False,0.0008929999312385917,3.091042453358316,0.22416938278015708,1.4159292034395803,0.1812781512999527,0.2417091836733923,0.2916666666666667,0.0,0.0,5.030315257194259,0.4429524203834728,0.7123579547091847,0.5407454564606363,0.4531966549686334,0.5229345676497847,0.5229345676497847,3.2080023364479975,0.5141747800093505,0.30441038358179956,0.11558804040703137,0.392377993800263,0.4925623499657112,0.5124624853928811,0.5236584521509478,0.5267812847012886,0.519992518287504,0.21191882942699847,0.20982425443946373,0.125,0.125,0.9999999996666666,0.6611734239082547,0.8908421386799775,0.7788007830714049,0.7712245397382137,1.0391028587526883,0.30441038358179956,0.8272714188251046,0.6249999998333333,0.14947000555550005,1.9061518077957376
158,random,27,132,4.902099948247599,False,29,False,0.0013732080115005374,3.4011973816621555,0.26891271739528394,1.4999999998977274,0.2134780767754767,0.2162937464141663,0.2962962962962963,0.0,0.0,4.844165011771999,0.45227559579404186,0.6760383438201648,0.5399272704506278,0.4538647619357856,0.5177264061411954,0.5177264061411954,3.2495542220800564,0.2398827377718291,0.3046161346125718,0.11515067826583547,0.4269281714138402,0.472677956510374,0.512656565184182,0.5322940540881864,0.5337769897578211,0.5309251903931391,0.18706413518012444,0.2075513208409825,0.1111111111111111,0.1111111111111111,0.9999999996666666,0.6610885927555138,0.8912318445202965,0.8007374029168081,0.7784788621693141,1.001653755131969,0.3046161346125718,0.8255696260233063,0.6111111109444445,0.1416064462680382,1.8829033178483607
159,random,25,129,5.159651454575645,False,29,False,0.0013517501065507531,3.4011973816621555,0.2260944997706901,1.4857881135991093,0.17610630101011462,0.24585259722593258,0.28,0.0,0.0,4.951270917870894,0.44686391873294135,0.7150472057783995,0.5400654081102705,0.45440033398344665,0.5255929709137535,0.5255929709137535,3.188977752449292,0.06065597166223792,0.3009707097457928,0.13874671607276157,0.4495154779392605,0.5157739023213085,0.5267445410402668,0.583294279428442,0.6003481477347506,0.5648192554299413,0.21878537811633883,0.2481392626029948,0.12,0.12,0.6666666664444444,0.6549884234848073,0.870448471147009,0.7866278610665535,0.7654473757273776,1.0691792396065225,0.3009707097457928,0.8730880252835724,0.4533333332222222,0.16473057676399214,1.7921226450155796
160,random,35,116,3.3240052106723583,True,14,False,0.0003812079085037112,2.70805020110221,0.3216080862013944,1.709770114770569,0.24191456533095115,0.16077251065960352,0.2571428571428571,0.0,0.0,4.23427559456435,0.4857743652204815,0.6427995206445682,0.5378965209279256,0.458419791397076,0.5231077634583217,0.5231077634583217,3.211960217895759,0.048144920875828764,0.2631697105234212,0.10858916126080616,0.34631496791265326,0.4320770529162713,0.4685868083764707,0.4916273695086837,0.4966521905367125,0.48926274784843493,0.20430483474324773,0.2321693137611578,0.11428571428571428,0.11428571428571428,0.6666666665555555,0.6809267210465443,0.8970989047815996,0.7956694616416928,0.7862448211254975,0.9619482260600314,0.2631697105234212,0.7654767018166245,0.447619047563492,0.1545787504765315,1.6308442103800693
161,random,25,87,3.479318573295031,True,10,False,0.00026008300483226776,2.3978952727983707,0.31136014792282063,1.8199233714731875,0.23942337192190707,0.19185220274742215,0.28,0.0,0.0,4.382341379691373,0.47719364063257413,0.6473453523347676,0.5368362504804463,0.4569966680191796,0.5206923995788221,0.5206923995788221,3.2324454171524075,0.12119788644742067,0.2726578618274139,0.12185212521554199,0.3637899434362914,0.42989210864696537,0.5189294173768619,0.5543072059212257,0.5584979179954872,0.5497672678407759,0.22446228270734675,0.2422990361874109,0.12,0.12,0.9999999996666666,0.6583584388845172,0.8852792693050582,0.7866278610665535,0.7710881136330341,1.0398105031076739,0.2726578618274139,0.8521985910143115,0.6199999998333333,0.17066601380070182,1.9155224664757606
162,random,28,105,3.7517288173379417,True,7,False,0.00030099996365606785,2.0794415416798357,0.2198283761996859,1.51111111097679,0.2727411127336738,0.19465304896359428,0.2857142857142857,0.0,0.0,4.422333731205664,0.4749277489657723,0.658139491686656,0.5398193211277565,0.45938721036895397,0.5236504312571423,0.5236504312571423,3.2042445091655707,0.40880063615171025,0.28344091548934036,0.10576555629372658,0.3754579690655965,0.42430673843389205,0.48161947699601293,0.5026795081969068,0.5070631639074917,0.49894528296196394,0.1842673792261258,0.2054403008505008,0.10714285714285714,0.10714285714285714,0.6666666664444444,0.674937131649688,0.8996355372437858,0.8071177470053893,0.7884163226210594,0.9509159966640733,0.28344091548934036,0.7790260759009978,0.44047619036507935,0.14073090721593554,1.643674088971353
163,random,28,111,3.953571549873514,True,11,False,0.0003402919974178076,2.4849066497880004,0.19375770060759437,1.3453453452322233,0.2664331699811871,0.2050438596490666,0.2857142857142857,0.0,0.0,4.480682475081841,0.4716601537379689,0.6703844416055881,0.541434303483649,0.4582747222696317,0.5252422735680127,0.5252422735680127,3.189116131058182,0.7224313022997749,0.2971317924014675,0.11586895047762963,0.36856063435185427,0.4692779113792399,0.5032421231651356,0.5532658347818533,0.5672059869386316,0.5413908903520053,0.18788181774134294,0.21346066907159056,0.10714285714285714,0.07142857142857142,0.3333333332222222,0.6652288307983684,0.8905919272970031,0.8668778997501816,0.8008218537444649,0.8884670408228197,0.2971317924014675,0.826845494991398,0.23809523803968252,0.1537885596526463,1.5158610850851943
164,random,28,116,4.155913199332508,False,31,False,0.0013568330323323607,3.4657359027997265,0.2548252790300182,1.609195402169375,0.18032886935639209,0.210848178675828,0.25,0.0,0.0,4.238602923996516,0.485519212043735,0.7014853653743426,0.5388682582500527,0.4628233779038503,0.5401902909027719,0.5398594789803683,3.0822319776381506,0.9631808701491135,0.27162127014652376,0.12943715890450977,0.29920529359534564,0.5197292912181368,0.5303477586674397,0.544987724900349,0.5495148356988264,0.5411312971831274,0.2114489899191541,0.24708042037579325,0.10714285714285714,0.10714285714285714,0.9999999996666666,0.653446247322737,0.8785897982269129,0.8071177470053893,0.7738277629287701,1.02562382948563,0.27162127014652376,0.8557038685974027,0.6071428569761904,0.19095336165297583,1.925421357373093
165,random,25,107,4.2740853915515675,False,37,False,0.001346791977994144,3.6375861597263857,0.24299065418668295,1.479750778700954,0.24242186638175844,0.22786006933494238,0.28,0.0,0.0,4.4551060901515775,0.47308690835460476,0.667828056638675,0.5401241116026058,0.45660785067959586,0.5244647713201684,0.5244647713201684,3.1974643984382825,0.9993132613452713,0.3044884501200478,0.1137720004498862,0.3974075389330842,0.4775820628616212,0.5037924764618282,0.5253492751768334,0.5305650838064144,0.5196988158281208,0.20007718805301505,0.20773203897183956,0.12,0.12,0.9999999996666666,0.6649853724184287,0.8924614134881749,0.7866278610665535,0.7757532818378963,1.0156829753238692,0.3044884501200478,0.8164864110634987,0.6199999998333333,0.14518060134834143,1.8861554623652215
166,random,24,108,4.508810373830083,True,5,False,0.00024258391931653023,1.791759469228055,0.28847707270820966,1.5555555554403293,0.19474572660808445,0.2330985915492137,0.2916666666666667,0.0,0.0,4.7423596268610355,0.45754237651239354,0.680490954215172,0.5393879551427272,0.4531914893531188,0.5206091640501505,0.5206091640501505,3.2283429238487464,0.8070593732640391,0.30653774024194247,0.1315175402215411,0.43920415215785563,0.5170739803852229,0.5269241162659432,0.5332663818524249,0.5348670491377973,0.5313873376478574,0.21532497751810742,0.23815498590119932,0.125,0.125,0.6666666664444444,0.654911393007189,0.8767638963699421,0.7788007830714049,0.7647107482462758,1.0730304888353686,0.30653774024194247,0.8473885515716824,0.4583333332222222,0.16008113098673077,1.7723407560225777
167,random,25,118,4.718289857282312,False,15,False,0.0006981249898672104,2.772588722239781,0.2980727994566991,1.9067796608822896,0.25182952992770974,0.24290677475383818,0.28,0.0,0.0,4.7067829683063405,0.45941193372574524,0.6447731832489402,0.5360031656888617,0.453394865387568,0.5121084541023457,0.5121084541023457,3.300490609863696,0.4832364095851245,0.30269735071847526,0.12091863375340826,0.3759153110380567,0.49787025258685697,0.5444033336450513,0.5589280295079766,0.5601038175530484,0.5576542591258153,0.21361354893024911,0.21163501346547942,0.12,0.12,0.9999999996666666,0.647499249849346,0.8861060557835789,0.7866278610665535,0.7670637033115444,1.060741698347278,0.30269735071847526,0.877270735631602,0.6199999998333333,0.16218324442335041,1.9621513306067608
168,random,26,127,4.903476973747381,True,35,False,0.0011946250451728702,3.58351893845611,0.28386527522986077,1.5695538056671696,0.17191468769917373,0.22749218971876528,0.2692307692307692,0.0,0.0,4.882899276310174,0.45030342859651806,0.6961906983977749,0.5392522345663365,0.4580835200429306,0.5236720313032192,0.5236720313032192,3.205130580573405,0.23841681368992906,0.2885743693097473,0.11631821621388269,0.3662355000735491,0.48647326255995427,0.5084501747659455,0.5218094448426924,0.5244305628549677,0.5191883268304173,0.20396543022641458,0.2212841242616217,0.11538461538461539,0.11538461538461539,0.6666666664444444,0.6629320720886006,0.8901919047240312,0.7939226578179512,0.7766826834774551,1.0108935900210225,0.2885743693097473,0.8203462547438953,0.44871794860683756,0.15823557572629407,1.7158741483867743
169,random,24,122,5.101511743834538,False,25,False,0.0010241249110549688,3.258096538021482,0.25694684032214005,1.5737704917000805,0.1942373963608283,0.2493005906122943,0.2916666666666667,0.0,0.0,5.099595439341797,0.43957998206229404,0.6919367764266305,0.539211364908544,0.4507710662271451,0.5156481346104608,0.5156481346104608,3.2669702556266094,0.08611985523672659,0.30838201475774446,0.11935232916970144,0.3777613298043719,0.4889318465491501,0.5218832969297755,0.5396802666948461,0.5433627124047425,0.5353573956440982,0.21099483877023323,0.21649073316609635,0.125,0.125,0.9999999996666666,0.657080606651893,0.8874950552745673,0.7788007830714049,0.7686647942581066,1.0524012057330743,0.30838201475774446,0.8444721399697569,0.6249999998333333,0.1583046981595801,1.9361588527204148
170,random,32,108,3.383333389296091,True,12,False,0.00035195890814065933,2.5649493574615367,0.2768847097505028,1.679012345513184,0.20854737580400873,0.17738063483590893,0.28125,0.0,0.0,4.368280722605037,0.47799543688763885,0.6762353422741724,0.5381933255245906,0.45575501391202283,0.5281423864635506,0.5281423864635506,3.173094873920319,0.06986680508110167,0.272955255336668,0.12629517297409337,0.3784935426536515,0.4599309276556305,0.46839794949740843,0.5170398721337025,0.5386742270044755,0.5037801062451641,0.22162181825583985,0.25675034521131,0.125,0.125,0.8333333331944445,0.6810142988433565,0.8813546563095732,0.7788007830714049,0.7760882432533732,1.0139561937498143,0.272955255336668,0.7823233401282197,0.5416666665972223,0.16467633003105192,1.7616215920931617
171,random,24,86,3.5744824067792367,True,6,False,0.00023699994198977947,1.9459101490553132,0.2715392230466319,1.4883720928848025,0.26709540456500297,0.21312872975267982,0.2916666666666667,0.0,0.0,4.081999917946115,0.4949270032925864,0.6447958602894074,0.540040286915339,0.45435046047494765,0.5253532874475724,0.5253532874475724,3.1908487842155178,0.19647961880383322,0.30531880285815044,0.11594760048979012,0.4214061958963148,0.4656841862750833,0.505519691185728,0.5165710266538319,0.5186833551655484,0.5140913366618169,0.20622585456127093,0.2131967427622261,0.125,0.125,0.6666666664444444,0.6642224647439934,0.8905218849855415,0.7788007830714049,0.7723156679063021,1.0334476599165703,0.30531880285815044,0.8153616681529617,0.4583333332222222,0.14361797924506733,1.7226317834784017
172,random,37,137,3.7027244219619564,True,14,False,0.0004998750519007444,2.70805020110221,0.32946590517346913,1.8905109487349174,0.2539092156466522,0.16440813072934146,0.2702702702702703,0.0,0.0,4.663831352905755,0.46168950399276215,0.6340424723203387,0.5361590106927333,0.45700537636136546,0.5114421932322297,0.5114421932322297,3.3054073471580123,0.34118424082514265,0.27125164989778583,0.11687804530556538,0.3700437034962444,0.44413497316025946,0.48864286099195026,0.5186107399622231,0.5227337537885598,0.5170073456964255,0.19833277562381837,0.24159869289638225,0.10810810810810811,0.10810810810810811,0.6666666665555555,0.6717527932345403,0.889693688869463,0.8055611076677214,0.783759516411408,0.9746121746981234,0.27125164989778583,0.7975314248790164,0.44144144138588587,0.16087449440037938,1.6710990105630676
173,random,32,125,3.898662942359641,True,31,False,0.0010506670223549008,3.4657359027997265,0.25352974839723114,1.365333333216825,0.21058360040584706,0.18523843757484176,0.3125,0.0,0.0,4.189280708860382,0.4884433862026741,0.6831039736048741,0.5412390572245299,0.4514868120367812,0.5320862522693248,0.5320862522693248,3.137692905839983,0.6362949676908654,0.2775089648896144,0.11644372054501775,0.3822295415924536,0.4245265128427529,0.47806497875106657,0.5255137757412263,0.5386444900262871,0.5174659185987696,0.2166416331811649,0.23701987189634965,0.125,0.125,0.49999999991666666,0.6765602421924499,0.89008018879501,0.7788007830714049,0.7769397277973199,1.0095700029299084,0.2775089648896144,0.7949822749169709,0.37499999995833333,0.15452371684070296,1.6020149566056217
174,random,31,127,4.08325597202366,True,6,False,0.00031970790587365627,1.9459101490553132,0.2648188609890449,1.6272965877941044,0.2542711945660821,0.19222761970849125,0.2903225806451613,0.0,0.0,4.56647222803438,0.4669366681549168,0.6539509399889009,0.5386931083921448,0.4574981178965901,0.5188766810330799,0.5188766810330799,3.242965364168735,0.8974782588357102,0.28895659953218056,0.11352904197168925,0.3780217421844474,0.46982062259238067,0.49632260443105675,0.5067627685295301,0.5102907075106363,0.5044108092087926,0.22023136970907353,0.2192637449117656,0.12903225806451613,0.12903225806451613,0.6666666665555555,0.6683050814301023,0.8926782708976518,0.7725453888611077,0.772439683379647,1.0328054068987016,0.28895659953218056,0.8047618311230902,0.4623655913422939,0.15149055205569997,1.7075745740532646
175,random,27,117,4.338164209029841,True,27,False,0.001123082940466702,3.332204510175204,0.2114413141179743,1.3846153845088758,0.17952789765081545,0.21669818967840673,0.2962962962962963,0.0,0.0,4.340738129792005,0.47957386237946176,0.7184077054824145,0.541050840078587,0.4562267238695425,0.5396792694860717,0.5396792694860717,3.0813630660151325,0.9790669276291967,0.2863975819801112,0.1322564648195796,0.3875438426934499,0.5091400322401898,0.5329806194760898,0.5563490063626892,0.5612300386533676,0.5518434380943709,0.20879499682995276,0.2534515114303444,0.1111111111111111,0.1111111111111111,0.6666666664444444,0.6523239676322583,0.876116273262032,0.8007374029168081,0.7706166697324816,1.0422568542872959,0.2863975819801112,0.8633538718649226,0.4444444443333333,0.17731079352595933,1.7715066917043263
176,random,38,170,4.480928717592297,True,11,False,0.000681250006891787,2.4849066497880004,0.25790091052913494,1.5647058822363553,0.21738494561865157,0.17419354838707063,0.2894736842105263,0.0,0.0,4.51341369356853,0.4698467787395091,0.6774947893765696,0.5392992300637688,0.4585126446905159,0.526507436973885,0.526507436973885,3.1834439835649433,0.8445021828501733,0.27366742674907546,0.11258761036596002,0.36597097613048807,0.44853711405481694,0.46674241784781845,0.5070770833469084,0.5264020126844855,0.500287243309381,0.18440247466949883,0.22982245018328307,0.10526315789473684,0.10526315789473684,0.8333333331944445,0.6817829687282929,0.8935190621472517,0.8101577349324267,0.7902657941071918,0.9415437623949009,0.27366742674907546,0.7663815781886474,0.521929824491959,0.15125657057229716,1.7132354000019792
177,random,33,155,4.711863375541907,False,53,False,0.0029482910176739097,3.9889840465642745,0.21280545162968012,1.4903225805393963,0.24663153530550266,0.19397993311033185,0.30303030303030304,0.0,0.0,4.274770456200885,0.48339709496140887,0.6755729317052575,0.5400213260121258,0.45589951659282746,0.5300072406386912,0.5300072406386912,3.155605081895061,0.49312320556065287,0.28725274522351435,0.12377344312429381,0.3897381212920402,0.46664229528466533,0.5142742108513229,0.5390057561493637,0.5430310867577871,0.5367415076821257,0.21567580376886272,0.23928150843541474,0.12121212121212122,0.12121212121212122,0.6666666665555555,0.6603823751563472,0.8835799993323434,0.7847231940537559,0.7707601985474248,1.0415119160819089,0.28725274522351435,0.8376960398682204,0.45454545448989897,0.1643537952701839,1.7438480348518177
178,random,33,162,4.916887022867623,False,47,False,0.0026760839391499758,3.871201010907891,0.259650889765865,1.6296296295189758,0.21061441287710964,0.19710834553437093,0.2727272727272727,0.0,0.0,4.7160244668737565,0.4589248246379362,0.680949860525931,0.538670541804314,0.460159270006123,0.5239079079025694,0.5239079079025694,3.204408558602262,0.22444703693784895,0.27962068058680195,0.12115937252688447,0.35951238673499375,0.46297639904133836,0.5023760508505704,0.541838225674459,0.5502944274535887,0.5370816121736988,0.22006603169130395,0.2399917934835678,0.12121212121212122,0.12121212121212122,0.8333333331944445,0.6656123141964689,0.8858927613736872,0.7847231940537559,0.7734632140413147,1.0275086664032882,0.27962068058680195,0.8283116716106258,0.5378787878093434,0.16709157817946205,1.8129027181862332
179,random,25,127,5.085805187522238,False,23,False,0.0010880830232053995,3.1780538303479458,0.24571191050289976,1.377952755815095,0.15261910121790812,0.24138904573680367,0.28,0.0,0.0,5.014527426517106,0.4437281968030418,0.7232285570717096,0.5411158609365468,0.4549853621990231,0.5265787621715843,0.5265787621715843,3.1795393041032725,0.09429404089311422,0.29330440809816927,0.11680476691228076,0.36947901922817833,0.47511995474727686,0.49472956012682934,0.5126427741279267,0.5167560312951202,0.5081867455301339,0.2034134382230202,0.22376357993399298,0.12,0.12,0.9999999996666666,0.6690173437897013,0.8897588865822614,0.7866278610665535,0.7765325743470841,1.0116667430290098,0.29330440809816927,0.8019043067465478,0.6199999998333333,0.15592950626715407,1.8711382209452045
180,random,24,79,3.2944908113414186,True,8,False,0.00022325001191347837,2.1972245773362196,0.35959171417477026,1.8227848099419965,0.26388137322200417,0.2100047192070741,0.2916666666666667,0.0,0.0,4.244875677263873,0.4851498259737776,0.6200629153606896,0.5368087636547524,0.45174176938926325,0.5141233106404505,0.5141233106404505,3.2832819113453344,0.039641964465058535,0.29878309311008183,0.12327450851764331,0.3897628822772579,0.4823862478396483,0.5081175454390737,0.5339774828838229,0.5405117103801508,0.5263068679968292,0.21450239818610145,0.23263318022968948,0.125,0.125,0.9999999996666666,0.66307828791214,0.8840209579673686,0.7788007830714049,0.7699891095649977,1.045515625403973,0.29878309311008183,0.8287318864275105,0.6249999998333333,0.16056607454569397,1.9130810539166196
181,random,36,128,3.5496196587931697,True,28,False,0.001018958049826324,3.367295829986474,0.3247595263887183,1.7812499998330078,0.2435173581818516,0.16552020636281908,0.25,0.0,0.0,4.5600498035182,0.46728700087188635,0.6409672101145836,0.5372080211339251,0.4602728024292411,0.516588747475113,0.516588747475113,3.2634025951953203,0.1742317072809765,0.265319790467035,0.1171762133372279,0.34782783872031753,0.4485350291477853,0.4788744661958273,0.5083373813178866,0.5110294110661875,0.5071836542829005,0.20363214081187023,0.24662557394977536,0.1111111111111111,0.1111111111111111,0.49999999991666666,0.6761899152754616,0.8894284501982815,0.8007374029168081,0.7838325130775821,0.9742396458031188,0.265319790467035,0.7839511920577382,0.36111111106944443,0.16525757237927588,1.5756396659734937
182,random,26,96,3.710087901847879,True,4,False,0.00020587502513080835,1.6094379124341003,0.2951184633188543,1.6249999998532987,0.3047902951423956,0.1874249098917952,0.2692307692307692,0.0,0.0,4.299018816904278,0.48198468858178717,0.6182127079112307,0.5387153242237334,0.46257233279861226,0.5165554418817915,0.5165554418817915,3.260858612134531,0.35095302594893246,0.2882865367560989,0.11200490118086313,0.3519425386438324,0.46094224558268737,0.4826534432444301,0.4922757441847596,0.494861730697012,0.4896897576725073,0.194309873696762,0.21967147702050238,0.11538461538461539,0.11538461538461539,0.6666666664444444,0.6744664470017625,0.8940398756384897,0.7939226578179512,0.7822852562241612,0.9821433035481861,0.2882865367560989,0.7773687837610005,0.44871794860683756,0.15342940340868377,1.6678026725326207
183,random,38,146,3.850390313927245,True,36,False,0.0018382089911028743,3.6109179126442243,0.2875624930131117,1.4748858446209,0.21560977290222835,0.16881983240220516,0.2631578947368421,0.0,0.0,4.223332385643825,0.4864208100092296,0.6684650271964852,0.5401714246450726,0.4587886529326864,0.5303564258208966,0.5303564258208966,3.152692714946481,0.5593633553860097,0.2668380420912597,0.11323620846821415,0.32088580233773767,0.45452160248035683,0.4801868729168108,0.49626978796664023,0.498744470361283,0.49540030496311704,0.19028595872125406,0.2345127424671365,0.10526315789473684,0.10526315789473684,0.8333333331944445,0.6755903719301541,0.892939715281164,0.8101577349324267,0.7876955487911236,0.9545744876257003,0.2668380420912597,0.7758932565804445,0.521929824491959,0.16489596779000876,1.729557090953672
184,random,28,116,4.132001836633343,False,29,False,0.0013565830886363983,3.4011973816621555,0.24369442580929113,1.5287356320609062,0.18853550373995498,0.20448179271702957,0.2857142857142857,0.0,0.0,4.318030016627751,0.48088309275200924,0.7003453529324977,0.5396481796762541,0.4575546487596853,0.5361235819114087,0.5361235819114087,3.1104001863390964,0.9448494523046166,0.27336265539871113,0.13148269492198666,0.4156961585525203,0.4821119849104425,0.5021093086816777,0.5135701443848942,0.5147462310794481,0.5125682927562003,0.19752238322709076,0.2600535047411048,0.10714285714285714,0.10714285714285714,0.6666666664444444,0.6657305125667901,0.8767944480028369,0.8071177470053893,0.7781160678674995,1.0035183085961732,0.27336265539871113,0.8082749766808975,0.44047619036507935,0.16746856940011212,1.6895823918448
185,random,26,110,4.224717478136077,True,11,False,0.00039020797703415155,2.4849066497880004,0.32023866212320323,1.7333333331967677,0.23518993573414446,0.21500334896174983,0.2692307692307692,0.0,0.0,4.739582736117348,0.4576877547562462,0.6468615291072705,0.5376693632709477,0.4571141654913876,0.5134148570816812,0.5134148570816812,3.2871957538491343,0.9956988322099531,0.2892551794133528,0.12734537536849067,0.42929702961853816,0.4787221171757341,0.500237251029568,0.5190627948406417,0.5230313062310336,0.5150942834502498,0.20073648782411485,0.24018107007038703,0.11538461538461539,0.11538461538461539,0.9999999996666666,0.66656123843994,0.8804295414031763,0.7939226578179512,0.7752425819041602,1.0183171536035256,0.2892551794133528,0.8099527704059175,0.6153846152179487,0.1555568377226622,1.8701494027598813
186,random,32,144,4.4915432085373475,True,10,False,0.0006270830053836107,2.3978952727983707,0.2689970193566289,1.481481481371742,0.22969213098303604,0.20476098316233698,0.3125,0.0,0.0,4.72416952181335,0.45849636346458633,0.6665122425360975,0.5401072819633552,0.4514186989324682,0.5167032466240556,0.5167032466240556,3.2571337204726727,0.8305741997463627,0.2977606476146656,0.11687764184662994,0.419591792809332,0.4715677518255485,0.49173065260092574,0.5231332745513002,0.5286797159196064,0.519733842744919,0.20868296832479713,0.21901993530394503,0.125,0.125,0.8333333331944445,0.6703623058602687,0.889694047824404,0.7788007830714049,0.7744479186377983,1.0224194609206663,0.2977606476146656,0.8054680319577752,0.5416666665972223,0.14367968814568297,1.788575034315346
187,random,33,155,4.692254861224381,False,47,False,0.002867459086701274,3.871201010907891,0.2246668632394602,1.4903225805393963,0.2262761732265178,0.20624285013887786,0.2727272727272727,0.0,0.0,4.810949671075189,0.45398057523030716,0.683686274093479,0.5400213260121258,0.4605360841633826,0.5228606180132543,0.5228606180132543,3.2099080587502242,0.5236311908244485,0.2869462982711244,0.12215039932574344,0.3896584078016381,0.47846952743053967,0.49502711665319105,0.5383742112879067,0.5503949136328942,0.5316125662188513,0.2140628613348516,0.23530412950540103,0.12121212121212122,0.12121212121212122,0.6666666665555555,0.668884188695271,0.8850152527953287,0.7847231940537559,0.7744726014416499,1.0222919770197785,0.2869462982711244,0.8177299376308573,0.45454545448989897,0.1583978667937855,1.7176195571856663
188,random,30,149,4.9703364937786105,True,26,False,0.0013516249600797892,3.295836866004329,0.2624324133517449,1.4765100670149993,0.26655462154082443,0.22246696035237834,0.3,0.0,0.0,4.983970605838726,0.4452374318099817,0.6479431325744706,0.5401556276402559,0.4518542650072261,0.5070401091993564,0.5070401091993564,3.332558642478251,0.1742692934875105,0.3168869108382936,0.1108116737223222,0.4093845795768029,0.49117055848899244,0.5017312954518113,0.5193099952076832,0.5242540858429471,0.5157297916442161,0.160572550758025,0.19450607071772152,0.1,0.1,0.6666666664444444,0.6658980891113011,0.8951073052836637,0.8187307530779818,0.787301945460074,0.956573745856356,0.3168869108382936,0.8015294307451591,0.43333333322222223,0.1364117211012492,1.6881613959069242
189,random,37,191,5.149225469899267,False,25,False,0.002191833918914199,3.258096538021482,0.2067307908412526,1.4851657939704168,0.2108407713016134,0.2008928571428329,0.2972972972972973,0.0,0.0,4.767700450466307,0.45621996583919117,0.6997209743129692,0.5400714585903054,0.45723115461039443,0.526516110963176,0.526516110963176,3.181947198922094,0.06470240910214445,0.2870105091010784,0.12449716475543197,0.40916020283683996,0.45909211363732827,0.49491064126805695,0.541802165854311,0.5558763407424726,0.5363288756200258,0.19213381112019157,0.24331097242208966,0.10810810810810811,0.10810810810810811,0.49999999991666666,0.668936304548445,0.8829407647158464,0.8055611076677214,0.7806774025145218,0.9903730805846609,0.2870105091010784,0.8138451769752604,0.35810810806644144,0.15833265217391915,1.6172964463166994
190,random,28,94,3.3676770049330176,True,12,False,0.00030937499832361937,2.5649493574615367,0.2652709816653638,1.4893617019797798,0.2773902684287987,0.1898258791395733,0.2857142857142857,0.0,0.0,4.433324231397515,0.47430881230771155,0.6412062535343029,0.5400306666510017,0.4561761185760315,0.5176829117020889,0.5176829117020889,3.249698796209738,0.06347781234690743,0.29590884393869527,0.11201262207429466,0.37867036715398744,0.4543024724980406,0.49412167294175274,0.5252770646153606,0.5318044330360252,0.5197167137384981,0.18206259237965544,0.21365953654925396,0.10714285714285714,0.10714285714285714,0.9999999996666666,0.6692895351896714,0.8940329728785342,0.8071177470053893,0.7845756450358241,0.9704491426247716,0.29590884393869527,0.8022758533443469,0.6071428569761904,0.14827677888322452,1.8536043331424572
191,random,28,100,3.558580443212988,True,9,False,0.0002545409370213747,2.302585092994046,0.3022875746052434,1.9599999998170667,0.21400672737738535,0.20534417659012333,0.2857142857142857,0.0,0.0,4.54753231941908,0.46797132207531145,0.6644851943137811,0.5354939774933737,0.4552478288256645,0.521175682598194,0.521175682598194,3.231237991584539,0.18203352858388006,0.28063504817562535,0.11941450216720148,0.3783965923470081,0.4433248858785855,0.5032432137041373,0.5456816521057101,0.5495665753999798,0.5423722730031839,0.1945435086522158,0.23115348401859537,0.10714285714285714,0.10714285714285714,0.9999999996666666,0.6652283482031512,0.8874398787619768,0.8071177470053893,0.7810560399223418,0.9884335054696385,0.28063504817562535,0.8247199169200463,0.6071428569761904,0.15960956965317488,1.872107391725037
192,random,35,130,3.711508521389301,True,14,False,0.000538666034117341,2.70805020110221,0.25214399523766956,1.4358974357685734,0.23935564432898754,0.17017761255675956,0.2857142857142857,0.0,0.0,4.510633503885473,0.47000026474807394,0.666546539846942,0.5405508990223582,0.45794239796682296,0.523495731581169,0.523495731581169,3.204072075800352,0.3528543901836431,0.2751512167344835,0.11742681117997678,0.3780229445023702,0.45327542959650524,0.477605775969909,0.5185347230812392,0.5279575802236589,0.5141004373671594,0.20255430268022986,0.234690477000576,0.11428571428571428,0.11428571428571428,0.49999999991666666,0.6767705001312642,0.8892055892727823,0.7956694616416928,0.7823338070962074,0.9818950597534086,0.2751512167344835,0.7875117131805861,0.3642857142440476,0.1549002982746989,1.5818489424338162
193,random,38,149,3.9155717383122624,True,16,False,0.0007904169615358114,2.833213344056216,0.2531129850364617,1.5302013421517948,0.27471998243407825,0.1673973047572386,0.2894736842105263,0.0,0.0,4.849027822064384,0.452027056579741,0.6464246476645782,0.5396339519072444,0.4583551218928725,0.5116364484912294,0.5116364484912294,3.2974280971544596,0.6631383995203008,0.27789386970228813,0.11342404307453649,0.37665789953031714,0.43468586015389715,0.49044049757135094,0.5256030970725936,0.533179775870653,0.5229410207381402,0.19006677359988441,0.2269546085885208,0.10526315789473684,0.10526315789473684,0.49999999991666666,0.6709425848462143,0.8927720060525661,0.8101577349324267,0.7858358449508667,0.9640294229940711,0.27789386970228813,0.8007587395076188,0.35526315785307017,0.15323145199773044,1.5871472190607074
194,random,28,116,4.136166647576751,True,32,False,0.0010574170155450702,3.4965075614664802,0.26980907111175106,1.5287356320609062,0.30519541269709893,0.20897959183667783,0.2857142857142857,0.0,0.0,4.70439136284547,0.4595381610567195,0.6253475213138004,0.5396481796762541,0.45662753289792024,0.5081614352131675,0.5081614352131675,3.32466224522333,0.9482870863930725,0.3001659474620875,0.12672611585620497,0.40897916646231747,0.5068651536620072,0.5142410164126426,0.5321079743713366,0.5384132009311989,0.5267368554499725,0.18634844489050337,0.23222206580881322,0.10714285714285714,0.10714285714285714,0.9999999996666666,0.6603968517304329,0.8809749246210316,0.8071177470053893,0.7772638677726648,1.0079015472326178,0.3001659474620875,0.8268821148209368,0.6071428569761904,0.1593568451584419,1.8935477644176568
195,random,25,108,4.301894296978175,False,21,False,0.0009508330840617418,3.091042453358316,0.21767466273018504,1.5432098764241349,0.18932462960317678,0.23399232812032045,0.32,0.0,0.0,4.370924490087816,0.47784447282214554,0.7095328499378449,0.5395077098589804,0.4501803146046704,0.5344189607582523,0.5344189607582523,3.1233989019023456,0.9939411023174346,0.30355090876066,0.12172065942571103,0.3867180403184183,0.4878601816697434,0.504896023814248,0.5367197770481793,0.54564161692113,0.5270544505191496,0.20355332023140427,0.2242134900077999,0.12,0.12,0.9999999996666666,0.6644977355082917,0.8853956608940068,0.7866278610665535,0.773511437270523,1.027259285566023,0.30355090876066,0.8241442423961888,0.6199999998333333,0.15688461494346587,1.9045797659336479
196,random,32,144,4.5082798055908135,True,13,False,0.0005917499074712396,2.6390573296152584,0.29513661943201264,1.407407407303155,0.2463764705695294,0.19876670092493343,0.28125,0.0,0.0,4.746651656454507,0.4573178579769138,0.6486590792348605,0.5408285299319681,0.4567621900136778,0.5136196171915739,0.5136196171915739,3.279742318356972,0.8077967391632402,0.2975327667000621,0.11620091870023441,0.4212990352684795,0.4730680337189832,0.48039441000540206,0.5114793724102132,0.5236543969274856,0.5040172606093043,0.20580252038066826,0.21759199383454964,0.125,0.125,0.6666666665555555,0.6754956606438084,0.8902963281453092,0.7788007830714049,0.7765948539635018,1.0113459471181974,0.2975327667000621,0.7875847263056758,0.45833333327777775,0.14026668620458235,1.6837175124880979
197,random,34,157,4.625355104351907,False,41,False,0.002428416977636516,3.7376696182833684,0.2690365570462207,1.7324840763080585,0.239715505391901,0.1981069412155101,0.2647058823529412,0.0,0.0,4.68714457757255,0.4604504925964661,0.6607605357968598,0.5376775470711024,0.4609341940234294,0.5195435871138809,0.5195435871138809,3.2397145234105658,0.6298941838423994,0.2835508131654342,0.11510536348047054,0.409206439181394,0.45225929980691365,0.4640080686421705,0.5080321735431972,0.5251809119697705,0.49919797495981083,0.1983707037420364,0.22482873827233907,0.11764705882352941,0.11764705882352941,0.9999999998333333,0.6830563447150084,0.8912722314150962,0.7903383629814982,0.7835980072336027,0.975436538897974,0.2835508131654342,0.7676168313492782,0.6176470587401961,0.14144779785368572,1.810262501108594
198,random,35,173,4.952001200130506,False,37,False,0.0025210410822182894,3.6375861597263857,0.24947180437068323,1.5510597301458822,0.1567673004024518,0.1976201235125474,0.2857142857142857,0.0,0.0,4.779957589171109,0.4555830662477755,0.718958252831287,0.5394315590860873,0.4581918020528363,0.5314219887804784,0.5314219887804784,3.146034822924953,0.19049637855363238,0.26890923031735386,0.12374492792871267,0.3557904477978814,0.4859692704230169,0.5046707303113926,0.5432349158291375,0.558143087306502,0.5362193057221427,0.21877371747533064,0.24907181540159407,0.11428571428571428,0.11428571428571428,0.9999999998333333,0.6645972303807952,0.8836051951480661,0.7956694616416928,0.775978745516241,1.0145205907088406,0.26890923031735386,0.830981617594794,0.614285714202381,0.1726364094611809,1.8868129715757098
199,random,37,187,5.059952940158828,False,57,False,0.003880250034853816,4.060443010546419,0.23078100319277642,1.5828877004303623,0.19131598371724798,0.19198170321536498,0.2972972972972973,0.0,0.0,4.646840105773706,0.46259673488458547,0.703335518153926,0.5391230187733875,0.45697907523274267,0.5297697330129945,0.5297697330129945,3.1590628208270397,0.10906559701153815,0.2811511400549582,0.12897424842033342,0.38442039777680437,0.4801509269754909,0.514168989446509,0.5542779657849445,0.567078876668088,0.5492998337748332,0.20211647003409858,0.2501035362370916,0.10810810810810811,0.10810810810810811,0.8333333331944445,0.6604282659133979,0.8789966008051273,0.8055611076677214,0.7761942946546472,1.0134096365348215,0.2811511400549582,0.8418370898475059,0.5247747747053304,0.17152436780607302,1.8192873724138674
200,random,30,102,3.402140722332431,True,13,False,0.00038670795038342476,2.6390573296152584,0.27192998772124505,1.6666666665032681,0.2596367466679724,0.18463407227446565,0.3,0.0,0.0,4.181453456827094,0.4889106833043414,0.6487291914456744,0.5383125503071275,0.4526385818992,0.5236183355139553,0.5236183355139553,3.2072848389727695,0.07822169486483052,0.2909545483239867,0.12410794484372671,0.3824585913717693,0.4963374234435388,0.5245441299137208,0.5393220099569527,0.5437516600890416,0.5361143322750951,0.1823842654901257,0.23354490694786212,0.1,0.1,0.6666666664444444,0.6559337839939035,0.8832844897303007,0.8187307530779818,0.7798909893284187,0.9944045001865455,0.2909545483239867,0.8398012012647286,0.43333333322222223,0.16600640031981906,1.7300954831307567
201,random,35,126,3.5947492047079597,True,18,False,0.0005202910397201777,2.9444389791664403,0.2892685064882771,1.5740740739283263,0.3234274408678427,0.16276373753763904,0.2571428571428571,0.0,0.0,4.443132802815631,0.47375779742160073,0.6107216883982837,0.5392084227180073,0.4610332111204898,0.5109487118111498,0.5109487118111498,3.3035973373744856,0.21601548239535445,0.27643013007012296,0.12696497655863342,0.41759242106708755,0.4653176832880793,0.49354854016110195,0.5289448497909303,0.5469254170006955,0.5204834063980998,0.20680247105594507,0.24881115729619752,0.11428571428571428,0.11428571428571428,0.6666666665555555,0.6695463676675247,0.8807645194614773,0.7956694616416928,0.7770656648748165,1.0089216804550771,0.27643013007012296,0.8097215828205533,0.447619047563492,0.15940936832385705,1.6931801287780255
202,random,24,89,3.7005850621235883,True,6,False,0.00021141604520380497,1.9459101490553132,0.31600811481261126,1.8876404492685266,0.24626680578192273,0.21621621621612633,0.2916666666666667,0.0,0.0,4.550333966037001,0.4678179841733085,0.6421976791139058,0.53618651785026,0.4539101456794062,0.5147209498692263,0.5147209498692263,3.2797946680072645,0.3383735479048802,0.2969125104978337,0.13283115165210024,0.42372590576415814,0.5100564661112053,0.5334079099217145,0.5443360202759931,0.5475599649147539,0.5405513896131002,0.22646208530238984,0.24461735758617653,0.125,0.125,0.9999999996666666,0.6521421948651963,0.8756129254235718,0.7788007830714049,0.7632971041296042,1.0804317309994302,0.2969125104978337,0.8621914413853085,0.6249999998333333,0.16732649423011817,1.9514304459465937
203,random,37,144,3.8893910985513984,True,13,False,0.0005996250547468662,2.6390573296152584,0.2406516929121113,1.5416666665346257,0.2216013715821126,0.17128962536019968,0.2702702702702703,0.0,0.0,4.273244529409635,0.48348625328078315,0.6809342582374917,0.5395226829376603,0.45876799356925774,0.5325505146512032,0.5325505146512032,3.137380532161975,0.6215170347877602,0.2732493771026556,0.11038048347340094,0.348761356981074,0.45889011244174827,0.48659340185133226,0.5208113961656421,0.5303144154476077,0.5171157775559887,0.19553645814010498,0.21514622804350636,0.10810810810810811,0.05405405405405406,0.33333333327777775,0.6726788903775893,0.8954933500488281,0.8975305608544599,0.8146538916016942,0.8199677103418079,0.2732493771026556,0.7958832144691796,0.22072072069294293,0.1525388063523093,1.4423921186170874
204,random,28,116,4.155137323233154,False,31,False,0.0010762909660115838,3.4657359027997265,0.30595015294564,1.609195402169375,0.22798625489903582,0.21660079051377693,0.25,0.0,0.0,4.8747177466316725,0.4507185596430002,0.655374672010632,0.5388682582500527,0.4600571996172712,0.5141252995583908,0.5141252995583908,3.2794372261603613,0.9626403368767803,0.2947635814376929,0.11728728268133837,0.41547750988822896,0.47274290259854856,0.5200434104936652,0.530624932691805,0.5315497447457684,0.5298371298310213,0.18958412813633616,0.21655595586416188,0.10714285714285714,0.10714285714285714,0.9999999996666666,0.6578759482107354,0.8893296674496539,0.8071177470053893,0.7787198203073309,1.000415849436016,0.2947635814376929,0.8327519088736517,0.6071428569761904,0.14948704188014617,1.8841453891676814
205,random,36,154,4.2793933137769935,True,13,False,0.0005465840222314,2.6390573296152584,0.3167872965376651,1.7922077920681396,0.2720577631260959,0.18414096916296313,0.2777777777777778,0.0,0.0,4.570716599647375,0.46670543279479937,0.628430616692723,0.5371026306072008,0.45535025772584026,0.5111502680158512,0.5111502680158512,3.3059327362978737,0.9986985601455476,0.2875125095053422,0.11704837926133094,0.38764642419289613,0.4622056482044421,0.4931953270618805,0.5660372307659002,0.593602240130834,0.5542236553237858,0.19931887854455815,0.22321268174342812,0.1111111111111111,0.1111111111111111,0.49999999991666666,0.669704747849481,0.889542156729919,0.8007374029168081,0.7813519060563164,0.9869185815978112,0.2875125095053422,0.8260436620809702,0.36111111106944443,0.15190598985159565,1.6265732725073527
206,random,29,132,4.536917067851704,False,37,False,0.0017332079587504268,3.6375861597263857,0.23964633158079962,1.4646464645392052,0.1983245124413296,0.2150684931506358,0.27586206896551724,0.0,0.0,4.254674602013448,0.48457391633879004,0.6956247772529326,0.5402710329841777,0.4583922780135579,0.5366083870125429,0.5366083870125429,3.1056311877989677,0.7668047528899945,0.28555297166614235,0.12162189853566227,0.38001585674849603,0.5018526528630953,0.5122700276159847,0.5279540209211636,0.5319856553798573,0.52478630813219,0.1876416441529791,0.23547090752436306,0.10344827586206896,0.06896551724137931,0.3333333332222222,0.6612575675895979,0.885483107675612,0.8711587695892689,0.7990048513094077,0.8975530409904602,0.28555297166614235,0.8231574491148113,0.2356321838524904,0.16359550614807283,1.5079381107815166
207,random,33,155,4.68916867918148,True,31,False,0.001562874997034669,3.4657359027997265,0.2725504214137907,1.9870967740525285,0.20506788896030498,0.2102461743179956,0.2727272727272727,0.0,0.0,4.627718076882549,0.4636220104036268,0.6798091580167125,0.5352350992729182,0.4579343326528182,0.5245474183638956,0.5245474183638956,3.205926974880544,0.5284736620427234,0.27499185972379786,0.10609070268012534,0.3560490955806189,0.45090015009358286,0.4635915474684087,0.5236977355719193,0.548065840489969,0.5099906765555164,0.2127263796788932,0.20819898016115634,0.12121212121212122,0.12121212121212122,0.9999999998333333,0.6832507346258672,0.8993430715494335,0.7847231940537559,0.7841647753861383,0.9725444269889619,0.27499185972379786,0.7786220101740916,0.6212121211287879,0.14211894964001906,1.8169449406666964
208,random,28,138,4.9214358814158885,False,41,False,0.0018275000620633364,3.7376696182833684,0.25521698436674456,1.4202898549764054,0.22314042870995404,0.22620126926558787,0.2857142857142857,0.0,0.0,4.96860163916924,0.4460004090861281,0.6749937060018504,0.5407029571630412,0.4559611955934239,0.5158470540770779,0.5158470540770779,3.262665060826601,0.21983450158460976,0.3075945284250422,0.12429403058242448,0.417247030327095,0.4934340803155376,0.5250217634918505,0.5534125218056772,0.5609212161209246,0.5470162266482442,0.186241343264618,0.22311660692894564,0.10714285714285714,0.10714285714285714,0.9999999996666666,0.6557283469255513,0.8831201383757448,0.8071177470053893,0.776056870061395,1.014117896105593,0.3075945284250422,0.8482883602108436,0.6071428569761904,0.15557807282017308,1.9186038184322494
209,random,24,122,5.0763535666886765,True,8,False,0.0003676250344142318,2.1972245773362196,0.18667421695539538,1.3114754097500672,0.20231837447930345,0.2564971751411705,0.2916666666666667,0.0,0.0,4.603765392185622,0.4649127234028259,0.7127484434041709,0.5417654728873573,0.45107709834731047,0.530704572068873,0.530704572068873,3.1471211646115336,0.0995003621317345,0.3152328353678117,0.1223202340724428,0.447203447254539,0.4861561220493159,0.5186962832076969,0.5396893554541315,0.5443135659802234,0.534260934401763,0.205665886635863,0.21802475490483575,0.125,0.125,0.9999999996666666,0.6584595030995015,0.8848649592169422,0.7788007830714049,0.7684415079864383,1.053563318062243,0.3152328353678117,0.8399574325937285,0.6249999998333333,0.14565133673992334,1.9258416045347968
210,random,27,90,3.331658896706082,True,10,False,0.0002792500890791416,2.3978952727983707,0.30671497201026765,1.59999999984,0.3340214312045603,0.18964851293928559,0.25925925925925924,0.0,0.0,4.344774361935503,0.4793419002730509,0.6008661763868208,0.5389572780111674,0.4596523124969085,0.5096642836537197,0.5096642836537197,3.3141311124957613,0.05058341146885634,0.2858296816323522,0.1172016536900054,0.38720151581019685,0.463656707279687,0.5002792368715601,0.5297425171235521,0.5395023507948221,0.5207334398885337,0.19926574862095234,0.2270890070882774,0.1111111111111111,0.1111111111111111,0.6666666664444444,0.6665425844892972,0.8894058231125599,0.8007374029168081,0.7800803319907528,0.9934334943239811,0.2858296816323522,0.8149669325885742,0.4444444443333333,0.15483744085367218,1.7000784994079319
211,random,33,117,3.545579976872687,True,12,False,0.0005393750034272671,2.5649493574615367,0.26371365160839466,1.5042735041320767,0.23069724885398465,0.1763119176066267,0.30303030303030304,0.0,0.0,4.180620350006151,0.48896047351677824,0.6676941757958857,0.5398857463716074,0.45299415199571097,0.5288282480658283,0.5288282480658283,3.164764023849517,0.1707936693216696,0.28252926195762706,0.11641127377344297,0.38721980253656374,0.4593352329086766,0.4838600997854678,0.5039099369278404,0.5070458477316875,0.5021459871006764,0.2091221397358438,0.23505905280379435,0.12121212121212122,0.12121212121212122,0.8333333331944445,0.6739179792923721,0.8901090694921193,0.7847231940537559,0.777897279737991,1.0046431736557553,0.28252926195762706,0.7880956031833489,0.5378787878093434,0.15398380112915816,1.7624874540794775
212,random,30,112,3.72830567653295,True,8,False,0.00031870801467448473,2.1972245773362196,0.3303973591699744,1.6964285712771048,0.3100913946406443,0.18467410452137856,0.26666666666666666,0.0,0.0,4.593435261575185,0.46547159293625684,0.6057240318641686,0.5380252231938902,0.4591537643138065,0.5058736345228834,0.5058736345228834,3.3457233269584368,0.3757338819896331,0.2866025190831715,0.11355757529615054,0.37062621170476395,0.44666966149750464,0.50274325044625,0.547378596408196,0.5546483374947017,0.5421143011386573,0.18075801313197692,0.21958077530350284,0.1,0.1,0.6666666664444444,0.6654496699306705,0.8926528001822925,0.8187307530779818,0.786405054914836,0.9611331238907306,0.2866025190831715,0.8216220519333423,0.43333333322222223,0.15437758798779094,1.6959354922265268
213,random,33,130,3.927181942019216,True,17,False,0.0006130419205874205,2.8903717578961645,0.23424729424799953,1.3538461537315976,0.2592949138132946,0.18365998678701084,0.30303030303030304,0.0,0.0,4.695498776374351,0.46000811487294907,0.6610395198753918,0.5413512488458097,0.4538176353234556,0.5167630211927818,0.5167630211927818,3.2543704726186276,0.6814412621484541,0.287272677417063,0.12491455754773773,0.40773142904307336,0.4746344016219413,0.4851432057524543,0.4963720669348546,0.49704152236332766,0.4959954982563385,0.2055818185837287,0.24721349551923955,0.12121212121212122,0.12121212121212122,0.49999999991666666,0.6733357403694586,0.8825723085054537,0.7847231940537559,0.7754720532076108,1.0171333313875859,0.287272677417063,0.7847246938658138,0.37121212117045455,0.158218629670092,1.6014281221234234
214,random,37,156,4.203066454929846,True,62,False,0.0031495830044150352,4.143134726391533,0.2297381205923602,1.5021367520179933,0.2024166407898362,0.17083120856702858,0.2702702702702703,0.0,0.0,4.444056291154366,0.47370598466879354,0.6966479693191601,0.5399065076126859,0.4615348009384163,0.5340421883604345,0.5340421883604345,3.125481033915353,0.9888389685809684,0.26509673639765635,0.11589839211358123,0.35518716497369174,0.4552372465933501,0.47232379123393675,0.5042008182454678,0.5082725142065447,0.5026173809272713,0.19683849459730768,0.24157865050073268,0.10810810810810811,0.10810810810810811,0.49999999991666666,0.6791984249347163,0.8905657071996813,0.8055611076677214,0.7869015053425563,0.9586087566502143,0.26509673639765635,0.7736338240059976,0.35810810806644144,0.16013412937841698,1.5569727978485122
215,random,34,147,4.325311026955885,False,33,False,0.0020417909836396575,3.5263605246161616,0.26210837171863904,1.5419501132598044,0.22912665627102735,0.1956105208151549,0.29411764705882354,0.0,0.0,4.575673537627252,0.4664356662423432,0.669144315379132,0.5395199327179407,0.4554177172128486,0.5218838074416389,0.5218838074416389,3.21831676665037,0.9853386975261219,0.287449308450751,0.11012494086018368,0.35158959680225,0.46544722890887225,0.4924766248326608,0.5354671631589322,0.5551048909912798,0.5253507579119652,0.20547669533453214,0.2087708587548438,0.11764705882352941,0.11764705882352941,0.6666666665555555,0.6700272442204056,0.8957222160008745,0.7903383629814982,0.77987731954355,0.9944746120643123,0.287449308450751,0.8115793802457599,0.45098039210130714,0.15080342955736015,1.7008125103551783
216,random,35,159,4.545732551296313,False,41,False,0.0027531249215826392,3.7376696182833684,0.2572387697954306,1.614255765080715,0.228416788608405,0.1822642832106235,0.2857142857142857,0.0,0.0,4.49806762990097,0.4706952420484106,0.6711990940267594,0.5388192819311006,0.4590361838775003,0.525387049514869,0.525387049514869,3.19285524210873,0.7537476240871408,0.2759635743706512,0.1225053230512941,0.3560299895526045,0.48603842571641315,0.5076088646644278,0.5211828068519228,0.5281359615216727,0.5179107340661582,0.21157727731718348,0.24366936437469966,0.11428571428571428,0.11428571428571428,0.8333333331944445,0.663302016483291,0.8847011956211054,0.7956694616416928,0.7757948171375366,1.0154688134837868,0.2759635743706512,0.8210945874196851,0.5309523808829365,0.17072744792659186,1.7987379905998646
217,random,38,178,4.685934897400537,False,69,False,0.004185208003036678,4.248495242049359,0.2697149346233361,1.7078651684177923,0.2056927836547117,0.1858635191968273,0.2894736842105263,0.0,0.0,4.9074133180908435,0.4490641510791973,0.6804170702105438,0.5379148936624273,0.45708777215170077,0.5188331659411836,0.5188331659411836,3.2447465134834257,0.5335580233420317,0.272241177089762,0.11785550765357967,0.37369546536023956,0.46497516195962163,0.4843126748295337,0.5097555387435103,0.5167022055516619,0.5073148179730786,0.19104482091865085,0.23896360787438153,0.10526315789473684,0.10526315789473684,0.6666666665555555,0.6737124980185494,0.888824471670076,0.8101577349324267,0.7857542343118781,0.9644448526424984,0.272241177089762,0.7869516494309516,0.4385964911725146,0.15879568309400321,1.6565850007872314
218,random,27,132,4.871873731765809,True,9,False,0.0003306659637019038,2.302585092994046,0.26827168497603865,1.772727272606405,0.26886469858349327,0.22194922194916136,0.2962962962962963,0.0,0.0,4.708129086407739,0.45934091701092045,0.6448584681597616,0.5372900201415767,0.45312234001983653,0.512002016709295,0.512002016709295,3.298924106020813,0.2735249575886943,0.3043578546865245,0.12284611529380984,0.39172782265829187,0.484948177762053,0.5369687444374555,0.5648592040636896,0.5728724151962471,0.5574623937874829,0.1995740051134501,0.22261870557430363,0.1111111111111111,0.1111111111111111,0.9999999996666666,0.6506313180532562,0.8843997476851698,0.8007374029168081,0.7723685173220367,1.0331739500306287,0.3043578546865245,0.8692918477476628,0.6111111109444445,0.1622454831890534,1.947006296567685
219,random,24,122,5.083930711064135,False,25,False,0.0010267499601468444,3.258096538021482,0.24407334899085087,1.3770491802375706,0.2001884116480106,0.24672156145158686,0.2916666666666667,0.0,0.0,4.765778671563782,0.45631998592161743,0.6928566734571467,0.5411246801699275,0.4524891110367141,0.5230064069589996,0.5230064069589996,3.2067518130324957,0.09530914059821295,0.3156603631729856,0.10681080127847592,0.37613708430247894,0.4828945404555061,0.5094878845136265,0.5186277891347465,0.5207600387428253,0.5161247135078715,0.2020097699982557,0.1906078475742592,0.125,0.125,0.9999999996666666,0.6624763340331221,0.8986956889817889,0.7788007830714049,0.773991994539995,1.0247749884716861,0.3156603631729856,0.8193042215805637,0.6249999998333333,0.14144776726853436,1.901412351855417
220,random,35,119,3.393956537362431,True,14,False,0.00046262494288384914,2.70805020110221,0.24332693421125928,1.4705882351499424,0.26528233668040646,0.16116636528025288,0.2857142857142857,0.0,0.0,4.142859855745234,0.4912279065171164,0.6547235324377894,0.5402132271698658,0.45854055848616043,0.5283311849126494,0.5283311849126494,3.1679191337794634,0.07449217326301419,0.27256763112053156,0.11419121085000038,0.35513545841926986,0.43104248015398233,0.46970110057441805,0.5371147859585105,0.5394955893405574,0.5359944078963708,0.2041880384880621,0.23063030100157023,0.11428571428571428,0.11428571428571428,0.6666666665555555,0.680410458704263,0.8920873627903892,0.7956694616416928,0.7845796134866614,0.9704289103373691,0.27256763112053156,0.7893055031756888,0.447619047563492,0.15501977866407937,1.664511960523792
221,random,31,110,3.5484445172648504,True,11,False,0.00037929206155240536,2.4849066497880004,0.3519328761113754,1.7848484846808172,0.22917847987129178,0.18131708732225665,0.25806451612903225,0.0,0.0,4.248363879014785,0.4849446579553392,0.6402533637588943,0.5371734068448215,0.4580276906127576,0.5219696612841279,0.5219696612841279,3.2220175609765436,0.17322652602642524,0.26707188816017824,0.11556724252040433,0.3521783057098152,0.44783314783517386,0.5043340451620522,0.5248714096811081,0.5293904444218116,0.5218587198539725,0.23986433934441734,0.2346848484564752,0.12903225806451613,0.12903225806451613,0.9999999998333333,0.6647459739517338,0.8908606665064496,0.7725453888611077,0.7705423295187529,1.042642746796384,0.26707188816017824,0.8267358348387106,0.6290322579811828,0.16457610398439565,1.887416084964467
222,random,35,128,3.670354890964441,True,13,False,0.0004895000020042062,2.6390573296152584,0.27858498164786505,1.5494791665254382,0.29635788111711897,0.1704276810659423,0.2857142857142857,0.0,0.0,4.499091635850001,0.4706385307257553,0.6272723010897691,0.5394468902727644,0.4562719562029985,0.5126124174044379,0.5126124174044379,3.290151895873506,0.30002700046681224,0.28286590241659315,0.12755735441938246,0.3645693732826195,0.49898723973175546,0.5073222537817504,0.5310404681007996,0.5363000954296094,0.5285653493578304,0.20787409483393474,0.24749968015089485,0.11428571428571428,0.11428571428571428,0.49999999991666666,0.6634281405260755,0.8802429285643176,0.7956694616416928,0.774538555480943,1.0219513517676528,0.28286590241659315,0.824811011540634,0.3642857142440476,0.1725762736413615,1.6445389018426362
223,random,32,127,3.964371764443157,True,10,False,0.00038745906203985214,2.3978952727983707,0.2540243123562888,1.5958005248003526,0.2406338726851308,0.1857344632767924,0.25,0.0,0.0,4.3018874692676565,0.4818181425377543,0.6651845163817782,0.5389979424888075,0.46258089068156777,0.5292623362580499,0.5292623362580499,3.1631277570535454,0.738881358421922,0.27314051764423847,0.12786986990997914,0.3634193346388878,0.4770776530353734,0.49584003693968987,0.5271733275017952,0.5367072894492508,0.5213299314694837,0.2299691808988157,0.25501819871284126,0.125,0.125,0.9999999998333333,0.6685206808917086,0.8799678819940485,0.7788007830714049,0.7709082306824083,1.040743750207618,0.27314051764423847,0.8169189959152914,0.6249999999166667,0.1732819514691455,1.888341464945342
224,random,30,123,4.085648737425111,True,10,False,0.00039850000757724047,2.3978952727983707,0.2681283885338809,1.7073170730319254,0.21881987835732344,0.21029945553534246,0.3,0.0,0.0,4.630314635739004,0.46348252280810204,0.6731458601480539,0.5379201801388248,0.45206536245718243,0.5205325890317684,0.5205325890317684,3.231656211746518,0.9000927289611591,0.28855311355068197,0.1256976077818166,0.38138798886272407,0.47836800379732936,0.49815323980526405,0.5191652727661965,0.5268100258681505,0.5136294170716782,0.17588978798856986,0.24544915249359867,0.1,0.1,0.6666666664444444,0.6674884607465015,0.8818814805644768,0.8187307530779818,0.7840282224133899,0.9732410400845533,0.28855311355068197,0.8017083231855048,0.43333333322222223,0.165824177063085,1.689418947021494
225,random,34,146,4.301700453357629,True,15,False,0.0007312910165637732,2.772588722239781,0.2841342316876068,1.7077625569450594,0.24810803002057202,0.19108891876316667,0.29411764705882354,0.0,0.0,4.929021365676441,0.4479774250934352,0.6511938184447111,0.5379158833602239,0.4537049715563303,0.509620213592018,0.509620213592018,3.3164111115083443,0.9939968730261319,0.28674129927821634,0.12332313779028987,0.3742592253944981,0.47827656882498004,0.49935465324260503,0.5421205544124809,0.5631084317570083,0.5313086175986332,0.21018183564048112,0.24044166793473454,0.11764705882352941,0.11764705882352941,0.9999999998333333,0.6669536109000849,0.8839779697164305,0.7903383629814982,0.7752647617292306,1.0182027145448092,0.28674129927821634,0.8229603893589658,0.6176470587401961,0.16466908135240893,1.8920178287297873
226,random,25,111,4.446864339946398,True,9,False,0.00030275003518909216,2.302585092994046,0.19887952779045587,1.501501501388776,0.2398700972046618,0.2392480774707379,0.32,0.0,0.0,5.05227783225702,0.4418777322262847,0.6844670199306455,0.5399126801814754,0.4493188613361366,0.514126233408762,0.514126233408762,3.2774936596796453,0.8861153215447588,0.314524607298908,0.12566616745640183,0.4287965242781915,0.5022992810980327,0.5151172383209768,0.5425339262792915,0.5509979264886885,0.5333645927191115,0.20086063912234836,0.2234667379421722,0.12,0.08,0.3333333332222222,0.6600149313251695,0.8819092076410748,0.8521437889662113,0.7915836951360379,0.9348786461861982,0.314524607298908,0.8365993612412097,0.24666666661111109,0.15202727644369815,1.5498179115949269
227,random,26,122,4.701218927817074,False,25,False,0.0009752080077305436,3.258096538021482,0.32429748904707817,1.704918032665771,0.19234921060125612,0.23828756058151904,0.2692307692307692,0.0,0.0,4.948809837573802,0.44698681418002717,0.6696680785615866,0.537943320527929,0.4548652572656378,0.514452985696316,0.514452985696316,3.2786064928591516,0.5096253454597448,0.2914565571611098,0.1268599864062739,0.4124508139899121,0.49026649606822154,0.5259953953354003,0.533376514539998,0.5357342740572764,0.5310187550227197,0.20944002488637384,0.2375738577888269,0.11538461538461539,0.11538461538461539,0.9999999996666666,0.6553099721380278,0.880856995917042,0.7939226578179512,0.7709806182536774,1.040368171528385,0.2914565571611098,0.8450436588269927,0.6153846152179487,0.16294676037801029,1.9148315915840617
228,random,31,151,4.8841736513843,True,36,False,0.0019635839853435755,3.6109179126442243,0.26627677882978723,1.5055187636938827,0.21861218830925674,0.20660320032404159,0.2903225806451613,0.0,0.0,5.06757637845078,0.44113220920929375,0.6738983012694177,0.5398736478411672,0.4563541844865131,0.5138326804674369,0.5138326804674369,3.2798505061573007,0.2594982404513308,0.2842031033033635,0.11543768320509105,0.3626639072037972,0.4728841305358582,0.4994130995500571,0.5235517853753553,0.5249098552289729,0.5226464054729436,0.22662350263473072,0.22693685925062757,0.12903225806451613,0.12903225806451613,0.9999999998333333,0.6669276134109268,0.8909760932815872,0.7725453888611077,0.7714176744455468,1.038101280001842,0.2842031033033635,0.8178448678964174,0.6290322579811828,0.15872469664926261,1.889804925830226
229,random,37,188,5.077482350185086,False,29,False,0.0023804169613868,3.4011973816621555,0.23251976121853252,1.4432624112528356,0.19233032443662454,0.19979843789365082,0.2972972972972973,0.0,0.0,4.721852809898782,0.4586181499715564,0.7020405018661995,0.5404791748394078,0.45564441245013776,0.5274077229818327,0.5274077229818327,3.1744246092172763,0.09886698756442137,0.2901357553580679,0.11381555335214262,0.38814019119106535,0.4624233437149799,0.49144207117170735,0.5141802677167086,0.5196044691294761,0.5120708560561879,0.1850690168439526,0.21895717495502431,0.10810810810810811,0.10810810810810811,0.8333333331944445,0.6704920152979054,0.8924225450498884,0.8055611076677214,0.7840688699549723,0.9730336675092226,0.2901357553580679,0.7947994592410497,0.5247747747053304,0.1485123862388511,1.758222375543299
230,random,36,123,3.4109779122860293,True,20,False,0.0008241250179708004,3.044522437723423,0.3062570439024361,1.6585365852040452,0.2066962040985514,0.15681047018900707,0.2777777777777778,0.0,0.0,4.189527355066209,0.4884286756213737,0.667379495482201,0.5383910930394581,0.4551521200976041,0.5293913744416069,0.5293913744416069,3.16327916430948,0.08241579245819648,0.2545233083292469,0.11639140348417006,0.3296597597471825,0.4345999476620951,0.4910203906886176,0.5188633084354736,0.5195247366393014,0.5185798392052616,0.21683882483057235,0.24657237861832693,0.1111111111111111,0.1111111111111111,0.9999999998333333,0.6706816393960627,0.8901267563925359,0.8007374029168081,0.7819028498513855,0.984099111181733,0.2545233083292469,0.8046617511139974,0.6111111110277778,0.17094859027257797,1.8412447607436002
231,random,24,85,3.5315970475079843,True,8,False,0.00020187499467283487,2.1972245773362196,0.2781550686217475,1.694117646899377,0.27873272557809775,0.2078947368420141,0.2916666666666667,0.0,0.0,4.450173765145944,0.4733630468640328,0.6365498611652037,0.5380475223152635,0.45609638262282814,0.5160531924619106,0.5160531924619106,3.2659901121963246,0.1592696308308785,0.29373153165672283,0.13876592619049155,0.4048022564009505,0.49739139550594935,0.5443454683304223,0.5630672427455107,0.5668672549662531,0.5586063588342045,0.2308738369129135,0.26451553980941944,0.125,0.125,0.9999999996666666,0.6475235110969638,0.8704317498900095,0.7788007830714049,0.7599859237704941,1.0978214636185433,0.29373153165672283,0.883597548931406,0.6249999998333333,0.18293374810491236,1.9852628285263747
232,random,34,129,3.790160306742761,True,24,False,0.0008532920619472861,3.2188758248682006,0.2695401340959119,1.6692506458481795,0.24111405877644967,0.18631643249843485,0.29411764705882354,0.0,0.0,4.619857334877475,0.4640448031332594,0.6598032276701149,0.5382875919119269,0.4531686686510828,0.5176998926899771,0.5176998926899771,3.2528005439477923,0.4656283423677827,0.280590111289883,0.11991103726694387,0.3747806046242804,0.4659285694503133,0.4947331142449551,0.5188667756396528,0.5259364228924277,0.515224836145799,0.2085051759786564,0.23908068899251078,0.11764705882352941,0.11764705882352941,0.8333333331944445,0.6690157530263434,0.8869993430930226,0.7903383629814982,0.7769461192292902,1.0095370973862476,0.280590111289883,0.8062927960594455,0.5343137254207516,0.16162870984163843,1.7828253426117187
233,random,30,118,3.9217979730817207,True,14,False,0.00048345793038606644,2.70805020110221,0.2955185724183915,1.7796610167983338,0.303828823651246,0.19254820218858976,0.26666666666666666,0.0,0.0,4.752196015662427,0.4570281553157436,0.6185759342554175,0.5372233071861933,0.460318406104479,0.5067550734631955,0.5067550734631955,3.3402513467702937,0.6729698516665317,0.29079150101712414,0.11414024199718711,0.37726319797098584,0.45938970082038894,0.49069004697024365,0.5264728928910996,0.5320454774332171,0.5224375730502558,0.17291950303358125,0.22041276102503105,0.1,0.1,0.9999999996666666,0.6708302655085491,0.8921328326186425,0.8187307530779818,0.7883657677820064,0.9511724929253917,0.29079150101712414,0.7971563691741888,0.5999999998333333,0.15119294505734662,1.839140815081993
234,random,38,159,4.176440408779264,True,15,False,0.000636375043541193,2.772588722239781,0.23596782472385552,1.513626834260969,0.26916359826880504,0.16961130742046746,0.2894736842105263,0.0,0.0,4.275952089225692,0.4833280759572697,0.6549266496420099,0.5397948857642032,0.4576459267354507,0.5251960234729791,0.5251960234729791,3.19250087536149,0.9761133020921747,0.272381898485569,0.1280717071725387,0.35910282488952017,0.4866173686516298,0.5025290008739831,0.5381958645744755,0.5517792174344116,0.5334233351912547,0.19852804358365092,0.260006961971724,0.10526315789473684,0.10526315789473684,0.6666666665555555,0.6655445581538362,0.8797902896085898,0.8101577349324267,0.779905460875716,0.9943302774434666,0.272381898485569,0.8212589440571336,0.4385964911725146,0.17731994011463842,1.7095572738298557
235,random,34,148,4.357590378544253,True,8,False,0.00038170802872627974,2.1972245773362196,0.2566381897685298,1.5315315314142521,0.2181617209971286,0.1914203316510109,0.2647058823529412,0.0,0.0,4.595289232789021,0.46537119248307945,0.6774659804060253,0.5396210402994873,0.4611700448897319,0.5258348420028466,0.5258348420028466,3.1879605700073275,0.9675603965093269,0.2758044124198315,0.12141607545710772,0.378495704309338,0.47350672501221974,0.4797651593216961,0.5111486408826331,0.525605973234064,0.5037009242167443,0.2094288999081822,0.2453400764638871,0.11764705882352941,0.11764705882352941,0.8333333331944445,0.6757829062946624,0.8856653792920509,0.7903383629814982,0.7791659725090554,0.9981247843835179,0.2758044124198315,0.7876967047400582,0.5343137254207516,0.1607601517205306,1.758574994301172
236,random,32,145,4.516717884133314,False,45,False,0.0025736669776961207,3.828641396489095,0.19188174011025466,1.397701149322468,0.1770589263963005,0.19273801984374228,0.3125,0.0,0.0,4.528684923483514,0.469005483950533,0.7277554755853975,0.5409231810530691,0.45381864809714695,0.5370506502608523,0.5370506502608523,3.1011294677038834,0.7959652933493816,0.2773578721605219,0.11506167873948582,0.3987462353283019,0.44615694035423187,0.46051694332010856,0.500324214815971,0.5123785236916089,0.4929360900212251,0.21209107083805717,0.22967877256169023,0.125,0.125,0.8333333331944445,0.6846890784620121,0.8913111672621173,0.7788007830714049,0.7803984101033328,0.9918028249303407,0.2773578721605219,0.7637018184376083,0.5416666665972223,0.14451946742772154,1.727245824623074
237,random,32,150,4.689971910646929,False,31,False,0.0017674999544396996,3.4657359027997265,0.30737438463906197,1.7066666665453036,0.2268166387363279,0.1965672251736419,0.28125,0.0,0.0,4.717076265761,0.45886945095470033,0.6555690113910095,0.537926453558598,0.45794423220684166,0.5164639968156197,0.5164639968156197,3.2630322175863298,0.5272123796335659,0.28052933383544465,0.11697101595256816,0.3621708829796634,0.4782949933408829,0.498546182918361,0.5289500174806552,0.5403807844925089,0.521944063505648,0.22561601783423568,0.23269143175159646,0.125,0.125,0.6666666665555555,0.667313434446537,0.8896109773165074,0.7788007830714049,0.7732479791310252,1.0286219183786454,0.28052933383544465,0.8194251961172476,0.45833333327777775,0.16135401827945395,1.719641881509924
238,random,32,159,4.975438041432603,False,31,False,0.0018975419225171208,3.4657359027997265,0.22145947178522196,1.6100628929737484,0.2606141066459417,0.21204941614482786,0.28125,0.0,0.0,4.6060806089062245,0.46478765210036455,0.6644990960971253,0.5388598616771534,0.4588238676811279,0.5213527386901955,0.5213527386901955,3.2236134279016584,0.16993499380171614,0.2923143444444236,0.12031497081328686,0.3662643383053248,0.44722027446927143,0.5286481505469101,0.5712588556962972,0.5901460405084442,0.5596828391985295,0.22397885562261205,0.22685345724469852,0.125,0.125,0.8333333331944445,0.6541727732717475,0.8866411266554517,0.7788007830714049,0.7672829931074406,1.0595983333066241,0.2923143444444236,0.8702722923007117,0.5416666665972223,0.16601720934994063,1.8702705126922983
239,random,34,174,5.109976297900727,False,27,False,0.0016649169847369194,3.332204510175204,0.23689813495944664,1.6934865899280105,0.2026969791895912,0.2072841086925299,0.29411764705882354,0.0,0.0,4.8487708810059,0.4520401820535433,0.6938760086098601,0.53805361198165,0.4584132001769229,0.523888271541791,0.523888271541791,3.205704422238181,0.08195444103798834,0.28515641267803077,0.11788981906065779,0.37840723244265523,0.46154823507806475,0.4919099858315447,0.550097876744232,0.5536270217568352,0.5482798323438002,0.20863762452100226,0.2281858656701674,0.11764705882352941,0.11764705882352941,0.9999999998333333,0.670281725772236,0.8887939753749959,0.7903383629814982,0.7779598455916851,1.0043214687751871,0.28515641267803077,0.8191183303339113,0.6176470587401961,0.1556160222396325,1.8775378239917708
240,random,28,94,3.3478734877755603,True,13,False,0.0002679170574992895,2.6390573296152584,0.3270880157859687,1.6879432622437502,0.2827917297101366,0.19040801717960257,0.25,0.0,0.0,4.57905086176114,0.46625204401444303,0.6199838422992495,0.5381071107248185,0.45931293094728187,0.5101563116070859,0.5101563116070859,3.3118500658203676,0.05608992458515668,0.28300257093058007,0.13237808190474612,0.39993045092242896,0.4949057251839724,0.5251798822380472,0.5460587161571361,0.5528801848628434,0.5402478354078297,0.20206180504511217,0.2556393314783134,0.10714285714285714,0.10714285714285714,0.9999999996666666,0.6556603661284865,0.8760097290335415,0.8071177470053893,0.7739417100149808,1.025034867948293,0.28300257093058007,0.8487246915778932,0.6071428569761904,0.1740937891376691,1.912963908622333
241,random,30,106,3.547941560629138,True,14,False,0.0003524998901411891,2.70805020110221,0.3962264150569598,1.6981132073869705,0.24615969539119076,0.18234027279246864,0.23333333333333334,0.0,0.0,4.64146412018084,0.462884523313428,0.6183613439924942,0.5380089685670992,0.4565059905411279,0.5074428737470215,0.5074428737470215,3.3333645927518853,0.17279758091932698,0.27544280283008094,0.11362057204907404,0.3412377743108287,0.4418585949176972,0.4841129858056401,0.5203786277400568,0.5226399523836704,0.5187411167912331,0.1795941149133674,0.23187371315317185,0.1,0.1,0.9999999996666666,0.6738031467713067,0.8925965677256428,0.8187307530779818,0.7896654138853654,0.9445837947527232,0.27544280283008094,0.7892008284040104,0.5999999998333333,0.16086009932465575,1.8255037303920807
242,random,33,121,3.679212827934404,True,11,False,0.0004159579984843731,2.4849066497880004,0.3084907477222456,1.7272727271157025,0.2613739391763137,0.1778507742843318,0.2727272727272727,0.0,0.0,4.432273262217984,0.47436792850660775,0.6364747722624495,0.5377277713011265,0.4582398561150654,0.5172054880093239,0.5172054880093239,3.2576629230885685,0.310993315183624,0.2798294493268212,0.11762668994801435,0.3612834224552879,0.4620515321357062,0.49760773245875844,0.5282498705208967,0.5401058968803895,0.5215808556936821,0.21675611622685068,0.23174260337328878,0.12121212121212122,0.12121212121212122,0.8333333331944445,0.6677315950807822,0.8890278737164412,0.7847231940537559,0.7751955381897933,1.0185598912582996,0.2798294493268212,0.8159216967759194,0.5378787878093434,0.16130678365795165,1.7949367175700355
243,random,37,146,3.9468886221870196,True,11,False,0.0005665830103680491,2.4849066497880004,0.2760197490124351,1.7739726025898697,0.2389998845657863,0.1716065697564335,0.2972972972972973,0.0,0.0,4.462276596036514,0.47268603839698226,0.6588853789442142,0.5372780369900367,0.4520153139263029,0.5202098821003172,0.5202098821003172,3.235331266739035,0.712148156869863,0.2735673620746304,0.11788714010380405,0.3533012253359492,0.47467271461988186,0.48666411026367284,0.5156977952057473,0.5280075026573088,0.5109106867523623,0.19581862250291776,0.24099399875535044,0.10810810810810811,0.05405405405405406,0.33333333327777775,0.6726468965626952,0.8887963564188972,0.8975305608544599,0.8126051140504896,0.8300400030710585,0.2735673620746304,0.7934676634922759,0.22072072069294293,0.1640696895966292,1.4518254358564784
244,random,38,157,4.126354942567596,True,15,False,0.0007415419677272439,2.772588722239781,0.2672883472186555,1.6942675157868743,0.24486404252245797,0.1696177395333163,0.2894736842105263,0.0,0.0,4.525023503833179,0.46920691751775767,0.658419082873108,0.5380460761086837,0.45654186150123277,0.5205340461844232,0.5205340461844232,3.2314109996605493,0.9400280416392122,0.2692311442861324,0.11758725053237996,0.3659143635116894,0.42538023183479945,0.46334287046928313,0.5438738578563187,0.5582686040498545,0.5388162443288601,0.19285832277073367,0.2428094378939496,0.10526315789473684,0.10526315789473684,0.6666666665555555,0.6833668446269926,0.8890629371476994,0.8101577349324267,0.7895603500376832,0.9451160244104395,0.2692311442861324,0.783494380090126,0.4385964911725146,0.1573832673939721,1.648705282942745
245,random,24,102,4.2473360877759605,True,20,False,0.0006728341104462743,3.044522437723423,0.29715210250399604,1.6470588234002306,0.2847184634820459,0.23331039229172976,0.2916666666666667,0.0,0.0,5.14574461892743,0.43736187338118576,0.6277471472995906,0.5385020159234879,0.4538336326954416,0.49946774674025657,0.49946774674025657,3.39581304513581,0.9994448401942108,0.31647437234889375,0.11837675440056464,0.42365016590141835,0.4955246627323922,0.5166041472293402,0.5233998803638001,0.5245474241344968,0.5220527637634171,0.20327746421848142,0.21014503830917586,0.125,0.125,0.9999999996666666,0.6593678395426281,0.8883612955305924,0.7788007830714049,0.76980593727445,1.0464672964262094,0.31647437234889375,0.8291234534658607,0.6249999998333333,0.14541109915405,1.9160089248021377
246,random,26,117,4.496596832672088,False,29,False,0.0011935409856960177,3.4011973816621555,0.2664845848571289,1.6296296295089163,0.23739611382921494,0.22752726200995357,0.2692307692307692,0.0,0.0,4.531761751643433,0.46883634546282293,0.6629196738046216,0.5386705418044112,0.4567514276772117,0.5216597927514818,0.5216597927514818,3.221609691435191,0.8237980600143423,0.3049815150654572,0.12190872045153986,0.394323284463734,0.4903412124702385,0.5220669669377811,0.5315170987561102,0.5323938009948206,0.5306403965173998,0.19709740367170628,0.2231224669068479,0.11538461538461539,0.11538461538461539,0.9999999996666666,0.6570013157909089,0.885229168133645,0.7939226578179512,0.7729179329342682,1.0303296067874672,0.3049815150654572,0.8370998672337627,0.6153846152179487,0.1585005241153991,1.9159665216325679
247,random,29,135,4.658779552951396,False,23,False,0.001219749916344881,3.1780538303479458,0.2602098973184091,1.718518518395464,0.16791475488829471,0.21631365479941045,0.27586206896551724,0.0,0.0,4.57061923593592,0.46671073464894114,0.7074904682829556,0.537812160861973,0.45842914708668286,0.5329423122998841,0.5329423122998841,3.1376142847174053,0.5765800819903691,0.2828097752988933,0.11365602522736111,0.383127842675699,0.48071113057441217,0.49171420254718845,0.5187755291425604,0.5291660450407614,0.5106115523654027,0.1844084700519215,0.21639540817519487,0.10344827586206896,0.10344827586206896,0.9999999996666666,0.6703696983594056,0.8925649229013468,0.8131037598190377,0.786502402058448,0.9606380043957401,0.2828097752988933,0.797204084631449,0.6034482756954023,0.1486008761879286,1.832063011813673
248,random,32,157,4.892161475539446,True,13,False,0.0008354579331353307,2.6390573296152584,0.26760858434528045,1.562632696284492,0.22069531003393977,0.2060301507537305,0.28125,0.0,0.0,4.746109908021849,0.4573461849971994,0.6722190430082944,0.5393193299125072,0.45753362115994745,0.5200673965336526,0.5200673965336526,3.232634893393944,0.25063591850929223,0.2888873716836239,0.11043387625887052,0.3570616131422124,0.46184521904617903,0.514538875758316,0.5384644618156051,0.5463236255579296,0.5336475550057933,0.22057990438407984,0.20597330922069257,0.125,0.125,0.9999999998333333,0.6602669736683444,0.8954455384409084,0.7788007830714049,0.7721974746535651,1.034059856726676,0.2888873716836239,0.8389160827621386,0.6249999999166667,0.15328135506695484,1.9060848094293839
249,random,34,172,5.064532385004406,True,36,False,0.0022725830785930157,3.6109179126442243,0.24626895566788265,1.5155038758691335,0.20788391909958467,0.21382591659666753,0.2647058823529412,0.0,0.0,5.065918487104998,0.44121287938882764,0.6873084588432217,0.5397766553931369,0.4610326223101022,0.5190117328727819,0.5190117328727819,3.2399149739562683,0.10632575055407079,0.28757334101603554,0.1210218486304909,0.38032633947416195,0.48769944590772385,0.5106221378645264,0.532461158780119,0.5389215874008402,0.5291330591876262,0.21088789606480143,0.23247765101324402,0.11764705882352941,0.11764705882352941,0.6666666665555555,0.6619789124854469,0.8860146011757682,0.7903383629814982,0.7739258729505172,1.0251167202455034,0.28757334101603554,0.8295746912707862,0.45098039210130714,0.1618861694164292,1.7300145938045581
250,random,24,80,3.351445425846429,True,17,False,0.00041079195216298103,2.8903717578961645,0.27537852733676726,1.59999999984,0.24669208104194693,0.1990453460619575,0.2916666666666667,0.0,0.0,4.504078271786521,0.47036255690055956,0.6547786792006048,0.5389572780111674,0.4567120215611681,0.520063736312107,0.520063736312107,3.2333345835152683,0.057367317454828565,0.29173658172219824,0.10589029408522763,0.33322471713335,0.4633832351624439,0.47558710629158796,0.5113419187771875,0.5215514731560068,0.49935678972379083,0.20928921518850072,0.20042244419994604,0.125,0.125,0.6666666664444444,0.6776963526830871,0.8995233256923701,0.7788007830714049,0.7801138454206112,0.993261651972989,0.29173658172219824,0.7835803694773069,0.4583333332222222,0.14627096563998115,1.6799212500617084
251,random,30,106,3.5377439252786225,True,31,False,0.0009043749887496233,3.4657359027997265,0.30964864462716957,1.603773584754361,0.2578249473518558,0.1944682064441989,0.26666666666666666,0.0,0.0,4.6175076630446785,0.4641713307843752,0.6379956056216959,0.5389207427586832,0.4553864099154747,0.5128126015848166,0.5128126015848166,3.289565952553649,0.1642639652851654,0.28474696456655685,0.11783945286548514,0.4075494295756892,0.45524563497677517,0.47986216682595934,0.5064110700912392,0.5111397070935758,0.5029868846757541,0.17179427530612662,0.22989616608305985,0.1,0.1,0.9999999996666666,0.6757386075656099,0.8888387416731726,0.8187307530779818,0.7893099981321452,0.946384535948865,0.28474696456655685,0.7760162706981106,0.5999999998333333,0.1479539593685933,1.808717194466594
252,random,27,99,3.6722601073145618,True,8,False,0.00028658402152359486,2.1972245773362196,0.2307810031870171,1.5454545453140496,0.2106230128891174,0.1855136733184828,0.2962962962962963,0.0,0.0,4.3385750732801185,0.4796982655726733,0.6911348353058168,0.5394859323193569,0.4578977305746432,0.5334574781058742,0.5334574781058742,3.1306422208283675,0.30236644995379675,0.275487975492092,0.11716680400745134,0.3715705755271833,0.45389254999979967,0.4835709604235285,0.5162828917016359,0.5263964186682516,0.5069473283478367,0.2000896592899558,0.23835180485099938,0.1111111111111111,0.07407407407407407,0.3333333332222222,0.6740493219916632,0.8894368191632552,0.8623033568332588,0.8025811440907505,0.8796892548179734,0.275487975492092,0.7917348210968354,0.24074074068518517,0.15854827048047193,1.4665118077545845
253,random,27,106,3.9160405098411073,True,11,False,0.0003714999184012413,2.4849066497880004,0.25663151901095477,1.6132075470328406,0.2653324955195692,0.20012974375601683,0.2962962962962963,0.0,0.0,4.277783567760894,0.48322113851570336,0.6504463205035946,0.5388294262948214,0.4561854318135872,0.5233990530057614,0.5233990530057614,3.2080006046692127,0.6638797848798094,0.2987024787190179,0.11627369371744459,0.38829575123434323,0.47939205129660917,0.4984001970689991,0.527848678131374,0.5363115516390422,0.5200367948935265,0.18920881365808137,0.21529504785345077,0.1111111111111111,0.1111111111111111,0.6666666664444444,0.6673784493328864,0.8902315391722443,0.8007374029168081,0.7806477099345261,0.9905252209911539,0.2987024787190179,0.8096267395492064,0.4444444443333333,0.14969731808848902,1.7024709806900467
254,random,37,153,4.145104512126514,True,26,False,0.0014512500492855906,3.295836866004329,0.28758169932322325,1.7734204791598769,0.20390551627039696,0.1827487833528809,0.2702702702702703,0.0,0.0,4.560405346249812,0.4672675928543899,0.6753273137189945,0.5372833497157228,0.456286833248636,0.5241303453447929,0.5241303453447929,3.2052891606953438,0.9553192121727958,0.2692939314014085,0.11772989846768539,0.36800834281853245,0.4608022056901101,0.48836751061321354,0.5108148755662306,0.5175129097759474,0.5082100844846742,0.199488468620416,0.2399806073589008,0.10810810810810811,0.10810810810810811,0.8333333331944445,0.671877068579652,0.8889361232004476,0.8055611076677214,0.7835853142190038,0.9755013329205022,0.2692939314014085,0.7936470655514328,0.5247747747053304,0.16104350044500992,1.7487592721031817
255,random,29,128,4.429539475274293,False,27,False,0.0013800000306218863,3.332204510175204,0.2745636531687898,1.6614583332078585,0.18688868038112366,0.2113821138210891,0.27586206896551724,0.0,0.0,4.940478197280436,0.4474033616251916,0.6901892244748499,0.5383628641064778,0.4590916356389363,0.521421497527764,0.521421497527764,3.2240086596873363,0.9052647673711233,0.27798588379539085,0.11216377021132133,0.35371226991608007,0.4470471598926474,0.4780490908255543,0.5073668019849604,0.5154086407803806,0.5010482143599875,0.18199726840761196,0.22563770467702948,0.10344827586206896,0.10344827586206896,0.9999999996666666,0.6765675147105275,0.8938978516721597,0.8131037598190377,0.7893113261501521,0.9463778059343153,0.27798588379539085,0.7772318089199376,0.6034482756954023,0.15431425741394977,1.8129802258246805
256,random,29,132,4.5671129047993295,False,27,False,0.0014014580519869924,3.332204510175204,0.2673668875070145,1.6111111109931258,0.19359518100351233,0.21423504374551564,0.27586206896551724,0.0,0.0,4.875491247767466,0.45067927941522745,0.6886109054043961,0.5388497161676931,0.4570317029577617,0.5215099571504983,0.5215099571504983,3.222426202780309,0.7213815854054045,0.2909418154292329,0.11737453554546011,0.3855077199186043,0.47248537465471,0.5134608036589479,0.538696816468293,0.5438492738584346,0.5346484570903247,0.18545922476069146,0.22056983677150077,0.10344827586206896,0.10344827586206896,0.9999999996666666,0.6607372966530727,0.8892520742741832,0.8131037598190377,0.7817476050688672,0.9848933796531834,0.2909418154292329,0.8291740180832673,0.6034482756954023,0.15560860061355103,1.8791727098214535
257,random,31,145,4.693206827665448,False,37,False,0.0021577919833362103,3.6375861597263857,0.2099141372864019,1.4252873562202668,0.22893190565416954,0.21251874062964532,0.2903225806451613,0.0,0.0,5.0347802696732415,0.4427335121172423,0.687262985183517,0.5406542592859004,0.45690763041985344,0.5180415417434303,0.5180415417434303,3.245774645944997,0.5221395011826686,0.293713958718522,0.11730552437546456,0.3556911397784821,0.5030437804399782,0.5131105566582868,0.5309532696528853,0.5352857371851147,0.5280649579647322,0.22674580306971637,0.21985888943843168,0.12903225806451613,0.12903225806451613,0.8333333331944445,0.6608902407029039,0.8893134447178485,0.7725453888611077,0.7686041655049647,1.0527167198291563,0.293713958718522,0.8352736422521584,0.5456989246617383,0.16122198064837107,1.8359085062807896
258,random,35,170,4.846085041921759,True,12,False,0.0005912920460104942,2.5649493574615367,0.2407057417783658,1.8529411763434256,0.254221172603746,0.20319179253345634,0.2857142857142857,0.0,0.0,4.759462898012597,0.45664900309213546,0.6618059969089801,0.5365192542568082,0.4581597038958663,0.5173407644618785,0.5173407644618785,3.2588668300938304,0.3044070596958991,0.28151605657340334,0.12335282748236846,0.4047475696799166,0.4676958403888648,0.4911859508848572,0.5405050411930842,0.5653610868709105,0.5288080785211662,0.20511316853207495,0.2428531872695996,0.11428571428571428,0.11428571428571428,0.8333333331944445,0.6706071763931308,0.883951725072305,0.7956694616416928,0.7784125179976208,1.001994660982637,0.28151605657340334,0.812716763614418,0.5309523808829365,0.15779506415241376,1.7829802652231717
259,random,28,143,5.104732993641185,False,43,False,0.002043207990936935,3.784189633918261,0.23920899925664177,1.5011655010675231,0.21452264821607778,0.23260776781898576,0.32142857142857145,0.0,0.0,5.036744449886876,0.4426372818421432,0.6857364524201653,0.5399159450682047,0.4498862839854378,0.5149550558739937,0.5149550558739937,3.271044408183445,0.08451523094677267,0.3157786893174991,0.12115926795527478,0.40092970374376863,0.48654047082168667,0.527443759353374,0.5716818813680118,0.5810362284926327,0.5637133634470384,0.18318476784164192,0.2115349412726628,0.10714285714285714,0.10714285714285714,0.9999999996666666,0.6546885892697868,0.8858928540129241,0.8071177470053893,0.7764573801995635,1.0120540946473366,0.3157786893174991,0.8590808919977904,0.6071428569761904,0.1538617111472267,1.9358641494387065
260,random,35,117,3.355577937564625,True,19,False,0.0004711670335382223,2.995732273553991,0.3000799399691563,1.6951566949876624,0.29780465096119435,0.15900969882589103,0.2571428571428571,0.0,0.0,4.472210393595546,0.47213180671525184,0.6202681290351797,0.538037495856512,0.45857096503491335,0.5120940852264574,0.5120940852264574,3.296814659092205,0.058875032054139395,0.2635838242474362,0.11333333416004583,0.3321479984389273,0.4170107651018782,0.48933688993488544,0.511685937590618,0.512083134103429,0.5114990215845894,0.2084294540514098,0.2394023506041305,0.11428571428571428,0.11428571428571428,0.6666666665555555,0.6714397573565243,0.8928529921051458,0.7956694616416928,0.7813397162128722,0.9869809859431397,0.2635838242474362,0.7972872222430469,0.447619047563492,0.16622860138265794,1.674718695436633
261,random,25,89,3.546694190988873,True,19,False,0.0006132919806987047,2.995732273553991,0.31192004212295904,1.685393258269158,0.24006227103802444,0.21391443422622394,0.28,0.0,0.0,4.354079137174832,0.47880800915571803,0.6468217510544096,0.5381317244263137,0.45339555956352917,0.5197658736031121,0.5197658736031121,3.2371591456953492,0.1717370450784335,0.29798804221558695,0.12486012572265677,0.44637601536141247,0.46695211473483644,0.5086780719304104,0.5672426245541721,0.5829016460982691,0.5502786845480672,0.21119301631671128,0.22646388636475812,0.12,0.12,0.6666666664444444,0.6628319312154265,0.8826203498344483,0.7866278610665535,0.7720561631912333,1.0347919202151217,0.29798804221558695,0.8450976382866742,0.4533333332222222,0.14790982811666045,1.7443288418411438
262,random,33,123,3.7392843137886285,True,12,False,0.00037041702307760715,2.5649493574615367,0.2673466114696091,1.699186991717959,0.3032419259250801,0.17758502624967412,0.30303030303030304,0.0,0.0,4.568458100092794,0.4668284483945462,0.6270675741405056,0.5379986084067968,0.454974566764182,0.5106847932434658,0.5106847932434658,3.307910183964924,0.3910706184036271,0.28842582613455986,0.11614661260487752,0.39987060837892674,0.4643350130596309,0.47842322648739494,0.5126731119162975,0.520647680319014,0.5081874171897695,0.2047041814969439,0.22585305967284253,0.12121212121212122,0.09090909090909091,0.33333333327777775,0.6763962998443369,0.8903446779754348,0.8337529180751806,0.7948141417774255,0.9185878972900412,0.28842582613455986,0.7859358278197796,0.2575757575479798,0.1470250701793834,1.4789624816817026
263,random,27,107,3.948236117051934,True,11,False,0.00030283303931355476,2.4849066497880004,0.25933526961391773,1.5981308409870731,0.24693178304639735,0.20632483880865635,0.25925925925925924,0.0,0.0,4.388222540871342,0.4768590700246839,0.6598426748243953,0.5389753767462447,0.46191507133029036,0.5257720878917767,0.5257720878917767,3.1896351952959345,0.7142275034240978,0.29042821372206645,0.11724372101136685,0.38473853150984516,0.46915735501043443,0.5174612357976739,0.5385267292639574,0.5388671438518219,0.5382125004136209,0.19728137909553387,0.22141786093643567,0.1111111111111111,0.07407407407407407,0.3333333332222222,0.6589954170884218,0.88936840897894,0.8623033568332588,0.7965408564242484,0.9099074189505393,0.29042821372206645,0.8360449452035361,0.24074074068518517,0.15680046664043332,1.5240143662512209
264,random,29,119,4.089632498388206,False,57,False,0.002338999998755753,4.060443010546419,0.22282556638359508,1.462184873830803,0.21862989386426268,0.21052631578942418,0.27586206896551724,0.0,0.0,4.284964142271981,0.4828023309830623,0.6890193563707039,0.5402949847318947,0.4594526640943199,0.5346634769271116,0.5346634769271116,3.1201109914861163,0.9043829654230856,0.2933779051694286,0.11239619492296649,0.4197772653965789,0.45028271299270367,0.48439116913304936,0.5124797197868415,0.5185553968646431,0.507705973511426,0.1740846425021545,0.2124775687729532,0.10344827586206896,0.10344827586206896,0.9999999996666666,0.673676872238498,0.8936901118646122,0.8131037598190377,0.7881245452705481,0.9523965918556686,0.2933779051694286,0.7841521896520087,0.6034482756954023,0.1378682175331626,1.8188465880500022
265,random,27,118,4.373804327293083,True,10,False,0.0003875419497489929,2.3978952727983707,0.22001279635181545,1.3728813558274922,0.1866106115954296,0.2104208416833065,0.2962962962962963,0.0,0.0,4.485972316522605,0.47136613823401274,0.7104273870348362,0.5411653634062716,0.45694516312761435,0.5348689496015894,0.5348689496015894,3.1169644393493514,0.9561450474909275,0.29411825603891634,0.1331371763640064,0.4094141019430401,0.5103099812558552,0.5242924373955961,0.5462158793323771,0.5534194215206941,0.5395664557739308,0.20149486063216507,0.24164392056353412,0.1111111111111111,0.1111111111111111,0.9999999996666666,0.6560420923616196,0.8753450072272131,0.8007374029168081,0.7718513943651318,1.0358529621187038,0.29411825603891634,0.8477740922198258,0.6111111109444445,0.167462768651551,1.9204662278547378
266,random,31,140,4.51592342442577,False,33,False,0.0017826659604907036,3.5263605246161616,0.2891264503570193,1.845238095101899,0.26886637960962717,0.20412105602056144,0.25806451612903225,0.0,0.0,4.812291922120262,0.45391142682862784,0.6384183033272672,0.5365931762521887,0.4604257511539339,0.5109895479548215,0.5109895479548215,3.3081396202983635,0.797088575039263,0.28638306463534446,0.10964404925723242,0.3838895127400472,0.44572180195305433,0.4685384177882785,0.5228986100746967,0.5377821695570703,0.5129762370864479,0.21633339127559797,0.21242067075153748,0.12903225806451613,0.12903225806451613,0.49999999991666666,0.680949158624035,0.8961530648806274,0.7725453888611077,0.7782879305038025,1.0026349254304208,0.28638306463534446,0.7840710706445263,0.37903225802284946,0.14061683793843896,1.590103231241159
267,random,38,179,4.705258296992987,False,31,False,0.0023345419904217124,3.4657359027997265,0.27654101530827935,1.556797020374007,0.2215919459129502,0.18328840970347804,0.2894736842105263,0.0,0.0,4.738579400181854,0.4577403050107615,0.668683732794373,0.539375915710763,0.45635939222762006,0.5188585392366418,0.5188585392366418,3.2418384980069375,0.5033455521553175,0.28187967674176895,0.1258542888720296,0.38348376575561466,0.489810965875358,0.5144840098098554,0.5325256516907064,0.5428483223272014,0.528898767413019,0.19263641895083952,0.24044750958489303,0.10526315789473684,0.10526315789473684,0.8333333331944445,0.6602908934809755,0.8817433172367364,0.8101577349324267,0.7784230529961118,1.0019405255330338,0.28187967674176895,0.8289059403929185,0.521929824491959,0.166991107157974,1.7997065487846204
268,random,32,156,4.888948859395994,False,41,False,0.0023655000841245055,3.7376696182833684,0.23608935582886795,1.5042735041706479,0.2038795698462207,0.20198492924091122,0.3125,0.0,0.0,4.527495237581855,0.46907091573284554,0.6934281591817055,0.5398857463712327,0.4547444502581932,0.5288540027144633,0.5288540027144633,3.164569223178443,0.2541767713587502,0.2948406305314482,0.11056295497135202,0.4014767430649534,0.46177157140892416,0.4766582272097996,0.5158256182209958,0.526727069616117,0.5091440834949537,0.2061901344738359,0.2084679065681796,0.125,0.125,0.9999999998333333,0.677204773300547,0.8953299629430378,0.7788007830714049,0.7787113467958848,1.0004593750197626,0.2948406305314482,0.7861185699387565,0.6249999999166667,0.13775339386494048,1.8437125942518118
269,random,37,188,5.0804865819154035,False,27,False,0.0018823340069502592,3.332204510175204,0.27471400273884267,1.8368794325036089,0.155975753658605,0.1877050349450595,0.2702702702702703,0.0,0.0,4.632231951296895,0.463379578140164,0.7098219574273179,0.53667341252867,0.46112397406333744,0.5332956081241269,0.5332956081241269,3.1370831171134324,0.0971966720997187,0.2560130126130084,0.11239061304079535,0.333677871129011,0.4202450761353379,0.5020641438437891,0.5582813905688325,0.5874735918516775,0.546928867847726,0.216252150224155,0.2270124175075383,0.10810810810810811,0.10810810810810811,0.8333333331944445,0.6657505300945373,0.8936951003514367,0.8055611076677214,0.7825879011780484,0.9805961112715272,0.2560130126130084,0.8352678766842441,0.5247747747053304,0.16370737653895193,1.7797630405415348
270,random,29,95,3.270908374762099,True,17,False,0.0003926249919459224,2.8903717578961645,0.31056100506817186,1.8315789471820498,0.2916277209048061,0.17896865520721977,0.27586206896551724,0.0,0.0,4.485301376644874,0.4714034095488566,0.6203332365595084,0.5367243052558887,0.45855259203535964,0.5118416713863626,0.5118416713863626,3.3012304539671504,0.03379396167969253,0.280241871000807,0.12204225243195038,0.3828323650577035,0.46212086208022934,0.4730358278487171,0.4937743860829856,0.5013504604682666,0.4878217562088362,0.17802275938312312,0.24509375106142572,0.10344827586206896,0.10344827586206896,0.6666666664444444,0.6788701137435617,0.8851109696215234,0.8131037598190377,0.7876080157776716,0.9550190140817878,0.280241871000807,0.7644287107359906,0.43678160908429114,0.1587425190240794,1.6401947098451681
271,random,31,110,3.5371033478072524,True,33,False,0.001260375021956861,3.5263605246161616,0.2597943666344171,1.40909090895854,0.2773352095599581,0.17493395949510568,0.2903225806451613,0.0,0.0,4.477743187596173,0.47182368131325564,0.6429290624343584,0.5408121165415598,0.4559568495504736,0.5171567278181356,0.5171567278181356,3.252320547324298,0.16373826930812696,0.28023742777475313,0.1265857085644106,0.4091287600952057,0.4663960130258967,0.4783692554547118,0.5212038049930255,0.5364820986007125,0.5110182759212343,0.22557100930921656,0.2505600429599304,0.12903225806451613,0.0967741935483871,0.49999999991666666,0.6764209931384316,0.8810986286086041,0.8240299628128845,0.7889718997083589,0.9480982902747961,0.28023742777475313,0.7953639102785287,0.34677419350672045,0.1585076829618616,1.580883214521864
272,random,36,137,3.8127856381746534,True,11,False,0.0005895410431548953,2.4849066497880004,0.2514807762838442,1.401459853891843,0.20461883793203817,0.1694438867696909,0.2777777777777778,0.0,0.0,4.392013350150997,0.47664366500656585,0.6874670966745408,0.5408865239034814,0.4570796595285156,0.5310627978034079,0.5310627978034079,3.146045770951455,0.5003121131685356,0.269944012776403,0.1060142233535474,0.34384333539054734,0.462436872928002,0.4806470486583079,0.48379991123702504,0.4851991027378837,0.4832002577366571,0.197676168599232,0.21559051012849673,0.1111111111111111,0.1111111111111111,0.8333333331944445,0.6753804027139031,0.8994118553321433,0.8007374029168081,0.7864402378664832,0.9609541720194945,0.269944012776403,0.7719660464266284,0.5277777777083333,0.1505238217076223,1.720211658618987
273,random,28,109,3.8874764191152584,True,21,False,0.00046391598880290985,3.091042453358316,0.2098091123862415,1.5412844035377493,0.3009879009611199,0.21260046668389615,0.2857142857142857,0.0,0.0,4.8251269051649235,0.4532512725294626,0.64572740347859,0.5395263919938079,0.456972014051213,0.5113983052115403,0.5113983052115403,3.2994896869614765,0.6184624740655863,0.29607411535421146,0.12010486905393081,0.3548994311479473,0.49359552314754734,0.49883517477208206,0.5418824006075288,0.5567680132255308,0.5292020639329343,0.18721634170218293,0.224109533806385,0.10714285714285714,0.10714285714285714,0.9999999996666666,0.6671847691004872,0.8868274310868386,0.8071177470053893,0.7816410859192863,0.9854384476880265,0.29607411535421146,0.8165804605013921,0.6071428569761904,0.16127267663133055,1.8810701094631248
274,random,28,117,4.187308722088961,False,35,False,0.0014417910715565085,3.58351893845611,0.281619284100201,1.5954415953143237,0.2283152311132531,0.21386666666660964,0.2857142857142857,0.0,0.0,4.606948806833377,0.46474076815982124,0.6631193039721005,0.5390014183697928,0.4549093311819948,0.5194882901361663,0.5194882901361663,3.237681104312521,0.9818698896519078,0.30027232062491666,0.12542596921398297,0.4081782567743178,0.5152811675630481,0.5217883537240238,0.5352893753448018,0.5392511267819409,0.5319145500464981,0.18797659693061405,0.22862444872825383,0.10714285714285714,0.10714285714285714,0.6666666664444444,0.657121601405914,0.8821210661257225,0.8071177470053893,0.7763131535941818,1.012797161843793,0.30027232062491666,0.8364271906290782,0.44047619036507935,0.15918226259112236,1.7363579642101965
275,random,27,118,4.376409181480315,True,10,False,0.00042316701728850603,2.3978952727983707,0.25954903101602683,1.5254237286972134,0.30637330757521003,0.21485260770968967,0.2962962962962963,0.0,0.0,4.630085555235417,0.46349482567683364,0.6277672478143129,0.539680331359047,0.4547813122341027,0.509583532170002,0.509583532170002,3.3134242457299448,0.9541617402382044,0.31129012782387655,0.12209533406375678,0.4451276786735246,0.49505251660632504,0.495341002438727,0.4971539699510714,0.49777023856709324,0.4965851066132051,0.17708543807249338,0.22107113503960574,0.1111111111111111,0.07407407407407407,0.3333333332222222,0.6687437837718062,0.8850639877338747,0.8623033568332588,0.7991558844776873,0.8967970060591557,0.31129012782387655,0.7881893469323861,0.24074074068518517,0.14236046234559302,1.4825806777870407
276,random,26,117,4.486932639043887,False,35,False,0.0012974590063095093,3.58351893845611,0.23175197869047132,1.3333333332345678,0.2554915735139529,0.22111010009092474,0.3076923076923077,0.0,0.0,4.672661426671624,0.4612194346361232,0.66403133454628,0.5415517067552393,0.45238302914127904,0.5174489288757614,0.5174489288757614,3.2486945069316207,0.836675784285635,0.31033288121236574,0.11045192855102143,0.42064272428106153,0.47602686373082065,0.4846310860370792,0.4985623498259205,0.5029504963403495,0.4941742033114915,0.18227065550183535,0.2008161478741246,0.11538461538461539,0.11538461538461539,0.6666666664444444,0.6735680058197465,0.8954293737423485,0.7939226578179512,0.7823426279249788,0.9818499599285131,0.31033288121236574,0.7794799248254983,0.44871794860683756,0.13278669195510678,1.6713174465998084
277,random,25,119,4.766874336930724,True,13,False,0.0005139999557286501,2.6390573296152584,0.26978149304182497,1.680672268789869,0.1929826798448937,0.23988439306351447,0.28,0.0,0.0,4.969119759822166,0.44597464490532224,0.6881300846184482,0.5381772993288527,0.4549652309555283,0.5187836822982169,0.5187836822982169,3.24464033003015,0.4108127740715,0.29090154019138714,0.13971513473682695,0.3781125912578872,0.5145126958853751,0.5533564913295393,0.6066169843031366,0.6223741053108683,0.5895467698780941,0.23636839560977102,0.25906626639224184,0.12,0.12,0.9999999996666666,0.6437672263783353,0.8696059206381098,0.7866278610665535,0.7608053511250142,1.0935109316129026,0.29090154019138714,0.9157570823835504,0.6199999998333333,0.1885937838831872,2.015252406291458
278,random,35,173,4.937402288094385,False,35,False,0.002643957966938615,3.58351893845611,0.24685382253610094,1.483622350574322,0.18242488209721197,0.19098609557292776,0.2857142857142857,0.0,0.0,4.8244244133160095,0.453287354806283,0.7030901518498761,0.5400864652478703,0.45924261654729714,0.5269979596694971,0.5269979596694971,3.1782604300300124,0.20415037855710366,0.28202153363740917,0.12058279200524427,0.39300113371558226,0.4621639116555848,0.49086425483910084,0.5029735259269156,0.5084908995909888,0.5003771147908811,0.19790052357862764,0.2378474408418665,0.11428571428571428,0.11428571428571428,0.8333333331944445,0.6707518788207336,0.8864036971678158,0.7956694616416928,0.779187629201856,0.9980136070840977,0.28202153363740917,0.7918261486972156,0.5309523808829365,0.1570814849217169,1.7618815481392782
279,random,33,167,5.06740225723809,False,31,False,0.0019850829849019647,3.4657359027997265,0.2730083654130939,1.6467065867178816,0.18436474845467546,0.2135383639822109,0.2727272727272727,0.0,0.0,4.771227888583967,0.4560364923599953,0.692314401182629,0.5385054207166966,0.4579102175730836,0.524841013556202,0.524841013556202,3.1975972808254753,0.10463617505998335,0.28412705840864344,0.11417778851041227,0.3893173052577672,0.4694507970604457,0.5114229412942057,0.5199011395169587,0.5204681678591536,0.519582186074474,0.2156689139734236,0.21854825010442958,0.12121212121212122,0.12121212121212122,0.9999999998333333,0.661628173477185,0.8920993367702741,0.7847231940537559,0.7737153836350055,1.0262047724820473,0.28412705840864344,0.825290739546041,0.6212121211287879,0.15229301957352356,1.882922938656996
280,random,37,125,3.390199925321014,True,9,False,0.0003672910388559103,2.302585092994046,0.32128630358065247,1.8746666664816996,0.23368579929360975,0.16338751069286495,0.24324324324324326,0.0,0.0,4.611243893020868,0.4645089663807884,0.6473513145816646,0.5363108770339182,0.45938746433847044,0.5169371672775189,0.5169371672775189,3.2623770625907,0.07282904179795624,0.25189605148319183,0.11628642203776737,0.28480941070739435,0.44440878734115297,0.4902847999802337,0.5259823378203939,0.5389726536092265,0.5209305483469591,0.21320515217593353,0.25083668823589744,0.10810810810810811,0.10810810810810811,0.9999999998333333,0.6710126816117721,0.8902202080921652,0.8055611076677214,0.783626093756179,0.975293169365686,0.25189605148319183,0.8065772569344141,0.6081081080247748,0.1812168086541273,1.847798225096508
281,random,27,95,3.5367783986164967,True,13,False,0.0003061660099774599,2.6390573296152584,0.22527299533689726,1.3263157893480333,0.2154512154285331,0.19546547578145124,0.2962962962962963,0.0,0.0,4.6207778730191755,0.4639952518112054,0.6901114424211384,0.541620318546829,0.45634232613109693,0.5267135676005014,0.5267135676005014,3.1775836055192146,0.1634720625995493,0.2851104383328884,0.12894924179696154,0.4177706755525744,0.4812137023986672,0.4921389197995338,0.5057698880808569,0.5089261792542877,0.5028563885361517,0.19316843641757764,0.25002944913530945,0.1111111111111111,0.1111111111111111,0.6666666664444444,0.6701788866510822,0.8790185818169032,0.8007374029168081,0.7784420796457173,1.001842756505451,0.2851104383328884,0.7933159729443566,0.4444444443333333,0.16041111485538287,1.6832819704659612
282,random,29,109,3.768828929311932,True,6,False,0.00029095797799527645,1.9459101490553132,0.32513844302931827,1.5963302750877872,0.20715682219346396,0.2007874015747467,0.27586206896551724,0.0,0.0,4.520865023044312,0.4694359069392805,0.6608696497777584,0.5389928124573583,0.4559262183904351,0.5210293963672478,0.5210293963672478,3.225848296912151,0.43372274102226793,0.28131876804197564,0.11306552528249861,0.3876642365932922,0.4418295566364981,0.4748293579419123,0.4969453298555223,0.5017670362664558,0.49315684624693173,0.17731353148852816,0.22738440770266855,0.10344827586206896,0.10344827586206896,0.9999999996666666,0.6780445443501851,0.8930921380840549,0.8131037598190377,0.7896479043830892,0.9446724890091732,0.28131876804197564,0.7676304057418054,0.6034482756954023,0.1478970533427824,1.8002945028219657
283,random,28,111,3.9467229287478474,True,38,False,0.0014385830145329237,3.6635616461296463,0.23390675496548718,1.5135135133862512,0.21725521208848195,0.19357884796972188,0.2857142857142857,0.0,0.0,4.207510249903645,0.48735851411784215,0.6859360545920269,0.5397959864087346,0.45813780149424277,0.5350275004487697,0.5350275004487697,3.11831252713891,0.7118922722500999,0.28678628408133233,0.12139677900647475,0.40268665001488413,0.4754162565088167,0.5167148968026385,0.5346806528101619,0.5401029567166881,0.530061653186084,0.1956035347585169,0.22862936632161523,0.10714285714285714,0.10714285714285714,0.9999999996666666,0.6593196929153154,0.8856824696552109,0.8071177470053893,0.7782222874805329,1.0029723110582267,0.28678628408133233,0.8329561068973486,0.6071428569761904,0.15745447812302982,1.8843397260779013
284,random,30,125,4.179907250877137,True,40,False,0.0013727920595556498,3.713572066704308,0.23888630487647464,1.5199999998784,0.2529072389378292,0.2072620658547119,0.3,0.0,0.0,4.734734668939668,0.45794178662619534,0.6631545386553707,0.5397329927431195,0.45386370596574427,0.5165553038872215,0.5165553038872215,3.258972397238606,0.9780327926795607,0.2983444454383034,0.125302443974558,0.39625050296632547,0.502288618727874,0.5298168611744198,0.5397605851297889,0.5409841694709854,0.5388745412965086,0.17866081800718864,0.23445517249011916,0.1,0.1,0.9999999996666666,0.6536730149727291,0.88223003707181,0.8187307530779818,0.7786838487775295,1.0006006263452645,0.2983444454383034,0.8443623582411114,0.5999999998333333,0.16515868180171167,1.9078654853144597
285,random,29,127,4.378582808947368,False,47,False,0.0020102080889046192,3.871201010907891,0.23372847096271554,1.522309711170218,0.22736666052089036,0.2022813688212415,0.3103448275862069,0.0,0.0,4.579179808603145,0.4662450361500555,0.6798683447925923,0.5397105654773707,0.4542243111124872,0.5241269270877003,0.5241269270877003,3.200807850303563,0.9524756571100801,0.2895889429421398,0.13029489538119912,0.39434617971523944,0.5037048298769677,0.5378493363134628,0.5496038975393593,0.5501477348882602,0.5491765967652231,0.19298083282108988,0.2512422131155183,0.10344827586206896,0.10344827586206896,0.9999999996666666,0.6502587583756436,0.8778365228110099,0.8131037598190377,0.7742512975874744,1.0234351316093395,0.2895889429421398,0.8608964932884149,0.6034482756954023,0.1752681088316157,1.9292018207575727
286,random,35,158,4.500730449379051,False,63,False,0.003671332960948348,4.1588830833596715,0.2276526744172191,1.3291139239524916,0.18857004338670139,0.1912712845098047,0.2857142857142857,0.0,0.0,4.597208215029564,0.4652673170119615,0.7062742625939863,0.5415929585964561,0.45733277204799544,0.531662566531968,0.531662566531968,3.140225606356432,0.8181890356403274,0.2783083903507188,0.1248287592948535,0.43441773669509076,0.4668225825489905,0.47496810861168076,0.4854294591415958,0.4901405004926894,0.48321249850578707,0.19596257905337883,0.24943546384883852,0.11428571428571428,0.02857142857142857,0.0,0.6779807605069195,0.8826480349161178,0.9444591369948698,0.8267915580865928,0.7608106414111548,0.2783083903507188,0.7666734829458234,0.02857142857142857,0.15158542841309555,1.2251387302810661
287,random,32,152,4.763653400976218,False,25,False,0.001405749935656786,3.258096538021482,0.26894227571368634,1.543859649014466,0.22266614451996816,0.20516605166047874,0.28125,0.0,0.0,4.721083341700997,0.4586586142198044,0.6706131379552843,0.5395014056533786,0.45838704125319296,0.5204727317135501,0.5204727317135501,3.2291810029377888,0.41546892102374466,0.28165341201629696,0.13546967415518985,0.3846604050122827,0.4995418937785996,0.5168995371833698,0.5332020231520281,0.5352482682111319,0.5319478729545128,0.22980065458077006,0.26941199317024545,0.125,0.125,0.9999999998333333,0.6592394390579311,0.8733056462584128,0.7788007830714049,0.7653826435546704,1.0695175249657984,0.28165341201629696,0.8409507124045763,0.6249999999166667,0.18170337741363876,1.9293075017511787
288,random,31,151,4.870458630645836,False,29,False,0.0018279170617461205,3.4011973816621555,0.27133466775731624,1.437086092616888,0.20835442810457674,0.2217407006139,0.2903225806451613,0.0,0.0,5.333034509077599,0.42858515053271,0.6782595892847341,0.5405393219398453,0.45380943752564534,0.5090598695296761,0.5090598695296761,3.3159464736094835,0.27516810972237077,0.30551642272090995,0.10729876138573044,0.40254960741637213,0.4474426864162087,0.47694658695467623,0.5330842162016122,0.550582760604481,0.521418519933033,0.20609404966444475,0.19688538305335834,0.12903225806451613,0.12903225806451613,0.8333333331944445,0.6770725555227458,0.8982572683116019,0.7725453888611077,0.7774157203481756,1.0071201511101577,0.30551642272090995,0.7950122074715935,0.5456989246617383,0.13207372259991493,1.7783012774541567
289,random,34,171,5.030681592272934,True,9,False,0.0005780840292572975,2.302585092994046,0.24184898526752144,1.72319688097741,0.18508180132366292,0.20662015734003167,0.29411764705882354,0.0,0.0,4.854031993838579,0.45177157737667484,0.7032383023466217,0.5377670586920826,0.4570281444617587,0.525599312967168,0.525599312967168,3.193194255215518,0.12788626338419165,0.27921047540033994,0.1272917909757667,0.38845511782026787,0.47740903966555676,0.4940243200968228,0.5570288344649458,0.5824770714447021,0.5439191366268893,0.2166661147115549,0.2527078650699355,0.11764705882352941,0.08823529411764706,0.49999999991666666,0.6693331470903989,0.8804767199494943,0.8382234324229999,0.7905087278787645,0.9403143206470499,0.27921047540033994,0.8267052660071844,0.3382352940759804,0.16684289916888342,1.6109939346523883
290,random,24,81,3.369415547113268,True,11,False,0.0002411670284345746,2.4849066497880004,0.29258651516210565,1.679012345513184,0.25097991602531183,0.19596541786734104,0.2916666666666667,0.0,0.0,4.138743872273762,0.4914763337898849,0.6469503052554526,0.5381933255245906,0.45754540231260565,0.5259396454269173,0.5259396454269173,3.189812694167668,0.0641627822607191,0.28482553495198976,0.1366148277337821,0.43368674480624314,0.4965364847131253,0.4994803096121717,0.5270506954761497,0.5352057791413981,0.517477336390858,0.22424736342964788,0.26285147733768355,0.125,0.125,0.9999999996666666,0.6668977202232431,0.8723061495702261,0.7788007830714049,0.7680417859562334,1.0556445488376591,0.28482553495198976,0.8190674982076586,0.6249999998333333,0.1666334025095769,1.8955264355025585
291,random,34,122,3.5838397548671197,True,11,False,0.0003791250055655837,2.4849066497880004,0.23636643444670005,1.4863387976761324,0.33956688732611134,0.16944507878507203,0.29411764705882354,0.0,0.0,4.241876715324571,0.48532635686755443,0.6177752041787282,0.5400600542173478,0.45644858913651615,0.515329977153658,0.515329977153658,3.2678663290816945,0.2053422588232351,0.28666899438641763,0.11684081772225978,0.38900984515785686,0.4409866899186403,0.47400605948960256,0.5318565613758783,0.5388478657233,0.5282549803484187,0.20023503455616043,0.23052117985934295,0.11764705882352941,0.11764705882352941,0.8333333331944445,0.6784232626196025,0.8897268106318996,0.7903383629814982,0.7813701638628844,0.9868251149151286,0.28666899438641763,0.7899930988165819,0.5343137254207516,0.15026002379213604,1.7612358424158874
292,random,37,136,3.688034342254324,True,11,False,0.0005117079708725214,2.4849066497880004,0.3022367913248438,1.7230392155300187,0.2844853316687187,0.16524105754273613,0.2702702702702703,0.0,0.0,4.664545486341125,0.4616514514587798,0.6263668402341329,0.537768578556654,0.45815787623294113,0.5097838116145184,0.5097838116145184,3.3154011206945113,0.3221388696652137,0.2797771887409601,0.11737666747875732,0.3958089149028806,0.4669391650657645,0.47338089196751926,0.5101151009094957,0.5179616525417532,0.5070636641636177,0.18828412787580398,0.2339247034512939,0.10810810810810811,0.10810810810810811,0.8333333331944445,0.6787111231398032,0.8892501784500972,0.8055611076677214,0.7863257044996569,0.9615367551709124,0.2797771887409601,0.7755094743912182,0.5247747747053304,0.15020754198632139,1.73026897982383
293,random,32,124,3.8748269020648642,True,11,False,0.00042804202530533075,2.4849066497880004,0.26752376996891686,1.7204301073788877,0.24761730811775592,0.18620844564236605,0.28125,0.0,0.0,4.406515535013771,0.47582140107154963,0.6567948957513381,0.5377937311045952,0.45878374493964325,0.5233922096913931,0.5233922096913931,3.2099768743598998,0.5982742140799437,0.28005497713579025,0.11913360868237145,0.3547413684654602,0.4806825086144517,0.49155026438573035,0.5293067414082251,0.5422901271094901,0.5213491824300303,0.22427892621478535,0.23658391664915412,0.125,0.125,0.9999999998333333,0.670443379534268,0.8876891898553911,0.7788007830714049,0.7738969571523375,1.0252661730024293,0.28005497713579025,0.8122733666435392,0.6249999999166667,0.1637762739183251,1.8811046176143211
294,random,28,116,4.132520444517201,True,42,False,0.0015292500611394644,3.7612001156935624,0.25753283334029137,1.5287356320609062,0.27686116310097153,0.20377250643035044,0.2857142857142857,0.0,0.0,4.533361645387075,0.46874844477759847,0.6438863384460586,0.5396481796762541,0.45688219505940586,0.5166357178768889,0.5166357178768889,3.258506902866958,0.9452830202790812,0.2989894326719935,0.12061931498200391,0.39728052304487327,0.483347357967123,0.5277713554274375,0.5485056090648867,0.5522526211212057,0.5453137099058001,0.19096550047699867,0.22014918811309103,0.10714285714285714,0.10714285714285714,0.6666666664444444,0.6545482060829853,0.8863713236573766,0.8071177470053893,0.7765416310578918,1.0116200912373234,0.2989894326719935,0.8497655350791304,0.44047619036507935,0.15742907405799644,1.7466602321741997
295,random,30,130,4.323242798708169,True,6,False,0.0002917080419138074,1.9459101490553132,0.2822842860197809,1.615384615260355,0.1601317395931658,0.20526793823791886,0.26666666666666666,0.0,0.0,4.51300808431391,0.46986916497476494,0.7042826489849546,0.5388083576591222,0.4599834078248482,0.5339353812202889,0.5339353812202889,3.1283171386780317,0.9862462500092677,0.277843584138127,0.11746418495216981,0.33486049766575116,0.4987361394529759,0.525589162285029,0.5368681238373701,0.5381518009183531,0.5359385645718309,0.19045753066986024,0.2207961216275116,0.1,0.1,0.6666666664444444,0.6554844677201291,0.889172356926669,0.8187307530779818,0.781441528021953,0.9864598032855418,0.277843584138127,0.8416376068711793,0.43333333322222223,0.16828325872196107,1.7210977829534897
296,random,34,153,4.510071599675439,True,25,False,0.0013983750250190496,3.258096538021482,0.20582182599446183,1.407407407303155,0.2126813634201616,0.19678914266795813,0.3235294117647059,0.0,0.0,4.536816308125113,0.4685587525402072,0.6988842317716542,0.5408285299319681,0.4523502967216516,0.5291125452654168,0.5291125452654168,3.160869466189637,0.8053029630185055,0.2910433802034665,0.11566377200905971,0.369473081413198,0.46892832980451665,0.5069885668877192,0.528178845902302,0.5306976656451055,0.5268812720954033,0.20457588975229887,0.22363911061727348,0.11764705882352941,0.11764705882352941,0.9999999998333333,0.6635750409608162,0.8907746763322091,0.7903383629814982,0.7759319875624017,1.0147616249514144,0.2910433802034665,0.8222219622769449,0.6176470587401961,0.15782548321502682,1.8887378844356342
297,random,35,166,4.733506887613221,True,10,False,0.0005330831045284867,2.3978952727983707,0.23941941461432004,1.6164658633402083,0.25140986277795263,0.20042321644495156,0.3142857142857143,0.0,0.0,4.832557236179389,0.45286997786048194,0.6638354603966207,0.5387978944643924,0.45208436952555936,0.5141436663082614,0.5141436663082614,3.2794249171314034,0.4600840146777834,0.2890356035966778,0.12824289548756299,0.4029303084655152,0.47583769164647627,0.49273997031854144,0.52582989729685,0.5293283189920155,0.5241835812050075,0.1984666068227605,0.2504319440975118,0.11428571428571428,0.11428571428571428,0.6666666665555555,0.6699090396746101,0.8796396926819219,0.7956694616416928,0.7768749452560109,1.0099035435627584,0.2890356035966778,0.8052715706726565,0.447619047563492,0.16332241577413772,1.705248637606964
298,random,24,119,4.954768868128915,False,19,False,0.0008515419904142618,2.995732273553991,0.24263265868064954,1.6806722687945765,0.19523498916851256,0.2510227936878285,0.2916666666666667,0.0,0.0,4.706757156112996,0.459413295705808,0.6964855437314741,0.5381772993288073,0.4523604619110093,0.5250493217003968,0.5250493217003968,3.1966195096980345,0.18798145191822327,0.304955025433014,0.13090513987735655,0.40782497257694117,0.5233447746576517,0.5329550316454746,0.5473856263952539,0.5514344048029808,0.5426327126122702,0.22042273801427364,0.23294504046840703,0.125,0.125,0.9999999996666666,0.6523348561155115,0.8773009913236292,0.7788007830714049,0.7638625085889498,1.0774698690969577,0.304955025433014,0.86175352934667,0.6249999998333333,0.1654640889224596,1.957172643535477
299,random,32,162,5.058393844291032,True,18,False,0.0010550420265644789,2.9444389791664403,0.22415710009052994,1.4485596706865145,0.2218852695893168,0.20831858407075957,0.3125,0.0,0.0,4.457820040927448,0.4729351039208653,0.6865450402696451,0.540427598980042,0.45354987558645554,0.5280785724751009,0.5280785724751009,3.1694353726540014,0.11001076602547205,0.2939133518507494,0.12485643849187733,0.39330556103301195,0.48697633194814743,0.5150554561809871,0.5567546449106889,0.5691823105867801,0.5491376885285684,0.2221668721443727,0.2341466518175328,0.125,0.125,0.9999999998333333,0.6600418459405495,0.8826236042653686,0.7788007830714049,0.7684066755654714,1.05374463679747,0.2939133518507494,0.8489744966724247,0.6249999999166667,0.16248670448707633,1.9303745529269172
300,random,31,106,3.406022694633673,True,10,False,0.00036183407064527273,2.3978952727983707,0.306244750257941,1.6572327042409616,0.23084152825215631,0.18014916810092366,0.25806451612903225,0.0,0.0,4.741693975608434,0.45757721685991576,0.6536898128609072,0.538403691648099,0.4595031401930412,0.5160695058287681,0.5160695058287681,3.265201919700778,0.0800424473777772,0.26984957762591044,0.1188093001329669,0.38646640863960946,0.45124299927245126,0.47400252753638966,0.4931656425919034,0.4934945591347003,0.49294636489670546,0.22626017749564586,0.2432563706158366,0.12903225806451613,0.12903225806451613,0.49999999991666666,0.6784248882336549,0.8879771217357367,0.7725453888611077,0.7749538692686285,1.0198070945139635,0.26984957762591044,0.7771503932062529,0.37903225802284946,0.15611113855473396,1.582143367409747
301,random,31,110,3.5404128668988495,True,10,False,0.00036483292933553457,2.3978952727983707,0.2917915906928492,1.690909090750248,0.32299098747095956,0.17815270231622016,0.2903225806451613,0.0,0.0,4.524070555690043,0.46925937248723193,0.6102279165835864,0.5380784861437369,0.45462243465522295,0.5068179215940224,0.5068179215940224,3.338164710230435,0.16646739334069002,0.2967255233165855,0.10799596367218035,0.3712057581208925,0.44226660003394236,0.48994923854797423,0.5236022303948653,0.5287223151090995,0.5201888405853758,0.21208775926081228,0.20603348349408424,0.12903225806451613,0.12903225806451613,0.8333333331944445,0.67116380486529,0.8976312195569861,0.7725453888611077,0.7749675069453342,1.0197367029307312,0.2967255233165855,0.80477229356061,0.5456989246617383,0.144458598960827,1.7916553404997606
302,random,38,143,3.756932134151675,True,21,False,0.0012206670362502337,3.091042453358316,0.30339766146904085,1.5058275056941226,0.22575960758533478,0.17050359712227148,0.2894736842105263,0.0,0.0,4.648782622375937,0.4624928356565801,0.6574467491830924,0.5398706482897941,0.45233084804843654,0.5161872417978368,0.5161872417978368,3.261568529124072,0.41631780208882124,0.2749165499972837,0.12399329711906751,0.39349508508445386,0.4687851745932613,0.5034254147561408,0.5136319083947587,0.5174740509322819,0.5122819664221154,0.19257465205646343,0.24716826750290166,0.10526315789473684,0.10526315789473684,0.6666666665555555,0.6651477287699054,0.8833857620924871,0.8101577349324267,0.7808111926581706,0.9896876313561604,0.2749165499972837,0.808385031967636,0.4385964911725146,0.16429194326393334,1.6861900164013677
303,random,34,133,3.9074257508328283,True,18,False,0.0005431249737739563,2.9444389791664403,0.2533808556651199,1.6190476189096552,0.28572151529813283,0.1789538714991394,0.2647058823529412,0.0,0.0,4.564570415007222,0.4670403541771368,0.6404206850168973,0.5387729125617983,0.4614267107985701,0.5167821403250866,0.5167821403250866,3.258996640912101,0.650228496678346,0.27414093800351313,0.12092306192982182,0.3364127806719193,0.4607080158779149,0.5055271966718305,0.5379410231872926,0.539658553473115,0.5370562348582326,0.21804281278470353,0.24307918314968213,0.11764705882352941,0.08823529411764706,0.49999999991666666,0.6642191534039597,0.8861021319583305,0.8382234324229999,0.7901659745088757,0.9420490399984079,0.27414093800351313,0.8290084114616528,0.3382352940759804,0.1733159751707908,1.6147006187119373
304,random,36,147,4.078634360308527,True,51,False,0.0026212920201942325,3.9512437185814275,0.2830291708981843,1.5510204080366514,0.20470495346676865,0.18039568345320495,0.25,0.0,0.0,4.377178746257388,0.47748772243722876,0.676412271417959,0.5394319404929997,0.4613540036968184,0.5301547541623571,0.5301547541623571,3.155583949977495,0.8923497344595428,0.264653302731833,0.13163661366475204,0.33289952606318324,0.48329809693780584,0.4869136006637498,0.5097661561085386,0.5214370527170179,0.5047643432763332,0.20785553170259768,0.265686408255982,0.1111111111111111,0.1111111111111111,0.9999999998333333,0.6725340326119861,0.8766595032892635,0.8007374029168081,0.7786550574943746,1.0007485262513927,0.264653302731833,0.7937605616436685,0.6111111110277778,0.18302953395884541,1.8525545093621247
305,random,35,151,4.303475621045239,True,29,False,0.0015506250783801079,3.4011973816621555,0.3051312475360762,1.699779249316794,0.265939095278696,0.18779174147213862,0.2857142857142857,0.0,0.0,4.72731569763414,0.45833107665445716,0.6350943243413922,0.5379928943167663,0.45506857160701114,0.5097588720974513,0.5097588720974513,3.315179776233912,0.9934766001909089,0.28165545449892887,0.11601395502147953,0.37725241700430634,0.4679604105215295,0.47185209958203167,0.49517532818742954,0.5060021496509416,0.4900803533810711,0.19486728732862552,0.23214297009991625,0.11428571428571428,0.11428571428571428,0.6666666665555555,0.6794160909808631,0.8904627967833109,0.7956694616416928,0.7837209072386057,0.9748092255712145,0.28165545449892887,0.7681565855079029,0.447619047563492,0.15237625581018155,1.6498073433805054
306,random,27,123,4.561952668185352,True,22,False,0.0009401659481227398,3.1354942159291497,0.2519013558324571,1.5365853657412256,0.26878873427163313,0.21630184331791005,0.2962962962962963,0.0,0.0,4.57946076681695,0.466229767664528,0.6500465489051963,0.5395719904117087,0.45386142614572017,0.5162054392513622,0.5162054392513622,3.261980872987003,0.7292750346615845,0.30697064121700435,0.11176673813815795,0.41620550790306177,0.4626417320879673,0.4940784732463062,0.5324823304858176,0.5431312302859483,0.5226525768241586,0.18345272816088762,0.19860659338518127,0.1111111111111111,0.1111111111111111,0.6666666664444444,0.6693088869871865,0.8942528282532863,0.8007374029168081,0.7825744710459588,0.9806647565830163,0.30697064121700435,0.8061828205294369,0.4444444443333333,0.1353819329156334,1.6929798389954078
307,random,30,140,4.666794681315258,False,41,False,0.002095750067383051,3.7376696182833684,0.24117061449897542,1.499999999892857,0.2925047953768934,0.21107561235352265,0.26666666666666666,0.0,0.0,4.691044606620368,0.46024386952898805,0.6405599232210736,0.539927270450675,0.4603039832967696,0.5138829039522104,0.5138829039522104,3.2793602343523944,0.5638323559830839,0.3014404405136969,0.12132026121833087,0.3859056006309808,0.49735705838343947,0.5096743285729401,0.5330029033380835,0.5399235151940295,0.527991425787226,0.17226767128402504,0.22310614438935739,0.1,0.1,0.6666666664444444,0.6623945185219362,0.8857502427116759,0.8187307530779818,0.7831705916416201,0.9776189446522674,0.3014404405136969,0.8192426980629882,0.43333333322222223,0.15743501367291585,1.7114514854718232
308,random,30,145,4.845921317172225,True,15,False,0.0007079590577632189,2.772588722239781,0.28698827002323735,1.5862068964423306,0.18770427211436586,0.22235340417154223,0.26666666666666666,0.0,0.0,4.93652329145284,0.4476013623581914,0.6852803632437967,0.5390908628125266,0.4579297476507233,0.5198198360122682,0.5198198360122682,3.2349631225707762,0.30460938309866126,0.28985644291667706,0.11347988515599003,0.3919316008930428,0.4577673521767234,0.48787555932185644,0.5180887554168653,0.5284007796433283,0.5106214275287368,0.17284972896089013,0.2150930029325946,0.1,0.1,0.9999999996666666,0.67209921806618,0.8927221531974413,0.8187307530779818,0.7890362122034893,0.9477722463455168,0.28985644291667706,0.7901323692705116,0.5999999998333333,0.14553729103236634,1.825526103052888
309,random,38,193,5.0769540181027395,False,63,False,0.004670709022320807,4.1588830833596715,0.2862482636167335,1.5094991363430725,0.16947523070219211,0.20260890378168947,0.2631578947368421,0.0,0.0,5.015460880731041,0.4436822535106658,0.6968621701784588,0.539834979492143,0.458508592974588,0.521421348895575,0.521421348895575,3.2212791019799547,0.09916304676046822,0.27536926007905715,0.1251928984237526,0.3917980443866944,0.4782195793497746,0.49694117757626327,0.5119920787000156,0.514734469418074,0.5110285360152924,0.1917185232795214,0.25349384106229444,0.10526315789473684,0.10526315789473684,0.8333333331944445,0.6680289212293072,0.882326686740832,0.8101577349324267,0.7816243627001143,0.9855240286459457,0.27536926007905715,0.8008668477461515,0.521929824491959,0.1660882753004055,1.7642542076175731
310,random,33,107,3.25680634318078,True,13,False,0.0003870410146191716,2.6390573296152584,0.3416864693280201,1.747663551222203,0.22181148221137179,0.16630434782604175,0.24242424242424243,0.0,0.0,4.770764917908631,0.4560605645503712,0.6474085167620052,0.5375313087608758,0.4622374652353426,0.5148594525901274,0.5148594525901274,3.276213554741699,0.0306612409522191,0.2566930382158294,0.12526889408055808,0.3490706286859518,0.4910918349143241,0.5016640673909563,0.5096733446297873,0.510446331642759,0.5092385394349908,0.23700618485938763,0.26417953664194815,0.12121212121212122,0.12121212121212122,0.8333333331944445,0.6659279007304444,0.8822596362925599,0.7847231940537559,0.7725264721391426,1.032356005420458,0.2566930382158294,0.8157522859206967,0.5378787878093434,0.17935252790193387,1.7896766398478035
311,random,25,89,3.5529411284694103,True,26,False,0.0006895000115036964,3.295836866004329,0.21140323281421441,1.404494381890965,0.23084004881647024,0.21774768353520393,0.28,0.0,0.0,4.594400077219734,0.46541933864614654,0.6855680106958246,0.5408569329842491,0.4564840926472899,0.5261467262395703,0.5261467262395703,3.183301106436214,0.1770952881632178,0.3029218656772512,0.11391947158309607,0.36838161201523345,0.4836999599239946,0.4967301972840006,0.5067131194112685,0.5093760008000121,0.5038283312401297,0.1978312128286819,0.2112246549728276,0.12,0.12,0.9999999996666666,0.6681230871232651,0.8923298108962119,0.7866278610665535,0.7769332984494898,1.0096031039471773,0.3029218656772512,0.7995445601968053,0.6199999998333333,0.1508621085066363,1.8733285342140265
312,random,25,93,3.7293080881765315,True,11,False,0.00029179104603827,2.4849066497880004,0.256816976574448,1.5232974909029302,0.25116837408270265,0.205178501373007,0.28,0.0,0.0,4.4399147804075545,0.47393843469671193,0.658270809234099,0.539700974718355,0.4586382829198604,0.5230368365430935,0.5230368365430935,3.209153570694448,0.37712195619461275,0.2908814823669502,0.11623754458389338,0.37794174897092125,0.4696695488820536,0.5121101390221677,0.5284325069377093,0.532999565761159,0.5234848598789721,0.21337072212948377,0.22344551117105493,0.12,0.08,0.3333333332222222,0.6613274881197921,0.8902637208527117,0.8521437889662113,0.7946014948686113,0.9196582122085203,0.2908814823669502,0.8296690730233933,0.24666666661111109,0.15734650198287053,1.5245637239843253
313,random,30,120,3.993218011674443,True,40,False,0.0015564579516649246,3.713572066704308,0.21836937783773083,1.5833333332013888,0.2317385343491952,0.19908741594615773,0.3,0.0,0.0,4.719410155824373,0.4587466271818958,0.6825765578672663,0.5391187013152212,0.45555896452929384,0.5225039967121121,0.5225039967121121,3.2143100814863335,0.7815762053639868,0.2836762947669937,0.10392307085380388,0.35205624330392016,0.4349764767750985,0.44646400488918303,0.5169861923369855,0.5427747372106431,0.4983117288077851,0.1685091687699911,0.2021142123703923,0.1,0.1,0.6666666664444444,0.6913410887653664,0.9012946305807019,0.8187307530779818,0.7990367463087683,0.897393370568949,0.2836762947669937,0.7470843932501736,0.43333333322222223,0.13638690853090163,1.600480929770291
314,random,28,113,4.0438770789174825,True,8,False,0.00036916695535182953,2.1972245773362196,0.1928716346540109,1.3215339231946814,0.2385322019050269,0.19889502762425157,0.2857142857142857,0.0,0.0,4.192778744553055,0.48823483761957903,0.6874054184647935,0.5416670816747406,0.45859870828896093,0.5359095723213069,0.5359095723213069,3.1082630593221614,0.8506664569418702,0.29664515934919117,0.13115238584122862,0.36012936762490066,0.5296205563387627,0.5398968939091622,0.5482346419287281,0.5501008521386004,0.5466449073055034,0.19588974708711332,0.23599487181776313,0.10714285714285714,0.07142857142857142,0.3333333332222222,0.6493941275908499,0.8770841090071669,0.8668778997501816,0.7903798204945931,0.9409666494018305,0.29664515934919117,0.8629866516453045,0.23809523803968252,0.17757028402162228,1.5752973330558004
315,random,37,159,4.2865768835491815,True,8,False,0.00047562504187226295,2.1972245773362196,0.2733739758731855,1.551362683317819,0.18450109702421247,0.1768988912791367,0.2702702702702703,0.0,0.0,4.733630717434385,0.457999671547259,0.6920980838904875,0.5394286205935954,0.4591920233141917,0.5260282273336738,0.5260282273336738,3.186846414275737,0.9975572448372535,0.2642505728418295,0.11952271732314605,0.34167233340300285,0.46146277054083545,0.4964958680218584,0.5370443255786022,0.5470332460360936,0.5331597454006889,0.20759698526327766,0.2465853805428726,0.10810810810810811,0.10810810810810811,0.8333333331944445,0.6682277053807366,0.887343849513109,0.8055611076677214,0.78169674566357,0.9851536225245974,0.2642505728418295,0.8169172771269789,0.5247747747053304,0.17105481290919225,1.776997437583331
316,random,34,155,4.564631665271432,True,17,False,0.0007827089866623282,2.8903717578961645,0.27571368619664083,1.6817204299845625,0.2807884097588711,0.19167717528369813,0.2647058823529412,0.0,0.0,4.76183117067367,0.45652557348836165,0.636209131163626,0.5381671800536686,0.46057505387493636,0.511432677528366,0.511432677528366,3.301743293702787,0.7251830282667857,0.2836525252776554,0.12483305766074683,0.4066564097430267,0.4621383764975158,0.5003715442468666,0.5436947826621055,0.5625288317614658,0.5339923937321318,0.21031735338856206,0.24129266782478775,0.11764705882352941,0.11764705882352941,0.9999999998333333,0.6665015767824126,0.8826442409800626,0.7903383629814982,0.7746995649089565,1.0211199266891222,0.2836525252776554,0.8247982739250599,0.6176470587401961,0.15937033658677976,1.8854681945296912
317,random,27,127,4.712305641388304,True,7,False,0.0004508750280365348,2.0794415416798357,0.28629384191196094,1.6299212597270134,0.21465486297236427,0.22909275215402203,0.25925925925925924,0.0,0.0,5.049191495876882,0.4420284399796971,0.6694463402889052,0.5386677211138469,0.45908388698612274,0.5140665491727435,0.5140665491727435,3.280266556558436,0.4924408815728469,0.2896134556041554,0.1329775360732347,0.39941072978627934,0.5158910094991251,0.5368348821641857,0.5467551166149012,0.5499124380502333,0.5438406660592101,0.20747154162605924,0.24997965897207064,0.1111111111111111,0.1111111111111111,0.9999999996666666,0.6506879897154536,0.8754847587133796,0.8007374029168081,0.7697868688551093,1.0465663793470947,0.2896134556041554,0.8620803258781511,0.6111111109444445,0.17481760234876162,1.9376224947755125
318,random,27,132,4.890460183373955,False,11,False,0.0006797079695388675,2.4849066497880004,0.19899887175254852,1.4999999998977274,0.18329295434143877,0.22188449848018696,0.2962962962962963,0.0,0.0,4.407895843386437,0.47574328637126945,0.7207051407853847,0.5399272704506278,0.4564967199313252,0.5389179509302808,0.5389179509302808,3.0890886005759994,0.25250709346210076,0.28322131640379,0.11717963101233429,0.391678968045088,0.4375217786594454,0.49970348045303553,0.536877520142777,0.5424108819785802,0.5317698015251127,0.19788880541141948,0.22968474014829066,0.1111111111111111,0.1111111111111111,0.6666666664444444,0.6667984791886438,0.8894254104260029,0.8007374029168081,0.7801858742493387,0.9928923443167642,0.28322131640379,0.8176144418772789,0.4444444443333333,0.15472539548904166,1.700005598103444
319,random,36,183,5.069540360646993,False,47,False,0.0032513750484213233,3.871201010907891,0.25879956798772064,1.639344262187584,0.1843210370882339,0.1920945157525974,0.3055555555555556,0.0,0.0,4.717797441884648,0.4588314911725299,0.6974877072092784,0.5385765963367419,0.4553611626271188,0.5262376549524753,0.5262376549524753,3.1868349538882192,0.10339105528674573,0.2792349326335629,0.11493276143722095,0.36162428622513654,0.4591008474481045,0.4789584267539082,0.5118685053602547,0.5253333224370724,0.5060978694701901,0.193875097337665,0.2289942992983831,0.1111111111111111,0.1111111111111111,0.6666666665555555,0.6761515279336485,0.8914260801002467,0.8007374029168081,0.7844040517006826,0.9713240721679591,0.2792349326335629,0.7833614537684518,0.44444444438888886,0.15533457550693786,1.6623754062978415
320,random,27,91,3.35678818470947,True,8,False,0.00026291701942682266,2.1972245773362196,0.27756771294650623,1.7802197800437145,0.19150068037006204,0.19964726631386256,0.2962962962962963,0.0,0.0,4.3832694851373155,0.4771408108842968,0.686282133972079,0.5372179317721321,0.45278677504126263,0.5292745321671815,0.5292745321671815,3.166343494670911,0.059322708714536605,0.27880366560973385,0.11383721951554006,0.3637612211441441,0.43937757159456553,0.47166589069788434,0.5234140245629616,0.53738488704847,0.5105178438071079,0.19457961775286167,0.2285259419238781,0.1111111111111111,0.1111111111111111,0.9999999996666666,0.6795020570367274,0.892403209886668,0.8007374029168081,0.7859845421010343,0.9632726080244006,0.27880366560973385,0.7820178074175806,0.6111111109444445,0.15279176236609843,1.8247243463378573
321,random,26,91,3.5015950360282564,True,9,False,0.0003172500291839242,2.302585092994046,0.23662550033657356,1.428571428435374,0.2598371713484182,0.19566929133850564,0.3076923076923077,0.0,0.0,4.112849183953995,0.49304503378559084,0.6599538588748475,0.5406222625999813,0.4534650557042899,0.5284225335768119,0.5284225335768119,3.166470704501572,0.1364749929619887,0.3046967598453334,0.1017436712521395,0.3964008153568531,0.4623309201350638,0.49261156701613085,0.5028561458225368,0.5054200555968508,0.5002922360482228,0.18751777129153413,0.18051985505273982,0.11538461538461539,0.11538461538461539,0.9999999996666666,0.6699666692246616,0.9032610537721917,0.7939226578179512,0.7832160155635778,0.9773869512396908,0.3046967598453334,0.7909190827502828,0.6153846152179487,0.12820875166377727,1.8392092094773422
322,random,31,115,3.714984609760276,True,12,False,0.00047574995551258326,2.5649493574615367,0.301700007181917,1.7971014491138837,0.1972483609373181,0.18505897771947968,0.25806451612903225,0.0,0.0,4.536288848747159,0.46858770490024665,0.6744462355599175,0.5370555774481838,0.4609281729136363,0.5261672657831792,0.5261672657831792,3.190198168136109,0.3575292849893991,0.2711862931172512,0.10735444510255987,0.33642328850639286,0.45493021083327967,0.47356484668511706,0.5105662461365431,0.5258784704054625,0.5003580966239303,0.2293315039966645,0.21849210656868823,0.12903225806451613,0.12903225806451613,0.6666666665555555,0.6786263952004332,0.8982072514008099,0.7725453888611077,0.7779955323072548,1.004137984256914,0.2711862931172512,0.7861808457525548,0.4623655913422939,0.15221004923093767,1.6719427794430377
323,random,35,139,3.9671055681298535,True,14,False,0.0005988338962197304,2.70805020110221,0.26796348062744296,1.426858513069688,0.2643454257899153,0.1830464556727405,0.2857142857142857,0.0,0.0,4.341201179179689,0.4795472395491819,0.6474077266351461,0.5406389510463776,0.4560765811505088,0.5212135313779585,0.5212135313779585,3.2213854750344386,0.7430091554089601,0.2767266538489617,0.11360938650197522,0.35973920886356325,0.4532736319768681,0.47065167508785727,0.5187390733644557,0.5410129864064404,0.5082572319329339,0.20023518510986027,0.23210371616856862,0.11428571428571428,0.11428571428571428,0.6666666665555555,0.6799706667047856,0.8926065519624308,0.7956694616416928,0.7845626805007743,0.9705152402305273,0.2767266538489617,0.7800800080475501,0.447619047563492,0.15454301782974664,1.6589687272897504
324,random,34,138,4.060625281700656,True,45,False,0.0021699160570278764,3.828641396489095,0.27126367420702585,1.888888888733763,0.22398104125329427,0.18023731587557687,0.2647058823529412,0.0,0.0,4.839350789552018,0.45252192103609473,0.6690649928988996,0.5361745540728793,0.4608808292413374,0.5186792302133139,0.5186792302133139,3.249174062392104,0.8714128075057247,0.2656958603543545,0.11758598625482534,0.3404322732740466,0.45972015560652163,0.48103873319131285,0.511246331947869,0.5238090354543268,0.5047746362021177,0.21609669582733018,0.24217609960606112,0.11764705882352941,0.11764705882352941,0.8333333331944445,0.6752017874949292,0.8890640611707259,0.7903383629814982,0.779937676757944,0.9941650511794742,0.2656958603543545,0.79068607312208,0.5343137254207516,0.16579662066024606,1.756492279557432
325,random,29,125,4.303039726652087,True,10,False,0.000327209010720253,2.3978952727983707,0.24950083498264805,1.6239999998744106,0.2483854638439074,0.20355533299944828,0.27586206896551724,0.0,0.0,4.382808868751211,0.477167028692601,0.6622399330025319,0.5387249982039316,0.46005187588298907,0.5258124513188097,0.5258124513188097,3.189792781165248,0.9936063370110877,0.29055077516965955,0.11260368551132167,0.35018484909494707,0.4782379819134393,0.5161178150746338,0.5399999702934573,0.5478941480083862,0.5337974020888703,0.1873182426342244,0.21221470715281798,0.10344827586206896,0.10344827586206896,0.6666666664444444,0.6595793480276287,0.8935046988138909,0.8131037598190377,0.7825341265702973,0.9808709760105494,0.29055077516965955,0.8329473608799186,0.43678160908429114,0.1581333991795184,1.7184131443133877
326,random,36,161,4.477699150520257,True,13,False,0.000650166068226099,2.6390573296152584,0.22386113403226005,1.41614906821743,0.26089065277668955,0.18910114023394206,0.2777777777777778,0.0,0.0,4.72487274809063,0.45845940857709006,0.6635463623988337,0.5407433134790294,0.46086250998522243,0.5194947717120385,0.5194947717120385,3.234404700146987,0.8486546831285069,0.28872558460911235,0.1221280105045786,0.3884522078774112,0.48351542992103397,0.5069046252968269,0.5544969109733352,0.5753089188045539,0.5455774790456702,0.20016959372535187,0.22672499662477796,0.1111111111111111,0.1111111111111111,0.9999999998333333,0.6636120051745293,0.8850350674653643,0.8007374029168081,0.7776573410243958,1.0058771449297477,0.28872558460911235,0.8341954792148324,0.6111111110277778,0.1580018370296158,1.8920340118813384
327,random,30,140,4.653160831949198,False,23,False,0.0013348329812288284,3.1780538303479458,0.2205435462110928,1.3571428570459183,0.17169436198328702,0.21504934210521892,0.3,0.0,0.0,4.753170743303105,0.45697726198935723,0.7201444337733099,0.541319046236659,0.45438867772809016,0.5307792057538682,0.5307792057538682,3.147383040530254,0.5855325422355754,0.2957524858540865,0.11102196943389724,0.3942888964134874,0.45461968289235366,0.4953264816392887,0.5176060731136745,0.5192473581442435,0.5164175563674004,0.16971874936217132,0.20825048341962993,0.1,0.1,0.6666666664444444,0.6687502778013569,0.8949190878473166,0.8187307530779818,0.7883691416578495,0.9511553746334183,0.2957524858540865,0.7965592055366688,0.43333333322222223,0.1430550724872845,1.6687000971002621
328,random,31,152,4.904299279893306,False,31,False,0.0020207499619573355,3.4657359027997265,0.22193589200376754,1.4956140349860438,0.24100046422622182,0.2080696202531234,0.2903225806451613,0.0,0.0,4.804551006219503,0.45431050341742746,0.6757886773611399,0.5399698939112865,0.4567674479835526,0.5195407434581116,0.5195407434581116,3.235482056556754,0.2375442087518048,0.29388866334052016,0.11288530690798174,0.38764616991347794,0.4866038999175569,0.4958600605678505,0.5079085965438068,0.5119474340893766,0.5052160381800936,0.2184579162319193,0.20946765923988275,0.12903225806451613,0.12903225806451613,0.8333333331944445,0.6685117320535888,0.8932531042015646,0.7725453888611077,0.7726850757823357,1.0315348692130482,0.29388866334052016,0.8044288378977337,0.5456989246617383,0.14575484697342525,1.7897712728734174
329,random,36,186,5.178655516257309,False,25,False,0.001739167026244104,3.258096538021482,0.25558848006963325,1.677419354730489,0.19858012714538964,0.1990792410714008,0.3055555555555556,0.0,0.0,4.888732710538913,0.45000790666788815,0.689728652136677,0.5382087063993045,0.4538942071711516,0.5203365710218949,0.5203365710218949,3.2326265535552907,0.053815797630449545,0.2849056253621168,0.11926064076949343,0.3731462123480849,0.4577358637555785,0.4818601605312154,0.5607824703033353,0.5933764926988144,0.5468136035624158,0.19883135388176418,0.2317615574170122,0.1111111111111111,0.1111111111111111,0.9999999998333333,0.6748275084482473,0.8875764320069722,0.8007374029168081,0.782761670766671,0.9797080305952894,0.2849056253621168,0.811959234153324,0.6111111110277778,0.15652662307885243,1.8645025936220712
330,planted,30,99,3.3116304122926628,True,15,False,0.0003762909909710288,2.772588722239781,0.26641912801616435,1.5151515149984696,0.3128358677980269,0.18733353063030858,0.3,0.0,0.0,4.316526997884777,0.48097000118166616,0.6224708332526067,0.5397800775299572,0.45218504093969664,0.5134731385155455,0.5134731385155455,3.2828237227741597,0.044410346483444336,0.29558759613203894,0.12865400565265533,0.3786572258792986,0.49118005348229576,0.5087324490786068,0.5558819832303651,0.5707950805751563,0.545082843773792,0.17884105695666536,0.24424007200769204,0.1,0.1,0.9999999996666666,0.6628080416847313,0.879278138187098,0.8187307530779818,0.7814209477460388,0.9865651498636254,0.29558759613203894,0.8313837049329558,0.5999999998333333,0.16939337238624877,1.8963646732845767
331,planted,34,120,3.5413976960763773,True,11,False,0.00040066707879304886,2.4849066497880004,0.2889423027270631,1.8888888887104938,0.273074964221452,0.16972249752225727,0.2647058823529412,0.0,0.0,4.351017864975391,0.47898352807700384,0.636252045636705,0.5361745540731023,0.45786363050995077,0.518674988440299,0.518674988440299,3.249206774666187,0.16728580986442096,0.2706493028408159,0.11587063975735883,0.3452450644604632,0.45018132315484805,0.4797355885608373,0.5186119404388521,0.5223132671941159,0.516705196352807,0.21241721655038082,0.23853838420200635,0.11764705882352941,0.11764705882352941,0.49999999991666666,0.6757964110146064,0.890590422839384,0.7903383629814982,0.7806127758894714,0.9907042253066572,0.2706493028408159,0.7921458629178586,0.36764705878186277,0.1625283271815885,1.5929705517221258
332,planted,35,130,3.7016064021525334,True,16,False,0.0004932080628350377,2.833213344056216,0.2731702019326965,1.5256410255041093,0.2609866183963302,0.1684322033897948,0.2571428571428571,0.0,0.0,4.305914203237382,0.48158455554969815,0.6476011777442015,0.5396782217422574,0.4624686186899084,0.5244299462573888,0.5244299462573888,3.198555885030311,0.3397138283591419,0.27579015607004087,0.11707685276381773,0.34761961984973466,0.45456149953788355,0.47554543994282694,0.5198598452284366,0.541778309371836,0.5095452738668372,0.20268673374761703,0.2405809960580998,0.11428571428571428,0.11428571428571428,0.6666666665555555,0.677715489425217,0.8895168287096976,0.7956694616416928,0.7827890768373298,0.9795679849504721,0.27579015607004087,0.7861470459939495,0.447619047563492,0.16247309638267135,1.6720293460101536
333,planted,30,117,3.9128504992874746,True,12,False,0.000360167003236711,2.5649493574615367,0.3051094505854374,1.7948717947183872,0.300410700381616,0.19873982672612267,0.26666666666666666,0.0,0.0,4.2602887073814815,0.4842445756678647,0.6175256248225028,0.5370770148473142,0.4574020222465989,0.5152356950529002,0.5152356950529002,3.274137059099269,0.6588311459511332,0.2905609630668943,0.11937266394284496,0.3719793525408489,0.4828897867248434,0.5232234973988518,0.5586958364685047,0.5715634964005571,0.5493778758280529,0.1855179865128754,0.22086751973869467,0.1,0.1,0.9999999996666666,0.6565024776125502,0.887477008447442,0.8187307530779818,0.7813486412728918,0.9869352951385535,0.2905609630668943,0.8489509122613229,0.5999999998333333,0.16127015965442393,1.9007820348159745
334,planted,24,100,4.155276130225269,True,12,False,0.0003208749694749713,2.5649493574615367,0.2581988897265052,1.599999999872,0.2345275095081589,0.23566433566425327,0.2916666666666667,0.0,0.0,5.0486712502765565,0.4420538540261088,0.6673184456433731,0.5389572780108576,0.45214001658729164,0.5109288414834477,0.5109288414834477,3.304218770733426,0.9627373127024933,0.3080544592851652,0.1240711200932922,0.41819621224207715,0.5031431892047263,0.5123668247508033,0.5577631077585641,0.5709749542398659,0.5422535488457316,0.2150959570156756,0.2202409679134385,0.125,0.125,0.9999999996666666,0.6612152446313894,0.8833170170600994,0.7788007830714049,0.7690630480347164,1.050329297955241,0.3080544592851652,0.8450223678840042,0.6249999998333333,0.1517504653134302,1.929827292315933
335,planted,34,148,4.343366329136042,True,18,False,0.0007975839544087648,2.9444389791664403,0.27292242267641786,1.5315315314142521,0.22009166998137744,0.19101324740419065,0.2647058823529412,0.0,0.0,4.745229168939565,0.45739224470032214,0.6707758448660787,0.5396210402994873,0.46110044001438777,0.5210594172458894,0.5210594172458894,3.224452949843861,0.9762223450788675,0.27859814184370024,0.11763033766263871,0.3546248615593017,0.45436603392353037,0.4931753047674736,0.5346831065815691,0.5520945122916752,0.5257135945490902,0.21101639867632946,0.233051815273142,0.11764705882352941,0.11764705882352941,0.9999999998333333,0.6697137280580234,0.8890246308023794,0.7903383629814982,0.7778073079872246,1.0051058411890665,0.27859814184370024,0.8132709577273406,0.6176470587401961,0.16221187593542152,1.8717280342466585
336,planted,28,126,4.501674171144798,True,13,False,0.00040495896246284246,2.6390573296152584,0.2436736283347428,1.407407407303155,0.23574296665549066,0.22078239608796557,0.2857142857142857,0.0,0.0,4.803762145515271,0.4543512118892991,0.671491973111197,0.5408285299319681,0.45564980698933916,0.5180295918081841,0.5180295918081841,3.2455446361749893,0.8169002827941525,0.30060684049031805,0.12410887321006936,0.4186125470666138,0.4980374548281927,0.5073793290875119,0.5372253717508483,0.5467829657353298,0.5290837176159195,0.1851146742857109,0.23155255033101962,0.10714285714285714,0.07142857142857142,0.3333333332222222,0.6634030205292435,0.8832836697190901,0.8668778997501816,0.7978939871974678,0.9031181488772005,0.30060684049031805,0.8222706835343637,0.23809523803968252,0.1546457419645677,1.515618504028932
337,planted,25,118,4.739670644040216,True,12,False,0.0005932499188929796,2.5649493574615367,0.2063114083075793,1.4830508473528918,0.19348335976225453,0.24773164696171357,0.32,0.0,0.0,4.598000832595376,0.4652244257567219,0.7111050814853319,0.5400920220954438,0.4468333508566221,0.5287462379834653,0.5287462379834653,3.165002387405172,0.45081893388311733,0.3204372746541221,0.11478608147939974,0.41703850338298243,0.49941023860894035,0.529008888058813,0.5598134158013471,0.568054743101822,0.550885311225833,0.20121898076746117,0.19462498378864201,0.12,0.12,0.6666666664444444,0.6540184349546667,0.891556844030066,0.7866278610665535,0.7712043150457021,1.039207756644815,0.3204372746541221,0.8592203411513518,0.4533333332222222,0.14216655792692068,1.7751575069546168
338,planted,32,156,4.8779345594563015,True,26,False,0.0011995830573141575,3.295836866004329,0.26906113226702477,1.7094017092848273,0.2603523663761999,0.21044386422972836,0.28125,0.0,0.0,4.613754778697513,0.4643735633027669,0.6492435977284112,0.5379000740094557,0.45833162399551736,0.5169933961497293,0.5169933961497293,3.25898317428474,0.2665558557317846,0.2999125785939646,0.11331833334577601,0.41512392475009674,0.4677563861456126,0.5086256057739208,0.549279041524152,0.55599882194205,0.5451604664293112,0.21331198187934217,0.20368587177003317,0.125,0.125,0.8333333331944445,0.6628549828219327,0.892866385727508,0.7788007830714049,0.7724620031500851,1.0326898279155232,0.2999125785939646,0.8365931220058324,0.5416666665972223,0.14098364132987562,1.8191560085268947
339,planted,29,146,5.047588959403011,True,16,False,0.0008545840391889215,2.833213344056216,0.2575156248157083,1.6552511414429172,0.23686909437684817,0.2319890368049663,0.27586206896551724,0.0,0.0,4.91323605935729,0.44877079136715126,0.6661929851109915,0.5384228394130872,0.4566472823624309,0.5149145593777981,0.5149145593777981,3.274128255742955,0.11673596394972634,0.30668268828645606,0.11060491049816246,0.4177188829058688,0.4729767151675172,0.47888202101372573,0.5324071183596693,0.5523870809487043,0.5167085763254275,0.16967746559987476,0.19906222486467606,0.10344827586206896,0.10344827586206896,0.9999999996666666,0.6761864609825552,0.8952923996907719,0.8131037598190377,0.7895732854542408,0.9450504926940466,0.30668268828645606,0.787504946593529,0.6034482756954023,0.13167661604838113,1.8293125266237684
340,planted,32,108,3.373770416613489,True,16,False,0.0005365000106394291,2.833213344056216,0.3178862515632639,1.679012345513184,0.3060274386212468,0.16803627089822384,0.25,0.0,0.0,4.439605401370726,0.4739558083308416,0.6111534182852371,0.5381933255245906,0.4627549732146022,0.5117757812919362,0.5117757812919362,3.299012140624651,0.06590512711743232,0.27408180759584766,0.1266773441422747,0.34678566735506594,0.4716102584129893,0.5062868210429168,0.5306970331301422,0.5388792649385526,0.5256821168604711,0.2309989858468691,0.2576961399884927,0.125,0.125,0.6666666665555555,0.6638841859531268,0.8810178923258307,0.7788007830714049,0.7694276882255481,1.048433204916286,0.27408180759584766,0.8293850840697051,0.45833333327777775,0.17909868459756623,1.7408989095408967
341,planted,28,98,3.501715845220606,True,8,False,0.0002981669967994094,2.1972245773362196,0.2735506021900442,1.5238095236643991,0.23844865449322153,0.18717323109090722,0.2857142857142857,0.0,0.0,4.269693472590163,0.483693865227045,0.6600023142062056,0.5396960033161681,0.4558149687117501,0.5259787599718252,0.5259787599718252,3.1867270346005965,0.1365616073857864,0.28242439342815906,0.11986566361279832,0.38213051008938737,0.44616433487672336,0.4942522370637042,0.528193208494988,0.5392774190206121,0.5187511032324192,0.1927667425896295,0.23792032944037467,0.10714285714285714,0.10714285714285714,0.6666666664444444,0.6692310542998151,0.8870395904075203,0.8071177470053893,0.7825017700089487,0.9810363731739551,0.28242439342815906,0.8065405269586056,0.44047619036507935,0.15963600932475375,1.6890771200765977
342,planted,25,94,3.7557455272908897,True,11,False,0.00033012498170137405,2.4849066497880004,0.2538868413912334,1.6843971629712415,0.2659049663534489,0.20016174686607352,0.28,0.0,0.0,4.141759568479554,0.49129429165236166,0.6510028492219101,0.538141339765009,0.45994418188439606,0.5278897697542811,0.5278897697542811,3.175105176411349,0.4145982921650711,0.2932669892036513,0.12427891465885735,0.38217705634555943,0.480288537265348,0.5294172629939897,0.5803459334145552,0.5942845594958789,0.5652457551597883,0.22269809857640926,0.2322891903443518,0.12,0.12,0.9999999996666666,0.6538438032551028,0.8831334876531501,0.7866278610665535,0.768699437370473,1.052220932969027,0.2932669892036513,0.8752647543453697,0.6199999998333333,0.166674769546695,1.9552065129290492
343,planted,33,129,3.895755750755865,True,19,False,0.000648292014375329,2.995732273553991,0.34319292433009446,2.046511627732468,0.266728384483624,0.18292682926825057,0.24242424242424243,0.0,0.0,4.699752075736934,0.4597832174040626,0.6233863670863915,0.5346683345290144,0.46179436186992023,0.509627686535263,0.509627686535263,3.3224080350652443,0.6316643816717394,0.2649665814876517,0.12058910259169793,0.3578092744589142,0.450347709546709,0.4861149939154444,0.540853365850739,0.5540047982362589,0.5334556851338841,0.2274914806563525,0.24653397016571765,0.12121212121212122,0.12121212121212122,0.6666666665555555,0.6728954381688294,0.8863981034583018,0.7847231940537559,0.7764216385372635,1.0122382257387992,0.2649665814876517,0.813414547004902,0.45454545448989897,0.16621312961557128,1.699139712598024
344,planted,33,139,4.198866871985616,True,12,False,0.0004811669932678342,2.5649493574615367,0.24318958912391483,1.4244604315419491,0.2780581420707853,0.18094841930112707,0.24242424242424243,0.0,0.0,4.542673570418396,0.46823748642944946,0.6477238628844182,0.5406623166024815,0.4674125751451454,0.5214173640485306,0.5214173640485306,3.2197782703521005,0.9871427214982579,0.28380355946279523,0.12126274563735862,0.34512962774454176,0.4750074120062488,0.4963152645240833,0.5120790394478729,0.5182919853780684,0.508584257362138,0.21238503515441493,0.23561146915691022,0.12121212121212122,0.12121212121212122,0.8333333331944445,0.6683083596811793,0.8858011886165593,0.7847231940537559,0.7744794175863641,1.0222567731158039,0.28380355946279523,0.8054510430366235,0.5378787878093434,0.16726937709763826,1.7944027674064005
345,planted,32,137,4.28497550469849,True,13,False,0.0004942090017721057,2.6390573296152584,0.2874652359997382,1.7128953769955897,0.22342607349730692,0.19285867008762178,0.25,0.0,0.0,4.526229014952468,0.4691405770341367,0.6639873349921999,0.5378663812683075,0.46348408251693946,0.5246051370876339,0.5246051370876339,3.2005827788919907,0.9978424422558333,0.26458391319938646,0.11335293851739368,0.3450008313814018,0.4158792085440853,0.4670471255571504,0.5450243413877104,0.5566872172167678,0.537876127169901,0.22633293945173988,0.23515705028669465,0.125,0.125,0.49999999991666666,0.6816413614663014,0.8928354884676037,0.7788007830714049,0.7796827389524816,0.9954727427438209,0.26458391319938646,0.7961425311139405,0.37499999995833333,0.15772304876832,1.59344949303998
346,planted,26,118,4.5321369780446945,True,17,False,0.0007590829627588391,2.8903717578961645,0.25611360352114726,1.6892655365990936,0.22749610234941833,0.23422929237514145,0.2692307692307692,0.0,0.0,4.884122914952312,0.4502414068661579,0.6721197373333259,0.5380943484679307,0.45655081109499024,0.5169641179882452,0.5169641179882452,3.2588486002456114,0.773805004059144,0.3013790334751007,0.1140383413331081,0.3668701671600888,0.4611901927828085,0.5013488104169357,0.5649699257844609,0.5829698311948455,0.5469700203740764,0.19990475569969035,0.20804987976863143,0.11538461538461539,0.11538461538461539,0.9999999996666666,0.6660677339347227,0.8922237461787305,0.7939226578179512,0.77849672512039,1.0015619723147706,0.3013790334751007,0.8338099622340888,0.6153846152179487,0.15103044017028902,1.9016040510974273
347,planted,38,178,4.6790811163174775,True,21,False,0.0015048750210553408,3.091042453358316,0.2657329104689817,1.4943820223655684,0.17017179449881595,0.1866158868334893,0.2894736842105263,0.0,0.0,4.7352909936215575,0.457912621676916,0.7039660666864205,0.5399818680042411,0.4565759460515784,0.5279779544949977,0.5279779544949977,3.1710227042087253,0.54436592915816,0.27416464505154475,0.11737248522207856,0.37646695913833056,0.48143249406879846,0.48636227762379325,0.49175137725618806,0.491934308919585,0.4916871039690486,0.18724072630619093,0.23687882241652392,0.10526315789473684,0.10526315789473684,0.8333333331944445,0.672783489633949,0.8892538975303722,0.8101577349324267,0.7855193634526015,0.9656406767739008,0.27416464505154475,0.779048147828435,0.521929824491959,0.15770426989281125,1.73284688726475
348,planted,32,158,4.922704589609687,True,12,False,0.0004887909162789583,2.5649493574615367,0.22921142370673797,1.620253164447578,0.18086348446673867,0.21521488555899632,0.28125,0.0,0.0,4.565473486696122,0.4669911133590913,0.7107163457261826,0.5387612481063553,0.4584091837699196,0.5338502002026084,0.5338502002026084,3.1290427635325373,0.21855943772413516,0.27768658148361236,0.13656534533215386,0.3790521935539863,0.4823654456727809,0.5280255361416417,0.5868536372491596,0.5939117957264368,0.5825276691501832,0.2410436954674907,0.2633676675302983,0.125,0.125,0.9999999998333333,0.6544393247020344,0.872349314441404,0.7788007830714049,0.7632416536601088,1.0807223254933098,0.27768658148361236,0.8817132786330942,0.6249999999166667,0.1834277575526047,1.967827617585978
349,planted,27,136,5.046281337696427,True,11,False,0.0003796669188886881,2.4849066497880004,0.22302574833969835,1.6544117645963992,0.27172936166462136,0.23062381852546532,0.2962962962962963,0.0,0.0,4.762315693783506,0.4565003293407736,0.6576708339235329,0.5384309506898705,0.4551833971658571,0.5150847556630442,0.5150847556630442,3.272791277199656,0.11757081093711493,0.3068823089152486,0.12537465544615922,0.4117522163083551,0.4770871447422054,0.5552765148481302,0.5969035737250027,0.6013317820359508,0.592815996822589,0.20193367421856037,0.22313661074677116,0.1111111111111111,0.1111111111111111,0.9999999996666666,0.6429724813903257,0.8821663322426797,0.8007374029168081,0.7686777790840998,1.0523336354872246,0.3068823089152486,0.9042117202652717,0.6111111109444445,0.16322126842009657,1.9854264085450615
350,planted,35,118,3.3769019301154146,True,19,False,0.0005744999507442117,2.995732273553991,0.2384287891968694,1.4830508473109978,0.2806358720282325,0.16076868994606028,0.2857142857142857,0.0,0.0,4.459850198555874,0.47282161103547843,0.6478159877739221,0.5400920220958512,0.45705757099159566,0.51924616289698,0.51924616289698,3.2375245568524873,0.06718173414655604,0.2725346233002597,0.11456058427827077,0.3725106720494239,0.4605013282789006,0.47599960334459235,0.48323162654292146,0.4841181066863658,0.48281445941659473,0.19976145779728702,0.23685195090893596,0.11428571428571428,0.11428571428571428,0.6666666665555555,0.6775069571387522,0.8917579102721276,0.7956694616416928,0.7833655580434257,0.9766232885908973,0.2725346233002597,0.7675557810653748,0.447619047563492,0.15514823200238315,1.6428576839315097
351,planted,33,115,3.4838162299323785,True,17,False,0.00041395798325538635,2.8903717578961645,0.27166085826642045,1.6260869563662004,0.33089096481136565,0.17153748411685601,0.2727272727272727,0.0,0.0,4.693223768633666,0.4601284985246261,0.6120311000248264,0.5387048094217873,0.45797139266292736,0.5052391448582896,0.5052391448582896,3.349481142172972,0.12417236440446172,0.2904723627863835,0.10743836454238342,0.33960684161781324,0.47535807625790016,0.4909595141441035,0.4980325577784741,0.5000228999562161,0.4969129903034943,0.2054011953182446,0.20714661097237408,0.12121212121212122,0.12121212121212122,0.49999999991666666,0.6707090236276855,0.8981318775141384,0.7847231940537559,0.778987071419542,0.9990433133562554,0.2904723627863835,0.7913260918629017,0.37121212117045455,0.15111911238966153,1.6041296882094014
352,planted,34,127,3.744745142750182,True,10,False,0.0004094579489901662,2.3978952727983707,0.25588868641509344,1.5170603673186875,0.21325952015971864,0.1763916834338975,0.29411764705882354,0.0,0.0,4.4403082069078526,0.47391634309352065,0.6806638883190341,0.5397615392318141,0.45384251317570995,0.5270435755596021,0.5270435755596021,3.178516012588555,0.3988067631568422,0.2766975600856186,0.1379779362281448,0.41895447158522253,0.4929532333105159,0.5100112907633904,0.5547031019864535,0.5634798183675406,0.5501817632446813,0.2221507736224751,0.2741096822918123,0.11764705882352941,0.11764705882352941,0.6666666665555555,0.6622467037941466,0.8711179116806277,0.7903383629814982,0.7696677167201332,1.0471855707786029,0.2766975600856186,0.8429005351622358,0.45098039210130714,0.17623982394043303,1.7468183112895945
353,planted,33,130,3.929474477690236,True,16,False,0.00047999992966651917,2.833213344056216,0.27276074145327306,1.6076923075562721,0.26427519481570483,0.18220057560323616,0.30303030303030304,0.0,0.0,4.699102688237754,0.45981754019394283,0.6459412917910029,0.5388828075465452,0.4541517130865812,0.5128533295815757,0.5128533295815757,3.289318675441409,0.6850390024244125,0.28463434544228,0.10969328579406498,0.3774307926565792,0.44860976889203563,0.4755380003350192,0.49644175942686786,0.5016222074277004,0.49352775742639954,0.20285426989991912,0.21669804402996684,0.12121212121212122,0.12121212121212122,0.6666666665555555,0.6777189064415496,0.8961089424934665,0.7847231940537559,0.7811041897278467,0.988186924849001,0.28463434544228,0.7744724475234329,0.45454545448989897,0.14482773555350564,1.6584799830091177
354,planted,38,157,4.1355212104423,True,6,False,0.00039208296220749617,1.9459101490553132,0.27919926044479104,1.7749469213005349,0.30982438339822005,0.17099792099789135,0.2631578947368421,0.0,0.0,4.367216974478233,0.47805620580903296,0.6202815401305042,0.5372686620092709,0.45833558628866977,0.514142847338944,0.514142847338944,3.282273554304687,0.9477609794277037,0.2790246751671602,0.10285416763594163,0.3492291853932159,0.4356067705338664,0.450439190604248,0.5008701095570895,0.5189962253059003,0.49450147429399377,0.17688414203716385,0.2074973172257406,0.10526315789473684,0.10526315789473684,0.49999999991666666,0.6894463459604973,0.9022585423840089,0.8101577349324267,0.7957934370379545,0.9136625070407711,0.2790246751671602,0.7450952808920837,0.35526315785307017,0.13915043750738934,1.5185335514197034
355,planted,28,120,4.271072640462154,True,8,False,0.00032433297019451857,2.1972245773362196,0.2981423969767831,1.7111111109780246,0.201327030303493,0.21548998946253545,0.2857142857142857,0.0,0.0,4.778409920307189,0.4556633873689081,0.6732501840189079,0.5378835881052331,0.45485423966308863,0.5186777530042583,0.5186777530042583,3.246003065368548,0.9995755632054253,0.2883390860609709,0.13902029535258711,0.4050739704225125,0.4998670080781775,0.5392580456655661,0.5620080224827265,0.5701750288888346,0.5550509429515973,0.20413934406938017,0.2640594486988368,0.10714285714285714,0.10714285714285714,0.6666666664444444,0.6496636498447574,0.8702103670528056,0.8071177470053893,0.76986853910451,1.0461420233571639,0.2883390860609709,0.8712968929242745,0.44047619036507935,0.18181675500186784,1.7819289243521927
356,planted,27,123,4.555020869452442,True,7,False,0.0002845419803634286,2.0794415416798357,0.2487326591814481,1.7560975608471148,0.23765750708212216,0.21561135371173154,0.2962962962962963,0.0,0.0,4.881168701143764,0.4503911742476932,0.6686707828463674,0.5374500903023173,0.4563677583510956,0.5160665670121725,0.5160665670121725,3.2669974327720266,0.7397997489273987,0.29274046698707046,0.11945017386820159,0.39268140032811005,0.47506393036385997,0.5051734286297874,0.5441923837334539,0.5540071491000793,0.5351326003181074,0.19604958983123724,0.22466119794967154,0.1111111111111111,0.1111111111111111,0.9999999996666666,0.6643752679784783,0.8874082228365797,0.8007374029168081,0.7786500938273789,1.0007740249977364,0.29274046698707046,0.8262820179543237,0.6111111109444445,0.15488240318341123,1.8850159990692499
357,planted,28,133,4.748547790346267,True,30,False,0.00154654192738235,3.4339872044851463,0.19726396566176982,1.4035087718313326,0.17940749694499142,0.22367216117210995,0.2857142857142857,0.0,0.0,4.500660421474648,0.470551675008105,0.7240197878380398,0.5408665437145923,0.457015232812806,0.5379758888701689,0.5379758888701689,3.0943488498156615,0.4375997342245944,0.30001967963937204,0.12168080409396143,0.399705404770194,0.5152860141439751,0.5248422054900933,0.5293266108683063,0.5302311889139524,0.5285560443849783,0.18786483669642903,0.2172224075321072,0.10714285714285714,0.10714285714285714,0.6666666664444444,0.6558055623064251,0.885430949335013,0.8071177470053893,0.7767636556054351,1.0104765965203266,0.30001967963937204,0.8364717200983537,0.44047619036507935,0.1558115646225,1.732779154725305
358,planted,31,153,4.931553948101099,True,7,False,0.0004005000228062272,2.0794415416798357,0.2329627092841058,1.418300653498982,0.20631647000186867,0.2078904333605462,0.3225806451612903,0.0,0.0,4.533646392320995,0.4687328037870659,0.6930326584882568,0.5407223432688457,0.4502670565944992,0.5268856948368776,0.5268856948368776,3.1779359582832516,0.20980402689537553,0.2983638020845855,0.11361737466142809,0.4036482561589605,0.47295333788720106,0.49261790102732783,0.5080625275087236,0.5130627022051167,0.5047290777111282,0.21312494562129555,0.21086817250421674,0.12903225806451613,0.12903225806451613,0.6666666665555555,0.6699638261819904,0.8925994217074438,0.7725453888611077,0.7730554625664202,1.0296179276234532,0.2983638020845855,0.7999304011870135,0.4623655913422939,0.14272560794779196,1.7033854025616848
359,planted,24,123,5.137902995580109,True,7,False,0.00031929195392876863,2.0794415416798357,0.23586578840646413,1.3658536584477494,0.1959220235109083,0.2592592592591865,0.2916666666666667,0.0,0.0,5.192563586254463,0.4351343303168613,0.6985201290097147,0.5412339764746937,0.4502664443047266,0.5153361623607219,0.5153361623607219,3.265646990286957,0.06934396617302797,0.3210778873874223,0.12002280513243914,0.44258753909089515,0.4975575770209496,0.5095869114764311,0.5575502957512659,0.5716039517109602,0.5410525257116248,0.20588352870802906,0.206726524017939,0.125,0.125,0.9999999996666666,0.6624328764363514,0.8869002106097656,0.7788007830714049,0.7705739773791958,1.0424784614130154,0.3210778873874223,0.8398329415290713,0.6249999998333333,0.13976442019298344,1.9256752489428104
360,planted,38,127,3.350187586344144,True,18,False,0.0006144579965621233,2.9444389791664403,0.25426826682468406,1.5958005247752218,0.2651496164364822,0.1532420459121721,0.2894736842105263,0.0,0.0,4.253569031954403,0.48463882527833185,0.6512979025746982,0.5389979424890509,0.4556172500216404,0.5239212502290256,0.5239212502290256,3.203699082907767,0.056914778976800466,0.26486973879043885,0.11720432431310332,0.3636474502980534,0.4481875596602918,0.46741775773778427,0.5022489715585478,0.5037381641051011,0.5017257417448939,0.19010166199825695,0.2479869507883954,0.10526315789473684,0.10526315789473684,0.49999999991666666,0.6814691962986943,0.889403447847997,0.8101577349324267,0.7889295206166357,0.9483131533395013,0.26486973879043885,0.7660676590166223,0.35526315785307017,0.16029144020478103,1.5464919958649124
361,planted,28,97,3.4820432397963,True,15,False,0.0003664590185508132,2.772588722239781,0.27012582642651484,1.5395189001955103,0.30755395394978885,0.1822730521800635,0.2857142857142857,0.0,0.0,4.345029566252992,0.47932724123301607,0.624058253209605,0.5395435231417945,0.4578602992531739,0.5154621056593273,0.5154621056593273,3.2677977671729037,0.12299325477290012,0.2885368422299616,0.13008307935532426,0.35798928906683347,0.49439741281245636,0.5311516487631197,0.5473746185695484,0.5486017393125412,0.5463292934921842,0.19802415936257353,0.25441124988608754,0.10714285714285714,0.10714285714285714,0.9999999996666666,0.6531031729011365,0.8780224823485494,0.8071177470053893,0.7735257500881555,1.0271852714781091,0.2885368422299616,0.8543449978885372,0.6071428569761904,0.1822137951092838,1.932238492203973
362,planted,30,111,3.71078142020492,True,10,False,0.00037808401975780725,2.3978952727983707,0.20850877279610974,1.5315315313935558,0.29322193054590856,0.19046417759833742,0.3,0.0,0.0,4.204259067197991,0.4875516444858102,0.650376855633856,0.5396210402996882,0.45740318732577634,0.5254059218484529,0.5254059218484529,3.1912246761577876,0.3518805653435347,0.30047155559350197,0.11808774042532884,0.4196130488852648,0.4745332147848044,0.5047048244740207,0.5196170875515398,0.5227837505498409,0.5173239867596665,0.16980003524364057,0.21872075321873807,0.1,0.1,0.9999999996666666,0.664582171689093,0.8886180814656338,0.8187307530779818,0.7848770770883624,0.9689126475045798,0.30047155559350197,0.8069633770607006,0.5999999998333333,0.14671010193570747,1.8541450344232433
363,planted,31,122,3.923376572888139,True,12,False,0.0004253339720889926,2.5649493574615367,0.26385578479749566,1.7786885244395099,0.2416835852109051,0.19093772716254154,0.25806451612903225,0.0,0.0,4.41595035140201,0.4752879749740493,0.6613404513947005,0.5372326630135311,0.46205682320472935,0.5256448744387886,0.5256448744387886,3.193841755939985,0.6754567792820957,0.27150042420385917,0.12821452189111288,0.3277908206724133,0.47833861726228377,0.49907267115617543,0.5748735214049998,0.6036893203922004,0.5556629887468663,0.24715380853895325,0.2513495405574111,0.12903225806451613,0.12903225806451613,0.49999999991666666,0.6670790677737721,0.8796646515776687,0.7725453888611077,0.7681973762143615,1.0548343090650114,0.27150042420385917,0.8482978839934137,0.37903225802284946,0.1799252441428471,1.6787558103629694
364,planted,37,153,4.147755669467527,True,27,False,0.0009684170363470912,3.332204510175204,0.2770056336280367,1.5315904138198937,0.23981932865068692,0.18015138772074343,0.2702702702702703,0.0,0.0,4.622831143211175,0.46388476517358596,0.6581028391487825,0.539620468766134,0.45737094639729325,0.5187890678394729,0.5187890678394729,3.241920807605348,0.9573132480017302,0.27369811821873496,0.11993282733488166,0.3776024190625171,0.4572451665979399,0.4866226249778295,0.5016721836951863,0.5078512083315859,0.4992692296699197,0.1926483636182669,0.24867126582764687,0.10810810810810811,0.10810810810810811,0.8333333331944445,0.6726656672636832,0.886980015527651,0.8055611076677214,0.783316357512694,0.9768745228969937,0.27369811821873496,0.7856208077299893,0.5247747747053304,0.16280875652343563,1.7469024571774905
365,planted,29,124,4.290030835894884,True,11,False,0.0004272919613867998,2.4849066497880004,0.28298677054073823,1.7930107525483943,0.26317504879846215,0.2116998321744877,0.27586206896551724,0.0,0.0,4.64898888824711,0.4624818058716086,0.643348441772518,0.5370949094706736,0.4578028720411659,0.5145249899313078,0.5145249899313078,3.2796250645848386,0.9968821175901392,0.2950954796228636,0.13181417044326368,0.40565490344014593,0.5042438127565161,0.5377349009171004,0.5477805974686117,0.5495488087474923,0.5463912886066342,0.18956683615278927,0.2452165686316421,0.10344827586206896,0.10344827586206896,0.9999999996666666,0.6503071494336268,0.8765038602701531,0.8131037598190377,0.7738784925438909,1.0253616111731734,0.2950954796228636,0.8590169086896037,0.6034482756954023,0.17155817521593428,1.929118839223804
366,planted,27,123,4.55119112807396,True,15,False,0.000585916917771101,2.772588722239781,0.26117688460217425,1.5365853657412256,0.20742165183156325,0.21907841552136376,0.2962962962962963,0.0,0.0,4.9107385535463814,0.44889657304646674,0.6823466232223635,0.5395719904117087,0.45523801733177893,0.5185571418052667,0.5185571418052667,3.243799259965935,0.7455731305869923,0.29602358241425847,0.12168906738099997,0.3847800052783295,0.45147452723034825,0.5232299569903022,0.5669895771163899,0.5739123453905223,0.5605993294787293,0.19872004342014796,0.22902205999512004,0.1111111111111111,0.1111111111111111,0.9999999996666666,0.6564996935694895,0.8854236327951552,0.8007374029168081,0.774982538744001,1.0196591169502105,0.29602358241425847,0.8564047564035342,0.6111111109444445,0.1626077916621365,1.9261472414243737
367,planted,30,143,4.7775831372849495,True,20,False,0.001067332923412323,3.044522437723423,0.27687951434284963,1.678321678204313,0.2610594327488654,0.21880724608177918,0.26666666666666666,0.0,0.0,4.771337171260905,0.4560308105708116,0.6463969935552636,0.5381999940474091,0.458377447735775,0.5131436021782001,0.5131436021782001,3.288323228861707,0.3954998263836505,0.29300320038528,0.1172865417703575,0.3589886694616967,0.46052154005263873,0.5166916450989159,0.5389312631962745,0.5427098545348109,0.5361950418821619,0.17897492706063534,0.22578725505238184,0.1,0.1,0.6666666664444444,0.6593298006430185,0.8893303263640143,0.8187307530779818,0.78301299627622,0.9784239351609835,0.29300320038528,0.8309010084622119,0.43333333322222223,0.16334507819243835,1.7205826202621526
368,planted,27,133,4.923597069437464,True,5,False,0.0002811249578371644,1.791759469228055,0.22953891009685443,1.5563909773382893,0.27938345646926055,0.2225956566700562,0.2962962962962963,0.0,0.0,4.834105033134266,0.45279063187466245,0.6513161540295391,0.5393798533605051,0.45500313617304355,0.5119582637754272,0.5119582637754272,3.295383902632319,0.21766546681742055,0.30320314623573974,0.1195339689225156,0.3782991198723606,0.47689946309728093,0.5079196223117936,0.5541701619573667,0.5674407344787953,0.5419204027068174,0.19202047325495822,0.22311589771874174,0.1111111111111111,0.1111111111111111,0.9999999996666666,0.6631653207529051,0.8873338655317792,0.8007374029168081,0.778155383659162,1.0033162061054532,0.30320314623573974,0.8330098216042164,0.6111111109444445,0.15780495070457823,1.9051290294889789
369,planted,37,189,5.116178360290528,True,6,False,0.0005027500446885824,1.9459101490553132,0.20638688811804135,1.5008818341172263,0.20190898397171753,0.19358288770050885,0.32432432432432434,0.0,0.0,4.529103186331904,0.468982484162004,0.7055809394296972,0.5399187014667307,0.452044433191187,0.5308374196652345,0.5308374196652345,3.1495346232080417,0.07900596356190344,0.2865631022247974,0.1224052134456747,0.39281454206645033,0.4594773434672782,0.4849000521144007,0.5321193472436132,0.5328804309345794,0.5318233702526819,0.18922038189535756,0.240894280303537,0.10810810810810811,0.10810810810810811,0.6666666665555555,0.6734459996658128,0.884789767142246,0.8055611076677214,0.7829736014162749,0.9786251877703417,0.2865631022247974,0.7982648212100467,0.44144144138588587,0.15781244616638163,1.6840818109871116
370,planted,36,121,3.3745743362099296,True,11,False,0.0004172080662101507,2.4849066497880004,0.32421562386756586,1.586776859346766,0.2936355310998021,0.1579077838373431,0.2777777777777778,0.0,0.0,4.5819211699719915,0.46609610141793634,0.6154270672292136,0.5390853414682234,0.453292918223881,0.506613780815138,0.506613780815138,3.337906734748047,0.06623095270220643,0.2727861032283545,0.1145164904106374,0.3583351554378088,0.44917378966156396,0.4588047746884032,0.5189766187144121,0.5430455271284942,0.5086613722512343,0.1959021005464549,0.23757639474568637,0.1111111111111111,0.1111111111111111,0.6666666665555555,0.6854926837030659,0.8917972321943055,0.8007374029168081,0.7881091197523631,0.9524748823749174,0.2727861032283545,0.767268609182223,0.44444444438888886,0.15477808269589594,1.6392772394953623
371,planted,38,133,3.50871841550646,True,13,False,0.0006270420271903276,2.6390573296152584,0.30491067794395366,1.714285714122449,0.33143472021212966,0.16197316197313136,0.2631578947368421,0.0,0.0,4.5936302534025195,0.4654610312581531,0.60257366029019,0.5378529741068377,0.4583344749506407,0.5046907350226576,0.5046907350226576,3.355407801466005,0.1416527274863441,0.2789664891369011,0.1127344342204041,0.3621263573616589,0.4403264010758885,0.4774226952564904,0.5357450574447494,0.5578408385302386,0.527981674901199,0.18720246753130615,0.2284122039865255,0.10526315789473684,0.10526315789473684,0.8333333331944445,0.6768543648413315,0.893387881864961,0.8101577349324267,0.7883183295347858,0.9514131917321017,0.2789664891369011,0.7920958408616916,0.521929824491959,0.15373403437343208,1.7467261888639838
372,planted,34,128,3.7538317417610543,True,19,False,0.0006652079755440354,2.995732273553991,0.21207576114270507,1.5937499998588867,0.20778208717383365,0.1741767764297716,0.29411764705882354,0.0,0.0,4.353623667656124,0.4788341154853973,0.6997050925461269,0.539017800420675,0.45636760682841326,0.5347346295982135,0.5347346295982135,3.1219453726333715,0.41183151908165033,0.2619855800068144,0.12038219171524552,0.3462659355247146,0.43992012302773986,0.4563188205052764,0.5141796795919604,0.5386116656970903,0.5015935049317418,0.21331514082088096,0.2562814871444523,0.11764705882352941,0.08823529411764706,0.33333333327777775,0.6866628281663252,0.8865815278423698,0.8382234324229999,0.7991114213311326,0.8970195628137976,0.2619855800068144,0.7667374455064768,0.25490196075653593,0.16588108376853117,1.4495060700383584
373,planted,31,122,3.9389633563247672,True,14,False,0.0004041669890284538,2.70805020110221,0.3128146837191159,1.6939890708947714,0.3021255204546231,0.1900636942674675,0.2903225806451613,0.0,0.0,4.3556944081906055,0.4787154489612534,0.6144868257869867,0.5380487630557238,0.4543403719055411,0.5112780123946016,0.5112780123946016,3.30317320017099,0.6998623336880736,0.2935289432836986,0.1279196224068902,0.3859936505162593,0.4869255917897738,0.5271253018477084,0.5547042586788996,0.5613560531695639,0.5502697290184568,0.23106280477200195,0.24335477010777695,0.12903225806451613,0.12903225806451613,0.6666666665555555,0.654825114082043,0.8799241024837968,0.7725453888611077,0.7635395106291616,1.0791616199796192,0.2935289432836986,0.8622431323801588,0.4623655913422939,0.17096432988711235,1.7891019968932638
374,planted,26,108,4.135112675373957,True,9,False,0.00034545897506177425,2.302585092994046,0.21023933783407217,1.4444444443285323,0.18534274924178595,0.21253229974153343,0.3076923076923077,0.0,0.0,4.099020969791914,0.49388685557419554,0.7149878950163021,0.5404676653235474,0.45353476135863413,0.5430572034043164,0.5424086580220621,3.0586778909443093,0.9474267137249006,0.29454024960852654,0.12031174279251648,0.37583642502818515,0.4922286699268562,0.5146396048526265,0.5180537203575848,0.518948186339517,0.5171592543756525,0.20197918134608797,0.22537717598443296,0.11538461538461539,0.11538461538461539,0.9999999996666666,0.6602230634906047,0.8866439887560439,0.7939226578179512,0.7745914887590347,1.021677994324712,0.29454024960852654,0.8241612603679409,0.6153846152179487,0.16078293181607223,1.8948690570104885
375,planted,26,114,4.38812459842274,True,15,False,0.0003559580072760582,2.772588722239781,0.2770843915691605,1.5204678361417188,0.3408759811770008,0.23136818687424043,0.2692307692307692,0.0,0.0,4.550492248867276,0.467809324139192,0.6057111037029356,0.5397284499087293,0.45710759918196053,0.5059616692171685,0.5059616692171685,3.3418665870366597,0.9447435130872582,0.3258615287119737,0.11714249275803376,0.4012521136339616,0.5134925101543233,0.5224605939210782,0.5537900467957472,0.563891009987501,0.5436890836039934,0.18964627721948696,0.20212029505297324,0.11538461538461539,0.11538461538461539,0.6666666664444444,0.6568314503461219,0.8894584427464542,0.7939226578179512,0.7740801531051053,1.0243194098847317,0.3258615287119737,0.8467671866238236,0.44871794860683756,0.14769792106707916,1.769044585009714
376,planted,37,166,4.486395300869603,True,11,False,0.0006269579753279686,2.4849066497880004,0.26849124187641016,1.6345381524890001,0.2535372726338137,0.18540167865704654,0.2702702702702703,0.0,0.0,4.724820357741457,0.4584621615103897,0.6531819918868019,0.5386230697801867,0.45957546451150766,0.5162953081795835,0.5162953081795835,3.263044755095791,0.8373817821054799,0.2768884606307245,0.11663677987177569,0.3810984017868376,0.44227723062617635,0.5088542849652588,0.5312374727318202,0.5362350233067634,0.5292939808415644,0.19713375004985748,0.23411226167213917,0.10810810810810811,0.10810810810810811,0.8333333331944445,0.6627545217350295,0.8899083670994249,0.8055611076677214,0.7803069827642306,0.9922714711624437,0.2768884606307245,0.8237564588436331,0.5247747747053304,0.159977019163232,1.7853967133429198
377,planted,38,179,4.713688872910759,True,29,False,0.0020995839731767774,3.4011973816621555,0.20287698363948733,1.3445065175957331,0.2410133269046737,0.19417354338582218,0.2894736842105263,0.0,0.0,4.563566142849326,0.46709512524055713,0.6823725803656532,0.5414425003826929,0.45669895786910614,0.5260402485225483,0.5260402485225483,3.1830285987198357,0.4903086448305579,0.2872333227176491,0.10947441242076887,0.3804343598438541,0.45576594283822147,0.4743718902435348,0.5010797851207597,0.5149003962586335,0.49622389472096606,0.17719205750760628,0.21132489792531928,0.10526315789473684,0.10526315789473684,0.49999999991666666,0.6782549278220581,0.8963050983464144,0.8101577349324267,0.789719391914177,0.9443103818221665,0.2872333227176491,0.7692097971808163,0.35526315785307017,0.1420147059431439,1.5537209836946795
378,planted,24,120,4.995154331393098,True,17,False,0.0006987910019233823,2.8903717578961645,0.27419917063178817,1.6666666665555556,0.25022047638692446,0.2455108359132367,0.2916666666666667,0.0,0.0,5.279245813679896,0.43106951581162056,0.6531951706529555,0.5383125503066224,0.4526518288171275,0.5032512381618582,0.5032512381618582,3.365978945610417,0.1539125317473574,0.3187693277747464,0.10307426888729976,0.4201405876599428,0.47493354250994924,0.4815157217723683,0.5275172703438599,0.5411270449543627,0.5115405784097914,0.1963426916410244,0.17994463999814703,0.125,0.125,0.9999999996666666,0.6749843996280236,0.9020599760029377,0.7788007830714049,0.7798034930893663,0.9948532867450748,0.3187693277747464,0.7943600298545543,0.6249999998333333,0.12163907182112146,1.8597684292837555
379,planted,25,127,5.081198597389905,True,9,False,0.0003600000636652112,2.302585092994046,0.2290242452172397,1.4435695537110518,0.20657919856480736,0.24913678618851284,0.28,0.0,0.0,4.745058414566594,0.4574011756556392,0.6942896072320821,0.5404761841306144,0.45396842328232645,0.5243499072554032,0.5243499072554032,3.197688918258407,0.09680406791981581,0.3177965760173818,0.11636571475123261,0.4372435426148024,0.4968133794071804,0.5181576212308135,0.5334678813178556,0.5366502852542562,0.5300202770534217,0.19600810105259037,0.19856190736574875,0.12,0.12,0.6666666664444444,0.6586931330550985,0.8901496229147661,0.7866278610665535,0.7726304572939621,1.0318176256423977,0.3177965760173818,0.833893587152889,0.4533333332222222,0.13804405493926897,1.743067551331762
380,planted,29,98,3.380210121839588,True,10,False,0.00029516604263335466,2.3978952727983707,0.27502687088081096,1.578231292361331,0.28084970581749485,0.17853658536579559,0.27586206896551724,0.0,0.0,4.31487813153258,0.4810653790379401,0.6363854241720259,0.5391681359455942,0.46053027897512305,0.520468166919362,0.520468166919362,3.229834012404033,0.06855217977305904,0.2842547673880392,0.12351880504423124,0.38737827665600966,0.4547073518156989,0.4858789720958882,0.5347105709145832,0.5496021160357448,0.5230100711765276,0.18391594404772516,0.2465817959618093,0.10344827586206896,0.10344827586206896,0.6666666664444444,0.6730023230556001,0.8838050210952941,0.8131037598190377,0.7849457921996941,0.9685624673059597,0.2842547673880392,0.7992132435651111,0.43678160908429114,0.16158722994451302,1.6818368499819543
381,planted,37,131,3.5317152782039765,True,15,False,0.0005272079724818468,2.772588722239781,0.2593173702269299,1.506361323013396,0.2501299001040014,0.16235245392417427,0.2972972972972973,0.0,0.0,4.416117960389183,0.475278509501194,0.6580432737443184,0.5398654621207801,0.4523783649746943,0.5210764984517511,0.5210764984517511,3.2238689769425166,0.15936463922507513,0.277400956502995,0.11408961750841212,0.3934264510810971,0.4546879137889321,0.47930990840046006,0.4956511972336979,0.4997331632736023,0.4940637659959573,0.18756350602715124,0.2292756441054875,0.10810810810810811,0.10810810810810811,0.9999999998333333,0.6759908754219557,0.8921779975304289,0.8055611076677214,0.7861346598857841,0.9625087077549722,0.277400956502995,0.7740263835240968,0.6081081080247748,0.14876349477957868,1.808298942831445
382,planted,27,103,3.811844811328879,True,12,False,0.00027950003277510405,2.5649493574615367,0.23462225189395675,1.660194174612216,0.24624956479352877,0.20913242009126054,0.2962962962962963,0.0,0.0,4.480826835455577,0.4716521251533284,0.6684084842994988,0.5383750776124631,0.4551854800720266,0.5235410220935406,0.5235410220935406,3.2077593439922496,0.4988549015745344,0.2943338511137256,0.11323914100809425,0.4006119677098981,0.46457310502311017,0.47906430379662635,0.5209523031516243,0.5353154206259233,0.5076940408676561,0.18775599934217674,0.2137250719170607,0.1111111111111111,0.07407407407407407,0.3333333332222222,0.6761031264381738,0.8929370967036779,0.8623033568332588,0.8044479740829982,0.8703959281022025,0.2943338511137256,0.7864794552079827,0.24074074068518517,0.14145185584195932,1.4630059028488527
383,planted,38,149,3.911910152819273,True,32,False,0.0017641669837757945,3.4965075614664802,0.2095398079405288,1.5302013421517948,0.24767250291073836,0.16655780535594927,0.3157894736842105,0.0,0.0,4.505793336909024,0.47026771537498774,0.6760735039392296,0.5396339519072444,0.45432075188394516,0.5246872992559845,0.5246872992559845,3.1966754837827493,0.6573414154696451,0.27056977285537653,0.12675606672715412,0.3760854733007044,0.43826023128543073,0.45758232225751694,0.5548321760292274,0.5903474241203363,0.5423538456188375,0.19219165166580734,0.25890287167369386,0.10526315789473684,0.10526315789473684,0.8333333331944445,0.6860675961349413,0.8809485390498922,0.8101577349324267,0.7881865325820653,0.9520819975541343,0.27056977285537653,0.7830463231885825,0.521929824491959,0.16395560490437472,1.7395015254402926
384,planted,33,137,4.143704741249902,True,14,False,0.0004099999787285924,2.70805020110221,0.29655764445682314,1.5255474451329851,0.29787239240475344,0.18978705809382057,0.2727272727272727,0.0,0.0,4.6879122000501905,0.4604098093874489,0.6212521629639618,0.5396791302612806,0.45790270652789683,0.5078419399960766,0.5078419399960766,3.3271205956979792,0.9542493313012567,0.2967403945508861,0.11545168501606169,0.3843899188646849,0.4781642138588507,0.5005606323474155,0.5244450603425962,0.5354615996836758,0.518248256963239,0.20599592803947117,0.21447572658387237,0.12121212121212122,0.12121212121212122,0.9999999998333333,0.6664175898281705,0.8909636180900875,0.7847231940537559,0.7752485638214923,1.0182862889698585,0.2967403945508861,0.8142821445285814,0.6212121211287879,0.15025390525812923,1.8824885654663845
385,planted,25,109,4.37914475122295,True,12,False,0.00033762503881007433,2.5649493574615367,0.29564132202282745,1.4525993882681498,0.2527459653966985,0.23296199213622773,0.28,0.0,0.0,4.731510477571242,0.4581108858856504,0.645036133947849,0.5403882735766872,0.45239286105566034,0.5113168831119415,0.5113168831119415,3.2985303927819407,0.9520351757916635,0.31567686385115884,0.10215978337141927,0.39125757425721974,0.4621794827340754,0.4769478993908331,0.5081270692934546,0.5168334316133313,0.49869517678025505,0.1849869065132775,0.18057832190402667,0.12,0.12,0.6666666664444444,0.6770719538667882,0.9028852740895059,0.7866278610665535,0.7834517221852252,0.9761833437766323,0.31567686385115884,0.7772581606658798,0.4533333332222222,0.12631238021027066,1.6725807379495314
386,planted,33,149,4.516274290738588,True,39,False,0.0015660409117117524,3.6888794541139363,0.24048956866907684,1.5503355703553443,0.23308327143286425,0.20235009504057327,0.30303030303030304,0.0,0.0,4.416369125396339,0.47526432602985835,0.6741381717697682,0.5394385831993993,0.4545627463789254,0.5261295065070939,0.5261295065070939,3.1860578772844437,0.7965927213064797,0.2906218968159169,0.12068234888285853,0.3899715046514953,0.44802016000789097,0.5257096715492505,0.5353734692057549,0.5378481840558897,0.5339814421025539,0.21262113543955044,0.23298314474814186,0.12121212121212122,0.12121212121212122,0.8333333331944445,0.6554326938129524,0.8863154539761012,0.7847231940537559,0.7696222898315189,1.047421663457405,0.2906218968159169,0.8465516900120156,0.5378787878093434,0.162998791038687,1.8380511656759628
387,planted,34,161,4.724163755632435,True,37,False,0.001981250010430813,3.6375861597263857,0.2308186854006717,1.5486542441974034,0.19690484497224836,0.1920818654587834,0.2647058823529412,0.0,0.0,4.606059170541294,0.4647888099226737,0.6997458391839074,0.5394548922190889,0.463742738375735,0.5323015165631542,0.5323015165631542,3.139376857580696,0.4742545610678179,0.2714715509060109,0.11686772521981428,0.36390465516746273,0.45184241491032023,0.5035806482540898,0.5264879620052456,0.5274952820359737,0.5259690395651735,0.21713226441848052,0.2350628865766604,0.11764705882352941,0.11764705882352941,0.6666666665555555,0.6650790572232811,0.8897028706320026,0.7903383629814982,0.7762062031371353,1.0133482684410597,0.2714715509060109,0.8211076953613327,0.45098039210130714,0.16279768526807298,1.7063573236367238
388,planted,32,154,4.811897958557485,True,28,False,0.0015071660745888948,3.367295829986474,0.25854704278103763,1.385281385185435,0.20764378969501968,0.2102545186277738,0.28125,0.0,0.0,4.680503059601173,0.46080278672049463,0.6831314047422872,0.5410443414105863,0.455771798509778,0.5235067257841504,0.5235067257841504,3.203075636081337,0.3483041408932459,0.2947677689508409,0.11083594219529817,0.39709839763853333,0.4713563072627124,0.4823068095402217,0.5038655799742826,0.5083971131548339,0.5010881886700737,0.20641223468430847,0.20694868229373853,0.125,0.125,0.6666666665555555,0.6746241692771942,0.8950855826598033,0.7788007830714049,0.7776501842643868,1.0059139569957871,0.2947677689508409,0.7858426581984401,0.45833333327777775,0.13934989517103033,1.678293655598089
389,planted,27,137,5.057035820628942,True,8,False,0.0004365839995443821,2.1972245773362196,0.20645453463944388,1.3795620437049922,0.250584171317924,0.24748232269118328,0.2962962962962963,0.0,0.0,5.378289742868148,0.42651699933261883,0.6754017164509458,0.5411001544006844,0.4512502147281217,0.5065690385709507,0.5065690385709507,3.334529516754062,0.1108391908363731,0.3182645907598205,0.11180332529772792,0.42753305157055377,0.47525729250506077,0.5091166346635979,0.5304795468724045,0.53650128326619,0.5249210209704489,0.1802719000153721,0.1947362481169428,0.1111111111111111,0.1111111111111111,0.9999999996666666,0.6626393063534902,0.8942201106808884,0.8007374029168081,0.7799568570247207,0.9940666841816422,0.3182645907598205,0.8194243831036433,0.6111111109444445,0.13478589984351638,1.8835859846514247
390,planted,34,114,3.356965272893184,True,18,False,0.0004188340390101075,2.9444389791664403,0.24582280181162822,1.5906432746956671,0.28027952436602765,0.15934788325002383,0.29411764705882354,0.0,0.0,4.200635854636223,0.4877670550069118,0.645690138442046,0.5390478897174604,0.4552307466589651,0.5233867630447926,0.5233867630447926,3.2076891713778775,0.05938844889977949,0.27277662877393816,0.12450893441870418,0.37581661286543094,0.4555906710258646,0.4840594942755841,0.5401843394111876,0.5630741075211214,0.5283926406878882,0.21587778732615132,0.255004073960178,0.11764705882352941,0.11764705882352941,0.49999999991666666,0.67382743337263,0.8829303728615109,0.7903383629814982,0.7776116099185805,1.0061123768181446,0.27277662877393816,0.8081211108127156,0.36764705878186277,0.1669290226565098,1.6154738210250266
391,planted,34,121,3.5484534260122045,True,14,False,0.0004154579946771264,2.70805020110221,0.28529359745548194,1.6859504130652279,0.2715952876143217,0.17997004065906697,0.2647058823529412,0.0,0.0,4.4681187017454675,0.47235993505564716,0.6381441453206524,0.5381263463436939,0.4583290660076405,0.5169593735837595,0.5169593735837595,3.2588258467774507,0.1732341306798934,0.27581398358505793,0.1226756796123925,0.3315722634941472,0.45229175789241877,0.4917721633219565,0.5427383275485507,0.567661369149956,0.5298991849054022,0.2137669527155769,0.2476456507831586,0.11764705882352941,0.11764705882352941,0.9999999998333333,0.6703436520581987,0.8845504938047057,0.7903383629814982,0.7767436851245206,1.010579437267743,0.27581398358505793,0.816583065275126,0.6176470587401961,0.173920013565244,1.883964121165624
392,planted,27,101,3.731066991149635,True,14,False,0.00033841701224446297,2.70805020110221,0.23304162960180458,1.6039603958966768,0.2610991888510477,0.2028057334552599,0.25925925925925924,0.0,0.0,4.398641997889179,0.47626747288493965,0.6604103058651681,0.5389189342114179,0.4641181812240796,0.5265396921621153,0.5265396921621153,3.1839043563219374,0.3795635914884356,0.28690893627792097,0.12141520220752232,0.3441064906384438,0.48538378571043955,0.49173691697482247,0.5342187845722913,0.5485334715972763,0.5210052273184593,0.19746712269001135,0.23214960298543152,0.1111111111111111,0.1111111111111111,0.6666666664444444,0.670359490752536,0.8856661526993139,0.8007374029168081,0.7804695703347875,0.9914381035932571,0.28690893627792097,0.808213089933471,0.4444444443333333,0.16541528730556182,1.704981757850287
393,planted,25,98,3.936583616520193,True,7,False,0.0002264160430058837,2.0794415416798357,0.294841264366348,1.6156462583660165,0.24066072074866146,0.2071078431371703,0.24,0.0,0.0,4.44118334243713,0.4738672100498559,0.6518947808044487,0.5388058257119088,0.4625484040173464,0.5227938254552208,0.5227938254552208,3.2126724438714276,0.6961556668216423,0.2924420102426456,0.10920041933141468,0.328110026323513,0.4781119352710696,0.5035598031507059,0.5155736861325246,0.5185270928594905,0.5123741621783116,0.20758473280289647,0.19848613728233788,0.12,0.12,0.9999999996666666,0.6650882777688671,0.8965507133961907,0.7866278610665535,0.7769763971446183,1.0093812187472861,0.2924420102426456,0.8132428294176923,0.6199999998333333,0.15370029211339342,1.8793851316070647
394,planted,37,155,4.179085210005217,True,16,False,0.000762541894800961,2.833213344056216,0.31205775734664576,1.8301075267360989,0.24859109372575985,0.17232849604218792,0.2702702702702703,0.0,0.0,5.0213467498331426,0.443392778364714,0.6421734272913305,0.5367384348435981,0.46158530489556493,0.5084297719057209,0.5084297719057209,3.327957104793654,0.9775846706048266,0.2725824154113866,0.12356934292979745,0.35714505887186665,0.47600903230783015,0.49000552990575824,0.5113059368868349,0.5173996459558009,0.5089361611377925,0.19721919607803154,0.25237161680964504,0.10810810810810811,0.10810810810810811,0.8333333331944445,0.6711384487702199,0.8837603565869095,0.8055611076677214,0.7817748750266637,0.984753848781476,0.2725824154113866,0.7949632973686835,0.5247747747053304,0.17050836440856293,1.7628288518939634
395,planted,35,149,4.268450761168136,True,8,False,0.0004011249402537942,2.1972245773362196,0.29540368391859817,1.8791946307253427,0.22260413425977027,0.19082340387690008,0.2857142857142857,0.0,0.0,4.679854478601342,0.46083721908717457,0.6618404653350369,0.5362674680329562,0.45381638846683986,0.5172815791373929,0.5172815791373929,3.2597938741222716,0.9997527474544955,0.27511412801644997,0.1162104035977619,0.37713999654694147,0.4499809680042732,0.47458836239119273,0.5142535563140815,0.5330143470864362,0.5054249488917972,0.20194480457802955,0.23762270132654062,0.11428571428571428,0.11428571428571428,0.9999999998333333,0.678155358813764,0.8902878838159146,0.7956694616416928,0.7831845597898777,0.9775476037578311,0.27511412801644997,0.7822013416927409,0.614285714202381,0.1549523002521323,1.826553484163704
396,planted,31,139,4.470662724155161,True,10,False,0.00047612504567950964,2.3978952727983707,0.2159871510476883,1.4124700238758117,0.24520869620790192,0.20294056740521785,0.3225806451612903,0.0,0.0,4.581084280883212,0.46614155846378635,0.6753281242822914,0.5407791746844828,0.45202786640610565,0.5220746704724011,0.5220746704724011,3.2145228715325773,0.8575582713459273,0.3012716151320155,0.10965653239384167,0.39206688271887047,0.4587397830485017,0.48207485798454897,0.5264107229107307,0.5406633861989704,0.5169089473852375,0.21024355586107893,0.20682318498296448,0.12903225806451613,0.12903225806451613,0.6666666665555555,0.6747297510733599,0.8961418781493186,0.7725453888611077,0.7759079694818277,1.0148854422610192,0.3012716151320155,0.7978411084051841,0.4623655913422939,0.139735149374402,1.7012134642538954
397,planted,32,149,4.651729806675342,True,27,False,0.0011849170550704002,3.332204510175204,0.26088311039175077,1.4317673377051083,0.22620058898328904,0.20003828483916536,0.28125,0.0,0.0,4.539836802650943,0.46839302581968745,0.6712656875802183,0.5405911285207109,0.4590544773473956,0.5245533907034584,0.5245533907034584,3.195924297355356,0.5878142241613781,0.2852337640224252,0.12202536491382555,0.4086955891611239,0.47992125158816185,0.48497964258415277,0.49524702131942167,0.49839722318560564,0.493316252433696,0.2136824600197969,0.24047344227111522,0.125,0.125,0.49999999991666666,0.6734099049733813,0.8851259170752777,0.7788007830714049,0.7742899915639029,1.0232352326456844,0.2852337640224252,0.7860237682488128,0.37499999995833333,0.1543339296907176,1.6005914619202888
398,planted,34,168,4.941576717697581,True,10,False,0.0005494579672813416,2.3978952727983707,0.24567947128761852,1.551587301482631,0.2285929195270759,0.204841427914784,0.2647058823529412,0.0,0.0,4.852437662656719,0.4518529418031003,0.6750232753261043,0.5394264419317073,0.4616708079932693,0.5202547956204157,0.5202547956204157,3.2309952221759306,0.2001793372842941,0.2853015084519016,0.12080023868661145,0.37016740066569276,0.48128206931136286,0.49698073348089356,0.5309981484029785,0.5398239009109691,0.5264515486261347,0.20892717916887446,0.2271887483894368,0.11764705882352941,0.11764705882352941,0.6666666665555555,0.6680112693733364,0.8862109725799355,0.7903383629814982,0.7763269419873201,1.0127261169573525,0.2853015084519016,0.8147116024746015,0.45098039210130714,0.15923883590831822,1.7102323389361285
399,planted,25,127,5.0623121783502025,True,9,False,0.0005334169836714864,2.302585092994046,0.2349631161770766,1.5091863516070088,0.23771708125955102,0.2559838750314296,0.28,0.0,0.0,4.87979127466104,0.4504610385847936,0.6732852660627782,0.5398380179189907,0.45294274559517755,0.5159804151202891,0.5159804151202891,3.2632320191926096,0.107647331298837,0.3180732418236265,0.10747723463083744,0.430711785602389,0.4894345324884627,0.4952501934133552,0.5293116895812559,0.539748748103585,0.5180048761820661,0.19205849488508825,0.18684189725559874,0.12,0.12,0.9999999996666666,0.6687843976914668,0.8980969677270936,0.7866278610665535,0.7788602906764029,0.9996943694030538,0.3180732418236265,0.8079206619252551,0.6199999998333333,0.12666710118552965,1.8726610047677448
400,planted,29,98,3.3641191576880995,True,12,False,0.0004104169784113765,2.5649493574615367,0.2857952589867754,1.578231292361331,0.20557565038049497,0.1834831834831224,0.27586206896551724,0.0,0.0,4.109584978813419,0.4932434903204224,0.6749483778753346,0.5391681359455942,0.45737816814989235,0.5339932700869233,0.5339932700869233,3.127215978503197,0.06209471040254804,0.2742102545912162,0.10466809080974511,0.34426858942643374,0.4359545054267512,0.4625338788535065,0.49213005385564207,0.49705269323574464,0.48826226577127585,0.17777089526526893,0.21443612631404818,0.10344827586206896,0.10344827586206896,0.6666666664444444,0.6837448447921829,0.900623398166556,0.8131037598190377,0.7940742016520612,0.9223134714945954,0.2742102545912162,0.7530416295976448,0.43678160908429114,0.14580634295971673,1.6098398362328687
401,planted,26,93,3.5670625751479834,True,11,False,0.0002847500145435333,2.4849066497880004,0.26554761921527453,1.5842293905333693,0.2933060780030555,0.20109546165876327,0.3076923076923077,0.0,0.0,4.149250982890935,0.49084265638619534,0.632727734844266,0.5391100201835348,0.4512444109981974,0.5194259807234362,0.5194259807234362,3.2379594416443744,0.18964303165425397,0.30695756391946305,0.10861692572521957,0.38710079205916964,0.4525301874969495,0.4900884265716231,0.5327117927644087,0.5431722727213439,0.5222513128074734,0.18805722422098484,0.19879836795427486,0.11538461538461539,0.11538461538461539,0.9999999996666666,0.6711011119660781,0.8970739976567506,0.7939226578179512,0.7818644634973407,0.984295490034264,0.30695756391946305,0.8034586290090737,0.6153846152179487,0.1390545722628357,1.8648553804093213
402,planted,37,139,3.7680215390340477,True,12,False,0.0005577079718932509,2.5649493574615367,0.2678990895449383,1.4196642684591665,0.2288921288687006,0.16854361519370709,0.2972972972972973,0.0,0.0,4.502607060390092,0.47044394402679635,0.6673410883827977,0.5407090537744126,0.453030889176516,0.5219888032681655,0.5219888032681655,3.215310492624238,0.4325322629768049,0.27712115514937985,0.11441897557068247,0.3669932883596496,0.4580822122687577,0.48273902160889287,0.48865013669588836,0.48943986001605344,0.4883430220713797,0.1875538930275153,0.23331517170345806,0.10810810810810811,0.10810810810810811,0.49999999991666666,0.6744275192237932,0.8918841998989272,0.8055611076677214,0.7854419286752271,0.9660350074440717,0.27712115514937985,0.7739525632137159,0.35810810806644144,0.1562979957528661,1.5654798221824033
403,planted,25,99,3.9457258971730482,True,40,False,0.001017291098833084,3.713572066704308,0.21337346150062322,1.515151515023977,0.2778222822682934,0.2045101088646172,0.28,0.0,0.0,4.334856533172392,0.4799122797231316,0.6573761608681654,0.5397800775297095,0.45971914324358504,0.5253992727668677,0.5253992727668677,3.190980620208173,0.7103516194367522,0.2940953186727034,0.12157833327213799,0.3866341282214335,0.49419659981982206,0.5230671741289104,0.5480485971502662,0.554838327506863,0.5406930559306198,0.21632861781687143,0.22270312088765842,0.12,0.12,0.6666666664444444,0.656569859154066,0.8855216848208498,0.7866278610665535,0.7704595138569836,1.0430726783333495,0.2940953186727034,0.8511736271582613,0.4533333332222222,0.1599429514646379,1.7585452305178249
404,planted,25,104,4.151598533588177,True,9,False,0.0002572080120444298,2.302585092994046,0.3584302194313891,1.6826923075574765,0.2551311955730061,0.2269026548671763,0.28,0.0,0.0,5.056735328511114,0.4416602511732649,0.6248073957715619,0.5381577975843702,0.4527003338202148,0.49989841966203247,0.49989841966203247,3.3930048953363947,0.960128033236894,0.3089088288853371,0.12193903711195812,0.41016473136084,0.48878747990326993,0.5194346978431015,0.5520514801278035,0.5599958374897558,0.5434450929856887,0.20413612479058466,0.22185655305653862,0.12,0.12,0.9999999996666666,0.6581395050537809,0.8852023313483653,0.7866278610665535,0.7709802942051225,1.040369852757212,0.3089088288853371,0.8464944691046493,0.6199999998333333,0.15437635356662197,1.9297796513899417
405,planted,38,164,4.311873887158041,True,8,False,0.0005341250216588378,2.1972245773362196,0.29487660295807266,1.6991869917386806,0.26137981382797243,0.17185256103396013,0.2631578947368421,0.0,0.0,4.521880057785256,0.46937999278055503,0.6406350137459635,0.537998608406597,0.4611428885055945,0.5175952159742595,0.5175952159742595,3.2541464099630946,0.990725752236565,0.2709161900935891,0.12043493527365046,0.36246541123981363,0.4699528178258165,0.48700191635729456,0.5135400258685019,0.5162967105492963,0.5125714609806551,0.19220880219831996,0.24406060873484425,0.10526315789473684,0.10526315789473684,0.9999999998333333,0.6724940896173812,0.8865347676109366,0.8101577349324267,0.7846053688633289,0.9702976045840597,0.2709161900935891,0.7918241298411255,0.6052631578114035,0.1645242349538344,1.8325277126999522
406,planted,34,154,4.540018504023636,True,15,False,0.0005821250379085541,2.772588722239781,0.26661184569748436,1.7662337661037837,0.2741252017051591,0.18773028739863895,0.29411764705882354,0.0,0.0,4.768847426772764,0.45616029169207895,0.6425406998967299,0.5373525123802357,0.45655843166518056,0.5114911955336248,0.5114911955336248,3.302800569536824,0.762232215013642,0.2833055679086388,0.1219883075474552,0.3614330131239953,0.46847845549392647,0.5202411237008826,0.5428214037115918,0.5506795576435042,0.5387732638072733,0.2142711860877705,0.23799891535534545,0.11764705882352941,0.11764705882352941,0.9999999998333333,0.6577903889125134,0.8851587181184271,0.7903383629814982,0.7720413816952315,1.0348685034366607,0.2833055679086388,0.8452196220786211,0.6176470587401961,0.1699559808861032,1.9161282296135593
407,planted,36,169,4.683079381653615,True,21,False,0.0013162079267203808,3.091042453358316,0.22725283276104144,1.4201183430944293,0.18615295259212816,0.1870717902889206,0.3055555555555556,0.0,0.0,4.681951550027987,0.4607259067216409,0.7079954463418573,0.5407046286068841,0.45682739871289113,0.5301617775540448,0.5301617775540448,3.153174426103469,0.5380559064974499,0.28202082574290654,0.11845385852351606,0.3731466697656257,0.46759736731352,0.4781153943720118,0.5183636205376667,0.5285688836950067,0.5139899363273781,0.19382933989298498,0.23324581754321017,0.1111111111111111,0.08333333333333333,0.49999999991666666,0.6765371660477546,0.8882928018526429,0.8464817248906141,0.798279781351653,0.9011845540889047,0.28202082574290654,0.7857545396140914,0.33333333329166664,0.15593401739698298,1.5570427160456475
408,planted,30,150,4.997537655329752,True,10,False,0.00044608302414417267,2.3978952727983707,0.262184554715901,1.5333333332311112,0.22141434375622301,0.2166666666666226,0.3,0.0,0.0,4.605618871544672,0.4648125904374403,0.6736378924124073,0.5396035519251645,0.4542352640038764,0.5219894749823328,0.5219894749823328,3.2173519792361907,0.1520532920349669,0.295143459911283,0.11864769338554215,0.3791706538476235,0.5016584601654889,0.5273363695582545,0.5359272734044046,0.538674986560667,0.5339375500843525,0.1799050040085245,0.21665004015738254,0.1,0.1,0.9999999996666666,0.6547346216139841,0.8881206364263269,0.8187307530779818,0.7808353332949102,0.989563963740991,0.295143459911283,0.8402762572625878,0.5999999998333333,0.15885211922070405,1.894271836227908
409,planted,38,194,5.102696369480792,True,8,False,0.0007178750820457935,2.1972245773362196,0.24204249693183,1.501718212960369,0.23510543144977078,0.19875180028802222,0.2894736842105263,0.0,0.0,4.815215142919334,0.4537609048842023,0.672418564843429,0.539910574434393,0.45645331744157097,0.5183475452147889,0.5183475452147889,3.2447890463415234,0.08552695216016819,0.282747543744515,0.12431470185136245,0.37024232625833464,0.485648866318683,0.5162355879229786,0.5479493891410763,0.558612191984185,0.5442029989529569,0.19593676571816276,0.2416407604208728,0.10526315789473684,0.10526315789473684,0.8333333331944445,0.659528115528441,0.8831018833505379,0.8101577349324267,0.7785226207703226,1.0014289198887594,0.282747543744515,0.8391944739230575,0.521929824491959,0.16971453431334738,1.813586376472879
410,planted,38,127,3.3379664763294588,True,12,False,0.00044475006870925426,2.5649493574615367,0.3191000944783561,1.895013123170576,0.30448011895142557,0.15624350716805396,0.23684210526315788,0.0,0.0,4.807893450714399,0.45413810037354213,0.6115649779284799,0.536115873355056,0.4609027908064023,0.5039799911990156,0.5039799911990156,3.3642797965895492,0.05266952789148601,0.26209434629124173,0.10764505867349129,0.33633672314059315,0.43841722904092745,0.4704657702544398,0.49040096631227564,0.49586623508079586,0.4884807367449577,0.1910672995812088,0.22830418117251017,0.10526315789473684,0.10526315789473684,0.6666666665555555,0.6800566325504922,0.8979462581099769,0.8101577349324267,0.790900171042685,0.9383340956909205,0.26209434629124173,0.7634330783058798,0.4385964911725146,0.15517254923621895,1.6192964650058552
411,planted,36,130,3.6106670912455985,True,18,False,0.000614666030742228,2.9444389791664403,0.28074288598784924,1.4769230767867454,0.26319089857980166,0.163194444444409,0.2777777777777778,0.0,0.0,4.362325427320144,0.47833584506670784,0.6440372033093752,0.5401516109008844,0.4565802939580116,0.5200602757039029,0.5200602757039029,3.231147645530836,0.23224815511608474,0.2723983628483656,0.1235982593148944,0.37548244057671704,0.46287813025782215,0.4717053713342867,0.4879006797719191,0.4942138507664726,0.4851950350599676,0.1942544623175162,0.2546059708641124,0.1111111111111111,0.08333333333333333,0.49999999991666666,0.6794838284060714,0.8837348018015828,0.8464817248906141,0.7980673736444441,0.9022490228435945,0.2723983628483656,0.7642193267996252,0.33333333329166664,0.16397589264565576,1.5339269155853132
412,planted,30,112,3.744298581773214,True,4,False,0.00023991602938622236,1.6094379124341003,0.3053171095735053,1.6071428569993624,0.27281431528428995,0.1849141570503279,0.26666666666666666,0.0,0.0,4.551368736627912,0.46776137518978433,0.6314540755105065,0.5388881261829982,0.4610208810263577,0.5144725901094344,0.5144725901094344,3.2766992777834734,0.3981715196617208,0.28938328402315583,0.11490288463998313,0.3863669305030082,0.47288852545054955,0.48911116872384464,0.49557171033968694,0.4967478713303546,0.4947200075533414,0.16980644906639827,0.21804594425914847,0.1,0.1,0.6666666664444444,0.6715415349795485,0.8914527134543521,0.8187307530779818,0.7884438403497742,0.9507763889581833,0.28938328402315583,0.7793486361602876,0.43333333322222223,0.14857122622286165,1.650636479628527
413,planted,29,116,3.986681454834128,True,7,False,0.00033012498170137405,2.0794415416798357,0.21442250694969042,1.4166666665486112,0.23902574772531646,0.2020202020201483,0.27586206896551724,0.0,0.0,4.276419644206912,0.4833007715842205,0.6795554079868764,0.5407382686102228,0.4582581942032981,0.5319255691764646,0.5319255691764646,3.1398267275626113,0.7720800895075385,0.290041623695122,0.10905217126198845,0.36248236966654457,0.46377108097109293,0.47086284248098903,0.5179215354683463,0.5351916142689414,0.5043521878393074,0.17543169776950865,0.21161764366673386,0.10344827586206896,0.06896551724137931,0.3333333332222222,0.6798730453434002,0.8966836351610485,0.8711587695892689,0.8098193069799023,0.8437765310463622,0.290041623695122,0.7736815346575393,0.2356321838524904,0.14481574691414056,1.4441710891192923
414,planted,38,158,4.168387535884575,True,39,False,0.0025087090907618403,3.6888794541139363,0.2669922703508551,1.4430379745678579,0.24174137263905104,0.17481435643561652,0.2894736842105263,0.0,0.0,4.769791827510535,0.4561111687340329,0.6602804398891339,0.5404813602461389,0.4565544974286569,0.5161357261999381,0.5161357261999381,3.260837170212038,0.9713571197926597,0.278158662278504,0.11905633406915483,0.41059762923656434,0.4551256625199216,0.47114565431463445,0.4887644290180746,0.49186064584469946,0.48767656905196316,0.18037754558100172,0.2372838285607879,0.10526315789473684,0.10526315789473684,0.8333333331944445,0.6797423471069369,0.8877577883446205,0.8101577349324267,0.7877760989178186,0.9541654666122726,0.278158662278504,0.7606222552189221,0.521929824491959,0.14873429534300947,1.7094450373323946
415,planted,38,165,4.345945433812184,True,20,False,0.0008425420382991433,3.044522437723423,0.25611987039579515,1.6888888887592366,0.2891813545766645,0.1735006119950775,0.2894736842105263,0.0,0.0,4.550500716998036,0.4678088608364383,0.6377446639557436,0.538097983715743,0.4577447114067702,0.5149671635349095,0.5149671635349095,3.2743231617572324,0.9747473880586978,0.28707772371262197,0.12372560385575775,0.3685486551466527,0.4763388441834173,0.5176654493007613,0.5294072728873143,0.5342386272095858,0.5277097700173269,0.19069288389535927,0.2429533281695313,0.10526315789473684,0.10526315789473684,0.9999999998333333,0.6589067442108095,0.8836222701642994,0.8101577349324267,0.7784308924889989,1.0019002417643108,0.28707772371262197,0.8300423067182583,0.6052631578114035,0.17053354542524868,1.8929167336675325
416,planted,27,122,4.502033685363227,True,10,False,0.0004705419996753335,2.3978952727983707,0.28979786112064915,1.9180327867437517,0.2833278800351934,0.21714922048991728,0.2962962962962963,0.0,0.0,4.843116580211355,0.45232921716207863,0.6306463979721234,0.5358954201439808,0.4547869339814074,0.5062319052974552,0.5062319052974552,3.3468578540729967,0.816408537376072,0.2958588383848464,0.12414014592898101,0.4171255885326085,0.4586154013516496,0.49488814237504847,0.5346948694067453,0.5476568083021801,0.5227300027340362,0.1919767325164278,0.23725966212493987,0.1111111111111111,0.1111111111111111,0.9999999996666666,0.6689463724096574,0.8832560474690814,0.8007374029168081,0.7792126826015331,0.9978849962284713,0.2958588383848464,0.810229760207528,0.6111111109444445,0.1544564581802584,1.8716561677170773
417,planted,36,170,4.728922211627552,True,13,False,0.0005762910004705191,2.6390573296152584,0.24480767112018784,1.6235294116501038,0.2644334591730003,0.19479366957547775,0.3055555555555556,0.0,0.0,4.695399270058011,0.46001337900304534,0.6547205267007123,0.5387295507854141,0.4536270003217688,0.5150409638379753,0.5150409638379753,3.2725769455546496,0.4670190723550788,0.29108466983399234,0.11606838103317156,0.37574145076561727,0.45911546359294925,0.48933002663287684,0.5500083055287862,0.5600849222677315,0.5456897554978097,0.19334969053536985,0.22499352504692705,0.1111111111111111,0.1111111111111111,0.8333333331944445,0.671442851562478,0.8904143337635582,0.8007374029168081,0.7822827805505558,0.9821559622421976,0.29108466983399234,0.8126716020311124,0.5277777777083333,0.1536962204048036,1.7852302699782416
418,planted,28,138,4.94131430573048,True,18,False,0.0007065839599817991,2.9444389791664403,0.21107296882585472,1.4202898549764054,0.2247245579462175,0.2366632337795599,0.2857142857142857,0.0,0.0,4.821528431754718,0.4534361625590031,0.689442799330778,0.5407029571630412,0.45511137182945266,0.5220483092067209,0.5220483092067209,3.214865799887319,0.20042738530205426,0.3089397275365093,0.12427317355321993,0.3823071726582412,0.504606921413372,0.5507405336249336,0.5653562937501748,0.5675289387749738,0.563505522062383,0.19207598047378363,0.22317112927188165,0.10714285714285714,0.07142857142857142,0.3333333332222222,0.64485320291619,0.8831385578303489,0.8668778997501816,0.7903434886225446,0.941150524068501,0.3089397275365093,0.8814376756184669,0.23809523803968252,0.16771949553744603,1.5961921367321046
419,planted,36,185,5.13282181374079,True,56,False,0.0033379580127075315,4.04305126783455,0.2350574584189033,1.4270270269344631,0.25879860925804293,0.20390165686795778,0.3055555555555556,0.0,0.0,4.850357147165513,0.45195916204139536,0.6610559385888187,0.5406373092181087,0.4534841404431568,0.5136096438082988,0.5136096438082988,3.2801736229215352,0.07151316794604984,0.3064600654878393,0.11583631007294777,0.4215194018009352,0.4835031855114995,0.5067305540524348,0.521126616773968,0.5245588162275692,0.5196556741509961,0.18467827293977396,0.21111991659220197,0.1111111111111111,0.1111111111111111,0.8333333331944445,0.6636886716808423,0.8906209970523381,0.8007374029168081,0.7793199905206093,0.9973341811109183,0.3064600654878393,0.8134634306743622,0.5277777777083333,0.14306054079039712,1.7907618146609319
420,planted,27,94,3.4692861131153094,True,10,False,0.0002405419945716858,2.3978952727983707,0.2822659395776894,1.4361702126284517,0.2634727412213389,0.1797884841362398,0.2962962962962963,0.0,0.0,4.11267563504802,0.4930555811598553,0.6434120322196389,0.5405482422317686,0.45796551455264317,0.5257015746610149,0.5257015746610149,3.1872576847477014,0.11475929182182702,0.2948113484025199,0.11255519700958252,0.4089711975465711,0.4756735655588433,0.5036447581762069,0.5108752872790643,0.5119927704773775,0.5098437643267753,0.19018845313726634,0.20795816800368727,0.1111111111111111,0.07407407407407407,0.3333333332222222,0.6650507006807345,0.8935480245684253,0.8623033568332588,0.8002227801276177,0.8914604546546765,0.2948113484025199,0.8066295151000556,0.24074074068518517,0.14236990958152984,1.4845515137692904
421,planted,36,129,3.5730695388964597,True,16,False,0.0005090000340715051,2.833213344056216,0.2759297942465443,1.4883720928848025,0.3082432227944375,0.16883637091925316,0.2777777777777778,0.0,0.0,4.330752975782366,0.48014867463098043,0.6220207014911229,0.540040286915339,0.4573336472131275,0.5149968538806324,0.5149968538806324,3.270489476364299,0.19516481602790633,0.2869938674696087,0.1166127061285775,0.37864828290824604,0.4519858906107492,0.5070254010391433,0.5260800369964442,0.5271999681504579,0.525600066501867,0.1945096425971745,0.2284042516779763,0.1111111111111111,0.1111111111111111,0.6666666665555555,0.6635588221077543,0.8899297907827974,0.8007374029168081,0.7790675152496735,0.9986302657979502,0.2869938674696087,0.8186928301866591,0.44444444438888886,0.15809262947133101,1.7082237715164876
422,planted,36,132,3.6798717187316266,True,21,False,0.000861500040628016,3.091042453358316,0.256235371571975,1.6363636362148761,0.1906019134995804,0.1638441998306173,0.2777777777777778,0.0,0.0,4.117459266694143,0.4927650227223142,0.6944642095573083,0.5386054170298654,0.4578835290076735,0.539115213752772,0.5389877193527888,3.0903124529588353,0.3118181047582985,0.26211084676430113,0.11411014479217169,0.33909480773376666,0.438151504972678,0.49824014728942423,0.5067572321034801,0.510946851199129,0.5049616810624877,0.21015362536964566,0.23486534980918172,0.1111111111111111,0.1111111111111111,0.6666666665555555,0.6674497421586073,0.8921596837274766,0.8007374029168081,0.7812387195063197,0.9874980631227386,0.26211084676430113,0.8041571696835756,0.44444444438888886,0.1653815055008224,1.676093966337588
423,planted,30,121,4.0331047010704175,True,9,False,0.00029645906761288643,2.302585092994046,0.30874894532294145,1.6528925618468684,0.27307575978362764,0.19236800836377618,0.26666666666666666,0.0,0.0,4.51976128050296,0.4694967227724791,0.6302943954304964,0.5384456320522275,0.4603947824076338,0.5145593426225208,0.5145593426225208,3.2768462995679584,0.8367248795522876,0.2877034831219506,0.13030801937953532,0.3699658257189689,0.5154123289313379,0.52273379277009,0.5351473731104993,0.5379166803973799,0.5331420126613788,0.1833058986179269,0.2421271887836236,0.1,0.06666666666666667,0.3333333332222222,0.6567136059815446,0.8778250021615438,0.8751733190429475,0.7960848208177096,0.9121981549334024,0.2877034831219506,0.8361339539798215,0.23333333327777778,0.1739367182052834,1.5311074885848333
424,planted,36,150,4.1748393603904415,True,39,False,0.0019933750154450536,3.6888794541139363,0.30316845333313513,1.6799999998656,0.24118203870924335,0.17586912065436403,0.2777777777777778,0.0,0.0,4.567619383458091,0.4668741479952984,0.6489659093542451,0.5381837898230992,0.4573651451607758,0.51748161519207,0.51748161519207,3.2546802734170517,0.9752007207861351,0.2765258076762648,0.11514089784566288,0.3426151701343906,0.4674891249423427,0.5029583062437174,0.5125260660377553,0.5166360889488781,0.510764627647274,0.20130547743418348,0.227751219611791,0.1111111111111111,0.1111111111111111,0.9999999998333333,0.6653544518472101,0.8912405611848333,0.8007374029168081,0.7801522676881056,0.9930646483072185,0.2765258076762648,0.8095477086211409,0.6111111110277778,0.1635949581165405,1.860779585441724
425,planted,24,102,4.267258721419953,True,8,False,0.0002952089998871088,2.1972245773362196,0.22212608453115912,1.4901960783144945,0.22546806476696454,0.2426589222329001,0.2916666666666667,0.0,0.0,4.738457313418497,0.45774670019360597,0.68507084481827,0.5400225557136744,0.45212006411221445,0.5214405837769782,0.5214405837769782,3.2207841382134106,0.999817575378748,0.31271920931415914,0.1166651027651214,0.421331842818922,0.47649979724898595,0.5101338045816537,0.5394870624277676,0.547096897255302,0.5305537780650098,0.2064248684558758,0.2070575921701261,0.125,0.125,0.9999999996666666,0.6621929771825921,0.8898831626765888,0.7788007830714049,0.7713437766706436,1.038484477414788,0.31271920931415914,0.8314835529095065,0.6249999998333333,0.1427298458563951,1.911932607913394
426,planted,33,149,4.521462678889948,True,10,False,0.0006397920660674572,2.3978952727983707,0.3100835774088516,1.8456375837563623,0.23089151789919782,0.19669928996350092,0.2727272727272727,0.0,0.0,4.681688783663177,0.46073985139009194,0.6524341819488001,0.5365893420908568,0.45784703044089226,0.5163025800530665,0.5163025800530665,3.2667713530715643,0.7892177116821746,0.2799096861076413,0.1300524873590528,0.42069511179816566,0.4947082689732359,0.5138294286503068,0.5403554510582536,0.5446044994355029,0.5379653613460507,0.22516318817111228,0.2533290712010494,0.12121212121212122,0.12121212121212122,0.9999999998333333,0.6605764038367093,0.8780493432199173,0.7847231940537559,0.7692239943029893,1.0494922824224984,0.2799096861076413,0.8402979512222116,0.6212121211287879,0.1658156576023693,1.90723541606101
427,planted,31,145,4.677013936078476,True,12,False,0.0006098330486565828,2.5649493574615367,0.2681685806046626,1.6390804596533068,0.18853279117594618,0.20753952168621653,0.25806451612903225,0.0,0.0,4.632584889194331,0.46336063315252446,0.6914581787121908,0.5385791470093613,0.46112923137226436,0.5286512153530826,0.5286512153530826,3.1685263781850352,0.5476335220117431,0.27762572071754427,0.10750242480375664,0.34085722792773454,0.41298369938342494,0.47029415364884,0.5294744716282048,0.5535849647939853,0.5134008095176845,0.22159759716093425,0.21360963283914391,0.12903225806451613,0.12903225806451613,0.6666666665555555,0.680136010551557,0.8980743447941174,0.7725453888611077,0.7785335895991388,1.00137256314161,0.27762572071754427,0.7904307887531759,0.4623655913422939,0.14902684779961195,1.679448948612626
428,planted,37,180,4.863208700705431,True,14,False,0.0006912080571055412,2.70805020110221,0.298222902961255,1.7129629628455934,0.22237121910242486,0.18461538461535593,0.2702702702702703,0.0,0.0,4.764384546913303,0.45639257138811257,0.6610478646793148,0.5378657295156672,0.4586121140844185,0.517216453396309,0.517216453396309,3.2573215942666165,0.283680805365115,0.2752839632023545,0.12348424918260596,0.353705259442913,0.4786721265828501,0.5025036171166389,0.5155537014519126,0.519000449020129,0.5142132996198285,0.19727191927001847,0.24691787686035793,0.10810810810810811,0.10810810810810811,0.8333333331944445,0.6655558020679095,0.883835562266992,0.8055611076677214,0.7796233035860888,0.9957776751379048,0.2752839632023545,0.8095984476600998,0.5247747747053304,0.17174884056804313,1.7814060261358278
429,planted,36,186,5.154074540400538,True,20,False,0.0011847920250147581,3.044522437723423,0.17237870474029166,1.3548387095900103,0.20092702369536475,0.21104798742896033,0.3055555555555556,0.0,0.0,4.7565849073629884,0.4567990880367749,0.7191713745261057,0.5413415530332769,0.4542989179467387,0.5304361421225533,0.5304361421225533,3.1499276580569764,0.0627937845771923,0.2953664389978993,0.1224824995338425,0.4004669040849119,0.4836355142303646,0.5220176868591402,0.5500262224770001,0.5501928891436587,0.5499547939055749,0.19715675612419084,0.22735242553967172,0.1111111111111111,0.1111111111111111,0.49999999991666666,0.6570225882615174,0.884721387844711,0.8007374029168081,0.7749832464783946,1.0196554640472169,0.2953664389978993,0.846319987128688,0.36111111106944443,0.1590006302839599,1.6617981674799918
430,planted,31,105,3.402594934643486,True,38,False,0.0013644169084727764,3.6635616461296463,0.2598912499794517,1.6730158728512268,0.2689037611890448,0.16883116883111662,0.2903225806451613,0.0,0.0,4.209924692112001,0.4872151877158085,0.6474615218459611,0.5382512281079208,0.45652632335749,0.5241636121041915,0.5241636121041915,3.2032354777461967,0.07843299799097597,0.27446712455254246,0.11556231043977452,0.3663809156737062,0.4316769431129315,0.487816322285716,0.5413984216998773,0.5425713522235565,0.5406164680174245,0.22916910450922268,0.2333054891046682,0.12903225806451613,0.12903225806451613,0.6666666665555555,0.6721259775290749,0.890865060313922,0.7725453888611077,0.7733846309907769,1.0279150828506805,0.27446712455254246,0.8158078092629603,0.4623655913422939,0.15794704220693437,1.710587567364731
431,planted,38,135,3.5635906133103212,True,13,False,0.0005256669828668237,2.6390573296152584,0.2984796102170715,1.6888888887304254,0.2469109837253448,0.16249999999996723,0.2631578947368421,0.0,0.0,4.165554798664621,0.48986261174245654,0.6473145565086333,0.538097983716021,0.45564596612885205,0.5247338314293832,0.5247338314293832,3.1991711308152597,0.18650177515078836,0.26942107004341437,0.11067150203393387,0.3478085469527192,0.4381486823044141,0.4827498292936559,0.5109406802213905,0.5215517767025702,0.5072124571334083,0.18910163224155566,0.2227007265062706,0.10526315789473684,0.10526315789473684,0.8333333331944445,0.6744226033574217,0.8952327827799248,0.8101577349324267,0.7879147411584907,0.9534615608059169,0.26942107004341437,0.78549557746474,0.521929824491959,0.1547356866606523,1.7315821586607658
432,planted,37,138,3.7305796276808163,True,15,False,0.0005507500609382987,2.772588722239781,0.2543467938147213,1.4299516906934584,0.2546080045820256,0.16241849436866973,0.2972972972972973,0.0,0.0,4.615734674222342,0.4642668502742676,0.65713794681461,0.5406088158476026,0.45433842882862424,0.517528849581696,0.517528849581696,3.249819357739889,0.37888628808010777,0.27913089707297606,0.11098476277821079,0.3767658320527232,0.45264206176823724,0.45615791843537,0.495963795992151,0.51119693884835,0.490039795992518,0.18259160090079357,0.22190894482908075,0.10810810810810811,0.10810810810810811,0.6666666665555555,0.6867387028149337,0.894952385413127,0.8055611076677214,0.7910974440953058,0.937336506056178,0.27913089707297606,0.7497877166566439,0.44144144138588587,0.14348969121690247,1.6138497463324084
433,planted,27,107,3.9513508907830412,True,13,False,0.0003086670767515898,2.6390573296152584,0.22815991803190624,1.4299065419358021,0.28155200521903934,0.2054088860269783,0.2962962962962963,0.0,0.0,4.22988976918229,0.4860332412930282,0.6505598689277898,0.5406092556839847,0.4543460414421821,0.5237370893844198,0.5237370893844198,3.2021203481581093,0.7190226355114306,0.2942736720486883,0.12965889039577616,0.39381037800873353,0.49642172259585937,0.5253317693449825,0.5463874507728971,0.5532500823514209,0.5400527139311828,0.20161154559641153,0.24964815152855846,0.1111111111111111,0.1111111111111111,0.9999999996666666,0.6555950778035826,0.878395008797014,0.8007374029168081,0.7725712684583612,1.0321240650394625,0.2942736720486883,0.8489283811305339,0.6111111109444445,0.17202763198034451,1.926340796104011
434,planted,36,150,4.153442053752595,True,27,False,0.0010990420123562217,3.332204510175204,0.2008869222948539,1.3599999998912,0.23989726230290515,0.17715539058542648,0.2777777777777778,0.0,0.0,4.551514049228145,0.46775342670004,0.6837458948793378,0.5412911404078358,0.46107282938323363,0.5283159795999437,0.5283159795999437,3.1660408952987034,0.9614463941447305,0.27695755034323927,0.11475206651284942,0.37369101622245765,0.45273181071132285,0.48106202834809164,0.5161998140574618,0.5278645041004913,0.5112006611818779,0.1971234029911852,0.226634160975816,0.1111111111111111,0.1111111111111111,0.8333333331944445,0.675191167459309,0.8915871708220728,0.8007374029168081,0.7840797290149703,0.9729782693938203,0.27695755034323927,0.7884427861246189,0.5277777777083333,0.15243458869744464,1.7456127028736361
435,planted,29,126,4.3543752302744965,True,9,False,0.00031554209999740124,2.302585092994046,0.2795233638277041,1.5343915342738164,0.2038768272820317,0.21204701273256316,0.27586206896551724,0.0,0.0,4.620221181372421,0.46402521650415024,0.6781121149390649,0.5395932815037526,0.45677999819858817,0.5238215821538468,0.5238215821538468,3.203356174885348,0.9696303923925542,0.28606330171170746,0.1247071020068492,0.38646947104005913,0.48331029261386577,0.4918074093128483,0.5532163438663305,0.5770213355318629,0.5345124218434123,0.18811101758086307,0.24013238634549183,0.10344827586206896,0.10344827586206896,0.6666666664444444,0.6703278142723644,0.8827554220143872,0.8131037598190377,0.7835941788621387,0.975456081470328,0.28606330171170746,0.8154433356412293,0.43678160908429114,0.1612321187785621,1.69952036521579
436,planted,36,165,4.595338637097735,True,30,False,0.0013819170417264104,3.4339872044851463,0.28446137459025334,1.7454545453276034,0.21576567040484398,0.1900960827789815,0.2777777777777778,0.0,0.0,4.752390899458328,0.4570179789670447,0.6694151054772097,0.5375525852683314,0.46022781986311817,0.5202361818678072,0.5202361818678072,3.2346181795621187,0.6774789907977717,0.2737731874228074,0.12259661438430043,0.348885581744379,0.46823493357182505,0.505258080644285,0.5436636306549082,0.5511824449430728,0.5404412816742662,0.21026684440254817,0.24861929194987353,0.1111111111111111,0.1111111111111111,0.8333333331944445,0.6643379051464564,0.8846204337561301,0.8007374029168081,0.777819281776501,1.005044264512017,0.2737731874228074,0.8296566070723762,0.5277777777083333,0.17345972843537213,1.804667300638889
437,planted,35,165,4.706497048902792,True,17,False,0.0009624999947845936,2.8903717578961645,0.25021162350377957,1.626262626147638,0.2294065631163953,0.2022737339435697,0.2857142857142857,0.0,0.0,4.924619046896292,0.4481984025291339,0.6729985738930949,0.5387031100979798,0.4566692996092138,0.5164505626086259,0.5164505626086259,3.261693510886743,0.501423926542025,0.29068789065125206,0.12266914715300822,0.40433074524653057,0.49052837551634837,0.5082664097997113,0.5262026847169493,0.5289615968185744,0.524904373139714,0.20170212924986622,0.22987460314283048,0.11428571428571428,0.11428571428571428,0.8333333331944445,0.6630128427595188,0.8845562721137531,0.7956694616416928,0.7756397047068877,1.0162686535222463,0.29068789065125206,0.8217932844706525,0.5309523808829365,0.1564443602294805,1.7998779162343217
438,planted,37,181,4.8886986658192395,True,19,False,0.0010138750076293945,2.995732273553991,0.21198645363604032,1.4309392264218328,0.22039986782956308,0.19339242546331004,0.2972972972972973,0.0,0.0,4.64715411387694,0.46257993639558315,0.6917975174134237,0.5405991955151355,0.4563906320347787,0.5266242305094679,0.5266242305094679,3.1801492031574936,0.2544538546741737,0.2760120890071455,0.11793126392499846,0.3535522909794469,0.4591350166407948,0.49958587035451174,0.5242108359449369,0.5290528846785728,0.5223278169929673,0.19617039727625862,0.23942866520101358,0.10810810810810811,0.10810810810810811,0.9999999998333333,0.6668507751167284,0.8887571401925796,0.8055611076677214,0.7815739656138996,0.9857819464546458,0.2760120890071455,0.8107338876460448,0.6081081080247748,0.16607581746161704,1.8609299021395822
439,planted,31,158,5.097017423885158,True,19,False,0.001035583089105785,2.995732273553991,0.2755729764895807,1.6350210969394816,0.20173175470467689,0.21952525432799935,0.2903225806451613,0.0,0.0,4.935044212681537,0.44767545686262944,0.6807671638906357,0.5386183995094111,0.4554395502232216,0.5177628375871426,0.5177628375871426,3.2516998640103245,0.08839906086200625,0.296906736220414,0.11476259099330241,0.4121525336660984,0.4893174175793905,0.4965058422810227,0.5184037747533747,0.5264647261759372,0.513029807138333,0.2182496824804879,0.21066097888150148,0.12903225806451613,0.12903225806451613,0.9999999998333333,0.6682232516217695,0.8915777873796994,0.7725453888611077,0.7720906194572474,1.0346134073104047,0.296906736220414,0.810270150277832,0.6290322579811828,0.14224517027849645,1.8784543147579253
440,modular,26,88,3.371235601803395,True,12,False,0.00028904201462864876,2.5649493574615367,0.22473328746561455,1.378787878652089,0.2121683871468503,0.2173458725180592,0.2692307692307692,0.0,0.0,3.3925902050071985,0.5410823390820031,0.6923439168059757,0.5411077100829739,0.4179921049955316,0.5389946314090746,0.5389946314090746,3.0863355897518208,0.06488633273991071,0.29952390784370014,0.1240333864863021,0.3922461306935623,0.4862370868061737,0.4988248076090124,0.5190651045237076,0.5249121032622716,0.5132181057851436,0.19481726180951472,0.23315401077757403,0.11538461538461539,0.07692307692307693,0.3333333332222222,0.6671893839248908,0.8833503484261211,0.8574039191604412,0.7965062576248528,0.9100811679875945,0.29952390784370014,0.8070616753232448,0.24358974353418802,0.15873466307407685,1.5089099897752098
441,modular,35,125,3.5793742244143085,True,42,False,0.0012328749289736152,3.7612001156935624,0.22485550913989666,1.3999999998693333,0.3169585969251184,0.15207715133519875,0.2857142857142857,0.0,0.0,3.1859078996374044,0.5566450413596085,0.6326359924009121,0.5409007606885817,0.4204629415203322,0.5290377408702274,0.5290377408702274,3.161301467747131,0.2010792329494534,0.28934914105701454,0.12818830847448237,0.4083407686553048,0.4769898591878739,0.49735946719478125,0.5248038162443374,0.5341037723660405,0.5204273663047125,0.1989781981092203,0.2461774476905887,0.11428571428571428,0.02857142857142857,0.0,0.6678423063457459,0.8796877108959061,0.9444591369948698,0.8217288626807621,0.7853791514581738,0.28934914105701454,0.809505924844255,0.02857142857142857,0.1616505852131184,1.2890770796858164
442,modular,38,143,3.7628187768009327,True,10,False,0.000499917077831924,2.3978952727983707,0.28803681852262725,1.6829836828346076,0.21824001295937387,0.14846502264713213,0.2631578947368421,0.0,0.0,3.2628708964577022,0.5507464000153035,0.6667824064282035,0.538154984722218,0.4294549522064382,0.5402786484322869,0.53974694813236,3.0832743097833024,0.4248928862505182,0.26822051379112244,0.12509440424868476,0.31522872251444034,0.46872546998146974,0.4943813990294193,0.568860803036824,0.5787276095757834,0.5653940872258381,0.2054507909951169,0.2547854724276917,0.10526315789473684,0.05263157894736842,0.16666666663888888,0.6691732115037611,0.8824135950598943,0.9000876262522592,0.8100251618271145,0.842759866282976,0.26822051379112244,0.8301744982966105,0.13596491226681284,0.181297932564596,1.4156578569191418
443,modular,35,138,3.9509778294588997,False,47,False,0.002093832939863205,3.871201010907891,0.27892014624015793,1.6062801931009183,0.21348492480310374,0.15774240231537068,0.2857142857142857,0.0,0.0,3.103900658233763,0.563070937001886,0.6726213783825269,0.5388964769108006,0.41928416483066994,0.5415194745555193,0.5408625306544687,3.0729506642847024,0.7184491667544779,0.2725095054286448,0.11828769529702182,0.37542015641610355,0.4345762438776512,0.4602870679065961,0.49668600323460377,0.5123874558814223,0.48929708434198355,0.19690045409431994,0.24860976175674665,0.11428571428571428,0.08571428571428572,0.33333333327777775,0.6847968608210415,0.8884404157143285,0.8424604416167714,0.8002884117012938,0.8911324016071,0.2725095054286448,0.757855183047478,0.2523809523531746,0.15721626179661968,1.4399619026259172
444,modular,38,155,4.075927770067781,True,18,False,0.0009501669555902481,2.9444389791664403,0.23448750766324078,1.389247311714427,0.22504991996050328,0.15311459819298473,0.2631578947368421,0.0,0.0,3.3273209304024105,0.5459021159293378,0.6809991905098592,0.5410056461240866,0.4294426591085888,0.5424863965140688,0.5421158293933228,3.061377955712622,0.8892988167633834,0.2670338556280485,0.1100293418734604,0.34891648111613005,0.44369649232706326,0.4650877811781906,0.4855774380166703,0.4877139906888215,0.4848267573480766,0.1851876140989054,0.22971266103746046,0.10526315789473684,0.02631578947368421,0.0,0.682552958837608,0.8958078502303173,0.9487294800164372,0.8339970947611712,0.7261014356825248,0.2670338556280485,0.7541734037112521,0.02631578947368421,0.15314689521858046,1.2006699440315654
445,modular,28,120,4.2785834248874135,True,33,False,0.0010162499966099858,3.5263605246161616,0.23946957845084466,1.399999999891111,0.19743348386714793,0.16335978835968032,0.2857142857142857,0.0,0.0,3.4362667124367334,0.5379043214399811,0.6962499982018976,0.5409007606883692,0.4437288975794012,0.549788921555529,0.5475532818946682,3.0114775082637033,0.9988049263024749,0.2674376295989025,0.11941936945543752,0.3687938472953653,0.43550115312064114,0.47463466864542747,0.5334665308671781,0.54745431332513,0.5215510124770708,0.19747093835566737,0.2429643056972075,0.10714285714285714,0.10714285714285714,0.9999999996666666,0.6781340634820296,0.8874355593468066,0.8071177470053893,0.7860733893845538,0.9628204756611717,0.2674376295989025,0.7907356686679333,0.6071428569761904,0.15994438751898196,1.825260542762008
446,modular,24,108,4.496689223435788,False,27,False,0.0008226670324802399,3.332204510175204,0.2900577808296434,1.8518518517146776,0.1769207467213952,0.19730392156850657,0.2916666666666667,0.0,0.0,4.124704273307011,0.4923256115476895,0.690827050277155,0.53652970663592,0.4488448844794317,0.5344486870565222,0.5344486870565222,3.128711557389389,0.8236733380435808,0.27298087173197505,0.12382207572469929,0.3605826239946253,0.44649895416176283,0.49005815289287813,0.5306474759737847,0.5408866864205719,0.5186275332753825,0.22766480172031847,0.2529026915694763,0.125,0.125,0.6666666664444444,0.6711147468026981,0.8835370295841835,0.7788007830714049,0.7729462699872128,1.030182959743858,0.27298087173197505,0.8122980913098501,0.4583333332222222,0.17013098190508194,1.7137432781691293
447,modular,33,156,4.723866159821065,False,23,False,0.0010722919832915068,3.1780538303479458,0.1782619966935346,1.4807692306648175,0.1931487016763774,0.16666666666659097,0.30303030303030304,0.0,0.0,3.4720198363635593,0.5353304846078537,0.7221312526967848,0.5401142078801308,0.4349972428578563,0.5519607636169266,0.5489749850105411,2.998512006547951,0.47470830495894223,0.27571677311573733,0.10594659794553749,0.3739593032540384,0.41469949136222806,0.4456754386071045,0.4937005779098496,0.4952608572184285,0.492822920798774,0.19965990515241777,0.21726687659016664,0.12121212121212122,0.09090909090909091,0.33333333327777775,0.6917181915765901,0.8994726804824688,0.8337529180751806,0.8034980870658183,0.8751218932359729,0.27571677311573733,0.7424407038501338,0.2575757575479798,0.1380626029526634,1.4137958374665145
448,modular,37,182,4.927479766590064,False,73,False,0.00393787503708154,4.30406509320417,0.2396679531406172,1.490842490741463,0.19443719055257347,0.16245984396504706,0.2702702702702703,0.0,0.0,3.4518331738548995,0.5367806694913924,0.6980708680313004,0.5400162721330979,0.42794337468603805,0.5432848106554062,0.542465825995049,3.0581509362186012,0.21380491965519455,0.26984014705298837,0.1078155731980079,0.3475148122124041,0.41595014151958654,0.47402505017320135,0.4865901834909835,0.48735081077704423,0.48629438399084873,0.18718047711074226,0.227583192466414,0.10810810810810811,0.05405405405405406,0.33333333327777775,0.67841452211582,0.8977931582839768,0.8975305608544599,0.8176615155345214,0.8052272879002295,0.26984014705298837,0.7641152611963786,0.22072072069294293,0.1534731728945079,1.4081493018368176
449,modular,25,129,5.159018799590074,False,29,False,0.001325499964877963,3.4011973816621555,0.17441381942735004,1.421188630399148,0.21920232775708404,0.1983870967740869,0.32,0.0,0.0,3.699617057664841,0.5195063559710501,0.7063277263161104,0.540694198448188,0.44423690566131097,0.5462656828494664,0.54486745250498,3.0360635922797345,0.06089544146310325,0.2974579408126618,0.11594686534561408,0.38054909122074365,0.4694568740226932,0.4992606338305266,0.5321730174899102,0.5409911281139472,0.5226200643138703,0.20501013237099575,0.21863360742127558,0.12,0.12,0.9999999996666666,0.6669954359070019,0.8905225396477595,0.7866278610665535,0.7759713752441714,1.0145585830227493,0.2974579408126618,0.8165996756682306,0.6199999998333333,0.15244016052492937,1.886497776839155
450,modular,24,80,3.3211825992706725,True,13,False,0.00027662492357194424,2.6390573296152584,0.3523729084958623,1.69999999983,0.3192490311508444,0.175401069518529,0.25,0.0,0.0,3.304859762645183,0.5475806695776386,0.5954850010891047,0.5379907645510722,0.4438051355578052,0.5250134381353733,0.5250134381353733,3.197239556786469,0.04727076416274146,0.2808954834270685,0.11892569646988606,0.37034772875874666,0.46177959026030974,0.47717169537929294,0.5069507210583908,0.5151606191684501,0.49731301458136473,0.21639128166936206,0.23986336437424072,0.125,0.125,0.9999999996666666,0.676969375413892,0.88787377046647,0.7788007830714049,0.7764536624229921,1.012073247209053,0.2808954834270685,0.7847448763258289,0.6249999998333333,0.15883353426654223,1.8494738938527728
451,modular,33,118,3.580907176390724,False,91,False,0.0032119579846039414,4.5217885770490405,0.2506335933418204,1.3983050846154124,0.21778389957812302,0.16691431401675735,0.2727272727272727,0.0,0.0,3.231796344925035,0.5531129209421154,0.6797660926021515,0.540917290777508,0.4357586892650571,0.547192058621335,0.5456165754814153,3.0291939539104566,0.20253575075657188,0.27149758679674946,0.12990659550814843,0.40060794923990584,0.48880205043674385,0.49926660417160984,0.5031471236518882,0.5035211496263656,0.5029367340412446,0.22311490436067696,0.264137194724283,0.12121212121212122,0.06060606060606061,0.16666666663888888,0.666992779814855,0.8781774528086304,0.8858460329277068,0.8035641504393435,0.8747930279362343,0.27149758679674946,0.8066188920877231,0.14393939392550503,0.17063771711850662,1.3926935899284842
452,modular,24,90,3.752034083418256,False,29,False,0.0008899170206859708,3.4011973816621555,0.2984183270621211,1.51111111097679,0.24099861193069474,0.19092331768373166,0.2916666666666667,0.0,0.0,3.5097130850445266,0.5326435184276129,0.6505707056542145,0.5398193211277565,0.4422978493229335,0.5351579637860098,0.5351579637860098,3.1172940415333663,0.409239996890185,0.29943331010649604,0.10816195182410639,0.3695933442755213,0.48384774814946185,0.4959062550963613,0.5071021247744683,0.5098226502481442,0.5039084644358052,0.2075992383063956,0.20016216332630377,0.125,0.08333333333333333,0.3333333332222222,0.6684910879897239,0.8974822357748541,0.8464817248906141,0.7978348875352123,0.9034144381204006,0.29943331010649604,0.8013571270601944,0.24999999994444444,0.1439922176492222,1.4947826547603569
453,modular,33,132,3.9862876692598475,False,27,False,0.0011794579913839698,3.332204510175204,0.33834614592017265,1.8333333331805555,0.2563396199488556,0.1577495863209279,0.24242424242424243,0.0,0.0,3.5522514263268232,0.5296433837009414,0.630119279887564,0.5367074594112223,0.4403391084994623,0.5277130807415562,0.5277130807415562,3.179112294378126,0.7715044178494284,0.26844698559046526,0.10452379607970538,0.34717948717409597,0.4284677931331584,0.47395937721496423,0.49245753697750966,0.4988701235164611,0.4888504570493495,0.21269894987786822,0.21641232430144774,0.12121212121212122,0.12121212121212122,0.49999999991666666,0.6784447491962043,0.9007533627530389,0.7847231940537559,0.7827305577728312,0.9798670246448332,0.26844698559046526,0.7733628831731861,0.37121212117045455,0.14813599974954778,1.5611579896836536
454,modular,30,123,4.088532533246637,True,8,False,0.0003552919952198863,2.1972245773362196,0.23577235770440874,1.6260162600304051,0.2570678885155122,0.17013888888877074,0.26666666666666666,0.0,0.0,3.1969257545990617,0.5557928671758041,0.6618056935461356,0.5387054932986444,0.4345711016563722,0.5427103495047726,0.5417063528455072,3.0651560345792292,0.9032062595865764,0.2759872201294306,0.11885558196803969,0.36329176365776317,0.4539632063775612,0.4873657682221015,0.527895285225499,0.5370155621853104,0.5212909467373597,0.1820981092493861,0.2384353516911999,0.1,0.03333333333333333,0.0,0.6723295784838007,0.8879360254760527,0.9355069850316178,0.8235127162951763,0.7767051459695854,0.2759872201294306,0.7968379381471975,0.03333333333333333,0.1617521858904055,1.267910677500367
455,modular,33,143,4.318469258311536,False,31,False,0.0013357080752030015,3.4657359027997265,0.26781177837278036,1.6923076921775149,0.1906199860577157,0.1788715486193404,0.2727272727272727,0.0,0.0,3.5389008558209705,0.5305813243201761,0.6902908037758374,0.5380649886518732,0.42584625448668995,0.5382850187481887,0.5382300027902431,3.097346469095017,0.9882323417381593,0.27322895362143157,0.10155431068086543,0.35545677162036354,0.41149103708939316,0.43286654774615596,0.4820411168354774,0.4936985555667759,0.475483807549122,0.19741273365443274,0.2105778825118132,0.12121212121212122,0.12121212121212122,0.6666666665555555,0.6979017003174243,0.9034321119966741,0.7847231940537559,0.7909252181528598,0.938207421232518,0.27322895362143157,0.7232402895775029,0.45454545448989897,0.13488365391068255,1.585898351599516
456,modular,38,170,4.469963276516102,False,29,False,0.0016638749511912465,3.4011973816621555,0.3268575107845067,1.862745097900423,0.2159959398851808,0.15177006659651182,0.2894736842105263,0.0,0.0,3.913947398456819,0.505436768606774,0.6553346827088841,0.5364252011690455,0.4359095469027346,0.5246167128339891,0.5246167128339891,3.2031775523217187,0.8584323268364779,0.2668214612522243,0.11199378487624952,0.33447303626912084,0.45872089351718137,0.48077076635912774,0.4969927354310003,0.5058964787460271,0.49386439318518005,0.19203711363813908,0.2333374029628419,0.10526315789473684,0.10526315789473684,0.8333333331944445,0.6753239749990259,0.8940498141133235,0.8101577349324267,0.7879182430461712,0.9534437828428164,0.2668214612522243,0.7772764124841627,0.521929824491959,0.16132484024930832,1.7273525384776545
457,modular,30,141,4.705872068263203,True,13,False,0.0004879999905824661,2.6390573296152584,0.19581832991404427,1.3475177304008852,0.23236986151680467,0.1750423489552936,0.3,0.0,0.0,3.238534731215645,0.552598025502357,0.6901575274127406,0.5414130764121392,0.4348083422113372,0.5493955557216184,0.5473889694967367,3.0129781572527206,0.502393182256046,0.2826281654724833,0.14501620504043775,0.44807477788056016,0.4983511422888476,0.520940179140962,0.5345434276252903,0.5370622466370156,0.5327194552374891,0.18602652357042943,0.28261523950672984,0.1,0.03333333333333333,0.0,0.6574880548982586,0.8650082755030801,0.9355069850316178,0.8103109753957614,0.8413487340299313,0.2826281654724833,0.8347185238462145,0.03333333333333333,0.17874570634763282,1.329425728999664
458,modular,33,161,4.884337364135327,False,57,False,0.002493457985110581,4.060443010546419,0.2298975841249355,1.3664596272358318,0.18888028634042162,0.17821782178208534,0.2727272727272727,0.0,0.0,3.3682048004269958,0.5428730753749129,0.7052347514655871,0.5412280595729582,0.430369297865742,0.5482236452044552,0.5464663171803322,3.02141302558765,0.25931464647107444,0.2808037042296131,0.10356315169637399,0.3491124091336666,0.44633036142158744,0.45195964075371625,0.5089098979155651,0.5348100596758785,0.49434105692538877,0.20361239465459194,0.2051906028902728,0.12121212121212122,0.06060606060606061,0.33333333327777775,0.6887243776837332,0.9016190821694053,0.8858460329277068,0.819361584234927,0.7969191861571069,0.2808037042296131,0.7573176883751468,0.22727272724494949,0.13898957559897374,1.4043836954486832
459,modular,34,174,5.103877050219304,False,41,False,0.002596292062662542,3.7376696182833684,0.19660063769857392,1.498084291090163,0.18610222786103978,0.17425668046662618,0.29411764705882354,0.0,0.0,3.372619995340792,0.5425479683650919,0.7197437498953138,0.5399458867665995,0.4364934175751509,0.5544527998226245,0.550789934328829,2.982008925477057,0.0849392637240899,0.26701199400768383,0.12091229362834131,0.37849216417165044,0.44885319997485656,0.4572711201986269,0.48557451459937995,0.4940971585409707,0.48118406165977257,0.20541407452250413,0.25209206670414863,0.11764705882352941,0.11764705882352941,0.49999999991666666,0.686214106722776,0.8861116738246047,0.7903383629814982,0.783286042116448,0.9770293312751577,0.26701199400768383,0.7514118961289429,0.36764705878186277,0.1583985466846009,1.5444694956030904
460,modular,35,117,3.352865068762061,True,17,False,0.0005346250254660845,2.8903717578961645,0.27436355991574135,1.6951566949876624,0.3003924599776847,0.16334991708112492,0.2571428571428571,0.0,0.0,2.9733092184085956,0.5736157503872824,0.626455385887009,0.538037495856512,0.4175913960054368,0.5313992278434244,0.5313992278434244,3.148793811747242,0.057881630577271505,0.27665867230157043,0.125067600904251,0.3722770670447482,0.45119049573630865,0.49669609940434667,0.5475335547793564,0.5520636802945716,0.5454017310074906,0.20952457448065878,0.25273063884387104,0.11428571428571428,0.05714285714285714,0.16666666663888888,0.6681383083700017,0.88243724701239,0.8920030614530944,0.8071833277842443,0.8568178531553895,0.27665867230157043,0.8228440204141896,0.1404761904623016,0.1696199504741875,1.4095988336522491
461,modular,28,98,3.5145954252820255,True,14,False,0.0003711670869961381,2.70805020110221,0.2240771304820689,1.428571428435374,0.25554782516468794,0.1801596351195209,0.2857142857142857,0.0,0.0,2.820271950503609,0.5864868775070824,0.6665466791213391,0.5406222625999813,0.41898509704851705,0.5471366596884061,0.5455007379974772,3.0302555948615044,0.146033446429789,0.28954846658508976,0.11168472234397547,0.35233093245602926,0.4706531365309008,0.49470690416906205,0.5368950622536942,0.5483295366640771,0.5271545840522569,0.1884807829503099,0.21170312082996667,0.10714285714285714,0.07142857142857142,0.3333333332222222,0.6690274843922798,0.894326174116914,0.8668778997501816,0.8034631146560998,0.875295997789326,0.28954846658508976,0.8102746310334867,0.23809523803968252,0.15282941168788386,1.490747747346143
462,modular,24,90,3.757518773583539,True,24,False,0.0005260829348117113,3.2188758248682006,0.3186907372205453,1.6888888887387654,0.23231848558456383,0.19441069258785612,0.25,0.0,0.0,3.359566341911618,0.5435102850042406,0.6489157560500329,0.5380979837159405,0.43244375064484275,0.5342877748649809,0.5342877748649809,3.1269973238623736,0.41716903016031465,0.2864563782682456,0.11569125081453885,0.3311976875259772,0.44078490002275517,0.4871421772591164,0.542573313247087,0.5569759356793228,0.5256658869135928,0.21783371058378953,0.2258263613554503,0.125,0.08333333333333333,0.3333333332222222,0.6724306628456024,0.8907501992444545,0.8464817248906141,0.7973953055144086,0.9056189201256981,0.2864563782682456,0.8128872615286074,0.24999999994444444,0.1622891872875779,1.5116328270288752
463,modular,33,132,3.996299532845629,True,13,False,0.0004192920168861747,2.6390573296152584,0.316493839042177,1.8333333331805555,0.31077453935609456,0.1645445641527108,0.2727272727272727,0.0,0.0,3.670286075844507,0.5214929352631213,0.6092444509340089,0.5367074594112223,0.4374306011787178,0.5179840548914059,0.5179840548914059,3.253545368633812,0.7860127005863207,0.27845405355521186,0.12503984855819134,0.40041456809241205,0.46695543110734306,0.5138110913477576,0.5286455373543198,0.5298259324833803,0.5279815650942233,0.22107400501908445,0.25047241354105276,0.12121212121212122,0.09090909090909091,0.49999999991666666,0.6605844056207121,0.8824617370560716,0.8337529180751806,0.7862376847573593,0.9619845323050662,0.27845405355521186,0.8334023612796886,0.34090909086742427,0.16661258124162365,1.6193780869439485
464,modular,27,110,4.055580780407369,True,17,False,0.000592124997638166,2.8903717578961645,0.2721205371976586,1.6363636362297522,0.19148886091450207,0.1837209302324513,0.25925925925925924,0.0,0.0,3.659668813049712,0.5222157899549436,0.6882189676035652,0.5386054170297215,0.44810777034348415,0.5440678172832895,0.5426970454529711,3.056020201152012,0.865288258439957,0.2713019663776013,0.11193835978754814,0.36318795240265156,0.45147232504785567,0.47311080379539316,0.5055148008373009,0.5144283885161094,0.49728687374917024,0.19812153694634482,0.22551611070926603,0.1111111111111111,0.07407407407407407,0.3333333332222222,0.6788355617401979,0.8940993682768335,0.8623033568332588,0.8058795774507469,0.8632838160770275,0.2713019663776013,0.7753985884506298,0.24074074068518517,0.1512874709311881,1.4387287664446045
465,modular,29,125,4.310173612085295,True,18,False,0.0006564999930560589,2.9444389791664403,0.301179901917946,1.6239999998744106,0.24756865198254255,0.17723076923066017,0.2413793103448276,0.0,0.0,3.4819014162327617,0.534623456989367,0.6461099573093663,0.5387249982039316,0.4429739049719277,0.53486501951873,0.53486501951873,3.1215134918219998,0.9913211514878095,0.2801367724249331,0.1124495088936855,0.36693889574790345,0.4181717415111026,0.4954451607744648,0.5142136049405499,0.52125648325595,0.5086799148355927,0.18609354560332514,0.22565449004899185,0.10344827586206896,0.10344827586206896,0.6666666664444444,0.6686972055077683,0.8936424669662371,0.8131037598190377,0.7861638902549634,0.9623599809385913,0.2801367724249331,0.799075349645571,0.43678160908429114,0.1552826035246179,1.6712763346794133
466,modular,35,159,4.53308685379069,False,133,False,0.006021708017215133,4.897839799950911,0.23341158337434975,1.3941299789333448,0.21347737105690226,0.1551116333724118,0.2857142857142857,0.0,0.0,3.418956061880698,0.5391594136205201,0.6884305873823899,0.5409580138597482,0.4273236491254053,0.5413083913708414,0.5412207757232887,3.0696399664957905,0.7724186101876012,0.27664269464407615,0.10910999827630231,0.38626643036665265,0.42987606793405947,0.4508502810535002,0.4802469035232465,0.4804789578810226,0.4801377014725284,0.18901014866657934,0.22268864901094432,0.11428571428571428,0.05714285714285714,0.16666666663888888,0.6892509951294725,0.8966317841228528,0.8920030614530944,0.8199473353643603,0.7940606589003092,0.27664269464407615,0.7382262699817683,0.1404761904623016,0.13995729651553607,1.295302451603682
467,modular,38,176,4.6321700072663745,True,42,False,0.0023639160208404064,3.7612001156935624,0.2604287187106372,1.7272727271484158,0.22482692314452976,0.15731874144999666,0.2631578947368421,0.0,0.0,3.4378161008967263,0.5377922693622054,0.6722252799747542,0.5377277713008112,0.429556825769769,0.5375060291782595,0.5375060291782595,3.103664046656261,0.6190265942303331,0.26304746408180923,0.109768748757524,0.3261531054252442,0.4164765067181052,0.46814134405908525,0.5104387342662118,0.5261159414282662,0.5049305263444088,0.1930431936947367,0.23400705732100469,0.10526315789473684,0.10526315789473684,0.49999999991666666,0.6811333282361095,0.8960413220085369,0.8101577349324267,0.7907573742699208,0.9390563596147226,0.26304746408180923,0.7716215096158753,0.35526315785307017,0.15969605473000562,1.5496281862807604
468,modular,30,148,4.934079598032861,False,33,False,0.0014945840230211616,3.5263605246161616,0.3366646295458072,1.8918918917640613,0.24363193335017025,0.16878980891708995,0.26666666666666666,0.0,0.0,3.739206124343309,0.5168488777444741,0.6372592811912736,0.536145778524698,0.437405698558231,0.5242294253970784,0.5242294253970784,3.2066525934893346,0.20734952310210708,0.2763507636277307,0.11437937113692853,0.3657862067187395,0.4359152947581536,0.47493733126651655,0.5195901806890599,0.5309431293337492,0.5113690799463537,0.17816386885762886,0.23006556036662618,0.1,0.1,0.6666666664444444,0.6779949078523276,0.8919195231671126,0.8187307530779818,0.7910994246371862,0.9373264919173043,0.2763507636277307,0.7792733888254537,0.43333333322222223,0.1538238880494924,1.642781373724899
469,modular,32,166,5.178501573664474,False,37,False,0.001894499990157783,3.6375861597263857,0.28372293108506297,1.6706827308163417,0.21303151165530834,0.17709849587570253,0.28125,0.0,0.0,3.7891698785457906,0.5135335423890878,0.6712611523486606,0.5382737605447653,0.4345933710465198,0.5311059201604287,0.5311059201604287,3.1505632087135322,0.05386852430102107,0.278045253595272,0.12346070799138782,0.36940582160165547,0.4838066125091628,0.5094956691569936,0.5284845274461051,0.5344808954146283,0.5248093341750746,0.2293461637273829,0.24563728454083789,0.125,0.09375,0.33333333327777775,0.6624729175662153,0.883856369053876,0.8290291181804004,0.7859107025208888,0.9636484070058703,0.278045253595272,0.8310744738118919,0.26041666663888885,0.1695483376964854,1.5390847317425382
470,modular,38,130,3.4093715222209147,True,17,False,0.000602290965616703,2.8903717578961645,0.3013011450284554,1.6564102562488625,0.22499554106903452,0.150460593653966,0.2631578947368421,0.0,0.0,3.496085419005579,0.5336118489069505,0.6585576001260111,0.5384116387660411,0.42837636468993956,0.5319631845560724,0.5319631845560724,3.1438558500887837,0.08164030885412642,0.26230011585155066,0.10798118283083188,0.33492561084783823,0.42769708492670117,0.4439119430705491,0.4850551234945482,0.4889462027927709,0.48368798752490233,0.18401139602900754,0.23274185303701,0.10526315789473684,0.10526315789473684,0.49999999991666666,0.692563008983395,0.8976444873996865,0.8101577349324267,0.795629872696374,0.9144847362554356,0.26230011585155066,0.7324423538250752,0.35526315785307017,0.15184844728137004,1.501854074811066
471,modular,30,106,3.526401216588149,True,17,False,0.00041020906064659357,2.8903717578961645,0.2607599049015369,1.5094339621217516,0.22759897507626045,0.16267012313664117,0.26666666666666666,0.0,0.0,3.263742649065971,0.5506803026005266,0.6704890818881566,0.5398356125991929,0.4397599848015604,0.5455513739581365,0.5441167849106092,3.04295687583713,0.15513497301931228,0.2728431489444059,0.11171255966315737,0.34997842284249064,0.4688478092872723,0.47822909206906633,0.5029117250334263,0.5116470191717812,0.4965861672091003,0.17926938545318116,0.22908705008870034,0.1,0.03333333333333333,0.0,0.6764851303259817,0.8943012788202631,0.9355069850316178,0.827173057828793,0.7589653794513942,0.2728431489444059,0.7745023009490748,0.03333333333333333,0.15610125322478108,1.236780036451595
472,modular,30,112,3.747335950408783,True,14,False,0.000443332944996655,2.70805020110221,0.27413283187241566,1.6071428569993624,0.22845252240136898,0.16129032258052692,0.26666666666666666,0.0,0.0,3.4791580986809505,0.5348195541829037,0.6655184684943093,0.5388881261829982,0.43650061141506014,0.5375894640809177,0.5375894640809177,3.1008876304552393,0.40250132799297217,0.2700181432619017,0.13000135394716206,0.3567328498706621,0.4655989387985305,0.5464708499049785,0.5693034277709079,0.573093815803416,0.5665586640232296,0.2052977863606308,0.2623790316218253,0.1,0.06666666666666667,0.3333333332222222,0.6466335916137339,0.8780942420265495,0.8751733190429475,0.7920716819715012,0.9324135298035451,0.2700181432619017,0.8824470103805901,0.23333333327777778,0.18828087035072508,1.5740793572709948
473,modular,35,139,3.9620528795279597,True,58,False,0.0019696250092238188,4.07753744390572,0.3065044663276643,1.8465227816195964,0.25285567886762994,0.15260323159775427,0.2571428571428571,0.0,0.0,3.3542003118112245,0.5439068600804623,0.641605252291731,0.5365808464467544,0.4304971030540899,0.5316031676256565,0.5316031676256565,3.149970000435865,0.7353681973970095,0.26411054907835696,0.12484585466865604,0.3666088391649551,0.4357174126148515,0.508990932575822,0.5364915812230582,0.5458550850463023,0.5320852264827081,0.2184235797931051,0.2642180664942031,0.11428571428571428,0.05714285714285714,0.16666666663888888,0.6626945055879275,0.8826329458470018,0.8920030614530944,0.8050446156417036,0.8674303147627334,0.26411054907835696,0.8318426181356273,0.1404761904623016,0.17713337655603967,1.4135627342323254
474,modular,24,99,4.107811856209262,False,39,False,0.0009554580319672823,3.6888794541139363,0.3171245326974634,1.5353535352294663,0.19789647198890048,0.18049959709896818,0.2916666666666667,0.0,0.0,3.453273779337288,0.5366769178785838,0.6688476392034468,0.5395839450961957,0.44525258025534026,0.542686294263047,0.5419090387437026,3.063285574811227,0.9229334317771445,0.27832137816638164,0.11912697017443621,0.3816651742120507,0.4393721784043125,0.4799503137363081,0.5012796883748961,0.5061840044194277,0.4955224478008807,0.2160524841675125,0.24442602178651018,0.125,0.125,0.9999999996666666,0.6756983600857401,0.8876950828066822,0.7788007830714049,0.775915366504985,1.0148473089368746,0.27832137816638164,0.7846032789656343,0.6249999998333333,0.15881327210862634,1.8467379290739756
475,modular,29,124,4.286028648723148,True,28,False,0.001058707945048809,3.367295829986474,0.24055760558551667,1.4811827955834562,0.1933910984636536,0.1756756756755438,0.27586206896551724,0.0,0.0,3.362967335338969,0.5432592347383886,0.6984085765112269,0.5401101863585197,0.4320519292585892,0.5472900384855327,0.5454861767725675,3.0303890632382293,0.997656868008565,0.2771615706745856,0.11619224095700635,0.39016750972162606,0.4283534909171862,0.4615254028321578,0.4958921954794704,0.5060325914745913,0.487924741483304,0.1772820849789491,0.23837852932752357,0.10344827586206896,0.034482758620689655,0.0,0.6842166397259949,0.8903040539417629,0.9333588643117228,0.8284383843678084,0.7528512550821864,0.2771615706745856,0.7537920218166303,0.034482758620689655,0.14999057231739246,1.215426923429298
476,modular,31,139,4.484056906065487,True,13,False,0.0004641669802367687,2.6390573296152584,0.23722832951744785,1.561151079020634,0.2065856289198,0.1942238267146612,0.25806451612903225,0.0,0.0,3.298044898311237,0.548091996655926,0.6913322181550212,0.5393336953320917,0.42247686151565655,0.5429765350980547,0.5420635249092314,3.0618603895672636,0.840441526259695,0.28054634785265975,0.14367389828537405,0.3914808458053319,0.5138569756217544,0.5351311327348164,0.572487087945897,0.5859451212714223,0.5635150657288801,0.24952053995002382,0.28219271895756615,0.12903225806451613,0.03225806451612903,0.0,0.6514101490590664,0.8661701615837853,0.937520992833767,0.8087474298778244,0.849074439273537,0.28054634785265975,0.8837548116952708,0.03225806451612903,0.19215076324946337,1.388709987313523
477,modular,25,119,4.760058492027603,True,8,False,0.00030645797960460186,2.1972245773362196,0.2646428866802168,1.4005602239915576,0.20748598355463257,0.20128617363331108,0.32,0.0,0.0,3.6817256830237977,0.5207163292539573,0.6810996478665781,0.5408952971835449,0.43654075215412824,0.536964467829421,0.536964467829421,3.101822963492241,0.4206923316715732,0.30433116788145825,0.1070213939915414,0.40100350424943887,0.44530476532313623,0.4585114795215555,0.4847589362286609,0.49200522673214997,0.47690878818321447,0.18389514094043463,0.20135069773421255,0.12,0.08,0.3333333332222222,0.6856305308807279,0.8985064501452853,0.8521437889662113,0.8066926069131459,0.8592503617602074,0.30433116788145825,0.7468647328709946,0.24666666661111109,0.13013396655759135,1.4279965339211553
478,modular,34,168,4.934248555753074,False,51,False,0.0026075420901179314,3.9512437185814275,0.24946402610224583,1.7539682538499306,0.22094175981622596,0.17776816608988852,0.29411764705882354,0.0,0.0,3.4140540310889445,0.5395158955177586,0.6782777382007641,0.5374705929464692,0.4304604186340687,0.5400678738593155,0.5394173793246302,3.086328235941386,0.20718602669344677,0.2767083882731671,0.12371479342456243,0.4055374370945388,0.44023296301673714,0.4748310660917876,0.5210032592890016,0.5288937342384455,0.5169384691635305,0.20568534420381318,0.2510623872337143,0.11764705882352941,0.11764705882352941,0.6666666665555555,0.6780437590387481,0.8836318225536863,0.7903383629814982,0.7794364495950171,0.996736478633191,0.2767083882731671,0.7867540317872418,0.45098039210130714,0.15740221837230284,1.6718450305340191
479,modular,36,183,5.096344423863477,False,41,False,0.0029071249300614,3.7376696182833684,0.22095701221672115,1.3770491802375706,0.17753402355290301,0.14767255216687494,0.2777777777777778,0.0,0.0,3.2784952227256916,0.5495641444554054,0.7160697561619889,0.5411246801699275,0.44100123876147007,0.5577905816826594,0.5535765926791719,2.9567757787756244,0.0887444450425931,0.2452273543565378,0.11441449705268796,0.351944359581121,0.4005162438780928,0.46618134965238445,0.5071922335898983,0.5141013323135187,0.5042311912797753,0.21228331379359325,0.25764418675745815,0.1111111111111111,0.1111111111111111,0.49999999991666666,0.6820438687459017,0.8918881942273098,0.8007374029168081,0.7868119485912548,0.9590640199700297,0.2452273543565378,0.7728482948957318,0.36111111106944443,0.1645093870530726,1.5436961473747868
480,modular,33,111,3.355284838180324,True,20,False,0.0005554170347750187,3.044522437723423,0.32764400469992366,1.5855855854284553,0.2743287015682565,0.1707818930039981,0.2727272727272727,0.0,0.0,3.2692722449852485,0.5502614106603896,0.6240793598587226,0.5390968817050487,0.42427466099244293,0.5262013895232565,0.5262013895232565,3.1861450500871307,0.05876703255362319,0.2864557173678647,0.11391482909524642,0.35053593254521886,0.4723232165370594,0.4904565638611502,0.5083436788037338,0.5084753264736401,0.5082696269894114,0.20821998396803923,0.22312213297709205,0.12121212121212122,0.09090909090909091,0.33333333327777775,0.6709353524596636,0.892333953536133,0.8337529180751806,0.7932592659871567,0.9264206651061129,0.2864557173678647,0.7966833992550268,0.2575757575479798,0.15733854589802937,1.4980534200689006
481,modular,26,93,3.5605927047812953,True,27,False,0.0006190830608829856,3.332204510175204,0.31075496186736634,1.770609318831413,0.26502862294657165,0.18041582830303124,0.2692307692307692,0.0,0.0,3.544209312641149,0.5302079826042951,0.6338728606971015,0.537310401317805,0.44594183416826316,0.5311806082060356,0.5311806082060356,3.1517920619827655,0.18381896454302565,0.2858825191334218,0.11179047078229404,0.37587375768542974,0.44954104949760026,0.48136620104011196,0.5237679536573772,0.5351321018229381,0.5124038054918161,0.19928114473153394,0.21520686839722925,0.11538461538461539,0.11538461538461539,0.6666666664444444,0.6750525287385859,0.8942316055209825,0.7939226578179512,0.7825677145765237,0.9806992913102996,0.2858825191334218,0.793070464051684,0.44871794860683756,0.14672660446199898,1.6743975362539425
482,modular,35,131,3.7557385622592085,True,101,False,0.0033410839969292283,4.624972813284271,0.3550142691715414,1.870229007467028,0.19461361232455343,0.16134969325143475,0.22857142857142856,0.0,0.0,3.4632644418723713,0.5359584979406795,0.6582158778137245,0.536353427109781,0.43109202326273804,0.5337728757511574,0.5337728757511574,3.134101374057395,0.41458820821031117,0.26472589954607856,0.11256455145698159,0.3096888400073172,0.4497064884458589,0.4815349528606005,0.5059688584732438,0.5091825011038333,0.5044565560588488,0.2091237095937678,0.2328249182951394,0.11428571428571428,0.05714285714285714,0.33333333327777775,0.6749756379821916,0.893539665959526,0.8920030614530944,0.8133099643541074,0.8265719235578585,0.26472589954607856,0.7868003094956644,0.223809523781746,0.16651199212959716,1.4418477249530863
483,modular,30,119,3.9589251316479794,False,23,False,0.0012077080318704247,3.1780538303479458,0.2713040968010729,1.5966386553280134,0.17160616671890452,0.16493506493495783,0.26666666666666666,0.0,0.0,3.515017972242564,0.532267522815565,0.7009839974998197,0.5389898261890237,0.43748785849064087,0.5465140843238034,0.5446232293019581,3.0383052195880973,0.7306129383862245,0.265650966709671,0.11045346837166017,0.3547487783278873,0.4141077908119072,0.4642910700412223,0.4905032447785887,0.49676795390065787,0.48596673127640067,0.17854675623373342,0.2342359568599217,0.1,0.06666666666666667,0.3333333332222222,0.6829243314116832,0.8954279949427798,0.8751733190429475,0.8118935810153355,0.83354401613332,0.265650966709671,0.7541793814889499,0.23333333327777778,0.1535951040108867,1.4067587854872854
484,modular,38,157,4.118475079964339,False,43,False,0.0020268330117687583,3.784189633918261,0.28825516937310325,1.5329087047595529,0.23665491373818068,0.14783759929384474,0.2631578947368421,0.0,0.0,3.5292731657850163,0.5312597792542638,0.656235684573755,0.5396076732872574,0.43375225717180543,0.5327656009114585,0.5327656009114585,3.1356078237594223,0.9329967680206772,0.2647398195592036,0.11532993004370252,0.3529319877996423,0.44007234034443715,0.46656610128269066,0.5186408553160405,0.5404139322376946,0.5109908553165403,0.1920802926371876,0.23891706646451571,0.10526315789473684,0.05263157894736842,0.16666666663888888,0.6818649354607189,0.8910721039449933,0.9000876262522592,0.8177715526725443,0.8046890224592766,0.2647398195592036,0.7739066021000078,0.13596491226681284,0.1582462644788563,1.3328575984048805
485,modular,34,145,4.266269155653511,True,14,False,0.0005133750382810831,2.70805020110221,0.2803938117057548,1.7195402297506566,0.2189013749676521,0.18154463390161407,0.23529411764705882,0.0,0.0,3.3228042236349897,0.5462388284381072,0.6689557680875549,0.5378023103172505,0.4324289558336457,0.5406276404482169,0.5399199194402624,3.0816722294193735,0.9998639209195429,0.27042505401425454,0.1175277169119084,0.36265375791856697,0.43642965615326096,0.48359660896679924,0.551736749112944,0.5767890632448868,0.5388310115298217,0.217544135864621,0.23821645287887638,0.11764705882352941,0.058823529411764705,0.16666666663888888,0.6740376689701497,0.8891158678587376,0.8890097654027757,0.8106804256897577,0.8395254039496246,0.27042505401425454,0.8138510174894265,0.14215686273120914,0.16045180132761197,1.386884735562502
486,modular,37,165,4.4477469921750465,False,27,False,0.001610332983545959,3.332204510175204,0.26717123978789403,1.7939393938053014,0.22723691181593478,0.14670790985411106,0.2702702702702703,0.0,0.0,3.366861144481335,0.5429720910372365,0.6685446463726558,0.5370859800851983,0.4362023083997513,0.541001697008324,0.5400200994807193,3.0807445849359,0.8851013751428521,0.25225045516741335,0.11867204248061895,0.35609712099299073,0.4027203207805753,0.46620047515282925,0.5511277890575697,0.5987284615501116,0.532616416421581,0.21080407638622253,0.2585123973664083,0.10810810810810811,0.05405405405405406,0.33333333327777775,0.6820349719882373,0.8880990117557825,0.8975305608544599,0.8161545861445398,0.8126059876910066,0.25225045516741335,0.7944653887781697,0.22072072069294293,0.16590242902648913,1.4333389936650152
487,modular,35,166,4.752038182043032,True,26,False,0.0014853749889880419,3.295836866004329,0.21520634081329004,1.4056224898610508,0.19666484283282618,0.1518199233715748,0.2857142857142857,0.0,0.0,3.335927078446087,0.5452616904757032,0.7056819137273559,0.5408459331692168,0.43416003441093143,0.550750125981383,0.5482572027922421,3.0050537606851946,0.4324442580049068,0.268482323878166,0.12395834367514008,0.38616212894010604,0.45263494959292405,0.4867792108178729,0.4922198144091042,0.4935208377277095,0.49160756814152523,0.20583685317143055,0.2567753282419434,0.11428571428571428,0.08571428571428572,0.33333333327777775,0.6725948229057515,0.8834166400068302,0.8424604416167714,0.7940043302916495,0.9226654508630237,0.268482323878166,0.7843483313152826,0.2523809523531746,0.16577603591404658,1.4709876434606697
488,modular,25,121,4.854621754147053,False,19,False,0.0007043329533189535,2.995732273553991,0.3189649646619675,1.5840220384584007,0.1883978964910716,0.19470404984408513,0.28,0.0,0.0,4.0125059456689565,0.4992195983532645,0.6737904332914323,0.5391120290152536,0.43791855966618004,0.5281248539653263,0.5281248539653263,3.171522103655895,0.293966262440635,0.28994458161731745,0.10270038874800204,0.373088712724145,0.4487562495083686,0.4793732217307182,0.4824736713245233,0.48310669426969544,0.48178789646725345,0.19846075394215548,0.19858910322747225,0.12,0.12,0.6666666664444444,0.6759619447688126,0.9023973013681185,0.7866278610665535,0.7828822615691341,0.9790918455205186,0.28994458161731745,0.7702252458785188,0.4533333332222222,0.13697826286753084,1.6504814235855894
489,modular,38,193,5.069963934825756,False,63,False,0.003695791936479509,4.1588830833596715,0.22905617843838433,1.5094991363430725,0.17670081800443357,0.15927545284192401,0.2894736842105263,0.0,0.0,3.3214214027383067,0.5463419983589455,0.7135195995080149,0.539834979492143,0.43660694359907126,0.5541836526060723,0.5505611197382574,2.9840865063994535,0.1031457642504487,0.26829788535255544,0.12669330998265538,0.3989605126639875,0.4537735849820707,0.47109716339225327,0.5133691220946393,0.5337948448010089,0.5061925168194281,0.190398116117359,0.26334919731134,0.10526315789473684,0.05263157894736842,0.33333333327777775,0.679764753059591,0.8810038262470781,0.9000876262522592,0.8138425819284822,0.8239532749571803,0.26829788535255544,0.7753812534689126,0.2192982455862573,0.16361153869681708,1.4265889231045426
490,modular,25,84,3.363272590997446,True,11,False,0.00024324993137270212,2.4849066497880004,0.2860447823674971,1.8849206347336387,0.2596577106804876,0.18457300275465144,0.28,0.0,0.0,3.4235633403495154,0.5388247956690395,0.6442931113157264,0.5362125836423544,0.4360537298220255,0.5329547723916156,0.5329547723916156,3.1404994286917507,0.061769276018347564,0.2914995674303573,0.119626825907517,0.3715141804638669,0.46888357374146716,0.5162876923078604,0.5459285360164651,0.5539901551992766,0.537195115235086,0.2160179384946739,0.23004251484501892,0.12,0.12,0.6666666664444444,0.6595054520807679,0.8872514742097003,0.7866278610665535,0.7721081702064709,1.0345224824904287,0.2914995674303573,0.8432564449397615,0.4533333332222222,0.16330165422293796,1.751390999815279
491,modular,31,110,3.556887044477367,True,11,False,0.0003369170008227229,2.4849066497880004,0.336213452653996,1.7848484846808172,0.21393788250483203,0.16274089935748556,0.22580645161290322,0.0,0.0,3.3084531889320576,0.5473114346627562,0.6534754642416465,0.5371734068448215,0.43893893503622916,0.5394559295339493,0.5388843912099656,3.0912710837969484,0.18054053437906797,0.2600586845081067,0.11096533468078508,0.32884706009577125,0.4539708694956489,0.4590931855229378,0.49325781407699776,0.5077439535873151,0.4836003877367863,0.23318572925698092,0.23605561359754157,0.12903225806451613,0.06451612903225806,0.16666666663888888,0.6853571861769753,0.8949697728041636,0.8789456120040122,0.8138838801251999,0.8237503013147772,0.2600586845081067,0.7640185248756819,0.1478494623517025,0.15860309045092613,1.3305297621864174
492,modular,34,126,3.7156060197246745,True,60,False,0.002274499973282218,4.110873864173311,0.2949231218649388,1.529100528962991,0.2014892210610992,0.16666666666658797,0.2647058823529412,0.0,0.0,3.4750878614192144,0.5351107671449581,0.6742504883740198,0.5396446375217238,0.435464609522864,0.5396008290380566,0.5396008290380566,3.0845468983854554,0.3583683446856907,0.26980142242657024,0.1110280554612769,0.34245873795517556,0.4480911151258784,0.47215680757445366,0.49996088864145133,0.509011270281618,0.49529857082682,0.20875285404966118,0.2311298100191781,0.11764705882352941,0.11764705882352941,0.6666666665555555,0.6792754649877374,0.8949136413618191,0.7903383629814982,0.7832132750056116,0.9774009477033495,0.26980142242657024,0.7743254654075946,0.45098039210130714,0.15679767238814257,1.6519049523236145
493,modular,25,96,3.8402500747753856,True,15,False,0.0004172079497948289,2.772588722239781,0.2634316213436696,1.6493055554123868,0.20609575218154214,0.18636363636351536,0.28,0.0,0.0,3.6281238781337026,0.5243753331623451,0.6823618099297462,0.5384802995565526,0.4481371264765014,0.5432786403322902,0.5420750614311833,3.0617539777235554,0.5433094801721416,0.27577397141728804,0.11135242484411155,0.38577427372011996,0.4292803521618504,0.48103069229847445,0.5137249936400026,0.5203048979459467,0.5065967639752298,0.20985192500647012,0.22201043045044444,0.12,0.12,0.6666666664444444,0.6752054533374036,0.8946234058505819,0.7866278610665535,0.7803363549267186,0.9921209067841866,0.27577397141728804,0.7903561703700932,0.4533333332222222,0.14686352555317667,1.6663270005627802
494,modular,30,123,4.090612257378302,False,65,False,0.0024526669876649976,4.189654742026425,0.2367050051656623,1.4634146340273646,0.2294988616853476,0.1655969191269797,0.26666666666666666,0.0,0.0,3.254007550055921,0.5514193323343266,0.6775631128498723,0.5402830186648616,0.43863087194847394,0.5472389226993949,0.5454915957011376,3.030339392872005,0.9054259813117974,0.2813187911019498,0.10931145959115864,0.3592666328943114,0.44695811332152446,0.47028361401948104,0.5028664336955906,0.5144293865269834,0.4944932609556163,0.17228934918562638,0.21355639635494406,0.1,0.1,0.9999999996666666,0.6801408860608782,0.896451165699105,0.8187307530779818,0.7932721502493781,0.9263556969047712,0.2813187911019498,0.7647891681636829,0.5999999998333333,0.14613829176528575,1.792246250864252
495,modular,26,112,4.324371880571032,False,15,False,0.0005282079800963402,2.772588722239781,0.3453407072199507,1.779761904624185,0.23231672483096583,0.18888888888874897,0.2692307692307692,0.0,0.0,3.61449960717619,0.5253135736234393,0.6406079019698621,0.5372223366171933,0.43945783466693056,0.5288218306066168,0.5288218306066168,3.169758058005989,0.9857543170666113,0.2795797824130067,0.12988322238004743,0.37885711162137625,0.4707296017787264,0.47739776278582613,0.5344248233442294,0.5532633686951459,0.5155862779933127,0.2073215892410982,0.2593544762838609,0.11538461538461539,0.038461538461538464,0.0,0.6768657873925364,0.8781979788026077,0.925961078642316,0.8195256975386228,0.796118089914447,0.2795797824130067,0.7964405717682153,0.038461538461538464,0.16892964700326263,1.283411539646023
496,modular,32,145,4.54297697661531,False,15,False,0.0007949580904096365,2.772588722239781,0.2812406690014308,1.618390804478647,0.24192937478360266,0.16959385290879825,0.28125,0.0,0.0,3.6204980717049384,0.524900073769729,0.655549126445308,0.5387792678911258,0.4334757131675182,0.5303332811564274,0.5303332811564274,3.1554478547989517,0.7578488179686038,0.27372405143948275,0.12189056158948729,0.3613719497114291,0.4742268437734392,0.4895491173964892,0.49750812090279517,0.5001999065048998,0.4958583168240859,0.2234250395619418,0.25117938716195476,0.125,0.125,0.8333333331944445,0.6713440921960677,0.8852452430339446,0.7788007830714049,0.7735321774773941,1.0271520347751184,0.27372405143948275,0.7941594377383723,0.5416666665972223,0.16839897175896545,1.7779491275340429
497,modular,37,175,4.735850768215587,False,49,False,0.0031608750578016043,3.912023005428146,0.3264097281678026,1.5504761903669189,0.24889315328068398,0.15147928994076865,0.2702702702702703,0.0,0.0,3.745611064423989,0.5164214891155866,0.6376052992006775,0.53943721921693,0.4373946492358363,0.5241753129308646,0.5241753129308646,3.2009451957770048,0.4565527256152245,0.2672710416531766,0.12667507501862987,0.38089063182756955,0.47641105681571816,0.48194294599669696,0.518456977021634,0.5354439900080551,0.5118509164158034,0.20046563333520914,0.2586532653433187,0.10810810810810811,0.10810810810810811,0.8333333331944445,0.6747898107018141,0.8810198914666298,0.8055611076677214,0.7823796999551327,0.9816604207164705,0.2672710416531766,0.7912878428413163,0.5247747747053304,0.16774288946237048,1.7510765486621938
498,modular,34,167,4.915147614216774,False,35,False,0.0017831249861046672,3.58351893845611,0.2524851480707876,1.5608782434070463,0.23312844087973572,0.17368873602744037,0.29411764705882354,0.0,0.0,3.7117606677315553,0.5186882960122536,0.6700478019393226,0.5393363407667701,0.4323231794338414,0.5316268644862561,0.5316268644862561,3.144669557449104,0.22622769565958709,0.276075547611466,0.11716156621026301,0.3520562008351987,0.466176852873251,0.4934210914095761,0.5153133534928868,0.5190046578405269,0.5134117724653147,0.21287215847866986,0.2396453024676355,0.11764705882352941,0.11764705882352941,0.49999999991666666,0.6696035068422282,0.8894414778651265,0.7903383629814982,0.7778861760230114,1.0047002701092371,0.276075547611466,0.8042958077756869,0.36764705878186277,0.16487153877316624,1.612889952942182
499,modular,27,137,5.0832733379794055,False,23,False,0.0010072920704260468,3.1780538303479458,0.22211859932413733,1.445255474357611,0.1977375193170402,0.19557021677653366,0.2962962962962963,0.0,0.0,3.883245228395963,0.5074052479798217,0.7024209590032373,0.5404597685666707,0.44503327856128716,0.5413128059102325,0.5410994204326827,3.070761217785048,0.0956671637497916,0.2919321398105117,0.12022164629554524,0.41279308141970694,0.4661945625705432,0.48994501277582847,0.5269962843018361,0.537692454277349,0.517122896632132,0.1914157908222206,0.22545821904009533,0.1111111111111111,0.1111111111111111,0.6666666664444444,0.6711657084156141,0.886723875872212,0.8007374029168081,0.781093023631504,0.9882441063423527,0.2919321398105117,0.8012971026323017,0.4444444443333333,0.14844050376825305,1.6861141905443997
500,modular,38,127,3.353377109839654,True,16,False,0.0004692919319495559,2.833213344056216,0.29612301840089866,1.6955380575736732,0.265324927016564,0.144414168937251,0.2631578947368421,0.0,0.0,3.5373850249243715,0.5306880286429491,0.6381561192964453,0.5380338159317092,0.42814669054263493,0.5253550848484446,0.5253550848484446,3.1945574280398183,0.05806806502266438,0.2586498393468648,0.11436193282053361,0.32796198622900297,0.4503344012128934,0.45684796339314593,0.47768715743766943,0.4849074993727144,0.4751502805415725,0.18884863433968543,0.24854978414996132,0.10526315789473684,0.07894736842105263,0.33333333327777775,0.6864134248236166,0.8919350768775713,0.8539396656235352,0.8055924731480151,0.8647091181467224,0.2586498393468648,0.742903700696902,0.2456140350599415,0.16423248965455517,1.4114000647582636
501,modular,27,96,3.5546948856188303,True,13,False,0.0003153750440105796,2.6390573296152584,0.3413743668049532,1.7812499998330078,0.20249835715229592,0.1975103734438195,0.25925925925925924,0.0,0.0,3.6891229067264093,0.5202153806776607,0.6582071083378133,0.5372080211339251,0.4307813865171806,0.5283652280498596,0.5283652280498596,3.173239932003219,0.1786207088758737,0.28477995706832654,0.12343287224417558,0.36659474702265793,0.4931908670874248,0.5040854263564164,0.5144503718575323,0.5173880399979287,0.511738678189474,0.19805896542979784,0.24457993779101583,0.1111111111111111,0.07407407407407407,0.3333333332222222,0.6648558535817064,0.8838809721987588,0.8623033568332588,0.7972486381732231,0.9063547199452773,0.28477995706832654,0.810825353642632,0.24074074068518517,0.16864590660348625,1.5049919579996298
502,modular,29,110,3.79025200280434,True,21,False,0.0005919999675825238,3.091042453358316,0.2734670102227191,1.5818181816791737,0.26827262772877886,0.17892824704797555,0.3103448275862069,0.0,0.0,3.068740156861776,0.5658716986671402,0.6435608277378504,0.5391333809561066,0.4194005157977118,0.5345383210315701,0.5345383210315701,3.1231996931688353,0.4657672720371323,0.3018082489115522,0.1057656192077441,0.3964023487175804,0.4340164894728567,0.46587208810579317,0.5061390934407195,0.515941271553225,0.49843738206660804,0.164543244394067,0.1978488895029369,0.10344827586206896,0.06896551724137931,0.3333333332222222,0.6821877625708834,0.8996354806441016,0.8711587695892689,0.811625974877863,0.8348626630865403,0.3018082489115522,0.7600774459246696,0.2356321838524904,0.1307355878471553,1.4282534665358675
503,modular,28,111,3.971733015465961,True,15,False,0.0004285000031813979,2.772588722239781,0.25557302246342434,1.429429429309237,0.2545064703970538,0.16042402826843785,0.2857142857142857,0.0,0.0,3.895138768727037,0.5066408732224139,0.6567979799854303,0.5406139037291897,0.44188900657302677,0.527815017942939,0.527815017942939,3.171087522760907,0.7499603407778129,0.27710444200924017,0.11827096951603173,0.3734273692085085,0.46318463366309454,0.4713127819473221,0.47681468170737945,0.477724121458187,0.4760399737715063,0.1827239566816472,0.24164505044555162,0.10714285714285714,0.03571428571428571,0.0,0.6796651346129632,0.8884552756984165,0.9310627797040227,0.8253468714941151,0.7678061179815527,0.27710444200924017,0.7554011119714237,0.03571428571428571,0.15737478648592007,1.2255946261808697
504,modular,27,112,4.140070363201171,True,10,False,0.000333458068780601,2.3978952727983707,0.2743266338304062,1.7678571427150829,0.3077786894525345,0.1975574712642259,0.25925925925925924,0.0,0.0,3.62352749292342,0.5246914900894659,0.6227203485933713,0.5373368879579093,0.43588687999420916,0.52222415798778,0.52222415798778,3.219763467085307,0.9514167976577533,0.28999430345968663,0.11982484887817033,0.3312107068220793,0.49773445857693027,0.5314369835783193,0.5459030248183876,0.5501392943667784,0.5419926221583345,0.20559807515890904,0.22122607089312485,0.1111111111111111,0.07407407407407407,0.3333333332222222,0.6529814877941786,0.8870757954318516,0.8623033568332588,0.793427456372693,0.9255726570636316,0.28999430345968663,0.8557880147772403,0.24074074068518517,0.1713955621590183,1.5579186210811304
505,modular,28,121,4.338071603824392,True,10,False,0.0002793750027194619,2.3978952727983707,0.2659936182063648,1.6969696968388013,0.24308715325565652,0.16513761467878255,0.25,0.0,0.0,3.2977855878099214,0.5481114718801169,0.6598445284183492,0.538020001903439,0.44514183613191355,0.5440051045690109,0.5425026157655252,3.057811850169307,0.9791159779736096,0.27394038563254414,0.11565032092591976,0.3483316610952442,0.45723900082971247,0.47455826479823615,0.4907914291536147,0.4966929943740306,0.48576416989177884,0.18846280091942924,0.23634495189215987,0.10714285714285714,0.10714285714285714,0.9999999996666666,0.6781692008194942,0.8907866582970244,0.8071177470053893,0.7870751864979816,0.9577259931028799,0.27394038563254414,0.7670696796049008,0.6071428569761904,0.16000869831951825,1.8081616205331534
506,modular,37,168,4.546993000669268,False,57,False,0.003053916967473924,4.060443010546419,0.2689791315920393,1.6150793649607977,0.23512281304430535,0.16082711085573762,0.2702702702702703,0.0,0.0,3.322909424005988,0.5462309812118098,0.6633965613839052,0.5388113116277068,0.422254784357817,0.5348615452135829,0.5348615452135829,3.1213792694115736,0.7518658908333032,0.2720624247659792,0.10863640638793459,0.3669601077113391,0.4299191302683109,0.44741867430625437,0.5010021628730418,0.5227439248543916,0.49254703321362797,0.184756745501264,0.22466533570173186,0.10810810810810811,0.10810810810810811,0.49999999991666666,0.6908851030813863,0.8970565222309888,0.8055611076677214,0.7933071630250197,0.9261791521856035,0.2720624247659792,0.7441089421180912,0.35810810806644144,0.1436109636891598,1.5178904386396717
507,modular,26,125,4.819054133505894,False,37,False,0.0013479579938575625,3.6375861597263857,0.22107615579227305,1.3866666665705245,0.22824152606052622,0.1822033898303982,0.2692307692307692,0.0,0.0,3.438001690477157,0.537778850618061,0.6837508187100508,0.5410308246814121,0.4502978756986827,0.5491198696085855,0.547086340230667,3.015743219859012,0.33884669747123736,0.28265582664827693,0.09670869536619311,0.3321940634651768,0.4306541080423714,0.4692347814288985,0.49428060944441027,0.5011479920095195,0.487413226879301,0.1946822927316855,0.1889552086778279,0.11538461538461539,0.07692307692307693,0.3333333332222222,0.680626413586162,0.9078204199139085,0.8574039191604412,0.8091544064925533,0.8470620718472519,0.28265582664827693,0.765045659334025,0.24358974353418802,0.13706137954477102,1.428352609061261
508,modular,32,156,4.8904977359230255,False,35,False,0.001793166040442884,3.58351893845611,0.2028001797759568,1.2991452990564687,0.17842491050565928,0.17482837528596118,0.3125,0.0,0.0,3.517513313877195,0.5320908434729436,0.7225159353717928,0.5418861333766773,0.4333711655401915,0.5502555215364261,0.5481511332631932,3.0060211879148606,0.2524656953242429,0.27977615519039,0.1105506296016095,0.395035087823147,0.43624342777587033,0.44452801259740166,0.4632874675765319,0.47123238319487193,0.45841800316529113,0.20088662243111596,0.22567795142379787,0.125,0.125,0.6666666665555555,0.6922676412497553,0.8953409982838798,0.7788007830714049,0.7844458341059223,0.9711110121177982,0.27977615519039,0.7263934019934466,0.45833333327777775,0.13863365127390445,1.6031365417355188
509,modular,38,192,5.053197865513934,False,43,False,0.002455167006701231,3.784189633918261,0.24522838308117698,1.3854166665752676,0.20160692419335666,0.15222984562600678,0.2631578947368421,0.0,0.0,3.6099481748697935,0.5256277583084119,0.6915580115657257,0.5410430213877012,0.43341982355738917,0.5400971596620789,0.5400971596620789,3.078281393201406,0.1132064950912299,0.2618676054985178,0.10692309564906469,0.3290315449557405,0.43077376601934503,0.46330027797029893,0.4874436195878611,0.4994806325745863,0.48321439880874134,0.1880539682387612,0.22630910720068043,0.10526315789473684,0.05263157894736842,0.33333333327777775,0.6833867354874494,0.8985947761811195,0.9000876262522592,0.8206760168751545,0.7905074652560455,0.2618676054985178,0.7540355798239198,0.2192982455862573,0.15417732716522892,1.3893787580739239
510,modular,28,95,3.4039646797357315,True,12,False,0.0003293749177828431,2.5649493574615367,0.26264277065769603,1.7684210524578392,0.25690480151914624,0.17063081695949261,0.25,0.0,0.0,3.3217902196261675,0.5463144777458852,0.6531856465045998,0.5373314607398888,0.431021555645776,0.5357877470839976,0.5357877470839976,3.1172088824923434,0.07907299250824283,0.28022467093063474,0.11546530085821238,0.36930859369827995,0.4565891071731985,0.4807074459091222,0.4961306352524046,0.497605610775551,0.4948741746215761,0.18470113619143458,0.22970740933475198,0.10714285714285714,0.07142857142857142,0.3333333332222222,0.6753528543148655,0.8909514869526897,0.8668778997501816,0.8049722503611105,0.8677898900364048,0.28022467093063474,0.7749480475831831,0.23809523803968252,0.15463674909552722,1.4479047056490277
511,modular,33,117,3.5590954774516295,True,15,False,0.0004860410699620843,2.772588722239781,0.2480105662766299,1.5982905981403317,0.23384143087549425,0.16524390243892365,0.2727272727272727,0.0,0.0,3.112266209391796,0.5624086447605087,0.6711401356499811,0.5389738297984367,0.4304394153537868,0.5456645548836953,0.5439841269714789,3.0441760452807736,0.18248933649301452,0.2680745567552841,0.11147787029282928,0.3503142603538272,0.4319523751031585,0.44918480478062167,0.5136558002708047,0.540875388441147,0.49834478192498727,0.21188334092843986,0.2336214705651518,0.12121212121212122,0.06060606060606061,0.16666666663888888,0.6900431171381075,0.894511186454855,0.8858460329277068,0.8177240099870978,0.8049215767373303,0.2680745567552841,0.7589835401481341,0.14393939392550503,0.15170666521493523,1.3227041560438584
512,modular,31,115,3.7199028235711467,False,27,False,0.0011021250393241644,3.332204510175204,0.3008354955168321,1.7072463766581896,0.23109229006810428,0.18026045236450977,0.25806451612903225,0.0,0.0,3.2446483946522067,0.5521316953011393,0.6552879845443331,0.5379208620253495,0.4279734677120119,0.5369871703534583,0.5369871703534583,3.1071681212242908,0.364197591179653,0.28752802831473134,0.10625784729364028,0.34483726645732704,0.43674717447551814,0.4820890888813487,0.5061352071404857,0.5156949218373118,0.4997620640092682,0.21502759508174618,0.20580434258150881,0.12903225806451613,0.0967741935483871,0.33333333327777775,0.6747232723741189,0.8991927637612406,0.8240299628128845,0.7936709763088936,0.9243451594823723,0.28752802831473134,0.7889135912220281,0.26344086018727597,0.14729791567047054,1.487180395394506
513,modular,33,130,3.950808942173862,False,77,False,0.003251124988310039,4.356708826689592,0.27116521159556367,1.6076923075562721,0.2614323355545579,0.15873015873008,0.2727272727272727,0.0,0.0,3.5739992829483684,0.5281225744244987,0.6479890539702245,0.5388828075465452,0.438889124564452,0.5315601397355777,0.5315601397355777,3.1460128945258607,0.7181894765294214,0.2789977818397285,0.115429402452619,0.3640561618811768,0.45611202982083215,0.47704439171079377,0.4852456039957892,0.48722492195115763,0.48413223764589447,0.2064496380688105,0.23571027669025946,0.12121212121212122,0.06060606060606061,0.33333333327777775,0.6770277221267162,0.8909834712646217,0.8858460329277068,0.8114805496595613,0.835579437818709,0.2789977818397285,0.771279603225891,0.22727272724494949,0.15703947391119275,1.4345895862217617
514,modular,26,108,4.145477285412487,False,43,False,0.0014295830624178052,3.784189633918261,0.25496143736303867,1.5246913579023396,0.1996131953917866,0.20172290021521772,0.3076923076923077,0.0,0.0,3.309702744798933,0.5472178746045613,0.6893137329635605,0.5396874416711701,0.4298298136832959,0.5452862925156432,0.5438811578441812,3.0451225698901796,0.9556021482200364,0.2962269420196591,0.11409579387234133,0.37274823046156846,0.4695701526262795,0.49216761623519045,0.5046009082474558,0.5068240948526126,0.5023777216422992,0.19211256548640102,0.2199691980430547,0.11538461538461539,0.11538461538461539,0.6666666664444444,0.6701659981892968,0.8921724871314437,0.7939226578179512,0.7800751993846512,0.9934598127578451,0.2962269420196591,0.7924962117305187,0.44871794860683756,0.15221620371234712,1.6896573060693625
515,modular,35,151,4.324953636873735,False,165,False,0.006218708003871143,5.111987788356544,0.23720157835983716,1.6225165561660306,0.20119847471163085,0.15175537938836253,0.2857142857142857,0.0,0.0,3.3360640624271194,0.5452515089783184,0.6947053444642545,0.5387393496493066,0.4293204890339671,0.5458329016923382,0.544050805078585,3.04356321469477,0.985497549448519,0.2642107921393283,0.1125946233983477,0.35551776609325536,0.4386118578916149,0.4596727136426036,0.508278029130413,0.5136333404855915,0.5057578826103291,0.20493522508339387,0.2319946556424819,0.11428571428571428,0.05714285714285714,0.33333333327777775,0.68508508150742,0.8935127958911027,0.8920030614530944,0.8173421148767639,0.8067901011256619,0.2642107921393283,0.7650455344786585,0.223809523781746,0.15269669951399475,1.4057625499137274
516,modular,37,168,4.532917645293781,False,11,False,0.0006214160239323974,2.4849066497880004,0.2913357911369877,1.6884920633681069,0.17548497998936965,0.16491661519446268,0.2702702702702703,0.0,0.0,3.661731667749736,0.5220751878895815,0.6912606527687001,0.5381018137619978,0.4190036023648134,0.5327591072057367,0.5327591072057367,3.1384511360957705,0.7726657503895713,0.26604095953232615,0.11289845293595084,0.336675566823871,0.42354537852603497,0.45033502398478037,0.5046670669907204,0.5078427705456549,0.5034320711638014,0.19016603160499784,0.24016842919910708,0.10810810810810811,0.08108108108108109,0.33333333327777775,0.6894958636884535,0.893241361548458,0.8503033063369505,0.8060428302477628,0.8624735895020075,0.26604095953232615,0.75021006538139,0.24774774771996996,0.15759514547304723,1.4215939181067334
517,modular,36,170,4.730552690543064,False,77,False,0.0035776670556515455,4.356708826689592,0.27715809384842993,1.5529411763609688,0.18996244289407246,0.15230166503420553,0.25,0.0,0.0,3.455677921915317,0.53650386214275,0.6873703788028219,0.5394133105276439,0.4357588539319825,0.5436715766930269,0.5426038689871188,3.0568787323076165,0.46454856268244216,0.2542904345383101,0.12027897776375086,0.34868783769607725,0.4603033992105505,0.4699919527750643,0.48862923219237114,0.4902581547032062,0.4879311225448704,0.207818915445728,0.2644916457042372,0.1111111111111111,0.1111111111111111,0.6666666665555555,0.6802758328793507,0.8866730401477726,0.8007374029168081,0.7845962363249596,0.9703441634907491,0.2542904345383101,0.7662612977326819,0.44444444438888886,0.17095843900596833,1.6359546156658493
518,modular,31,152,4.912482096989553,False,35,False,0.0018381669651716948,3.58351893845611,0.22724631899646153,1.3596491227145853,0.1879101246385139,0.17777777777766804,0.2903225806451613,0.0,0.0,3.5425542751712022,0.5303243243694401,0.7068547016313668,0.5412945672843263,0.4285324364900716,0.543607115604435,0.5430280539383998,3.0529714690330243,0.22897456643615152,0.28483163327544,0.12060492492625796,0.3762982262914545,0.4650143581398284,0.48589126540159583,0.5208475750413555,0.5329595267098176,0.512772940595714,0.22308101385827017,0.237542768519444,0.12903225806451613,0.0967741935483871,0.33333333327777775,0.6729967550685664,0.8863840786819082,0.8240299628128845,0.7892101101210752,0.9468907721907471,0.28483163327544,0.8020853063868411,0.26344086018727597,0.15933079302064973,1.5096885928702068
519,modular,34,174,5.106835619953784,False,59,False,0.0032904170220717788,4.0943445622221,0.20037251899067124,1.3678160918649314,0.20933318789297306,0.16753926701563934,0.29411764705882354,0.0,0.0,3.3984814519792983,0.5406514871953743,0.7030309255899708,0.5412148150231941,0.43704614984918383,0.5497176864879232,0.547579526181404,3.011237863467726,0.08348076080618565,0.27650593399215223,0.11372386433751816,0.38823812578991607,0.445305521233203,0.44889300237840823,0.48005979565695606,0.4937203858136118,0.4730225219398909,0.19558287148834663,0.23079685538774197,0.11764705882352941,0.058823529411764705,0.16666666663888888,0.6901820896080424,0.8925043741450299,0.8890097654027757,0.8181385497811247,0.8028943169290734,0.27650593399215223,0.737818618078973,0.14215686273120914,0.1440856136552913,1.3005670284576256
520,modular,38,129,3.386091539050427,True,25,False,0.0009374169167131186,3.258096538021482,0.3192548026818015,1.6692506458309262,0.2909500372001085,0.1676012461058146,0.2631578947368421,0.0,0.0,3.2435139556802257,0.5522181671042791,0.6181707010827566,0.5382875919120935,0.41563877100734176,0.5215689388436541,0.5215689388436541,3.223017574201484,0.07104470324742275,0.281900835452414,0.10631099156690935,0.3474766223631016,0.4176348459294963,0.46938291296547363,0.5223027816242486,0.5493572237437173,0.512797166825516,0.18078024443683924,0.2128900324651053,0.10526315789473684,0.07894736842105263,0.33333333327777775,0.6805577982268922,0.8991449780850604,0.8539396656235352,0.8054538126464457,0.8653976669606334,0.281900835452414,0.7757293648868078,0.2456140350599415,0.14673271568837046,1.4499769510875335
521,modular,28,99,3.5331341346402954,True,13,False,0.0004264590097591281,2.6390573296152584,0.2408054820774826,1.5084175082753006,0.17463815944162547,0.1999999999997561,0.2857142857142857,0.0,0.0,3.0095467745312465,0.5706503043155018,0.7104120813684411,0.5398454866967797,0.40990226960003123,0.5497774276004408,0.5472774418487286,3.013996984925717,0.16050802949715967,0.298944696845816,0.13273661996421568,0.4135122583394367,0.47124288113502505,0.5061769559137677,0.5578406864815986,0.5735614038437409,0.5444489642842181,0.1885279729892001,0.2530960318074045,0.10714285714285714,0.07142857142857142,0.3333333332222222,0.6639326116852716,0.8756957025038126,0.8668778997501816,0.7958142600851443,0.9135578428126095,0.298944696845816,0.8322292924018669,0.23809523803968252,0.16684802963135478,1.5361172569187203
522,modular,33,124,3.7561345199419343,True,73,False,0.0022053340217098594,4.30406509320417,0.25211557175598664,1.5967741934067377,0.24440136015233685,0.17613956105786374,0.2727272727272727,0.0,0.0,3.2573530827557025,0.5511651361574863,0.6636543629556827,0.5389885136864969,0.4284241324430521,0.5391370849418299,0.5390999382890552,3.0892715456086055,0.41516164283716644,0.28405332964865915,0.11128613652393775,0.33308719188184766,0.46815062320044115,0.4787369070077125,0.502539835265626,0.510061504743101,0.4983088961845462,0.20686887442809215,0.22073826936886531,0.12121212121212122,0.09090909090909091,0.33333333327777775,0.6762528176993586,0.8946827108989381,0.8337529180751806,0.796046614831511,0.9123901289730783,0.28405332964865915,0.7817240432475485,0.2575757575479798,0.15646709874004783,1.4798202291842353
523,modular,27,105,3.8983350492233053,True,15,False,0.0003718339139595628,2.772588722239781,0.27602622371328234,1.6285714284318369,0.23094982771311554,0.18388564002587143,0.25925925925925924,0.0,0.0,3.402632295795922,0.5403483301840707,0.6634579875385141,0.5386807771296759,0.4446557056988908,0.5422135544936308,0.5413281940035898,3.068647694736578,0.6357728662501752,0.2738317065616217,0.11721365608611883,0.3685738896824565,0.44565919121941033,0.46600127095207344,0.528297832944113,0.5480152447897867,0.5100971450865683,0.19906532730555213,0.2379114967059408,0.1111111111111111,0.07407407407407407,0.3333333332222222,0.6821276487370057,0.8893951481756278,0.8623033568332588,0.8057620863968136,0.8638670278764297,0.2738317065616217,0.779916519250518,0.24074074068518517,0.15550064533975613,1.449989611837081
524,modular,34,140,4.1136564365613095,False,49,False,0.001831916975788772,3.912023005428146,0.3734985057055278,1.9428571426998638,0.2440076778786795,0.19029275808922166,0.23529411764705882,0.0,0.0,3.416625179569809,0.5393288595759957,0.6260431990551824,0.5356578869631087,0.41582005977989533,0.5197419835415411,0.5197419835415411,3.241950686814507,0.9285262351161373,0.28508806582116847,0.11631535125166943,0.3782501812447859,0.4712070443195549,0.48225583761286556,0.494779513014222,0.4981417426475976,0.4930474553243013,0.20006195548827316,0.23290274514096665,0.11764705882352941,0.08823529411764706,0.49999999991666666,0.674647368304836,0.8901944550938541,0.8382234324229999,0.7955005865973211,0.9151347701846124,0.28508806582116847,0.7796610829920448,0.3382352940759804,0.15465900013620548,1.5576434430253991
525,modular,24,104,4.3472356145181275,True,10,False,0.00026987504679709673,2.3978952727983707,0.28867513457260713,1.4615384614260354,0.2148483428580387,0.19729043183725886,0.25,0.0,0.0,3.4946302398592586,0.5337154565313306,0.6685344643173716,0.540301274800116,0.4434331562206558,0.5408629692517933,0.5407224909186961,3.0742454283275835,0.9739935504338916,0.29242975096641627,0.11919367130859174,0.3720180827942491,0.47530270685745896,0.5064906065343786,0.5419250945415639,0.5509545287157562,0.531325323989251,0.2193751011631246,0.21916566249006642,0.125,0.125,0.9999999996666666,0.6637943812344506,0.8876358745125268,0.7788007830714049,0.771314683773805,1.038635348901809,0.29242975096641627,0.8322969290959417,0.6249999998333333,0.15723963870841542,1.9069663186041066
526,modular,32,144,4.515605616723309,False,47,False,0.0022980000358074903,3.871201010907891,0.2505138751382709,1.407407407303155,0.20464231732106158,0.16992840095457282,0.28125,0.0,0.0,3.4461463687518386,0.5371906220895978,0.6877955540210818,0.5408285299319681,0.43809425626617265,0.5449857105757304,0.5439434291913894,3.0445501306673965,0.7975373889909133,0.2808564508256142,0.11294435603399317,0.38285608220611655,0.4337154751480573,0.47507586166934324,0.5047254023849245,0.5155436794069373,0.49809484550046496,0.21167551463331866,0.22805725858808512,0.125,0.09375,0.33333333327777775,0.6779312345795558,0.8932003599437209,0.8290291181804004,0.7947577518783628,0.9188716964654761,0.2808564508256142,0.7803574415201351,0.26041666663888885,0.14908895661377206,1.47071951559841
527,modular,24,114,4.730155496750554,True,8,False,0.0002982090227305889,2.1972245773362196,0.29022585246331883,1.4736842104228993,0.16938199040166654,0.20059880239500938,0.2916666666666667,0.0,0.0,3.6308585299808134,0.5241874140746333,0.695475111092813,0.5401831121991592,0.4303803503575287,0.5393535465762356,0.5393535465762356,3.0853830609982498,0.46514997494521987,0.2979564793818728,0.120761163202209,0.4191655023691577,0.47569517590495897,0.49376009289876444,0.5099977366122407,0.5141377366120023,0.5051377366125205,0.20844238933634565,0.22855001876673176,0.125,0.125,0.6666666664444444,0.6694515436273423,0.8862456023795555,0.7788007830714049,0.7730956091492065,1.0294102036395274,0.2979564793818728,0.8008695585389712,0.4583333332222222,0.14925394811527148,1.7064133192583377
528,modular,36,178,4.944142156656161,False,29,False,0.0016459999606013298,3.4011973816621555,0.2826909129114843,1.5505617976482766,0.1973385444035372,0.15268709191353455,0.2777777777777778,0.0,0.0,3.820093028120444,0.5115028664769475,0.6809399430513259,0.5394363888489424,0.4310767644770771,0.5315006893699448,0.5315006893699448,3.145433536053772,0.19776547033563993,0.2671603017128517,0.11565894928452013,0.3800102970237331,0.4473805299117999,0.46755145336174186,0.49703755553431217,0.5088067863025235,0.4919935994907931,0.1974638982633692,0.23936631974806022,0.1111111111111111,0.08333333333333333,0.33333333327777775,0.6814071136717457,0.890778972303459,0.8464817248906141,0.8009364687398594,0.8878945949434762,0.2671603017128517,0.7654362056947404,0.24999999997222222,0.15333297035745688,1.435929477737271
529,modular,31,158,5.103410640773163,False,35,False,0.0017931669717654586,3.58351893845611,0.292100778695183,1.4388185653067438,0.20284499529623565,0.16877431906606577,0.25806451612903225,0.0,0.0,3.7000711756174254,0.5194757176616958,0.6744115741569241,0.5405224491782178,0.44479998370254203,0.5381272811424723,0.5381272811424723,3.0938597583153493,0.08517103500972328,0.27409816503720924,0.10855436449097587,0.33508726691999485,0.44781977834109143,0.46693969115751227,0.49995920851158665,0.5075189642995208,0.49491937131963054,0.22233830038378408,0.22067711267740364,0.12903225806451613,0.12903225806451613,0.6666666665555555,0.6816912828985723,0.8971301214688211,0.7725453888611077,0.7788534139705027,0.9997296863249976,0.27409816503720924,0.7725038705092516,0.4623655913422939,0.1524569383055339,1.6614245651942887
530,modular,36,120,3.3210760984314365,True,18,False,0.0004978330107405782,2.9444389791664403,0.2934469476649721,1.69999999983,0.24404722906871612,0.14716981132066215,0.2777777777777778,0.0,0.0,3.1486139438548073,0.5595490302618086,0.6504713995179982,0.5379907645510722,0.42601574629487166,0.5372346327944916,0.5372346327944916,3.105195265126935,0.04723804261278648,0.2596671805738138,0.11621052580863377,0.35016808416332734,0.43138952171670103,0.47415311383734227,0.5023204958992172,0.5095791646694505,0.4992096378548315,0.20395999295565995,0.2486552334557801,0.1111111111111111,0.1111111111111111,0.49999999991666666,0.6783555864132169,0.8902877750130627,0.8007374029168081,0.784921051490975,0.9686885453055215,0.2596671805738138,0.776303360025866,0.36111111106944443,0.16412107425821124,1.5612027259273356
531,modular,28,96,3.4254558522887284,False,49,False,0.0014701250474900007,3.912023005428146,0.321250930697111,1.847222222042631,0.23363590249813918,0.17574021012399643,0.25,0.0,0.0,3.399089960971994,0.5406070234446148,0.647389617385127,0.5365741337910479,0.43082762456243273,0.5322516119101232,0.5322516119101232,3.14510632350755,0.0896736131929625,0.28160654579304084,0.1121713675237277,0.37000449419782305,0.4260923807743983,0.4531459334513521,0.5200309107481249,0.540880578676037,0.5022700825132367,0.18239236424978425,0.22395671637986103,0.10714285714285714,0.07142857142857142,0.3333333332222222,0.6881621294737481,0.8938910604767186,0.8668778997501816,0.8109195389271715,0.8383457628903183,0.28160654579304084,0.7587594798878606,0.23809523803968252,0.14549025396933463,1.4239515176899187
532,modular,35,130,3.72839309469418,True,15,False,0.0005757500184699893,2.772588722239781,0.2756857447078869,1.4358974357685734,0.21328116325834326,0.15820895522376252,0.2571428571428571,0.0,0.0,3.23954069337092,0.5525212398712956,0.6738409067031582,0.5405508990223582,0.4215082184500178,0.5393915420367041,0.5393915420367041,3.0844206615802783,0.375854833430259,0.2811245774299593,0.10761700488738847,0.376316037242876,0.4355628744075346,0.45969867206862536,0.49863307289563347,0.5183775582278615,0.48934155038634997,0.1905941652424035,0.215540302168985,0.11428571428571428,0.05714285714285714,0.16666666663888888,0.6850728983556865,0.8979714492555856,0.8920030614530944,0.8186945265178736,0.8001769878816394,0.2811245774299593,0.756663749827043,0.1404761904623016,0.14054328492361945,1.3188078026429233
533,modular,38,147,3.856693181290754,True,31,False,0.0009597920579835773,3.4657359027997265,0.2962201222265291,1.809523809367887,0.22636093626311882,0.16686460807591041,0.2631578947368421,0.0,0.0,3.1850964871117275,0.5567079032515434,0.6594416877731082,0.5369361718308155,0.41730296598087985,0.5350796309630276,0.5350796309630276,3.12323484371003,0.5693757766811841,0.2742716781119018,0.12330242595008815,0.3588826374876944,0.4568562003833902,0.506124644720176,0.5463487091677289,0.5599074349670364,0.5415848325355397,0.19635751314656794,0.25324185014196066,0.10526315789473684,0.07894736842105263,0.49999999991666666,0.6639556716009987,0.883996278716487,0.8539396656235352,0.7943384217142039,0.9209827338173242,0.2742716781119018,0.8283883775906824,0.328947368379386,0.17356914067372223,1.6051765647556924
534,modular,29,120,4.138105519485035,True,14,False,0.0004408330423757434,2.70805020110221,0.2612588234462319,1.5305555554322607,0.2327089031756151,0.17277913610417867,0.27586206896551724,0.0,0.0,3.3525071557153563,0.5440321124870532,0.6673492796867764,0.5396305136422106,0.43064657620870694,0.5387239004644913,0.5387239004644913,3.091078931651123,0.9498527714068131,0.2752318643795902,0.11668112081092559,0.34198344816053505,0.44880660351573837,0.464595546430938,0.5169587883652773,0.5362833871495161,0.5017751750348041,0.18343640537954592,0.24052476572948311,0.10344827586206896,0.06896551724137931,0.3333333332222222,0.6827823575163072,0.8898689086014901,0.8711587695892689,0.8089131190487909,0.8482550378605289,0.2752318643795902,0.768934041958463,0.2356321838524904,0.16121259202431618,1.4410106822148598
535,modular,29,127,4.379987674155806,True,35,False,0.0011325000086799264,3.58351893845611,0.2379638205938167,1.446194225611707,0.16875217470546772,0.17164179104464802,0.27586206896551724,0.0,0.0,3.396866167985857,0.540769551477391,0.7153839858009796,0.5404506285145424,0.4335631984505692,0.5514861608398229,0.5487063302057326,3.000959482024406,0.9513709272745798,0.27385255859668406,0.11323934838918571,0.3599571804251769,0.4441285699272214,0.4674513598148764,0.4826866087113571,0.48530691787067193,0.48062779437189546,0.1782939001982883,0.23022971253073354,0.10344827586206896,0.034482758620689655,0.0,0.6814535918424943,0.8929369115254274,0.9333588643117228,0.8281364603773731,0.754309318961901,0.27385255859668406,0.753368139220127,0.034482758620689655,0.1530369420388302,1.214740398476331
536,modular,25,114,4.552841031939536,False,45,False,0.001571625005453825,3.828641396489095,0.23366214061458082,1.4619883039866968,0.17541638648921484,0.1956233421749366,0.28,0.0,0.0,3.5982554827028377,0.526436628658494,0.7126121406537906,0.5402968974855847,0.44393771728925197,0.5501829407271831,0.5476945995324457,3.010187228302059,0.7430896307279201,0.2860971271033677,0.12625025780821578,0.4168852495615454,0.4817409338983405,0.4993622430986583,0.5170250742553778,0.5214865341254324,0.5121918260628188,0.21106208380227764,0.23887236451458493,0.12,0.08,0.3333333332222222,0.6669502347433728,0.8813942433891818,0.8521437889662113,0.7941919989033958,0.9217201339172701,0.2860971271033677,0.8106403011769167,0.24666666661111109,0.15691334230122442,1.5003174371926198
537,modular,29,135,4.672095730128755,False,29,False,0.0014461249811574817,3.4011973816621555,0.21148259855635168,1.5037037035960312,0.23022290419016575,0.17791798107244294,0.27586206896551724,0.0,0.0,3.185309239587776,0.5566914194815479,0.685917290094375,0.5398912825461709,0.4364417523508309,0.5503059259655314,0.5476835803866583,3.0102878250358787,0.5554207189535316,0.28277902085530043,0.12513010563034502,0.3759894279846058,0.47090006341346285,0.4961806016617852,0.5248658381745984,0.5324685696404782,0.5188922634514072,0.18538444154295589,0.2473045091073276,0.10344827586206896,0.034482758620689655,0.0,0.6683685103852537,0.8823820922377054,0.9333588643117228,0.8195468287210175,0.7960149526436354,0.28277902085530043,0.8049596311348234,0.034482758620689655,0.16690336045665577,1.2891247710674691
538,modular,27,134,4.9448816963408735,False,41,False,0.0015974580310285091,3.7376696182833684,0.22635449085200754,1.477611940199265,0.13962744150105413,0.19372037914680468,0.2962962962962963,0.0,0.0,4.016647806147953,0.49896167284939313,0.7400382295262036,0.5401449114712689,0.4383591328068327,0.5449840607283033,0.5437702240860143,3.04614250842049,0.19707337687657497,0.27452536203380573,0.12780901727811153,0.3901487542836475,0.484008574233464,0.5094142304118304,0.5244947741858738,0.5291514506158964,0.5201963036350836,0.2085139613364061,0.2580190271103848,0.1111111111111111,0.037037037037037035,0.0,0.6625086605465212,0.8800214319849393,0.9286029058931803,0.8150262861264929,0.8181396484321946,0.27452536203380573,0.8237901078388687,0.037037037037037035,0.17167381248942146,1.307026319399133
539,modular,28,143,5.0960715061553135,False,15,False,0.0006845829775556922,2.772588722239781,0.31109057927389466,1.6969696968589392,0.1933643844466944,0.17518248175170859,0.2857142857142857,0.0,0.0,3.7771929773419926,0.5143243856303381,0.6735405365939854,0.5380200019032448,0.43815724350889906,0.53342940235139,0.53342940235139,3.1335737167475104,0.08888481146607503,0.28126567509151545,0.11751435621465432,0.39602641248532167,0.4496092594964577,0.4995589186366303,0.5260383767088312,0.5306038312540333,0.5221492857999555,0.19270103780919226,0.22993735663363246,0.10714285714285714,0.10714285714285714,0.6666666664444444,0.6668627604903851,0.8891277471460295,0.8071177470053893,0.7821904490986334,0.982628103023453,0.28126567509151545,0.8107533664433441,0.44047619036507935,0.15406603634862753,1.6865612682485664
540,modular,34,113,3.3103860456982983,True,34,False,0.0011442500399425626,3.5553480614894135,0.2275214182458965,1.4041297933694972,0.201390439604648,0.15564809994786274,0.2647058823529412,0.0,0.0,3.3961878240328884,0.5408191483459295,0.6981053110368579,0.5408604880643751,0.43739459014151716,0.5486332649629659,0.5466796607314015,3.019461378173525,0.0440486426155198,0.26271735654904604,0.12492929799346575,0.3611974593317008,0.4578684379795862,0.47263105055819565,0.5078662153911498,0.514103578027988,0.5046530285782331,0.21591487705125847,0.2627061266175059,0.11764705882352941,0.11764705882352941,0.6666666665555555,0.6790567125560428,0.8825592990921215,0.7903383629814982,0.7795087628108842,0.9963653907198529,0.26271735654904604,0.7805428775165851,0.45098039210130714,0.17045204665848562,1.6646926728254239
541,modular,36,129,3.5896162788285277,False,81,False,0.0032207079930230975,4.406719247264253,0.2688704681304093,1.4883720928848025,0.2614694718568203,0.14576103123443443,0.2777777777777778,0.0,0.0,3.1425116813490135,0.5600270854922167,0.6486921995938931,0.540040286915339,0.4340300030930677,0.5402430059837757,0.5401923190837621,3.079150272553411,0.21094795927256968,0.26583367542151276,0.1324807474981806,0.4040046834187679,0.4743177020626274,0.47799091676484917,0.48227263504553,0.48391249518489854,0.4815698378429435,0.20013874978898583,0.2798007718333213,0.1111111111111111,0.08333333333333333,0.33333333327777775,0.6765941445627313,0.8759197975913673,0.8464817248906141,0.794578338375936,0.9197747830018291,0.26583367542151276,0.7691619217348606,0.24999999997222222,0.17234385318505996,1.4573394503136554
542,modular,32,121,3.7734851063169565,True,15,False,0.00047437497414648533,2.772588722239781,0.30266694967420993,1.4986225893995704,0.25887859074526176,0.1594202898549836,0.28125,0.0,0.0,3.5085099949826226,0.5327288640053621,0.6395733257044285,0.5399406556063073,0.436505421234113,0.5298204748196486,0.5298204748196486,3.157164259306075,0.4406135656681133,0.2801026698660294,0.11450987640656721,0.3978553703368838,0.4440981452344963,0.45662988820977457,0.48840758239364224,0.49986018177199165,0.48138824729078283,0.2074301773628083,0.2295128538814235,0.125,0.0625,0.16666666663888888,0.6865161892490197,0.8918031305643349,0.8824969025845955,0.8144748064552335,0.8208471259392931,0.2801026698660294,0.7526912237472978,0.14583333331944442,0.14361384681603162,1.322241073748803
543,modular,31,123,3.95722411565486,False,59,False,0.0022312079090625048,4.0943445622221,0.2702156592621539,1.512195121824179,0.26638889781229635,0.19274193548371554,0.2903225806451613,0.0,0.0,3.167085220635963,0.5581069398314011,0.6455914159772518,0.5398087917974048,0.41490155018150665,0.5307297213136333,0.5307297213136333,3.1505498288395337,0.7280190212899585,0.3064724285279059,0.12789012962348556,0.4191037763178684,0.4838051385660487,0.5346724828260396,0.5415857789130036,0.5430836043692302,0.5405872286088527,0.22064119284786096,0.23672087641712114,0.12903225806451613,0.0967741935483871,0.49999999991666666,0.6516048285159443,0.8799500542774573,0.8240299628128845,0.7788642556484157,0.9996740065067622,0.3064724285279059,0.8606256704945067,0.34677419350672045,0.16351660637819515,1.6773888989073282
544,modular,29,121,4.178824329909726,False,47,False,0.002229499979875982,3.871201010907891,0.18001442701266593,1.438016528810737,0.20969825192250263,0.16936936936926764,0.27586206896551724,0.0,0.0,3.130785341013695,0.5609480314872821,0.7104197380691141,0.5405302601779691,0.44250282237559074,0.5607697320087144,0.5556399020787296,2.938174254322369,0.977441542869597,0.26421365496452187,0.1212152143991142,0.35240047593735957,0.42935897513970456,0.5088564439938775,0.5163215055554576,0.517735948762094,0.515210157321672,0.20014299775321007,0.2558284711558807,0.10344827586206896,0.06896551724137931,0.3333333332222222,0.6627535733969784,0.8858432928445178,0.8711587695892689,0.7997153474553615,0.8939977162136433,0.26421365496452187,0.8170529462099089,0.2356321838524904,0.17537800499546322,1.4922767900223843
545,modular,27,116,4.305072468661478,False,27,False,0.0009656669571995735,3.332204510175204,0.30405503598586464,1.7068965515917063,0.22264122534855543,0.1932032724983051,0.25925925925925924,0.0,0.0,3.4952231482833627,0.5336732370558072,0.6589894961739158,0.5379242362125234,0.441484600088259,0.5374728013818033,0.5374728013818033,3.1035460336090246,0.9929903085411216,0.28051099974177446,0.11945617431383265,0.3341185365812789,0.48067189359629253,0.5134312326160165,0.5372024117638312,0.5429822820085551,0.5318671469225478,0.20598435758313124,0.23099232023581973,0.1111111111111111,0.1111111111111111,0.6666666664444444,0.6607502068471698,0.8874028980077617,0.8007374029168081,0.7772297609701714,1.0080770734705848,0.28051099974177446,0.8335285278937149,0.4444444443333333,0.17046512973070913,1.7289491016995318
546,modular,29,133,4.576601163981413,False,51,False,0.00230320799164474,3.9512437185814275,0.19432854108843356,1.3082706765966419,0.19427686916109801,0.17197062423490087,0.27586206896551724,0.0,0.0,3.2422491264413864,0.5523146097523814,0.7151508753487679,0.541796828724552,0.44011249982545597,0.5581050724638581,0.5539825588458713,2.953110365658654,0.7067497820165323,0.2786112802086286,0.11309421010650605,0.3670171408138432,0.4698561716470598,0.4807788681308642,0.48477124672476307,0.48609353536979816,0.48373230564652125,0.17913416443108782,0.22587932384802478,0.10344827586206896,0.10344827586206896,0.6666666664444444,0.6753202801052025,0.8930665202606747,0.8131037598190377,0.7885813890456375,0.9500786261413117,0.2786112802086286,0.7679480326010176,0.43678160908429114,0.15270250335814062,1.636043425252078
547,modular,37,178,4.815475395153169,False,55,False,0.0032838749466463923,4.02535169073515,0.2381445293015448,1.3857677901661547,0.2063858001010678,0.17020057306580505,0.2702702702702703,0.0,0.0,3.120851513484365,0.5617305728711546,0.6911280200335451,0.5410395952911015,0.41858432746842955,0.5457032101814783,0.5445335512635266,3.039128590825744,0.3435589663376773,0.2823006359654429,0.10465100692779555,0.35377449298541497,0.43878474865708256,0.45610443310594573,0.4689300803149799,0.47330314332257306,0.4672294447009159,0.1752624612784023,0.21099368311145206,0.10810810810810811,0.08108108108108109,0.49999999991666666,0.6867639279601316,0.9006387844417996,0.8503033063369505,0.8071928933083942,0.8567704514540824,0.2823006359654429,0.7343850885830362,0.3310810810394144,0.14140673023062236,1.4891735358185159
548,modular,24,118,4.900867494193135,False,47,False,0.001557165989652276,3.871201010907891,0.24148825165778057,1.4915254236276931,0.225113904682439,0.20721554116539573,0.2916666666666667,0.0,0.0,3.249272964698035,0.5517794707798837,0.678534568834187,0.5400096337069851,0.43091159643484683,0.5443880284006485,0.5432901127950587,3.0505591107829444,0.2411997130382314,0.3078403593121016,0.10426226463607705,0.38684537379186223,0.43840663858584433,0.49073785556133676,0.5347692222966438,0.545404482706685,0.5222843513805087,0.201343152157861,0.1895572761495925,0.125,0.08333333333333333,0.3333333332222222,0.6708087516993056,0.9009889688882161,0.8464817248906141,0.7997948316949669,0.8936001733160435,0.3078403593121016,0.8084582547491239,0.24999999994444444,0.13404156209248697,1.500340176098157
549,modular,28,144,5.134401646847139,False,83,False,0.0031662500696256757,4.430816798843313,0.21456722639824966,1.4907407406441187,0.23284072188536595,0.18039895923661717,0.25,0.0,0.0,3.2324750754627094,0.5530610141430863,0.6832382187361309,0.5400172612054613,0.4329299500080735,0.5469163955225184,0.5451833923302115,3.033165196901153,0.07083290835637394,0.2766795113122978,0.10649402365122154,0.3261856047662263,0.4365901517536757,0.4922426181366851,0.5162647034855173,0.5193075379349334,0.5136726593249037,0.19236465739294256,0.2109005765900891,0.10714285714285714,0.07142857142857142,0.3333333332222222,0.6701323148434586,0.8989804207657166,0.8668778997501816,0.8052972976270699,0.8661750186828053,0.2766795113122978,0.7984661342276794,0.23809523803968252,0.15494891512367262,1.4681897987033325
