{
  "status": "effective_response_closure_not_universal_constants",
  "method": {
    "reference_measure": "empirical uniform measure over fused defect ensemble",
    "formula": "lambda = (Cov_mu0[d] + eta tr(C)/A I)^(-1)(<d>_mu0 - <d>_target)",
    "ridge": 0.001,
    "positive_projection": "lambda_a < 0 is projected to 0 because lambda_a is interpreted as a non-negative penalty weight",
    "sectors": [
      "H",
      "B",
      "S",
      "V",
      "R"
    ],
    "input_csv": "/Volumes/MAATSSD/structural-selection-principle/experiments/boundary_aware_lambda_calibration/maat_defects_fused.csv"
  },
  "dataset": {
    "n_samples": 3400,
    "source_counts": {
      "sat_hardness_atlas": 2000,
      "maat_core_boundary": 900,
      "maat_core": 500
    },
    "label_counts": {
      "sat": 1191,
      "unsat": 809,
      "core_safe": 500,
      "safe": 300,
      "near_boundary": 300,
      "violated": 300
    }
  },
  "reference_mean": {
    "H": 0.4364380676941625,
    "B": 0.09656982757417479,
    "S": 0.17183316786326727,
    "V": 0.5911225469863077,
    "R": 0.1774582404379049
  },
  "covariance": {
    "H": {
      "H": 0.04345343643567914,
      "B": -0.01704264285515518,
      "S": -0.04195267739420568,
      "V": 0.054094271133145536,
      "R": 0.008636952886304589
    },
    "B": {
      "H": -0.01704264285515518,
      "B": 0.01174075332476376,
      "S": 0.016808398061824173,
      "V": -0.02288582293855319,
      "R": -0.006370435364523753
    },
    "S": {
      "H": -0.04195267739420568,
      "B": 0.016808398061824173,
      "S": 0.054733829598319704,
      "V": -0.05784159684583719,
      "R": -0.007440540725801589
    },
    "V": {
      "H": 0.054094271133145536,
      "B": -0.02288582293855319,
      "S": -0.05784159684583719,
      "V": 0.08265035309376434,
      "R": 0.011019224410750329
    },
    "R": {
      "H": 0.008636952886304589,
      "B": -0.006370435364523753,
      "S": -0.007440540725801589,
      "V": 0.011019224410750329,
      "R": 0.009884724931576489
    }
  },
  "correlation": {
    "H": {
      "H": 0.9999999999904055,
      "B": -0.7545306698512207,
      "S": -0.8602401347028084,
      "V": 0.9026447344930759,
      "R": 0.41674096456332194
    },
    "B": {
      "H": -0.7545306698512207,
      "B": 0.9999999999815419,
      "S": 0.6630563291754047,
      "V": -0.7346765792260033,
      "R": -0.5913421522772202
    },
    "S": {
      "H": -0.8602401347028084,
      "B": 0.6630563291754047,
      "S": 0.9999999999914513,
      "V": -0.8599832639940924,
      "R": -0.31988530224055234
    },
    "V": {
      "H": 0.9026447344930759,
      "B": -0.7346765792260033,
      "S": -0.8599832639940924,
      "V": 0.9999999999930431,
      "R": 0.38551952381959054
    },
    "R": {
      "H": 0.41674096456332194,
      "B": -0.5913421522772202,
      "S": -0.31988530224055234,
      "V": 0.38551952381959054,
      "R": 0.9999999999798835
    }
  },
  "targets": {
    "low_defect_20pct": {
      "n_target": 680,
      "reference_mean": {
        "H": 0.4364380676941625,
        "B": 0.09656982757417479,
        "S": 0.17183316786326727,
        "V": 0.5911225469863077,
        "R": 0.1774582404379049
      },
      "target_mean": {
        "H": 0.1888765263659465,
        "B": 0.19390356521958851,
        "S": 0.3334514643461518,
        "V": 0.2431985148435923,
        "R": 0.05274376215629503
      },
      "delta": {
        "H": 0.24756154132821598,
        "B": -0.09733373764541373,
        "S": -0.16161829648288453,
        "V": 0.3479240321427154,
        "R": 0.12471447828160986
      },
      "lambda_raw": {
        "H": 5.946160742418599,
        "B": 7.862517203060665,
        "S": 6.772776166409873,
        "V": 5.747606564511723,
        "R": 11.133698128523937
      },
      "lambda_positive": {
        "H": 5.946160742418599,
        "B": 7.862517203060665,
        "S": 6.772776166409873,
        "V": 5.747606564511723,
        "R": 11.133698128523937
      },
      "lambda_shares": {
        "H": 0.15872191296378224,
        "B": 0.20987555251875525,
        "S": 0.18078690364681185,
        "V": 0.15342187142277408,
        "R": 0.29719375944784987
      },
      "linear_response_predicted_mean": {
        "H": 0.18911730199023716,
        "B": 0.194221939136822,
        "S": 0.3337257117942599,
        "V": 0.24343125048911152,
        "R": 0.05319459475798313
      },
      "tilted_mean": {
        "H": 0.14781154797590534,
        "B": 0.13742365659688743,
        "S": 0.1695532105055502,
        "V": 0.16386916808807153,
        "R": 0.010324073735148692
      },
      "linear_response_residual": {
        "H": 0.00024077562429064558,
        "B": 0.0003183739172334943,
        "S": 0.0002742474481081114,
        "V": 0.00023273564551920534,
        "R": 0.00045083260168810035
      },
      "relative_residual_norm": 0.0014515622264288071
    },
    "safe_and_core_safe": {
      "n_target": 800,
      "reference_mean": {
        "H": 0.4364380676941625,
        "B": 0.09656982757417479,
        "S": 0.17183316786326727,
        "V": 0.5911225469863077,
        "R": 0.1774582404379049
      },
      "target_mean": {
        "H": 0.21947447824461744,
        "B": 0.22312204168418343,
        "S": 0.37278678240912955,
        "V": 0.3159125192641256,
        "R": 0.0061856721494416515
      },
      "delta": {
        "H": 0.21696358944954505,
        "B": -0.12655221411000864,
        "S": -0.20095361454586227,
        "V": 0.2752100277221821,
        "R": 0.17127256828846324
      },
      "lambda_raw": {
        "H": 1.832349060022194,
        "B": 1.3600428057418787,
        "S": -0.4410999922423513,
        "V": 0.044653805167538294,
        "R": 16.154471878490014
      },
      "lambda_positive": {
        "H": 1.832349060022194,
        "B": 1.3600428057418787,
        "S": 0.0,
        "V": 0.044653805167538294,
        "R": 16.154471878490014
      },
      "lambda_shares": {
        "H": 0.09449229826145049,
        "B": 0.07013596549499415,
        "S": 0.0,
        "V": 0.0023027493879079026,
        "R": 0.8330689868555959
      },
      "linear_response_predicted_mean": {
        "H": 0.23805400053098358,
        "B": 0.21576292912531153,
        "S": 0.34862582930377944,
        "V": 0.34142825533365045,
        "R": 0.010121831488496352
      },
      "tilted_mean": {
        "H": 0.2176362280448351,
        "B": 0.2011255748687998,
        "S": 0.36299632459167164,
        "V": 0.3404324260050693,
        "R": 0.0184167554761882
      },
      "linear_response_residual": {
        "H": 0.01857952228636614,
        "B": -0.007359112558871894,
        "S": -0.024160953105350103,
        "V": 0.02551573606952484,
        "R": 0.003936159339054701
      },
      "relative_residual_norm": 0.08893966754711852
    },
    "safe_boundary_only": {
      "n_target": 300,
      "reference_mean": {
        "H": 0.4364380676941625,
        "B": 0.09656982757417479,
        "S": 0.17183316786326727,
        "V": 0.5911225469863077,
        "R": 0.1774582404379049
      },
      "target_mean": {
        "H": 0.20155466203286798,
        "B": 0.20316957521072987,
        "S": 0.30090189900692893,
        "V": 0.24756538045341106,
        "R": 0.016495125731844404
      },
      "delta": {
        "H": 0.2348834056612945,
        "B": -0.10659974763655508,
        "S": -0.12906873114366166,
        "V": 0.3435571665328967,
        "R": 0.1609631147060605
      },
      "lambda_raw": {
        "H": 4.809113995302845,
        "B": 8.052741065207904,
        "S": 8.410486250920131,
        "V": 7.0278314148590955,
        "R": 15.703817408303168
      },
      "lambda_positive": {
        "H": 4.809113995302845,
        "B": 8.052741065207904,
        "S": 8.410486250920131,
        "V": 7.0278314148590955,
        "R": 15.703817408303168
      },
      "lambda_shares": {
        "H": 0.10928813456673593,
        "B": 0.18300024703616974,
        "S": 0.19113008218561867,