{
  "success": true,
  "alpha_GUT": 0.02267646833834594,
  "g_GUT": 0.5338172958648273,
  "log10_M_GUT_GeV": 15.822115615160438,
  "M_GUT_GeV": 6639197914521073.0,
  "total_cost": 103.71309466552229,
  "SM_chi2": 100.78986137035298,
  "MAAT_cost": 2.91532258157687,
  "predicted_couplings": {
    "alpha1": 0.01540197173363408,
    "alpha2": 0.035699271254001484,
    "alpha3": 0.11711960868866522
  },
  "observed_couplings": {
    "alpha1": 0.01695,
    "alpha2": 0.03382,
    "alpha3": 0.1184
  },
  "supports": {
    "H": 0.9961662125159509,
    "B": 0.619407797785879,
    "S": 0.6795967433804996,
    "V": 0.35536581236183473,
    "R_resp": 0.6030148955923216,
    "R_rob": 0.6030148955923216,
    "d_H": 0.003848541976108859,
    "d_B": 0.6144452872155908,
    "d_S": 0.471460847539862,
    "d_V": 1.8140016996958517
  },
  "status": "one-loop diagnostic; no threshold corrections; no precision unification claim"
}