{
  "success": true,
  "loss": 0.0029543310105046893,
  "lambdas": {
    "H": 3.2182879125032517,
    "B": 2.46902409563711,
    "S": 2.526500256694581,
    "V": 4.328859598987812,
    "R": 8.078183005643812
  },
  "shares": {
    "H": 0.1560695680598864,
    "B": 0.1197343229107834,
    "S": 0.12252160604823355,
    "V": 0.20992629192098056,
    "R": 0.39174821106011615
  },
  "target": {
    "H": 0.1922478017560921,
    "B": 0.19998402176254526,
    "S": 0.3100386718296909,
    "V": 0.24313077026407598,
    "R": 0.0102199380991897
  },
  "expected": {
    "H": 0.19708274594961855,
    "B": 0.19290040518064405,
    "S": 0.2955115970853399,
    "V": 0.23288153772402723,
    "R": 0.03634378180556591
  },
  "lambda_sum": 20.620854869466566
}