z,a,D_LCDM,f_LCDM,fsigma8_LCDM,C_hat_proj,C_env_void,mu_void,eta_slip_void,Sigma_lens_void,D_void,fsigma8_void,C_env_sheet,mu_sheet,eta_slip_sheet,Sigma_lens_sheet,D_sheet,fsigma8_sheet,C_env_field,mu_field,eta_slip_field,Sigma_lens_field,D_field,fsigma8_field,C_env_filament,mu_filament,eta_slip_filament,Sigma_lens_filament,D_filament,fsigma8_filament,C_env_cluster,mu_cluster,eta_slip_cluster,Sigma_lens_cluster,D_cluster,fsigma8_cluster,C_env_local_dense,mu_local_dense,eta_slip_local_dense,Sigma_lens_local_dense,D_local_dense,fsigma8_local_dense
2.997329158161810891e+00,2.501670391486735534e-01,3.156115463165725110e-01,9.818961035021968042e-01,2.513270732618705372e-01,9.983075324293771979e-01,9.958179874607254733e-01,1.019916359749214463e+00,1.029874539623821805e+00,1.035151125600370259e+00,3.132010629151882330e-01,2.523795936345807345e-01,9.763398850165059262e-01,1.019526797700330167e+00,1.029290196550495251e+00,1.034457867846900081e+00,3.132477787238941436e-01,2.523593639112813314e-01,9.599110888744010195e-01,1.019198221777487978e+00,1.028797332666232078e+00,1.033873316900167261e+00,3.132871944345760884e-01,2.523422902114167421e-01,6.136769010516914813e-01,1.012273538021033925e+00,1.018410307031550666e+00,1.021591671338474505e+00,3.141207141483882137e-01,2.519801224075258750e-01,1.552506291649617953e-01,1.003105012583299205e+00,1.004657518874948918e+00,1.005441002848130649e+00,3.152327460700263817e-01,2.514936435801378711e-01,2.103774862998966004e-04,1.000004207549725965e+00,1.000006311324588948e+00,1.000007363225298151e+00,3.156110322524282030e-01,2.513272996064142562e-01
2.990252558785710502e+00,2.506107032744598895e-01,3.161611060124889239e-01,9.818020442288484251e-01,2.517405799730481064e-01,9.938315728944311367e-01,9.913531899196320607e-01,1.019827063798392608e+00,1.029740595697588912e+00,1.034992195991336184e+00,3.137529297759535374e-01,2.528000343634519975e-01,9.719624184786612719e-01,1.019439248369573114e+00,1.029158872554359894e+00,1.034302097929633568e+00,3.137996012384659528e-01,2.527796696575391189e-01,9.556072816292606742e-01,1.019112145632585120e+00,1.028668218448877791e+00,1.033720210440034926e+00,3.138389795214275857e-01,2.527624820866995470e-01,6.109254513356363603e-01,1.012218509026712621e+00,1.018327763540069153e+00,1.021494359768874149e+00,3.146717053298028755e-01,2.523979102158427912e-01,1.545545555490227541e-01,1.003091091110980493e+00,1.004636636666470739e+00,1.005416575577408045e+00,3.157826708814521766e-01,2.519082357729317545e-01,2.094342487852496586e-04,1.000004188684975759e+00,1.000006283027463638e+00,1.000007330211866385e+00,3.161605924444795823e-01,2.517408077896267637e-01
2.983188487339323292e+00,2.510551542259494284e-01,3.167115697133279228e-01,9.817075089005368183e-01,2.521546003021756799e-01,9.893756352627565143e-01,9.869083643518768989e-01,1.019738167287037589e+00,1.029607250930556273e+00,1.034833989188204129e+00,3.143057157484446251e-01,2.532209494861127896e-01,9.676045332643096186e-01,1.019352090665286203e+00,1.029028135997929194e+00,1.034147036224088989e+00,3.143523425706770125e-01,2.532004505551775364e-01,9.513227262141888962e-01,1.019026454524283753e+00,1.028539681786425630e+00,1.033567799896320194e+00,3.143916831778280074e-01,2.531831497526488284e-01,6.081863094297035310e-01,1.012163726188594071e+00,1.018245589282891217e+00,1.021397488006132948e+00,3.152236098430750144e-01,2.528161873508795732e-01,1.538615956159710141e-01,1.003077231912319345e+00,1.004615847868479239e+00,1.005392257863740646e+00,3.163335020626407146e-01,2.523233354018974417e-01,2.084952305693101200e-04,1.000004169904611384e+00,1.000006254856917076e+00,1.000007297346110935e+00,3.167110566446606490e-01,2.521548295823957120e-01
2.976136921644053412e+00,2.515003933985552886e-01,3.172629385406730562e-01,9.816124952387070834e-01,2.525691337103641576e-01,9.849396260033606021e-01,9.824834174597113501e-01,1.019649668349194238e+00,1.029474502523791246e+00,1.034676501710764640e+00,3.148594218687200685e-01,2.536423386222846355e-01,9.632661379005972302e-01,1.019265322758011960e+00,1.028897984137017829e+00,1.033992679322248698e+00,3.149060037582377958e-01,2.536217062208712125e-01,9.470573326955389337e-01,1.018941146653910668e+00,1.028411719980866224e+00,1.033416081921767482e+00,3.149453064428817117e-01,2.536042928233673832e-01,6.054594178387745496e-01,1.012109188356775435e+00,1.018163782535163264e+00,1.021301053956352067e+00,3.157764287568232131e-01,2.532349533721779400e-01,1.531717348204435225e-01,1.003063434696408907e+00,1.004595152044613249e+00,1.005368049192820079e+00,3.168852407216966593e-01,2.527389419532576897e-01,2.075604119419040619e-04,1.000004151208238934e+00,1.000006226812358179e+00,1.000007264627342352e+00,3.172624259745363551e-01,2.525693644458660292e-01
2.969097839560571828e+00,2.519464221901651091e-01,3.178152136149192675e-01,9.815170009552512953e-01,2.529841796487924399e-01,9.805234519419934180e-01,9.780782563012403452e-01,1.019561565126024805e+00,1.029342347689037318e+00,1.034519730093178325e+00,3.154140491719958361e-01,2.540642013810900934e-01,9.589471412635632852e-01,1.019178942825271328e+00,1.028768414237906992e+00,1.033839023830146031e+00,3.154605858380095107e-01,2.540434362607085772e-01,9.428110114826858679e-01,1.018856220229653609e+00,1.028284330344480635e+00,1.033265053182905957e+00,3.154998503548381295e-01,2.540259109023829120e-01,6.027447192870269976e-01,1.012054894385740589e+00,1.018082341578610883e+00,1.021205055534034623e+00,3.163301631386924440e-01,2.536542078289346636e-01,1.524849586725557093e-01,1.003049699173451215e+00,1.004574548760176711e+00,1.005343949052325936e+00,3.174378879655910812e-01,2.531550549031983954e-01,2.066297732680353271e-04,1.000004132595465389e+00,1.000006198893198084e+00,1.000007232054873185e+00,3.178147015544836584e-01,2.529844118312505885e-01
2.962071218988742149e+00,2.523932420011457123e-01,3.183683960552517456e-01,9.814210237524817471e-01,2.533997375586414247e-01,9.761270202588969713e-01,9.736927882881766250e-01,1.019473855765763437e+00,1.029210783648645267e+00,1.034363670883875486e+00,3.159695986926223110e-01,2.544865373609883630e-01,9.546474525759384155e-01,1.019092949051518815e+00,1.028639423577278222e+00,1.033686066367770939e+00,3.160160898459811740e-01,2.544656402701275244e-01,9.385836733258623443e-01,1.018771673466517313e+00,1.028157510199775970e+00,1.033114710359955390e+00,3.160553159510690602e-01,2.544480035825832376e-01,6.000421567165508119e-01,1.012000843134331030e+00,1.018001264701496433e+00,1.021109490662030161e+00,3.168848140553314208e-01,2.540739502599362321e-01,1.518012527375513787e-01,1.003036025054750979e+00,1.004554037582126469e+00,1.005319956931914005e+00,3.179914449001397525e-01,2.535716737178024816e-01,2.057032949874114294e-04,1.000004114065899730e+00,1.000006171098849705e+00,1.000007199628018650e+00,3.183678845036695404e-01,2.533999711797640941e-01
2.955057037867552694e+00,2.528408542343474896e-01,3.189224869796236650e-01,9.813245613231057485e-01,2.538158068710273940e-01,9.717502384865663867e-01,9.693269211836074151e-01,1.019386538423672217e+00,1.029079807635508326e+00,1.034208320645465751e+00,3.165260714640608652e-01,2.549093461497096147e-01,9.503669814049550135e-01,1.019007339628099196e+00,1.028511009442148572e+00,1.033533803568976728e+00,3.165725168172461856e-01,2.548883178338498534e-01,9.343752293140060727e-01,1.018687504586280212e+00,1.028031256879420097e+00,1.032965050146737118e+00,3.166117042680450244e-01,2.548705704461509680e-01,5.973516732859719403e-01,1.011947033465719459e+00,1.017920550198579077e+00,1.021014357271482265e+00,3.174403825723697281e-01,2.544941801934934578e-01,1.511206026354545706e-01,1.003022412052709145e+00,1.004533618079063606e+00,1.005296072323203393e+00,3.185459126299806654e-01,2.539887978529836166e-01,2.047809576139716003e-04,1.000004095619152267e+00,1.000006143428728400e+00,1.000007167346097070e+00,3.189219759400290788e-01,2.538160419225566344e-01
2.948055274175046314e+00,2.532892602951086758e-01,3.194774875047344254e-01,9.812276113501993136e-01,2.542323870069357339e-01,9.673930145075128051e-01,9.649805630997634331e-01,1.019299611261995198e+00,1.028949416892992907e+00,1.034053675954639706e+00,3.170834685188603230e-01,2.553326273241897648e-01,9.461056376601593154e-01,1.018922112753203102e+00,1.028383169129804875e+00,1.033382232081389462e+00,3.171298677859788473e-01,2.553114685258157657e-01,9.301855908726084365e-01,1.018603711817452240e+00,1.027905567726178360e+00,1.032816069250581670e+00,3.171690163413121155e-01,2.552936110644982159e-01,5.946732123690772198e-01,1.011893464247381580e+00,1.017840196371072370e+00,1.020919653301770591e+00,3.179968697543950062e-01,2.549148971473751968e-01,1.504429940407217003e-01,1.003008859880814452e+00,1.004513289821221678e+00,1.005272294719761872e+00,3.191012922585520495e-01,2.544064267544199898e-01,2.038627417354153782e-04,1.000004077254834645e+00,1.000006115882251967e+00,1.000007135208428766e+00,3.194769769802435766e-01,2.542326234806471241e-01
2.941065905928253343e+00,2.537384615912599006e-01,3.200333987460069474e-01,9.811301715071822915e-01,2.546494773771536546e-01,9.630552565520419384e-01,9.606536224958024395e-01,1.019213072449915991e+00,1.028819608674873987e+00,1.033899733402077192e+00,3.176417908886333685e-01,2.557563804505046390e-01,9.418633315912391391e-01,1.018837266631824834e+00,1.028255899947737140e+00,1.033231348566312269e+00,3.176881437854107149e-01,2.557350919091183061e-01,9.260146697615787570e-01,1.018520293395231535e+00,1.027780440092847414e+00,1.032667764392239285e+00,3.177272532054679077e-01,2.557171249982002625e-01,5.920067175534488024e-01,1.011840134351069009e+00,1.017760201526603403e+00,1.020825376700459142e+00,3.185542766649295809e-01,2.553361006287422907e-01,1.497684126818959738e-01,1.002995368253637887e+00,1.004493052380456941e+00,1.005248623617097437e+00,3.196575848880697235e-01,2.548245598574872539e-01,2.029486280127345578e-04,1.000004058972560284e+00,1.000006088458840425e+00,1.000007103214336723e+00,3.200328887397181354e-01,2.546497152648561912e-01
2.934088911183120985e+00,2.541884595331284080e-01,3.205902218175658014e-01,9.810322394577926097e-01,2.550670773822031889e-01,9.587368731960340673e-01,9.563460081755951192e-01,1.019126920163511807e+00,1.028690380245267821e+00,1.033746489592351825e+00,3.182010396040327871e-01,2.561806050838036919e-01,9.376399737858523986e-01,1.018752799475717064e+00,1.028129199213575484e+00,1.033081149698636958e+00,3.182473458478070061e-01,2.561591875359367498e-01,9.218623780731095563e-01,1.018437247561462256e+00,1.027655871342193272e+00,1.032520132305790872e+00,3.182864158941383081e-01,2.561411117969297768e-01,5.893521326390996906e-01,1.011787042652781965e+00,1.017680563979173058e+00,1.020731525423242303e+00,3.191126043664074263e-01,2.557577901340807314e-01,1.490968443412622746e-01,1.002981936886825354e+00,1.004472905330237920e+00,1.005225058512642100e+00,3.202147916195045019e-01,2.552431965871917452e-01,2.020385971797451947e-04,1.000004040771943492e+00,1.000006061157915349e+00,1.000007071363147038e+00,3.205897123325595066e-01,2.550673166757391197e-01
2.927124268034443588e+00,2.546392555335428298e-01,3.211479578322144479e-01,9.809338128560605163e-01,2.554851864122734129e-01,9.544377733587360302e-01,9.520576292855222889e-01,1.019041152585710375e+00,1.028561728878565562e+00,1.033593941143837291e+00,3.187612156947272068e-01,2.566053007682433940e-01,9.334354751674680539e-01,1.018668709503349312e+00,1.028003064255023968e+00,1.032931632166751656e+00,3.188074750044425087e-01,2.565837549474705992e-01,9.177286282295538111e-01,1.018354572564591054e+00,1.027531858846886692e+00,1.032373169738556085e+00,3.188465054399531318e-01,2.565655709993899802e-01,5.867094016371160459e-01,1.011734188032742399e+00,1.017601282049113376e+00,1.020638097433890001e+00,3.196718539201506282e-01,2.561799651491350471e-01,1.484282748545037167e-01,1.002968565497090125e+00,1.004452848245635188e+00,1.005201598905740568e+00,3.207729135525597131e-01,2.556623363581026487e-01,2.011326300426225097e-04,1.000004022652600799e+00,1.000006033978901199e+00,1.000007039654187802e+00,3.211474488715532760e-01,2.554854271035180147e-01
2.920171954615795595e+00,2.550908510078372382e-01,3.217066079014127000e-01,9.808348893462833784e-01,2.559038038471526666e-01,9.501578663005613157e-01,9.477883953122806515e-01,1.018955767906245535e+00,1.028433651859368414e+00,1.033442084688616314e+00,3.193223201893775065e-01,2.570304670369211730e-01,9.292497469932140541e-01,1.018584994939864208e+00,1.027877492409796423e+00,1.032782792672448657e+00,3.193685322855774333e-01,2.570087936738723045e-01,9.136133329813088677e-01,1.018272266659626224e+00,1.027408399989439225e+00,1.032226873451006277e+00,3.194075228745224537e-01,2.569905021332483663e-01,5.840784687683051590e-01,1.011681569375366019e+00,1.017522354063049139e+00,1.020545090704194191e+00,3.202320263863459582e-01,2.566026251488411347e-01,1.477626901103595569e-01,1.002955253802207292e+00,1.004432880703310715e+00,1.005178244297639134e+00,3.213319517856480512e-01,2.560819785742848298e-01,2.002307074794371208e-04,1.000004004614149622e+00,1.000006006921224433e+00,1.000007008086789551e+00,3.217060994681416597e-01,2.559040459280145230e-01
2.913231949099463147e+00,2.555432473738558086e-01,3.222661731352539638e-01,9.807354665630009238e-01,2.563229290561609419e-01,9.458970616208988158e-01,9.435382160806971008e-01,1.018870764321613942e+00,1.028306146482421024e+00,1.033290916872385834e+00,3.198843541156121129e-01,2.574561034118074687e-01,9.250827008517348293e-01,1.018501654017034630e+00,1.027752481025552056e+00,1.032634627930835380e+00,3.199305187204334322e-01,2.574343032341805948e-01,9.095164054047103486e-01,1.018190328108094178e+00,1.027285492162141267e+00,1.032081240216674800e+00,3.199694692284121844e-01,2.574159047150689772e-01,5.814592784618484167e-01,1.011629185569236977e+00,1.017443778353855466e+00,1.020452503213917339e+00,3.207931228240211707e-01,2.570257695972585354e-01,1.471000760502844396e-01,1.002942001521005766e+00,1.004413002281508538e+00,1.005154994191472362e+00,3.218919074158685945e-01,2.565021226292307222e-01,1.993328104396933638e-04,1.000003986656208710e+00,1.000005979984313287e+00,1.000006976660285263e+00,3.222656652324002446e-01,2.563231725185811105e-01
2.906304229696373920e+00,2.559964460519572049e-01,3.228266546424420902e-01,9.806355421309694842e-01,2.567425613980805488e-01,9.416552692559270188e-01,9.393070017515482428e-01,1.018786140035030874e+00,1.028179210052546422e+00,1.033140434354365977e+00,3.204473185000029645e-01,2.578822094036791746e-01,9.209342486610533340e-01,1.018418684973221078e+00,1.027628027459831506e+00,1.032487134670244000e+00,3.204934353371690636e-01,2.578602831362529213e-01,9.054377588999297233e-01,1.018108755177998592e+00,1.027163132766997888e+00,1.031936266822070181e+00,3.205323455311198666e-01,2.578417782502452904e-01,5.788517753539573762e-01,1.011577035507079225e+00,1.017365553260618727e+00,1.020360332950737581e+00,3.213551442910211331e-01,2.574493979475026562e-01,1.464404186681083631e-01,1.002928808373362068e+00,1.004393212560043214e+00,1.005131848092249536e+00,3.224527815389838792e-01,2.569227679057917713e-01,1.984389199438686409e-04,1.000003968778398811e+00,1.000005953167598216e+00,1.000006945374011247e+00,3.228261472730153958e-01,2.567428062340330053e-01
2.899388774656029621e+00,2.564504484650190763e-01,3.233880535302683934e-01,9.805351136651374588e-01,2.571627002210881696e-01,9.374323994764427459e-01,9.350946628193943511e-01,1.018701893256387825e+00,1.028052839884581848e+00,1.032990633807208791e+00,3.210112143680406982e-01,2.583087845120510262e-01,9.168043026664477457e-01,1.018336086053329037e+00,1.027504129079993334e+00,1.032340309632141961e+00,3.210572831628554225e-01,2.582867328766977888e-01,9.013773071888872002e-01,1.018027546143777773e+00,1.027041319215666659e+00,1.031791950066585750e+00,3.210961528110500285e-01,2.582681222329327175e-01,5.762559042865394998e-01,1.011525118085730757e+00,1.017287677128596135e+00,1.020268577910196539e+00,3.219180918439837336e-01,2.578735096416771011e-01,1.457837040096992276e-01,1.002915674080193886e+00,1.004373511120290940e+00,1.005108805506846004e+00,3.230145752493961409e-01,2.573439137761103224e-01,1.975490170829558338e-04,1.000003950980341560e+00,1.000005926470512563e+00,1.000006914227305588e+00,3.233875466972609414e-01,2.571629464225794193e-01
2.892485562266436716e+00,2.569052560384425532e-01,3.239503709045885582e-01,9.804341787706202238e-01,2.575833448626855260e-01,9.332283628856927749e-01,9.309011101104167629e-01,1.018618022202208317e+00,1.027927033303312587e+00,1.032841511916906097e+00,3.215760427441103353e-01,2.587358282251085995e-01,9.126927754383303837e-01,1.018253855508766570e+00,1.027380783263149855e+00,1.032194149571042718e+00,3.216220632234514376e-01,2.587136519408066437e-01,8.973349643131660613e-01,1.017946699286263357e+00,1.026920048929395035e+00,1.031648286762414601e+00,3.216608920954898698e-01,2.586949361459801588e-01,5.736716103058648875e-01,1.011473432206117407e+00,1.017210148309175999e+00,1.020177236095646700e+00,3.224819665383160672e-01,2.582981041108048936e-01,1.451299181726253829e-01,1.002902598363452524e+00,1.004353897545178675e+00,1.005085865943986523e+00,3.235772896401242771e-01,2.577655596015505091e-01,1.966630830180064477e-04,1.000003933261660372e+00,1.000005899892490557e+00,1.000006883219508591e+00,3.239498646109751356e-01,2.575835924217544926e-01
2.885594570854041141e+00,2.573608702001565773e-01,3.245136078697989923e-01,9.803327350426753739e-01,2.580044946496302671e-01,9.290430704172218945e-01,9.267262547802712636e-01,1.018534525095605492e+00,1.027801787643408238e+00,1.032693065382699338e+00,3.221418046514659683e-01,2.591633400196393100e-01,9.085995798701437254e-01,1.018171991597402792e+00,1.027257987396104300e+00,1.032048651254416916e+00,3.221877765437789476e-01,2.591410398024856510e-01,8.933106446319440952e-01,1.017866212892638789e+00,1.026799319338958405e+00,1.031505273734461881e+00,3.222265644105841154e-01,2.591222194608619467e-01,5.710988386612435574e-01,1.011421976773224873e+00,1.017132965159837310e+00,1.020086305518199676e+00,3.230467694281697333e-01,2.587231807747596979e-01,1.444790473058211733e-01,1.002889580946116466e+00,1.004334371419174587e+00,1.005063028914236822e+00,3.241409258027800333e-01,2.581877047326291419e-01,1.957810989796769543e-04,1.000003915621979544e+00,1.000005873432969317e+00,1.000006852349963227e+00,3.245131021185369558e-01,2.580047435583481263e-01
2.878715778783655921e+00,2.578172923806225647e-01,3.250777655288133450e-01,9.802307800666784088e-01,2.584261488978662480e-01,9.248764333327206266e-01,9.225700083119408035e-01,1.018451400166238807e+00,1.027677100249358322e+00,1.032545290916988989e+00,3.227085011122063363e-01,2.595913193609641900e-01,9.045246291762549795e-01,1.018090492583525020e+00,1.027135738875287752e+00,1.031903811462604681e+00,3.227544241474979980e-01,2.595688959241869709e-01,8.893042628199235855e-01,1.017786085256398465e+00,1.026679127884597698e+00,1.031362907820258190e+00,3.227931707813103124e-01,2.595499716376090116e-01,5.685375348037023935e-01,1.011370750696074072e+00,1.017056126044111108e+00,1.019995784196674027e+00,3.236125015664167437e-01,2.591487390421973180e-01,1.438310776092520948e-01,1.002876621552184933e+00,1.004314932328277621e+00,1.005040293929989614e+00,3.247054848275440220e-01,2.586103485089464304e-01,1.949030462677754595e-04,1.000003898060925378e+00,1.000005847091387956e+00,1.000006821618015573e+00,3.250772603228429536e-01,2.584263991483364831e-01
2.871849164458396775e+00,2.582745240128387909e-01,3.256428449830389149e-01,9.801283114180976419e-01,2.588483069124537517e-01,9.207283632198930423e-01,9.184322825136090884e-01,1.018368645650272075e+00,1.027552968475408335e+00,1.032398185245245292e+00,3.232761331472490673e-01,2.600197657028686105e-01,9.004678368898709762e-01,1.018009356737797466e+00,1.027014035106696088e+00,1.031759626988727474e+00,3.233220070570815285e-01,2.599972197568400922e-01,8.853157338652817288e-01,1.017706314677305546e+00,1.026559472015958541e+00,1.031221185869873658e+00,3.233607122314536841e-01,2.599781921247399930e-01,5.659876443846744154e-01,1.011319752887693380e+00,1.016979629331540291e+00,1.019905670157542410e+00,3.241791640046246536e-01,2.595747783104858097e-01,1.431859953335833102e-01,1.002863719906671669e+00,1.004295579860007503e+00,1.005017660505453270e+00,3.252709678031422413e-01,2.590334902591162058e-01,1.940289062508121661e-04,1.000003880578125059e+00,1.000005820867187589e+00,1.000006791023012820e+00,3.256423403252829973e-01,2.588485584968115982e-01
2.864994706319612838e+00,2.587325665323448876e-01,3.262088473323527249e-01,9.800253266624699977e-01,2.592709679874992679e-01,9.165987719903260222e-01,9.143129895165347243e-01,1.018286259790330606e+00,1.027429389685496020e+00,1.032251745105918106e+00,3.238447017763059210e-01,2.604486784875333916e-01,8.964291168609546112e-01,1.017928582337219057e+00,1.026892873505828696e+00,1.031616094638600156e+00,3.238905262937901153e-01,2.604260107397819435e-01,8.813449730676210514e-01,1.017626899461352430e+00,1.026440349192028645e+00,1.031080104745832227e+00,3.239291897835820389e-01,2.604068803591921277e-01,5.634491132546889380e-01,1.011268982265093763e+00,1.016903473397640756e+00,1.019815961434882290e+00,3.247467577930321925e-01,2.600012979656364798e-01,1.425437867798481362e-01,1.002850875735596947e+00,1.004276313603395421e+00,1.004995128156639606e+00,3.258373758168216505e-01,2.594571293006956991e-01,1.931586603655504871e-04,1.000003863173207330e+00,1.000005794759810884e+00,1.000006760564305708e+00,3.262083432257170679e-01,2.592712208979122135e-01
2.858152382846820050e+00,2.591914213772263387e-01,3.267757736750774300e-01,9.799218233553773638e-01,2.596941314060853268e-01,9.124875718773716171e-01,9.102120417729393509e-01,1.018204240835458796e+00,1.027306361253188083e+00,1.032105967250349421e+00,3.244142080178571974e-01,2.608780571454650810e-01,8.924083832541532812e-01,1.017848167665083015e+00,1.026772251497624522e+00,1.031473211230646170e+00,3.244599828776468797e-01,2.608552683006883366e-01,8.773918960359341490e-01,1.017547837920718790e+00,1.026321756881078073e+00,1.030939661323026613e+00,3.244986044590200680e-01,2.608360357662514173e-01,5.609218874620700568e-01,1.011218437749241472e+00,1.016827656623862097e+00,1.019726656070322646e+00,3.253152839805240060e-01,2.604282973822333869e-01,1.419044382991189457e-01,1.002838088765982461e+00,1.004257133148973580e+00,1.004972696401351895e+00,3.264047099543261332e-01,2.598812649401154862e-01,1.922922901165607338e-04,1.000003845845802264e+00,1.000005768768703396e+00,1.000006730241246977e+00,3.267752701224506673e-01,2.596943856347521118e-01
2.851322172557630985e+00,2.596510899881191436e-01,3.273436251079573367e-01,9.798177990424210559e-01,2.601177964401992782e-01,9.083946754340405105e-01,9.061293520539057678e-01,1.018122587041078164e+00,1.027183880561617135e+00,1.031960848442682988e+00,3.249846528891260355e-01,2.613079010954261205e-01,8.884055505467389757e-01,1.017768111010934673e+00,1.026652166516402120e+00,1.031330973595808276e+00,3.250303778274115096e-01,2.612849918555030237e-01,8.734564186865773072e-01,1.017469128373731602e+00,1.026203692560597291e+00,1.030799852488633483e+00,3.250689572778241443e-01,2.612656577594830720e-01,5.584059132516414614e-01,1.011168118265032723e+00,1.016752177397549195e+00,1.019637752112993789e+00,3.258847436146057319e-01,2.608557759233636753e-01,1.412679362921793746e-01,1.002825358725843552e+00,1.004238038088765439e+00,1.004950364759173542e+00,3.269729712998718507e-01,2.603058964726088220e-01,1.914297770757761622e-04,1.000003828595541489e+00,1.000005742893312233e+00,1.000006700053191144e+00,3.273431221122110601e-01,2.601180519793505619e-01
2.844504054007690019e+00,2.601115738082142026e-01,3.279124027261338115e-01,9.797132512591991693e-01,2.605419623506625704e-01,9.043199955309025873e-01,9.020648334472843866e-01,1.018041296668945606e+00,1.027061945003418630e+00,1.031816385459777496e+00,3.255560374060528228e-01,2.617382097443649580e-01,8.844205335265551415e-01,1.017688410670531063e+00,1.026532616005796594e+00,1.031189378577466398e+00,3.256017121605548903e-01,2.617151808083684195e-01,8.695384572412524493e-01,1.017390769144824958e+00,1.026086153717237659e+00,1.030660675142030192e+00,3.256402492587565090e-01,2.616957457406609566e-01,5.559011370634359128e-01,1.011118022741268607e+00,1.016677034111903133e+00,1.019549247619476740e+00,3.264551377413789646e-01,2.612837329405469644e-01,1.406342672091979440e-01,1.002812685344183885e+00,1.004219028016275939e+00,1.004928132751455871e+00,3.275421609361229835e-01,2.607310231821408086e-01,1.905711028820506999e-04,1.000003811422057742e+00,1.000005717133086502e+00,1.000006669999496278e+00,3.279119002901228486e-01,2.605422191925604314e-01
2.837698005790606270e+00,2.605728742832617573e-01,3.284821076231211334e-01,9.796081775312821538e-01,2.609666283870596959e-01,9.002634453540009352e-01,8.980183993556118960e-01,1.017960367987112313e+00,1.026940551980668248e+00,1.031672575091120647e+00,3.261283625832693822e-01,2.621689824873450481e-01,8.804532472899765372e-01,1.017609064945799613e+00,1.026413597418699197e+00,1.031048423031348360e+00,3.261739868932329589e-01,2.621458345515545463e-01,8.656379282250008522e-01,1.017312758564500097e+00,1.025969137846749923e+00,1.030522126194709509e+00,3.262124814192594591e-01,2.621262990996974240e-01,5.534075055314132685e-01,1.011068150110628228e+00,1.016602225165942341e+00,1.019461140653753040e+00,3.270264674055156640e-01,2.617121677736640728e-01,1.400034175494035693e-01,1.002800068350988116e+00,1.004200102526482175e+00,1.004905999901307023e+00,3.281122799441669735e-01,2.611566443413370076e-01,1.897162492407191391e-04,1.000003794324984874e+00,1.000005691487477311e+00,1.000006640079521114e+00,3.284816057496833253e-01,2.609668865239974100e-01
2.830904006537883877e+00,2.610349928615761650e-01,3.290527408907816254e-01,9.795025753741883889e-01,2.613917937876659159e-01,8.962249384027738408e-01,8.939899634940388085e-01,1.017879799269880703e+00,1.026819698904821054e+00,1.031529414138739442e+00,3.267016294340725491e-01,2.626002187074746308e-01,8.765036072398766365e-01,1.017530072144797515e+00,1.026295108217196272e+00,1.030908103825447064e+00,3.267472030402609473e-01,2.625769524653885356e-01,8.617547484642055222e-01,1.017235094969284104e+00,1.025852642453926267e+00,1.030384202570197250e+00,3.267856547754292018e-01,2.625573172145721501e-01,5.509249654821823938e-01,1.011018499309643603e+00,1.016527748964465516e+00,1.019373429287153909e+00,3.275987336502328429e-01,2.621410797508866852e-01,1.393753738607625414e-01,1.002787507477215234e+00,1.004181261215822962e+00,1.004883965733578410e+00,3.286833294034894326e-01,2.615827592114121636e-01,1.888651979231594175e-04,1.000003777303958508e+00,1.000005665955937761e+00,1.000006610292628384e+00,3.290522395827381041e-01,2.613920532119681228e-01
2.824122034918855384e+00,2.614979309940403396e-01,3.296243036193010623e-01,9.793964422933617575e-01,2.618174577793762059e-01,8.922043884879881093e-01,8.899794398882674429e-01,1.017799588797765331e+00,1.026699383196647997e+00,1.031386899417116476e+00,3.272758389703984139e-01,2.630319177758352889e-01,8.725715290836070226e-01,1.017451430581672200e+00,1.026177145872508190e+00,1.030768417839936557e+00,3.273213616150869587e-01,2.630085339181833515e-01,8.578888350846038957e-01,1.017157776701692162e+00,1.025736665052538132e+00,1.030246901203970111e+00,3.273597703419899863e-01,2.629887994512615790e-01,5.484534639337315109e-01,1.010969069278674581e+00,1.016453603918011872e+00,1.019286111598310729e+00,3.281719375172667541e-01,2.625704681886054659e-01,1.387501227396569503e-01,1.002775002454793229e+00,1.004162503682189733e+00,1.004862029774856280e+00,3.292553103919494406e-01,2.620093670420983734e-01,1.880179307663569857e-04,1.000003760358615379e+00,1.000005640537922957e+00,1.000006580638182152e+00,3.296238028794560293e-01,2.618177184833983540e-01
2.817352069640619572e+00,2.619616901341101367e-01,3.301967968971634693e-01,9.792897757841475537e-01,2.622436195776323142e-01,8.882017097296861508e-01,8.859867428725048955e-01,1.017719734857450042e+00,1.026579602286175064e+00,1.031245027753101340e+00,3.278509922027957324e-01,2.634640790514110043e-01,8.686569288309889947e-01,1.017373138576619818e+00,1.026059707864929615e+00,1.030629361967086322e+00,3.278964636297659330e-01,2.634405782661667361e-01,8.540401055093135296e-01,1.017080802110186255e+00,1.025621203165279383e+00,1.030110219043371522e+00,3.279348291322675135e-01,2.634207451636669806e-01,5.459929480941658753e-01,1.010919858961883300e+00,1.016379788442824950e+00,1.019199185673106411e+00,3.287460800468471334e-01,2.630003323913584490e-01,1.381276508305655792e-01,1.002762553016611324e+00,1.004143829524916987e+00,1.004840191553447060e+00,3.298282239857542875e-01,2.624364670715730874e-01,1.871744296724722647e-04,1.000003743488593555e+00,1.000005615232890221e+00,1.000006551115548925e+00,3.301962967283046391e-01,2.622438815537608825e-01
2.810594089447964183e+00,2.624262717378194054e-01,3.307702218111262527e-01,9.791825733317692793e-01,2.626702783863509305e-01,8.842168165551376191e-01,8.820117870874191190e-01,1.017640235741748445e+00,1.026460353612622667e+00,1.031103795985828242e+00,3.284270901403993914e-01,2.638967018810158272e-01,8.647597227923107255e-01,1.017295194455846152e+00,1.025942791683769340e+00,1.030490933111180007e+00,3.284725100949328902e-01,2.638730848534092122e-01,8.502084774568630099e-01,1.017004169549137194e+00,1.025506254323705901e+00,1.029974153047532148e+00,3.285108321581627355e-01,2.638531536935431743e-01,5.435433653604485604e-01,1.010870867307208876e+00,1.016306300960813536e+00,1.019112649604623888e+00,3.293211622776713865e-01,2.634306716517591518e-01,1.375079448257452708e-01,1.002750158896514865e+00,1.004125238344772297e+00,1.004818450599368251e+00,3.304020712594340492e-01,2.628640585263867790e-01,1.863346766084088627e-04,1.000003726693532213e+00,1.000005590040298209e+00,1.000006521724097430e+00,3.307697222160246864e-01,2.626705416270031512e-01
2.803848073123314855e+00,2.628916772637837074e-01,3.313445794461947758e-01,9.790748324113047740e-01,2.630974333978504109e-01,8.802496236968126997e-01,8.780544874781174292e-01,1.017561089749562386e+00,1.026341634624343468e+00,1.030963200966628301e+00,3.290041337909039854e-01,2.643297855992224887e-01,8.608798275763449581e-01,1.017217596551526881e+00,1.025826394827290322e+00,1.030353128188430389e+00,3.290495020197764520e-01,2.643060530117519180e-01,8.463938689392429549e-01,1.016927877378784872e+00,1.025391816068177198e+00,1.029838700187287071e+00,3.290877804301249321e-01,2.642860243704260870e-01,5.411046633171545661e-01,1.010822093266343202e+00,1.016233139899514581e+00,1.019026501493099701e+00,3.298971852468780552e-01,2.638614852504241881e-01,1.368909914649158177e-01,1.002737819829298216e+00,1.004106729743947435e+00,1.004796806444335111e+00,3.309768532858162748e-01,2.632921406213901139e-01,1.854986536053866426e-04,1.000003709973072086e+00,1.000005564959608240e+00,1.000006492463199059e+00,3.313440804276049922e-01,2.630976978954740475e-01
2.797113999486651181e+00,2.633579081732058680e-01,3.319198708855971014e-01,9.789665504876643443e-01,2.635250837927782253e-01,8.763000461903522886e-01,8.741147592921220122e-01,1.017482295185842434e+00,1.026223442778763761e+00,1.030823239558948057e+00,3.295821241605366159e-01,2.647633295282898480e-01,8.570171600883641494e-01,1.017140343201767383e+00,1.025710514802650852e+00,1.030215944126898542e+00,3.296274404120120294e-01,2.647394820607349986e-01,8.425961982599540212e-01,1.016851923965199189e+00,1.025277885947798673e+00,1.029703857445095183e+00,3.296656749571253431e-01,2.647193565115608105e-01,5.386767897352234824e-01,1.010773535794704525e+00,1.016160303692056788e+00,1.018940739445872712e+00,3.304741499900210600e-01,2.642927724559008262e-01,1.362767775349441324e-01,1.002725535550698988e+00,1.004088303326048370e+00,1.004775258621751544e+00,3.315525711360001182e-01,2.637207125596614521e-01,1.846663427585138969e-04,1.000003693326855236e+00,1.000005539990282744e+00,1.000006463332226980e+00,3.319193724462572437e-01,2.635253495398517387e-01
2.790391847395452096e+00,2.638249659298799732e-01,3.324960972107583457e-01,9.788577250155671150e-01,2.639532287400372934e-01,8.723679993725631521e-01,8.701925180773697477e-01,1.017403850361547457e+00,1.026105775542321075e+00,1.030683908638263535e+00,3.301610622540302464e-01,2.651973329780903943e-01,8.531716375281791498e-01,1.017063432750563656e+00,1.025595149125845484e+00,1.030079377866411239e+00,3.302063262778547337e-01,2.651733713075242749e-01,8.388153840120798899e-01,1.016776307680241631e+00,1.025164461520362336e+00,1.029569621814959479e+00,3.302445167466298570e-01,2.651531494218288265e-01,5.362596925707265871e-01,1.010725193851414572e+00,1.016087790777121747e+00,1.018855361577338359e+00,3.310520575410426103e-01,2.647245325245939362e-01,1.356652898695327458e-01,1.002713305797390708e+00,1.004069958696085951e+00,1.004753806666696336e+00,3.321292258793306917e-01,2.641497735324331297e-01,1.838377262263647519e-04,1.000003676754524617e+00,1.000005515131786815e+00,1.000006434330557026e+00,3.324955993533899035e-01,2.639534957290692319e-01
2.783681595744626147e+00,2.642928520001960324e-01,3.330732595012747543e-01,9.787483534395183815e-01,2.643818673967125443e-01,8.684533988794198578e-01,8.662876796802193580e-01,1.017325753593604443e+00,1.025988630390406664e+00,1.030545205091997429e+00,3.307409490745963909e-01,2.656317952460372500e-01,8.493431773881857660e-01,1.016986863547763686e+00,1.025480295321645530e+00,1.029943426358479019e+00,3.307861606219925088e-01,2.656077200468386357e-01,8.350513450763651369e-01,1.016701026901527305e+00,1.025051540352290846e+00,1.029435990302346893e+00,3.308243068045721436e-01,2.655874023936751205e-01,5.338533199636386062e-01,1.010677066399272794e+00,1.016015599598909080e+00,1.018770366008898254e+00,3.316309089322473369e-01,2.651567647006930484e-01,1.350565153489088066e-01,1.002701130306978161e+00,1.004051695460467242e+00,1.004732450115913389e+00,3.327068185833730873e-01,2.645793227190183505e-01,1.830127862305583352e-04,1.000003660255724514e+00,1.000005490383586881e+00,1.000006405457566139e+00,3.330727622285831746e-01,2.643821356202418760e-01
2.776983223466442219e+00,2.647615678531448080e-01,3.336513588348881121e-01,9.786384331937876269e-01,2.648109989079971971e-01,8.645561606440730351e-01,8.624001602434644420e-01,1.017248003204869189e+00,1.025872004807304005e+00,1.030407125819437608e+00,3.313217856238979131e-01,2.660667156170111181e-01,8.455316974514162087e-01,1.016910633949028364e+00,1.025365950923542435e+00,1.029808086566218028e+00,3.313669444475585979e-01,2.660425275608769291e-01,8.313040006193008757e-01,1.016626080012386080e+00,1.024939120018579120e+00,1.029302959924109251e+00,3.314050461353261756e-01,2.660221147070348513e-01,5.314576202366139146e-01,1.010629152404732167e+00,1.015943728607098473e+00,1.018685750868913553e+00,3.322107051942748690e-01,2.655894682160986897e-01,1.344504408995144951e-01,1.002689008817990279e+00,1.004033513226985530e+00,1.004711188507800390e+00,3.332853503138862861e-01,2.650093592867374115e-01,1.821915050553387825e-04,1.000003643830101208e+00,1.000005465745151589e+00,1.000006376712635037e+00,3.336508621495623550e-01,2.648112683585928107e-01
2.770296709530467805e+00,2.652311149603222007e-01,3.342303962874594858e-01,9.785279617023849852e-01,2.652406224071181540e-01,8.606762008948810605e-01,8.585298762043701570e-01,1.017170597524087450e+00,1.025755896286131064e+00,1.030269667731653627e+00,3.319035729020213821e-01,2.665020933632865630e-01,8.417371157896147427e-01,1.016834742315792184e+00,1.025252113473688498e+00,1.029673355464265638e+00,3.319486787561042873e-01,2.664777931192441329e-01,8.275732700912317163e-01,1.016551465401824617e+00,1.024827198102737036e+00,1.029170527708404004e+00,3.319867357416792508e-01,2.664572856292600211e-01,5.290725418937758384e-01,1.010581450837875428e+00,1.015872176256813253e+00,1.018601514292657884e+00,3.327914473560733000e-01,2.660226422903486099e-01,1.338470534937008516e-01,1.002676941069873928e+00,1.004015411604811003e+00,1.004690021382398157e+00,3.338648221347968459e-01,2.654398823908432070e-01,1.813738650471607202e-04,1.000003627477300983e+00,1.000005441215951363e+00,1.000006348095145770e+00,3.342299001921724688e-01,2.652408930773789697e-01
2.763622032943503282e+00,2.657014947959338014e-01,3.348103729329431344e-01,9.784169363790400364e-01,2.656707370152620040e-01,8.568134361534455179e-01,8.546767442927137859e-01,1.017093534885854300e+00,1.025640302328781450e+00,1.030132827751415681e+00,3.324863119074497053e-01,2.669379277444585141e-01,8.379593507613160019e-01,1.016759187015226384e+00,1.025138780522839577e+00,1.029539230038704511e+00,3.325313645475712065e-01,2.669135159788780798e-01,8.238590732244667203e-01,1.016477181464489288e+00,1.024715772196733932e+00,1.029038690694616509e+00,3.325693766248039029e-01,2.668929144150455346e-01,5.266980336195095092e-01,1.010533960672390208e+00,1.015800941008585312e+00,1.018517654422268492e+00,3.333731364448719869e-01,2.664562861305439512e-01,1.332463401494222988e-01,1.002664926802988354e+00,1.003997390204482754e+00,1.004668948281378871e+00,3.344452351081723118e-01,2.658708911744474546e-01,1.805598486142750189e-04,1.000003611196972342e+00,1.000005416795458402e+00,1.000006319604482163e+00,3.348098774303515102e-01,2.656710088978166961e-01
2.756959172749509523e+00,2.661727088367999428e-01,3.353912898433599188e-01,9.783053546271788248e-01,2.661013418414999721e-01,8.529677832326574283e-01,8.508406815288354075e-01,1.017016813630576610e+00,1.025525220445865138e+00,1.029996602813112450e+00,3.330700036370340955e-01,2.673742180073679919e-01,8.341983210099339630e-01,1.016683966420198759e+00,1.025025949630298028e+00,1.029405707286980665e+00,3.331150028202636837e-01,2.673496953839748502e-01,8.201613300314013477e-01,1.016403226600627985e+00,1.024604839900941977e+00,1.028907445933282538e+00,3.331529697842305349e-01,2.673290003063551468e-01,5.243340442772608245e-01,1.010486680885545274e+00,1.015730021328317800e+00,1.018434169406700729e+00,3.339557734861540728e-01,2.668903989312746972e-01,1.326482879299328566e-01,1.002652965758598747e+00,1.003979448637897898e+00,1.004647968748034748e+00,3.350265902941949037e-01,2.663023847684456435e-01,1.797494382263172571e-04,1.000003594988764455e+00,1.000005392483146682e+00,1.000006291240030709e+00,3.353907949361042418e-01,2.661016149290069133e-01
2.750308108029551057e+00,2.666447585623598071e-01,3.359731480887708233e-01,9.781932138399034304e-01,2.665324359827131451e-01,8.491391592347660167e-01,8.470216052217117708e-01,1.016940432104434189e+00,1.025410648156651394e+00,1.029860989862673604e+00,3.336546490859662040e-01,2.678109633860275562e-01,8.304539454618738992e-01,1.016609078909237462e+00,1.024913618363856305e+00,1.029272784217825532e+00,3.336995945708206013e-01,2.677863305659143878e-01,8.164799608026596101e-01,1.016329599216053259e+00,1.024494398824079777e+00,1.028776790486010784e+00,3.337375162178192189e-01,2.677655425323468563e-01,5.219805229083490650e-01,1.010439610458166992e+00,1.015659415687250489e+00,1.018351057401680748e+00,3.345393595036296186e-01,2.673249798745452321e-01,1.320528839434856605e-01,1.002641057678869796e+00,1.003961586518304472e+00,1.004627082327269383e+00,3.356088887511344820e-01,2.667343622914423173e-01,1.789426164139006309e-04,1.000003578852328268e+00,1.000005368278492401e+00,1.000006263001180562e+00,3.359726537794758272e-01,2.665327102678601845e-01
2.743668817901722790e+00,2.671176454546764223e-01,3.365559487372504210e-01,9.780805113999685441e-01,2.669640185235171437e-01,8.453274815494475902e-01,8.432194329670300581e-01,1.016864388659340701e+00,1.025296582989010830e+00,1.029725985857486092e+00,3.342402492477502540e-01,2.682481631015471435e-01,8.267261433246432256e-01,1.016534522866492818e+00,1.024801784299739227e+00,1.029140457851179358e+00,3.342851407941875297e-01,2.682234207431862805e-01,8.128148861052379992e-01,1.016256297722104796e+00,1.024384446583157082e+00,1.028646721425405586e+00,3.343230169217320524e-01,2.682025403092985760e-01,5.196374187307798431e-01,1.010392748374615568e+00,1.015589122561923352e+00,1.018268316569660881e+00,3.351238955192073488e-01,2.677600281296990126e-01,1.314601153430327851e-01,1.002629202306860590e+00,1.003943803460290995e+00,1.004606288565583760e+00,3.361921315353217365e-01,2.671668228496759112e-01,1.781393657682089980e-04,1.000003562787315392e+00,1.000005344180973088e+00,1.000006234887322210e+00,3.365554550285247970e-01,2.669642939990215513e-01
2.737041281521088720e+00,2.675913709984412692e-01,3.371396928548597849e-01,9.779672446797607055e-01,2.673960885361863493e-01,8.415326678518956216e-01,8.394340826452824089e-01,1.016788681652905701e+00,1.025183022479358552e+00,1.029591587766316874e+00,3.348268051141743418e-01,2.686858163620584605e-01,8.230148340849835487e-01,1.016460296681699571e+00,1.024690445022549579e+00,1.029008725218111486e+00,3.348716424835885830e-01,2.686609651213141547e-01,8.091660267806688456e-01,1.016183320535613444e+00,1.024274980803420165e+00,1.028517235834992327e+00,3.349094728904044582e-01,2.686399928405327486e-01,5.173046811380712651e-01,1.010346093622761510e+00,1.015519140434142153e+00,1.018185945079770782e+00,3.357093825529675057e-01,2.681955428533440156e-01,1.308699693259281482e-01,1.002617399386518615e+00,1.003926099079777812e+00,1.004585587011069148e+00,3.367763197011210408e-01,2.675997655369430905e-01,1.773396689405945309e-04,1.000003546793378773e+00,1.000005320190068270e+00,1.000006206897847694e+00,3.371391997492962922e-01,2.673963651947945941e-01
2.730425478079613999e+00,2.680659366809788335e-01,3.377243815056195086e-01,9.778534110412770985e-01,2.678286450805783536e-01,8.377546361009192699e-01,8.356654724198696593e-01,1.016713309448397329e+00,1.025069964172595993e+00,1.029457792569233865e+00,3.354143176752822919e-01,2.691239223626401555e-01,8.193199375070115975e-01,1.016386398750140252e+00,1.024579598125210378e+00,1.028877583360744419e+00,3.354591006304976641e-01,2.690989628927810129e-01,8.055333039431915587e-01,1.016110666078863911e+00,1.024165999118295645e+00,1.028388330809140161e+00,3.354968851165172627e-01,2.690778993163412958e-01,5.149822596980846434e-01,1.010299645193961648e+00,1.015449467790942473e+00,1.018103941107773913e+00,3.362958216231335395e-01,2.686315231892765776e-01,1.302824331336318309e-01,1.002605648662672655e+00,1.003908472994008871e+00,1.004564977213391996e+00,3.373614543009031963e-01,2.680331894345230892e-01,1.765435086421768599e-04,1.000003530870172908e+00,1.000005296305259250e+00,1.000006179032152831e+00,3.377238890057951970e-01,2.678289229150661033e-01
2.723821386806103639e+00,2.685413439922512691e-01,3.383100157514825623e-01,9.777390078361039016e-01,2.682616872040576306e-01,8.339933045370578890e-01,8.319135207352198469e-01,1.016638270414704337e+00,1.024957405622056505e+00,1.029324597257527119e+00,3.360027879193450140e-01,2.695624802852419344e-01,8.156413736303744777e-01,1.016312827472607427e+00,1.024469241208911141e+00,1.028747029332176322e+00,3.360475162246100989e-01,2.695374132369528497e-01,8.019166389779401882e-01,1.016038332779558795e+00,1.024057499169338303e+00,1.028260003452988958e+00,3.360852545909676636e-01,2.695162589139097897e-01,5.126701041518660906e-01,1.010253402083037377e+00,1.015380103124555955e+00,1.018022302836022686e+00,3.368832137460441301e-01,2.690679682684058993e-01,1.296974940514168950e-01,1.002593949881028346e+00,1.003890924821542407e+00,1.004544458723788392e+00,3.379475363850181213e-01,2.684670936111018258e-01,1.757508676434457403e-04,1.000003515017352962e+00,1.000005272526029332e+00,1.000006151289634104e+00,3.383095238599586052e-01,2.682619662072294187e-01
2.717228986966131465e+00,2.690175944248632267e-01,3.388965966523067586e-01,9.776240324053956376e-01,2.686952139414190421e-01,8.302485916807017530e-01,8.281781463149144873e-01,1.016563562926298347e+00,1.024845344389447410e+00,1.029191998833632216e+00,3.365922168328317476e-01,2.700014892986089543e-01,8.119790627684124740e-01,1.016239581255368174e+00,1.024359371883052372e+00,1.028617060196406641e+00,3.366368902538138808e-01,2.699763153200035459e-01,7.983159535391362027e-01,1.015966319070782831e+00,1.023949478606174024e+00,1.028132250882372478e+00,3.366745823028409190e-01,2.699550707972417363e-01,5.103681644124905548e-01,1.010207363288249782e+00,1.015311044932374784e+00,1.017941028453410945e+00,3.374715599361250429e-01,2.695048772086779953e-01,1.291151394080770343e-01,1.002582302788161517e+00,1.003873454182242275e+00,1.004524031095050063e+00,3.385345670017669284e-01,2.689014771226950762e-01,1.749617287738651559e-04,1.000003499234575433e+00,1.000005248851863149e+00,1.000006123669690661e+00,3.388961053716286198e-01,2.686954941061083790e-01
2.710648257861980603e+00,2.694946894740664067e-01,3.394841252658272190e-01,9.775084820798541907e-01,2.691292243148115659e-01,8.265204163302329876e-01,8.244592681598333916e-01,1.016489185363196768e+00,1.024733778044794930e+00,1.029059994311050774e+00,3.371826054003809192e-01,2.704409485582053296e-01,8.083329255063403940e-01,1.016166658510126775e+00,1.024249987765190273e+00,1.028487673028259275e+00,3.372272237041607501e-01,2.704156682948382628e-01,7.947311695483009197e-01,1.015894623390966034e+00,1.023841935086448940e+00,1.028005070223746209e+00,3.372648692393812042e-01,2.703943341170823578e-01,5.080763905639197331e-01,1.010161527811278326e+00,1.015242291716917489e+00,1.017860116155331562e+00,3.380608612058608187e-01,2.699422491149994219e-01,1.285353565756375271e-01,1.002570707131512862e+00,1.003856060697269070e+00,1.004503693881514614e+00,3.391225471973745020e-01,2.693363390125726453e-01,1.741760749214814070e-04,1.000003483521498371e+00,1.000005225282247556e+00,1.000006096171723424e+00,3.394836345985249859e-01,2.691295056338806058e-01
2.704079178832575092e+00,2.699726306377642771e-01,3.400726026476290076e-01,9.773923541797081560e-01,2.695637173336609127e-01,8.228086975601724973e-01,8.207568055463068113e-01,1.016415136110926154e+00,1.024622704166389120e+00,1.028928580714275842e+00,3.377739546047712205e-01,2.708808572061380260e-01,8.047028826994352402e-01,1.016094057653988747e+00,1.024141086480983009e+00,1.028358864913307746e+00,3.378185175598371615e-01,2.708554713010170589e-01,7.911622091924734868e-01,1.015823244183849505e+00,1.023734866275774147e+00,1.027878458614112755e+00,3.378561163859628569e-01,2.708340480108421544e-01,5.057947328598622061e-01,1.010115894657197311e+00,1.015173841985795855e+00,1.017779564143631799e+00,3.386511185657657963e-01,2.703800830791601717e-01,1.279581329690671343e-01,1.002559162659381276e+00,1.003838743989071913e+00,1.004483446639055311e+00,3.397114780159614100e-01,2.697716783111807626e-01,1.733938890325326890e-04,1.000003467877780716e+00,1.000005201816670963e+00,1.000006068795135761e+00,3.400721125962169467e-01,2.695639998000003423e-01
2.697521729253415934e+00,2.704514194165167917e-01,3.406620298511187084e-01,9.772756460146928559e-01,2.699986919945926434e-01,8.191133547193427678e-01,8.170706780242821266e-01,1.016341413560485574e+00,1.024512120340728361e+00,1.028797755078715737e+00,3.383662654268925762e-01,2.713212143710800883e-01,8.010888554712398690e-01,1.016021777109424873e+00,1.024032665664137198e+00,1.028230632947801482e+00,3.384107728031348628e-01,2.712957234646781735e-01,7.876089949224448494e-01,1.015752179898448793e+00,1.023628269847673300e+00,1.027752413200950343e+00,3.384483247260607897e-01,2.712742116025199657e-01,5.035231417226447848e-01,1.010070462834452787e+00,1.015105694251679402e+00,1.017699370626567568e+00,3.392423330243558022e-01,2.708183781797572354e-01,1.273834560459921883e-01,1.002547669120919860e+00,1.003821503681379790e+00,1.004463288925071973e+00,3.403013604995158703e-01,2.702074940360653099e-01,1.726151541110618973e-04,1.000003452303082296e+00,1.000005178454623334e+00,1.000006041539332813e+00,3.406615404180957651e-01,2.699989756011216269e-01
2.690975888536514926e+00,2.709310573135452205e-01,3.412524079274968369e-01,9.771583548840288014e-01,2.704341472813541758e-01,8.154343074290388849e-01,8.134008054155001943e-01,1.016268016108309968e+00,1.024402024162464953e+00,1.028667514450617659e+00,3.389595388457162239e-01,2.717620191681932029e-01,7.974907652117739776e-01,1.015949815304235448e+00,1.023924722956353284e+00,1.028102974238591649e+00,3.390039904144218630e-01,2.717364238984609770e-01,7.840714494509988253e-01,1.015681428989019919e+00,1.023522143483529989e+00,1.027626931142137989e+00,3.390414952412211802e-01,2.717148240026260875e-01,5.012615677420878546e-01,1.010025231354841679e+00,1.015037847032262741e+00,1.017619533818761468e+00,3.398345055881190069e-01,2.712571334821172742e-01,1.268113133064123488e-01,1.002536226266128150e+00,1.003804339399192447e+00,1.004443220298479211e+00,3.408921956878654957e-01,2.706437851917943838e-01,1.718398532185312470e-04,1.000003436797064271e+00,1.000005155195596629e+00,1.000006014403721277e+00,3.412519191153463582e-01,2.704344320210201880e-01
2.684441636130333375e+00,2.714115458347366450e-01,3.418437379257292519e-01,9.770404780764041508e-01,2.708700821647377910e-01,8.117714755812160954e-01,8.097471078116869059e-01,1.016194942156233738e+00,1.024292413234350718e+00,1.028537855886991981e+00,3.395537758382654037e-01,2.722032706990506479e-01,7.939085335757615214e-01,1.015878170671515202e+00,1.023817256007272913e+00,1.027975885903056996e+00,3.395981713721124007e-01,2.721775717014285334e-01,7.805494957511692755e-01,1.015610989915023410e+00,1.023416484872535115e+00,1.027502009605886224e+00,3.396356289110322724e-01,2.721558843081049450e-01,4.990099616743911559e-01,1.009980199233487808e+00,1.014970298850231822e+00,1.017540051941158596e+00,3.404276372614868929e-01,2.716963480382187934e-01,1.262416922924186891e-01,1.002524833845848340e+00,1.003787250768772621e+00,1.004423240319696653e+00,3.414839846186485950e-01,2.710805507698804129e-01,1.710679694734402274e-04,1.000003421359389577e+00,1.000005132039084144e+00,1.000005987387710960e+00,3.418432497369193190e-01,2.708703680305163952e-01
2.677918951519715041e+00,2.718928864886487884e-01,3.424360208925191218e-01,9.769220128699518391e-01,2.713064956025018071e-01,8.081247793366848065e-01,8.061095055727529601e-01,1.016122190111454993e+00,1.024183285167182600e+00,1.028408776455538742e+00,3.401489773795855487e-01,2.726449680515599661e-01,7.903420824808653489e-01,1.015806841649617320e+00,1.023710262474425869e+00,1.027849365069032128e+00,3.401933166526374119e-01,2.726191659589901617e-01,7.770430570545046045e-01,1.015540861141090101e+00,1.023311291711635151e+00,1.027377645770662484e+00,3.402307267130941781e-01,2.725973916022573218e-01,4.967682744410243934e-01,1.009935365488820569e+00,1.014903048233230631e+00,1.017460923220983249e+00,3.410217290468051110e-01,2.721360208866147046e-01,1.256745805879128930e-01,1.002513491611758178e+00,1.003770237417637379e+00,1.004403348550638730e+00,3.420767283272858617e-01,2.715177897487023873e-01,1.702994860509453182e-04,1.000003405989720928e+00,1.000005108984581614e+00,1.000005960490712331e+00,3.424355333295024395e-01,2.713067825873966554e-01
2.671407814225823074e+00,2.723750807865147339e-01,3.430292578722780594e-01,9.768029565322322583e-01,2.717433865392926973e-01,8.044941391233162431e-01,8.024879193250037401e-01,1.016049758386500024e+00,1.024074637579750036e+00,1.028280273234573716e+00,3.407451444427142540e-01,2.730871102998843614e-01,7.867913341059328269e-01,1.015735826682118592e+00,1.023603740023177888e+00,1.027723408874734901e+00,3.407894272304148875e-01,2.730612057428233319e-01,7.735520568493424731e-01,1.015471041136986941e+00,1.023206561705480189e+00,1.027253836825123834e+00,3.408267896229893457e-01,2.730393449546625328e-01,4.945364571276242294e-01,1.009890729142552512e+00,1.014836093713828769e+00,1.017382145891695178e+00,3.416167819443038378e-01,2.725761510523544429e-01,1.251099658183283947e-01,1.002502199316366527e+00,1.003753298974549901e+00,1.004383544554705576e+00,3.426704278469515641e-01,2.719555010934274764e-01,1.695343861824818738e-04,1.000003390687723703e+00,1.000005086031585444e+00,1.000005933712138972e+00,3.430287709374920668e-01,2.717436746363352529e-01
2.664908203806072517e+00,2.728581302422478649e-01,3.436234499070974779e-01,9.766833063202131626e-01,2.721807539065663750e-01,8.008794756342595411e-01,7.988822699593611798e-01,1.015977645399187335e+00,1.023966468098780780e+00,1.028152343312954242e+00,3.413422779986513556e-01,2.735296965043653716e-01,7.832562108892514585e-01,1.015665124217784987e+00,1.023497686326677591e+00,1.027598014468692700e+00,3.413865040778191751e-01,2.735036901107955609e-01,7.700764188790956144e-01,1.015401528377581908e+00,1.023102292566372862e+00,1.027130579968042356e+00,3.414238186142523057e-01,2.734817434211002651e-01,4.923144609828982166e-01,1.009846289219658022e+00,1.014769433829487033e+00,1.017303718192949624e+00,3.422127969520683544e-01,2.730167375469046975e-01,1.245478356503529616e-01,1.002490956713007142e+00,1.003736435069510602e+00,1.004363827896771921e+00,3.432650842085444576e-01,2.723936837559324808e-01,1.687726531553882577e-04,1.000003375453063059e+00,1.000005063179594700e+00,1.000005907051405574e+00,3.436229636029644596e-01,2.721810431088160231e-01
2.658420099854072127e+00,2.733420363724461954e-01,3.442185980367197806e-01,9.765630594802502396e-01,2.726185966225094237e-01,7.972807098261702752e-01,7.952924786295962889e-01,1.015905849572591890e+00,1.023858774358887835e+00,1.028024983790005287e+00,3.419403790163283996e-01,2.739727257114436543e-01,7.797366355268169347e-01,1.015594732710536352e+00,1.023392099065804528e+00,1.027473179009673609e+00,3.419845481651513364e-01,2.739466181068861417e-01,7.666160671405483074e-01,1.015332321342810928e+00,1.022998482014216393e+00,1.027007872408238542e+00,3.420218146583393626e-01,2.739245860434718627e-01,4.901022374175358354e-01,1.009802044748350669e+00,1.014703067122526114e+00,1.017225638370550245e+00,3.428097750660094034e-01,2.734577793680723068e-01,1.239881777916532618e-01,1.002479763555833125e+00,1.003719645333749577e+00,1.004344198143177325e+00,3.438606984406588074e-01,2.728323366747251733e-01,1.680142703125327955e-04,1.000003360285406151e+00,1.000005040428109337e+00,1.000005880507929490e+00,3.442181123656469222e-01,2.726188869230530276e-01
2.651943481999552876e+00,2.738268006963976431e-01,3.448147032985093285e-01,9.764422132480681249e-01,2.730569135919599377e-01,7.936977629174410964e-01,7.917184667505646756e-01,1.015834369335011367e+00,1.023751554002517050e+00,1.027898191775447945e+00,3.425394484625783886e-01,2.744161969535806600e-01,7.762325309706026299e-01,1.015524650619411995e+00,1.023286975929118103e+00,1.027348899666612247e+00,3.425835604606082274e-01,2.743899887611069288e-01,7.631709258821548492e-01,1.015263418517643013e+00,1.022895127776464630e+00,1.026885711364508902e+00,3.426207787245984515e-01,2.743678718497219449e-01,4.878997380031209752e-01,1.009757994760062338e+00,1.014636992140093730e+00,1.017147904676412473e+00,3.434077172798328248e-01,2.738992754999236001e-01,1.234309799905996957e-01,1.002468619599812039e+00,1.003702929399717947e+00,1.004324654861717292e+00,3.444572715695548570e-01,2.732714587748651391e-01,1.672592210519405925e-04,1.000003345184421022e+00,1.000005017776631533e+00,1.000005854081129408e+00,3.448142182628886609e-01,2.730572049839118942e-01
2.645478329908311554e+00,2.743124247360843038e-01,3.454117667274229642e-01,9.763207648487426393e-01,2.734957037063282526e-01,7.901305563864492454e-01,7.881601559964581671e-01,1.015763203119929070e+00,1.023644804679893827e+00,1.027771964389326165e+00,3.431394873021050285e-01,2.748601092491792519e-01,7.727438204268453070e-01,1.015454876408536933e+00,1.023182314612805399e+00,1.027225173618542042e+00,3.431835419302522450e-01,2.748338010894235683e-01,7.597409196023550138e-01,1.015194818392047171e+00,1.022792227588070757e+00,1.026764094065558242e+00,3.432207117802383300e-01,2.748115998537590254e-01,4.857069144710544073e-01,1.009714138289421026e+00,1.014571207434131539e+00,1.017070515368516226e+00,3.440066245850099680e-01,2.743412249127067937e-01,1.228762300359938775e-01,1.002457524600719907e+00,1.003686286901079860e+00,1.004305197621632173e+00,3.450548046191296292e-01,2.737110489678843406e-01,1.665074888264244713e-04,1.000003330149776604e+00,1.000004995224664794e+00,1.000005827770426459e+00,3.454112823296314749e-01,2.734959961828302144e-01
2.639024623282140602e+00,2.747989100161876141e-01,3.460097893559805904e-01,9.761987114966806933e-01,2.739349658435169532e-01,7.865790119698035099e-01,7.846174682990558757e-01,1.015692349365981073e+00,1.023538524048971610e+00,1.027646298761934807e+00,3.437404964974519195e-01,2.753044616025049351e-01,7.692704273543311544e-01,1.015385408547086588e+00,1.023078112820629881e+00,1.027101998054522181e+00,3.437844935379804068e-01,2.752780540936764497e-01,7.563259730478879561e-01,1.015126519460957777e+00,1.022689779191436665e+00,1.026643017749927944e+00,3.438216147902979358e-01,2.752557690553764091e-01,4.835237187114764246e-01,1.009670474374229521e+00,1.014505711561344281e+00,1.016993468710868598e+00,3.446064979707471609e-01,2.747836265627716101e-01,1.223239157567959784e-01,1.002446478315135892e+00,1.003669717472703837e+00,1.004285825993597614e+00,3.456532986108873384e-01,2.741511061517080128e-01,1.657590571432154488e-04,1.000003315181142938e+00,1.000004972771714407e+00,1.000005801575242881e+00,3.460093055983803900e-01,2.739352593977379402e-01
2.632582341858768160e+00,2.752862580640929591e-01,3.466087722142358607e-01,9.760760503956036338e-01,2.743746988678413823e-01,7.830430516606003977e-01,7.810903258459854781e-01,1.015621806516919801e+00,1.023432709775379479e+00,1.027521192033748587e+00,3.443424770089717479e-01,2.757492530036056433e-01,7.658122754626899287e-01,1.015316245509253701e+00,1.022974368263880773e+00,1.026979370173568995e+00,3.443864162454933209e-01,2.757227467615004923e-01,7.529260112121156645e-01,1.015058520224242367e+00,1.022587780336363439e+00,1.026522479665932019e+00,3.444234887176154669e-01,2.757003784401724222e-01,4.813501027721946435e-01,1.009627002055443867e+00,1.014440503083165801e+00,1.016916762973458344e+00,3.452073384239551235e-01,2.752264793924898423e-01,1.217740250218535825e-01,1.002435480500437182e+00,1.003653220750655661e+00,1.004266539549716120e+00,3.462527545639090265e-01,2.745916292105740619e-01,1.650139095635952456e-04,1.000003300278191176e+00,1.000004950417286986e+00,1.000005775495003357e+00,3.466082890991741827e-01,2.743749934929774481e-01
2.626151465411793229e+00,2.757744704098944455e-01,3.472087163297462031e-01,9.759527787385280373e-01,2.748149016299493153e-01,7.795225977066849721e-01,7.775786510789874928e-01,1.015551573021579834e+00,1.023327359532369529e+00,1.027396641355348583e+00,3.449454297947949222e-01,2.761944824282325239e-01,7.623692887106944260e-01,1.015247385774213917e+00,1.022871078661320876e+00,1.026857287184585132e+00,3.449893110122642104e-01,2.761678780662456534e-01,7.495409593333508536e-01,1.014990819186667004e+00,1.022486228780000506e+00,1.026402477071582720e+00,3.450263345227971290e-01,2.761454269794705874e-01,4.791860188576151369e-01,1.009583720377152272e+00,1.014375580565728407e+00,1.016840396432217020e+00,3.458091469292187137e-01,2.756697823301754169e-01,1.212265457396311946e-01,1.002424530914792555e+00,1.003636796372188833e+00,1.004247337863504619e+00,3.468531734948233081e-01,2.750326170149536287e-01,1.642720297025298257e-04,1.000003285440594025e+00,1.000004928160891149e+00,1.000005749529135013e+00,3.472082338595553486e-01,2.748151973192233810e-01
2.619731973750621279e+00,2.762635485863998985e-01,3.478096227275427887e-01,9.758288937077486125e-01,2.752555729667404139e-01,7.760175726089127979e-01,7.740823666921823332e-01,1.015481647333843718e+00,1.023222471000765577e+00,1.027272643887353620e+00,3.455493558107983754e-01,2.766401488377591145e-01,7.589413913045602866e-01,1.015178827826091146e+00,1.022768241739136830e+00,1.026735746306290054e+00,3.455931787955076051e-01,2.766134469668969365e-01,7.461707428931853014e-01,1.014923414857863637e+00,1.022385122286795456e+00,1.026283007234526368e+00,3.456301531641860492e-01,2.765909136302395765e-01,4.770314193276737891e-01,1.009540628386553562e+00,1.014310942579830233e+00,1.016764367368976352e+00,3.464119244687655641e-01,2.761135342900040146e-01,1.206814658579399152e-01,1.002413629317158827e+00,1.003620443975738130e+00,1.004228220509888470e+00,3.474545564177756174e-01,2.754740684214701529e-01,1.635334012283030990e-04,1.000003270668024635e+00,1.000004906002036842e+00,1.000005723677065861e+00,3.478091409045404592e-01,2.752558697134022681e-01
2.613323846720404298e+00,2.767534941291353023e-01,3.484114924301006111e-01,9.757043924748201036e-01,2.756967117012856794e-01,7.725278991194168832e-01,7.706013956303410239e-01,1.015412027912606874e+00,1.023118041868910311e+00,1.027149196800346331e+00,3.461542560105741462e-01,2.770862511791013505e-01,7.555285076962512392e-01,1.015110570153924918e+00,1.022665855230887599e+00,1.026614744767151421e+00,3.461980205501477559e-01,2.770594524079934562e-01,7.428152876148238493e-01,1.014856305752296572e+00,1.022284458628444748e+00,1.026164067431973193e+00,3.462349455978307455e-01,2.770368373350124980e-01,4.748862566967712029e-01,1.009497725133935431e+00,1.014246587700903035e+00,1.016688674071426712e+00,3.470156720224358282e-01,2.765577341719327453e-01,1.201387733636680166e-01,1.002402775467273299e+00,1.003604163200910060e+00,1.004209187065187914e+00,3.480569043443982324e-01,2.759159822728191602e-01,1.627980078621517075e-04,1.000003255960157267e+00,1.000004883940235789e+00,1.000005697938226135e+00,3.484110112565896311e-01,2.756970094986117559e-01
2.606927064201971955e+00,2.772443085763500736e-01,3.490143264573081772e-01,9.755792722005405260e-01,2.761383166427466840e-01,7.690535002398676268e-01,7.671356610871498116e-01,1.015342713221742965e+00,1.023014069832614448e+00,1.027026297274803657e+00,3.467601313453972378e-01,2.775327883846366861e-01,7.521305625817776841e-01,1.015042611251635529e+00,1.022563916877453405e+00,1.026494279805313159e+00,3.468038372287871041e-01,2.775058933195482802e-01,7.394745194614110728e-01,1.014789490389228277e+00,1.022184235583842415e+00,1.026045654950629382e+00,3.468407127774534859e-01,2.774831970218067378e-01,4.727504836327027782e-01,1.009455009672654002e+00,1.014182514508981114e+00,1.016613314833077153e+00,3.476203905676503725e-01,2.770023808616190464e-01,1.195984562825102432e-01,1.002391969125650206e+00,1.003587953688475309e+00,1.004190237107111416e+00,3.486602182837796327e-01,2.763583573976872709e-01,1.620658333778983212e-04,1.000003241316667513e+00,1.000004861975001269e+00,1.000005672312047844e+00,3.490138459355767164e-01,2.761386154840399509e-01
2.600541606111773874e+00,2.777359934690215582e-01,3.496181258264366987e-01,9.754535300349338467e-01,2.765803865862938582e-01,7.655942992197385388e-01,7.636850865034798819e-01,1.015273701730069700e+00,1.022910552595104328e+00,1.026903942501026235e+00,3.473669827641946428e-01,2.779797593721235471e-01,7.487474808994998288e-01,1.014974949617990063e+00,1.022462424426985095e+00,1.026374348668528613e+00,3.474106297816743627e-01,2.779527686169670497e-01,7.361483646343639498e-01,1.014722967292687184e+00,1.022084450939030997e+00,1.025927767086628917e+00,3.474474556544185355e-01,2.779299916040422480e-01,4.706240529555929530e-01,1.009412481059111855e+00,1.014118721588667782e+00,1.016538287953211883e+00,3.482260810793798567e-01,2.774474732303399693e-01,1.190605026786981657e-01,1.002381210053574057e+00,1.003571815080360974e+00,1.004171370214743897e+00,3.492644992424337458e-01,2.768011926106707099e-01,1.613368616015862351e-04,1.000003226737232076e+00,1.000004840105848114e+00,1.000005646797964998e+00,3.496176459587583829e-01,2.765806864648837626e-01
2.594167452401812568e+00,2.782285503508600266e-01,3.502228915521098940e-01,9.753271631172329981e-01,2.770229203130255002e-01,7.621502195545614144e-01,7.602495955656473070e-01,1.015204991911312860e+00,1.022807487866969511e+00,1.026782129679064903e+00,3.479748112135123139e-01,2.784271630446193413e-01,7.453791878284219408e-01,1.014907583756568421e+00,1.022361375634852632e+00,1.026254948614089058e+00,3.480183991566726531e-01,2.784000772009670444e-01,7.328367495716936464e-01,1.014656734991433940e+00,1.021985102487150909e+00,1.025810401145466288e+00,3.480551751777000713e-01,2.783772199804608882e-01,4.685069176368222288e-01,1.009370138352736479e+00,1.014055207529104718e+00,1.016463591736850969e+00,3.488327445301129259e-01,2.778930101349105786e-01,1.185249006547288431e-01,1.002370498013094524e+00,1.003555747019641897e+00,1.004152585968538069e+00,3.498697482242690282e-01,2.772444867121943157e-01,1.606110764111115530e-04,1.000003212221528326e+00,1.000004818332292267e+00,1.000005621395413158e+00,3.502224123407437495e-01,2.770232212222677459e-01
2.587804583059583940e+00,2.787219807683133932e-01,3.508286246462727909e-01,9.752001685758637795e-01,2.774659165898860635e-01,7.587211849841770661e-01,7.568291122036678864e-01,1.015136582244073438e+00,1.022704873366109934e+00,1.026660856018652312e+00,3.485836176374837447e-01,2.788749982903995783e-01,7.420256087864812722e-01,1.014840512175729570e+00,1.022260768263594466e+00,1.026136076908755079e+00,3.486271462992270309e-01,2.788478179574954141e-01,7.295396009463240850e-01,1.014590792018926546e+00,1.021886188028389819e+00,1.025693554441926114e+00,3.486638722938502077e-01,2.788248810350447138e-01,4.663990307979523631e-01,1.009327980615958964e+00,1.013991970923938668e+00,1.016389224494707033e+00,3.494403818898248471e-01,2.783389904176026275e-01,1.179916383510927341e-01,1.002359832767021786e+00,1.003539749150532678e+00,1.004133883950304451e+00,3.504759662305576562e-01,2.776882384884296617e-01,1.598884617358547219e-04,1.000003197769234742e+00,1.000004796653852113e+00,1.000005596103829886e+00,3.508281460934634111e-01,2.774662185231622780e-01
2.581452978108010221e+00,2.792162862705723225e-01,3.514353261181609733e-01,9.750725435284283149e-01,2.779093741695838893e-01,7.553071194909749542e-01,7.534235605895012178e-01,1.015068471211790113e+00,1.022602706817685059e+00,1.026540118739128093e+00,3.491934029777971071e-01,2.793232639828758801e-01,7.386866694288264368e-01,1.014773733388576460e+00,1.022160600082864690e+00,1.026017730828686414e+00,3.492368721523324560e-01,2.792959897576475781e-01,7.262568456643989645e-01,1.014525136913287939e+00,1.021787705369932020e+00,1.025577224300016299e+00,3.492735479469664117e-01,2.792729736369342630e-01,4.643003457096436248e-01,1.009286006914192901e+00,1.013929010371289241e+00,1.016315184543145289e+00,3.500489941259454230e-01,2.787854129060626240e-01,1.174607039459999724e-01,1.002349214078920081e+00,1.003523821118379900e+00,1.004115263743201369e+00,3.510831542599041066e-01,2.781324467112130105e-01,1.591690015563094096e-04,1.000003183380031135e+00,1.000004775070046703e+00,1.000005570922654963e+00,3.514348482261385187e-01,2.779096771203019012e-01
2.575112617605382681e+00,2.797114684095747261e-01,3.520429969742691068e-01,9.749442850816888440e-01,2.783532917905092163e-01,7.519079472981223811e-01,7.500328651352842213e-01,1.015000657302705722e+00,1.022500985954058583e+00,1.026419915069370026e+00,3.498041681736628883e-01,2.797719589805140461e-01,7.353622956460854621e-01,1.014707245912921607e+00,1.022060868869382633e+00,1.025899907659370225e+00,3.498475776565011519e-01,2.797445914575852344e-01,7.229884108635791229e-01,1.014459768217271574e+00,1.021689652325907360e+00,1.025461408052898094e+00,3.498842030786592505e-01,2.797214966403462344e-01,4.622108157905668868e-01,1.009244216315811293e+00,1.013866324473716940e+00,1.016241470204139796e+00,3.506585822033270738e-01,2.792322764132293411e-01,1.169320856551049892e-01,1.002338641713102163e+00,1.003507962569653245e+00,1.004096724931725415e+00,3.516913133082137377e-01,2.785771101379635462e-01,1.584526799037094032e-04,1.000003169053597984e+00,1.000004753580397088e+00,1.000005545851328614e+00,3.520425197452493604e-01,2.783535957521027782e-01
2.568783481645294131e+00,2.802075287400109249e-01,3.526516382183199627e-01,9.748153903315521784e-01,2.787976681766517473e-01,7.485235928677737016e-01,7.466569504915449018e-01,1.014933139009830843e+00,1.022399708514746264e+00,1.026300242247719208e+00,3.504159141617811390e-01,2.802210821267515084e-01,7.320524135626149675e-01,1.014641048271252233e+00,1.021961572406878460e+00,1.025782604695552269e+00,3.504592637497297436e-01,2.801936218984538152e-01,7.197342239113208029e-01,1.014394684478226338e+00,1.021592026717339730e+00,1.025346103042816814e+00,3.504958386280194182e-01,2.801704488844916630e-01,4.601303946063023398e-01,1.009202607892126125e+00,1.013803911838188965e+00,1.016168079805232827e+00,3.512691470842123076e-01,2.796795797372521597e-01,1.164057717312279999e-01,1.002328115434624634e+00,1.003492173151936839e+00,1.004078267101700783e+00,3.523004443686613696e-01,2.790222275116004957e-01,1.577394808596512801e-04,1.000003154789617099e+00,1.000004732184425871e+00,1.000005520889294397e+00,3.526511616545043859e-01,2.787979731425802576e-01
2.562465550356578081e+00,2.807044688193284787e-01,3.532612508512325000e-01,9.746858563630547145e-01,2.792425020375179368e-01,7.451539808992644343e-01,7.432957415454010119e-01,1.014865914830908045e+00,1.022298872246361956e+00,1.026181097521908780e+00,3.510286418763084448e-01,2.806706322499150086e-01,7.287569495347330228e-01,1.014575138990694736e+00,1.021862708486041882e+00,1.025665819241164289e+00,3.510719313674666164e-01,2.806430799063000525e-01,7.164942124031388193e-01,1.014329884248062807e+00,1.021494826372094211e+00,1.025231306621031901e+00,3.511084555315852063e-01,2.806198291934929312e-01,4.580590358682296026e-01,1.009161180717364603e+00,1.013741771076046794e+00,1.016095011679490234e+00,3.518806897282018564e-01,2.801273216614080797e-01,1.158817504640741736e-01,1.002317635009281505e+00,1.003476452513922146e+00,1.004059889840269948e+00,3.529105484316591990e-01,2.794677975604606956e-01,1.570293885557136901e-04,1.000003140587771178e+00,1.000004710881656766e+00,1.000005496035996977e+00,3.532607749548082321e-01,2.792428080012663294e-01
2.556158803903247456e+00,2.812022902077370157e-01,3.538718358710902789e-01,9.745556802503464455e-01,2.796877920680481688e-01,7.417990363272798371e-01,7.399491634187330691e-01,1.014798983268374588e+00,1.022198474902561882e+00,1.026062478148988877e+00,3.516423522488251185e-01,2.811206081631377196e-01,7.254758301489290240e-01,1.014509516602978501e+00,1.021764274904467973e+00,1.025549548609251627e+00,3.516855814425785542e-01,2.810929642919893778e-01,7.132683041608459673e-01,1.014265366083216824e+00,1.021398049124825347e+00,1.025117016147745863e+00,3.517220547233090300e-01,2.810696363763011685e-01,4.559966934324017340e-01,1.009119933868648067e+00,1.013679900802971989e+00,1.016022264165460376e+00,3.524932110922216477e-01,2.805755009540187861e-01,1.153600101799488187e-01,1.002307200203598869e+00,1.003460800305398415e+00,1.004041592735882782e+00,3.535216264848252132e-01,2.799138189982157132e-01,1.563223871730715694e-04,1.000003126447743362e+00,1.000004689671615266e+00,1.000005471290882131e+00,3.538713606442303039e-01,2.796880990231268016e-01
2.549863222484431979e+00,2.817009944682130618e-01,3.544833942731094867e-01,9.744248590566763069e-01,2.801335369485331572e-01,7.384586843199966166e-01,7.366171414663308381e-01,1.014732342829326672e+00,1.022098514243990008e+00,1.025944381395252458e+00,3.522570462083014498e-01,2.815710086642762011e-01,7.222089822200455922e-01,1.014444179644400812e+00,1.021666269466601440e+00,1.025433790121901501e+00,3.523002149053175991e-01,2.815432738511223221e-01,7.100564272307658964e-01,1.014201128544615305e+00,1.021301692816922957e+00,1.025003228992032334e+00,3.523366371345246217e-01,2.815198692266130398e-01,4.539433212984031463e-01,1.009078866425968002e+00,1.013618299638952003e+00,1.015949835607129481e+00,3.531067121304901080e-01,2.810241163683674936e-01,1.148405392414684062e-01,1.002296810784829351e+00,1.003445216177244026e+00,1.004023375378287453e+00,3.541336795129508275e-01,2.803602905237883580e-01,1.556184609421044994e-04,1.000003112369218794e+00,1.000004668553828191e+00,1.000005446653397856e+00,3.544829197179726332e-01,2.801338448884778121e-01
2.543578786334313335e+00,2.822005831665052034e-01,3.550959270496069631e-01,9.742933898343777432e-01,2.805797353445309561e-01,7.351328502771908857e-01,7.332996012740059522e-01,1.014665992025480135e+00,1.021998988038220091e+00,1.025826804536158710e+00,3.528727246810644536e-01,2.820218325358267997e-01,7.189563327894288314e-01,1.014379126655788665e+00,1.021568689983682887e+00,1.025318541110167514e+00,3.529158326832878556e-01,2.819940073639517486e-01,7.068585098819142321e-01,1.014137170197638271e+00,1.021205755296457518e+00,1.024889942531764797e+00,3.529522036939132801e-01,2.819705265227874791e-01,4.518988736081863689e-01,1.009037977472163838e+00,1.013556966208245536e+00,1.015877724353877021e+00,3.537211937944855222e-01,2.814731666426160683e-01,1.143233260472662771e-01,1.002286466520945218e+00,1.003429699781418050e+00,1.004005237358517988e+00,3.547467084979686325e-01,2.808072108212699702e-01,1.549175941419978831e-04,1.000003098351882835e+00,1.000004647527824364e+00,1.000005422122994814e+00,3.550954531683380155e-01,2.805800442629026725e-01
2.537305475722068326e+00,2.827010578711386390e-01,3.557094351899678375e-01,9.741612696248541647e-01,2.810263859067833048e-01,7.318214598283143690e-01,7.299964686566726701e-01,1.014599929373133369e+00,1.021899894059700165e+00,1.025709744856258876e+00,3.534893885907645084e-01,2.824730785448423820e-01,7.157178091230458339e-01,1.014314356182461019e+00,1.021471534273691306e+00,1.025203798913995268e+00,3.535324357014112961e-01,2.824451635952988093e-01,7.036744806041483891e-01,1.014073489612082879e+00,1.021110234418124429e+00,1.024777154153541092e+00,3.535687553274703410e-01,2.824216070277621449e-01,4.498633046448895501e-01,1.008997266092897860e+00,1.013495899139346790e+00,1.015805928760431076e+00,3.543366570329123943e-01,2.819226504997205396e-01,1.138083590316935484e-01,1.002276167180633948e+00,1.003414250770950700e+00,1.003987178268884950e+00,3.553607144189199207e-01,2.812545785598358772e-01,1.542197711003377247e-04,1.000003084395421959e+00,1.000004626593133050e+00,1.000005397699123666e+00,3.557089619846974249e-01,2.810266957971679358e-01
2.531043270951800928e+00,2.832024201534204533e-01,3.563239196806130549e-01,9.740284954585650690e-01,2.814734872711314173e-01,7.285244388305222030e-01,7.267076696563812277e-01,1.014534153393127580e+00,1.021801230089691481e+00,1.025593199649114329e+00,3.541070388583409390e-01,2.829247454428482911e-01,7.124933387095572224e-01,1.014249866774191045e+00,1.021374800161286789e+00,1.025089560882145978e+00,3.541500248818946206e-01,2.828967412944693449e-01,7.005042681062713106e-01,1.014010085362125446e+00,1.021015128043188058e+00,1.024664861252609915e+00,3.541862929584715380e-01,2.828731094889694320e-01,4.478365688316239268e-01,1.008956731376632554e+00,1.013435097064948609e+00,1.015734447186821710e+00,3.549531027916686399e-01,2.823725666473482776e-01,1.132956266645123722e-01,1.002265912533290226e+00,1.003398868799935340e+00,1.003969197702964333e+00,3.559756982519218238e-01,2.817023923936621821e-01,1.535249761926948107e-04,1.000003070499523750e+00,1.000004605749285735e+00,1.000005373381237739e+00,3.563234471534578174e-01,2.814737981271399625e-01
2.524792152362484998e+00,2.837046715874443903e-01,3.569393815049666241e-01,9.738950643550123853e-01,2.819210380584320497e-01,7.252417133666586579e-01,7.234331305403078893e-01,1.014468662610806149e+00,1.021702993916209223e+00,1.025477166217219738e+00,3.547256764019886544e-01,2.833768319657584134e-01,7.092828492583459488e-01,1.014185656985166828e+00,1.021278485477750353e+00,1.024975824372117428e+00,3.547686011441947840e-01,2.833487391951695633e-01,6.973478013140947951e-01,1.013946956026281931e+00,1.020920434039422897e+00,1.024553061232792661e+00,3.548048175074389188e-01,2.833250326382523165e-01,4.458186207302358706e-01,1.008916372414604634e+00,1.013374558621907173e+00,1.015663277998335223e+00,3.555705320138117242e-01,2.828229137777929503e-01,1.127851174505826309e-01,1.002255702349011734e+00,1.003383553523517380e+00,1.003951295255585796e+00,3.565916609701350048e-01,2.821506509618413872e-01,1.528331938422004073e-04,1.000003056663876899e+00,1.000004584995815238e+00,1.000005349168791913e+00,3.569389096580294352e-01,2.819213498737002666e-01
2.518552100327900778e+00,2.842078137500956836e-01,3.575558216434230885e-01,9.737609733227264863e-01,2.823690368744732893e-01,7.219732097431862394e-01,7.201727777986896006e-01,1.014403455555973776e+00,1.021605183333960776e+00,1.025361641871918694e+00,3.553453021371233422e-01,2.838293368337903577e-01,7.060862686974926916e-01,1.014121725373949845e+00,1.021182588060924878e+00,1.024862586750065141e+00,3.553881654049850236e-01,2.838011560154218849e-01,6.942050093684482004e-01,1.013884100187369075e+00,1.020826150281053391e+00,1.024441751506405485e+00,3.554243298921067051e-01,2.837773751917802012e-01,4.438094150400336835e-01,1.008876188300800614e+00,1.013314282451200921e+00,1.015592419565464422e+00,3.561889456395251341e-01,2.832736905678905903e-01,1.122768199295399866e-01,1.002245536398590708e+00,1.003368304597886285e+00,1.003933470522822002e+00,3.572086035437296858e-01,2.825993528882979611e-01,1.521444085191097067e-04,1.000003042888170324e+00,1.000004564332255486e+00,1.000005325061242401e+00,3.575553504787928882e-01,2.823693496426615268e-01
2.512323095256573158e+00,2.847118482210562740e-01,3.581732410733143301e-01,9.736262193592536418e-01,2.828174823098897894e-01,7.187188544880573904e-01,7.169265381427006867e-01,1.014338530762854074e+00,1.021507796144281111e+00,1.025246623933322443e+00,3.559659169763474962e-01,2.842822587513814669e-01,7.029035251716942989e-01,1.014058070503433884e+00,1.021087105755150937e+00,1.024749845390718894e+00,3.560087185781203867e-01,2.842539904574801768e-01,6.910758216231320805e-01,1.013821516432462655e+00,1.020732274648693982e+00,1.024330929494179143e+00,3.560448310273869321e-01,2.842301358499641495e-01,4.418089065964794782e-01,1.008836178131929495e+00,1.013254267197894354e+00,1.015521870263861093e+00,3.568083446060845709e-01,2.837248956789349963e-01,1.117707226754648259e-01,1.002235414453509277e+00,1.003353121680264026e+00,1.003915723101975299e+00,3.578265269398533954e-01,2.830484967817040176e-01,1.514586047403534822e-04,1.000003029172094715e+00,1.000004543758142184e+00,1.000005301058047635e+00,3.581727705930660699e-01,2.828177960246829326e-01
2.506105117591710396e+00,2.852167765828095281e-01,3.587916407688762077e-01,9.734907994511431406e-01,2.832663729400778374e-01,7.154785743485175820e-01,7.136943385022619379e-01,1.014273886770045152e+00,1.021410830155067950e+00,1.025132109730222174e+00,3.565875218294156657e-01,2.847355964071034973e-01,6.997345470401150624e-01,1.013994690940802190e+00,1.020992036411203507e+00,1.024637597677300338e+00,3.566302615746033688e-01,2.847072412077450432e-01,6.879601676428053203e-01,1.013759203352856186e+00,1.020638805029284057e+00,1.024220592625177062e+00,3.566663218253350309e-01,2.846833132973719538e-01,4.398170503698384248e-01,1.008796341007396791e+00,1.013194511511095186e+00,1.015451628474283163e+00,3.574287298478237562e-01,2.841765277565929670e-01,1.112668142965406448e-01,1.002225336285930801e+00,1.003338004428896202e+00,1.003898052591567946e+00,3.584454321225968854e-01,2.834980812353943280e-01,1.507757670690749985e-04,1.000003015515341431e+00,1.000004523273012147e+00,1.000005277158667605e+00,3.587911709750711831e-01,2.832666875951850849e-01
2.499898147811143279e+00,2.857226004206453451e-01,3.594110217012154163e-01,9.733547105739341898e-01,2.837157073251105888e-01,7.122522962888362397e-01,7.104761060237768655e-01,1.014209522120475437e+00,1.021314283180713378e+00,1.025018096600001316e+00,3.572101176031996506e-01,2.851893484735777418e-01,6.965792628741674930e-01,1.013931585257483281e+00,1.020897377886224922e+00,1.024525841001435733e+00,3.572527953025489422e-01,2.851609069366784488e-01,6.848579772008039912e-01,1.013697159544016069e+00,1.020545739316024214e+00,1.024110738336708959e+00,3.572888031951149679e-01,2.851369062026433143e-01,4.378338014637841447e-01,1.008756676029275656e+00,1.013135014043913484e+00,1.015381692582543849e+00,3.580501022961002922e-01,2.846285854308187591e-01,1.107650834347011642e-01,1.002215301668694103e+00,1.003322952503040932e+00,1.003880458591327018e+00,3.590653200529606570e-01,2.839481048272810004e-01,1.500958801141518242e-04,1.000003001917602274e+00,1.000004502876403523e+00,1.000005253362562518e+00,3.594105525959012670e-01,2.837160229142656198e-01
2.493702166427262057e+00,2.862293213226650979e-01,3.600313848382759585e-01,9.732179496921447015e-01,2.841654840096528023e-01,7.090399474879552910e-01,7.072717680677859109e-01,1.014145435361355707e+00,1.021218153042033672e+00,1.024904581888544053e+00,3.578337052016538622e-01,2.856435136073894876e-01,6.934376014552130485e-01,1.013868752029104314e+00,1.020803128043656471e+00,1.024414572763066245e+00,3.578763206671498609e-01,2.856149862987185650e-01,6.817691802768800491e-01,1.013635383605537621e+00,1.020453075408306320e+00,1.024001364074243359e+00,3.579122760429644390e-01,2.855909132184040744e-01,4.358591151139531439e-01,1.008717182302279136e+00,1.013075773453418593e+00,1.015312060979456588e+00,3.586724628792611891e-01,2.850810673157694874e-01,1.102655187652646362e-01,1.002205310375305247e+00,1.003307965562957982e+00,1.003862940702172857e+00,3.596861916888215438e-01,2.843985661197688808e-01,1.494189285297004325e-04,1.000002988378570601e+00,1.000004482567855790e+00,1.000005229669196138e+00,3.600309164234865578e-01,2.841658005266130549e-01
2.487517153986959162e+00,2.867369408797865171e-01,3.606527311448050610e-01,9.730805137592583032e-01,2.846157015228750198e-01,7.058414553370511157e-01,7.040812522065348356e-01,1.014081625044130686e+00,1.021122437566196028e+00,1.024791562950141177e+00,3.584582855257797962e-01,2.860980904490025289e-01,6.903094917721771528e-01,1.013806189835443572e+00,1.020709284753165358e+00,1.024303790370355349e+00,3.585008385706415224e-01,2.860694779321942827e-01,6.786937070548567652e-01,1.013573874141097120e+00,1.020360811211645791e+00,1.023892467291318553e+00,3.585367412721597313e-01,2.860453329811808443e-01,4.338929466864461792e-01,1.008677858933728855e+00,1.013016788400593393e+00,1.015242732060780639e+00,3.592958125226083932e-01,2.855339720097187506e-01,1.097681089965547169e-01,1.002195362179931104e+00,1.003293043269896545e+00,1.003845498526205082e+00,3.603080479848981277e-01,2.848494636596692886e-01,1.487448970145623171e-04,1.000002974897940211e+00,1.000004462346910428e+00,1.000005206078033115e+00,3.606522634225607371e-01,2.846160189614221903e-01
2.481343091071562146e+00,2.872454606857489101e-01,3.612750615823195344e-01,9.729423997177140127e-01,2.850663583783682453e-01,7.026567474369928012e-01,7.009044862214391935e-01,1.014018089724428862e+00,1.021027134586643070e+00,1.024679037147392169e+00,3.590838594735908940e-01,2.865530776226730691e-01,6.871948630190639618e-01,1.013743897260381388e+00,1.020615845890571860e+00,1.024193491239595355e+00,3.591263499122664404e-01,2.865243804592387811e-01,6.756314879201853474e-01,1.013512629758403616e+00,1.020268944637605646e+00,1.023784045449447122e+00,3.591621997829807511e-01,2.865001641113152919e-01,4.319352516762656191e-01,1.008638705033525262e+00,1.012958057550287894e+00,1.015173704227161355e+00,3.599201521483638144e-01,2.859872980949714760e-01,1.092728428695051851e-01,1.002185456857390022e+00,1.003278185286085256e+00,1.003828131666689272e+00,3.609308898927172660e-01,2.853007959781149183e-01,1.480737703117683687e-04,1.000002961475406238e+00,1.000004442213109357e+00,1.000005182588538766e+00,3.612745945546270154e-01,2.850666767323077333e-01
2.475179958296778171e+00,2.877548823371179898e-01,3.618983771090714674e-01,9.728036044988936926e-01,2.855174530740577366e-01,6.994857515957010330e-01,6.977413981004499943e-01,1.013954827962008975e+00,1.020932241943013574e+00,1.024567001851102610e+00,3.597104279400771820e-01,2.870084737363641225e-01,6.840936445923726517e-01,1.013681872891847524e+00,1.020522809337771175e+00,1.024083672795104594e+00,3.597528555882391621e-01,2.869796924857043185e-01,6.725824534574047497e-01,1.013451649069148086e+00,1.020177473603722129e+00,1.023676096018018677e+00,3.597886524726749413e-01,2.869554052128776567e-01,4.299859857056921864e-01,1.008599719714113885e+00,1.012899579571170827e+00,1.015104975884070226e+00,3.605454826756343545e-01,2.864410441377776562e-01,1.087797091572491881e-01,1.002175594183144947e+00,1.003263391274717531e+00,1.003810839728040971e+00,3.615547183605790638e-01,2.857525615904734639e-01,1.474055332079823269e-04,1.000002948110664258e+00,1.000004422165996276e+00,1.000005159200180849e+00,3.618979107779239923e-01,2.855177723372188114e-01
2.469027736312630061e+00,2.882652074332909264e-01,3.625226786800140322e-01,9.726641250231125024e-01,2.859689840921172954e-01,6.963283958253866368e-01,6.945919160352984623e-01,1.013891838320706063e+00,1.020837757481058983e+00,1.024455454440182045e+00,3.603379918171692453e-01,2.874642773816584174e-01,6.810057660883976904e-01,1.013620115321767878e+00,1.020430172982651928e+00,1.023974332469127502e+00,3.603803564917101299e-01,2.874354126010749133e-01,6.695465344474871294e-01,1.013390930688949698e+00,1.020086396033424547e+00,1.023568616474199278e+00,3.604161002354223653e-01,2.874110548735807624e-01,4.280451045225871498e-01,1.008560902090451794e+00,1.012841353135677691e+00,1.015036545441742488e+00,3.611718050203767683e-01,2.868952086882458619e-01,1.082886966646898208e-01,1.002165773933293869e+00,1.003248660899940692e+00,1.003793622315811707e+00,3.621795343335227346e-01,2.862047589962617433e-01,1.467401705329188623e-04,1.000002934803410737e+00,1.000004402205115994e+00,1.000005135912428456e+00,3.625222130473914617e-01,2.859693042583525968e-01
2.462886405803397682e+00,2.887764375765013436e-01,3.631479672467669562e-01,9.725239581996073523e-01,2.864209498988823932e-01,6.931846083396633329e-01,6.914559684186167843e-01,1.013829119368372389e+00,1.020743679052558583e+00,1.024344392301530293e+00,3.609665519937027001e-01,2.879204871336726868e-01,6.779311573004043190e-01,1.013558623146008086e+00,1.020337934719012019e+00,1.023865467701725596e+00,3.610088535127304321e-01,2.878915393783804122e-01,6.665236618650608458e-01,1.013330473237301188e+00,1.019995709855951782e+00,1.023461604302824846e+00,3.610445439622993469e-01,2.878671116646930872e-01,4.261125639986176328e-01,1.008522251279972304e+00,1.012783376919958567e+00,1.014968411315110730e+00,3.617991200953625253e-01,2.873497902802573112e-01,1.077997942280511379e-01,1.002155995884560946e+00,1.003233993826841530e+00,1.003776479036672331e+00,3.628053387532917951e-01,2.866573866790590452e-01,1.460776671587350945e-04,1.000002921553343249e+00,1.000004382330014652e+00,1.000005112724752010e+00,3.631475023146356063e-01,2.864212709620680419e-01
2.456755947487555325e+00,2.892885743718244251e-01,3.637742437575816612e-01,9.723831009265270220e-01,2.868733489447639062e-01,6.900543175505261528e-01,6.883334838409238543e-01,1.013766669676818388e+00,1.020650004515227804e+00,1.024233812829925316e+00,3.615961093553818895e-01,2.883771015509700164e-01,6.748697482156735816e-01,1.013497394964313569e+00,1.020246092446470243e+00,1.023757075940665784e+00,3.616383475382149992e-01,2.883480713741093937e-01,6.635137668755058948e-01,1.013270275337510018e+00,1.019905413006265249e+00,1.023355056996292589e+00,3.616739845412426102e-01,2.883235741409522768e-01,4.241883201273992654e-01,1.008483766402547888e+00,1.012725649603821942e+00,1.014900571923738504e+00,3.624274288101417829e-01,2.878047874313783283e-01,1.073129907144081963e-01,1.002146259814288065e+00,1.003219389721432320e+00,1.003759409498397259e+00,3.634321325582993145e-01,2.871104431064208651e-01,1.454180079993938406e-04,1.000002908360160037e+00,1.000004362540239944e+00,1.000005089636623934e+00,3.637737795278944697e-01,2.868736708987993933e-01
2.450636342117711308e+00,2.898016194271819113e-01,3.644015091573065690e-01,9.722415500909230568e-01,2.873261796641614629e-01,6.869374520651803095e-01,6.852243910874616928e-01,1.013704487821749156e+00,1.020556731732623845e+00,1.024123713427903537e+00,3.622266647847436905e-01,2.888341191754730808e-01,6.718214690124013622e-01,1.013436429380248027e+00,1.020154644070371930e+00,1.023649154641301795e+00,3.622688394519071875e-01,2.888050071281223485e-01,6.605167808319041267e-01,1.013210335616637980e+00,1.019815503424957193e+00,1.023248972054444650e+00,3.623044228570130865e-01,2.887804408404777701e-01,4.222723290225466886e-01,1.008445446580450877e+00,1.012668169870676316e+00,1.014833025691746382e+00,3.630567320710082480e-01,2.882601986427742458e-01,1.068282750211939636e-01,1.002136565500423959e+00,1.003204848250635717e+00,1.003742413309844927e+00,3.640599166835923883e-01,2.875639267297918633e-01,1.447611780099954213e-04,1.000002895223560229e+00,1.000004342835340232e+00,1.000005066647517094e+00,3.644010456320033731e-01,2.873265025029694275e-01
2.444527570480549361e+00,2.903155743533470945e-01,3.650297643873519626e-01,9.720993025687387767e-01,2.877794404753762358e-01,6.838339406827164124e-01,6.821286191348792105e-01,1.013642572382697615e+00,1.020463858574046423e+00,1.024014091505633717e+00,3.628582191611210428e-01,2.892915385323769351e-01,6.687862500564464296e-01,1.013375725001128824e+00,1.020063587501693458e+00,1.023541701266454940e+00,3.629003301343415866e-01,2.892623451635636944e-01,6.575326352718426914e-01,1.013150652705436805e+00,1.019725979058155207e+00,1.023143346984448643e+00,3.629358597911595541e-01,2.892377102846835912e-01,4.203645469156298553e-01,1.008407290938312606e+00,1.012610936407468909e+00,1.014765771047738241e+00,3.636870307809625946e-01,2.887160223991215857e-01,1.063456360756822316e-01,1.002126912721513552e+00,1.003190369082270550e+00,1.003725490080942473e+00,3.646886920608172211e-01,2.880178359844188241e-01,1.441071621860768866e-04,1.000002882143243621e+00,1.000004323214865654e+00,1.000005043756906575e+00,3.650293015683591658e-01,2.877797641929024097e-01
2.438429613396767337e+00,2.908304407639499822e-01,3.656590103856546814e-01,9.719563552248016158e-01,2.882331297805240666e-01,6.807437123906130427e-01,6.790460971477436658e-01,1.013580921942954793e+00,1.020371382914432301e+00,1.023904944480786616e+00,3.634907733606065339e-01,2.897493581300612520e-01,6.657640218979100633e-01,1.013315280437958155e+00,1.019972920656937232e+00,1.023434713286282882e+00,3.635328204628079929e-01,2.897200839867750122e-01,6.545612619140509514e-01,1.013091225238281101e+00,1.019636837857421430e+00,1.023038179300671313e+00,3.635682962219820014e-01,2.896953809781910305e-01,4.184649301540239730e-01,1.008369298603080555e+00,1.012553947904620610e+00,1.014698806424721544e+00,3.643183258396769375e-01,2.891722571685207965e-01,1.058650628344437183e-01,1.002117301256688853e+00,1.003175951885033390e+00,1.003708639422664417e+00,3.653184596181834887e-01,2.884721692892636136e-01,1.434559455628751381e-04,1.000002869118911342e+00,1.000004303678366790e+00,1.000005020964268576e+00,3.656585482748855309e-01,2.882334543707369967e-01
2.432342451721015930e+00,2.913462202754822927e-01,3.662892480866427602e-01,9.718127049128134631e-01,2.886872459654479250e-01,6.776666963610573635e-01,6.759767544748702672e-01,1.013519535089497436e+00,1.020279302634246044e+00,1.023796269778397550e+00,3.641243282560149841e-01,2.902075764600023922e-01,6.627547152675378195e-01,1.013255094305350656e+00,1.019882641458026207e+00,1.023328188178146636e+00,3.641663113113142725e-01,2.901782220872067830e-01,6.516025926548627556e-01,1.013032051853097304e+00,1.019548077779645956e+00,1.022933466524546864e+00,3.642017330244948781e-01,2.901534514087402705e-01,4.165734351986478678e-01,1.008331468703973055e+00,1.012497203055959361e+00,1.014632130260026743e+00,3.649506181434580832e-01,2.896289014024088782e-01,1.053865442827738724e-01,1.002107730885655412e+00,1.003161596328483229e+00,1.003691860947011572e+00,3.659492202804286998e-01,2.889269250469156392e-01,1.428075132145514533e-04,1.000002856150264297e+00,1.000004284225396445e+00,1.000004998269080847e+00,3.662887866859973474e-01,2.886875714223388623e-01
2.426266066341839167e+00,2.918629145073025621e-01,3.669204784211995696e-01,9.716683484753430022e-01,2.891417873996302013e-01,6.746028219470753262e-01,6.729205206454617061e-01,1.013458410412909183e+00,1.020187615619363886e+00,1.023688064830722944e+00,3.647588847168471426e-01,2.906661919966858076e-01,6.597582610729343378e-01,1.013195165221458582e+00,1.019792747832187985e+00,1.023222123426468677e+00,3.648008035505495572e-01,2.906367579373304033e-01,6.486565595644954163e-01,1.012973131191289955e+00,1.019459696786934932e+00,1.022829206184437290e+00,3.648361710703899585e-01,2.906119200471029007e-01,4.146900186215851658e-01,1.008293800372431770e+00,1.012440700558647544e+00,1.014565740995218679e+00,3.655839085852113368e-01,2.900859535354712304e-01,1.049100694340911188e-01,1.002098201388681886e+00,1.003147302083022829e+00,1.003675154266993941e+00,3.665809749687822805e-01,2.893821016435041416e-01,1.421618502533760029e-04,1.000002843237005168e+00,1.000004264855507641e+00,1.000004975670822027e+00,3.669200177325649403e-01,2.891421137172132672e-01
2.420200438181616232e+00,2.923805250816411405e-01,3.675527023166282325e-01,9.715232827438168295e-01,2.895967524361053869e-01,6.715520186784534884e-01,6.698773253650409654e-01,1.013397546507300850e+00,1.020096319760951165e+00,1.023580327077087793e+00,3.653944436092518844e-01,2.911252031975172239e-01,6.567745903945755304e-01,1.013135491807891420e+00,1.019703237711837351e+00,1.023116516522586616e+00,3.654362980478467193e-01,2.910956899925496999e-01,6.457230948831282902e-01,1.012914461897662655e+00,1.019371692846493760e+00,1.022725395815489158e+00,3.654716112279993712e-01,2.910707853469933770e-01,4.128146371035771867e-01,1.008256292742071514e+00,1.012384439113107382e+00,1.014499637076007321e+00,3.662181980544035875e-01,2.905434119855535569e-01,1.044356273293025744e-01,1.002088712546586047e+00,1.003133068819879181e+00,1.003658518996602300e+00,3.672137246009297140e-01,2.898376974486107649e-01,1.415189418288684579e-04,1.000002830378836638e+00,1.000004245568254957e+00,1.000004953168972532e+00,3.675522423418783324e-01,2.895970796084169074e-01
2.414145548196498403e+00,2.928990536236054654e-01,3.681859206966154319e-01,9.713775045385125706e-01,2.900521394113718121e-01,6.685142162574417846e-01,6.668470985111638605e-01,1.013336941970223171e+00,1.020005412955334867e+00,1.023473053963728452e+00,3.660310057959891838e-01,2.915846085027341550e-01,6.538036344816057222e-01,1.013076072689632179e+00,1.019614109034448157e+00,1.023011364964594661e+00,3.660727956671455119e-01,2.915550166911128893e-01,6.428021310167708613e-01,1.012856042620335462e+00,1.019284063930503192e+00,1.022622032959479066e+00,3.661080543622580730e-01,2.915300457449802596e-01,4.109472474313814461e-01,1.008218944948627627e+00,1.012328417422941440e+00,1.014433816952149847e+00,3.668534874370264487e-01,2.910012751535736575e-01,1.039632070361357630e-01,1.002079264140722792e+00,1.003118896211083966e+00,1.003641954750789766e+00,3.678474700909759032e-01,2.902937108151809054e-01,1.408787731268924641e-04,1.000002817575462499e+00,1.000004226363193860e+00,1.000004930763013444e+00,3.681854614376111612e-01,2.900524674324706509e-01
2.408101377376351326e+00,2.934185017611850022e-01,3.688201344811952720e-01,9.712310106685511091e-01,2.905079466453037162e-01,6.654893445542243713e-01,6.638297701289020969e-01,1.013276595402577973e+00,1.019914893103867071e+00,1.023366242943624327e+00,3.666685721363922013e-01,2.920444063353173636e-01,6.508453247474077497e-01,1.013016906494948133e+00,1.019525359742422310e+00,1.022906666257182851e+00,3.667102972689545437e-01,2.920147364540232049e-01,6.398936005329080023e-01,1.012797872010658073e+00,1.019196808015987221e+00,1.022519115164652659e+00,3.667455013346664905e-01,2.919896996603978945e-01,4.090878064949877158e-01,1.008181756129899798e+00,1.012272634194849585e+00,1.014368279077351609e+00,3.674897776155592877e-01,2.914595414234329995e-01,1.034927976484343731e-01,1.002069855952968602e+00,1.003104783929453125e+00,1.003625461145444708e+00,3.684822123494090884e-01,2.907501400794358370e-01,1.402413293687010561e-04,1.000002804826587433e+00,1.000004207239881149e+00,1.000004908452428287e+00,3.688196759397846525e-01,2.905082755092708857e-01
2.402067906744696391e+00,2.939388711252563513e-01,3.694553445867127528e-01,9.710837979318901469e-01,2.909641724410626518e-01,6.624773336021450021e-01,6.608252704260798582e-01,1.013216505408521595e+00,1.019824758112782392e+00,1.023259891476322681e+00,3.673071434863298679e-01,2.925045951009016543e-01,6.478995927649340292e-01,1.012957991855298667e+00,1.019436987782948112e+00,1.022802417911464312e+00,3.673488037103136428e-01,2.924748476849502454e-01,6.369974361559086473e-01,1.012739948723118122e+00,1.019109923084677183e+00,1.022416639985557651e+00,3.673839530032526057e-01,2.924497454952571518e-01,4.072362712846825938e-01,1.008144725425693666e+00,1.012217088138540388e+00,1.014303021909158886e+00,3.681270694689319778e-01,2.919182091619275665e-01,1.030243882854156162e-01,1.002060487765708219e+00,1.003090731648562439e+00,1.003609037797363879e+00,3.691179522830640436e-01,2.912069835607845047e-01,1.396065958099306263e-04,1.000002792131916118e+00,1.000004188197874289e+00,1.000004886236700363e+00,3.694548867647309831e-01,2.909645021420013689e-01
2.396045117358648113e+00,2.944601633495885218e-01,3.700915519257874098e-01,9.709358631153172103e-01,2.914208150850096102e-01,6.594781135926699456e-01,6.578335297682493810e-01,1.013156670595364961e+00,1.019735005893047441e+00,1.023153997027755002e+00,3.679467206981684724e-01,2.929651731876864451e-01,6.449663702617799421e-01,1.012899327405235583e+00,1.019348991107853486e+00,1.022698617444792957e+00,3.679883158447559421e-01,2.929353487701404357e-01,6.341135707621825546e-01,1.012682271415243696e+00,1.019023407122865432e+00,1.022314604982863750e+00,3.680234102225339865e-01,2.929101816341560527e-01,4.053925988879533704e-01,1.008107851977759095e+00,1.012161777966638532e+00,1.014238043908848308e+00,3.687653638724872618e-01,2.923772767186594290e-01,1.025579680908869501e-01,1.002051159361817767e+00,1.003076739042726651e+00,1.003592684324226880e+00,3.697546907950853279e-01,2.916642395617344286e-01,1.389745577395393823e-04,1.000002779491154792e+00,1.000004169236732077e+00,1.000004864115314973e+00,3.700910948250565324e-01,2.914211456170447412e-01
2.390032990308856409e+00,2.949823800708478716e-01,3.707287574072759551e-01,9.707872029944443204e-01,2.918778728466154271e-01,6.564916148700806753e-01,6.548544786733971890e-01,1.013097089573467890e+00,1.019645634360201836e+00,1.023048557070040498e+00,3.685873046207336912e-01,2.934261389663463948e-01,6.420455891149933203e-01,1.012840911782299846e+00,1.019261367673449881e+00,1.022595262380575409e+00,3.686288345222696883e-01,2.933962380783278201e-01,6.312419373750774998e-01,1.012624838747501643e+00,1.018937258121252354e+00,1.022213007723178135e+00,3.686638738434797058e-01,2.933710064441903964e-01,4.035567464862255815e-01,1.008071134929724444e+00,1.012106702394586666e+00,1.014173343541308059e+00,3.694046616979431152e-01,2.928367424259469276e-01,1.020935262324207116e-01,1.002041870524648326e+00,1.003062805786972600e+00,1.003576400344564190e+00,3.703924287848902042e-01,2.921219063678033301e-01,1.383452004786888843e-04,1.000002766904009466e+00,1.000004150356014421e+00,1.000004842087758528e+00,3.707283010296054115e-01,2.918782042038939317e-01
2.384031506719445748e+00,2.955055229286035479e-01,3.713669619362360286e-01,9.706378143337015540e-01,2.923353439783729635e-01,6.535177679258743488e-01,6.518880478063584505e-01,1.013037760956127187e+00,1.019556641434190780e+00,1.022943569081284476e+00,3.692288960992721192e-01,2.938874907899415301e-01,6.391371813455983819e-01,1.012782743626911897e+00,1.019174115440367956e+00,1.022492350248069393e+00,3.692703605892598828e-01,2.938575139606438014e-01,6.283824691594944722e-01,1.012567649383189883e+00,1.018851474074784935e+00,1.022111845778846506e+00,3.693053447134721501e-01,2.938322182748639988e-01,4.017286713514207075e-01,1.008034573427028402e+00,1.012051860140542603e+00,1.014108919274915310e+00,3.700449638133551100e-01,2.932966045987355774e-01,1.016310519004833268e-01,1.002032621038009719e+00,1.003048931557014578e+00,1.003560185477730071e+00,3.710311671481313356e-01,2.925799822474298151e-01,1.377185093795640534e-04,1.000002754370187485e+00,1.000004131555281450e+00,1.000004820153518104e+00,3.713665062834225483e-01,2.923356761550635063e-01
2.378040647747960978e+00,2.960295935653320942e-01,3.720061664138883950e-01,9.704876938863323810e-01,2.927932267157074553e-01,6.505565033928704111e-01,6.489341679729381251e-01,1.012978683359458731e+00,1.019468025039188097e+00,1.022839030545361627e+00,3.698714959754129672e-01,2.943492269938271511e-01,6.362410791128317866e-01,1.012724821582256629e+00,1.019087232373385055e+00,1.022389878582174561e+00,3.699128948885096468e-01,2.943191747505274902e-01,6.255350994162215406e-01,1.012510701988324380e+00,1.018766052982486681e+00,1.022011116727748137e+00,3.699478236762682171e-01,2.942938154579984866e-01,3.999083308423334593e-01,1.007998166616846714e+00,1.011997249925270070e+00,1.014044769581404770e+00,3.706862710830780561e-01,2.937568615345087508e-01,1.011705343075187946e-01,1.002023410686150307e+00,1.003035116029225460e+00,1.003544039343866601e+00,3.716709067766595376e-01,2.930384654518846110e-01,1.370944698241312993e-04,1.000002741889396418e+00,1.000004112834094627e+00,1.000004798312082110e+00,3.720057114877158844e-01,2.927935597059999617e-01
2.372060394585299825e+00,2.965545936264232241e-01,3.726463717375799178e-01,9.703368383943884456e-01,2.932515192768874734e-01,6.476077520389875719e-01,6.459927701137033740e-01,1.012919855402274028e+00,1.019379783103411041e+00,1.022734938951691319e+00,3.705151050871288154e-01,2.948113458955636257e-01,6.333572147080563930e-01,1.012667144294161048e+00,1.019000716441241794e+00,1.022287844923208677e+00,3.705564382591414740e-01,2.947812187636352776e-01,6.226997615759495286e-01,1.012453995231519022e+00,1.018680992847278421e+00,1.021910818153078271e+00,3.705913115719607354e-01,2.947557963076432030e-01,3.980956824008063943e-01,1.007961913648016239e+00,1.011942870472024136e+00,1.013980892935732125e+00,3.713285843677278097e-01,2.942175115131969165e-01,1.007119626869808771e-01,1.002014239253739669e+00,1.003021358880609393e+00,1.003527961563872806e+00,3.723116485584861968e-01,2.934973542151807502e-01,1.364730672228269882e-04,1.000002729461344497e+00,1.000004094192016746e+00,1.000004776562940290e+00,3.726459175398196266e-01,2.932518530749935182e-01
2.366090728455661818e+00,2.970805247601845944e-01,3.732875788007458118e-01,9.701852445887249043e-01,2.937102198629356620e-01,6.446714447607043708e-01,6.430637852974607771e-01,1.012861275705949193e+00,1.019291913558923790e+00,1.022631291794999342e+00,3.711597242686969222e-01,2.952738457948256290e-01,6.304855205483661518e-01,1.012609710410967256e+00,1.018914565616450885e+00,1.022186246816679134e+00,3.712009915365786505e-01,2.952436442977504627e-01,6.198763891929849335e-01,1.012397527783859719e+00,1.018596291675789578e+00,1.021810947643118306e+00,3.712358092369396068e-01,2.952181591199846689e-01,3.962906835477101875e-01,1.007925813670954129e+00,1.011888720506431305e+00,1.013917287815929713e+00,3.719719045241431377e-01,2.946785527970884333e-01,1.002553262923162186e-01,1.002005106525846401e+00,1.003007659788769379e+00,1.003511951759366250e+00,3.729533933777452459e-01,2.939566467539843075e-01,1.358542870131795031e-04,1.000002717085740178e+00,1.000004075628610378e+00,1.000004754905582383e+00,3.732871253331563888e-01,2.937105544630880805e-01
2.360131630616483456e+00,2.976073886178470795e-01,3.739297884928718396e-01,9.700329091889972055e-01,2.941693266575393650e-01,6.417475125761644694e-01,6.401471447143785021e-01,1.012802942894287517e+00,1.019204414341431386e+00,1.022528086575069217e+00,3.718053543506600334e-01,2.957367249733114933e-01,6.276259291698430554e-01,1.012552518583396788e+00,1.018828777875095293e+00,1.022085081813034257e+00,3.718465555525053423e-01,2.957064496326918257e-01,6.170649159386196736e-01,1.012341298318772287e+00,1.018511947478158541e+00,1.021711502790996207e+00,3.718813175038523933e-01,2.956809021732558218e-01,3.944932918787049103e-01,1.007889865837574117e+00,1.011834798756361176e+00,1.013853952702955752e+00,3.726162324053466923e-01,2.951399836307386226e-01,9.980061439589203720e-02,1.001996012287917903e+00,1.002994018431876855e+00,1.003496009552646395e+00,3.735961421146553607e-01,2.944163412675249170e-01,1.352381146583561959e-04,1.000002704762293249e+00,1.000004057143439651e+00,1.000004733339499907e+00,3.739293357571993326e-01,2.941696620539919205e-01
2.354183082358384027e+00,2.981351868535699334e-01,3.745730016994565093e-01,9.698798289036570930e-01,2.946288378269606989e-01,6.388358866179282280e-01,6.372427796687564205e-01,1.012744855593375126e+00,1.019117283390062800e+00,1.022425320796478632e+00,3.724519961597868578e-01,2.961999816946519481e-01,6.247783732204676976e-01,1.012495567464409385e+00,1.018743351196613967e+00,1.021984347467409515e+00,3.724931311348280705e-01,2.961696330302235336e-01,6.142652755941616638e-01,1.012285305511883227e+00,1.018427958267824840e+00,1.021612481194436040e+00,3.725278372015653483e-01,2.961440237276447007e-01,3.927034650597848175e-01,1.007854069301195699e+00,1.011781103951793437e+00,1.013790886080533360e+00,3.732615688605063764e-01,2.956018022408796742e-01,9.934781628786895635e-02,1.001986956325757294e+00,1.002980434488636163e+00,1.003480134566655746e+00,3.742398956454816017e-01,2.948764359375052324e-01,1.346245356456358825e-04,1.000002692490712830e+00,1.000004038736069356e+00,1.000004711864184603e+00,3.745725496974343649e-01,2.946291740139882487e-01
2.348245065005102106e+00,2.986639211244461745e-01,3.752172193019727153e-01,9.697260004299487202e-01,2.950887515199467903e-01,6.359364981253496918e-01,6.343506215714211915e-01,1.012687012431428446e+00,1.019030518647142669e+00,1.022322991968326322e+00,3.730996505190328771e-01,2.966636142043190816e-01,6.219427854526647925e-01,1.012438855709053342e+00,1.018658283563580014e+00,1.021884041339356397e+00,3.731407191076355767e-01,2.966331927339629360e-01,6.114774020436054558e-01,1.012229548040872062e+00,1.018344322061308205e+00,1.021513880455489076e+00,3.731753691551237262e-01,2.966075220252035183e-01,3.909211608225918178e-01,1.007818423216451764e+00,1.011727634824677757e+00,1.013728086434984244e+00,3.739079147348962073e-01,2.960640068363294408e-01,9.889692127501548136e-02,1.001977938425500314e+00,1.002966907638250360e+00,1.003464326424936992e+00,3.748846548424973890e-01,2.953369289280116661e-01,1.340135354848025152e-04,1.000002680270709599e+00,1.000004020406064509e+00,1.000004690479129765e+00,3.752167680353220569e-01,2.950890884918452306e-01
2.342317559913442704e+00,2.991935930905073593e-01,3.758624421778294367e-01,9.695714204539074288e-01,2.955490658676401816e-01,6.330492784365699954e-01,6.314706019317406493e-01,1.012629412038634769e+00,1.018944118057952153e+00,1.022221097603942086e+00,3.737483182474999888e-01,2.971276207295343585e-01,6.191190987154718828e-01,1.012382381974309409e+00,1.018573572961464224e+00,1.021784160992559753e+00,3.737893202911593549e-01,2.970971269692895267e-01,6.087012292659326196e-01,1.012174024585318577e+00,1.018261036877977865e+00,1.021415698180260456e+00,3.738239141857119252e-01,2.970713952897568455e-01,3.891463369594942434e-01,1.007782926739189788e+00,1.011674390108784793e+00,1.013665552255052837e+00,3.745552708698570155e-01,2.965265956079009002e-01,9.844791867946287023e-02,1.001968958373589347e+00,1.002953437560383909e+00,1.003448584751589046e+00,3.755304205739453116e-01,2.957978183854235721e-01,1.334050997064578127e-04,1.000002668101994230e+00,1.000004002152991234e+00,1.000004669183828909e+00,3.758619916482588419e-01,2.955494036187257811e-01
2.336400548473211547e+00,2.997242044147293560e-01,3.765086712003332670e-01,9.694160856503561963e-01,2.960097789834881810e-01,6.301741589801048704e-01,6.286026523492318496e-01,1.012572053046984610e+00,1.018858079570476916e+00,1.022119635220585243e+00,3.743980001603970376e-01,2.975919994791766943e-01,6.163072459463129205e-01,1.012326144918926252e+00,1.018489217378389489e+00,1.021684703994542920e+00,3.744389355017336274e-01,2.975614339432528510e-01,6.059366913270238797e-01,1.012118733826540495e+00,1.018178100739810743e+00,1.021317931978614979e+00,3.744734731106139081e-01,2.975356417268100739e-01,3.873789513184149880e-01,1.007747579026368356e+00,1.011621368539552535e+00,1.013603282031722008e+00,3.752036381027573086e-01,2.969895667283107832e-01,9.800079783739688855e-02,1.001960015956747885e+00,1.002940023935121827e+00,1.003432909171221965e+00,3.761771937039989355e-01,2.962591024383232075e-01,1.327992138602485345e-04,1.000002655984277178e+00,1.000003983976415878e+00,1.000004647977775774e+00,3.765082214095389901e-01,2.960101175080980251e-01
2.330494012107164004e+00,3.002557567630370627e-01,3.771559072386495570e-01,9.692599926829043033e-01,2.964708889631530453e-01,6.273110712660284749e-01,6.257467045047665488e-01,1.012514934090095409e+00,1.018772401135142891e+00,1.022018602339126447e+00,3.750486970689993482e-01,2.980567486436907498e-01,6.135071601623750537e-01,1.012270143203247486e+00,1.018405214804871228e+00,1.021585667916354190e+00,3.750895655517553218e-01,2.980261118444802459e-01,6.031837223711811191e-01,1.012063674447423622e+00,1.018095511671135434e+00,1.021220579463871347e+00,3.751240467431727343e-01,2.980002595234568230e-01,3.856189617974124517e-01,1.007712379235948141e+00,1.011568568853922434e+00,1.013541274258018765e+00,3.758530172669532488e-01,2.974529183520878695e-01,9.755554809768676727e-02,1.001951110961953662e+00,1.002926666442930603e+00,1.003417299308908328e+00,3.768249750927233355e-01,2.967207791974050268e-01,1.321958635130086196e-04,1.000002643917270229e+00,1.000003965875905454e+00,1.000004626860465651e+00,3.771554581883154178e-01,2.964712282556445366e-01
2.324597932270941580e+00,3.007882518043099029e-01,3.778041511577635569e-01,9.691031382039458908e-01,2.969323938844214417e-01,6.244599468767257910e-01,6.229026901513474712e-01,1.012458053803027003e+00,1.018687080704540504e+00,1.021917996483716617e+00,3.757004097806085352e-01,2.985218663949939510e-01,6.107187744515656380e-01,1.012214375489031370e+00,1.018321563233546945e+00,1.021487050332245294e+00,3.757412112496433809e-01,2.984911588430848584e-01,6.004422566122362692e-01,1.012008845132244650e+00,1.018013267698367086e+00,1.021123638252485977e+00,3.757756358927502593e-01,2.984652468482870136e-01,3.838663263389958114e-01,1.007677326526779993e+00,1.011515989790169767e+00,1.013479527428814198e+00,3.765034091917491277e-01,2.979166486154817273e-01,9.711215882044707537e-02,1.001942243176408898e+00,1.002913364764613346e+00,1.003401754790132827e+00,3.774737655960364036e-01,2.971828467553851438e-01,1.315950342468102518e-04,1.000002631900684946e+00,1.000003947851027419e+00,1.000004605831393834e+00,3.778037028495611072e-01,2.969327339391724108e-01
2.318712290453015523e+00,3.013216912103870992e-01,3.784534038184410032e-01,9.689455188546594044e-01,2.973942918071139085e-01,6.216207174572110361e-01,6.200705411044499238e-01,1.012401410822088899e+00,1.018602116233133570e+00,1.021817815181439437e+00,3.763531390985116465e-01,2.989873508863840068e-01,6.079420219630425892e-01,1.012158840439260743e+00,1.018238260658891337e+00,1.021388848819326789e+00,3.763938733997986841e-01,2.989565730905724417e-01,5.977122283242413125e-01,1.011954244566484862e+00,1.017931366849727182e+00,1.021027105963715043e+00,3.764282413646868886e-01,2.989306018512940533e-01,3.821210029241733364e-01,1.007642420058483479e+00,1.011463630087725107e+00,1.013418040040608759e+00,3.771548147023571218e-01,2.983807556363706204e-01,9.667061937553206308e-02,1.001933412387510547e+00,1.002900118581266042e+00,1.003386275240738756e+00,3.781235660656689923e-01,2.976453031869100707e-01,1.309967116569238788e-04,1.000002619934233117e+00,1.000003929901349675e+00,1.000004584890056059e+00,3.784529562540295267e-01,2.973946326185221700e-01
2.312837068174629529e+00,3.018560766560726694e-01,3.791036660771890943e-01,9.687871312650064848e-01,2.978565807729942061e-01,6.187933147050006522e-01,6.172501892319208761e-01,1.012345003784638431e+00,1.018517505676957535e+00,1.021718055961949201e+00,3.770068858219408070e-01,2.994532002524460390e-01,6.051768358973111939e-01,1.012103536717946284e+00,1.018155305076919426e+00,1.021291060957218111e+00,3.770475528025629131e-01,2.994223527197488743e-01,5.949935718317312938e-01,1.011899871436634735e+00,1.017849807154951991e+00,1.020930980219266981e+00,3.770818639602606659e-01,2.993963226637819108e-01,3.803829495662275351e-01,1.007607658991324540e+00,1.011411488486986920e+00,1.013356810591313995e+00,3.778072346198571574e-01,2.988452375141695816e-01,9.623091914096085220e-02,1.001924618382819210e+00,1.002886927574228926e+00,1.003370860286873389e+00,3.787743773491256682e-01,2.981081465484663462e-01,1.304008813496838524e-04,1.000002608017626970e+00,1.000003912026440567e+00,1.000004564035948507e+00,3.791032192582157179e-01,2.978569223354776696e-01
2.306972246989739350e+00,3.023914098191410327e-01,3.797549387862168002e-01,9.686279720537321891e-01,2.983192588056786110e-01,6.159776703595242209e-01,6.144415664434157431e-01,1.012288831328868266e+00,1.018433246993302399e+00,1.021618716357091339e+00,3.776616507460318073e-01,2.999194126089589907e-01,6.024231494958672828e-01,1.012048462989917352e+00,1.018072694484875917e+00,1.021193684327669882e+00,3.777022502541776960e-01,2.998884958446264570e-01,5.922862214995424646e-01,1.011845724429990767e+00,1.017768586644986373e+00,1.020835258642937227e+00,3.777365044766462510e-01,2.998624073982717464e-01,3.786521243042054730e-01,1.007573042486084036e+00,1.011359563729126165e+00,1.013295837580019176e+00,3.784606697611564430e-01,2.993100923297377092e-01,9.579304750127060064e-02,1.001915860950025383e+00,1.002873791425038075e+00,1.003355509554929359e+00,3.794262002896447994e-01,2.985713748782887755e-01,1.298075289402570852e-04,1.000002596150578738e+00,1.000003894225868217e+00,1.000004543268567803e+00,3.797544927143163274e-01,2.983196011136750592e-01
2.301117808484958172e+00,3.029276923803419508e-01,3.804072227933950612e-01,9.684680378283658797e-01,2.987823239105449336e-01,6.131737161910746359e-01,6.116446046793762026e-01,1.012232892093587466e+00,1.018349338140381199e+00,1.021519793900508066e+00,3.783174346617831363e-01,3.003859860528021453e-01,5.996808960303908753e-01,1.011993617920607713e+00,1.017990426880911681e+00,1.021096716514182656e+00,3.783579665467435849e-01,3.003550005603307094e-01,5.895901117221871157e-01,1.011791802234443649e+00,1.017687703351665585e+00,1.020739938860228513e+00,3.783921637068738963e-01,3.003288541484087637e-01,3.769284851961264282e-01,1.007538569703922526e+00,1.011307854555883790e+00,1.013235119506750159e+00,3.791151209389488352e-01,2.997753181452862403e-01,9.535699384579814086e-02,1.001907139876915931e+00,1.002860709815373896e+00,1.003340222671485371e+00,3.800790357261585872e-01,2.990349861962693923e-01,1.292166400503144837e-04,1.000002584332801092e+00,1.000003876499201416e+00,1.000004522587411016e+00,3.804067774701903049e-01,2.987826669585118555e-01
2.295273734279493549e+00,3.034649260234061896e-01,3.810605189422168748e-01,9.683073251852222230e-01,2.992457740746415351e-01,6.103813839892747728e-01,6.088592358995259524e-01,1.012177184717990563e+00,1.018265777076985845e+00,1.021421286127225603e+00,3.789742383560146810e-01,3.008529186618612572e-01,5.969500087914667574e-01,1.011939000175829273e+00,1.017908500263744020e+00,1.021000155101600138e+00,3.790147024681784216e-01,3.008218649430065006e-01,5.869051769127641149e-01,1.011738103538255329e+00,1.017607155307382882e+00,1.020645018497952972e+00,3.790488424397881473e-01,3.007956609888682298e-01,3.752119903118923405e-01,1.007504239806237933e+00,1.011256359709356678e+00,1.013174654872218472e+00,3.797705889616739272e-01,3.002409130042849039e-01,9.492274756688641457e-02,1.001898454951337669e+00,1.002847682427006504e+00,1.003324999263242701e+00,3.807328844932528766e-01,2.994989785038660313e-01,1.286282003056003829e-04,1.000002572564006043e+00,1.000003858846009175e+00,1.000004501991974104e+00,3.810600743693184911e-01,2.992461178570561264e-01
2.289440006025099894e+00,3.040031124350500158e-01,3.817148280717572728e-01,9.681458307094016336e-01,2.997096072665962341e-01,6.076006055510726478e-01,6.060853920708954012e-01,1.012121707841417972e+00,1.018182561762126959e+00,1.021323190573226070e+00,3.796320626113258712e-01,3.013202084949345161e-01,5.942304210768436512e-01,1.011884608421536935e+00,1.017826912632305403e+00,1.020903997675689512e+00,3.796724588021760938e-01,3.012890870497235696e-01,5.842313514914159178e-01,1.011684627029828309e+00,1.017526940544742464e+00,1.020550495183819351e+00,3.797065414600060973e-01,3.012628259752612725e-01,3.735025977259078811e-01,1.007470051954518109e+00,1.011205077931777163e+00,1.013114442177559082e+00,3.804270746334761366e-01,3.007068749313697720e-01,9.449029805801748005e-02,1.001889805961160285e+00,1.002834708941740427e+00,1.003309838956958577e+00,3.813877474211268548e-01,2.999633497840103469e-01,1.280421953334028051e-04,1.000002560843906707e+00,1.000003841265860061e+00,1.000004481481755247e+00,3.817143842507638718e-01,2.997099517779549527e-01
2.283616605406007860e+00,3.045422533049815250e-01,3.823701510166326867e-01,9.679835509747933830e-01,3.001738214365248236e-01,6.048313126682337559e-01,6.033230051553454265e-01,1.012066460103106857e+00,1.018099690154660397e+00,1.021225504775002069e+00,3.802909082060539347e-01,3.017878535916374561e-01,5.915220661792017776e-01,1.011830441323584129e+00,1.017745661985375971e+00,1.020808241822705131e+00,3.803312363281644570e-01,3.017566649183826000e-01,5.815685698733016329e-01,1.011631371397466062e+00,1.017447057096199092e+00,1.020456366546004912e+00,3.803652615478758658e-01,3.017303471440406226e-01,3.718002655093919362e-01,1.007436005310187843e+00,1.011154007965281654e+00,1.013054479924058615e+00,3.810845787541633500e-01,3.011732019322493348e-01,9.405963471186748470e-02,1.001881192694237255e+00,1.002821789041355993e+00,1.003294741379379795e+00,3.820436253355523615e-01,3.004280980010166635e-01,1.274586107599176284e-04,1.000002549172215094e+00,1.000003823758322863e+00,1.000004461056250182e+00,3.823697079491309436e-01,3.001741666713436674e-01
2.277803514138874164e+00,3.050823503259054714e-01,3.830264886069608132e-01,9.678204825440775982e-01,3.006384145159402554e-01,6.020734371143504626e-01,6.005720070966089619e-01,1.012011440141932228e+00,1.018017160212898231e+00,1.021128226269093942e+00,3.809507759142320982e-01,3.022558519723090309e-01,5.888248773734479080e-01,1.011776497547469011e+00,1.017664746321203406e+00,1.020712885128934877e+00,3.809910358212634796e-01,3.022245965676199631e-01,5.789167664561061244e-01,1.011578335329122114e+00,1.017367502993683281e+00,1.020362630212708899e+00,3.810250034794344653e-01,3.021982225124059673e-01,3.701049517223921059e-01,1.007402099034447884e+00,1.011103148551671715e+00,1.012994766612870468e+00,3.817431021191654561e-01,3.016398919936114642e-01,9.363074691828635054e-02,1.001872614938365658e+00,1.002808922407548486e+00,1.003279706157170548e+00,3.827005190578333660e-01,3.008932211004895496e-01,1.268774322075110308e-04,1.000002537548644099e+00,1.000003806322966149e+00,1.000004440714956644e+00,3.830260462945253019e-01,3.006387604687540405e-01
2.272000713972725183e+00,3.056234051935282636e-01,3.836838416683193698e-01,9.676566219687280368e-01,3.011033844176604357e-01,5.993269106313507955e-01,5.978323298068337621e-01,1.011956646596136711e+00,1.017934969894205066e+00,1.021031352591607932e+00,3.816116665055470647e-01,3.027242016379156908e-01,5.861387879035215853e-01,1.011722775758070458e+00,1.017584163637105688e+00,1.020617925180228980e+00,3.816518580522432202e-01,3.026928799967131267e-01,5.762758756070680555e-01,1.011525517512141370e+00,1.017288276268212055e+00,1.020269283811689354e+00,3.816857680263658348e-01,3.026664500782089706e-01,3.684166144054913383e-01,1.007368332288109736e+00,1.011052498432164715e+00,1.012935300744723044e+00,3.824026455194928786e-01,3.021069430830294889e-01,9.320362406219982743e-02,1.001864072481243984e+00,1.002796108721865975e+00,1.003264732916838486e+00,3.833584294047645558e-01,3.013587170092319467e-01,1.262986452918764409e-04,1.000002525972905731e+00,1.000003788959358708e+00,1.000004420457370591e+00,3.836834001125129512e-01,3.011037310830233515e-01
2.266208186688895676e+00,3.061654196065639044e-01,3.843422110217056820e-01,9.674919657890158620e-01,3.015687290357174088e-01,5.965916649155030838e-01,5.951039051526215706e-01,1.011902078103052327e+00,1.017853117154578602e+00,1.020934881277719919e+00,3.822735807452968260e-01,3.031929005699564028e-01,5.834637309687071838e-01,1.011669274619374059e+00,1.017503911929061200e+00,1.020523359561511523e+00,3.823137037874810851e-01,3.031615131854850098e-01,5.736458316495220977e-01,1.011472916632990549e+00,1.017209374949485712e+00,1.020176324969784165e+00,3.823475559559581516e-01,3.031350278198577386e-01,3.667352115712048111e-01,1.007334704231424016e+00,1.011002056347136246e+00,1.012876080819614000e+00,3.830632097416943327e-01,3.025743531488681581e-01,9.277825552143290078e-02,1.001855565110428614e+00,1.002783347665642921e+00,1.003249821284659449e+00,3.840173571885904802e-01,3.018245836351532430e-01,1.257222356190852372e-04,1.000002514444712443e+00,1.000003771667068664e+00,1.000004400282988426e+00,3.843417702240791711e-01,3.015690764082021857e-01
2.260425914100975486e+00,3.067083952667387647e-01,3.850015974834951615e-01,9.673265105340130843e-01,3.020344462452650980e-01,5.938676316029273261e-01,5.923866649405759022e-01,1.011847733298811614e+00,1.017771599948217309e+00,1.020838809861160046e+00,3.829365193943479184e-01,3.036619467303667830e-01,5.807996397094644658e-01,1.011615992794189234e+00,1.017423989191283962e+00,1.020429185856277288e+00,3.829765737889193611e-01,3.036304940942082808e-01,5.710265688489685187e-01,1.011420531376979293e+00,1.017130797065469050e+00,1.020083751312413245e+00,3.830103680310614767e-01,3.036039536962214513e-01,3.650607011950734448e-01,1.007301214023901492e+00,1.010951821035852127e+00,1.012817105336494716e+00,3.837247955678151357e-01,3.030421201201898285e-01,9.235463066445664948e-02,1.001847092613289192e+00,1.002770638919933788e+00,1.003234970886597743e+00,3.846773032169641393e-01,3.022908188671766250e-01,1.251481887825334986e-04,1.000002502963775575e+00,1.000003754445663473e+00,1.000004380191306108e+00,3.850011574455875496e-01,3.020347943194633955e-01
2.254653878054747818e+00,3.072523338787973568e-01,3.856620018654001170e-01,9.671602527215977796e-01,3.025005339024879891e-01,5.911547422545988528e-01,5.896805409023430089e-01,1.011793610818046751e+00,1.017690416227070349e+00,1.020743135873677598e+00,3.836004832090925132e-01,3.041313380614226736e-01,5.781464471927617588e-01,1.011562928943855244e+00,1.017344393415782866e+00,1.020335401646067286e+00,3.836404688140225838e-01,3.040998206635095458e-01,5.684180213986527175e-01,1.011368360427973068e+00,1.017052540641959490e+00,1.019991560463067826e+00,3.836742050100448997e-01,3.040732256465343286e-01,3.633930412064454996e-01,1.007267860824129002e+00,1.010901791236193281e+00,1.012758372792945005e+00,3.843874037753547412e-01,3.035102419066594281e-01,9.193273884805616691e-02,1.001838654776961102e+00,1.002757982165441764e+00,1.003220181348223550e+00,3.853382682929054059e-01,3.027574205751470404e-01,1.245764903597817183e-04,1.000002491529807136e+00,1.000003737294710815e+00,1.000004360181818486e+00,3.856615625887386267e-01,3.025008826730100076e-01
2.248892060428136386e+00,3.077972371505074967e-01,3.863234249744280091e-01,9.669931888584587520e-01,3.029669898445091492e-01,5.884529283408628242e-01,5.869854646791649033e-01,1.011739709293583367e+00,1.017609563940375050e+00,1.020647856844494328e+00,3.842654729414056169e-01,3.046010724856443308e-01,5.755040863969318465e-01,1.011510081727938548e+00,1.017265122591908044e+00,1.020242004509930522e+00,3.843053896157342386e-01,3.045694908142727031e-01,5.658201234046756900e-01,1.011316402468093623e+00,1.016974603702140323e+00,1.019899750042778663e+00,3.843390676467536293e-01,3.045428415902993180e-01,3.617321894789572445e-01,1.007234643789579165e+00,1.010851965684368636e+00,1.012699881684835157e+00,3.850510351372242179e-01,3.039787163984504215e-01,9.151256941492225128e-02,1.001830251388298398e+00,1.002745377082447709e+00,1.003205452294630540e+00,3.860002532147590038e-01,3.032243866097381613e-01,1.240071259092915179e-04,1.000002480142518246e+00,1.000003720213777259e+00,1.000004340254020185e+00,3.863229864605282615e-01,3.029673393059834074e-01
2.243140443131147688e+00,3.083431067926655222e-01,3.869858676128401509e-01,9.668253154401006411e-01,3.034338118892982994e-01,5.857621212254492393e-01,5.843013678059344462e-01,1.011686027356118789e+00,1.017529041034177961e+00,1.020552970299733797e+00,3.849314893386013292e-01,3.050711479056990583e-01,5.728724901960383642e-01,1.011457449803920827e+00,1.017186174705881241e+00,1.020148992023868662e+00,3.849713369424336840e-01,3.050395024475426320e-01,5.632328088706242131e-01,1.011264656177412569e+00,1.016896984266118631e+00,1.019808317669568254e+00,3.850049566904655829e-01,3.050127994271916165e-01,3.600781038207067630e-01,1.007201562076414092e+00,1.010802343114621138e+00,1.012641630505979995e+00,3.857156904217037829e-01,3.044475414661494961e-01,9.109411169116560236e-02,1.001821882233823402e+00,1.002732823350734881e+00,1.003190783350346393e+00,3.866632587761529849e-01,3.036917148023602353e-01,1.234400809670571121e-04,1.000002468801619360e+00,1.000003703202428929e+00,1.000004320407405167e+00,3.869854298632057765e-01,3.034341620363716907e-01
2.237399008105811493e+00,3.088899445191020110e-01,3.876493305781091303e-01,9.666566289508506937e-01,3.039009978355797226e-01,5.830822521490061083e-01,5.816281816947692640e-01,1.011632563633895421e+00,1.017448845450843020e+00,1.020458473761839402e+00,3.855985331433898766e-01,3.055415622043044510e-01,5.702515913437713468e-01,1.011405031826875467e+00,1.017107547740313089e+00,1.020056361760260932e+00,3.856383115378925197e-01,3.055098534444277147e-01,5.606560116817366213e-01,1.011213120233634744e+00,1.016819680350452115e+00,1.019717260957891281e+00,3.856718728858481993e-01,3.054830970369614707e-01,3.584307419641315495e-01,1.007168614839282661e+00,1.010752922258923991e+00,1.012583617747780051e+00,3.863813703923996146e-01,3.049167149606615834e-01,9.067735498375595338e-02,1.001813547099675183e+00,1.002720320649512775e+00,1.003176174139243537e+00,3.873272857659559865e-01,3.041594029650668829e-01,1.228753410431351032e-04,1.000002457506820930e+00,1.000003686260231284e+00,1.000004300641466060e+00,3.876488935942323244e-01,3.039013486629173477e-01
2.231667737326128442e+00,3.094377520466868314e-01,3.883138146628773435e-01,9.664871258638649820e-01,3.043685454627406695e-01,5.804132522121532300e-01,5.789658376181079369e-01,1.011579316752362123e+00,1.017368975128543296e+00,1.020364364748972630e+00,3.862666050938335927e-01,3.060123132441308069e-01,5.676413224568735982e-01,1.011352826449137376e+00,1.017029239673706176e+00,1.019964111287278596e+00,3.863063141412311774e-01,3.059805416660030808e-01,5.580896655886088409e-01,1.011161793311772250e+00,1.016742689967658375e+00,1.019626577518052413e+00,3.863398169729144183e-01,3.059537322793373093e-01,3.567900615555913424e-01,1.007135801231111794e+00,1.010703701846667801e+00,1.012525841898853196e+00,3.870480758082009420e-01,3.053862347131145460e-01,9.026228857788670679e-02,1.001805245771557829e+00,1.002707868657336521e+00,1.003161624284447884e+00,3.879923349682351530e-01,3.046274488904625044e-01,1.223128916180733902e-04,1.000002446257832300e+00,1.000003669386748451e+00,1.000004280955694602e+00,3.883133784462385329e-01,3.043688969650253928e-01
2.225946612798009649e+00,3.099865310953347497e-01,3.889793206549140292e-01,9.663168026411355083e-01,3.048364525307385997e-01,5.777550523580672337e-01,5.763142666913388945e-01,1.011526285333826713e+00,1.017289428000740070e+00,1.020270640774394444e+00,3.869357059233031748e-01,3.064833988677032051e-01,5.650416159981097586e-01,1.011300832319962151e+00,1.016951248479943226e+00,1.019872238168276546e+00,3.869753454868748999e-01,3.064515649532122965e-01,5.555337041904492290e-01,1.011110674083808947e+00,1.016666011125713531e+00,1.019536264955613225e+00,3.870087896869793820e-01,3.064247029939278777e-01,3.551560201446627429e-01,1.007103120402893293e+00,1.010654680604339939e+00,1.012468301444656715e+00,3.877158074232367468e-01,3.058560985347631989e-01,8.984890173426669790e-02,1.001796978034685370e+00,1.002695467052028055e+00,1.003147133408242464e+00,3.886584071622137815e-01,3.050958503516092990e-01,1.217527181392411711e-04,1.000002435054362815e+00,1.000003652581544111e+00,1.000004261349581869e+00,3.889788852069820391e-01,3.048368047026712158e-01
2.220235616559221636e+00,3.105362833880107587e-01,3.896458493370732468e-01,9.661456557334980877e-01,3.053047167800095885e-01,5.751075833546119842e-01,5.736733998549745639e-01,1.011473467997099585e+00,1.017210201995649266e+00,1.020177299345834454e+00,3.876058363604333867e-01,3.069548168973035285e-01,5.624524042587892847e-01,1.011249048085175684e+00,1.016873572127763747e+00,1.019780739961174465e+00,3.876454063045096654e-01,3.069229211267696100e-01,5.529880609178960960e-01,1.011059761218357833e+00,1.016589641827536861e+00,1.019446320870781575e+00,3.876787917586158039e-01,3.068960070001240936e-01,3.535285751731546688e-01,1.007070571503463130e+00,1.010605857255194584e+00,1.012410994867099623e+00,3.883845659868320199e-01,3.063263042168938299e-01,8.943718368634118177e-02,1.001788743673726723e+00,1.002683115510590195e+00,1.003132701131969506e+00,3.893255031222279117e-01,3.055646051019336173e-01,1.211948060170633197e-04,1.000002423896120263e+00,1.000003635844180616e+00,1.000004241822616935e+00,3.896454146593054113e-01,3.053050696163085997e-01
2.214534730679331265e+00,3.110870106507354071e-01,3.903134014872506885e-01,9.659736815806407861e-01,3.057733359313757893e-01,5.724707757760294502e-01,5.710431678563885338e-01,1.011420863357127775e+00,1.017131295035691663e+00,1.020084337964840326e+00,3.882769971290790378e-01,3.074265651348719319e-01,5.598736193408601070e-01,1.011197472386817120e+00,1.016796208580225791e+00,1.019689614217820228e+00,3.883164973190378899e-01,3.073946079870615855e-01,5.504526690154128987e-01,1.011009053380308220e+00,1.016513580070462330e+00,1.019356742857787435e+00,3.883498239136101704e-01,3.073676420970011813e-01,3.519076839638532461e-01,1.007038153679276959e+00,1.010557230518915661e+00,1.012353920644144534e+00,3.890543522434642409e-01,3.067968495307279442e-01,8.902712363744454127e-02,1.001780542472748836e+00,1.002670813709123365e+00,1.003118327075933403e+00,3.899936236176838045e-01,3.060337108751336466e-01,1.206391406211619263e-04,1.000002412782812433e+00,1.000003619174218539e+00,1.000004222374287766e+00,3.903129675810926846e-01,3.057736894267769623e-01
2.208843937259648005e+00,3.116387146125902952e-01,3.909819778783409361e-01,9.658008766111120247e-01,3.062423076859530080e-01,5.698445599842050235e-01,5.684235012311272817e-01,1.011368470024622601e+00,1.017052705036933791e+00,1.019991754126114980e+00,3.889491889482700193e-01,3.078986413619075879e-01,5.573051931385868407e-01,1.011146103862771817e+00,1.016719155794157503e+00,1.019598858483340198e+00,3.889886192505338514e-01,3.078666233140480712e-01,5.479274615232739842e-01,1.010958549230465575e+00,1.016437823845698141e+00,1.019267528504242071e+00,3.890218868729178880e-01,3.078396060632198616e-01,3.502933037090054658e-01,1.007005866074180078e+00,1.010508799111270228e+00,1.012297077249402211e+00,3.897251669327194135e-01,3.072677322273258405e-01,8.861871075788677055e-02,1.001772374215157635e+00,1.002658561322736563e+00,1.003104010859294792e+00,3.906627694130146433e-01,3.065031653850853188e-01,1.200857072764083250e-04,1.000002401714145561e+00,1.000003602571218231e+00,1.000004203004080772e+00,3.909815447452271164e-01,3.062426618352097618e-01
2.203163218433166204e+00,3.121913970057236254e-01,3.916515792781942729e-01,9.656272372423311268e-01,3.067116297250588319e-01,5.672288661095282736e-01,5.658143302838187783e-01,1.011316286605676407e+00,1.016974429908514610e+00,1.019899545316840017e+00,3.896224125321668397e-01,3.083710433393699879e-01,5.547470573198320931e-01,1.011094941146396753e+00,1.016642411719594907e+00,1.019508470295475755e+00,3.896617728141991144e-01,3.083389648671635563e-01,5.454123712591617545e-01,1.010908247425183148e+00,1.016362371137774945e+00,1.019178675390487232e+00,3.896949813526188189e-01,3.083118966569270980e-01,3.486853914585536507e-01,1.006973707829171172e+00,1.010460561743756536e+00,1.012240463151714343e+00,3.903970107892478780e-01,3.077389500374901332e-01,8.821193418197705027e-02,1.001764238683639618e+00,1.002646358025459206e+00,1.003089752099968868e+00,3.913329412676368468e-01,3.069729663257490526e-01,1.195344912588897258e-04,1.000002390689825216e+00,1.000003586034737824e+00,1.000004183711480588e+00,3.916511469195474993e-01,3.067119845229416830e-01
2.197492556364512239e+00,3.127450595653554211e-01,3.923222064495733852e-01,9.654527598805972000e-01,3.071812997101199261e-01,5.646236240313721177e-01,5.632155850687003973e-01,1.011264311701373986e+00,1.016896467552061090e+00,1.019807709015983832e+00,3.902966685900155497e-01,3.088437688075787446e-01,5.521991433069654009e-01,1.011043982866139279e+00,1.016565974299209030e+00,1.019418447183904508e+00,3.903359587203173442e-01,3.088116303852172506e-01,5.429073307993962372e-01,1.010858146615987829e+00,1.016287219923981855e+00,1.019090181088929459e+00,3.903691080638720945e-01,3.087845116156568981e-01,3.470839041081359433e-01,1.006941678082162728e+00,1.010412517123244092e+00,1.012184076814732103e+00,3.910698845427197923e-01,3.082105006716687190e-01,8.780678300498802324e-02,1.001756135660099689e+00,1.002634203490149645e+00,1.003075550414517014e+00,3.920041399359070478e-01,3.074431113710767716e-01,1.189854777917956298e-04,1.000002379709555855e+00,1.000003569564333672e+00,1.000004164495970072e+00,3.923217748668051397e-01,3.071816551514163218e-01
2.191831933249887676e+00,3.132997040297830216e-01,3.929938601501097861e-01,9.652774409211002382e-01,3.076513152825796071e-01,5.620287633582125020e-01,5.606271953697881116e-01,1.011212543907395789e+00,1.016818815861093572e+00,1.019716242693599062e+00,3.909719578261024453e-01,3.093168154861141161e-01,5.496613822574205610e-01,1.010993227645148318e+00,1.016489841467722588e+00,1.019328786669553066e+00,3.910111776742092315e-01,3.092846175862931091e-01,5.404122724598197092e-01,1.010808245449196452e+00,1.016212368173794678e+00,1.019002043163361515e+00,3.910442677128712630e-01,3.092574486562307823e-01,3.454887983868654699e-01,1.006909775967737231e+00,1.010364663951605957e+00,1.012127916696483387e+00,3.917437889177808330e-01,3.086823818198579095e-01,8.740324628006408691e-02,1.001748064925601200e+00,1.002622097388401912e+00,1.003061405418040231e+00,3.926763661670775729e-01,3.079135981749176465e-01,1.184386520412282278e-04,1.000002368773040828e+00,1.000003553159561243e+00,1.000004145357029861e+00,3.929934293446200599e-01,3.076516713620939258e-01
2.186181331317011978e+00,3.138553321403866336e-01,3.936665411322598507e-01,9.651012767479322241e-01,3.081216740638056950e-01,5.594442134074131268e-01,5.580490906807114015e-01,1.011160981813614246e+00,1.016741472720421369e+00,1.019625143810107826e+00,3.916482809397089371e-01,3.097901810737161976e-01,5.471337050439248895e-01,1.010942674100878458e+00,1.016414011151317798e+00,1.019239486263895822e+00,3.916874303761873621e-01,3.097579241676503004e-01,5.379271282763586903e-01,1.010758542565527218e+00,1.016137813848290827e+00,1.018914259168273162e+00,3.917204610007986587e-01,3.097307054746572530e-01,3.439000308449036147e-01,1.006878000616898028e+00,1.010317000925347042e+00,1.012071981248936048e+00,3.924187246340073432e-01,3.091545911515049538e-01,8.700131301507765813e-02,1.001740026260301564e+00,1.002610039390452235e+00,1.003047316724067661e+00,3.933496207052528670e-01,3.083844243709247812e-01,1.178939991119424754e-04,1.000002357879982151e+00,1.000003536819973338e+00,1.000004126294138596e+00,3.936661111054374773e-01,3.081220307763590238e-01
2.180540732825065220e+00,3.144119456416348823e-01,3.943402501432612950e-01,9.649242637340985640e-01,3.085923736549976426e-01,5.568699031847088587e-01,5.554812001842482916e-01,1.011109624003684981e+00,1.016664436005527472e+00,1.019534409815576081e+00,3.923256386250654759e-01,3.102638632481844461e-01,5.446160422344341612e-01,1.010892320844688719e+00,1.016338481267033078e+00,1.019150543468243075e+00,3.923647175215100313e-01,3.102315478056216769e-01,5.354518299852969454e-01,1.010709036599706012e+00,1.016063554899558907e+00,1.018826826648155937e+00,3.923976886237801054e-01,3.102042797460317636e-01,3.423175578408479969e-01,1.006846351156816866e+00,1.010269526735225520e+00,1.012016268917551365e+00,3.930946924058610348e-01,3.096271263154105058e-01,8.660097216943858645e-02,1.001732019443388744e+00,1.002598029165083116e+00,1.003033283944444465e+00,3.940239042893451393e-01,3.088555875724613431e-01,1.173515040430224573e-04,1.000002347030080951e+00,1.000003520545121205e+00,1.000004107306772916e+00,3.943398208964836171e-01,3.085927309954276110e-01
2.174910120064639241e+00,3.149695462810898627e-01,3.950149879250884899e-01,9.647463982415309669e-01,3.090634116370944984e-01,5.543057613634171377e-01,5.529234527315881609e-01,1.011058469054631814e+00,1.016587703581947721e+00,1.019444038148979770e+00,3.930040315713060339e-01,3.107378596662763170e-01,5.421083240718016505e-01,1.010842166481435989e+00,1.016263249722153983e+00,1.019061955773021388e+00,3.930430398003360581e-01,3.107054861555137992e-01,5.329863090032856965e-01,1.010659726180065610e+00,1.015989589270098525e+00,1.018739743136790388e+00,3.930759512728388416e-01,3.106781691244356325e-01,3.407413355289536927e-01,1.006814826710578981e+00,1.010222240065868693e+00,1.011960778140834849e+00,3.937716929426440804e-01,3.100999849396307018e-01,8.620221265086119855e-02,1.001724044253017309e+00,1.002586066379525853e+00,1.003019306689219903e+00,3.946992176530300100e-01,3.093270853725069158e-01,1.168111518035005596e-04,1.000002336223036137e+00,1.000003504334554094e+00,1.000004088394406576e+00,3.950145594597217480e-01,3.090637696002550561e-01
2.169289475357673247e+00,3.155281358094132460e-01,3.956907552144083295e-01,9.645676766210998787e-01,3.095347855706818696e-01,5.517517162634077987e-01,5.503757768213544121e-01,1.011007515536427093e+00,1.016511273304640639e+00,1.019354026237460964e+00,3.936834604624218081e-01,3.112121679636058458e-01,5.396104804532105836e-01,1.010792209609064241e+00,1.016188314413596361e+00,1.018973720657046833e+00,3.937223978976782113e-01,3.111797368515046847e-01,5.305304964071227980e-01,1.010610609928142445e+00,1.015915914892213667e+00,1.018653006156534646e+00,3.937552496338497243e-01,3.111523712428349575e-01,3.391713198462052437e-01,1.006783426396924197e+00,1.010175139595386185e+00,1.011905507349879052e+00,3.944497269484537605e-01,3.105731646313795169e-01,8.580502331209378941e-02,1.001716100466241821e+00,1.002574150699362843e+00,1.003005384566530989e+00,3.953755615247017130e-01,3.097989153435631859e-01,1.162729272879256992e-04,1.000002325458545727e+00,1.000003488187818590e+00,1.000004069556510888e+00,3.956903275318074398e-01,3.095351441514433422e-01
2.163678781057404077e+00,3.160877159803712755e-01,3.963675527425358225e-01,9.643880952126283601e-01,3.100064929959002180e-01,5.492076958298734990e-01,5.478381005784274116e-01,1.010956762011568477e+00,1.016435143017352827e+00,1.019264371495578692e+00,3.943639259772152572e-01,3.116867857545419507e-01,5.371224409094117469e-01,1.010742448818188199e+00,1.016113673227282410e+00,1.018885835586788025e+00,3.944027924933573015e-01,3.116542975065427212e-01,5.280843229133398431e-01,1.010561686458266717e+00,1.015842529687400297e+00,1.018566613217599004e+00,3.944355843874926548e-01,3.116268837129789748e-01,3.376074664992668728e-01,1.006752149329985357e+00,1.010128223994978036e+00,1.011850454967905266e+00,3.951287951221363892e-01,3.110466629769298441e-01,8.540939294761724920e-02,1.001708187858952437e+00,1.002562281788428544e+00,1.002991517182487691e+00,3.960529366274283536e-01,3.102710750375605175e-01,1.157368153118895258e-04,1.000002314736306186e+00,1.000003472104459279e+00,1.000004050792554278e+00,3.963671258440446543e-01,3.100068521891488627e-01
2.158078019548310245e+00,3.166482885508404288e-01,3.970453812353891831e-01,9.642076503449061864e-01,3.104785314323517120e-01,5.466736276119360527e-01,5.453103517326045591e-01,1.010906207034652171e+00,1.016359310551978146e+00,1.019175071324553317e+00,3.950454287892531391e-01,3.121617106321060708e-01,5.346441345838005565e-01,1.010692882691676120e+00,1.016039324037514069e+00,1.018798298015626713e+00,3.950842242619554967e-01,3.121291657122445828e-01,5.256477188576307302e-01,1.010512954377152717e+00,1.015769431565728853e+00,1.018480561817319163e+00,3.951169562092066712e-01,3.121017041252984736e-01,3.360497309513309494e-01,1.006720994619026532e+00,1.010081491928539910e+00,1.011795619409798341e+00,3.958088981572419618e-01,3.115204775415156280e-01,8.501531029031790532e-02,1.001700306205806301e+00,1.002550459308709563e+00,1.002977704141056137e+00,3.967313436789069447e-01,3.107435619857635833e-01,1.152028006075179973e-04,1.000002304056012203e+00,1.000003456084018305e+00,1.000004032102002727e+00,3.970449551223402818e-01,3.104788912329894401e-01
2.152487173246054208e+00,3.172098552808129690e-01,3.977242414134448123e-01,9.640263383357040583e-01,3.109508983790076897e-01,5.441494387411314193e-01,5.427924575971385668e-01,1.010855849151942820e+00,1.016283773727914230e+00,1.019086123111507147e+00,3.957279695668199371e-01,3.126369401678690818e-01,5.321754902113755570e-01,1.010643509804227458e+00,1.015965264706341298e+00,1.018711105383112603e+00,3.957666938727695816e-01,3.126043390387922005e-01,5.232206141741647665e-01,1.010464412283483382e+00,1.015696618425224962e+00,1.018394849439424821e+00,3.957993657691425415e-01,3.125768300488029339e-01,3.344980684088927347e-01,1.006689961368177899e+00,1.010034942052266738e+00,1.011740999081641945e+00,3.964900367419776916e-01,3.119946058692324442e-01,8.462276400814172650e-02,1.001692455280162930e+00,1.002538682920244284e+00,1.002963945043941596e+00,3.974107833914179433e-01,3.112163736986773288e-01,1.146708678189375182e-04,1.000002293417356469e+00,1.000003440126034482e+00,1.000004013484318666e+00,3.977238160871596206e-01,3.109512587819523444e-01
2.146906224597427748e+00,3.177724179334026067e-01,3.984041339916919999e-01,9.638441554917904774e-01,3.114235913141166767e-01,5.416350559098139783e-01,5.402843450471960240e-01,1.010805686900943856e+00,1.016208530351415895e+00,1.018997524228702822e+00,3.964115489728709529e-01,3.131124719118490440e-01,5.297164360976176489e-01,1.010594328721952317e+00,1.015891493082928587e+00,1.018624255114218169e+00,3.964502019897642726e-01,3.130798150348306774e-01,5.208029383748210561e-01,1.010416058767496406e+00,1.015624088151244608e+00,1.018309473553304478e+00,3.964828137321164681e-01,3.130522590309784414e-01,3.329524338084750568e-01,1.006659048676169510e+00,1.009988573014254154e+00,1.011686592380250271e+00,3.971722115591618252e-01,3.124690454829391895e-01,8.423174270073591208e-02,1.001684634854014710e+00,1.002526952281022066e+00,1.002950239490469242e+00,3.980912564717800084e-01,3.116895076659528807e-01,1.141410014977239186e-04,1.000002282820029897e+00,1.000003424230044846e+00,1.000003994938960750e+00,3.984037094534809698e-01,3.114239523143015331e-01
2.141335156080300450e+00,3.183359782748496625e-01,3.990850596795879057e-01,9.636610981089459571e-01,3.118966076951115163e-01,5.391304053495358239e-01,5.377859404982900937e-01,1.010755718809965842e+00,1.016133578214948763e+00,1.018909272032779478e+00,3.970961676649849559e-01,3.135883033924073415e-01,5.272669000973455589e-01,1.010545338001946902e+00,1.015818007002920353e+00,1.018537744618588592e+00,3.971347492715245897e-01,3.135555912273645940e-01,5.183946205283997966e-01,1.010367892410567903e+00,1.015551838615851965e+00,1.018224431613271586e+00,3.971673007575627357e-01,3.135279885976845482e-01,3.314127818033374417e-01,1.006628255636066838e+00,1.009942383454100145e+00,1.011632397692699747e+00,3.978554232861774009e-01,3.129437938841584943e-01,8.384223489608648439e-02,1.001676844697921620e+00,1.002515267046882652e+00,1.002936587077468689e+00,3.987727636213042048e-01,3.121629613562934558e-01,1.136131860983462580e-04,1.000002272263722070e+00,1.000003408395582882e+00,1.000003976465385858e+00,3.990846359307503310e-01,3.118969692874851707e-01
2.135773950203558869e+00,3.189005380745270068e-01,3.997670191810116513e-01,9.634771624719814520e-01,3.123699449585171095e-01,5.366354128094350528e-01,5.352971698847233117e-01,1.010705943397694373e+00,1.016058915096541782e+00,1.018821363863991136e+00,3.977818262953169981e-01,3.140644321161448205e-01,5.248268095935795241e-01,1.010496536191871630e+00,1.015744804287807446e+00,1.018451571289795909e+00,3.978203363712089491e-01,3.140316651216548127e-01,5.159955892398413457e-01,1.010319911784796743e+00,1.015479867677195225e+00,1.018139721057828684e+00,3.978528274994860836e-01,3.140040162530505774e-01,3.298790667501912965e-01,1.006597581335003877e+00,1.009896372002505816e+00,1.011578413395860743e+00,3.985396725949250651e-01,3.134188485529772472e-01,8.345422904715743551e-02,1.001669084580943059e+00,1.002503626871414699e+00,1.002922987399154087e+00,3.994553055357480398e-01,3.126367322173598251e-01,1.130874059736124712e-04,1.000002261748119459e+00,1.000003392622179188e+00,1.000003958063045761e+00,3.997665962228358905e-01,3.123703071380432572e-01
2.130222589507057229e+00,3.194660991049452781e-01,4.004500131942187457e-01,9.632923448547542344e-01,3.128436005198577674e-01,5.341500035346994357e-01,5.328179586381042165e-01,1.010656359172761976e+00,1.015984538759143074e+00,1.018733797045447753e+00,3.984685255105505086e-01,3.145408555677983165e-01,5.223960914764786967e-01,1.010447921829529472e+00,1.015671882744294319e+00,1.018365732504593613e+00,3.985069639365012018e-01,3.145080342011143948e-01,5.136057726295186754e-01,1.010272115452590436e+00,1.015408173178885542e+00,1.018055339308936658e+00,3.985393946064146875e-01,3.144803394793725948e-01,3.283512426959609987e-01,1.006567024853919134e+00,1.009850537280878813e+00,1.011524637855932385e+00,3.992249601517764979e-01,3.138942069479471186e-01,8.306771352854148971e-02,1.001661354270570792e+00,1.002492031405856299e+00,1.002909440047008216e+00,4.001388829052697216e-01,3.131108176756767225e-01,1.125636453701309793e-04,1.000002251272907428e+00,1.000003376909361030e+00,1.000003939731389124e+00,4.004495910279822213e-01,3.128439632815152027e-01
2.124681056561557480e+00,3.200326631417588219e-01,4.011340424117950110e-01,9.631066415201867681e-01,3.133175717735651178e-01,5.316741022451462184e-01,5.303482316659813289e-01,1.010606964633319560e+00,1.015910446949979340e+00,1.018646568882358494e+00,3.991562659518494427e-01,3.150175712101352388e-01,5.199746721223924562e-01,1.010399493442447838e+00,1.015599240163671757e+00,1.018280225622178570e+00,3.991946326095630604e-01,3.149846959272045721e-01,5.112250983126405135e-01,1.010224501966252797e+00,1.015336752949379306e+00,1.017971283771285984e+00,3.992270027213517536e-01,3.149569557370086037e-01,3.268292633646165957e-01,1.006536585267292283e+00,1.009804877900938536e+00,1.011471069427978930e+00,3.999112866175270065e-01,3.143698665059849739e-01,8.268267663312903193e-02,1.001653653532662558e+00,1.002480480298993948e+00,1.002895944609663914e+00,4.008234964143815304e-01,3.135852151365378093e-01,1.120418884237966815e-04,1.000002240837768452e+00,1.000003361256652790e+00,1.000003921469860835e+00,4.011336210387640433e-01,3.133179351123473455e-01
2.119149333968679105e+00,3.206002319637709097e-01,4.018191075206103413e-01,9.629200487202853598e-01,3.137918560928855682e-01,5.292076331139844436e-01,5.278879133306578764e-01,1.010557758266613204e+00,1.015836637399919695e+00,1.018559676661285218e+00,3.998450482548104312e-01,3.154945764838497091e-01,5.175624773730899131e-01,1.010351249547461805e+00,1.015526874321192707e+00,1.018195047983453616e+00,3.998833430269856382e-01,3.154616477393298313e-01,5.088534933788311232e-01,1.010177069867576716e+00,1.015265604801364852e+00,1.017887551831576198e+00,3.999156524817277791e-01,3.154338624642748501e-01,3.253130821441187481e-01,1.006506261642882372e+00,1.009759392464323557e+00,1.011417706455468357e+00,4.005986526473483411e-01,3.148458246422721762e-01,8.229910656880529141e-02,1.001645982131376122e+00,1.002468973197064184e+00,1.002882500672790833e+00,4.015091467419034665e-01,3.140599219839117495e-01,1.115221191553154639e-04,1.000002230442383011e+00,1.000003345663574628e+00,1.000003903277901562e+00,4.018186869420404261e-01,3.137922200038005816e-01
2.113627404360841844e+00,3.211688073529394005e-01,4.025052092017724625e-01,9.627325626961593663e-01,3.142664508297881021e-01,5.267505197468079770e-01,5.254369274282374436e-01,1.010508738548564711e+00,1.015763107822847067e+00,1.018473117649399962e+00,4.005348730494138754e-01,3.159718688074565907e-01,5.151594325152156761e-01,1.010303188650304218e+00,1.015454782975456549e+00,1.018110196910305243e+00,4.005730958197415981e-01,3.159388870547333306e-01,5.064908843719306830e-01,1.010129817687438702e+00,1.015194726531157832e+00,1.017804140857803352e+00,4.006053445193522577e-01,3.159110570773407400e-01,3.238026520735050040e-01,1.006476053041470031e+00,1.009714079562205047e+00,1.011364547269819614e+00,4.012870588907410663e-01,3.153220787501551658e-01,8.191699145518345493e-02,1.001638339829103774e+00,1.002457509743655439e+00,1.002869107818978200e+00,4.021958345609165653e-01,3.145349355803480074e-01,1.110043214657773202e-04,1.000002220086429361e+00,1.000003330129644041e+00,1.000003885154947980e+00,4.025047894189081044e-01,3.142668153078583271e-01
2.108115250401211060e+00,3.217383910943826808e-01,4.031923481305801915e-01,9.625441796780407344e-01,3.147413533148717968e-01,5.243026851608847405e-01,5.229951971679648315e-01,1.010459903943359272e+00,1.015689855915038908e+00,1.018386889093756853e+00,4.012257409599760960e-01,3.164494455771866832e-01,5.127654622600340550e-01,1.010255309245200683e+00,1.015382963867800914e+00,1.018025669704887060e+00,4.012638916131363587e-01,3.164164112683914287e-01,5.041371972700814386e-01,1.010082743945401651e+00,1.015124115918102365e+00,1.017721048198554135e+00,4.012960794603652182e-01,3.163885369701239791e-01,3.222979258301589267e-01,1.006445958516603234e+00,1.009668937774904851e+00,1.011311590189954090e+00,4.019765059914865990e-01,3.157986262010440970e-01,8.153631932038392371e-02,1.001630726386407710e+00,1.002446089579611455e+00,1.002855765627623796e+00,4.028835605387159902e-01,3.150102532668823119e-01,1.104884791322918692e-04,1.000002209769582651e+00,1.000003314654373865e+00,1.000003867100432098e+00,4.031919291446551257e-01,3.147417183551339814e-01
2.102612854783645790e+00,3.223089849763846604e-01,4.038805249764768068e-01,9.623548958853053170e-01,3.152165608572740640e-01,5.218640517648051036e-01,5.205626451519252962e-01,1.010411252903038459e+00,1.015616879354557689e+00,1.018300988220575576e+00,4.019176526051000398e-01,3.169273041668803637e-01,5.103804907235257593e-01,1.010207609814470553e+00,1.015311414721705718e+00,1.017941463648916578e+00,4.019557310267592443e-01,3.168942177529084914e-01,5.017923574661586894e-01,1.010035847149323152e+00,1.015053770723984838e+00,1.017638271182319087e+00,4.019878579251882633e-01,3.168662995141851013e-01,3.207988557172994915e-01,1.006415977114345939e+00,1.009623965671518908e+00,1.011258833521854417e+00,4.026669945875992473e-01,3.162754643443133062e-01,8.115707809786933125e-02,1.001623141561957420e+00,1.002434712342936018e+00,1.002842473674822932e+00,4.035723253367639596e-01,3.154858723629424544e-01,1.099745758036995758e-04,1.000002199491516031e+00,1.000003299237274046e+00,1.000003849113781484e+00,4.038801067887138885e-01,3.152169264547787231e-01
2.097120200232641007e+00,3.228805907904009342e-01,4.045697404030028643e-01,9.621647075264941895e-01,3.156920707445781127e-01,5.194345413385452748e-01,5.181391933551574569e-01,1.010362783867103209e+00,1.015544175800654703e+00,1.018215412234537709e+00,4.026106085976263183e-01,3.174054419278817263e-01,5.080044414068902725e-01,1.010160088828137903e+00,1.015240133242206744e+00,1.017857576002988207e+00,4.026486146744348016e-01,3.173723038584105316e-01,4.994562897486011788e-01,1.009989125794972020e+00,1.014983688692458141e+00,1.017555807116811817e+00,4.026806805284759982e-01,3.173443420586221086e-01,3.193053936517256663e-01,1.006386107873034508e+00,1.009579161809551762e+00,1.011206275558135026e+00,4.033585253112780822e-01,3.167525905071996717e-01,8.077925562334406506e-02,1.001615585112466844e+00,1.002423377668700377e+00,1.002829231533258536e+00,4.042621296106423956e-01,3.159617901662540307e-01,1.094625949963704545e-04,1.000002189251899987e+00,1.000003283877849869e+00,1.000003831194419490e+00,4.045693230146141794e-01,3.156924368943897496e-01
2.091637269503275665e+00,3.234532103310641671e-01,4.052599950677491236e-01,9.619736107993352991e-01,3.161678802427210777e-01,5.170140750140203023e-01,5.157247631062547022e-01,1.010314495262125023e+00,1.015471742893187646e+00,1.018130158318103051e+00,4.033046095445840806e-01,3.178838561889321124e-01,5.056372371775259555e-01,1.010112744743550506e+00,1.015169117115325870e+00,1.017774004005899569e+00,4.033425431641731729e-01,3.178506669124392392e-01,4.971289182827117736e-01,1.009942578365654153e+00,1.014913867548481452e+00,1.017473653288312851e+00,4.033745478790664030e-01,3.178226619299641120e-01,3.178174911518619195e-01,1.006356349823037233e+00,1.009534524734555960e+00,1.011153914577619828e+00,4.040510987888583094e-01,3.172300019947022487e-01,8.040283963173008863e-02,1.001608056792634649e+00,1.002412085188951973e+00,1.002816038772096796e+00,4.049529740100052955e-01,3.164380039527456834e-01,1.089525200901058933e-04,1.000002179050401896e+00,1.000003268575602622e+00,1.000003813341764358e+00,4.052595784799361001e-01,3.161682469399176298e-01
2.086164045381158516e+00,3.240268453961896999e-01,4.059512896223092526e-01,9.617816018907665576e-01,3.166439865959019273e-01,5.146025732561876342e-01,5.133192750685163785e-01,1.010266385501370268e+00,1.015399578252055512e+00,1.018045223630845042e+00,4.039996560471413867e-01,3.183625442560633623e-01,5.032788002505502734e-01,1.010065576005011012e+00,1.015098364007516407e+00,1.017690744874003794e+00,4.040375170981210795e-01,3.183293042198459544e-01,4.948101665924880543e-01,1.009896203331849707e+00,1.014844304997774671e+00,1.017391806961025935e+00,4.040694605799317607e-01,3.183012564320655824e-01,3.163350993261425104e-01,1.006326701986522743e+00,1.009490052979784336e+00,1.011101748844934756e+00,4.047447156407625313e-01,3.177076960894806845e-01,8.002781775422820876e-02,1.001600556355084493e+00,1.002400834532626739e+00,1.002802894956882129e+00,4.056448591785312696e-01,3.169145109764556767e-01,1.084443343241565553e-04,1.000002168886686471e+00,1.000003253330029818e+00,1.000003795555229447e+00,4.059508738362624380e-01,3.166443538355748211e-01
2.080700510682372162e+00,3.246014977867812679e-01,4.066436247122319769e-01,9.615886769769591558e-01,3.171203870264898694e-01,5.121999558447701828e-01,5.109226492217159299e-01,1.010218452984434245e+00,1.015327679476651479e+00,1.017960605308806388e+00,4.046957487005555243e-01,3.188415034124907899e-01,5.009290521709244270e-01,1.010018581043418573e+00,1.015027871565127748e+00,1.017607795800574921e+00,4.047335370725117509e-01,3.188082130626843647e-01,4.924999575430482057e-01,1.009849999150860933e+00,1.014774998726291511e+00,1.017310265376460743e+00,4.047654192281286978e-01,3.187801228459996028e-01,3.148581688617759777e-01,1.006297163377235515e+00,1.009445745065853384e+00,1.011049776610111861e+00,4.054393764814520629e-01,3.181856700517546321e-01,7.965417751547579361e-02,1.001593083550309515e+00,1.002389625325464273e+00,1.002789799649440372e+00,4.063377857538753024e-01,3.173913084694370279e-01,1.079380207933707642e-04,1.000002158760415760e+00,1.000003238140623862e+00,1.000003777834223007e+00,4.066432097291312608e-01,3.171207548037436874e-01
2.075246648253421977e+00,3.251771693070366620e-01,4.073370009769735067e-01,9.613948322233419885e-01,3.175970787349322033e-01,5.098061418566713909e-01,5.085348048445600400e-01,1.010170696096891252e+00,1.015256044145336878e+00,1.017876300463881334e+00,4.053928880941229385e-01,3.193207309185058795e-01,4.985879137962556662e-01,1.009971758275925113e+00,1.014957637413887781e+00,1.017525153955204154e+00,4.054306036776152422e-01,3.192873907001039235e-01,4.901982133237224315e-01,1.009803964266474452e+00,1.014705946399711678e+00,1.017229025752834026e+00,4.054624244147486123e-01,3.192592584299515091e-01,3.133866500139357858e-01,1.006267733000278719e+00,1.009401599500417968e+00,1.010997996108209618e+00,4.061350819193775830e-01,3.186639211192019983e-01,7.928190633081204364e-02,1.001585638126616162e+00,1.002378457189924355e+00,1.002776752407779748e+00,4.070317543676208460e-01,3.178683936416631384e-01,1.074335624444887962e-04,1.000002148671248925e+00,1.000003223006873387e+00,1.000003760178148182e+00,4.073365867979881205e-01,3.175974470448845177e-01
2.069802440971179713e+00,3.257538617643532808e-01,4.080314190498494642e-01,9.612000637846259687e-01,3.180740588996627816e-01,5.074210496491489142e-01,5.061556604979041696e-01,1.010123113209958179e+00,1.015184669814937157e+00,1.017792306183223028e+00,4.060910748111292712e-01,3.198002240113691497e-01,4.962553052803412856e-01,1.009925106105606929e+00,1.014887659158410171e+00,1.017442816483217882e+00,4.061287174976880854e-01,3.197668343682425474e-01,4.879048554318738962e-01,1.009758097108637509e+00,1.014637145662956152e+00,1.017148085284501624e+00,4.061604767248673808e-01,3.197386604191115311e-01,3.119204925954165986e-01,1.006238409851908377e+00,1.009357614777862455e+00,1.010946405558949879e+00,4.068318325569297844e-01,3.191424465068576355e-01,7.891099150366132076e-02,1.001578219830073335e+00,1.002367329745109892e+00,1.002763752786002271e+00,4.077267656452314148e-01,3.183457636809344238e-01,1.069309420725969963e-04,1.000002138618841352e+00,1.000003207928262139e+00,1.000003742586402788e+00,4.080310056761378701e-01,3.180744277374437656e-01
2.064367871742831095e+00,3.263315769693340140e-01,4.087268795579865888e-01,9.610043678048307836e-01,3.185513246770104168e-01,5.050445968438214139e-01,5.037851340087994290e-01,1.010075702680175880e+00,1.015113554020264042e+00,1.017708619528682190e+00,4.067903094287987908e-01,3.202799799052019614e-01,4.939311460575270818e-01,1.009878622921150493e+00,1.014817934381725850e+00,1.017360780505127016e+00,4.068278791109231074e-01,3.202465412801190348e-01,4.856198046575205263e-01,1.009712396093150444e+00,1.014568594139725555e+00,1.017067441141416007e+00,4.068595767374948435e-01,3.202183260255678787e-01,3.104596459668030328e-01,1.006209192919335971e+00,1.009313789379004067e+00,1.010895003166370154e+00,4.075296289903899138e-01,3.196212434070117014e-01,7.854142022304591575e-02,1.001570828404460878e+00,1.002356242606691428e+00,1.002750800334213821e+00,4.084228202060020130e-01,3.188234157527832791e-01,1.064301423177574146e-04,1.000002128602846430e+00,1.000003192904269422e+00,1.000003725058379311e+00,4.087264669906967574e-01,3.185516940377630113e-01
2.058942923505821643e+00,3.269103167357927386e-01,4.094233831222746645e-01,9.608077404173096525e-01,3.190288732011075656e-01,5.026767003115797383e-01,5.014231424554411731e-01,1.010028462849108744e+00,1.015042694273663226e+00,1.017625237536277316e+00,4.074905925182434885e-01,3.207599957908786048e-01,4.916153548279508789e-01,1.009832307096558912e+00,1.014748460644838479e+00,1.017279043116108950e+00,4.075280890893986374e-01,3.207265086255260966e-01,4.833429810688266159e-01,1.009666859621376478e+00,1.014500289432064717e+00,1.016987090468613575e+00,4.075597250255245108e-01,3.206982524381995492e-01,3.090040590271944110e-01,1.006180081180543917e+00,1.009270121770815765e+00,1.010843787118500314e+00,4.082284718098799225e-01,3.201003089891084064e-01,7.817317956123956413e-02,1.001563463591224723e+00,1.002345195386837196e+00,1.002737894598444202e+00,4.091199186630104512e-01,3.193013470003808196e-01,1.059311456618281525e-04,1.000002118622913327e+00,1.000003177934369880e+00,1.000003707593464686e+00,4.094229713625437972e-01,3.190292430799867573e-01
2.053527579227803823e+00,3.274900828807600361e-01,4.101209303573174481e-01,9.606101777447779710e-01,3.195067015837985136e-01,5.003172761584775419e-01,4.990696021530948157e-01,1.009981392043061810e+00,1.014972088064592937e+00,1.017542157215696408e+00,4.081919246444126737e-01,3.212402688359189962e-01,4.893078495437433451e-01,1.009786156990874817e+00,1.014679235486312336e+00,1.017197601385518624e+00,4.082293479990276586e-01,3.212067335709217208e-01,4.810743039985360681e-01,1.009621486079970820e+00,1.014432229119956119e+00,1.016907030385739263e+00,4.082609221556826595e-01,3.211784368225685804e-01,3.075536802055313657e-01,1.006151073604110602e+00,1.009226610406166014e+00,1.010792755587055947e+00,4.089283615993122845e-01,3.205796403996436506e-01,7.780625647157327074e-02,1.001556125129431374e+00,1.002334187694147172e+00,1.002725035120568764e+00,4.098180616230681639e-01,3.197795545444422349e-01,1.054339344254900062e-04,1.000002108678688550e+00,1.000003163018032826e+00,1.000003690191039851e+00,4.101205194062722548e-01,3.195070719759715017e-01
2.048121821906581541e+00,3.280708772244890770e-01,4.108195218713841523e-01,9.604116758993401781e-01,3.199848069145486695e-01,4.979662397126683460e-01,4.967244286410656962e-01,1.009934488572821421e+00,1.014901732859232020e+00,1.017459375549840006e+00,4.088943063660412935e-01,3.217207961843792652e-01,4.870085473962527112e-01,1.009740170947925009e+00,1.014610256421887513e+00,1.017116452356439771e+00,4.089316563995067932e-01,3.216872132593218692e-01,4.788136920314118306e-01,1.009576273840628202e+00,1.014364410760942414e+00,1.016827257986602229e+00,4.089631686884771522e-01,3.216588763208126367e-01,3.061084574525658741e-01,1.006122169149051393e+00,1.009183253723576978e+00,1.010741906727157025e+00,4.096292989363399806e-01,3.210592347620641052e-01,7.744063778640378204e-02,1.001548812755728157e+00,1.002323219133592014e+00,1.002712221438238238e+00,4.105172496866713039e-01,3.202580354831336407e-01,1.049384907654936095e-04,1.000002098769815273e+00,1.000003148154722910e+00,1.000003672850480196e+00,4.108191117301409623e-01,3.199851778151944215e-01
2.042725634570059956e+00,3.286527015904610050e-01,4.115191582663605963e-01,9.602122309825185109e-01,3.204631862603530834e-01,4.956235055124746380e-01,4.943875366707976560e-01,1.009887750733415857e+00,1.014831626100124007e+00,1.017376889494402414e+00,4.095977382355990293e-01,3.222015749567442300e-01,4.847173648043762162e-01,1.009694347296087535e+00,1.014541520944131303e+00,1.017035593045276132e+00,4.096350148442648997e-01,3.221679448101923415e-01,4.765610629927640174e-01,1.009531221259855283e+00,1.014296831889782924e+00,1.016747770338774837e+00,4.096664651781460886e-01,3.221395680515370397e-01,3.046683382335271251e-01,1.006093366764670538e+00,1.009140050147005807e+00,1.010691238677070114e+00,4.103312843923059283e-01,3.215390891766649051e-01,7.707631021525818138e-02,1.001541526204305255e+00,1.002312289306457771e+00,1.002699453084813008e+00,4.112174834479513374e-01,3.207367868919775988e-01,1.044447966721452506e-04,1.000002088895933339e+00,1.000003133343900119e+00,1.000003655571156003e+00,4.115187489360250805e-01,3.204635576646622797e-01
2.037339000276189527e+00,3.292355578053910437e-01,4.122198401376997445e-01,9.600118390852827588e-01,3.209418366656459076e-01,4.932889872956484068e-01,4.920588401951605517e-01,1.009841176803903284e+00,1.014761765205854704e+00,1.017294695977494889e+00,4.103022207992381709e-01,3.226826022498183733e-01,4.824342174040571751e-01,1.009648684348081193e+00,1.014473026522121790e+00,1.016955020441378865e+00,4.103394238804115579e-01,3.226489253193403073e-01,4.743163339381234467e-01,1.009486326678762369e+00,1.014229490018143665e+00,1.016668564483226289e+00,4.103708121726065694e-01,3.226205091097069655e-01,3.032332695215197993e-01,1.006064665390430379e+00,1.009096998085645680e+00,1.010640749557976559e+00,4.110343185321922999e-01,3.220192007204880635e-01,7.671326034316380826e-02,1.001534265206863283e+00,1.002301397810294814e+00,1.002686729589304493e+00,4.119187634946254173e-01,3.212158058237598590e-01,1.039528339670436945e-04,1.000002079056679261e+00,1.000003118585019113e+00,1.000003638352430668e+00,4.122194316193670827e-01,3.209422085688204973e-01
2.031961902112914053e+00,3.298194476992338808e-01,4.129215680743724137e-01,9.598104962880799063e-01,3.214207551522091366e-01,4.909625979899089332e-01,4.897382523590114167e-01,1.009794765047180132e+00,1.014692147570770420e+00,1.017212791899312352e+00,4.110077545967422696e-01,3.231638751366178175e-01,4.801590200390307706e-01,1.009603180400780564e+00,1.014404770601170958e+00,1.016874731506723695e+00,4.110448840486851663e-01,3.231301518588064470e-01,4.720794211441431409e-01,1.009441588422882896e+00,1.014162382634324233e+00,1.016589637434005322e+00,4.110762102134026263e-01,3.231016965665396423e-01,3.018031977917074449e-01,1.006036063955834114e+00,1.009054095933751283e+00,1.010590437473769088e+00,4.117384019145694518e-01,3.224995664472208312e-01,7.635147462917667160e-02,1.001527029492583543e+00,1.002290544238875203e+00,1.002674050476324519e+00,4.126210904079463671e-01,3.216950893084354890e-01,1.034625843010861186e-04,1.000002069251685999e+00,1.000003103877528998e+00,1.000003621193662040e+00,4.129211603691271826e-01,3.214211275494621156e-01
2.026594323198117387e+00,3.304043731051897193e-01,4.136243426588175898e-01,9.596081986608652192e-01,3.218999387190822348e-01,4.886442497048243960e-01,4.874256854910966608e-01,1.009748513709821882e+00,1.014622770564732823e+00,1.017131174131851390e+00,4.117143401614737908e-01,3.236453906662610236e-01,4.778916867528845147e-01,1.009557833735057697e+00,1.014336750602586434e+00,1.016794723175631132e+00,4.117513958834009280e-01,3.236116214767564281e-01,4.698502401007926266e-01,1.009397004802015774e+00,1.014095507203023772e+00,1.016510986177964426e+00,4.117826598356534307e-01,3.235831274693961590e-01,3.003780690163219691e-01,1.006007561380326543e+00,1.009011342070489592e+00,1.010540300510875067e+00,4.124435350915451326e-01,3.229801833870935557e-01,7.599093940511901513e-02,1.001519818788102478e+00,1.002279728182153606e+00,1.002661415266040690e+00,4.133244647626531654e-01,3.221746343530357826e-01,1.029740291527573502e-04,1.000002059480582961e+00,1.000003089220874664e+00,1.000003604094201304e+00,4.136239357677341522e-01,3.219003116056375902e-01
2.021236246679570581e+00,3.309903358597097722e-01,4.143281644668928565e-01,9.594049422631339974e-01,3.223793843424715977e-01,4.863338537251109539e-01,4.851210510973675838e-01,1.009702421021947405e+00,1.014553631532921107e+00,1.017049839518673338e+00,4.124219780203217667e-01,3.241271458638607661e-01,4.756321307825046585e-01,1.009512642615649991e+00,1.014268963923475209e+00,1.016714992354537328e+00,4.124589599123987260e-01,3.240933311973728248e-01,4.676287055049143104e-01,1.009352574110098377e+00,1.014028861165147344e+00,1.016432607674535804e+00,4.124901615680010014e-01,3.240647988416738290e-01,2.989578286605444890e-01,1.005979156573210798e+00,1.008968734859816418e+00,1.010490336738114170e+00,4.131497186087127460e-01,3.234610485467784846e-01,7.563164087453710938e-02,1.001512632817490811e+00,1.002268949226236217e+00,1.002648823474139306e+00,4.140288871269204862e-01,3.226544379415746122e-01,1.024871498267177199e-04,1.000002049742996446e+00,1.000003074614494780e+00,1.000003587053394760e+00,4.143277583910350836e-01,3.223797577135640302e-01
2.015887655734876827e+00,3.315773378025023144e-01,4.150330340678242691e-01,9.592007231439537707e-01,3.228590889756603466e-01,4.840313205054225798e-01,4.828242598557831444e-01,1.009656485197115705e+00,1.014484727795673447e+00,1.016968784874723974e+00,4.131306686936491723e-01,3.246091377304151648e-01,4.733802645529805453e-01,1.009467605291059611e+00,1.014201407936589305e+00,1.016635535921814659e+00,4.131675766569903874e-01,3.245752780207465382e-01,4.654147312552139870e-01,1.009308294625104185e+00,1.013962441937656500e+00,1.016354498855553290e+00,4.131987159325575809e-01,3.245467076826976105e-01,2.975424216793025600e-01,1.005950848433585954e+00,1.008926272650379152e+00,1.010440544206585356e+00,4.138569530051001144e-01,3.239421589092879583e-01,7.527356511189116361e-02,1.001505471302237771e+00,1.002258206953356767e+00,1.002636274611797607e+00,4.147343580623082948e-01,3.231344970349555035e-01,1.020019274527051177e-04,1.000002040038548978e+00,1.000003060057823578e+00,1.000003570070582049e+00,4.150326288082454851e-01,3.228594628265347710e-01
2.010548533571423047e+00,3.321653807765380662e-01,4.157389520241560610e-01,9.589955373419976059e-01,3.233390495489180672e-01,4.817365596667026462e-01,4.805352216126709819e-01,1.009610704432253314e+00,1.014416056648380193e+00,1.016888006986206294e+00,4.138404126952403561e-01,3.250913632426988831e-01,4.711359996740368539e-01,1.009422719993480655e+00,1.014134079990221204e+00,1.016556350727647828e+00,4.138772466319070031e-01,3.250574589227688826e-01,4.632082304487524782e-01,1.009264164608975056e+00,1.013896246913462473e+00,1.016276656625132890e+00,4.139083234448531767e-01,3.250288509676127480e-01,2.961317925150274144e-01,1.005922635850300617e+00,1.008883953775450815e+00,1.010390920949587379e+00,4.145652388131172983e-01,3.244235114338729353e-01,7.491669806198779369e-02,1.001498333961239773e+00,1.002247500941859659e+00,1.002623768185664233e+00,4.154408781237112769e-01,3.236148085708784872e-01,1.015183429847661304e-04,1.000002030366859751e+00,1.000003045550289515e+00,1.000003553145096147e+00,4.157385475818993759e-01,3.233394238748296123e-01
2.005218863426323939e+00,3.327544666280563002e-01,4.164459188917005728e-01,9.587893808855784128e-01,3.238192629694109925e-01,4.794494799941644292e-01,4.782538453807126944e-01,1.009565076907614323e+00,1.014347615361421484e+00,1.016807502610511449e+00,4.145512105322478602e-01,3.255738193531552693e-01,4.688992469380581785e-01,1.009377984938761186e+00,1.014066977408141668e+00,1.016477433593965696e+00,4.145879703452460263e-01,3.255398708550232834e-01,4.610091153790042418e-01,1.009220182307580149e+00,1.013830273461370224e+00,1.016199077859604172e+00,4.146189846137822710e-01,3.255112256472765808e-01,2.947258850964125099e-01,1.005894517701928281e+00,1.008841776552892311e+00,1.010341464982578374e+00,4.152745765585049709e-01,3.249051030559213515e-01,7.456102553966605095e-02,1.001491220510793312e+00,1.002236830766189968e+00,1.002611303697847234e+00,4.161484478593081016e-01,3.240953694637474514e-01,1.010363772008304929e-04,1.000002020727543961e+00,1.000003031091315941e+00,1.000003536276264260e+00,4.164455152677986605e-01,3.238196377656245573e-01
1.999898628566368686e+00,3.333445972065706697e-01,4.171539352194873485e-01,9.585822497926834718e-01,3.242997261211122972e-01,4.771699894369713091e-01,4.759800393386247608e-01,1.009519600786772386e+00,1.014279401180158802e+00,1.016727268476206314e+00,4.152630627051390189e-01,3.260565029897872225e-01,4.666699163197763900e-01,1.009333398326395459e+00,1.014000097489593299e+00,1.016398781314431510e+00,4.152997482984178701e-01,3.260225107446770298e-01,4.588172975355492844e-01,1.009176345950711040e+00,1.013764518926066449e+00,1.016121759407499825e+00,4.153306999415510847e-01,3.259938286481510183e-01,2.933246428382170756e-01,1.005866492856764438e+00,1.008799739285146435e+00,1.010292174303166535e+00,4.159849667602818490e-01,3.253869306868573119e-01,7.420653322974765653e-02,1.001484130664594963e+00,1.002226195996892333e+00,1.002598880645913404e+00,4.168570678105104621e-01,3.245761766045771046e-01,1.005560107026436638e-04,1.000002011120214140e+00,1.000003016680321100e+00,1.000003519463408042e+00,4.171535324149625579e-01,3.243001013829022727e-01
1.994587812287972106e+00,3.339357743648747046e-01,4.178630015497125649e-01,9.583741400710099612e-01,3.247804358647121692e-01,4.748979951096833352e-01,4.737137108326018309e-01,1.009474274216652034e+00,1.014211411324978052e+00,1.016647301283090332e+00,4.159759697076426677e-01,3.265394110560493335e-01,4.644479169776854488e-01,1.009288958339553677e+00,1.013933437509330515e+00,1.016320390654494421e+00,4.160125809860926172e-01,3.265053754943736952e-01,4.566326876054647155e-01,1.009132653752109254e+00,1.013698980628163993e+00,1.016044698089608289e+00,4.160434699236237321e-01,3.264766568721947926e-01,2.919280086421551235e-01,1.005838560172843010e+00,1.008757840259264738e+00,1.010243046891144525e+00,4.166964099306923464e-01,3.258689912140396716e-01,7.385320668726197413e-02,1.001477064133745154e+00,1.002215596200617842e+00,1.002586498522895386e+00,4.175667385119116726e-01,3.250572268609010496e-01,1.000772239160716763e-04,1.000002001544478381e+00,1.000003002316717460e+00,1.000003502705841818e+00,4.178625995655770309e-01,3.247808115873626056e-01
1.989286397917117366e+00,3.345279999590479170e-01,4.185731184176879616e-01,9.581650477180021497e-01,3.252613890375293249e-01,4.726334032955302744e-01,4.714547663795813359e-01,1.009429095327591730e+00,1.014143642991387484e+00,1.016567597702308090e+00,4.166899320266952422e-01,3.270225404307396944e-01,4.622331572572423442e-01,1.009244663145144827e+00,1.013866994717717240e+00,1.016242258351503835e+00,4.167264688961462848e-01,3.269884619821254446e-01,4.544551954764713964e-01,1.009089103909529328e+00,1.013633655864294214e+00,1.015967890699084997e+00,4.167572950486687633e-01,3.269597071967560997e-01,2.905359248989076160e-01,1.005810718497978096e+00,1.008716077746967255e+00,1.010194080708558761e+00,4.174089065751538929e-01,3.263512815006613943e-01,7.350103133795501953e-02,1.001470020626759050e+00,1.002205030940138686e+00,1.002574156817310547e+00,4.182774604912354866e-01,3.255385170766793013e-01,9.959999709179090757e-05,1.000001991999941886e+00,1.000002987999912829e+00,1.000003486002874364e+00,4.185727172549434383e-01,3.252617652163329320e-01
1.983994368809309350e+00,3.351212758484614085e-01,4.192842863517899366e-01,9.579549687208874786e-01,3.257425824534210812e-01,4.703761194515829747e-01,4.692031116724019735e-01,1.009384062233448009e+00,1.014076093350172014e+00,1.016488154376534947e+00,4.174049501423868769e-01,3.275058879678922619e-01,4.600255446959247152e-01,1.009200510893918601e+00,1.013800766340877679e+00,1.016164381114889270e+00,4.174414125096068129e-01,3.274717670612052323e-01,4.522847302419066851e-01,1.009045694604838062e+00,1.013568541907257092e+00,1.015891334001629565e+00,4.174721757985054293e-01,3.274429764744654636e-01,2.891483334913013126e-01,1.005782966669825917e+00,1.008674450004739098e+00,1.010145273699823765e+00,4.181224571922041999e-01,3.268337983856485773e-01,7.314999247909365065e-02,1.001462999849581870e+00,1.002194499774372805e+00,1.002561855013188286e+00,4.189892342692843052e-01,3.260200440722060278e-01,9.912431030637781026e-05,1.000001982486206087e+00,1.000002973729309241e+00,1.000003469353808239e+00,4.192838860114278532e-01,3.257429590836794508e-01
1.978711708349515153e+00,3.357156038957840316e-01,4.199965058734076995e-01,9.577438990567157528e-01,3.262240129026948154e-01,4.681260482158711156e-01,4.669586515869038612e-01,1.009339173031738035e+00,1.014008759547607053e+00,1.016408967920229056e+00,4.181210245279070592e-01,3.279894504966688329e-01,4.578249860301918384e-01,1.009156499720603728e+00,1.013734749580905703e+00,1.016086755626406601e+00,4.181574123005997734e-01,3.279552875600397210e-01,4.501212002075683505e-01,1.009002424004151299e+00,1.013503636006227060e+00,1.015815024735727823e+00,4.181881126480492816e-01,3.279264615331289323e-01,2.877651757986843251e-01,1.005755303515973642e+00,1.008632955273960574e+00,1.010096623791874704e+00,4.188370622734476356e-01,3.273165386835605317e-01,7.280007528057250155e-02,1.001456001505611537e+00,1.002184002258417195e+00,1.002549592590108452e+00,4.197020603598876076e-01,3.265018046440182897e-01,9.865014346380894690e-05,1.000001973002869304e+00,1.000002959504303846e+00,1.000003452757940892e+00,4.199961063564093267e-01,3.262243899797183100e-01
1.973438399952120115e+00,3.363109859669877744e-01,4.207097774968921455e-01,9.575318346923978874e-01,3.267056771520196468e-01,4.658830934165191229e-01,4.647212901910415250e-01,1.009294425803820783e+00,1.013941638705731174e+00,1.016330034919953329e+00,4.188381556494903402e-01,3.284732248212522410e-01,4.556313872044197022e-01,1.009112627744088497e+00,1.013668941616132635e+00,1.016009378540456476e+00,4.188744687362944696e-01,3.284390202821027560e-01,4.479645129004991011e-01,1.008959290258010011e+00,1.013438935387015016e+00,1.015738959612962899e+00,4.189051060652579372e-01,3.284101591756212746e-01,2.863863927025418477e-01,1.005727727854050846e+00,1.008591591781076158e+00,1.010048128894366570e+00,4.195527223035025455e-01,3.277994991844892514e-01,7.245126478633473477e-02,1.001449025295726658e+00,1.002173537943590098e+00,1.002537369023252412e+00,4.204159392698496034e-01,3.269837955648040029e-01,9.817747629738611287e-05,1.000001963549525863e+00,1.000002945324288905e+00,1.000003436214562003e+00,4.207093788042284843e-01,3.267060546711265112e-01
1.968174427060868314e+00,3.369074239313540886e-01,4.214241017295039526e-01,9.573187715847452095e-01,3.271875719443376185e-01,4.636471580829388817e-01,4.624909307560488014e-01,1.009249818615121086e+00,1.013874727922681407e+00,1.016251351934771341e+00,4.195563439663615446e-01,3.289572077207393308e-01,4.534446533818473624e-01,1.009068893067637029e+00,1.013603339601455433e+00,1.015932246484468893e+00,4.195925822768487023e-01,3.289229620058082837e-01,4.458145750797488649e-01,1.008916291501595008e+00,1.013374437252392513e+00,1.015663135318397137e+00,4.196231565110765116e-01,3.288940661797798426e-01,2.850119245933767087e-01,1.005700238491867626e+00,1.008550357737801217e+00,1.009999786899916430e+00,4.202694377599471287e-01,3.282826766539597707e-01,7.210354591611269071e-02,1.001442070918322269e+00,1.002163106377483404e+00,1.002525183783463891e+00,4.211308714988973301e-01,3.274660135833108443e-01,9.770628837209515370e-05,1.000001954125767423e+00,1.000002931188651134e+00,1.000003419722956810e+00,4.214237038621357900e-01,3.271879499008540360e-01
1.962919773148816383e+00,3.375049196614793856e-01,4.221394790713617340e-01,9.571047056805106479e-01,3.276696939987757684e-01,4.614181444591501924e-01,4.602674757697258756e-01,1.009205349515394534e+00,1.013808024273091801e+00,1.016172915496716067e+00,4.202755899306807597e-01,3.294413959490342658e-01,4.512646889576041320e-01,1.009025293779152177e+00,1.013537940668728154e+00,1.015855356059366166e+00,4.203117533753543689e-01,3.294071094844046033e-01,4.436712927491828218e-01,1.008873425854983630e+00,1.013310138782475445e+00,1.015587548511024174e+00,4.203422644393827734e-01,3.293781792982989898e-01,2.836417113788977096e-01,1.005672834227578027e+00,1.008509251341366930e+00,1.009951595684391634e+00,4.209872091132659255e-01,3.287660678328309660e-01,7.175690346749935555e-02,1.001435138069350028e+00,1.002152707104025042e+00,1.002513036337320917e+00,4.218468575396281950e-01,3.279484554242557692e-01,9.723655908741297808e-05,1.000001944731181647e+00,1.000002917096772581e+00,1.000003403282404335e+00,4.221390820302396429e-01,3.276700723880355826e-01
1.957674421718277546e+00,3.381034750332811978e-01,4.228559100153897465e-01,9.568896329164298109e-01,3.281520400105582547e-01,4.591959540192598332e-01,4.580508269518801523e-01,1.009161016539037670e+00,1.013741524808556393e+00,1.016094722111337223e+00,4.209958939874884343e-01,3.299257862347427239e-01,4.490913975738482500e-01,1.008981827951477062e+00,1.013472741927215370e+00,1.015778703840097164e+00,4.210319824777819520e-01,3.298914594458683958e-01,4.415345711723651645e-01,1.008830691423447279e+00,1.013246037135171029e+00,1.015512195824294972e+00,4.210624302969320221e-01,3.298624952586240999e-01,2.822756924935347911e-01,1.005645513849870776e+00,1.008468270774806053e+00,1.009903553107245555e+00,4.217060368267955828e-01,3.292496694371959132e-01,7.141132211835557464e-02,1.001428226442367064e+00,1.002142339663550707e+00,1.002500926147220417e+00,4.225638978774572951e-01,3.284311177882334731e-01,9.676826768056948850e-05,1.000001935365353534e+00,1.000002903048030412e+00,1.000003386892178048e+00,4.228555138014540860e-01,3.281524188279027476e-01
1.952438356300771893e+00,3.387030919260038409e-01,4.235733950472657106e-01,9.566735492192640633e-01,3.286346066509188701e-01,4.569804874851576271e-01,4.558408852719776916e-01,1.009116817705439484e+00,1.013675226558159226e+00,1.016016768258324543e+00,4.217172565746497015e-01,3.304103752810661487e-01,4.469246821370734812e-01,1.008938493642741463e+00,1.013407740464112194e+00,1.015702286376248598e+00,4.217532700229255083e-01,3.303760085927998080e-01,4.394043148895745987e-01,1.008788086297791597e+00,1.013182129446687174e+00,1.015437073866718221e+00,4.217836545233021317e-01,3.303470107628473929e-01,2.809138069093169987e-01,1.005618276138186440e+00,1.008427414207279549e+00,1.009855657011899721e+00,4.224259213566711191e-01,3.297334781582839658e-01,7.106678642956207326e-02,1.001421335728591266e+00,1.002132003592886900e+00,1.002488852671474806e+00,4.232819929905645151e-01,3.289139973516266302e-01,9.630139323027685726e-05,1.000001926027864529e+00,1.000002889041796905e+00,1.000003370551545201e+00,4.235729996614466808e-01,3.286349858916961519e-01
1.947211560456973967e+00,3.393037722222245200e-01,4.242919346453682961e-01,9.564564505058428256e-01,3.291173905670136124e-01,4.547716448464666494e-01,4.536375509690440677e-01,1.009072751019380876e+00,1.013609126529071425e+00,1.015939050392211440e+00,4.224396781227988673e-01,3.308951597656968890e-01,4.447644448376202320e-01,1.008895288896752396e+00,1.013342933345128705e+00,1.015626100192734471e+00,4.224756164423469906e-01,3.308607536023173701e-01,4.372804277369871095e-01,1.008745608554739714e+00,1.013118412832109572e+00,1.015362179222538908e+00,4.225059375508375403e-01,3.308317224876028972e-01,2.795559931481365612e-01,1.005591119862962790e+00,1.008386679794444074e+00,1.009807905226176361e+00,4.231468631517710244e-01,3.302174906623618900e-01,7.072328084812200266e-02,1.001414465616962346e+00,1.002121698425443741e+00,1.002476815364420348e+00,4.240011433498417359e-01,3.293970907665154657e-01,9.583591466093358815e-05,1.000001916718293193e+00,1.000002875077439901e+00,1.000003354259768606e+00,4.242915400885859389e-01,3.291177702265786764e-01
1.941994017776662140e+00,3.399055178078590478e-01,4.250115292807242762e-01,9.562383326831084274e-01,3.296003883818338087e-01,4.525693253827854368e-01,4.514407235738508439e-01,1.009028814471476965e+00,1.013543221707215558e+00,1.015861564943155049e+00,4.231631590552837330e-01,3.313801363407137823e-01,4.426105871714283158e-01,1.008852211743428651e+00,1.013278317615142754e+00,1.015550141790562799e+00,4.231990221603205704e-01,3.313456911259546334e-01,4.351628128680628538e-01,1.008703256257361236e+00,1.013054884386041854e+00,1.015287508452493270e+00,4.232292798045939053e-01,3.313166270839631999e-01,2.782021892954211206e-01,1.005564043785908357e+00,1.008346065678862535e+00,1.009760295562778465e+00,4.238688626536627480e-01,3.307017035906364977e-01,7.038078971061979827e-02,1.001407615794212447e+00,1.002111423691318670e+00,1.002464813676539945e+00,4.247213494188395999e-01,3.298803946605884385e-01,9.537181074731179351e-05,1.000001907436214976e+00,1.000002861154322353e+00,1.000003338016104859e+00,4.250111355538885305e-01,3.296007684555478656e-01
1.936785711878665328e+00,3.405083305721678943e-01,4.257321794169557916e-01,9.560191916481611818e-01,3.300835966941192967e-01,4.503734276882573329e-01,4.492503019334238012e-01,1.008985006038668475e+00,1.013477509058002823e+00,1.015784308317805973e+00,4.238876997881091957e-01,3.318653016324784044e-01,4.404630099640658991e-01,1.008809260199281299e+00,1.013213890298922060e+00,1.015474407647686261e+00,4.239234875937763491e-01,3.318308177895559763e-01,4.330513727771704846e-01,1.008661027455543424e+00,1.012991541183315025e+00,1.015213058094640131e+00,4.239536817022820370e-01,3.318017211773358621e-01,2.768523330152373729e-01,1.005537046660304856e+00,1.008305569990457062e+00,1.009712825819822246e+00,4.245919202965477979e-01,3.311861135591573357e-01,7.003929724704220650e-02,1.001400785944940752e+00,1.002101178917411239e+00,1.002452847054593921e+00,4.254426116537141089e-01,3.303639056370525906e-01,9.490906011973476101e-05,1.000001898181202442e+00,1.000002847271803663e+00,1.000003321819806557e+00,4.257317865209663821e-01,3.300839771773497744e-01
1.931586626410813246e+00,3.411122124077620721e-01,4.264538855102272263e-01,9.557990232883043502e-01,3.305670120782719934e-01,4.481838496985008913e-01,4.470661842379061723e-01,1.008941323684758196e+00,1.013411985527137293e+00,1.015707276900253531e+00,4.246133007298811823e-01,3.323506522415318187e-01,4.383216133970669337e-01,1.008766432267941271e+00,1.013149648401912017e+00,1.015398894219928572e+00,4.246490131522445144e-01,3.323161301931743528e-01,4.309460093254816049e-01,1.008618920186509671e+00,1.012928380279764395e+00,1.015138824665277939e+00,4.246791436542114995e-01,3.322870013673614453e-01,2.755063615668452148e-01,1.005510127231336925e+00,1.008265190847005277e+00,1.009665493781418899e+00,4.253160365072070626e-01,3.316707171587202629e-01,6.969878758496621252e-02,1.001393975751699417e+00,1.002090963627549014e+00,1.002440914941771233e+00,4.261649305031728896e-01,3.308476202745446182e-01,9.444764126975215576e-05,1.000001888952825491e+00,1.000002833429238125e+00,1.000003305670120524e+00,4.264534934459738857e-01,3.305673929663920929e-01
1.926396745049884451e+00,3.417171652106090751e-01,4.271766480091919727e-01,9.555778234810922145e-01,3.310506310842701860e-01,4.460004887199206514e-01,4.448882680497961983e-01,1.008897765360995846e+00,1.013346648041493880e+00,1.015630467053057151e+00,4.253399622817501946e-01,3.328361847424926578e-01,4.361862970365972259e-01,1.008723725940732008e+00,1.013085588911097901e+00,1.015323597941997669e+00,4.253755992377983852e-01,3.328016249109690960e-01,4.288466237691544447e-01,1.008576932475383048e+00,1.012865398713074683e+00,1.015064804659935760e+00,4.254056660632347109e-01,3.327724642278114264e-01,2.741642118227160529e-01,1.005483284236454278e+00,1.008224926354681417e+00,1.009618297218308092e+00,4.260412117049448000e-01,3.321555109547707496e-01,6.935924475411735235e-02,1.001387184895082383e+00,1.002080777342623463e+00,1.002429016777844017e+00,4.268883064084215695e-01,3.313315351270422204e-01,9.398753255631670650e-05,1.000001879750651135e+00,1.000002819625976702e+00,1.000003289566289588e+00,4.271762567775542752e-01,3.310510123726586040e-01
1.921216051501554389e+00,3.423231908800388745e-01,4.279004673549388627e-01,9.553555880943769285e-01,3.315344502375822122e-01,4.438232414614258214e-01,4.427164503355868752e-01,1.008854329006711792e+00,1.013281493510067577e+00,1.015553875118364813e+00,4.260676848373542436e-01,3.333218956839550384e-01,4.340569598644751781e-01,1.008681139197289411e+00,1.013021708795934339e+00,1.015248515228578396e+00,4.261032462449983460e-01,3.332872984911048331e-01,4.267531167898324651e-01,1.008535062335796706e+00,1.012802593503695059e+00,1.014990994554451076e+00,4.261332493246896558e-01,3.332581063064871674e-01,2.728258202880304295e-01,1.005456516405760503e+00,1.008184774608640977e+00,1.009571233888545860e+00,4.267674463015337372e-01,3.326404914873092866e-01,6.902065269130236436e-02,1.001380413053825968e+00,1.002070619580739175e+00,1.002417151999345002e+00,4.276127398031098203e-01,3.318156467237760587e-01,9.352871221246852884e-05,1.000001870574244167e+00,1.000002805861366362e+00,1.000003273507551693e+00,4.279000769567862794e-01,3.315348319216227524e-01
1.916044529500344762e+00,3.429302913187498025e-01,4.286253439809387666e-01,9.551323129863573680e-01,3.320184660390816944e-01,4.416520040685727455e-01,4.405506274998232108e-01,1.008811012549996500e+00,1.013216518824994639e+00,1.015477497419110753e+00,4.267964687827622283e-01,3.338077815883886412e-01,4.319335003115626348e-01,1.008638670006231308e+00,1.012958005009346962e+00,1.015173642475512228e+00,4.268319545608342813e-01,3.337731474556512312e-01,4.246653885274737639e-01,1.008493307770549574e+00,1.012739961655824139e+00,1.014917390806125530e+00,4.268618938263437079e-01,3.337439241251202726e-01,2.714911231216661225e-01,1.005429822462433398e+00,1.008144733693649986e+00,1.009524301538238467e+00,4.274947407011592815e-01,3.331256552707959617e-01,6.868299524571880310e-02,1.001373659904914337e+00,1.002060489857371506e+00,1.002405320039750913e+00,4.283382311132771236e-01,3.322999515691419381e-01,9.307115835252999930e-05,1.000001861423167160e+00,1.000002792134750518e+00,1.000003257493141007e+00,4.286249544171306103e-01,3.320188481141628234e-01
1.910882162809573792e+00,3.435384684328146587e-01,4.293512783129902477e-01,9.549079940056290905e-01,3.325026749649617752e-01,4.394866721601430326e-01,4.383906954215890939e-01,1.008767813908431732e+00,1.013151720862647709e+00,1.015401330260305102e+00,4.275263144964164264e-01,3.342938389520384024e-01,4.298158162935384330e-01,1.008596316325870879e+00,1.012894474488806207e+00,1.015098976061054703e+00,4.275617245646690101e-01,3.342591683004832448e-01,4.225833386155221083e-01,1.008451666772310462e+00,1.012677500158465582e+00,1.014843989854965933e+00,4.275915999483358432e-01,3.342299141792731132e-01,2.701600561586834370e-01,1.005403201123173718e+00,1.008104801684760465e+00,1.009477497902337095e+00,4.282230953003635099e-01,3.336109987940565347e-01,6.834625618464348906e-02,1.001366925123692964e+00,1.002050387685539334e+00,1.002393520329682985e+00,4.290647807572984807e-01,3.327844461426133216e-01,9.261484897981409395e-05,1.000001852296979576e+00,1.000002778445469476e+00,1.000003241522287478e+00,4.293508895843759499e-01,3.325030574264766781e-01
1.905728935221303377e+00,3.441477241316864277e-01,4.300782707691662710e-01,9.546826269912341845e-01,3.329870734666512955e-01,4.373271408671647875e-01,4.362365494934312138e-01,1.008724730989868590e+00,1.013087096484802885e+00,1.015325369930404120e+00,4.282572223490753727e-01,3.347800642448259811e-01,4.277038052490609310e-01,1.008554076104981156e+00,1.012831114157471735e+00,1.015024512347224350e+00,4.282925566281805541e-01,3.347453574951829713e-01,4.205068662184276440e-01,1.008410137324368572e+00,1.012615205986552747e+00,1.014770788125005874e+00,4.283223680631201846e-01,3.347160729382405164e-01,2.688325549343121845e-01,1.005376651098686347e+00,1.008064976648029409e+00,1.009430820705478737e+00,4.289525104879888251e-01,3.340965185201890675e-01,6.801041919950082115e-02,1.001360208383990091e+00,1.002040312575984915e+00,1.002381752297118345e+00,4.297923891458296231e-01,3.332691268986545108e-01,9.215976199484750622e-05,1.000001843195239992e+00,1.000002764792859766e+00,1.000003225594217726e+00,4.300778828765850492e-01,3.329874563099972096e-01
1.900584830556287574e+00,3.447580603282047185e-01,4.308063217597594696e-01,9.544562077727130056e-01,3.334716579707296402e-01,4.351733048743802734e-01,4.340880846627234724e-01,1.008681761693254408e+00,1.013022642539881613e+00,1.015249612702769033e+00,4.289891927037560726e-01,3.352664539102522268e-01,4.255973641803230123e-01,1.008511947283606380e+00,1.012767920925409681e+00,1.014950247681230433e+00,4.290244511153047946e-01,3.352317114829419520e-01,4.184358700715194446e-01,1.008368717401430414e+00,1.012553076102145511e+00,1.014697782025711925e+00,4.290541985354077159e-01,3.352023968449527880e-01,2.675085547094425142e-01,1.005350171094188783e+00,1.008025256641283285e+00,1.009384267662883250e+00,4.296829866451221669e-01,3.345822108864716093e-01,6.767546791231157655e-02,1.001353509358246185e+00,1.002030264037369278e+00,1.002370015367618050e+00,4.305210566817527229e-01,3.337539902666344926e-01,9.170587520410919445e-05,1.000001834117504096e+00,1.000002751176256144e+00,1.000003209708155261e+00,4.308059347040404941e-01,3.334720411913074667e-01
1.895449832663925083e+00,3.453694789386012598e-01,4.315354316872278551e-01,9.542287321701563574e-01,3.339564248788431389e-01,4.330250584641605061e-01,4.319451954754718326e-01,1.008638903909509388e+00,1.012958355864264082e+00,1.015174054837209683e+00,4.297222259156762703e-01,3.357530043653000895e-01,4.234963896960005081e-01,1.008469927793919974e+00,1.012704891690880071e+00,1.014876178396985740e+00,4.297574083821777968e-01,3.357182266804650816e-01,4.163702485232312345e-01,1.008327404970464691e+00,1.012491107455697037e+00,1.014624967953469792e+00,4.297870917221090492e-01,3.356888823158792334e-01,2.661879904976199862e-01,1.005323759809952477e+00,1.007985639714928494e+00,1.009337836481302375e+00,4.304145241450381132e-01,3.350680723042700482e-01,6.734138588252225333e-02,1.001346827717650489e+00,1.002020241576475623e+00,1.002358308964564015e+00,4.312507837601211036e-01,3.342390326507406195e-01,9.125316632928480638e-05,1.000001825063326688e+00,1.000002737594989810e+00,1.000003193863319817e+00,4.315350454691904147e-01,3.339568084720575536e-01
1.890323925422205509e+00,3.459819818825062843e-01,4.322656009461404159e-01,9.540001959942593368e-01,3.344413705676215209e-01,4.308822955628546780e-01,4.298077761225483351e-01,1.008596155522450966e+00,1.012894233283676559e+00,1.015098692581613893e+00,4.304563223321962728e-01,3.362397120003395856e-01,4.214007780565816041e-01,1.008428015561131597e+00,1.012642023341697506e+00,1.014802300816704417e+00,4.304914287770774117e-01,3.362048994778749633e-01,4.143098995796679063e-01,1.008286197991593358e+00,1.012429296987390037e+00,1.014552342293155496e+00,4.305210479722764161e-01,3.361755257409333453e-01,2.648707970935374467e-01,1.005297415941870831e+00,1.007946123912806025e+00,1.009291524860019607e+00,4.311471233531423142e-01,3.355540991589475164e-01,6.700815661421298530e-02,1.001340163132284244e+00,1.002010244698426478e+00,1.002346632509413249e+00,4.319815707681042283e-01,3.347242504298934551e-01,9.080161301703402609e-05,1.000001816032260349e+00,1.000002724048390412e+00,1.000003178058929132e+00,4.322652155665935858e-01,3.344417545288801974e-01
1.885207092737660073e+00,3.465955710829544678e-01,4.329968299231223283e-01,9.537705950463746252e-01,3.349264913885949269e-01,4.287449097895649763e-01,4.276757204883441243e-01,1.008553514409766816e+00,1.012830271614650224e+00,1.015023522173660320e+00,4.311914822927607749e-01,3.367265731790332062e-01,4.193104252220684613e-01,1.008386208504441273e+00,1.012579312756662020e+00,1.014728611252582180e+00,4.312265126403657112e-01,3.366917262386180942e-01,4.122547209515047273e-01,1.008245094419029986e+00,1.012367641628545201e+00,1.014479901419786723e+00,4.312560676270454918e-01,3.366623234833787670e-01,2.635569091030176558e-01,1.005271138182060264e+00,1.007906707273090507e+00,1.009245330491906234e+00,4.318807846269145378e-01,3.360402878097741852e-01,6.667576356368279389e-02,1.001333515271273678e+00,1.002000272906910405e+00,1.002334985421962754e+00,4.327134180849324663e-01,3.352096399576617314e-01,9.035119284926908169e-05,1.000001807023856992e+00,1.000002710535785377e+00,1.000003162294198500e+00,4.329964453828651916e-01,3.349268757133082586e-01
1.880099318545309650e+00,3.472102484663908695e-01,4.337291189967997229e-01,9.535399251185689984e-01,3.354117836681105302e-01,4.266127945073293071e-01,4.255489222018247752e-01,1.008510978444036477e+00,1.012766467666054826e+00,1.014948539842620123e+00,4.319277061288405162e-01,3.372135842382429360e-01,4.172252269020335635e-01,1.008344504538040587e+00,1.012516756807060991e+00,1.014655106008560237e+00,4.319626603044300350e-01,3.371787032993718847e-01,4.102046101032011949e-01,1.008204092202064084e+00,1.012306138303096015e+00,1.014407641700256990e+00,4.319921510195769976e-01,3.371492718797364785e-01,2.622462609744762863e-01,1.005244925219489494e+00,1.007867387829234351e+00,1.009199251064525349e+00,4.326155083158516601e-01,3.365266345898382250e-01,6.634419014740915166e-02,1.001326883802948098e+00,1.001990325704422258e+00,1.002323367120629083e+00,4.334463260818415264e-01,3.356951975621780271e-01,8.990188335394072735e-05,1.000001798037666978e+00,1.000002697056500578e+00,1.000003146568342105e+00,4.337287352966214260e-01,3.354121683516915753e-01
1.875000586808617697e+00,3.478260159626769821e-01,4.344624685377451723e-01,9.533081819936780610e-01,3.358972437072509920e-01,4.244858428766877245e-01,4.234272746899628292e-01,1.008468545493799162e+00,1.012702818240698965e+00,1.014873741811234131e+00,4.326649941638735508e-01,3.377007414879387714e-01,4.151450786080075894e-01,1.008302901572160071e+00,1.012454352358240328e+00,1.014581781382168035e+00,4.326998720936247045e-01,3.376658269699533421e-01,4.081594643045073911e-01,1.008163189286090056e+00,1.012244783929135306e+00,1.014335559495148198e+00,4.327292984749983584e-01,3.376363672396939797e-01,2.609387870318499725e-01,1.005218775740637005e+00,1.007828163610955396e+00,1.009153284261288031e+00,4.333512947614100441e-01,3.370131358059578197e-01,6.601341975037830490e-02,1.001320268395007540e+00,1.001980402592511421e+00,1.002311777022739436e+00,4.341802951220168350e-01,3.361809195460550015e-01,8.945366201632650902e-05,1.000001789073240221e+00,1.000002683609860554e+00,1.000003130880571023e+00,4.344620856784247032e-01,3.358976287451146403e-01
1.869910881519436074e+00,3.484428755050970050e-01,4.351968789084217359e-01,9.530753614453645328e-01,3.363828677817518042e-01,4.223639479116033102e-01,4.213106712335195070e-01,1.008426213424670426e+00,1.012639320137005639e+00,1.014799124297681931e+00,4.334033467132061834e-01,3.381880412111078482e-01,4.130698757081694983e-01,1.008261397514163438e+00,1.012392096271245157e+00,1.014508633666451498e+00,4.334381483242121802e-01,3.381530935332285881e-01,4.061191806842339158e-01,1.008122383613684780e+00,1.012183575420527060e+00,1.014263651160624224e+00,4.334675103103449167e-01,3.381236058460145300e-01,2.596344215089720908e-01,1.005192688430179393e+00,1.007789032645269200e+00,1.009107427762663711e+00,4.340881442969485304e-01,3.374997877385936262e-01,6.568343573478177544e-02,1.001313668714695737e+00,1.001970503072043384e+00,1.002300214544836532e+00,4.349153255605377466e-01,3.366668021863022386e-01,8.900650629081520188e-05,1.000001780130125750e+00,1.000002670195188736e+00,1.000003115230096551e+00,4.351964968907282016e-01,3.363832531693150552e-01
1.864830186697956194e+00,3.490608290303636174e-01,4.359323504631280599e-01,9.528414592381760917e-01,3.368686521419205215e-01,4.202470025377058049e-01,4.191990050251429567e-01,1.008383980100502786e+00,1.012575970150754179e+00,1.014724683517624237e+00,4.341427640840343494e-01,3.386754796636660125e-01,4.109995134843089093e-01,1.008219990269686228e+00,1.012329985404529342e+00,1.014435659151976310e+00,4.341774893043040540e-01,3.386404992450242624e-01,4.040836562862555326e-01,1.008081673125725164e+00,1.012122509688587746e+00,1.014191913050402460e+00,4.342067868345009241e-01,3.386109839544488853e-01,2.583330985853758421e-01,1.005166661971707454e+00,1.007749992957561291e+00,1.009061679247435395e+00,4.348260572476703723e-01,3.379865866417635090e-01,6.535422144907397646e-02,1.001307084428981531e+00,1.001960626643472185e+00,1.002288679102995905e+00,4.356514177443214231e-01,3.371528417342435358e-01,8.856039361318071069e-05,1.000001771207872370e+00,1.000002656811808333e+00,1.000003099616129321e+00,4.359319692878204089e-01,3.368690378746013736e-01
1.859758486392659727e+00,3.496798784786243619e-01,4.366688835479421993e-01,9.526064711276044372e-01,3.373545930125551040e-01,4.181348996528176931e-01,4.170921692297433481e-01,1.008341843384594760e+00,1.012512765076892363e+00,1.014650415686330964e+00,4.348832465753437737e-01,3.391630530743701688e-01,4.089338871910197515e-01,1.008178677743820417e+00,1.012268016615730515e+00,1.014362854128913805e+00,4.349178953338019848e-01,3.391280403340400929e-01,4.020527881277092819e-01,1.008041055762554095e+00,1.012061583643831364e+00,1.014120341517801949e+00,4.349471283481403661e-01,3.390984977936481459e-01,2.570347524235009895e-01,1.005140695048470034e+00,1.007711042572704940e+00,1.009016036394008609e+00,4.355650339305656149e-01,3.384735287429566641e-01,6.502576023738497468e-02,1.001300515204747610e+00,1.001950772807121526e+00,1.002277170113156535e+00,4.363885720120666556e-01,3.376390344154347467e-01,8.811530141333701722e-05,1.000001762306028219e+00,1.000002643459042329e+00,1.000003084037878631e+00,4.366685032157695545e-01,3.373549790857729991e-01
1.854695764680267978e+00,3.503000257934674178e-01,4.374064785006663847e-01,9.523703928601451318e-01,3.378406865928636482e-01,4.160275321897152212e-01,4.149900570470975159e-01,1.008299801140941865e+00,1.012449701711412908e+00,1.014576317020882579e+00,4.356247944778512959e-01,3.396507576447322929e-01,4.068728921170809421e-01,1.008137457842341655e+00,1.012206186763512372e+00,1.014290214889199682e+00,4.356593667043381912e-01,3.396157130017632420e-01,4.000264732593415418e-01,1.008000529465186812e+00,1.012000794197780218e+00,1.014048932917869239e+00,4.356885351436678988e-01,3.395861435650775473e-01,2.557393172072737753e-01,1.005114786344145417e+00,1.007672179516218236e+00,1.008970496881764323e+00,4.363050746543528091e-01,3.389606102430505197e-01,6.469803544928059980e-02,1.001293960708985686e+00,1.001940941063478308e+00,1.002265686991462124e+00,4.371267886941974101e-01,3.381253764295826802e-01,8.767120712856405081e-05,1.000001753424142548e+00,1.000002630136213932e+00,1.000003068494555336e+00,4.374060990123676551e-01,3.378410730020385278e-01
1.849642005665689481e+00,3.509212729219280957e-01,4.381451356507705674e-01,9.521332201733593292e-01,3.383269290563843401e-01,4.139247931810787762e-01,4.128925617766371903e-01,1.008257851235532687e+00,1.012386776853299031e+00,1.014502383742453384e+00,4.363674080739445849e-01,3.401385895489352773e-01,4.048164236489767975e-01,1.008096328472979586e+00,1.012144492709469379e+00,1.014217737728771107e+00,4.364019036992159428e-01,3.401035134223838741e-01,3.980046088279603489e-01,1.007960092176559241e+00,1.011940138264838751e+00,1.013977683609573077e+00,4.364310075051592852e-01,3.400739174429331935e-01,2.544467271820334275e-01,1.005088934543640677e+00,1.007633401815460905e+00,1.008925058392463381e+00,4.370461797194210019e-01,3.394478273162276905e-01,6.437103044986312861e-02,1.001287420608997225e+00,1.001931130913495949e+00,1.002254229154613485e+00,4.378660681128064280e-01,3.386118639504640537e-01,8.722808821719495479e-05,1.000001744561764383e+00,1.000002616842646574e+00,1.000003052985370289e+00,4.381447570070747810e-01,3.383273157969365896e-01
1.844597193481977815e+00,3.515436218144942226e-01,4.388848553193363533e-01,9.518949487959358358e-01,3.388133165509057410e-01,4.118265758265746146e-01,4.107995768843637485e-01,1.008215991537687373e+00,1.012323987306530837e+00,1.014428612078663416e+00,4.371110876376227417e-01,3.406265449337502749e-01,4.027643773365033320e-01,1.008055287546730128e+00,1.012082931320095192e+00,1.014145418949873090e+00,4.371455065933499418e-01,3.405914377427129436e-01,3.959870921409370803e-01,1.007919741842818739e+00,1.011879612764228220e+00,1.013906589958075477e+00,4.371745457083015540e-01,3.405618155740587349e-01,2.531569166957681749e-01,1.005063138333915473e+00,1.007594707500873099e+00,1.008879718611693344e+00,4.377883494177711721e-01,3.399351761098944325e-01,6.404472863020350959e-02,1.001280894572604163e+00,1.001921341858906134e+00,1.002242796020236693e+00,4.386064105815982717e-01,3.390984931258457236e-01,8.678592217275251069e-05,1.000001735718443419e+00,1.000002603577665239e+00,1.000003037509535675e+00,4.388844775209624904e-01,3.388137036182555795e-01
1.839561312290270312e+00,3.521670744251133023e-01,4.396256378190007696e-01,9.516555744477533940e-01,3.392998451983875730e-01,4.097327735620009403e-01,4.087109960718214308e-01,1.008174219921436521e+00,1.012261329882154559e+00,1.014354998266006724e+00,4.378558334344359593e-01,3.411146199184555416e-01,4.007166489603921633e-01,1.008014332979207950e+00,1.012021499468811703e+00,1.014073254863440132e+00,4.378901756532062595e-01,3.410794820821007045e-01,3.939738207326931585e-01,1.007879476414653919e+00,1.011819214621980878e+00,1.013835648337070960e+00,4.379191500203333254e-01,3.410498340778645998e-01,2.518698202416206899e-01,1.005037396404832473e+00,1.007556094607248598e+00,1.008834475230361294e+00,4.385315840329576109e-01,3.404226527446007622e-01,6.371911341809442797e-02,1.001274382268361851e+00,1.001911573402542777e+00,1.002231387007257890e+00,4.393478164058325919e-01,3.395852600774049712e-01,8.634468653852051727e-05,1.000001726893730680e+00,1.000002590340596242e+00,1.000003022066265457e+00,4.396252608666578743e-01,3.393002325879551639e-01
1.834534346279747652e+00,3.527916327111978445e-01,4.403674834538996441e-01,9.514150928399464080e-01,3.397865110948822265e-01,4.076432801304448184e-01,4.066267133470771178e-01,1.008132534266941605e+00,1.012198801400412407e+00,1.014281538552350037e+00,4.386016457214259034e-01,3.416028105947576665e-01,3.986731346019020683e-01,1.007973462692038025e+00,1.011960194038057148e+00,1.014001241791542496e+00,4.386359111367422736e-01,3.415676425323581067e-01,3.919646924331199878e-01,1.007839293848662443e+00,1.011758940772993665e+00,1.013764855131193521e+00,4.386648206999846922e-01,3.415379690462492790e-01,2.505853725016293776e-01,1.005011707450032654e+00,1.007517561175048870e+00,1.008789325946230608e+00,4.392758838400294685e-01,3.409102533139612423e-01,6.339416828911625945e-02,1.001267883365782430e+00,1.001901825048673533e+00,1.002220001536291205e+00,4.400902858822671182e-01,3.400721609006510660e-01,8.590435892253910619e-05,1.000001718087178526e+00,1.000002577130767678e+00,1.000003006654776039e+00,4.403671073482866571e-01,3.397868988020867898e-01
1.829516279667579681e+00,3.534172986336318600e-01,4.411103925196109832e-01,9.511734996749688920e-01,3.402733103104567669e-01,4.055579896553638819e-01,4.045466230976198507e-01,1.008090932461952471e+00,1.012136398692928596e+00,1.014208229199494493e+00,4.393485247470648725e-01,3.420911130267138556e-01,3.966337307142923096e-01,1.007932674614285817e+00,1.011899011921428837e+00,1.013929376069902411e+00,4.393827132933465496e-01,3.420559151576790802e-01,3.899596054378498544e-01,1.007799192108757014e+00,1.011698788163135410e+00,1.013694206738486869e+00,4.394115579974171570e-01,3.420262165435213886e-01,2.493035083916529948e-01,1.004986070167833034e+00,1.007479105251749552e+00,1.008744268465496807e+00,4.400212491054714681e-01,3.413979738845773770e-01,6.306987677800225678e-02,1.001261397535559983e+00,1.001892096303339974e+00,1.002208639030037096e+00,4.408338192991000382e-01,3.405591916648471051e-01,8.546491701300540020e-05,1.000001709298340202e+00,1.000002563947510303e+00,1.000002991274286712e+00,4.411100172614169090e-01,3.402736983307164675e-01
1.824507096698877451e+00,3.540440741567769112e-01,4.418543653030980733e-01,9.509307906466613058e-01,3.407602388891148859e-01,4.034767967155247770e-01,4.024706201651120363e-01,1.008049412403302147e+00,1.012074118604953332e+00,1.014135066485807757e+00,4.400964707511955676e-01,3.425795232506562704e-01,3.945983341961122881e-01,1.007891966683922336e+00,1.011837950025883393e+00,1.013857654050469348e+00,4.401305823637783332e-01,3.425442959945652066e-01,3.879584583803122322e-01,1.007759169167606217e+00,1.011638753751409325e+00,1.013623699572939518e+00,4.401593621541631252e-01,3.425145726063246188e-01,2.480241631074367181e-01,1.004960483262148818e+00,1.007440724893223116e+00,1.008699300504405816e+00,4.407676800871448974e-01,3.418858104959614508e-01,6.274622249029251919e-02,1.001254924449805905e+00,1.001882386674708858e+00,1.002197298913691359e+00,4.415784169359127653e-01,3.410463484129329093e-01,8.502633859406573088e-05,1.000001700526771842e+00,1.000002550790157763e+00,1.000002975924019655e+00,4.418539908930018689e-01,3.407606272178466678e-01
1.819506781646643923e+00,3.546719612484782180e-01,4.425994020826524156e-01,9.506869614403176127e-01,3.412472928487204071e-01,4.013995964217111356e-01,4.003985999219064063e-01,1.008007971998438057e+00,1.012011957997657197e+00,1.014062046708912534e+00,4.408454839649703083e-01,3.430680372751191420e-01,3.925668424662211997e-01,1.007851336849324486e+00,1.011777005273986729e+00,1.013786072104059244e+00,4.408795185801068217e-01,3.430327810517518339e-01,3.859611504054914488e-01,1.007719223008109788e+00,1.011578834512164793e+00,1.013553330067078928e+00,4.409082334030654526e-01,3.430030332435635709e-01,2.467472721717656470e-01,1.004934945443435312e+00,1.007402418165153080e+00,1.008654419790909085e+00,4.415151770342284343e-01,3.423737591604615327e-01,6.242318911426314454e-02,1.001248463782285159e+00,1.001872695673427849e+00,1.002185980615360794e+00,4.423240790636126518e-01,3.415336271614483610e-01,8.458860156198053743e-05,1.000001691772031132e+00,1.000002537658046808e+00,1.000002960603201041e+00,4.425990285213230457e-01,3.412476814813393822e-01
1.814515318811722455e+00,3.553009618800710978e-01,4.433455031278367153e-01,9.504420077327538907e-01,3.417344681809204587e-01,3.993262844951152024e-01,3.983304583492421336e-01,1.007966609166984773e+00,1.011949913750477270e+00,1.013989166188438151e+00,4.415955646107904142e-01,3.435566510807664953e-01,3.905391535404549863e-01,1.007810783070809180e+00,1.011716174606213547e+00,1.013714626623050563e+00,4.416295221656507675e-01,3.435213663101365777e-01,3.839675812453030579e-01,1.007679351624906072e+00,1.011519027437359108e+00,1.013483094674619833e+00,4.416581719682166618e-01,3.434915944363323703e-01,2.454727714826537011e-01,1.004909455429653153e+00,1.007364183144479508e+00,1.008609624066354682e+00,4.422637401871585827e-01,3.428618158631880908e-01,6.210076043311722749e-02,1.001242015208662295e+00,1.001863022812993442e+00,1.002174683566492863e+00,4.430708059443745905e-01,3.420210239004577435e-01,8.415168394164424675e-05,1.000001683033678868e+00,1.000002524550518190e+00,1.000002945311062375e+00,4.433451304159330419e-01,3.417348571128394630e-01
1.809532692522751951e+00,3.559310780263867380e-01,4.440926686994271511e-01,9.501959251923778327e-01,3.422217608510694786e-01,3.972567573473209657e-01,3.962660921170284012e-01,1.007925321842340516e+00,1.011887982763510774e+00,1.013916421268824308e+00,4.423467129022449762e-01,3.440453606203227599e-01,3.885151661098493747e-01,1.007770303322196970e+00,1.011655454983295455e+00,1.013643314024134101e+00,4.423805933349171937e-01,3.440100477227094888e-01,3.819776512955008752e-01,1.007639553025910129e+00,1.011459329538864971e+00,1.013412989873169412e+00,4.424091780648982675e-01,3.439802521378443889e-01,2.442005973625104576e-01,1.004884011947250189e+00,1.007326017920875394e+00,1.008564911087213467e+00,4.430133697775702206e-01,3.433499765619418276e-01,6.177892033742331257e-02,1.001235578406748372e+00,1.001853367610122669e+00,1.002163407202309120e+00,4.438185978315836722e-01,3.425085345934749670e-01,8.371556390344033459e-05,1.000001674311278066e+00,1.000002511466917099e+00,1.000002930046839156e+00,4.440922968375981550e-01,3.422221500776991832e-01
1.804558887136111789e+00,3.565623116657588021e-01,4.448408990493562531e-01,9.499487094792588016e-01,3.427091667981542189e-01,3.951909121617775411e-01,3.942053986651147812e-01,1.007884107973302301e+00,1.011826161959953341e+00,1.013843808322179907e+00,4.430989290440499606e-01,3.445341618185053245e-01,3.864947796203203612e-01,1.007729895592406333e+00,1.011594843388609721e+00,1.013572130751113409e+00,4.431327322935406099e-01,3.444988212144855511e-01,3.799912616940168131e-01,1.007599825233880253e+00,1.011399737850820602e+00,1.013343012166979529e+00,4.431612518995197147e-01,3.444690022733650214e-01,2.429306866082243943e-01,1.004858613732164452e+00,1.007287920598246789e+00,1.008520278626836575e+00,4.437640660282367588e-01,3.438382371871434584e-01,6.145765283778566179e-02,1.001229153056755639e+00,1.001843729585133680e+00,1.002152150962250188e+00,4.445674549697767874e-01,3.429961551773890727e-01,8.328021978041068340e-05,1.000001665604395518e+00,1.000002498406593388e+00,1.000002914809773102e+00,4.448405280382408677e-01,3.427095563149021862e-01
1.799593887035877415e+00,3.571946647800294805e-01,4.455901944206551168e-01,9.497003562451993286e-01,3.431966819347183617e-01,3.931286469766671066e-01,3.921482762859522242e-01,1.007842965525719059e+00,1.011764448288578588e+00,1.013771323751186504e+00,4.438522132319869251e-01,3.450230505719590335e-01,3.844778943537086602e-01,1.007689557887074150e+00,1.011534336830611336e+00,1.013501073277753850e+00,4.438859392382217828e-01,3.449876826824387899e-01,3.780083144006414209e-01,1.007560166288012926e+00,1.011340249432019167e+00,1.013273158089749382e+00,4.439143936695572057e-01,3.449578407401452385e-01,2.416629765421031695e-01,1.004833259530842016e+00,1.007249889296263134e+00,1.008475724477242874e+00,4.445158291530103001e-01,3.443265936417645445e-01,6.113694207773132799e-02,1.001222738841554660e+00,1.001834108262331879e+00,1.002140914290426732e+00,4.453173775945844515e-01,3.434838815623914021e-01,8.284563008571855570e-05,1.000001656912601788e+00,1.000002485368902461e+00,1.000002899599112149e+00,4.455898242608820614e-01,3.431970717369891566e-01
1.794637676633769274e+00,3.578281393545556521e-01,4.463405550473952266e-01,9.494508611338089432e-01,3.436843021467889669e-01,3.910698607690523687e-01,3.900946242085310822e-01,1.007801892484170514e+00,1.011702838726255882e+00,1.013698963992049507e+00,4.446065656528412902e-01,3.455120227491930707e-01,3.824644115100757080e-01,1.007649288230201501e+00,1.011473932345302362e+00,1.013430138110674283e+00,4.446402143566662857e-01,3.454766279954388786e-01,3.760287122779349400e-01,1.007520574245558631e+00,1.011280861368337947e+00,1.013203424207464787e+00,4.446686035634924150e-01,3.454467634073586924e-01,2.403974050636005222e-01,1.004807948101271942e+00,1.007211922151908023e+00,1.008431246450934404e+00,4.452686593567616313e-01,3.448150418012599361e-01,6.081677234679629118e-02,1.001216335446935890e+00,1.001824503170403835e+00,1.002129696636077538e+00,4.460683659326724060e-01,3.439717096319026002e-01,8.241177353038146598e-05,1.000001648235470553e+00,1.000002472353205940e+00,1.000002884414110893e+00,4.463401857395833949e-01,3.436846922299835461e-01
1.789690240369104401e+00,3.584627373782151016e-01,4.470919811546307798e-01,9.492002197805764485e-01,3.441720232938023094e-01,3.890144535401993675e-01,3.880443426834906395e-01,1.007760886853669824e+00,1.011641330280504736e+00,1.013626725517488891e+00,4.453619864843413878e-01,3.460010741905196752e-01,3.804542332911485247e-01,1.007609084665822996e+00,1.011413626998734383e+00,1.013359321792278944e+00,4.453955578275231031e-01,3.459656529941901870e-01,3.740523591732685671e-01,1.007481047183465428e+00,1.011221570775198142e+00,1.013133807121285423e+00,4.454238817607512058e-01,3.459357661160396558e-01,2.391339107017656784e-01,1.004782678214035219e+00,1.007174017321053050e+00,1.008386842382736015e+00,4.460225568353197168e-01,3.453035775135021579e-01,6.049712809379430983e-02,1.001209942561875899e+00,1.001814913842813848e+00,1.002118497454035140e+00,4.468204202016829441e-01,3.444596352425012831e-01,8.197862904125148109e-05,1.000001639572580814e+00,1.000002459358871221e+00,1.000002869254032589e+00,4.470916126993889073e-01,3.441724136533180212e-01
1.784751562708747130e+00,3.590984608434129033e-01,4.478444729583405670e-01,9.489484278129451944e-01,3.446598412085313812e-01,3.869623264019533826e-01,3.859973330692801907e-01,1.007719946661385535e+00,1.011579919992078302e+00,1.013554604839765672e+00,4.461184758950962892e-01,3.464902007079954660e-01,3.784472629847955294e-01,1.007568945259695870e+00,1.011353417889543804e+00,1.013288620903726178e+00,4.461519698203230688e-01,3.464547534911722737e-01,3.720791600018782397e-01,1.007441583200037627e+00,1.011162374800056440e+00,1.013064303470458061e+00,4.461802284316419009e-01,3.464248446790237912e-01,2.378724326683401835e-01,1.004757448653366803e+00,1.007136172980050315e+00,1.008342510131658987e+00,4.467775217754120232e-01,3.457921965987171276e-01,6.017799394024957865e-02,1.001203559878804938e+00,1.001805339818207408e+00,1.002107316205194998e+00,4.475735406101765124e-01,3.449476542238533727e-01,8.154617577921770082e-05,1.000001630923515572e+00,1.000002446385273469e+00,1.000002854118147155e+00,4.478441053562672303e-01,3.446602318397611331e-01
1.779821628147060686e+00,3.597353117460876937e-01,4.485980306653692407e-01,9.486954808503894609e-01,3.451477516970130055e-01,3.849133816640539218e-01,3.839534979192558151e-01,1.007679069958385076e+00,1.011518604937577726e+00,1.013482598513743449e+00,4.468760340445341872e-01,3.469793980853648208e-01,3.764434050504195106e-01,1.007528868101008390e+00,1.011293302151512474e+00,1.013218032067926488e+00,4.469094504954170821e-01,3.469439252705830423e-01,3.701090208308210339e-01,1.007402180416616444e+00,1.011103270624924555e+00,1.012994909935268861e+00,4.469376437372938327e-01,3.469139948808912521e-01,2.366129109114318285e-01,1.004732258218228536e+00,1.007098387327342914e+00,1.008298247582782858e+00,4.475335543546032913e-01,3.462808948494214278e-01,5.985935469397540148e-02,1.001197187093879615e+00,1.001795780640819311e+00,1.002096152356992453e+00,4.483277273575722588e-01,3.454357623786420417e-01,8.111439315760637491e-05,1.000001622287863157e+00,1.000002433431794735e+00,1.000002839005734279e+00,4.485976639170531910e-01,3.451481425953454307e-01
1.774900421205858780e+00,3.603732920857176669e-01,4.493526544733691952e-01,9.484413745044910637e-01,3.456357505384767825e-01,3.828675229222597287e-01,3.819127410695857816e-01,1.007638254821391799e+00,1.011457382232087587e+00,1.013410703139973057e+00,4.476346610828404460e-01,3.474686620780056967e-01,3.744425652051440179e-01,1.007488851304102928e+00,1.011233276956154281e+00,1.013147551952571224e+00,4.476680000039141571e-01,3.474331640882845074e-01,3.681418489637112712e-01,1.007362836979274201e+00,1.011044255468911413e+00,1.012925623240017448e+00,4.476961278295952251e-01,3.474032124779115605e-01,2.353552861696866227e-01,1.004707105723393834e+00,1.007060658585090529e+00,1.008254052649157462e+00,4.482906547412354170e-01,3.467696680303616330e-01,5.954119536277887453e-02,1.001190823907255556e+00,1.001786235860883334e+00,1.002085005383880789e+00,4.490829806340897457e-01,3.459239554824987684e-01,8.068326086075195813e-05,1.000001613665217226e+00,1.000002420497825728e+00,1.000002823916082972e+00,4.493522885793888588e-01,3.456361416992954072e-01
1.769987926434356318e+00,3.610124038653271805e-01,4.501083445707417807e-01,9.481861043790175136e-01,3.461238334852733689e-01,3.808246551471602959e-01,3.798749677278406844e-01,1.007597499354556891e+00,1.011396249031835115e+00,1.013338915367806292e+00,4.483943571508957060e-01,3.479579884128775613e-01,3.724446505106702165e-01,1.007448893010213453e+00,1.011173339515320180e+00,1.013077177273181695e+00,4.484276184876197502e-01,3.479224656717501141e-01,3.661775530261156542e-01,1.007323551060522293e+00,1.010985326590783551e+00,1.012856440156016058e+00,4.484556808511316328e-01,3.478924931979910928e-01,2.340995000268829007e-01,1.004681990000537706e+00,1.007022985000806559e+00,1.008209923273714725e+00,4.490488230943666115e-01,3.472585118784550784e-01,5.922350116827228284e-02,1.001184470023365414e+00,1.001776705035048121e+00,1.002073874767816619e+00,4.498393006206890532e-01,3.464122292839351691e-01,8.025275886271271658e-05,1.000001605055177212e+00,1.000002407582765818e+00,1.000002808848492464e+00,4.501079795316657028e-01,3.461242249039567231e-01
1.765084128409120989e+00,3.616526490914928060e-01,4.508651011365785166e-01,9.479296660700013977e-01,3.466119962628045892e-01,3.787846847735389932e-01,3.778400845621336934e-01,1.007556801691242621e+00,1.011335202536864042e+00,1.013267231898525189e+00,4.491551223802135451e-01,3.484473727884723204e-01,3.704495694606738665e-01,1.007408991389213471e+00,1.011113487083820317e+00,1.013006904796177610e+00,4.491883060789734206e-01,3.484118257200151669e-01,3.642160430514797542e-01,1.007284320861029592e+00,1.010926481291544388e+00,1.012787357504606689e+00,4.492163029351237680e-01,3.483818327406231208e-01,2.328454949668642415e-01,1.004656909899337203e+00,1.006985364849005915e+00,1.008165857431198020e+00,4.498080595637104495e-01,3.477474221027320178e-01,5.890625755977031697e-02,1.001178125151195308e+00,1.001767187726793074e+00,1.002062759998745944e+00,4.505966874890118823e-01,3.469005795042763296e-01,7.982286744610250632e-05,1.000001596457348985e+00,1.000002394686023477e+00,1.000002793802272416e+00,4.508647369529649729e-01,3.466123879347255965e-01
1.760189011734025311e+00,3.622940297743497684e-01,4.516229243406021387e-01,9.476720551658204261e-01,3.471002345694534919e-01,3.767475197901573036e-01,3.758079997906806358e-01,1.007516159995813565e+00,1.011274239993720458e+00,1.013195649488485728e+00,4.499169568928783614e-01,3.489368108747667452e-01,3.684572320686135272e-01,1.007369144641372172e+00,1.011053716962058369e+00,1.012936731341960384e+00,4.499500629009866026e-01,3.489012399036290346e-01,3.622572305674588988e-01,1.007245144611349286e+00,1.010867716917023706e+00,1.012718372160190672e+00,4.499779942053653281e-01,3.488712267768395159e-01,2.315932144287314309e-01,1.004631864288574539e+00,1.006947796432861919e+00,1.008121853130096390e+00,4.505683642895749741e-01,3.482363943842803344e-01,5.858945022825275128e-02,1.001171789004565049e+00,1.001757683506847574e+00,1.002051660575092207e+00,4.513551414013221019e-01,3.473890018375941913e-01,7.939356722101145649e-05,1.000001587871344411e+00,1.000002381807016727e+00,1.000002778776743595e+00,4.516225610129993018e-01,3.471006264899793581e-01
1.755302561040198217e+00,3.629365479275982187e-01,4.523818143431073691e-01,9.474132672472798111e-01,3.475885440765151824e-01,3.747130698298190010e-01,3.737786232716399093e-01,1.007475572465432734e+00,1.011213358698149101e+00,1.013124164952271755e+00,4.506798608014829233e-01,3.494262983131780076e-01,3.664675499558132099e-01,1.007329350999116357e+00,1.010994026498674314e+00,1.012866653788004889e+00,4.507128890671805999e-01,3.493907038646102414e-01,3.603010286825182318e-01,1.007206020573650385e+00,1.010809030860475577e+00,1.012649481053269129e+00,4.507407547761607680e-01,3.493606709491652862e-01,2.303426028622065080e-01,1.004606852057244204e+00,1.006910278085866306e+00,1.008077908414585444e+00,4.513297374028014675e-01,3.487254243761915284e-01,5.827306512037067759e-02,1.001165461302407467e+00,1.001748191953611089e+00,1.002040576004248784e+00,4.521146625104457972e-01,3.478774919506425478e-01,7.896483914398557888e-05,1.000001579296782905e+00,1.000002368945174247e+00,1.000002763771240755e+00,4.523814518720533639e-01,3.475889362410070627e-01
1.750424760985976214e+00,3.635802055685095624e-01,4.531417712949018517e-01,9.471532978876938680e-01,3.480769204281289331e-01,3.726812462595757713e-01,3.717518665930930610e-01,1.007435037331861905e+00,1.011152555997792746e+00,1.013052775165852903e+00,4.514438342090660861e-01,3.499158307165215476e-01,3.644804364396829199e-01,1.007289608728793695e+00,1.010934413093190543e+00,1.012796669071953204e+00,4.514767846815239127e-01,3.498802132164036127e-01,3.583473521726689981e-01,1.007166947043453442e+00,1.010750420565180052e+00,1.012580681173486097e+00,4.515045847522630718e-01,3.498501608715756106e-01,2.290936057830836314e-01,1.004581872115661634e+00,1.006872808173492562e+00,1.008034021366471134e+00,4.520921790247033889e-01,3.492145077035080925e-01,5.795708845247473512e-02,1.001159141769049521e+00,1.001738712653574170e+00,1.002029505803067044e+00,4.528752509597118725e-01,3.483660454827926523e-01,7.853666453703611171e-05,1.000001570733290768e+00,1.000002356099936041e+00,1.000002748785109086e+00,4.531414096809247560e-01,3.480773128319414322e-01
1.745555596256856301e+00,3.642250047179326766e-01,4.539027953372468671e-01,9.468921426529706142e-01,3.485653592412104596e-01,3.706519622709317230e-01,3.697276431630242000e-01,1.007394552863260406e+00,1.011091829294890720e+00,1.012981477069741620e+00,4.522088772090500086e-01,3.504054036689713825e-01,3.624958066219381436e-01,1.007249916132438861e+00,1.010874874198658180e+00,1.012726774194713464e+00,4.522417498383701218e-01,3.503697635438400848e-01,3.563961175682035520e-01,1.007127922351364058e+00,1.010691883527046198e+00,1.012511969572672532e+00,4.522694842288111361e-01,3.503396921294552047e-01,2.278461698286795012e-01,1.004556923396573653e+00,1.006835385094860369e+00,1.007990190107135531e+00,4.528556892670049239e-01,3.497036399631737180e-01,5.764150672464312536e-02,1.001152830134492966e+00,1.001729245201739227e+00,1.002018449498351726e+00,4.536369068828919882e-01,3.488546580459703228e-01,7.810902510664868728e-05,1.000001562180502068e+00,1.000002343270753213e+00,1.000002733817709100e+00,4.539024345808643224e-01,3.485657518796913545e-01
1.740695051565447127e+00,3.648709474003004605e-01,4.546648866017972135e-01,9.466297971016962576e-01,3.490538561053844191e-01,3.686251329699001822e-01,3.677058682991523053e-01,1.007354117365983015e+00,1.011031176048974523e+00,1.012910267672144871e+00,4.529749898851777590e-01,3.508950127260226370e-01,3.605135774766750067e-01,1.007210271549533465e+00,1.010815407324300308e+00,1.012656966223547172e+00,4.530077846223947713e-01,3.508593504030989574e-01,3.544472432402885897e-01,1.007088944864805713e+00,1.010633417297208680e+00,1.012443343367882331e+00,4.530354532912674870e-01,3.508292602795597404e-01,2.266002428131926039e-01,1.004532004856263816e+00,1.006798007284395835e+00,1.007946412799474833e+00,4.536202682317795332e-01,3.501928167239843348e-01,5.732630673468673554e-02,1.001146526134693682e+00,1.001719789202040634e+00,1.002007406627347219e+00,4.543996304041404977e-01,3.493433252245933818e-01,7.768190296276147779e-05,1.000001553638059315e+00,1.000002330457088862e+00,1.000002718868413965e+00,4.546645267035169247e-01,3.490542489738747145e-01
1.735843111651420134e+00,3.655180356436360523e-01,4.554280452105420873e-01,9.463662567852217933e-01,3.495424065829192406e-01,3.666006754667655576e-01,3.656864593184693812e-01,1.007313729186369411e+00,1.010970593779554116e+00,1.012839144052104956e+00,4.537421723114505867e-01,3.513846534144575706e-01,3.585336679381570524e-01,1.007170673358763091e+00,1.010756010038144748e+00,1.012587242295148959e+00,4.537748891085333081e-01,3.513489693216726995e-01,3.525006494872745533e-01,1.007050012989745502e+00,1.010575019484618142e+00,1.012374799744421239e+00,4.538024920153555519e-01,3.513188608499803745e-01,2.253557737828816576e-01,1.004507115475657741e+00,1.006760673213486390e+00,1.007902687649834261e+00,4.543859160113884466e-01,3.506820335265416477e-01,5.701147559210831967e-02,1.001140229511842117e+00,1.001710344267763286e+00,1.001996376738228500e+00,4.551634216379343290e-01,3.498320425755105934e-01,7.725528063768094544e-05,1.000001545105612788e+00,1.000002317658419182e+00,1.000002703936612836e+00,4.554276861708614343e-01,3.495427996767523915e-01
1.730999761281464266e+00,3.661662714795592133e-01,4.561922712757449649e-01,9.461015172477497126e-01,3.500310062086609553e-01,3.645785089654038358e-01,3.636693356263380195e-01,1.007273386712526753e+00,1.010910080068790240e+00,1.012768103362624350e+00,4.545104245520649178e-01,3.518743212323124370e-01,3.565559989881700309e-01,1.007131119979763456e+00,1.010696679969645073e+00,1.012517599618710351e+00,4.545430633619180205e-01,3.518386157983339757e-01,3.505562586205805964e-01,1.007011125172411647e+00,1.010516687758617360e+00,1.012306335958857550e+00,4.545706004669970435e-01,3.518084893401102198e-01,2.241127130709722470e-01,1.004482254261419349e+00,1.006723381392129246e+00,1.007859012909932073e+00,4.551526326884191564e-01,3.511712858832085060e-01,5.669700073199308160e-02,1.001133940014639956e+00,1.001700910021959823e+00,1.001985359390587416e+00,4.559282806890127548e-01,3.503208056279416005e-01,7.682914110490482538e-05,1.000001536582822093e+00,1.000002304874233250e+00,1.000002689021709523e+00,4.561919130951512802e-01,3.500313995231629782e-01
1.726164985249234451e+00,3.668156569432927672e-01,4.569575648998838724e-01,9.458355740264227096e-01,3.505196504899691923e-01,3.625585548520066648e-01,3.616544188049942155e-01,1.007233088376099817e+00,1.010849632564149836e+00,1.012697142833766994e+00,4.552797466613499600e-01,3.523640116488487295e-01,3.545804937427938230e-01,1.007091609874855909e+00,1.010637414812283863e+00,1.012448035478960895e+00,4.553123074378154223e-01,3.523282853031055595e-01,3.486139950500063978e-01,1.006972279901000134e+00,1.010458419851500089e+00,1.012237949342013499e+00,4.553397787022491761e-01,3.522981412206136476e-01,2.228710123521971120e-01,1.004457420247043986e+00,1.006686130370565868e+00,1.007815386878771147e+00,4.559204183356233009e-01,3.516605692780651049e-01,5.638286992880649218e-02,1.001127657398576121e+00,1.001691486097864292e+00,1.001974354155914737e+00,4.566942076523168859e-01,3.508096098834173060e-01,7.640346779781927351e-05,1.000001528069355938e+00,1.000002292104033907e+00,1.000002674123124047e+00,4.569572075788540522e-01,3.505200440204580548e-01
1.721338768375307637e+00,3.674661940736689281e-01,4.577239261755907673e-01,9.455684226514136093e-01,3.510083349066526748e-01,3.605407367830621990e-01,3.596416327013089442e-01,1.007192832654026260e+00,1.010789248981039279e+00,1.012626259775737614e+00,4.560501386837044202e-01,3.528537201045260918e-01,3.526070775384471667e-01,1.007052141550768942e+00,1.010578212326153524e+00,1.012378547239184856e+00,4.560826213815632468e-01,3.528179732772325217e-01,3.466737853683289905e-01,1.006933475707366688e+00,1.010400213561049920e+00,1.012169637301930214e+00,4.561100267672420494e-01,3.527878119333979212e-01,2.216306246968795246e-01,1.004432612493937560e+00,1.006648918740906451e+00,1.007771807904531913e+00,4.566892730158550462e-01,3.521498791668687400e-01,5.606907131007653200e-02,1.001121381426201440e+00,1.001682072139302271e+00,1.001963360618079779e+00,4.574612026129290521e-01,3.512984508157225849e-01,7.597824462823942837e-05,1.000001519564892583e+00,1.000002279347338874e+00,1.000002659240293745e+00,4.577235697145916049e-01,3.510087286484384062e-01
1.716521095507132610e+00,3.681178849131357400e-01,4.584913551855917535e-01,9.453000586460158505e-01,3.514970549109068809e-01,3.585249807724368853e-01,3.576309035136527870e-01,1.007152618070273009e+00,1.010728927105409625e+00,1.012555451581922172e+00,4.568216006535336104e-01,3.533434420109773932e-01,3.506356780170531984e-01,1.007012713560341055e+00,1.010519070340511583e+00,1.012309132344206386e+00,4.568540052285077757e-01,3.533076751331571397e-01,3.447355584350354496e-01,1.006894711168700773e+00,1.010342066753051160e+00,1.012101397326801155e+00,4.568813446981155324e-01,3.532774968915874947e-01,2.203915046244639964e-01,1.004407830092489240e+00,1.006611745138733971e+00,1.007728274386449518e+00,4.574591967820094141e-01,3.526392109770145611e-01,5.575559336993610171e-02,1.001115111867398655e+00,1.001672667801098093e+00,1.001952378373805352e+00,4.582292656460122959e-01,3.517873238708386641e-01,7.555345600476056289e-05,1.000001511069120053e+00,1.000002266603680079e+00,1.000002644372672389e+00,4.584909995850798836e-01,3.514974488592910173e-01
1.711711951518982922e+00,3.687707315077634052e-01,4.592598520026465181e-01,9.450304775267356350e-01,3.519858059272513162e-01,3.565112152774052023e-01,3.556221598777109527e-01,1.007112443197554219e+00,1.010668664796331218e+00,1.012484715731898577e+00,4.575941325951864980e-01,3.538331727509874125e-01,3.486662252101762616e-01,1.006973324504203626e+00,1.010459986756305328e+00,1.012239788323336942e+00,4.576264590039406110e-01,3.537973862544963599e-01,3.427992454590434446e-01,1.006855984909180934e+00,1.010283977363771291e+00,1.012033226987872903e+00,4.576537325209563689e-01,3.537671914795003647e-01,2.191536081564001426e-01,1.004383072163127943e+00,1.006574608244692026e+00,1.007684784776664344e+00,4.582301896769597760e-01,3.531285601074976022e-01,5.544242498250186862e-02,1.001108848499649984e+00,1.001663272749474975e+00,1.001941407033134057e+00,4.589983968167493655e-01,3.522762244668873888e-01,7.512908685088743547e-05,1.000001502581737034e+00,1.000002253872605440e+00,1.000002629519733066e+00,4.592594972630680838e-01,3.519862000775266786e-01
1.706911321311910701e+00,3.694247359072508341e-01,4.600294166894878245e-01,9.447596748033848524e-01,3.524745833524681737e-01,3.544993712834778044e-01,3.536153329511000920e-01,1.007072306659021921e+00,1.010608459988532992e+00,1.012414049794397863e+00,4.583677345228929223e-01,3.543229076784734644e-01,3.466986516219832115e-01,1.006933973032439589e+00,1.010400959548659605e+00,1.012170512793280519e+00,4.583999827230358370e-01,3.542871019960213697e-01,3.408647800802671046e-01,1.006817295601605267e+00,1.010225943402408122e+00,1.011965123942298872e+00,4.584271902517354502e-01,3.542568910526279202e-01,2.179168928682880813e-01,1.004358337857365724e+00,1.006537506786048697e+00,1.007641337582049212e+00,4.590022517334961250e-01,3.536179219288780873e-01,5.512955541506617263e-02,1.001102591108301354e+00,1.001653886662452031e+00,1.001930446219891468e+00,4.597685961802818744e-01,3.527651479940765444e-01,7.470512262291047992e-05,1.000001494102452426e+00,1.000002241153678639e+00,1.000002614680965962e+00,4.600290628112787550e-01,3.524749776999188677e-01
1.702119189813697364e+00,3.700799001649319742e-01,4.608000492987607277e-01,9.444876459791763379e-01,3.529633825555419935e-01,3.524893823878679777e-01,3.516103564966264194e-01,1.007032207129932466e+00,1.010548310694898699e+00,1.012343451430220531e+00,4.591424064407000349e-01,3.548126421184684687e-01,3.447328923108733401e-01,1.006894657846217456e+00,1.010341986769326184e+00,1.012101303460992918e+00,4.591745763907871258e-01,3.547768176836404441e-01,3.389320984498730427e-01,1.006778641968997468e+00,1.010167962953496090e+00,1.011897085935953511e+00,4.592017178962446988e-01,3.547465909376160131e-01,2.166813179411867518e-01,1.004333626358823839e+00,1.006500439538235536e+00,1.007597931366005062e+00,4.597753829742627918e-01,3.541072917832475131e-01,5.481697434107724032e-02,1.001096339486821529e+00,1.001644509230232405e+00,1.001919495572140439e+00,4.605398637816493501e-01,3.532540898146460107e-01,7.428154932749511544e-05,1.000001485630986453e+00,1.000002228446479791e+00,1.000002599855881691e+00,4.607996962823465714e-01,3.529637770954429099e-01
1.697335541978807427e+00,3.707362263377823597e-01,4.615717498729618451e-01,9.442143865508184630e-01,3.534521988775995993e-01,3.504811848814513020e-01,3.496071669640412050e-01,1.006992143339280776e+00,1.010488215008921165e+00,1.012272918395099364e+00,4.599181483424092942e-01,3.553023713671069617e-01,3.427688849696345352e-01,1.006855377699392706e+00,1.010283066549088948e+00,1.012032158126488390e+00,4.599502400019442327e-01,3.552665286143837364e-01,3.370011393090877605e-01,1.006740022786181799e+00,1.010110034179272587e+00,1.011829110806186982e+00,4.599773154500339523e-01,3.552362864322496372e-01,2.154468442119957805e-01,1.004308936884239944e+00,1.006463405326359917e+00,1.007554564750224202e+00,4.605495834116962728e-01,3.545966649841974516e-01,5.450467185288505184e-02,1.001090093437057682e+00,1.001635140155586523e+00,1.001908554742627189e+00,4.613121996557278948e-01,3.537430452628150257e-01,7.385835353895331759e-05,1.000001477167070885e+00,1.000002215750606105e+00,1.000002585044010406e+00,4.615713977187579919e-01,3.534525936052163586e-01
1.692560362788340544e+00,3.713937164864254958e-01,4.623445184443785161e-01,9.439398920086128353e-01,3.539410276318513682e-01,3.484747178290603098e-01,3.476057035701349829e-01,1.006952114071402615e+00,1.010428171107104145e+00,1.012202448542500965e+00,4.606949602115135711e-01,3.557920906916138271e-01,3.408065700039709656e-01,1.006816131400079417e+00,1.010224197100119126e+00,1.011963074685586550e+00,4.607269735409503797e-01,3.557562300563907876e-01,3.350718440664041120e-01,1.006701436881328071e+00,1.010052155321992107e+00,1.011761196484529890e+00,4.607539828983479024e-01,3.557259728054394943e-01,2.142134342228141919e-01,1.004284268684456194e+00,1.006426403026684513e+00,1.007511236416418710e+00,4.613248530479627241e-01,3.550860368167894632e-01,5.419263847422825520e-02,1.001083852769484528e+00,1.001625779154226903e+00,1.001897623399217618e+00,4.620856038271690669e-01,3.542320096447310607e-01,7.343552241616457192e-05,1.000001468710448371e+00,1.000002203065672557e+00,1.000002570244902467e+00,4.623441671527899199e-01,3.539414225424400429e-01
1.687793637249986212e+00,3.720523726751392979e-01,4.631183550350275735e-01,9.436641578365516647e-01,3.544298641035333319e-01,3.464699231479670960e-01,3.456059083770245399e-01,1.006912118167540449e+00,1.010368177251310673e+00,1.012132039826367347e+00,4.614728420211339222e-01,3.562817953302949148e-01,3.388458906092587930e-01,1.006776917812185257e+00,1.010165376718277663e+00,1.011894051132598893e+00,4.615047769818786394e-01,3.562459172489006454e-01,3.331441568730452718e-01,1.006662883137460884e+00,1.009994324706191327e+00,1.011693340999334279e+00,4.615317202160631460e-01,3.562156452972113363e-01,2.129810522691848451e-01,1.004259621045383799e+00,1.006389431568075477e+00,1.007467945108009300e+00,4.621011918748958447e-01,3.555754025375278404e-01,5.388086517243930590e-02,1.001077617303448797e+00,1.001616425955173195e+00,1.001886701225324972e+00,4.628600763103383198e-01,3.547209782384191379e-01,7.301304371911474108e-05,1.000001460260874442e+00,1.000002190391311663e+00,1.000002555458129549e+00,4.631180046064488631e-01,3.544302591923401691e-01
1.683035350397973584e+00,3.727121969718626415e-01,4.638932596565943922e-01,9.433871795124176840e-01,3.549187035498497789e-01,3.444667456843999997e-01,3.436077263684788052e-01,1.006872154527369556e+00,1.010308231791054334e+00,1.012061690303782679e+00,4.622517937339560845e-01,3.567714804925306016e-01,3.368867928453789795e-01,1.006737735856907623e+00,1.010106603785361434e+00,1.011825085562946480e+00,4.622836502883692078e-01,3.567355854022444817e-01,3.312180246965384378e-01,1.006624360493930670e+00,1.009936540740896227e+00,1.011625542478344020e+00,4.623105273676247906e-01,3.567052991186976385e-01,2.117496644471307254e-01,1.004234993288942723e+00,1.006352489933413974e+00,1.007424689631767789e+00,4.628785998739343710e-01,3.560647573743330185e-01,5.356934337034385124e-02,1.001071386867406821e+00,1.001607080301110342e+00,1.001875787920326832e+00,4.636356171092537171e-01,3.552099462937328145e-01,7.259090582502080748e-05,1.000001451818116394e+00,1.000002177727174812e+00,1.000002540683284424e+00,4.638929100914096493e-01,3.549190988121110890e-01
1.678285487293026623e+00,3.733731914482019132e-01,4.646692323103712718e-01,9.431089525078844016e-01,3.554075411999172984e-01,3.424651332879517507e-01,3.416111055241414229e-01,1.006832222110482844e+00,1.010248333165724155e+00,1.011991398137570108e+00,4.630318153021675265e-01,3.572611413587722384e-01,3.349292257094882985e-01,1.006698584514189809e+00,1.010047876771284603e+00,1.011756176175702349e+00,4.630635934135660658e-01,3.572252296978406516e-01,3.292933973922612667e-01,1.006585867947845214e+00,1.009878801921767932e+00,1.011557799151198811e+00,4.630904043069837828e-01,3.571949294521318818e-01,2.105192386988947728e-01,1.004210384773977838e+00,1.006315577160966868e+00,1.007381468859420037e+00,4.636570770160595156e-01,3.565540965265184825e-01,5.325806495783226568e-02,1.001065161299156570e+00,1.001597741948734965e+00,1.001864883199968803e+00,4.644122262175242044e-01,3.556989090323061653e-01,7.216909774401117426e-05,1.000001443381954847e+00,1.000002165072932270e+00,1.000002525919983620e+00,4.646688836089543639e-01,3.554079366308594001e-01
1.673544033022317468e+00,3.740353581794373383e-01,4.654462729871964299e-01,9.428294722886179091e-01,3.558963722547093811e-01,3.404650368837289776e-01,3.396159968915002381e-01,1.006792319937829916e+00,1.010188479906745096e+00,1.011921161598805741e+00,4.638129066673943313e-01,3.577507730805404851e-01,3.329731412065809470e-01,1.006659462824131657e+00,1.009989194236197374e+00,1.011687321276059759e+00,4.638446063000537523e-01,3.577148452881919183e-01,3.273702277728162691e-01,1.006547404555456326e+00,1.009821106833184379e+00,1.011490109351858235e+00,4.638713509775331256e-01,3.576845314508448892e-01,2.092897448572915153e-01,1.004185794897145767e+00,1.006278692345718762e+00,1.007338281729195817e+00,4.644366232617325729e-01,3.570434151647683407e-01,5.294702230307984925e-02,1.001058940446061696e+00,1.001588410669092433e+00,1.001853986796759077e+00,4.651899036182878255e-01,3.561878616475067094e-01,7.174760913433005582e-05,1.000001434952182633e+00,1.000002152428274060e+00,1.000002511167863872e+00,4.654459251499106220e-01,3.558967678495482123e-01
1.668810972699418915e+00,3.746986992445295872e-01,4.662243816673920516e-01,9.425487343143795771e-01,3.563851918870019064e-01,3.384664105421002489e-01,3.376223546554615873e-01,1.006752447093109293e+00,1.010128670639663939e+00,1.011850979069250034e+00,4.645950677606376367e-01,3.582403707804263093e-01,3.310184944177019806e-01,1.006620369888354016e+00,1.009930554832531024e+00,1.011618519277713402e+00,4.646266888797941919e-01,3.582044272968859522e-01,3.254484716750963846e-01,1.006508969433501877e+00,1.009763454150252926e+00,1.011422471520943001e+00,4.646533673120453178e-01,3.581741002392646034e-01,2.080611546885823837e-01,1.004161223093771538e+00,1.006241834640657418e+00,1.007295127247327171e+00,4.652172385608323579e-01,3.575327084311170633e-01,5.263620826339366482e-02,1.001052724165267804e+00,1.001579086247901706e+00,1.001843098460344805e+00,4.659686492841501049e-01,3.566767993043901130e-01,7.132643031703573557e-05,1.000001426528606352e+00,1.000002139792909528e+00,1.000002496426587451e+00,4.662240346945901170e-01,3.563855876409429135e-01
1.664086291464256906e+00,3.753632167261263253e-01,4.670035583207027829e-01,9.422667340391315260e-01,3.568739952413199079e-01,3.364692115459030353e-01,3.356301362053895621e-01,1.006712602724107786e+00,1.010068904086161679e+00,1.011780849043687480e+00,4.653782985022107410e-01,3.587299295520947062e-01,3.290652435656753472e-01,1.006581304871313476e+00,1.009871957306970325e+00,1.011549768705155339e+00,4.654098410740637459e-01,3.586939708185975517e-01,3.235280880249067348e-01,1.006470561760498095e+00,1.009705842640747253e+00,1.011354884207994020e+00,4.654364532326088488e-01,3.586636309129168088e-01,2.068334419337889973e-01,1.004136668838675694e+00,1.006205003258013653e+00,1.007252004489493258e+00,4.659989228525923677e-01,3.580219714389313301e-01,5.232561619566408750e-02,1.001046512323913174e+00,1.001569768485869982e+00,1.001832217957881133e+00,4.667484631771219306e-01,3.571657171396551145e-01,7.090555229016343121e-05,1.000001418111045703e+00,1.000002127166568666e+00,1.000002481695838386e+00,4.670032122127271701e-01,3.568743911495582122e-01
1.659369974483064780e+00,3.760289127105688189e-01,4.677838029062340031e-01,9.419834669111405434e-01,3.573627774338850038e-01,3.344734004549707596e-01,3.336393021994720764e-01,1.006672786043989465e+00,1.010009179065984197e+00,1.011710770132173254e+00,4.661625988016759314e-01,3.592194444602906933e-01,3.271133500782110182e-01,1.006542267001564239e+00,1.009813400502346248e+00,1.011481068195877242e+00,4.661940627933895964e-01,3.591834709190932506e-01,3.216090388990103244e-01,1.006432180777980134e+00,1.009648271166970313e+00,1.011287346073635574e+00,4.662206086505652491e-01,3.591531185384295166e-01,2.056065823483590460e-01,1.004112131646967221e+00,1.006168197470450831e+00,1.007208912602204132e+00,4.667816760655384423e-01,3.585111992728936547e-01,5.201523996639972197e-02,1.001040304799327929e+00,1.001560457198992005e+00,1.001821345074380476e+00,4.675293452485578261e-01,3.576546102616005585e-01,7.048496674232324988e-05,1.000001409699334820e+00,1.000002114549002341e+00,1.000002466975326465e+00,4.677834576634165020e-01,3.573631734916047353e-01
1.654662006948337538e+00,3.766957892878982639e-01,4.685651153723897622e-01,9.416989283730862192e-01,3.578515335525638830e-01,3.324789411678470419e-01,3.316498166262813463e-01,1.006632996332525565e+00,1.009949494498788347e+00,1.011640741062180160e+00,4.669479685577810901e-01,3.597089105408474152e-01,3.251627786482612081e-01,1.006503255572965161e+00,1.009754883359447852e+00,1.011412416502474487e+00,4.669793539374870739e-01,3.596729226352390341e-01,3.196912895844682967e-01,1.006393825791689345e+00,1.009590738687534017e+00,1.011219855891647201e+00,4.670058334664459188e-01,3.596425581535390159e-01,2.043805537401030548e-01,1.004087611074802044e+00,1.006131416612203067e+00,1.007165850804127905e+00,4.675654981174257041e-01,3.590003869889878962e-01,5.170507396132476702e-02,1.001034101479226557e+00,1.001551152218839835e+00,1.001810479613048477e+00,4.683112954390935556e-01,3.581434737500833188e-01,7.006466606570558632e-05,1.000001401293321379e+00,1.000002101939982069e+00,1.000002452264785235e+00,4.685647709950517825e-01,3.578519297549385136e-01
1.649962374078782545e+00,3.773638485518626129e-01,4.693474956568110534e-01,9.414131138621683048e-01,3.583402586568177894e-01,3.304858009805514696e-01,3.296616468633929986e-01,1.006593232937267768e+00,1.009889849405901874e+00,1.011570760680642556e+00,4.677344076583965782e-01,3.601983228006972459e-01,3.232134972914929016e-01,1.006464269945829937e+00,1.009696404918744683e+00,1.011343812494651662e+00,4.677657143951962637e-01,3.601623209750091648e-01,3.177748086351456225e-01,1.006355496172702813e+00,1.009533244259054330e+00,1.011152412550930801e+00,4.677921275699088444e-01,3.601319447670984220e-01,2.031553360053188484e-01,1.004063106720106457e+00,1.006094660080159464e+00,1.007122818387350405e+00,4.683503889151762745e-01,3.594895296144863805e-01,5.139511309451792742e-02,1.001027902261890423e+00,1.001541853392835524e+00,1.001799621395603079e+00,4.690943136785842293e-01,3.586323026564771643e-01,6.964464336846504266e-05,1.000001392892867269e+00,1.000002089339301126e+00,1.000002437563972890e+00,4.693471521452633466e-01,3.583406549990098000e-01
1.645271061119276901e+00,3.780330925999229597e-01,4.701309436863134739e-01,9.411260188102165136e-01,3.588289477776531733e-01,3.284939506422794864e-01,3.276747637329471274e-01,1.006553495274658871e+00,1.009830242911988307e+00,1.011500827955889248e+00,4.685219159804523414e-01,3.606876762178847229e-01,3.212654774007623337e-01,1.006425309548015345e+00,1.009637964322022796e+00,1.011275255161117714e+00,4.685531440444189455e-01,3.606516609174990062e-01,3.158595679252687027e-01,1.006317191358505392e+00,1.009475787037757977e+00,1.011085015057379355e+00,4.685794908396757052e-01,3.606212733590884456e-01,2.019309111630311071e-01,1.004038618223260571e+00,1.006057927334890856e+00,1.007079814718570887e+00,4.691363483548162128e-01,3.599786221479391313e-01,5.108535281707451969e-02,1.001021707056341414e+00,1.001532560584512233e+00,1.001788770262579176e+00,4.698783998860416866e-01,3.591210920036329024e-01,6.922489248645824511e-05,1.000001384497849699e+00,1.000002076746774549e+00,1.000002422872674490e+00,4.701306010408561886e-01,3.588293442548139422e-01
1.640588053340817698e+00,3.787035235332601446e-01,4.709154593768249963e-01,9.408376386438006556e-01,3.593175959175726186e-01,3.265033644079010089e-01,3.256891415540159596e-01,1.006513782831080395e+00,1.009770674246620370e+00,1.011430941979468479e+00,4.693104933898744613e-01,3.611769657415819235e-01,3.193186937974581974e-01,1.006386373875949092e+00,1.009579560813923749e+00,1.011206743611373415e+00,4.693416427520555878e-01,3.611409374129383454e-01,3.139455426999047671e-01,1.006278910853998010e+00,1.009418366280997237e+00,1.011017662535631079e+00,4.693679231434687571e-01,3.611105388806306604e-01,2.007072633872632184e-01,1.004014145267745350e+00,1.006021217901617915e+00,1.007036839240227355e+00,4.699233763214128445e-01,3.604676595591647659e-01,5.077578912527072608e-02,1.001015515782505361e+00,1.001523273673758041e+00,1.001777926073612823e+00,4.706635539695724346e-01,3.596098367858401867e-01,6.880540799430717844e-05,1.000001376108159867e+00,1.000002064162239801e+00,1.000002408190699965e+00,4.709151175977477344e-01,3.593179925248425888e-01
1.635913336040478949e+00,3.793751434567814163e-01,4.717010426333237971e-01,9.405479687843432135e-01,3.598061980505282142e-01,3.245140200871537428e-01,3.237047581916745465e-01,1.006474095163833571e+00,1.009711142745750134e+00,1.011361101967851450e+00,4.701001397415223715e-01,3.616661862921060622e-01,3.173731247796124921e-01,1.006347462495592149e+00,1.009521193743388334e+00,1.011138277077386016e+00,4.701312103739420656e-01,3.616301453827081569e-01,3.120327116222632036e-01,1.006240654232445353e+00,1.009360981348667918e+00,1.010950354230716108e+00,4.701574243379477158e-01,3.615997362540028792e-01,1.994843790372772818e-01,1.003989687580745471e+00,1.005984531371118429e+00,1.006993891471548608e+00,4.707114726890120338e-01,3.609566367892432792e-01,5.046641856821384303e-02,1.001009328371364360e+00,1.001513992557046429e+00,1.001767088707708586e+00,4.714497758263151428e-01,3.600985319687900477e-01,6.838618521576583927e-05,1.000001367723704293e+00,1.000002051585556551e+00,1.000002393517885668e+00,4.717007017209055020e-01,3.598065947830364486e-01
1.631246894541361403e+00,3.800479544791271480e-01,4.724876933497756948e-01,9.402570046482320310e-01,3.602947491218743137e-01,3.225258990904050771e-01,3.217215951026484722e-01,1.006434431902053062e+00,1.009651647853079481e+00,1.011291307264019501e+00,4.708908548791256865e-01,3.621553327609396411e-01,3.154287521666553351e-01,1.006308575043333153e+00,1.009462862564999730e+00,1.011069854915141120e+00,4.709218467547869880e-01,3.621192797193590884e-01,3.101210568176971383e-01,1.006202421136354053e+00,1.009303631704530968e+00,1.010883089509584165e+00,4.709479942686469744e-01,3.620888603726563626e-01,1.982622466857047183e-01,1.003965244933714196e+00,1.005947867400571072e+00,1.006950971009537898e+00,4.715006373205752888e-01,3.614455487505103259e-01,5.015723825495888716e-02,1.001003144765099107e+00,1.001504717147648771e+00,1.001756258063488225e+00,4.722370653423779152e-01,3.605871724895388097e-01,6.796722023336387560e-05,1.000001359344404595e+00,1.000002039016606892e+00,1.000002378854093932e+00,4.724873533042845963e-01,3.602951459747388840e-01
1.626588714192551244e+00,3.807219587126770555e-01,4.732754114090717001e-01,9.399647416469352201e-01,3.607832440483227932e-01,3.205389864708855230e-01,3.197396373774419320e-01,1.006394792747548728e+00,1.009592189121323313e+00,1.011221557338923605e+00,4.716826386352214739e-01,3.626444000107520993e-01,3.134855613407193653e-01,1.006269711226814412e+00,1.009404566840221618e+00,1.011001476606075977e+00,4.717135517281084711e-01,3.626083352866322773e-01,3.082105639143129516e-01,1.006164211278286258e+00,1.009246316917429498e+00,1.010815867862513429e+00,4.717396327699123204e-01,3.625779061012355253e-01,1.970408571445078638e-01,1.003940817142890074e+00,1.005911225714335222e+00,1.006908077529873102e+00,4.722908700679170901e-01,3.619343903265537787e-01,4.984824586107645950e-02,1.000996964917221455e+00,1.001495447375832404e+00,1.001745434059422291e+00,4.730254223927759516e-01,3.610757532564734529e-01,6.754850989730654489e-05,1.000001350970197933e+00,1.000002026455296900e+00,1.000002364199215288e+00,4.732750722307654256e-01,3.607836410166503915e-01
1.621938780369069466e+00,3.813971582735574128e-01,4.740641966829652332e-01,9.396711751871168472e-01,3.612716777178981986e-01,3.185532709632835080e-01,3.177588737788364370e-01,1.006355177475576790e+00,1.009532766213365074e+00,1.011151851792818857e+00,4.724754908310908053e-01,3.631333828754242377e-01,3.115435412843848839e-01,1.006230870825687740e+00,1.009346306238531499e+00,1.010933141758388221e+00,4.725063251161711886e-01,3.630973069194819436e-01,3.063012220800802599e-01,1.006126024441601707e+00,1.009189036662402339e+00,1.010748688904397063e+00,4.725323396648382634e-01,3.630668682755997523e-01,1.958202034887049636e-01,1.003916404069774115e+00,1.005874606104661062e+00,1.006865210787732945e+00,4.730821707716418856e-01,3.624231563722111749e-01,4.953943963465479855e-02,1.000990788792692987e+00,1.001486183189039592e+00,1.001734616634036623e+00,4.738148468413688197e-01,3.615642691492777505e-01,6.713005183360803291e-05,1.000001342601036569e+00,1.000002013901555076e+00,1.000002349553166026e+00,4.740638583720908072e-01,3.612720747967842483e-01
1.617297078471829685e+00,3.820735552816471037e-01,4.748540490320097285e-01,9.393763006707541718e-01,3.617600449898950021e-01,3.165687450186104313e-01,3.157792967766687720e-01,1.006315585935533274e+00,1.009473378903300134e+00,1.011082190356465071e+00,4.732694112766963612e-01,3.636222761600741427e-01,3.096026846147779676e-01,1.006192053692295474e+00,1.009288080538443433e+00,1.010864850108213364e+00,4.733001667299239767e-01,3.635861894241006476e-01,3.043930240563561540e-01,1.006087860481127194e+00,1.009131790721690791e+00,1.010681552375900738e+00,4.733261147652050860e-01,3.635557417028470462e-01,1.946002810778021952e-01,1.003892005621556116e+00,1.005838008432334174e+00,1.006822370618541962e+00,4.738745392610814178e-01,3.629118417135697716e-01,4.923081840172176954e-02,1.000984616368034485e+00,1.001476924552051617e+00,1.001723805746104423e+00,4.746053385407975611e-01,3.620527150188997956e-01,6.671184445143867167e-05,1.000001334236888972e+00,1.000002001355333459e+00,1.000002334915890856e+00,4.748537115888031845e-01,3.617604421744235466e-01
1.612663593927589289e+00,3.827511518605847818e-01,4.756449683054954081e-01,9.390801134952557749e-01,3.622483406948350804e-01,3.145854048352395016e-01,3.138009025787925066e-01,1.006276018051575960e+00,1.009414027077363718e+00,1.011012572892195704e+00,4.740643997706194823e-01,3.641110746410860521e-01,3.076629876139261865e-01,1.006153259752278428e+00,1.009229889628417753e+00,1.010796601520671523e+00,4.740950763689362746e-01,3.640749775779456021e-01,3.024859661877302708e-01,1.006049719323754532e+00,1.009074578985631909e+00,1.010614458144492689e+00,4.741209578714160044e-01,3.640445211613396737e-01,1.933810875748737945e-01,1.003867621751497463e+00,1.005801432627246195e+00,1.006779556938629971e+00,4.746679753542319413e-01,3.634004411479678232e-01,4.892238157107182267e-02,1.000978447631421409e+00,1.001467671447132224e+00,1.001713001374813228e+00,4.753968973324220193e-01,3.625410856875212473e-01,6.629388694966586342e-05,1.000001325877738934e+00,1.000001988816608511e+00,1.000002320287361579e+00,4.756446317301822324e-01,3.622487379800791163e-01
1.608038312188907248e+00,3.834299501377751440e-01,4.764369543413866648e-01,9.387826090535819068e-01,3.627365596344270249e-01,3.126032503860409761e-01,3.118236911581456217e-01,1.006236473823162836e+00,1.009354710734744476e+00,1.010942999394845332e+00,4.748604560999974966e-01,3.645997730661398872e-01,3.057244502552968202e-01,1.006114489005105916e+00,1.009171733507658875e+00,1.010728395990780459e+00,4.748910538213358956e-01,3.645636661297682046e-01,3.005800484481163104e-01,1.006011600968962361e+00,1.009017401453443430e+00,1.010547406205341670e+00,4.749168687724346083e-01,3.645332014007318655e-01,1.921626229632426852e-01,1.003843252459264868e+00,1.005764878688897301e+00,1.006736769745812721e+00,4.754624788576913286e-01,3.638889494439970784e-01,4.861412913848590228e-02,1.000972282582769823e+00,1.001458423874154624e+00,1.001702203519912793e+00,4.761895230462579454e-01,3.630293759485276328e-01,6.587617932257246102e-05,1.000001317523586453e+00,1.000001976285379568e+00,1.000002305667578195e+00,4.764366186341814635e-01,3.627369570154482248e-01
1.603421218734094822e+00,3.841099522443958691e-01,4.772300069662588351e-01,9.384837827343655015e-01,3.632246965815262851e-01,3.106222854415275347e-01,3.098476662758379296e-01,1.006196953325516841e+00,1.009295429988275039e+00,1.010873469992543239e+00,4.756575800404607701e-01,3.650883661542435599e-01,3.037870762264328062e-01,1.006075741524528722e+00,1.009113612286792971e+00,1.010660233644229855e+00,4.756880988637463004e-01,3.650522497996441240e-01,2.986752744630072343e-01,1.005973505489260234e+00,1.008960258233890128e+00,1.010480396682078119e+00,4.757138472457218548e-01,3.650217771419995705e-01,1.909448895607082086e-01,1.003818897791214138e+00,1.005728346686821206e+00,1.006694009119879496e+00,4.762580495665962865e-01,3.643773613415078882e-01,4.830606169033088704e-02,1.000966121233806572e+00,1.001449181850709857e+00,1.001691412201840103e+00,4.769832155009139374e-01,3.635175805664789817e-01,6.545872236473424118e-05,1.000001309174447295e+00,1.000001963761670831e+00,1.000002291056568016e+00,4.772296721273655562e-01,3.632250940533748862e-01
1.598812299067171150e+00,3.847911603154042237e-01,4.780241259952355271e-01,9.381836299220344122e-01,3.637127462800960886e-01,3.086425175889450090e-01,3.078728355001945638e-01,1.006157456710003784e+00,1.009236185065005786e+00,1.010803984947358236e+00,4.764557713560704233e-01,3.655768485957672786e-01,3.018508729476235275e-01,1.006037017458952576e+00,1.009055526188428642e+00,1.010592114738016800e+00,4.764862112612238132e-01,3.655407232790059968e-01,2.967716515278316924e-01,1.005935433030556547e+00,1.008903149545834932e+00,1.010413429827419218e+00,4.765118930571735634e-01,3.655102430774713196e-01,1.897278920312815143e-01,1.003794557840625545e+00,1.005691836760938429e+00,1.006651275222999242e+00,4.770546872645595182e-01,3.648656715516150340e-01,4.799818040652845119e-02,1.000959963608130554e+00,1.001439945412195831e+00,1.001680627461825290e+00,4.777779745035284908e-01,3.640056942770829029e-01,6.504151767504297212e-05,1.000001300830353435e+00,1.000001951245530263e+00,1.000002276454387884e+00,4.780237920248471273e-01,3.637131438378113923e-01
1.594211538717818843e+00,3.854735764895436678e-01,4.788193112319249489e-01,9.378821459969347574e-01,3.642007034451703040e-01,3.066639582472421299e-01,3.058992102216879228e-01,1.006117984204433657e+00,1.009176976306650708e+00,1.010734544655803369e+00,4.772550297992556034e-01,3.660652150524787429e-01,2.999158515865448793e-01,1.005998317031730815e+00,1.008997475547596334e+00,1.010524039660938955e+00,4.772853907671952278e-01,3.660290812306780661e-01,2.948691906223481762e-01,1.005897383812446977e+00,1.008846075718670354e+00,1.010346506023655833e+00,4.773110059610581324e-01,3.659985938708618658e-01,1.885116373943878376e-01,1.003770232747887681e+00,1.005655349121831632e+00,1.006608568300033646e+00,4.778523917236070506e-01,3.653538747567053324e-01,4.769048706288304962e-02,1.000953809741257583e+00,1.001430714611886597e+00,1.001669849361967790e+00,4.785737998497071044e-01,3.644937117871686616e-01,6.462456765986107599e-05,1.000001292491353277e+00,1.000001938737029805e+00,1.000002261861121067e+00,4.788189781302236159e-01,3.642011010837803986e-01
1.589618923241338244e+00,3.861572029093507941e-01,4.796155624683570151e-01,9.375793263354572638e-01,3.646885627628168591e-01,3.046866226778584541e-01,3.039268056636992288e-01,1.006078536113274025e+00,1.009117804169910926e+00,1.010665149649189853e+00,4.780553551107511456e-01,3.665534601575811680e-01,2.979820270688102180e-01,1.005959640541376210e+00,1.008939460812064315e+00,1.010456008933945160e+00,4.780856371233951352e-01,3.665173182889118753e-01,2.929679064210177208e-01,1.005859358128420311e+00,1.008789037192630467e+00,1.010279625782993351e+00,4.781111856999535892e-01,3.664868241573064900e-01,1.872961350314979734e-01,1.003745922700630011e+00,1.005618884050945017e+00,1.006565888678761844e+00,4.786511627041154515e-01,3.658419656104469064e-01,4.738298403275962439e-02,1.000947659680655244e+00,1.001421489520982755e+00,1.001659077985299184e+00,4.793706913234588307e-01,3.649816277746621429e-01,6.420787553529499754e-05,1.000001284157510772e+00,1.000001926236266048e+00,1.000002247276880585e+00,4.796152302355140007e-01,3.646889604773388971e-01
1.585034438218600350e+00,3.868420417211618778e-01,4.804128794849197304e-01,9.372751663101627218e-01,3.651763188901023804e-01,3.027105299912843384e-01,3.019556408890616828e-01,1.006039112817781245e+00,1.009058669226671867e+00,1.010595800593836691e+00,4.788567470195350118e-01,3.670415785157519761e-01,2.960494180843856737e-01,1.005920988361687751e+00,1.008881482542531627e+00,1.010388023210338160e+00,4.788869500598038620e-01,3.670054290594240154e-01,2.910678172993118595e-01,1.005821356345986128e+00,1.008732034518979415e+00,1.010212789747755968e+00,4.789124320046856398e-01,3.669749285433979713e-01,1.860813966901607719e-01,1.003721627933803262e+00,1.005582441900704893e+00,1.006523236770013874e+00,4.794509999547490464e-01,3.663299387378000649e-01,4.707567428810374710e-02,1.000941513485761991e+00,1.001412270228643209e+00,1.001648313435816506e+00,4.801686486971333268e-01,3.654694368885622047e-01,6.379144532857762963e-05,1.000001275828906522e+00,1.000001913743359783e+00,1.000002232701807214e+00,4.804125481210955173e-01,3.651767166755426341e-01
1.580458069256003295e+00,3.875280950751195941e-01,4.812112620502962401e-01,9.369696612899103272e-01,3.656639664550588309e-01,3.007357031493482769e-01,2.999857388023424165e-01,1.005999714776046883e+00,1.008999572164070324e+00,1.010526498291127284e+00,4.796592052427663400e-01,3.675295647031838198e-01,2.941180470898271948e-01,1.005882360941796616e+00,1.008823541412694924e+00,1.010320083275831227e+00,4.796893292945847986e-01,3.674934081194356494e-01,2.891689453359117534e-01,1.005783378906718317e+00,1.008675068360077365e+00,1.010145998690441083e+00,4.797147445942648858e-01,3.674629016072242793e-01,1.848674364854091812e-01,1.003697348729708283e+00,1.005546023094562313e+00,1.006480613067711305e+00,4.802519032123973020e-01,3.668177887350290156e-01,4.676856139979734123e-02,1.000935371227996029e+00,1.001403056841993822e+00,1.001637555838493565e+00,4.809676717313577377e-01,3.659571337489186393e-01,6.337528187855030889e-05,1.000001267505637559e+00,1.000001901258456449e+00,1.000002218136070820e+00,4.812109315556403200e-01,3.656643643064126925e-01
1.575889801985427496e+00,3.882153651251798454e-01,4.820107099214008817e-01,9.366628066399865782e-01,3.661515000566500921e-01,2.987621689631969613e-01,2.980171261478273825e-01,1.005960342522956630e+00,1.008940513784434723e+00,1.010457243677417072e+00,4.804627294857228836e-01,3.680174132676266585e-01,2.921879403063051273e-01,1.005843758806126198e+00,1.008765638209189186e+00,1.010252190048458898e+00,4.804927745340225043e-01,3.679812500177128687e-01,2.872713163107663004e-01,1.005745426326215330e+00,1.008618139489322996e+00,1.010079253513629371e+00,4.805181231758251514e-01,3.679507378984083199e-01,1.836542708985186567e-01,1.003673085417970290e+00,1.005509628126955546e+00,1.006438018148813951e+00,4.810538722021119318e-01,3.673055101697157432e-01,4.646164953734454456e-02,1.000929232990746875e+00,1.001393849486120313e+00,1.001626805339270287e+00,4.817677601749730254e-01,3.664447129468108577e-01,6.295939083523717148e-05,1.000001259187816682e+00,1.000001888781725023e+00,1.000002203579868354e+00,4.820103802960517547e-01,3.661518979689023512e-01
1.571329622064188580e+00,3.889038540291186452e-01,4.828112228433158459e-01,9.363545977222359484e-01,3.666389142647406563e-01,2.967899580869372556e-01,2.960498335031793160e-01,1.005920996670063516e+00,1.008881495005095275e+00,1.010388037823786389e+00,4.812673194417393385e-01,3.685051187284318353e-01,2.902591277133860781e-01,1.005805182554267763e+00,1.008707773831401644e+00,1.010184344578334947e+00,4.812972854724603122e-01,3.684689492746094364e-01,2.853749596989780812e-01,1.005707499193979615e+00,1.008561248790969422e+00,1.010012555249751198e+00,4.813225674445608115e-01,3.684384319381490136e-01,1.824419187730987046e-01,1.003648838375462038e+00,1.005473257563193057e+00,1.006395452673176427e+00,4.818569066370445575e-01,3.677930975807746639e-01,4.615494346788297231e-02,1.000923098869357597e+00,1.001384648304036507e+00,1.001616062105017857e+00,4.825689137649709082e-01,3.669321690443282935e-01,6.254377865850525538e-05,1.000001250875573122e+00,1.000001876313359794e+00,1.000002189033426525e+00,4.828108940874010768e-01,3.666393122328657217e-01
1.566777515174994306e+00,3.895935639485385571e-01,4.836128005492276727e-01,9.360450298951932258e-01,3.671262036200657608e-01,2.948191050069250974e-01,2.940838952687532259e-01,1.005881677905374971e+00,1.008822516858062679e+00,1.010318881935643232e+00,4.820729747921448927e-01,3.689926755765967625e-01,2.883316430385575724e-01,1.005766632860771059e+00,1.008649949291156700e+00,1.010116548047262697e+00,4.821028617922386017e-01,3.689565003821101974e-01,2.834799086605048757e-01,1.005669598173210000e+00,1.008504397259815111e+00,1.009945905060701810e+00,4.821280770836650076e-01,3.689259782192633175e-01,1.812304013085085930e-01,1.003624608026170151e+00,1.005436912039255226e+00,1.006352917383305234e+00,4.826610062183838701e-01,3.682805454784691679e-01,4.584844855451794543e-02,1.000916968971090393e+00,1.001375453456635478e+00,1.001605326323478540e+00,4.833711322264306887e-01,3.674194965745518626e-01,6.212845261580739480e-05,1.000001242569052318e+00,1.000001863853578365e+00,1.000002174496999352e+00,4.836124726628638348e-01,3.671266016390274389e-01
1.562233467025897493e+00,3.902844970488759113e-01,4.844154427603633017e-01,9.357340985142161838e-01,3.676133626342018568e-01,2.928496480266837843e-01,2.921193496525524291e-01,1.005842386993051063e+00,1.008763580489576484e+00,1.010249777352171696e+00,4.828796952062015535e-01,3.694800782748118295e-01,2.864055237424780742e-01,1.005728110474849668e+00,1.008592165712274280e+00,1.010048801768195892e+00,4.829095031636326252e-01,3.694438978038761534e-01,2.815862000256574849e-01,1.005631724000513039e+00,1.008447586000769780e+00,1.009879304237311537e+00,4.829346517642677528e-01,3.694133712062306896e-01,1.800197420505863788e-01,1.003600394841011711e+00,1.005400592261517678e+00,1.006310413104029022e+00,4.834661706352930688e-01,3.687678483444286615e-01,4.554217075397714448e-02,1.000910843415079521e+00,1.001366265122619392e+00,1.001594598203184416e+00,4.841744152724555272e-01,3.679066900415369212e-01,6.171342077900386787e-05,1.000001234268415473e+00,1.000001851402623432e+00,1.000002159970869720e+00,4.844151157436559774e-01,3.676137606989539064e-01
1.557697463350254274e+00,3.909766554994071885e-01,4.852191491859266237e-01,9.354217989316205850e-01,3.681003857895391862e-01,2.908816292474527554e-01,2.901562386508256819e-01,1.005803124773016588e+00,1.008704687159524660e+00,1.010180725545627212e+00,4.836874803410425305e-01,3.699673212575075865e-01,2.844808109999538148e-01,1.005689616219999083e+00,1.008534424329998513e+00,1.009981107184546589e+00,4.837172092447906691e-01,3.699311359752907036e-01,2.796938742763968588e-01,1.005593877485527976e+00,1.008390816228291964e+00,1.009812754198666340e+00,4.837422911453737595e-01,3.699006053352374424e-01,1.788099668796918618e-01,1.003576199337593788e+00,1.005364299006390683e+00,1.006267940742065603e+00,4.842723995648473556e-01,3.692550006316681621e-01,4.523611661358559882e-02,1.000904722332271790e+00,1.001357083498407574e+00,1.001583877973349468e+00,4.849787626041089927e-01,3.683937439202971675e-01,6.129869202026348913e-05,1.000001225973840446e+00,1.000001838960760558e+00,1.000002145455348046e+00,4.852188230389703483e-01,3.681007838950254296e-01
1.553169489906676137e+00,3.916700414732561253e-01,4.860239195230345866e-01,9.351081264968162943e-01,3.685872675392555253e-01,2.889150945443643148e-01,2.881946080243035779e-01,1.005763892160486117e+00,1.008645838240729065e+00,1.010111728120478780e+00,4.844963298416100628e-01,3.704543989309042051e-01,2.825575496766399297e-01,1.005651150993532861e+00,1.008476726490299180e+00,1.009913465869346050e+00,4.845259796816725473e-01,3.704182093035069401e-01,2.778029755234271980e-01,1.005556059510468447e+00,1.008334089265702893e+00,1.009746256491282690e+00,4.845509948738009331e-01,3.703876750142233720e-01,1.776011039960620763e-01,1.003552022079921224e+00,1.005328033119881947e+00,1.006225501285504365e+00,4.850796926719715407e-01,3.697419967646077277e-01,4.493029326756090014e-02,1.000898605865351287e+00,1.001347908798026820e+00,1.001573165883740790e+00,4.857841739103520018e-01,3.688806526567900979e-01,6.088427600704310284e-05,1.000001217685520194e+00,1.000001826528280180e+00,1.000002130950772283e+00,4.860235942459127378e-01,3.685876656804098483e-01
1.548649532478986846e+00,3.923646571474003752e-01,4.868297534566531359e-01,9.347930765564442801e-01,3.690740023072905940e-01,2.869500935382647278e-01,2.862345072700895332e-01,1.005724690145401778e+00,1.008587035218102779e+00,1.010042786812398674e+00,4.853062433405944676e-01,3.709413056730613278e-01,2.806357883014813925e-01,1.005612715766029730e+00,1.008419073649044373e+00,1.009845879524254419e+00,4.853358141079877619e-01,3.709051121674964424e-01,2.759135514791006827e-01,1.005518271029582023e+00,1.008277406544372923e+00,1.009679812788135456e+00,4.853607625841186435e-01,3.708745746229286655e-01,1.763931839024891479e-01,1.003527863678049803e+00,1.005291795517074593e+00,1.006183095803185212e+00,4.858880496093774259e-01,3.702288311390937170e-01,4.462470843263096482e-02,1.000892494168652558e+00,1.001338741252978837e+00,1.001562462204522719e+00,4.865906488679789255e-01,3.693674106679036284e-01,6.047018319614943485e-05,1.000001209403663882e+00,1.000001814105495823e+00,1.000002116457508805e+00,4.868294290494381560e-01,3.690744004790376120e-01
1.544137576876178475e+00,3.930605047026783927e-01,4.876366506595337103e-01,9.344766444545160589e-01,3.695605844883230739e-01,2.849866795631972316e-01,2.842759895892241762e-01,1.005685519791784444e+00,1.008528279687676665e+00,1.009973903487099811e+00,4.861172204583720791e-01,3.714280358339290267e-01,2.787155790349117312e-01,1.005574311580698321e+00,1.008361467371047260e+00,1.009778349978421197e+00,4.861467121451339968e-01,3.713918389180988489e-01,2.740256534261511501e-01,1.005480513068522930e+00,1.008220769602784506e+00,1.009613424887535915e+00,4.861715938985862184e-01,3.713612985129429167e-01,1.751862393843316157e-01,1.003503724787686568e+00,1.005255587181529853e+00,1.006140725443992467e+00,4.866974700175015212e-01,3.707154981224217716e-01,4.431937040297719010e-02,1.000886387408059575e+00,1.001329581112089251e+00,1.001551767226082079e+00,4.873981871415541400e-01,3.698540123414441605e-01,6.005642482688659605e-05,1.000001201128496442e+00,1.000001801692744774e+00,1.000002101975950852e+00,4.876363271222869389e-01,3.695609826855780766e-01
1.539633608932364339e+00,3.937575863237963714e-01,4.884446107921488478e-01,9.341588255325536938e-01,3.700470084477475718e-01,2.830249096295736067e-01,2.823191118499487340e-01,1.005646382236998981e+00,1.008469573355498472e+00,1.009905080139023026e+00,4.869292608029442970e-01,3.719145837354000395e-01,2.767969776328348397e-01,1.005535939552656632e+00,1.008303909328984949e+00,1.009710879187197152e+00,4.869586734021358887e-01,3.718783838780724826e-01,2.721393361822823098e-01,1.005442786723645732e+00,1.008164180085468375e+00,1.009547094711869208e+00,4.869834884270913822e-01,3.718478410077540319e-01,1.739803054868753474e-01,1.003479606109737521e+00,1.005219409164606281e+00,1.006098391436049955e+00,4.875079535244425388e-01,3.712019920533596307e-01,4.401428804450713272e-02,1.000880285760890054e+00,1.001320428641335303e+00,1.001541081258823462e+00,4.882067883833485222e-01,3.703404520361256447e-01,5.964301291329507859e-05,1.000001192860258348e+00,1.000001789290387411e+00,1.000002087506519199e+00,4.884442881249204671e-01,3.700474066654166339e-01
1.535137614506736803e+00,3.944559041993349613e-01,4.892536335026286265e-01,9.338396151297312375e-01,3.705332685216539690e-01,2.810648443830716103e-01,2.803639345467048849e-01,1.005607278690934026e+00,1.008410918036401149e+00,1.009836318889872908e+00,4.877423639698760804e-01,3.724009436713625609e-01,2.748800434064270215e-01,1.005497600868128449e+00,1.008246401302192785e+00,1.009643469230703916e+00,4.877716974755835211e-01,3.723647413421456998e-01,2.702546580606457471e-01,1.005405093161212848e+00,1.008107639741819384e+00,1.009480824306183688e+00,4.877964457670889153e-01,3.723341964027984674e-01,1.727754194900669726e-01,1.003455508389801354e+00,1.005183262584701920e+00,1.006056095085826385e+00,4.883194997458993325e-01,3.716883072421723333e-01,4.370947078846250389e-02,1.000874189415769333e+00,1.001311284123653778e+00,1.001530404632947180e+00,4.890164522332760555e-01,3.708267240815603660e-01,5.922996023549005796e-05,1.000001184599204729e+00,1.000001776898806982e+00,1.000002073049660600e+00,4.892533117054575498e-01,3.705336667546344498e-01
1.530649579483522427e+00,3.951554605217562077e-01,4.900637184266961044e-01,9.335190085830181728e-01,3.710193590168075484e-01,2.791065480592990755e-01,2.784105217549118216e-01,1.005568210435098253e+00,1.008352315652647269e+00,1.009767621987009090e+00,4.885565295422349963e-01,3.728871099077541995e-01,2.729648391777986238e-01,1.005459296783556056e+00,1.008188945175333862e+00,1.009576122312251245e+00,4.885857839495714172e-01,3.728509055770694580e-01,2.683716808262490705e-01,1.005367433616525030e+00,1.008051150424787545e+00,1.009414615836639495e+00,4.886104655035395927e-01,3.728203589655128547e-01,1.715716208806453147e-01,1.003431432417613012e+00,1.005147148626419407e+00,1.006013837777150366e+00,4.891321082851084467e-01,3.721744379706475869e-01,4.340492862436876736e-02,1.000868098572487375e+00,1.001302147858731173e+00,1.001519737698201684e+00,4.898271783188298811e-01,3.713128227782503954e-01,5.881728033010755934e-05,1.000001176345606702e+00,1.000001764518409830e+00,1.000002058605849342e+00,4.900633974996102538e-01,3.710197572599885918e-01
1.526169489771937560e+00,3.958562574874103235e-01,4.908748651876037594e-01,9.331970012273230752e-01,3.715052742106310091e-01,2.771500884342784632e-01,2.764589410815745385e-01,1.005529178821631398e+00,1.008293768232447318e+00,1.009698991801686319e+00,4.893717570905302128e-01,3.733730766826167669e-01,2.710514312315682184e-01,1.005421028624631452e+00,1.008131542936947067e+00,1.009508840756616843e+00,4.894009323956373114e-01,3.733368708216705523e-01,2.664904696483446633e-01,1.005329809392966789e+00,1.007994714089450294e+00,1.009348471588815910e+00,4.894255472088488435e-01,3.733063229353856816e-01,1.703689513217032381e-01,1.003407379026433954e+00,1.005111068539651153e+00,1.005971620970131930e+00,4.899457787327820002e-01,3.726603784921223017e-01,4.310067209233485463e-02,1.000862013441846665e+00,1.001293020162770109e+00,1.001509080823612230e+00,4.906389662550189046e-01,3.717987423975812056e-01,5.840498747986985864e-05,1.000001168099749593e+00,1.000001752149624501e+00,1.000002044175585247e+00,4.908745451306198437e-01,3.715056724588932657e-01
1.521697331306142154e+00,3.965582972965429054e-01,4.916870733960690965e-01,9.328735883956404962e-01,3.719910083511874799e-01,2.751955367708057709e-01,2.745092636117763552e-01,1.005490185272235548e+00,1.008235277908353211e+00,1.009630430827154868e+00,4.901880461726513816e-01,3.738588382061509008e-01,2.691398892624017325e-01,1.005382797785248083e+00,1.008074196677872125e+00,1.009441627008181630e+00,4.902171423727012534e-01,3.738226312869052381e-01,2.646110930488516644e-01,1.005292221860976998e+00,1.007938332791465497e+00,1.009282393965879265e+00,4.902416904428059108e-01,3.737920825240098610e-01,1.691674546197135531e-01,1.003383349092394239e+00,1.005075023638591469e+00,1.005929446200000577e+00,4.907605106670454576e-01,3.731461230315105682e-01,4.279671227471119888e-02,1.000855934245494128e+00,1.001283901368241303e+00,1.001498434397189330e+00,4.914518156443042907e-01,3.722844771818156206e-01,5.799309670228148232e-05,1.000001159861934052e+00,1.000001739792901079e+00,1.000002029759393452e+00,4.916867542091925558e-01,3.719914065994039953e-01
1.517233090045199795e+00,3.972615821533014291e-01,4.925003426502102544e-01,9.325487654191975118e-01,3.724765556571651426e-01,2.732429677607584595e-01,2.725615638511306726e-01,1.005451231277022517e+00,1.008176846915533886e+00,1.009561941676616170e+00,4.910053963338081862e-01,3.743443886607726312e-01,2.672302863185901933e-01,1.005344605726371743e+00,1.008016908589557614e+00,1.009374483628928454e+00,4.910344134270049343e-01,3.743081811559139660e-01,2.627336228468831192e-01,1.005254672456937559e+00,1.007882008685406561e+00,1.009216385486613188e+00,4.910588947525229009e-01,3.742776319151364661e-01,1.679671766890648010e-01,1.003359343533781312e+00,1.005039015300671856e+00,1.005887315075850719e+00,4.915763036533758457e-01,3.736316657853321344e-01,4.249306078711782148e-02,1.000849861215742376e+00,1.001274791823613564e+00,1.001487798825613673e+00,4.922657260765355147e-01,3.727700213440898747e-01,5.758162373747152657e-05,1.000001151632474716e+00,1.000001727448712074e+00,1.000002015357825513e+00,4.925000243334354821e-01,3.724769539002013574e-01
1.512776751973029299e+00,3.979661142657425210e-01,4.933146725354823903e-01,9.322225276276024930e-01,3.729619103178632988e-01,2.712924594634145148e-01,2.706159196642539122e-01,1.005412318393285043e+00,1.008118477589927675e+00,1.009493527081041675e+00,4.918238071064695571e-01,3.748297222011698904e-01,2.653226987417257043e-01,1.005306453974834424e+00,1.007959680962251747e+00,1.009307413296300471e+00,4.918527450920505695e-01,3.747935145840762816e-01,2.608581340994370334e-01,1.005217162681988796e+00,1.007825744022983194e+00,1.009150448783318055e+00,4.918771596723739981e-01,3.747629652647282428e-01,1.667681655141447783e-01,1.003335363310282835e+00,1.005003044965424364e+00,1.005845229279303865e+00,4.923931572445394145e-01,3.741170009217418824e-01,4.218972976885211612e-02,1.000843794595376979e+00,1.001265691893065579e+00,1.001477174533899062e+00,4.930806971288869134e-01,3.732553690684107250e-01,5.717058503519534051e-05,1.000001143411700655e+00,1.000001715117551093e+00,1.000002000971456750e+00,4.933143550887924000e-01,3.729623085505774926e-01
1.508328303098364298e+00,3.986718958458385087e-01,4.941300626246128425e-01,9.318948703489955410e-01,3.734470664931798800e-01,2.693440932398752929e-01,2.686724122093519518e-01,1.005373448244186951e+00,1.008060172366280538e+00,1.009425189886852037e+00,4.926432780103029985e-01,3.753148329543586903e-01,2.634172061025675249e-01,1.005268344122051349e+00,1.007902516183077024e+00,1.009240418800931183e+00,4.926721368885408903e-01,3.752786256990667813e-01,2.589847050383415894e-01,1.005179694100766907e+00,1.007769541151150250e+00,1.009084586599575228e+00,4.926964847239347356e-01,3.752480767010142881e-01,1.655704711090292824e-01,1.003311409422180667e+00,1.004967114133270778e+00,1.005803190563086869e+00,4.932110709805297422e-01,3.746021225805598598e-01,4.188673187269067316e-02,1.000837734637453735e+00,1.001256601956180825e+00,1.001466561965036028e+00,4.938967283657941243e-01,3.737405145096534542e-01,5.675999774101522425e-05,1.000001135199954927e+00,1.000001702799932168e+00,1.000001986600887571e+00,4.941297460479794901e-01,3.734474647104236711e-01
1.503887729454706168e+00,3.993789291094848037e-01,4.949465124775374592e-01,9.315657889101992550e-01,3.739320183136005671e-01,2.673979536836700865e-01,2.667311258689976095e-01,1.005334622517380039e+00,1.008001933776069947e+00,1.009356933053467298e+00,4.934638085521145245e-01,3.757997150197414649e-01,2.615138911331736926e-01,1.005230277822663387e+00,1.007845416733995192e+00,1.009173503044237696e+00,4.934925883243181932e-01,3.757635086009107894e-01,2.571134170035289102e-01,1.005142268340070588e+00,1.007713402510105771e+00,1.009018801787884501e+00,4.935168694159216551e-01,3.757329603245450622e-01,1.643741454748233466e-01,1.003287482909496431e+00,1.004931224364244757e+00,1.005761200749528905e+00,4.940300443885062287e-01,3.750870248733030876e-01,4.158408025409732894e-02,1.000831681605081958e+00,1.001247522407622936e+00,1.001455961579612808e+00,4.947138193388901928e-01,3.742254517935620362e-01,5.634987968167641862e-05,1.000001126997593692e+00,1.000001690496390427e+00,1.000001972246741477e+00,4.949461967709212762e-01,3.739324165102191344e-01
1.499455017100282284e+00,4.000872162765065632e-01,4.957640216413357059e-01,9.312352786368727209e-01,3.744167598801890762e-01,2.654541285476458290e-01,2.647921481772028129e-01,1.005295842963544128e+00,1.007943764445316193e+00,1.009288759650722955e+00,4.942853982257880974e-01,3.762843624691644684e-01,2.596128396553993856e-01,1.005192256793107974e+00,1.007788385189662073e+00,1.009106669035893189e+00,4.943140988943040548e-01,3.762481573620411468e-01,2.552443543727363484e-01,1.005104887087454824e+00,1.007657330631182013e+00,1.008953097307177638e+00,4.943383132441317995e-01,3.762176102082477325e-01,1.631792425547192726e-01,1.003263584851094459e+00,1.004895377276641577e+00,1.005719261728975411e+00,4.948500769827317569e-01,3.755717018832168130e-01,4.128178855985351753e-02,1.000825635771197097e+00,1.001238453656795535e+00,1.001445373855414767e+00,4.955319695869421781e-01,3.747101750167495249e-01,5.594024934970027383e-05,1.000001118804987099e+00,1.000001678207480538e+00,1.000001957909666173e+00,4.957637068046860107e-01,3.744171580510215480e-01
1.495030152118001165e+00,4.007967595706657393e-01,4.965825896501669390e-01,9.309033348536652763e-01,3.749012852645794425e-01,2.635127086672374164e-01,2.628555697428802129e-01,1.005257111394857628e+00,1.007885667092286441e+00,1.009220672856164125e+00,4.951080465122255081e-01,3.767687693469756183e-01,2.577141405058556711e-01,1.005154282810117206e+00,1.007731424215175586e+00,1.009039919891169923e+00,4.951366680804393239e-01,3.767325660273547205e-01,2.533776044877282807e-01,1.005067552089754512e+00,1.007601328134631880e+00,1.008887476220207136e+00,4.951608156913823722e-01,3.767020203974816850e-01,1.619858181868294444e-01,1.003239716363736544e+00,1.004859574545604817e+00,1.005677375458126965e+00,4.956711682645114636e-01,3.760561476653080937e-01,4.097987091612573934e-02,1.000819597418322493e+00,1.001229396127483851e+00,1.001434799287010513e+00,4.963511786357872602e-01,3.751946782467009411e-01,5.553112588721466835e-05,1.000001110622517730e+00,1.000001665933776707e+00,1.000001943590331122e+00,4.965822756834217255e-01,3.749016834044593960e-01
1.490613120615409404e+00,4.015075612196680743e-01,4.974022160252056790e-01,9.305699528843722756e-01,3.753855885089691924e-01,2.615737878802307237e-01,2.609214841698062060e-01,1.005218429683396142e+00,1.007827644525094213e+00,1.009152675952213807e+00,4.959317528792866470e-01,3.772529296700833368e-01,2.558178854574383876e-01,1.005116357709148867e+00,1.007674536563723189e+00,1.008973258828166353e+00,4.959602953516239476e-01,3.772167286142697473e-01,2.515132575771448775e-01,1.005030265151542812e+00,1.007545397727314329e+00,1.008821941690821289e+00,4.959843762274506740e-01,3.771861849100949238e-01,1.607939300548633099e-01,1.003215878601097177e+00,1.004823817901645988e+00,1.005635543958302902e+00,4.964933177221306781e-01,3.765403562463784937e-01,4.067834191598759114e-02,1.000813566838319790e+00,1.001220350257479685e+00,1.001424238385310028e+00,4.971714459982694567e-01,3.756789555217767140e-01,5.512252906904536776e-05,1.000001102450581492e+00,1.000001653675872015e+00,1.000001929289428881e+00,4.974019029282917281e-01,3.753859866127249867e-01
1.486203908724648137e+00,4.022196234551700944e-01,4.982229002745777735e-01,9.302351280520925192e-01,3.758696636261149027e-01,2.596374629431303371e-01,2.589899879731973331e-01,1.005179799759464032e+00,1.007769699639195826e+00,1.009084772323223245e+00,4.967565167817292737e-01,3.777368374280146157e-01,2.539241691375357934e-01,1.005078483382750631e+00,1.007617725074126058e+00,1.008906689164915216e+00,4.967849801636569085e-01,3.777006391127831209e-01,2.496514066760868455e-01,1.004993028133521760e+00,1.007489542200282528e+00,1.008756496981119577e+00,4.968089943090138738e-01,3.776700977364796374e-01,1.596036376367171716e-01,1.003192072752734365e+00,1.004788109129101548e+00,1.005593769313629204e+00,4.973165248307935826e-01,3.770243216250588891e-01,4.037721660641380161e-02,1.000807544332128263e+00,1.001211316498192394e+00,1.001413691677110807e+00,4.979927711741755081e-01,3.761630008512175660e-01,5.471447928509184412e-05,1.000001094289585613e+00,1.000001641434378641e+00,1.000001915007673103e+00,4.982225880474104862e-01,3.758700616885701784e-01
1.481802502602409088e+00,4.029329485127860488e-01,4.990446418932953931e-01,9.298988556793869042e-01,3.763535045993284256e-01,2.577038334442550704e-01,2.570611804930225119e-01,1.005141223609860468e+00,1.007711835414790702e+00,1.009016965452410819e+00,4.975823376611495097e-01,3.782204865829739693e-01,2.520330889430367760e-01,1.005040661778860756e+00,1.007560992668291133e+00,1.008840214316383044e+00,4.976107219591763831e-01,3.781842914855274018e-01,2.477921475425529374e-01,1.004955842950851164e+00,1.007433764426276523e+00,1.008691145448504578e+00,4.976346693795892784e-01,3.781537528396294312e-01,1.584150021510524753e-01,1.003168300043021155e+00,1.004752450064531510e+00,1.005552053669158674e+00,4.981407890525614834e-01,3.775080377718438851e-01,4.007651047476538941e-02,1.000801530209495249e+00,1.001202295314242985e+00,1.001403159704624235e+00,4.988151536501717054e-01,3.766468082151510632e-01,5.430699752201350211e-05,1.000001086139950424e+00,1.000001629209925635e+00,1.000001900745798089e+00,4.990443305357789017e-01,3.763539026153025491e-01
1.477408888429891043e+00,4.036475386320950154e-01,4.998674403631933605e-01,9.295611310884385192e-01,3.768371053824753347e-01,2.557730017136835010e-01,2.551351638041730596e-01,1.005102703276083531e+00,1.007654054914125297e+00,1.008949258918689029e+00,4.984092149459219412e-01,3.787038710699018873e-01,2.501447449522577471e-01,1.005002894899045263e+00,1.007504342348567672e+00,1.008773837791357320e+00,4.984375201676001232e-01,3.786676796678287715e-01,2.459355785708494946e-01,1.004918711571417100e+00,1.007378067357125540e+00,1.008625890542621750e+00,4.984614008694744358e-01,3.786371441551953376e-01,1.572280865019378693e-01,1.003144561730038742e+00,1.004716842595058113e+00,1.005510399228923157e+00,4.989661098362917491e-01,3.779914986291275647e-01,3.977623943478491436e-02,1.000795524788695712e+00,1.001193287183043568e+00,1.001392643024984430e+00,4.996385928997401638e-01,3.771303715645990540e-01,5.390010534425217686e-05,1.000001078002106913e+00,1.000001617003160259e+00,1.000001886504558568e+00,4.998671298752204173e-01,3.768375033467837865e-01
1.473023052412756329e+00,4.043633960566480057e-01,5.006912951528642575e-01,9.292219496012144031e-01,3.773204598999746473e-01,2.538450727301856946e-01,2.532120426236266209e-01,1.005064240852472590e+00,1.007596361278708885e+00,1.008881656393385784e+00,4.992371480511404447e-01,3.791869847965340101e-01,2.482592398339224515e-01,1.004965184796678512e+00,1.007447777195017657e+00,1.008707563189236156e+00,4.992653742050656707e-01,3.791507975677646525e-01,2.440818007021016145e-01,1.004881636014042012e+00,1.007322454021063018e+00,1.008560735802203512e+00,4.992891881956874056e-01,3.791202655915423270e-01,1.560429552216383575e-01,1.003120859104432716e+00,1.004681288656649185e+00,1.005468808253919821e+00,4.997924866175759706e-01,3.784746981112396269e-01,3.947641981212312440e-02,1.000789528396242467e+00,1.001184292594363701e+00,1.001382142209740644e+00,5.004630883831150401e-01,3.776136848214868835e-01,5.349382487441942487e-05,1.000001069876497395e+00,1.000001604814746203e+00,1.000001872284728810e+00,5.006909855343163462e-01,3.773208578074296327e-01
1.468644980781087739e+00,4.050805230339749041e-01,5.015162057175948096e-01,9.288813065396280821e-01,3.778035620468004341e-01,2.519201540252753446e-01,2.512919242147385046e-01,1.005025838484294720e+00,1.007538757726442080e+00,1.008814161636868212e+00,5.000661363785585678e-01,3.796698216434592488e-01,2.463766787533255287e-01,1.004927533575066478e+00,1.007391300362599829e+00,1.008641394196716501e+00,5.000942834743712373e-01,3.796336390662210514e-01,2.422309173319955045e-01,1.004844618346639962e+00,1.007266927519959943e+00,1.008495684851813401e+00,5.001180307619075283e-01,3.796031110298067057e-01,1.548596744116346735e-01,1.003097193488232675e+00,1.004645790232349123e+00,1.005427283060034815e+00,5.006199188186790661e-01,3.789576301044821904e-01,3.917706832941768996e-02,1.000783541366588425e+00,1.001175312049882526e+00,1.001371657844334573e+00,5.012886395472192502e-01,3.780967418786535528e-01,5.308817877307706154e-05,1.000001061763575505e+00,1.000001592645363147e+00,1.000001858087102624e+00,5.015158969683419787e-01,3.778039598922113274e-01
1.464274659789348121e+00,4.057989218155910738e-01,5.023421714993004938e-01,9.285391972257049931e-01,3.782864056884847059e-01,2.499983555845246841e-01,2.493749182888026772e-01,1.004987498365776055e+00,1.007481247548664083e+00,1.008746778495069663e+00,5.008961793165302989e-01,3.801523754641789044e-01,2.444971692758187709e-01,1.004889943385516293e+00,1.007334915078274662e+00,1.008575334584388861e+00,5.009242473649158089e-01,3.801161980169502352e-01,2.403830342158891076e-01,1.004807660684317705e+00,1.007211491026476669e+00,1.008430741398497643e+00,5.009479279584153621e-01,3.800856743239516278e-01,1.536783116819596950e-01,1.003073566233639191e+00,1.004610349350458787e+00,1.005385826015912976e+00,5.014484058484779405e-01,3.794402884671668197e-01,3.887820209094634133e-02,1.000777564041818835e+00,1.001166346062728474e+00,1.001361190527562339e+00,5.021152458256007423e-01,3.785795365998636530e-01,5.268319021794083532e-05,1.000001053663804429e+00,1.000001580495706532e+00,1.000001843912490473e+00,5.023418636192016340e-01,3.782868034666584944e-01
1.459912075716330637e+00,4.065185946570054609e-01,5.031691919264624779e-01,9.281956169817471292e-01,3.787689846611222988e-01,2.480797897462851120e-01,2.474611369040250475e-01,1.004949222738080516e+00,1.007423834107120664e+00,1.008679510895924114e+00,5.017272762399510588e-01,3.806346400851650658e-01,2.426208212677605225e-01,1.004852416425355166e+00,1.007278624638032749e+00,1.008509388203245427e+00,5.017552652526405810e-01,3.805984682466281854e-01,2.385382593714279742e-01,1.004770765187428472e+00,1.007156147781142819e+00,1.008365909228355228e+00,5.017788791620341193e-01,3.805679493008247705e-01,1.524989360889404399e-01,1.003049978721778812e+00,1.004574968082668107e+00,1.005344439540765356e+00,5.022779471024003684e-01,3.799226670296528829e-01,3.857983856687650231e-02,1.000771596771337535e+00,1.001157395157006302e+00,1.001350740871023826e+00,5.029429066383690472e-01,3.790620628198205222e-01,5.227888288253740653e-05,1.000001045577657566e+00,1.000001568366486460e+00,1.000001829761720806e+00,5.031688849153647114e-01,3.787693823668638049e-01
1.455557214865121907e+00,4.072395438177268123e-01,5.039972664140619507e-01,9.278505611305016831e-01,3.792512927713768689e-01,2.461645710979714907e-01,2.455506943620663352e-01,1.004911013887241245e+00,1.007366520830861978e+00,1.008612362845722865e+00,5.025594265101986924e-01,3.811166093059189519e-01,2.407477467950821515e-01,1.004814954935901561e+00,1.007222432403852563e+00,1.008443558981104049e+00,5.025873364999694504e-01,3.810804435549119962e-01,2.366967029788187293e-01,1.004733934059576450e+00,1.007100901089364564e+00,1.008301192203018948e+00,5.026108837360699910e-01,3.810499297602143454e-01,1.513216180714419823e-01,1.003026432361428855e+00,1.004539648542143171e+00,1.005303126102129019e+00,5.031085419623639865e-01,3.804047595943854665e-01,3.828199557713607426e-02,1.000765639911542770e+00,1.001148459867314156e+00,1.001340309498555348e+00,5.037716213921318298e-01,3.795443143441801781e-01,5.187528091434790220e-05,1.000001037505618307e+00,1.000001556258427460e+00,1.000001815635639391e+00,5.039969602718016306e-01,3.792516903994900823e-01
1.451210063563055375e+00,4.079617715612711137e-01,5.048263943635172835e-01,9.275040249953289129e-01,3.797333237964896635e-01,2.442528163700554977e-01,2.436437071022997669e-01,1.004872874142046069e+00,1.007309311213069103e+00,1.008545338425383742e+00,5.033926294750745711e-01,3.815982768990288654e-01,2.388780600196142023e-01,1.004777561200392189e+00,1.007166341800588505e+00,1.008377850918954044e+00,5.034204604557498408e-01,3.815621177144967180e-01,2.348584772788994968e-01,1.004697169545577973e+00,1.007045754318367070e+00,1.008236594256066487e+00,5.034439410302530282e-01,3.815316094749049425e-01,1.501464293857036059e-01,1.003002928587714004e+00,1.004504392881571118e+00,1.005261888213576649e+00,5.039401897967152877e-01,3.808865599359346765e-01,3.798469127492792863e-02,1.000759693825498564e+00,1.001139540738247735e+00,1.001329897045653894e+00,5.046013894799314947e-01,3.800262849495681938e-01,5.147240891246869602e-05,1.000001029448178258e+00,1.000001544172267387e+00,1.000001801535106871e+00,5.048260890899189945e-01,3.797337213417774637e-01
1.446870608161669569e+00,4.086852801551686953e-01,5.056565751626185268e-01,9.271560039003730047e-01,3.802150714842885693e-01,2.423446443279308193e-01,2.417402935939459707e-01,1.004834805871879011e+00,1.007252208807818405e+00,1.008478441786652358e+00,5.042268844687447515e-01,3.820796366102282016e-01,2.370118770933308805e-01,1.004740237541866588e+00,1.007110356312799881e+00,1.008312268087231400e+00,5.042546364551945270e-01,3.820434844711729783e-01,2.330236964691642376e-01,1.004660473929383180e+00,1.006990710894074992e+00,1.008172119389355581e+00,5.042780503806787440e-01,3.820129821907347067e-01,1.489734430388662545e-01,1.002979468860777379e+00,1.004469203291165957e+00,1.005220728432379529e+00,5.047728899601688912e-01,3.813680618010349410e-01,3.768794412991346987e-02,1.000753758882598321e+00,1.001130638323897371e+00,1.001319504158886931e+00,5.054322102811815709e-01,3.805079683835959070e-01,5.107029190482373517e-05,1.000001021405838131e+00,1.000001532108757196e+00,1.000001787460999214e+00,5.056562707574957516e-01,3.802154689415536137e-01
1.442538835036667244e+00,4.094100718709711151e-01,5.064878081854636838e-01,9.268064931707336029e-01,3.806965295531997140e-01,2.404401756618111674e-01,2.398405742262455509e-01,1.004796811484524932e+00,1.007195217226787287e+00,1.008411677148232100e+00,5.050621908116815773e-01,3.825606821584534023e-01,2.351493160506710756e-01,1.004702986321013514e+00,1.007054479481520159e+00,1.008246814622025367e+00,5.050898638198223489e-01,3.825245375438829920e-01,2.311924765978953245e-01,1.004623849531957935e+00,1.006935774297936792e+00,1.008107771669296993e+00,5.051132111097488275e-01,3.824940416266505161e-01,1.478027332212910328e-01,1.002956054664425833e+00,1.004434081996638639e+00,1.005179649357129446e+00,5.056066417937465918e-01,3.818492589086247002e-01,3.739177291109022777e-02,1.000747835458221768e+00,1.001121753187332653e+00,1.001309131495292437e+00,5.062640831616035397e-01,3.809893583648797377e-01,5.066895532496224115e-05,1.000001013379106407e+00,1.000001520068659833e+00,1.000001773414206596e+00,5.064875046486183585e-01,3.806969269172449932e-01
1.438214730587868750e+00,4.101361489842585972e-01,5.073200927923947612e-01,9.264554881326391156e-01,3.811776916922613445e-01,2.385395328748193267e-01,2.379446711968272732e-01,1.004758893423936650e+00,1.007138340135904864e+00,1.008345048791854159e+00,5.058985478106049483e-01,3.830414072359006883e-01,2.332904966990898277e-01,1.004665809933981802e+00,1.006998714900972702e+00,1.008181494721223093e+00,5.059261418573997027e-01,3.830052706247774053e-01,2.293649354565570342e-01,1.004587298709131105e+00,1.006880948063696657e+00,1.008043555223064436e+00,5.059494225261123024e-01,3.829747814747637702e-01,1.466343752377656517e-01,1.002932687504755283e+00,1.004399031257132924e+00,1.005138653625322176e+00,5.064414446247169632e-01,3.823301449498870408e-01,3.709619666938817478e-02,1.000741923933387678e+00,1.001112885900081739e+00,1.001298779721770726e+00,5.070970074731635524e-01,3.814704485830611169e-01,5.026842498847531351e-05,1.000001005368499785e+00,1.000001508052749566e+00,1.000001759395632517e+00,5.073197901236176088e-01,3.811780889578906262e-01
1.433898281239171180e+00,4.108635137746470267e-01,5.081534283299328214e-01,9.261029841136212415e-01,3.816585515611374824e-01,2.366428401694397887e-01,2.360527083984436947e-01,1.004721054167968974e+00,1.007081581251953351e+00,1.008278561058288503e+00,5.067359547584243673e-01,3.835218055080835131e-01,2.314355405080096018e-01,1.004628710810160142e+00,1.006943066215240323e+00,1.008116312640603196e+00,5.067634698618824762e-01,3.834856773792713058e-01,2.275411924706151612e-01,1.004550823849412300e+00,1.006826235774118450e+00,1.007979474234752981e+00,5.067866839246076838e-01,3.834551954004064012e-01,1.454684454377047631e-01,1.002909368908754040e+00,1.004364053363131060e+00,1.005097743910905006e+00,5.072772977665344074e-01,3.828107135882907186e-01,3.680123472001151780e-02,1.000736024694400150e+00,1.001104037041600447e+00,1.001288449514463608e+00,5.079309825540087031e-01,3.819512326988277473e-01,4.986872706906757437e-05,1.000000997374541400e+00,1.000001496061811990e+00,1.000001745406193576e+00,5.081531265290031296e-01,3.816589487231560329e-01
1.429589473438507508e+00,4.115921685257951101e-01,5.089878141307148107e-01,9.257489764426914958e-01,3.821391027901361870e-01,2.347502233324990917e-01,2.341648113042384960e-01,1.004683296226084765e+00,1.007024944339127259e+00,1.008212218343304434e+00,5.075744109341800980e-01,3.840018706138887405e-01,2.295845704963316580e-01,1.004591691409926657e+00,1.006887537114889986e+00,1.008051272689874711e+00,5.076018471133569854e-01,3.839657514461000676e-01,2.257213685889414012e-01,1.004514427371778762e+00,1.006771641057668143e+00,1.007915532941483949e+00,5.076249945862038038e-01,3.839352770421853855e-01,1.443050211444455166e-01,1.002886100422888838e+00,1.004329150634333256e+00,1.005056922921793605e+00,5.081142005187788691e-01,3.832909584596307928e-01,3.650690662455158275e-02,1.000730138132491120e+00,1.001095207198736459e+00,1.001278141558128887e+00,5.087660077284045235e-01,3.824317043439369734e-01,4.946988807431861588e-05,1.000000989397761497e+00,1.000001484096642246e+00,1.000001731446816589e+00,5.089875131974004319e-01,3.821394998433511603e-01
1.425288293657801297e+00,4.123221155254114811e-01,5.098232495134282782e-01,9.253934604505181793e-01,3.826193389802264866e-01,2.328618096188423414e-01,2.322811068517130761e-01,1.004645622137034344e+00,1.006968433205551294e+00,1.008146025093589859e+00,5.084139156029856554e-01,3.844815961656333769e-01,2.277377111186722203e-01,1.004554754222373392e+00,1.006832131333560199e+00,1.007986379228673179e+00,5.084412728779823532e-01,3.844454864373748615e-01,2.239055861719637663e-01,1.004478111723439371e+00,1.006717167585158945e+00,1.007851735629474721e+00,5.084643537779417466e-01,3.844150200120378669e-01,1.431441805837414816e-01,1.002862883611674860e+00,1.004294325417512290e+00,1.005016193397361590e+00,5.089521521670953286e-01,3.837708731720710920e-01,3.621323217289688923e-02,1.000724264643457984e+00,1.001086396965186864e+00,1.001267856545506651e+00,5.096020823066712557e-01,3.829118571212396516e-01,4.907193482116967701e-05,1.000000981438696313e+00,1.000001472158044580e+00,1.000001717518440802e+00,5.098229494474859624e-01,3.826197359194477565e-01
1.420994728392924511e+00,4.130533570652621389e-01,5.106597337827484262e-01,9.250364314696062351e-01,3.830992537030599165e-01,2.309777276338785823e-01,2.304017233255646890e-01,1.004608034466511368e+00,1.006912051699766941e+00,1.008079985802628364e+00,5.092544680159694082e-01,3.849609757491198603e-01,2.258950881504925290e-01,1.004517901763009924e+00,1.006776852644514886e+00,1.007921636662522547e+00,5.092817464079323342e-01,3.849248759386379448e-01,2.220939688787293975e-01,1.004441879377574676e+00,1.006662819066361791e+00,1.007788086630059254e+00,5.093047607528768950e-01,3.848944178952858342e-01,1.419860028115611517e-01,1.002839720056231121e+00,1.004259580084346792e+00,1.004975558105903000e+00,5.097911519831336280e-01,3.842504513061859028e-01,3.592023136496730329e-02,1.000718404627299440e+00,1.001077606940949050e+00,1.001257595176680448e+00,5.104392055851207921e-01,3.833916846047064064e-01,4.867489441117193815e-05,1.000000973497888301e+00,1.000001460246832341e+00,1.000001703622015237e+00,5.106594345839233773e-01,3.830996505231004656e-01
1.416708764163657985e+00,4.137858954411772205e-01,5.114972662292733840e-01,9.246778848344772150e-01,3.835788405009921687e-01,2.290981072151683784e-01,2.285267902395694550e-01,1.004570535804791387e+00,1.006855803707187080e+00,1.008014105006541872e+00,5.100960674102169579e-01,3.854400029236917380e-01,2.240568285722918385e-01,1.004481136571445887e+00,1.006721704857168831e+00,1.007857049438759311e+00,5.101232669413369170e-01,3.854039135089167845e-01,2.202866415530465027e-01,1.004405732831060938e+00,1.006608599246591407e+00,1.007724590315690616e+00,5.101462147500203104e-01,3.853734642506900232e-01,1.408305676412979768e-01,1.002816611352825849e+00,1.004224917029238995e+00,1.004935019842079891e+00,5.106311992244879638e-01,3.847296864150026030e-01,3.562792439229933023e-02,1.000712558487846016e+00,1.001068837731768912e+00,1.001247358158429357e+00,5.112773768459937251e-01,3.838711803394544431e-01,4.827879420553296433e-05,1.000000965575884138e+00,1.000001448363826206e+00,1.000001689758496459e+00,5.114969678972994815e-01,3.835792371966684766e-01
1.412430387513644803e+00,4.145197329530587171e-01,5.123358461294602595e-01,9.243178158818512458e-01,3.840580928871063504e-01,2.272230793132188620e-01,2.266564382176746717e-01,1.004533128764353522e+00,1.006799693146530172e+00,1.007948387279914426e+00,5.109387130087130746e-01,3.859186712222885118e-01,2.222230604530257836e-01,1.004444461209060613e+00,1.006666691813590697e+00,1.007792622042434916e+00,5.109658337022247032e-01,3.858825926807790130e-01,2.184837301088642658e-01,1.004369674602177298e+00,1.006554511903265947e+00,1.007661251095906874e+00,5.109887149942811124e-01,3.858521526105037625e-01,1.396779555704927844e-01,1.002793559111409882e+00,1.004190338667114712e+00,1.004894581424348843e+00,5.114722931346370460e-01,3.852085720240450151e-01,3.533633161950803375e-02,1.000706726632390131e+00,1.001060089948585308e+00,1.001237146203582506e+00,5.121165953573963980e-01,3.843503378417769678e-01,4.788366179999618139e-05,1.000000957673236046e+00,1.000001436509853958e+00,1.000001675928851030e+00,5.123355486640602807e-01,3.840584894532398930e-01
1.408159585010351655e+00,4.152548719048872461e-01,5.131754727455617449e-01,9.239562199508312146e-01,3.845370043452402409e-01,2.253527758716670770e-01,2.247907988744808905e-01,1.004495815977489714e+00,1.006743723966234461e+00,1.007882837231584672e+00,5.117824040202844094e-01,3.863969741515001499e-01,2.203939128329262531e-01,1.004407878256658559e+00,1.006611817384987839e+00,1.007728358992196593e+00,5.118094459004653984e-01,3.863609069603862745e-01,2.166853614150644758e-01,1.004333707228301398e+00,1.006500560842451986e+00,1.007598073413282780e+00,5.118322606964087473e-01,3.863304764805267633e-01,1.385282477071806406e-01,1.002770564954143628e+00,1.004155847431215332e+00,1.004854245692375248e+00,5.123144329428839239e-01,3.856871016313764833e-01,3.504547356565392013e-02,1.000700909471313071e+00,1.001051364206969607e+00,1.001226960030363156e+00,5.129568603732378440e-01,3.848291505991727757e-01,4.748952499959139975e-05,1.000000949790500027e+00,1.000001424685750040e+00,1.000001662134051506e+00,5.131751761464469208e-01,3.845374007766568791e-01
1.403896343245024880e+00,4.159913146047294896e-01,5.140161453255613910e-01,9.235930923830869554e-01,3.850155683300123810e-01,2.234873297070160414e-01,2.229300046952778502e-01,1.004458600093905529e+00,1.006687900140858405e+00,1.007817459500432555e+00,5.126271396395420954e-01,3.868749051916213766e-01,2.185695156058836686e-01,1.004371390312117640e+00,1.006557085468176460e+00,1.007664264836151569e+00,5.126541027317118582e-01,3.868388498275474596e-01,2.148916631798231114e-01,1.004297833263596562e+00,1.006446749895394621e+00,1.007535061739365023e+00,5.126768510529348122e-01,3.868084293401580220e-01,1.373815256959623199e-01,1.002747630513919352e+00,1.004121445770878918e+00,1.004814015504439606e+00,5.131576178642958119e-01,3.861652687076441715e-01,3.475537088554023907e-02,1.000695107417710839e+00,1.001042661126566147e+00,1.001216800361735437e+00,5.137981711331667256e-01,3.853076120703782248e-01,4.709641179329108047e-05,1.000000941928235854e+00,1.000001412892353780e+00,1.000001648375078211e+00,5.140158495924318505e-01,3.850159646215438602e-01
1.399640648832648715e+00,4.167290633647455222e-01,5.148578631031108799e-01,9.232284285230418774e-01,3.854937782668528268e-01,2.216268743880993597e-01,2.210741889158098494e-01,1.004421483778316304e+00,1.006632225667474234e+00,1.007752258751154928e+00,5.134729190468235727e-01,3.873524577967047411e-01,2.167499994015641696e-01,1.004334999988031329e+00,1.006502499982046883e+00,1.007600344147727034e+00,5.134998033773425785e-01,3.873164147357721632e-01,2.131027638347109121e-01,1.004262055276694321e+00,1.006393082915041370e+00,1.007472220570601040e+00,5.135224852461158784e-01,3.872860046424481673e-01,1.362378716439092974e-01,1.002724757432878144e+00,1.004087136149317327e+00,1.004773893734837831e+00,5.140018470996446931e-01,3.866430666961227502e-01,3.446604435096804059e-02,1.000689320887019340e+00,1.001033981330529121e+00,1.001206667924747995e+00,5.146405268625090512e-01,3.857857156854008207e-01,4.670435032860945697e-05,1.000000934087006632e+00,1.000001401130509837e+00,1.000001634652915916e+00,5.148575682356550942e-01,3.854941744133370540e-01
1.395392488411903997e+00,4.174681205011958052e-01,5.157006252974649652e-01,9.228622237180612586e-01,3.859716275520335138e-01,2.197715441154428073e-01,2.192234854019379786e-01,1.004384469708038852e+00,1.006576704562058167e+00,1.007687239670033597e+00,5.143197414081364105e-01,3.878296253946144634e-01,2.149354954674257412e-01,1.004298709909348553e+00,1.006448064864022829e+00,1.007536601521523467e+00,5.143465470044045196e-01,3.877935951123231417e-01,2.113187924186950006e-01,1.004226375848373820e+00,1.006339563772560952e+00,1.007409554424262943e+00,5.143691624438756493e-01,3.877631958141524726e-01,1.350973680464050697e-01,1.002701947360927992e+00,1.004052921041392210e+00,1.004733883271279993e+00,5.148471198353473666e-01,3.871204890127603049e-01,3.417751483197525170e-02,1.000683550296639579e+00,1.001025325444959257e+00,1.001196563449875176e+00,5.154839267722047813e-01,3.862634548455534111e-01,4.631336888617983724e-05,1.000000926267377688e+00,1.000001389401066643e+00,1.000001620968554494e+00,5.157003312953606367e-01,3.859720235483154460e-01
1.391151848645124200e+00,4.182084883344487913e-01,5.165444311134190780e-01,9.224944733186413171e-01,3.864491095527027853e-01,2.179214736006903075e-01,2.173780285293669123e-01,1.004347560570587383e+00,1.006521340855881075e+00,1.007622406960714034e+00,5.151676058751001319e-01,3.883064013870781706e-01,2.131261355507973743e-01,1.004262522711016015e+00,1.006393784066524022e+00,1.007473041569174388e+00,5.151943327655553739e-01,3.882703843582687164e-01,2.095398784622022059e-01,1.004190797569244120e+00,1.006286196353866069e+00,1.007347067834376775e+00,5.152168817997476724e-01,3.882399962557824269e-01,1.339600977130263604e-01,1.002679201954260524e+00,1.004018802931390786e+00,1.004693987012289735e+00,5.156934352434054958e-01,3.875975290462222445e-01,3.388980327808573112e-02,1.000677796065561731e+00,1.001016694098342485e+00,1.001186487670362668e+00,5.163283700587459890e-01,3.867408229234911565e-01,4.592349585434561443e-05,1.000000918469917011e+00,1.000001377704875738e+00,1.000001607322987374e+00,5.165441379763323626e-01,3.864495053936345959e-01
1.386918716218255021e+00,4.189501691889879753e-01,5.173892797412451561e-01,9.221251726785993919e-01,3.869262176069194759e-01,2.160767979462657473e-01,2.155379530636067353e-01,1.004310759061272096e+00,1.006466138591908255e+00,1.007557765339989420e+00,5.160165115848899253e-01,3.887827791497403540e-01,2.113220517811890131e-01,1.004226441035623862e+00,1.006339661553435683e+00,1.007409668915212331e+00,5.160431597990070562e-01,3.887467758485347868e-01,2.077661518714093436e-01,1.004155323037428271e+00,1.006232984556142185e+00,1.007284765347658428e+00,5.160656424528182740e-01,3.887163993416576924e-01,1.328261436935690987e-01,1.002656522873871303e+00,1.003984784310807177e+00,1.004654207864609461e+00,5.165407924813465446e-01,3.880741801579380423e-01,3.360293069959503082e-02,1.000672058613991888e+00,1.001008087920987943e+00,1.001176441321571353e+00,5.171738559041134664e-01,3.872178132632492220e-01,4.553475970380083224e-05,1.000000910695194145e+00,1.000001366042791107e+00,1.000001593717211534e+00,5.173889874688308854e-01,3.869266132873616093e-01
1.382693077840814411e+00,4.196931653934192208e-01,5.182351703566278056e-01,9.217543171552677883e-01,3.874029450236909922e-01,2.142376525254318931e-01,2.137033940403310628e-01,1.004274067880806642e+00,1.006411101821209853e+00,1.007493319533598886e+00,5.168664576601793570e-01,3.892587520322132733e-01,2.095233765529896375e-01,1.004190467531059783e+00,1.006285701296589785e+00,1.007346488192951250e+00,5.168930272284679717e-01,3.892227629319562898e-01,2.059977428129152743e-01,1.004119954856258268e+00,1.006179932284387402e+00,1.007222651519465106e+00,5.169154435276689386e-01,3.891923984199567865e-01,1.316955892043184806e-01,1.002633911784086340e+00,1.003950867676129510e+00,1.004614548740615954e+00,5.173891906921640471e-01,3.885504356821469218e-01,3.331691814891790671e-02,1.000666338362978358e+00,1.000999507544467537e+00,1.001166425140322502e+00,5.180203834757145520e-01,3.876944191802818573e-01,4.514718896231455236e-05,1.000000902943779302e+00,1.000001354415668953e+00,1.000001580152225289e+00,5.182348789485298202e-01,3.874033405385126638e-01
1.378474920245846835e+00,4.204374792804780880e-01,5.190821021206014629e-01,9.213819021096862905e-01,3.878792850830121153e-01,2.124041728629079140e-01,2.118744866462921872e-01,1.004237489732925814e+00,1.006356234599388833e+00,1.007429074272047753e+00,5.177174432090833056e-01,3.897343133581283037e-01,2.077302424087119070e-01,1.004154604848174204e+00,1.006231907272261417e+00,1.007283504040388245e+00,5.177439341630867276e-01,3.896983389313283253e-01,2.042347815989498938e-01,1.004084695631979107e+00,1.006127043447968550e+00,1.007160730909767876e+00,5.177662841343196876e-01,3.896679868127688739e-01,1.305685175546626720e-01,1.002611370351093267e+00,1.003917055526639901e+00,1.004575012555745994e+00,5.182386290042582111e-01,3.890262889259447632e-01,3.303178670202266271e-02,1.000660635734040405e+00,1.000990953601060607e+00,1.001156439864250514e+00,5.188679519263210693e-01,3.881706339615040857e-01,4.476081218957286465e-05,1.000000895216243801e+00,1.000001342824365702e+00,1.000001566629027616e+00,5.190818115764523899e-01,3.878796804270919218e-01
1.374264230189884195e+00,4.211831131870373279e-01,5.199300741794867786e-01,9.210079229067974493e-01,3.883552310359060789e-01,2.105764945162112711e-01,2.100513661009588695e-01,1.004201027322019213e+00,1.006301540983028708e+00,1.007365034286453742e+00,5.185694673251021181e-01,3.902094564251878395e-01,2.059427819229450174e-01,1.004118855638458818e+00,1.006178283457688449e+00,1.007220721096131033e+00,5.185958796973946239e-01,3.901734971434570598e-01,2.024773985732800374e-01,1.004049547971465506e+00,1.006074321957198370e+00,1.007099008079144653e+00,5.186181633681720138e-01,3.901431578161436708e-01,1.294450120741514054e-01,1.002588900241482950e+00,1.003883350362224647e+00,1.004535602225940627e+00,5.190891065313767427e-01,3.895017331693310103e-01,3.274755743997819629e-02,1.000654951148799654e+00,1.000982426723199259e+00,1.001146486231154986e+00,5.197165603940063772e-01,3.886464508653339478e-01,4.437565795217359360e-05,1.000000887513158965e+00,1.000001331269738669e+00,1.000001553148619271e+00,5.199297844989079209e-01,3.883556262041327201e-01
1.370060994452904080e+00,4.219300694541138763e-01,5.207790856648273348e-01,9.206323749156439806e-01,3.888307761044682009e-01,2.087547529578746008e-01,2.082341675390270430e-01,1.004164683350780463e+00,1.006247025026170805e+00,1.007301204304424935e+00,5.194225290870638778e-01,3.906841745052149761e-01,2.041611275871634268e-01,1.004083222551743315e+00,1.006124833827614973e+00,1.007158143995356081e+00,5.194488629112494760e-01,3.906482308392100200e-01,2.007257239979563235e-01,1.004014514479959042e+00,1.006021771719938673e+00,1.007037487584810709e+00,5.194710803099518159e-01,3.906179047001423488e-01,1.283251560400928692e-01,1.002566503120801755e+00,1.003849754681202855e+00,1.004496320665104969e+00,5.199406223725557830e-01,3.899767616652569102e-01,3.246425143063709495e-02,1.000649285028612834e+00,1.000973927542919029e+00,1.001136564978358567e+00,5.205662080020838633e-01,3.891218631217372992e-01,4.399175479880533274e-05,1.000000879835095891e+00,1.000001319752644058e+00,1.000001539711998566e+00,5.207787968474290041e-01,3.888311710917409236e-01
1.365865199838287580e+00,4.226783504268765146e-01,5.216291356933266954e-01,9.202552535095664954e-01,3.893059134819105704e-01,2.069390834586961880e-01,2.064230258939613039e-01,1.004128460517879295e+00,1.006192690776818832e+00,1.007237589045974380e+00,5.202766275590690048e-01,3.911584608442044142e-01,2.023854116955464133e-01,1.004047708233910985e+00,1.006071562350866477e+00,1.007095777365804468e+00,5.203028828697784380e-01,3.911225332635663854e-01,1.989798879410540067e-01,1.003979597758821063e+00,1.005969396638231705e+00,1.006976173976678490e+00,5.203250340256528883e-01,3.910922207088871616e-01,1.272090326057856158e-01,1.002544180652115813e+00,1.003816270978173497e+00,1.004457170782595554e+00,5.207931756120608435e-01,3.904513676396735300e-01,3.218188971047946517e-02,1.000643637794209617e+00,1.000965456691314426e+00,1.001126676842074348e+00,5.214168938590441060e-01,3.895968639322730520e-01,4.360913123564437660e-05,1.000000872182624789e+00,1.000001308273936962e+00,1.000001526320163814e+00,5.216288477387078792e-01,3.893063082831401678e-01
1.361676833172778878e+00,4.234279584546530861e-01,5.224802233667851237e-01,9.198765540664033402e-01,3.897806363326097312e-01,2.051296209721690800e-01,2.046180757827123220e-01,1.004092361515654286e+00,1.006138542273481429e+00,1.007174193219475988e+00,5.211317617904329680e-01,3.916323086623719751e-01,2.006157662319502100e-01,1.004012315324638971e+00,1.006018472986958567e+00,1.007033625823816614e+00,5.211579386233222699e-01,3.915963976356670595e-01,1.972400201655471752e-01,1.003944800403310911e+00,1.005917200604966366e+00,1.006915071793460736e+00,5.211800235664802994e-01,3.915660990606115721e-01,1.260967247294751681e-01,1.002521934494589484e+00,1.003782901741884226e+00,1.004418155480727659e+00,5.216467653193275211e-01,3.909255442915803291e-01,3.190049326664005230e-02,1.000638009865332911e+00,1.000957014797999145e+00,1.001116822556773478e+00,5.222686170584935894e-01,3.900714464701416362e-01,4.322781570199997557e-05,1.000000864556314095e+00,1.000001296834471143e+00,1.000001512974110218e+00,5.224799362745337072e-01,3.897810309427188202e-01
1.357495881306441277e+00,4.241788958909379348e-01,5.233323477720366323e-01,9.194962719686915475e-01,3.902549377921555318e-01,2.033265000202401085e-01,2.028194513917607189e-01,1.004056389027835117e+00,1.006084583541752897e+00,1.007111021517670624e+00,5.219879308156304409e-01,3.921057111542044504e-01,1.988523227581810437e-01,1.003977046455163613e+00,1.005965569682745420e+00,1.006971693970416082e+00,5.220140292073781607e-01,3.920698171488639638e-01,1.955062500194616193e-01,1.003910125000389231e+00,1.005865187500583957e+00,1.006854185558820225e+00,5.220360479687938815e-01,3.920395329477098789e-01,1.249883151041281393e-01,1.002499766302082485e+00,1.003749649453123949e+00,1.004379277652318381e+00,5.225013905489032107e-01,3.913992847930750085e-01,3.162008301914219499e-02,1.000632401660382920e+00,1.000948602490574268e+00,1.001107002854564998e+00,5.231213766790921982e-01,3.905456038802337382e-01,4.284783654623984349e-05,1.000000856956730910e+00,1.000001285435096365e+00,1.000001499674829653e+00,5.233320615417297317e-01,3.902553322060793306e-01
1.353322331112620791e+00,4.249311650933991769e-01,5.241855079808864781e-01,9.191144026038691184e-01,3.907288109674025844e-01,2.015298545805378760e-01,2.010272863646263286e-01,1.004020545727292602e+00,1.006030818590938791e+00,1.007048078613721032e+00,5.228451336542394579e-01,3.925786614885087844e-01,1.970952123037045256e-01,1.003941904246073991e+00,1.005912856369111097e+00,1.006909986387443556e+00,5.228711536425438844e-01,3.925427849707695538e-01,1.937787063274402366e-01,1.003875574126548820e+00,1.005813361189823230e+00,1.006793519777568147e+00,5.228931062540516095e-01,3.925125155367863439e-01,1.238838860881093656e-01,1.002477677721762106e+00,1.003716516582643381e+00,1.004340540178253471e+00,5.233570503403882634e-01,3.918725822894036370e-01,3.134067980336022186e-02,1.000626813596067199e+00,1.000940220394100910e+00,1.001097218464580996e+00,5.239751717844917112e-01,3.910193292791813713e-01,4.246922200202526602e-05,1.000000849384440116e+00,1.000001274076659952e+00,1.000001486423311325e+00,5.241852226120896630e-01,3.907292051800896338e-01
1.349156169487899515e+00,4.256847684238861951e-01,5.250397030500477680e-01,9.187309413644799694e-01,3.912022489365237776e-01,1.997398179752056802e-01,1.992417136909782338e-01,1.003984834273819571e+00,1.005977251410729245e+00,1.006985369157326504e+00,5.237033693108845700e-01,3.930511528084615347e-01,1.953445652569248958e-01,1.003906891305138549e+00,1.005860336957707712e+00,1.006848507633745005e+00,5.237293109344615116e-01,3.930152942433062235e-01,1.920575172838515920e-01,1.003841150345677002e+00,1.005761725518515615e+00,1.006733078931918435e+00,5.237511974287538674e-01,3.929850399687051521e-01,1.227835196368454451e-01,1.002455670392736975e+00,1.003683505589105351e+00,1.004301945925097916e+00,5.242137437183768123e-01,3.923454298990111666e-01,3.106230435273144019e-02,1.000621246087054717e+00,1.000931869130581964e+00,1.001087470112371314e+00,5.248300014232740729e-01,3.914926157554108888e-01,4.209200016488439186e-05,1.000000841840003263e+00,1.000001262760005005e+00,1.000001473220537340e+00,5.250394185423161719e-01,3.912026429429368291e-01
1.344997383352057430e+00,4.264397082484371881e-01,5.258949320210797307e-01,9.183458836483785470e-01,3.916752447490660649e-01,1.979565227614774603e-01,1.974628655974837721e-01,1.003949257311949728e+00,1.005923885967924480e+00,1.006922897770899050e+00,5.245626367751817787e-01,3.935231782316577775e-01,1.936005112581686838e-01,1.003872010225163480e+00,1.005808015337745109e+00,1.006787262241424008e+00,5.245885000737613435e-01,3.934873380827549894e-01,1.903428103475744704e-01,1.003806856206951537e+00,1.005710284310427305e+00,1.006672867477800493e+00,5.246103204843863832e-01,3.934570993586386511e-01,1.216872972355600296e-01,1.002433745944711241e+00,1.003650618917066861e+00,1.004263497742737155e+00,5.250714696923989289e-01,3.928178207135930022e-01,3.078497728173915787e-02,1.000615699545634785e+00,1.000923549318452066e+00,1.001077758519308691e+00,5.256858646288898873e-01,3.919654563691973292e-01,4.171619896915283146e-05,1.000000834323979459e+00,1.000001251485969078e+00,1.000001460067486025e+00,5.258946483739569411e-01,3.916756385441819144e-01
1.340845959648031993e+00,4.271959869372862761e-01,5.267511939203246563e-01,9.179592248589371062e-01,3.921477914260075859e-01,1.961801006241207790e-01,1.956908734405194972e-01,1.003913817468810477e+00,1.005870726203215604e+00,1.006860669045802625e+00,5.254229350216818029e-01,3.939947308501592915e-01,1.918631790944946569e-01,1.003837263581889960e+00,1.005755895372834940e+00,1.006726254712155155e+00,5.254487200360058452e-01,3.939589095798050056e-01,1.886347121385776593e-01,1.003772694242771601e+00,1.005659041364157291e+00,1.006612889841237202e+00,5.254704743973650505e-01,3.939286867961172001e-01,1.205952998331565884e-01,1.002411905996663188e+00,1.003617858994994672e+00,1.004225198462062929e+00,5.259302272568621150e-01,3.932897477981472378e-01,3.050871906918610488e-02,1.000610174381383777e+00,1.000915261572075554e+00,1.001068084402003233e+00,5.265427604195966893e-01,3.924378441527204275e-01,4.134184616530776684e-05,1.000000826836923373e+00,1.000001240255385060e+00,1.000001446965128604e+00,5.267509111333436023e-01,3.921481850048185724e-01
1.336701885341874618e+00,4.279536068648712166e-01,5.276084877588453903e-01,9.175709604052543211e-01,3.926198819598174516e-01,1.944106822698696557e-01,1.939258676008674964e-01,1.003878517352017274e+00,1.005817776028026023e+00,1.006798687538667858e+00,5.262842630098153451e-01,3.944658037305444620e-01,1.901326965964495463e-01,1.003802653931928912e+00,1.005703980897893590e+00,1.006665489513570266e+00,5.263099697816340239e-01,3.944300017996020813e-01,1.869333483364131188e-01,1.003738666966728310e+00,1.005608000450092465e+00,1.006553150414790654e+00,5.263316581289794183e-01,3.943997953450782412e-01,1.195076077773244566e-01,1.002390152155546499e+00,1.003585228233319748e+00,1.004187050892701327e+00,5.267900153909927941e-01,3.937612041910271699e-01,3.023355004177725666e-02,1.000604671000835610e+00,1.000907006501253305e+00,1.001058448471726869e+00,5.274006877983979935e-01,3.929097721101229568e-01,4.096896929772128853e-05,1.000000819379385897e+00,1.000001229069078956e+00,1.000001433914428972e+00,5.276082058315281209e-01,3.926202753173318460e-01
1.332565147422712037e+00,4.287125704098407319e-01,5.284668125323637167e-01,9.171810857023645625e-01,3.930915093145181949e-01,1.926483973239687952e-01,1.921679773805174962e-01,1.003843359547610392e+00,1.005765039321415477e+00,1.006736957767777385e+00,5.271466196838364704e-01,3.949363899139557987e-01,1.884091905368888153e-01,1.003768183810737735e+00,1.005652275716106603e+00,1.006604971075714561e+00,5.271722482559052514e-01,3.949006077817976412e-01,1.852388435807392209e-01,1.003704776871614746e+00,1.005557165307422229e+00,1.006493653554077383e+00,5.271938706253369578e-01,3.948704180439149281e-01,1.184243007509427903e-01,1.002368486015018822e+00,1.003552729022528345e+00,1.004149057820785673e+00,5.276508330587783568e-01,3.942321829039956427e-01,2.995949035803105107e-02,1.000599189807160672e+00,1.000898784710740896e+00,1.001048851433850029e+00,5.282596457529820100e-01,3.933812332175705695e-01,4.059759568285877717e-05,1.000000811951913704e+00,1.000001217927870556e+00,1.000001420916343475e+00,5.284665314642212897e-01,3.930919024457605881e-01
1.328435732902704558e+00,4.294728799550620035e-01,5.293261672211979629e-01,9.167895961714501718e-01,3.935626664257496632e-01,1.908933742289382340e-01,1.904173309016840288e-01,1.003808346618033642e+00,1.005712519927050463e+00,1.006675484209531346e+00,5.280100039727677608e-01,3.954064824161490077e-01,1.866927865319689406e-01,1.003733855730639446e+00,1.005600783595959058e+00,1.006544703787581874e+00,5.280355543888441971e-01,3.953707205405979086e-01,1.835513213739790594e-01,1.003671026427479518e+00,1.005506539641219277e+00,1.006434403574362646e+00,5.280571108173074402e-01,3.953405479055258631e-01,1.173454577098494434e-01,1.002346909154196997e+00,1.003520363731295495e+00,1.004111222006778492e+00,5.285126792089089864e-01,3.947026769222791165e-01,2.968655999253587766e-02,1.000593731199850733e+00,1.000890596799776100e+00,1.001039293987291856e+00,5.291196332556605819e-01,3.938522204233132484e-01,4.022775238794512511e-05,1.000000804555047695e+00,1.000001206832571654e+00,1.000001407971818912e+00,5.293258870117304449e-01,3.935630593257616328e-01
1.324313628817003874e+00,4.302345378876282767e-01,5.301865507902008279e-01,9.163964872400531814e-01,3.940333462008347443e-01,1.891457401456665965e-01,1.886740550081462409e-01,1.003773481100162845e+00,1.005660221650244379e+00,1.006614271294995033e+00,5.288744147903448045e-01,3.958760742275418409e-01,1.849836089444172327e-01,1.003699672178888447e+00,1.005549508268332559e+00,1.006484691993728253e+00,5.288998870951848730e-01,3.958403330648125329e-01,1.818709039862178578e-01,1.003637418079724286e+00,1.005456127119586540e+00,1.006375404747232638e+00,5.289213776204669815e-01,3.958101779173638923e-01,1.162711568220412828e-01,1.002325423136440907e+00,1.003488134704661139e+00,1.004073546183344101e+00,5.293755527747197043e-01,3.951726792046230674e-01,2.941477872056871834e-02,1.000588295574411424e+00,1.000882443361617025e+00,1.001029776823982198e+00,5.299806492633079014e-01,3.943227266477488113e-01,3.985946621012174251e-05,1.000000797189324109e+00,1.000001195783986274e+00,1.000001395081794087e+00,5.301862714388977382e-01,3.940337388646759087e-01
1.320198822223715762e+00,4.309975465988660215e-01,5.310479621886979862e-01,9.160017543422902531e-01,3.945035415188486994e-01,1.874056208569360171e-01,1.869382751690134847e-01,1.003738765503380259e+00,1.005608148255070500e+00,1.006553323406532474e+00,5.297398510349604628e-01,3.963451583132624467e-01,1.832817807891795048e-01,1.003665635615783591e+00,1.005498453423675276e+00,1.006424939990971934e+00,5.297652452743151219e-01,3.963094383179040503e-01,1.801977123624384503e-01,1.003603954247248797e+00,1.005405931370873196e+00,1.006316661297347759e+00,5.297866699350427533e-01,3.962793010414860650e-01,1.152014754083692943e-01,1.002304029508167327e+00,1.003456044262251101e+00,1.004036033053273824e+00,5.302394526741329717e-01,3.956421826833486088e-01,2.914416610309192995e-02,1.000582883322061800e+00,1.000874324983092700e+00,1.001020300628333359e+00,5.308426927173002241e-01,3.947927447834884696e-01,3.949276365611591665e-05,1.000000789855273187e+00,1.000001184782909780e+00,1.000001382247196036e+00,5.310476836950379642e-01,3.945039339415969404e-01
1.316091300203856118e+00,4.317619084843428712e-01,5.319104003504262490e-01,9.156053929190680618e-01,3.949732452306892183e-01,1.856731406734708489e-01,1.852101153850083393e-01,1.003704202307700077e+00,1.005556303461550227e+00,1.006492644874527498e+00,5.306063115896102467e-01,3.968137276131989410e-01,1.815874236415362941e-01,1.003631748472830765e+00,1.005447622709246147e+00,1.006365452025181240e+00,5.306316278102216621e-01,3.967780292380372331e-01,1.785318660321834894e-01,1.003570637320643666e+00,1.005355955980965499e+00,1.006258177399282916e+00,5.306529866458576938e-01,3.967479102146030945e-01,1.141364898847850723e-01,1.002282729797695726e+00,1.003424094696543589e+00,1.003998685287464498e+00,5.311043778096004031e-01,3.961111802644093349e-01,2.887474147214252537e-02,1.000577494829442804e+00,1.000866242244164317e+00,1.001010866076733619e+00,5.317057625434552515e-01,3.952622676954241077e-01,3.912767092244212152e-05,1.000000782553418510e+00,1.000001173830127765e+00,1.000001369468941581e+00,5.319101227138770538e-01,3.949736374074411249e-01
1.311991049861312320e+00,4.325276259438747273e-01,5.327738641934718355e-01,9.152073984183002331e-01,3.954424501591492502e-01,1.839484223426026410e-01,1.834896980973592384e-01,1.003669793961947221e+00,1.005504690942920831e+00,1.006432239974200060e+00,5.314737953218368061e-01,3.972817750420478689e-01,1.799006575477776482e-01,1.003598013150955648e+00,1.005397019726433250e+00,1.006306232288148195e+00,5.314990335714345759e-01,3.972460987381283282e-01,1.768734830217332799e-01,1.003537469660434667e+00,1.005306204490652000e+00,1.006199957174459536e+00,5.315203266222746636e-01,3.972159983481295953e-01,1.130762757061956475e-01,1.002261525514123841e+00,1.003392288271185873e+00,1.003961505522955155e+00,5.319703270680457008e-01,3.965796648274498293e-01,2.860652391662831320e-02,1.000572130478332600e+00,1.000858195717498900e+00,1.001001473837045408e+00,5.325698576519709571e-01,3.957312882207971727e-01,3.876421387615455613e-05,1.000000775284277443e+00,1.000001162926416276e+00,1.000001356747936443e+00,5.327735874134909011e-01,3.954428420850216175e-01
1.307898058322801926e+00,4.332947013815337534e-01,5.336383526202099770e-01,9.148077662951263900e-01,3.959111490989932203e-01,1.822315869596342619e-01,1.817771440993858068e-01,1.003635542881987641e+00,1.005453314322981573e+00,1.006372112922513606e+00,5.323423010836751956e-01,3.977492934893642751e-01,1.782216009385176325e-01,1.003564432018770436e+00,1.005346648028155432e+00,1.006247284914560503e+00,5.323674614109724645e-01,3.977136397058957940e-01,1.752226797688790916e-01,1.003504453595377655e+00,1.005256680393066482e+00,1.006142004688162617e+00,5.323886887181418226e-01,3.976835583282339326e-01,1.120209073119774468e-01,1.002240418146239653e+00,1.003360627219359369e+00,1.003924496361021879e+00,5.328372993208072561e-01,3.970476292258650064e-01,2.833953226854379545e-02,1.000566790645370796e+00,1.000850185968056305e+00,1.000992124568125696e+00,5.334349769373661898e-01,3.961997991692701726e-01,3.840241803616858404e-05,1.000000768048360689e+00,1.000001152072541144e+00,1.000001344085073685e+00,5.336380766962436351e-01,3.959115407691224942e-01
1.303812312737832269e+00,4.340631372056553694e-01,5.345038645172424108e-01,9.144064920121315332e-01,3.963793348170329689e-01,1.805227538819809963e-01,1.800725724508538683e-01,1.003601451449017024e+00,1.005402177173525535e+00,1.006312267875184574e+00,5.332118277115980298e-01,3.982162758196109431e-01,1.765503705447246940e-01,1.003531007410894516e+00,1.005296511116341662e+00,1.006188613979067226e+00,5.332369101662871591e-01,3.981806450039098721e-01,1.735795710403663372e-01,1.003471591420807218e+00,1.005207387131211050e+00,1.006084323946657477e+00,5.332580717717368968e-01,3.981505830158894588e-01,1.109704580731973450e-01,1.002219409161464014e+00,1.003329113742196022e+00,1.003887660365331502e+00,5.337052934235803070e-01,3.975150662868598972e-01,2.807378508961791072e-02,1.000561475701792435e+00,1.000842213552688431e+00,1.000982818919359474e+00,5.343011192784198338e-01,3.966677933229996178e-01,3.804230855516730996e-05,1.000000760846171177e+00,1.000001141269256655e+00,1.000001331481233713e+00,5.345035894487266681e-01,3.963797262265766896e-01
1.299733800278660922e+00,4.348329358288463564e-01,5.353703987553374288e-01,9.140035710395677526e-01,3.968470000522084651e-01,1.788220406461604461e-01,1.783761003951725155e-01,1.003567522007903445e+00,1.005351283011855168e+00,1.006252708923788486e+00,5.340823740264601938e-01,3.986827148722087433e-01,1.748870813165383509e-01,1.003497741626330875e+00,1.005246612439496090e+00,1.006130223493442388e+00,5.341073786592089867e-01,3.986471074696436023e-01,1.719442698520773360e-01,1.003438885397041513e+00,1.005158328095562270e+00,1.006026918894403099e+00,5.341284746057129995e-01,3.986170652469258058e-01,1.099250002415849276e-01,1.002198500004831683e+00,1.003297750007247524e+00,1.003851000060158816e+00,5.345743082163606497e-01,3.979819688115120435e-01,2.780930065840482926e-02,1.000556186013168203e+00,1.000834279019752193e+00,1.000973557530205449e+00,5.351682835381108561e-01,3.971352634367109058e-01,3.768391020210849952e-05,1.000000753678204068e+00,1.000001130517305992e+00,1.000001318937283168e+00,5.353701245416977450e-01,3.968473911963456557e-01
1.295662508140254410e+00,4.356040996679920729e-01,5.362379541893688151e-01,9.135989988555771601e-01,3.973141375156696853e-01,1.771295628876956296e-01,1.766878432794969089e-01,1.003533756865589988e+00,1.005300635298384870e+00,1.006193440092971070e+00,5.349539388334449974e-01,3.991486034615877032e-01,1.732318463449346035e-01,1.003464636926898690e+00,1.005196955390348146e+00,1.006072117403849164e+00,5.349788656958918143e-01,3.991130199155238922e-01,1.703168873920150039e-01,1.003406337747840382e+00,1.005109506621760351e+00,1.005969793411359836e+00,5.349998960270428983e-01,3.990829978320801219e-01,1.088846049002955702e-01,1.002177692098005890e+00,1.003266538147008946e+00,1.003814517928665495e+00,5.354443425233864629e-01,3.984483295748330045e-01,2.754609695782776757e-02,1.000550921939156623e+00,1.000826382908734935e+00,1.000964341029761284e+00,5.360364685635587989e-01,3.976022022377756482e-01,3.732724734534547588e-05,1.000000746544946972e+00,1.000001119817420348e+00,1.000001306454074923e+00,5.362376808300199915e-01,3.973145283896011293e-01
1.291598423540247786e+00,4.363766311442641710e-01,5.371065296582547832e-01,9.131927709464155996e-01,3.977807398908602687e-01,1.754454342639931996e-01,1.750079144777987039e-01,1.003500158289555966e+00,1.005250237434333949e+00,1.006134465337761741e+00,5.358265209220088865e-01,3.996139343772373564e-01,1.715847767863014350e-01,1.003431695535726087e+00,1.005147543303589019e+00,1.006014299588207983e+00,5.358513700667588697e-01,3.995783751289838648e-01,1.686975329461472828e-01,1.003373950658922986e+00,1.005060925988384479e+00,1.005912951310401926e+00,5.358723348269649467e-01,3.995483735570500849e-01,1.078493419165022782e-01,1.002156986838329988e+00,1.003235480257494983e+00,1.003778216411243207e+00,5.363153951530827968e-01,3.989141413258334157e-01,2.728419166318548847e-02,1.000545683833263810e+00,1.000818525749895604e+00,1.000955170036346153e+00,5.369056731859640497e-01,3.980686024262910516e-01,3.697234393637486817e-05,1.000000739446878617e+00,1.000001109170318037e+00,1.000001294032447863e+00,5.371062571526011853e-01,3.977811304898096201e-01
1.287541533718906894e+00,4.371505326831280902e-01,5.379761239848982468e-01,9.127848828066791320e-01,3.982467998336052806e-01,1.737697663802482972e-01,1.733364253169559221e-01,1.003466728506339223e+00,1.005200092759508612e+00,1.006075788540996108e+00,5.367001190658277077e-01,4.000787003837595335e-01,1.699459817899738878e-01,1.003398919635799524e+00,1.005098379453699176e+00,1.005956773853666997e+00,5.367248905464476749e-01,4.000431658725146500e-01,1.670863138271617976e-01,1.003341726276543167e+00,1.005012589414814750e+00,1.005856396334831038e+00,5.367457897809280176e-01,4.000131851825465268e-01,1.068192798958481765e-01,1.002136385597917068e+00,1.003204578396875490e+00,1.003742097903921993e+00,5.371874648980038414e-01,3.993793967875872153e-01,2.702360213062947672e-02,1.000540472042612539e+00,1.000810708063918808e+00,1.000946045157093733e+00,5.377758962205478888e-01,3.985344566751605200e-01,3.661922349422227742e-05,1.000000732384469959e+00,1.000001098576704717e+00,1.000001281673224662e+00,5.379758523323340258e-01,3.982471901528192304e-01
1.283491825939084841e+00,4.379258067143509958e-01,5.388467359761260900e-01,9.123753299395301886e-01,3.987123099721992525e-01,1.721026687184229742e-01,1.716734850059082051e-01,1.003433469700118152e+00,1.005150204550177229e+00,1.006017413510843062e+00,5.375747320227416415e-01,4.005428942209198762e-01,1.683155684287755416e-01,1.003366311368575570e+00,1.005049467052863355e+00,1.005899543934180018e+00,5.375994258937556447e-01,4.005073848837192307e-01,1.654833353061759271e-01,1.003309666706123426e+00,1.004964500059185362e+00,1.005800132155995286e+00,5.376202596485368801e-01,4.004774254443473347e-01,1.057944861387882934e-01,1.002115889722775766e+00,1.003173834584163648e+00,1.003706164756846819e+00,5.380605505347765272e-01,3.998440886572982578e-01,2.676434538611911079e-02,1.000535286907722421e+00,1.000802930361583520e+00,1.000936966987569399e+00,5.386471364664934258e-01,3.989997576301769766e-01,3.626790909047559737e-05,1.000000725358181741e+00,1.000001088037272723e+00,1.000001269377212676e+00,5.388464651760348501e-01,3.987127000069481397e-01
1.279449287486183806e+00,4.387024556720089397e-01,5.397183644226293264e-01,9.119641078569268311e-01,3.991772629074978318e-01,1.704442485693420384e-01,1.700192005679222462e-01,1.003400384011358337e+00,1.005100576017037728e+00,1.005959343978445775e+00,5.384503585347015786e-01,4.010065086037016280e-01,1.666936416326083581e-01,1.003333872832652185e+00,1.005000809248978166e+00,1.005842613488189485e+00,5.384749748515861301e-01,4.009710248753656781e-01,1.638887005474442549e-01,1.003277774010948864e+00,1.004916661016423296e+00,1.005744162371010830e+00,5.384957431734984645e-01,4.009410870533521853e-01,1.047750265988477009e-01,1.002095500531976935e+00,1.003143250797965402e+00,1.003670419272819192e+00,5.389346508240444589e-01,4.003082096063685369e-01,2.650643811486161350e-02,1.000530128762297188e+00,1.000795193143445783e+00,1.000927936111398520e+00,5.395193927068869799e-01,3.994644979101090732e-01,3.591842333497527375e-05,1.000000718368466712e+00,1.000001077552699957e+00,1.000001257145203715e+00,5.397180944743844577e-01,3.991776526530765312e-01
1.275413905668116854e+00,4.394804819944948537e-01,5.405910080989029254e-01,9.115512120798519025e-01,3.996416512130114840e-01,1.687946109679384910e-01,1.683736767759985153e-01,1.003367473535520027e+00,1.005051210303280040e+00,1.005901583595669280e+00,5.393269973277147189e-01,4.014695362223598130e-01,1.650803041251232284e-01,1.003301606082502406e+00,1.004952409123753609e+00,1.005785986096422224e+00,5.393515361468940172e-01,4.014340785354429397e-01,1.623025105460946804e-01,1.003246050210921947e+00,1.004869075316382920e+00,1.005688490500592058e+00,5.393722390835665736e-01,4.014041626956376674e-01,1.037609658428157999e-01,1.002075219316856280e+00,1.003112828975284421e+00,1.003634863705908487e+00,5.398097645104109610e-01,4.007717522804668531e-01,2.624989665124183649e-02,1.000524997933024851e+00,1.000787496899537166e+00,1.000918953099915853e+00,5.403926637086582385e-01,3.999286701067874539e-01,3.557078836216831215e-05,1.000000711415767185e+00,1.000001067123650778e+00,1.000001244977972048e+00,5.405907390018674930e-01,3.996420406647395729e-01
1.271385667815263520e+00,4.402598881245260998e-01,5.414646657631867477e-01,9.111366381385452851e-01,4.001054674350019158e-01,1.671538586316789476e-01,1.667370160914503352e-01,1.003334740321828900e+00,1.005002110482743571e+00,1.005844135932961292e+00,5.402046471117909476e-01,4.019319697424756921e-01,1.634756563635001991e-01,1.003269513127269974e+00,1.004904269690904961e+00,1.005729665259789574e+00,5.402291084906315488e-01,4.018965385272157409e-01,1.607248640689220576e-01,1.003214497281378348e+00,1.004821745922067633e+00,1.005633119986991231e+00,5.402497460904885918e-01,4.018666450325141248e-01,1.027523670128953209e-01,1.002055047340257854e+00,1.003082571010386781e+00,1.003599500260129229e+00,5.406858903223837887e-01,4.012347092996001452e-01,2.599473696924655547e-02,1.000519894739384963e+00,1.000779842109077444e+00,1.000910018511828703e+00,5.412669482225218598e-01,4.003922667851954054e-01,3.522502581813243119e-05,1.000000704500516369e+00,1.000001056750774442e+00,1.000001232876275736e+00,5.414643975167137135e-01,4.001058565882243401e-01
1.267364561280435620e+00,4.410406765091520187e-01,5.423393361574055938e-01,9.107203815727352714e-01,4.005687040925800524e-01,1.655220919021949677e-01,1.651093186056807605e-01,1.003302186372113658e+00,1.004953279558170376e+00,1.005787004477326052e+00,5.410833065808885456e-01,4.023938018050129961e-01,1.618797964813642742e-01,1.003237595929627357e+00,1.004856393894441036e+00,1.005673654397400307e+00,5.411076905776943669e-01,4.023583974892813719e-01,1.591558575982643664e-01,1.003183117151965398e+00,1.004774675727947875e+00,1.005578054192041604e+00,5.411282628899510838e-01,4.023285267005828891e-01,1.017492917908220801e-01,1.002034985835816405e+00,1.003052478753724719e+00,1.003564331088192763e+00,5.415630269723182844e-01,4.016970732581850445e-01,2.574097467338732834e-02,1.000514819493467655e+00,1.000772229240201705e+00,1.000901132892901613e+00,5.421422449829194079e-01,4.008552804835604499e-01,3.488115684827576177e-05,1.000000697623137036e+00,1.000001046434705554e+00,1.000001220840854854e+00,5.423390687608375949e-01,4.005690929426676816e-01
1.263350573438831947e+00,4.418228495997619243e-01,5.432150180071102508e-01,9.103024379318735981e-01,4.010313536778071786e-01,1.638994086901318370e-01,1.634906819851689175e-01,1.003269813639703356e+00,1.004904720459555145e+00,1.005730192630409636e+00,5.419629744128606763e-01,4.028550250263748800e-01,1.602928202348477826e-01,1.003205856404697061e+00,1.004808784607045480e+00,1.005617956844685468e+00,5.419872810868681112e-01,4.028196480356285303e-01,1.575955852789729106e-01,1.003151911705579380e+00,1.004727867558369292e+00,1.005523296395313793e+00,5.420077881615255055e-01,4.027898003117948433e-01,1.007518003639626403e-01,1.002015036007279258e+00,1.003022554010918777e+00,1.003529358290321527e+00,5.424411731563620886e-01,4.021588367251220375e-01,2.548862499012372398e-02,1.000509772499802441e+00,1.000764658749703662e+00,1.000892296775655499e+00,5.430185527079600671e-01,4.013177037134478820e-01,3.453920208571461994e-05,1.000000690784041746e+00,1.000001036176062508e+00,1.000001208872430825e+00,5.432147514597799320e-01,4.010317422201574722e-01
1.259343691688003641e+00,4.426064098520923751e-01,5.440917100214183177e-01,9.098828027753709247e-01,4.014934086557984672e-01,1.622859044232352055e-01,1.618812014196860105e-01,1.003237624028393782e+00,1.004856436042590673e+00,1.005673703706700950e+00,5.428436492694017623e-01,4.033156319984618210e-01,1.587148209518192687e-01,1.003174296419036438e+00,1.004761444628554656e+00,1.005562575851630669e+00,5.428678786807739076e-01,4.032802827556947189e-01,1.560441388684953856e-01,1.003120882777369882e+00,1.004681324166054823e+00,1.005468849792379826e+00,5.428883205686151348e-01,4.032504584535102077e-01,9.975995139340219919e-02,1.001995199027867933e+00,1.002992798541802122e+00,1.003494583913139726e+00,5.433203275543991850e-01,4.026199922438710166e-01,2.523770275979008229e-02,1.000504754055195900e+00,1.000757131082793627e+00,1.000883510679084987e+00,5.438958700993634654e-01,4.017795289598578568e-01,3.419918164033359522e-05,1.000000683983632843e+00,1.000001025975449265e+00,1.000001196971708417e+00,5.440914443226485542e-01,4.014937968858358630e-01
1.255343903447811105e+00,4.433913597262352790e-01,5.449694108929558078e-01,9.094614716728328663e-01,4.019548614648287277e-01,1.606816719976727481e-01,1.602809695737384132e-01,1.003205619391474679e+00,1.004808429087212129e+00,1.005617540931843079e+00,5.437253297959943055e-01,4.037756152887314598e-01,1.571458894842765464e-01,1.003142917789685562e+00,1.004714376684528343e+00,1.005507514581124306e+00,5.437494820058157430e-01,4.037402942144280305e-01,1.545016076900699309e-01,1.003090032153801436e+00,1.004635048230702044e+00,1.005414717493186005e+00,5.437698587584010035e-01,4.037104936885594353e-01,9.877380198402123390e-02,1.001975476039680402e+00,1.002963214059520602e+00,1.003460009948628162e+00,5.442004888299948329e-01,4.030805323325281631e-01,2.498822242902535087e-02,1.000499764448580464e+00,1.000749646672870696e+00,1.000874775108393955e+00,5.447741958424009434e-01,4.022407486813234789e-01,3.386111508852733792e-05,1.000000677222301793e+00,1.000001015833452689e+00,1.000001185139372195e+00,5.449691460420591493e-01,4.019552493780050306e-01
1.251351196160385815e+00,4.441777016866453320e-01,5.458481192977984175e-01,9.090384402042984702e-01,4.024157045164405422e-01,1.590868017325996198e-01,1.586900765412465053e-01,1.003173801530824916e+00,1.004760702296237485e+00,1.005561707441061436e+00,5.446080146218549300e-01,4.042349674402584969e-01,1.555861141639116318e-01,1.003111722283278162e+00,1.004667583424917243e+00,1.005452776107413015e+00,5.446320896921260646e-01,4.041996749523472654e-01,1.529680785890380756e-01,1.003059361571780661e+00,1.004589042357671103e+00,1.005360902520536559e+00,5.446524013617881632e-01,4.041698985553054957e-01,9.779340765656602263e-02,1.001955868153131313e+00,1.002933802229696969e+00,1.003425638333154124e+00,5.450816556303396121e-01,4.035404494839046063e-01,2.474019804370738637e-02,1.000494803960874091e+00,1.000742205941311136e+00,1.000866090554749288e+00,5.456535286058381562e-01,4.027013553100114440e-01,3.352502146362596293e-05,1.000000670500429178e+00,1.000001005750643879e+00,1.000001173376088293e+00,5.458478552940775330e-01,4.024160921082355902e-01
1.247365557290091687e+00,4.449654382021479559e-01,5.467278338954127959e-01,9.086137039604802457e-01,4.028759301955550098e-01,1.575013813279582953e-01,1.571086098034496781e-01,1.003142172196068937e+00,1.004713258294103406e+00,1.005506206277702930e+00,5.454917023598817583e-01,4.046936809717969763e-01,1.540355807608394245e-01,1.003080711615216725e+00,1.004621067422825087e+00,1.005398363414671259e+00,5.455157003535133775e-01,4.046584174856060478e-01,1.514436358922675863e-01,1.003028872717845355e+00,1.004543309076767921e+00,1.005307407808684994e+00,5.455359469933529493e-01,4.046286655677078792e-01,9.681882232170756220e-02,1.001936376446434185e+00,1.002904564669651277e+00,1.003391470946566555e+00,5.459638265861946893e-01,4.039997361656076369e-01,2.449364324239023880e-02,1.000489872864847696e+00,1.000734809297271655e+00,1.000857457495051284e+00,5.465338670418777856e-01,4.031613412518256778e-01,3.319091924700204408e-05,1.000000663818384927e+00,1.000000995727577502e+00,1.000001161682504192e+00,5.467275707381606953e-01,4.028763174614769516e-01
1.243386974323483773e+00,4.457545717459469037e-01,5.476085533285993678e-01,9.081872585430044165e-01,4.033355308605852674e-01,1.559254958255046342e-01,1.555366541900295718e-01,1.003110733083800499e+00,1.004666099625700859e+00,1.005451040391889928e+00,5.463763916066011195e-01,4.051517483778437900e-01,1.524943724454813077e-01,1.003049887448909550e+00,1.004574831173364435e+00,1.005344279395680163e+00,5.464003125874083988e-01,4.051165143060563856e-01,1.499283613706775264e-01,1.002998567227413540e+00,1.004497850841120421e+00,1.005254236202036688e+00,5.464204942512890240e-01,4.050867872153872118e-01,9.585009825608356571e-02,1.001917001965121568e+00,1.002875502947682573e+00,1.003357509611363607e+00,5.468470003118368616e-01,4.044583848201225851e-01,2.424857125024319077e-02,1.000484971425004810e+00,1.000727457137507326e+00,1.000848876391720710e+00,5.474152097861019195e-01,4.036206988865124190e-01,3.285882635985747091e-05,1.000000657176527197e+00,1.000000985764790906e+00,1.000001150059246502e+00,5.476082910170991802e-01,4.033359177961715059e-01
1.239415434769270963e+00,4.465451047956320862e-01,5.484902762234339368e-01,9.077590995646536154e-01,4.037944988435521187e-01,1.543592275730468755e-01,1.539742918434382768e-01,1.003079485836868789e+00,1.004619228755303073e+00,1.005396212639285025e+00,5.472620809421144816e-01,4.056091621287032933e-01,1.509625697535910971e-01,1.003019251395071754e+00,1.004528877092607742e+00,1.005290526850615818e+00,5.472859249748114330e-01,4.055739578813146728e-01,1.484223342048527627e-01,1.002968446684097126e+00,1.004452670026145578e+00,1.005201390453956956e+00,5.473060417173546410e-01,4.055442559636923683e-01,9.488728608031554712e-02,1.001897745721606281e+00,1.002846618582409421e+00,1.003323756091928809e+00,5.477311754050033787e-01,4.049163878648974757e-01,2.400499487348939365e-02,1.000480099897469888e+00,1.000720149846204610e+00,1.000840347692505850e+00,5.482975554574153199e-01,4.040794205677681883e-01,3.252876015568735595e-05,1.000000650575203043e+00,1.000000975862804564e+00,1.000001138506922960e+00,5.484900147569590212e-01,4.037948854443692004e-01
1.235450926158274676e+00,4.473370398331874553e-01,5.493730011892102860e-01,9.073292226496100232e-01,4.042528264502021629e-01,1.528026561918751913e-01,1.524216021864091830e-01,1.003048432043728289e+00,1.004572648065592322e+00,1.005341725779968387e+00,5.481487689300459376e-01,4.060659146705538070e-01,1.494402505544011883e-01,1.002988805011088003e+00,1.004483207516632115e+00,1.005237108485949715e+00,5.481725360802393032e-01,4.060307406548294695e-01,1.469256309537261274e-01,1.002938512619074629e+00,1.004407768928611722e+00,1.005148873225689909e+00,5.481925879568196880e-01,4.060010642537687509e-01,9.393043473898725348e-02,1.001878608694779738e+00,1.002817913042169717e+00,1.003290212093835621e+00,5.486163504468378749e-01,4.053737376924293478e-01,2.376292649434073173e-02,1.000475258529886835e+00,1.000712887794830142e+00,1.000831871830304642e+00,5.491809026579883568e-01,4.045374986233498116e-01,3.220073741341637763e-05,1.000000644014748197e+00,1.000000966022122295e+00,1.000001127026120429e+00,5.493727405670244535e-01,4.042532127118465546e-01
1.231493436043392897e+00,4.481303793449985529e-01,5.502567268183828908e-01,9.068976234337005060e-01,4.047105059601287524e-01,1.512558585473606498e-01,1.508786618926290790e-01,1.003017573237852567e+00,1.004526359856778850e+00,1.005287582477426334e+00,5.490364541174893587e-01,4.065219984255161734e-01,1.479274900218686128e-01,1.002958549800437416e+00,1.004437824700656012e+00,1.005184026913456652e+00,5.490601444516727270e-01,4.064868550459503904e-01,1.454383255263083097e-01,1.002908766510526073e+00,1.004363149765789220e+00,1.005096687085380358e+00,5.490801315184129505e-01,4.064572045026282887e-01,9.297959148257128881e-02,1.001859591829651341e+00,1.002789387744477123e+00,1.003256879263219714e+00,5.495025240018355239e-01,4.058304266703527396e-01,2.352237806642555953e-02,1.000470447561328413e+00,1.000705671341992842e+00,1.000823449223005701e+00,5.500652499732006095e-01,4.049949253551872186e-01,3.187477433120294433e-05,1.000000637495486622e+00,1.000000956243229933e+00,1.000001115617406455e+00,5.502564670397405155e-01,4.047108918782273967e-01
1.227542951999557985e+00,4.489251258218604490e-01,5.511414516865102975e-01,9.064642975646430845e-01,4.051675296268956727e-01,1.497189087226917514e-01,1.493455448605404134e-01,1.002986910897210704e+00,1.004480366345816167e+00,1.005233785297649618e+00,5.499251350349559919e-01,4.069774057917229237e-01,1.464243606089895011e-01,1.002928487212179753e+00,1.004392730818269630e+00,1.005131284649328549e+00,5.499487486205036912e-01,4.069422934499993261e-01,1.439604891564343625e-01,1.002879209783128722e+00,1.004318814674693083e+00,1.005044834507206719e+00,5.499686709342691548e-01,4.069126691032213250e-01,9.203480185128452840e-02,1.001840696037025635e+00,1.002761044055538564e+00,1.003223759186220310e+00,5.503896946177889715e-01,4.062864471415293943e-01,2.328336111070434741e-02,1.000465667222214083e+00,1.000698500833321125e+00,1.000815080273346203e+00,5.509505959715844670e-01,4.054516930394981844e-01,3.155088652090458628e-05,1.000000631017730512e+00,1.000000946526595547e+00,1.000001104281327047e+00,5.511411927506557618e-01,4.051679151971058768e-01
1.223599461623698037e+00,4.497212817589857359e-01,5.520271743521975027e-01,9.060292407022937367e-01,4.056238896781623193e-01,1.481918779957173971e-01,1.478223221902418005e-01,1.002956446443804772e+00,1.004434669665707158e+00,1.005180336708339617e+00,5.508148101963221688e-01,4.074321291433906089e-01,1.449309320251515043e-01,1.002898618640503114e+00,1.004347927960754561e+00,1.005078884113397741e+00,5.508383471014828281e-01,4.073970482383424963e-01,1.424921903804974854e-01,1.002849843807609886e+00,1.004274765711414830e+00,1.004993317870613190e+00,5.508582047198766762e-01,4.073674504245099470e-01,9.109610966085308903e-02,1.001821922193216974e+00,1.002732883289825683e+00,1.003190853388488346e+00,5.512778608257343782e-01,4.067417914241417964e-01,2.304588671186846849e-02,1.000460917734237398e+00,1.000691376601356097e+00,1.000806765368783768e+00,5.518369392047693944e-01,4.059077939269062352e-01,3.122908900319798861e-05,1.000000624581780073e+00,1.000000936872670110e+00,1.000001093018407783e+00,5.520269162583660849e-01,4.056242748961728095e-01
1.219662952534699141e+00,4.505188496560120770e-01,5.529138933570405534e-01,9.055924485188961981e-01,4.060795783158130390e-01,1.466748348188589846e-01,1.463090621634503541e-01,1.002926181243269044e+00,1.004389271864903455e+00,1.005127239078222212e+00,5.517054780987770135e-01,4.078861608308931297e-01,1.434472712164880093e-01,1.002868945424329805e+00,1.004303418136494708e+00,1.005026827628462849e+00,5.517289383926676782e-01,4.078511117584660006e-01,1.410334950181336144e-01,1.002820669900362782e+00,1.004231004850544062e+00,1.004942139459649830e+00,5.517487313740251365e-01,4.078215408115438700e-01,9.016355699016395664e-02,1.001803271139803275e+00,1.002704906709704913e+00,1.003158163334758601e+00,5.521670211398974626e-01,4.071964518117864862e-01,2.280996551521622881e-02,1.000456199310304273e+00,1.000684298965456520e+00,1.000798504881390549e+00,5.527242782074256455e-01,4.063632202425601636e-01,3.090939620334579859e-05,1.000000618187923962e+00,1.000000927281886165e+00,1.000001081829153593e+00,5.529136361044580950e-01,4.060799631773440721e-01
1.215733412373367628e+00,4.513178320170100899e-01,5.538016072255694811e-01,9.051539166993312069e-01,4.065345877160878585e-01,1.451678448020492229e-01,1.448058302264830233e-01,1.002896116604529597e+00,1.004344174906794507e+00,1.005074494676467145e+00,5.525971372227705958e-01,4.083394931808373429e-01,1.419734423491924025e-01,1.002839468846983939e+00,1.004259203270475798e+00,1.004975117419721675e+00,5.526205209753701775e-01,4.083044763340522576e-01,1.395844661558165445e-01,1.002791689323116353e+00,1.004187533984674419e+00,1.004891301462411013e+00,5.526402493787536674e-01,4.082749325855383749e-01,8.923718417077719511e-02,1.001784743683415524e+00,1.002677115525123286e+00,1.003125690428488648e+00,5.530571740576399886e-01,4.076504205735722586e-01,2.257560772399964250e-02,1.000451512154479916e+00,1.000677268231719985e+00,1.000790299167759079e+00,5.536126114972090839e-01,4.068179641862565976e-01,3.059182194760120789e-05,1.000000611836438846e+00,1.000000917754658492e+00,1.000001070714048756e+00,5.538013508134524976e-01,4.065349722168914992e-01
1.211810828802387441e+00,4.521182313504914507e-01,5.546903144651930129e-01,9.047136409413686353e-01,4.069889100297159334e-01,1.436709706986519230e-01,1.433126889762114109e-01,1.002866253779524319e+00,1.004299380669286368e+00,1.005022105672213950e+00,5.534897860319618612e-01,4.087921184961407217e-01,1.405095067957476129e-01,1.002810190135914992e+00,1.004215285203872376e+00,1.004923755614301140e+00,5.535130933141048093e-01,4.087571342650584416e-01,1.381451641333191482e-01,1.002762903282666374e+00,1.004144354923999671e+00,1.004840805970578232e+00,5.535327571992981754e-01,4.087276180439529671e-01,8.831702977827052270e-02,1.001766340595565463e+00,1.002649510893348195e+00,1.003093436011564199e+00,5.539483180594062528e-01,4.081036899542182517e-01,2.234282309723473192e-02,1.000446856461944645e+00,1.000670284692916967e+00,1.000782148568926111e+00,5.545019375747057833e-01,4.072720179325649004e-01,3.027637946024081651e-05,1.000000605527589181e+00,1.000000908291383883e+00,1.000001059673556014e+00,5.546900588927488052e-01,4.069892941655768315e-01
1.207895189506285050e+00,4.529200501694164993e-01,5.555800135661428385e-01,9.042716169559198436e-01,4.074425373820526608e-01,1.421842723943168574e-01,1.418296981489444997e-01,1.002836593962978862e+00,1.004254890944468404e+00,1.004970074134196256e+00,5.543834229731673391e-01,4.092440290561112914e-01,1.390555231240262757e-01,1.002781110462480418e+00,1.004171665693720739e+00,1.004872744240894233e+00,5.544066538565368685e-01,4.092090778277973073e-01,1.367156465329969761e-01,1.002734312930659843e+00,1.004101469395989987e+00,1.004790654979056841e+00,5.544262532840400493e-01,4.091795894605741446e-01,8.740313062538830613e-02,1.001748062612507706e+00,1.002622093918761559e+00,1.003061401364061300e+00,5.548404516086701266e-01,4.085562521741562536e-01,2.211162094796834121e-02,1.000442232418959465e+00,1.000663348628439087e+00,1.000774053410313336e+00,5.553922549233772932e-01,4.077253736309551790e-01,2.996308136121594929e-05,1.000000599261627210e+00,1.000000898892440926e+00,1.000001048708117013e+00,5.555797588325693814e-01,4.074429211487879954e-01
1.203986482191389040e+00,4.537232909912023437e-01,5.564707030014179878e-01,9.038278404672920319e-01,4.078954618732179016e-01,1.407078068987145381e-01,1.403569146121840805e-01,1.002807138292243661e+00,1.004210707438365491e+00,1.004918402030470226e+00,5.552780464763091839e-01,4.096952171165289536e-01,1.376115470892073922e-01,1.002752230941784228e+00,1.004128346412676231e+00,1.004822085229490014e+00,5.553012010334309467e-01,4.096602992750207339e-01,1.352959681718408913e-01,1.002705919363436893e+00,1.004058879045155228e+00,1.004740850385715589e+00,5.553207360644543122e-01,4.096308390855986636e-01,8.649552175696070822e-02,1.001729910435139148e+00,1.002594865652708833e+00,1.003029587704078684e+00,5.557335731518819877e-01,4.090080994296334538e-01,2.188201014199274430e-02,1.000437640202839873e+00,1.000656460304259809e+00,1.000766014001680082e+00,5.562835620095055722e-01,4.081780234059272372e-01,2.965193966441089199e-05,1.000000593038793184e+00,1.000000889558189998e+00,1.000001037818151861e+00,5.564704491059043745e-01,4.078958452666781032e-01
1.200084694585791478e+00,4.545279563377305765e-01,5.573623812267304301e-01,9.033823072134430365e-01,4.083476755782383116e-01,1.392416283400968458e-01,1.388943923591988427e-01,1.002777887847184024e+00,1.004166831770775925e+00,1.004867091228240694e+00,5.561736549543641051e-01,4.101456749097305288e-01,1.361776316284565858e-01,1.002723552632569071e+00,1.004085328948853606e+00,1.004771780411202853e+00,5.561967332585994184e-01,4.101107908360043242e-01,1.338861810962469479e-01,1.002677723621924866e+00,1.004016585432887299e+00,1.004691393991214987e+00,5.562162039550585524e-01,4.100813591457204699e-01,8.559423644656002916e-02,1.001711884728931246e+00,1.002567827093396868e+00,1.002997996187623642e+00,5.566276811184157625e-01,4.094592238928198014e-01,2.165399909699977643e-02,1.000433079981940088e+00,1.000649619972910020e+00,1.000758030637098228e+00,5.571758572821388089e-01,4.086299593571444122e-01,2.934296577649663198e-05,1.000000586859315588e+00,1.000000880288973271e+00,1.000001027004060461e+00,5.573621281684565387e-01,4.083480585943066732e-01
1.196189814439311050e+00,4.553340487353552679e-01,5.582550466804497846e-01,9.029350129462380137e-01,4.087991705471906156e-01,1.377857879626259996e-01,1.374421825063601166e-01,1.002748843650127286e+00,1.004123265475190818e+00,1.004816143493782343e+00,5.570702468033122967e-01,4.105953946446955216e-01,1.347538268583139409e-01,1.002695076537166274e+00,1.004042614805749523e+00,1.004721831518196939e+00,5.570932489288517031e-01,4.105605447166360555e-01,1.324863345794480562e-01,1.002649726691589027e+00,1.003974590037383541e+00,1.004642287498936026e+00,5.571126553533609638e-01,4.105311418442186278e-01,8.469930619485882550e-02,1.001693986123897151e+00,1.002540979185845726e+00,1.002966627908561170e+00,5.575227739205169675e-01,4.099096177119155304e-01,2.142759578216543379e-02,1.000428551915643283e+00,1.000642827873464924e+00,1.000750103594933993e+00,5.580691391730372430e-01,4.090811735595684118e-01,2.903617049636798462e-05,1.000000580723410026e+00,1.000000871085114929e+00,1.000001016266220510e+00,5.582547944585866118e-01,4.087995531817847361e-01
1.192301829523451318e+00,4.561415707149109044e-01,5.591486977835495864e-01,9.024859534317072329e-01,4.092499388053496001e-01,1.363403341264073920e-01,1.360003332931744580e-01,1.002720006665863473e+00,1.004080009998795209e+00,1.004765560492457910e+00,5.579678204020864785e-01,4.110443685071359377e-01,1.333401800747260613e-01,1.002666803601494516e+00,1.004000205402241885e+00,1.004672240183702270e+00,5.579907464239424186e-01,4.110095530995053204e-01,1.310964751215455693e-01,1.002621929502431009e+00,1.003932894253646291e+00,1.004593532514990839e+00,5.580100886398099425e-01,4.109801793610488030e-01,8.381076072965001900e-02,1.001676215214593046e+00,1.002514322821889570e+00,1.002935483898622193e+00,5.584188499532498628e-01,4.103592730112633480e-01,2.120280771815498747e-02,1.000424056154363139e+00,1.000636084231544709e+00,1.000742233137851933e+00,5.589634060966194307e-01,4.095316580635967596e-01,2.873156401515051175e-05,1.000000574631280337e+00,1.000000861946920505e+00,1.000001005604988169e+00,5.591484463972592467e-01,4.092503210544209957e-01
1.188420727631366525e+00,4.569505248117204377e-01,5.600433329395527737e-01,9.020351244503052035e-01,4.096999723533372162e-01,1.349053123101689455e-01,1.345688900849565661e-01,1.002691377801699035e+00,1.004037066702548664e+00,1.004715343788826987e+00,5.588663741125209361e-01,4.114925886595866000e-01,1.319367357556664455e-01,1.002638734715113333e+00,1.003958102072670000e+00,1.004623007942121005e+00,5.588892241065215316e-01,4.114578081439964619e-01,1.297166464520855267e-01,1.002594332929041654e+00,1.003891499393562592e+00,1.004545130548332832e+00,5.589085021777430162e-01,4.114284638529369653e-01,8.292862800749400964e-02,1.001658572560149896e+00,1.002487858840224844e+00,1.002904565127465286e+00,5.593159075944459380e-01,4.108081818914613437e-01,2.097964197753965712e-02,1.000419592839550731e+00,1.000629389259326096e+00,1.000734419512826934e+00,5.598586564499083984e-01,4.099814048952040157e-01,2.842915591676514373e-05,1.000000568583118365e+00,1.000000852874677548e+00,1.000000995020699612e+00,5.600430823879885001e-01,4.097003542128717646e-01
1.184546496577818964e+00,4.577609135656030559e-01,5.609389505344781757e-01,9.015825217971707994e-01,4.101492631672751243e-01,1.334807651165121622e-01,1.331478953780670105e-01,1.002662957907561436e+00,1.003994436861342043e+00,1.004665494846845641e+00,5.597659062793013396e-01,4.119400472415004066e-01,1.305435355662710739e-01,1.002610870711325486e+00,1.003916306066988229e+00,1.004574136229222869e+00,5.597886803220828433e-01,4.119053019863826992e-01,1.283468895351078387e-01,1.002566937790702051e+00,1.003850406686053187e+00,1.004497083010944536e+00,5.598078943133359964e-01,4.118759874534748122e-01,8.205293421694652423e-02,1.001641058684338947e+00,1.002461588026508421e+00,1.002873872502797248e+00,5.602139452046518420e-01,4.112563364294801183e-01,2.075810518561322510e-02,1.000415162103712285e+00,1.000622743155568317e+00,1.000726662951175516e+00,5.607548886124791299e-01,4.104304060560845513e-01,2.812895517903477038e-05,1.000000562579103525e+00,1.000000843868655398e+00,1.000000984513668589e+00,5.609387008167846522e-01,4.101496446332934531e-01
1.180679124199144781e+00,4.585727395208822332e-01,5.618355489367873323e-01,9.011281412823887171e-01,4.105978031989397370e-01,1.320667322796755527e-01,1.317373888076564248e-01,1.002634747776153024e+00,1.003952121664229757e+00,1.004616015030150855e+00,5.606664152299140058e-01,4.123867363693436983e-01,1.291606183664308627e-01,1.002583212367328613e+00,1.003874818550992920e+00,1.004525626382426040e+00,5.606891133989144738e-01,4.123520267399253814e-01,1.269872425766110924e-01,1.002539744851532300e+00,1.003809617277298338e+00,1.004449391218114496e+00,5.607082633755529066e-01,4.123227422732193559e-01,8.118370378333100712e-02,1.001623674075666548e+00,1.002435511113499933e+00,1.002843406870544518e+00,5.611129611270782025e-01,4.117037286787811334e-01,2.053820352159935539e-02,1.000410764070432057e+00,1.000616146105647974e+00,1.000718963668597139e+00,5.616521009464048309e-01,4.108786535237985982e-01,2.783097017532025461e-05,1.000000556619403458e+00,1.000000834929105187e+00,1.000000974084188421e+00,5.618353000521003615e-01,4.105981842674972238e-01
1.176818598353212675e+00,4.593860052263937233e-01,5.627331264973309821e-01,9.006719787312519321e-01,4.110455843759197592e-01,1.306632506757320344e-01,1.303374071578374538e-01,1.002606748143156645e+00,1.003910122214735079e+00,1.004566905602435556e+00,5.615678992745963827e-01,4.128326481366967338e-01,1.277880202207648253e-01,1.002555760404415297e+00,1.003833640606622835e+00,1.004477479641160409e+00,5.615905216480479023e-01,4.127979744949731300e-01,1.256377410343577083e-01,1.002512754820687135e+00,1.003769132231030703e+00,1.004402056388794096e+00,5.616096076760953570e-01,4.127687203997932319e-01,8.032095937500707827e-02,1.001606419187500041e+00,1.002409628781250284e+00,1.002813169015079664e+00,5.620129536875478893e-01,4.121503506694388363e-01,2.031994272023743275e-02,1.000406398854404744e+00,1.000609598281607227e+00,1.000711321865229930e+00,5.625502917962049709e-01,4.113261392519211856e-01,2.753520867666936519e-05,1.000000550704173596e+00,1.000000826056260284e+00,1.000000963732531112e+00,5.627328784447779286e-01,4.110459650431071421e-01
1.172964906919387040e+00,4.602007132354936636e-01,5.636316815492968813e-01,9.002140299845255988e-01,4.114925986017767823e-01,1.292703543351546025e-01,1.289479843742190601e-01,1.002578959687484339e+00,1.003868439531226509e+00,1.004518167727899813e+00,5.624703567062864229e-01,4.132777746143544984e-01,1.264257744109091586e-01,1.002528515488218197e+00,1.003792773232327296e+00,1.004429697147312561e+00,5.624929033632086739e-01,4.132431373190657564e-01,1.242984176299563315e-01,1.002485968352599066e+00,1.003728952528898599e+00,1.004355079646035875e+00,5.625119255093530279e-01,4.132139138979899484e-01,7.946472191109485439e-02,1.001589294438221867e+00,1.002383941657332800e+00,1.002783159659496715e+00,5.629139211944457211e-01,4.125961944082645050e-01,2.010332807373668706e-02,1.000402066561474790e+00,1.000603099842212185e+00,1.000703737725720854e+00,5.634494594887928809e-01,4.117728551701930195e-01,2.724167785446480162e-05,1.000000544833557159e+00,1.000000817250335627e+00,1.000000953458947794e+00,5.636314343279967831e-01,4.114929788637206598e-01
1.169118037798490217e+00,4.610168661060663475e-01,5.645312124081575123e-01,8.997542908987122834e-01,4.119388377562090975e-01,1.278880744576730288e-01,1.275691515787262253e-01,1.002551383031574428e+00,1.003827074547361864e+00,1.004469802471785744e+00,5.633737858005734012e-01,4.137221078504324523e-01,1.250739114500469817e-01,1.002501478229000931e+00,1.003752217343501396e+00,1.004382279945749357e+00,5.633962568207663280e-01,4.136875072570396772e-01,1.229693023631471260e-01,1.002459386047263035e+00,1.003689079070894330e+00,1.004308462017507342e+00,5.634152151523534879e-01,4.136583148098800233e-01,7.861501057060768516e-02,1.001572300211412081e+00,1.002358450317118121e+00,1.002753379465937122e+00,5.638158619386671733e-01,4.130412518789343679e-01,1.988836443408663682e-02,1.000397767288681683e+00,1.000596650933022635e+00,1.000696211419304982e+00,5.643496023334237943e-01,4.122187931846750253e-01,2.695038428355500074e-05,1.000000539007685596e+00,1.000000808511528616e+00,1.000000943263667841e+00,5.645309660172205257e-01,4.119392176090711510e-01
1.165277978912764301e+00,4.618344664005325506e-01,5.654317173716174594e-01,8.992927573463178614e-01,4.123842936952166749e-01,1.265164394293466221e-01,1.262009370866300495e-01,1.002524018741732581e+00,1.003786028112598983e+00,1.004421810800988579e+00,5.642781848156485092e-01,4.141656398704739450e-01,1.237324590996055074e-01,1.002474649181992028e+00,1.003711973772988264e+00,1.004335228984916784e+00,5.643005802796848824e-01,4.141310763311368826e-01,1.216504225282178941e-01,1.002433008450564378e+00,1.003649512675846456e+00,1.004262204436078054e+00,5.643194748647125669e-01,4.141019151549207855e-01,7.777184280294702212e-02,1.001555436856058856e+00,1.002333155284088395e+00,1.002723829035963021e+00,5.647187741935681959e-01,4.134855150421186121e-01,1.967505621571211463e-02,1.000393501124314133e+00,1.000590251686471310e+00,1.000688743099900968e+00,5.652507186216432222e-01,4.126639451779049450e-01,2.666133394585196671e-05,1.000000533226678812e+00,1.000000799840018439e+00,1.000000933146901083e+00,5.654314718101458581e-01,4.123846731351950567e-01
1.161444718205831617e+00,4.626535166858573578e-01,5.663331947195627825e-01,8.988294252161190823e-01,4.128289582512710276e-01,1.251554748417784690e-01,1.248433664257141834e-01,1.002496867328514174e+00,1.003745300992771483e+00,1.004374193584742114e+00,5.651835519922553397e-01,4.146083626775603492e-01,1.224014423880474128e-01,1.002448028847760852e+00,1.003672043271641501e+00,1.004288545117511200e+00,5.652058719814738730e-01,4.145738365411174575e-01,1.203418027324792833e-01,1.002406836054649641e+00,1.003610254081974462e+00,1.004216307740482206e+00,5.652247028885859503e-01,4.145447069300696730e-01,7.693523433971377612e-02,1.001538704686794290e+00,1.002308057030191435e+00,1.002694508910974891e+00,5.656226562149153647e-01,4.139289758356154425e-01,1.946340739846137008e-02,1.000389268147969135e+00,1.000583902221953814e+00,1.000681332906214305e+00,5.661528066272357718e-01,4.131083030090571540e-01,2.637453223438033590e-05,1.000000527490644719e+00,1.000000791235966968e+00,1.000000923108836925e+00,5.663329499866501804e-01,4.128293372745999168e-01
1.157618243642660083e+00,4.634740195335583235e-01,5.672356427140088364e-01,8.983642904134317986e-01,4.132728232334857421e-01,1.238052035133927198e-01,1.234964623574989762e-01,1.002469929247149949e+00,1.003704893870724923e+00,1.004326951595376771e+00,5.660898855536411478e-01,4.150502682524256914e-01,1.210808836316799308e-01,1.002421617672633491e+00,1.003632426508950459e+00,1.004242229101222961e+00,5.661121301501390590e-01,4.150157798643732132e-01,1.190434649167237541e-01,1.002380869298334476e+00,1.003571303947501603e+00,1.004170772676047152e+00,5.661308974486188861e-01,4.149866821098993630e-01,7.610519920778779923e-02,1.001522103984155754e+00,1.002283155976233742e+00,1.002665419572676742e+00,5.665275062408356987e-01,4.143716261744857521e-01,1.925342153091496103e-02,1.000385068430618363e+00,1.000577602645927433e+00,1.000673980961854337e+00,5.670558646061745200e-01,4.135518585141051973e-01,2.608998395776126770e-05,1.000000521799679243e+00,1.000000782699518753e+00,1.000000913149642789e+00,5.672353988087410759e-01,4.132732018364359550e-01
1.153798543209522798e+00,4.642959775197134098e-01,5.681390595990502002e-01,8.978973488603810837e-01,4.137158804277920043e-01,1.224656455126956756e-01,1.221602449004445673e-01,1.002443204898008977e+00,1.003664807347013355e+00,1.004280085509145826e+00,5.669971837055080011e-01,4.154913485535718931e-01,1.197708024574040964e-01,1.002395416049148169e+00,1.003593124073722143e+00,1.004196281599545770e+00,5.670193529921336850e-01,4.154568982560455925e-01,1.177554283775919808e-01,1.002355108567551945e+00,1.003532662851327695e+00,1.004125599895489440e+00,5.670380567518984449e-01,4.154278326467167326e-01,7.528174974362689120e-02,1.001505634994872551e+00,1.002258452492308827e+00,1.002636561443580376e+00,5.674333224917672558e-01,4.148134579511925102e-01,1.904510173400319681e-02,1.000380902034680108e+00,1.000571353052020163e+00,1.000666687375460384e+00,5.679598907965700549e-01,4.139946035059871576e-01,2.580769334511431233e-05,1.000000516153866981e+00,1.000000774230800360e+00,1.000000903269467001e+00,5.681388165205046858e-01,4.137162586066706615e-01
1.149985604913960735e+00,4.651193932249693130e-01,5.690434436008098285e-01,8.974285964961709050e-01,4.141581215971144592e-01,1.211368181834436980e-01,1.208347313550560687e-01,1.002416694627101146e+00,1.003625041940651608e+00,1.004233595907117360e+00,5.679054446359648178e-01,4.159315955173900625e-01,1.184712158273288074e-01,1.002369424316546631e+00,1.003554136474819947e+00,1.004150703182650650e+00,5.679275386963104078e-01,4.158971836491474061e-01,1.164777097917727711e-01,1.002329554195835470e+00,1.003494331293753206e+00,1.004080789959775677e+00,5.679461789879045597e-01,4.158681504706845944e-01,7.446489660873797933e-02,1.001489297932174782e+00,1.002233946898262174e+00,1.002607934887554064e+00,5.683401031704097273e-01,4.152544630357425381e-01,1.883845070492006987e-02,1.000376769014098333e+00,1.000565153521147499e+00,1.000659452240839631e+00,5.688648834186208481e-01,4.144365297747737986e-01,2.552766405136117200e-05,1.000000510553280986e+00,1.000000765829921479e+00,1.000000893468437013e+00,5.690432013480559714e-01,4.141584993482657073e-01
1.146179416784746330e+00,4.659442692345494019e-01,5.699487929273890918e-01,8.969580292773572383e-01,4.145995384815523432e-01,1.198187361716378657e-01,1.195199363308108442e-01,1.002390398726616283e+00,1.003585598089924424e+00,1.004187483276132609e+00,5.688146665154784065e-01,4.163710010582820087e-01,1.171821380651715122e-01,1.002343642761303499e+00,1.003515464141955249e+00,1.004105494328325632e+00,5.688366854338724465e-01,4.163366279546857340e-01,1.152103232419594697e-01,1.002304206464839087e+00,1.003456309697258853e+00,1.004036343339042903e+00,5.688552623284617304e-01,4.163076274899464302e-01,7.365464880627115019e-02,1.001473092976125523e+00,1.002209639464188173e+00,1.002579540210406739e+00,5.692478464616761435e-01,4.156946332758310603e-01,1.863347072132132826e-02,1.000372669414426374e+00,1.000559004121639672e+00,1.000652275637115673e+00,5.697708406745629617e-01,4.148776290878396500e-01,2.524989916291439789e-05,1.000000504997983208e+00,1.000000757496974924e+00,1.000000883746661851e+00,5.699485514994884205e-01,4.145999158013571884e-01
1.142379966871844399e+00,4.667706081382618222e-01,5.708551057688179275e-01,8.964856431781204060e-01,4.150401227985615615e-01,1.185114114542648311e-01,1.182158717748277715e-01,1.002364317435496588e+00,1.003546476153244882e+00,1.004141748009820923e+00,5.697248474968262810e-01,4.168095570687871398e-01,1.159035808843665860e-01,1.002318071617687378e+00,1.003477107426530957e+00,1.004060655422971404e+00,5.697467913583263988e-01,4.167752230617902121e-01,1.139532802444854082e-01,1.002279065604889663e+00,1.003418598407334494e+00,1.003992260413580251e+00,5.697653049276910631e-01,4.167462555907547883e-01,7.285101369868719756e-02,1.001457020273973653e+00,1.002185530410960590e+00,1.002551377660512832e+00,5.701565505326432470e-01,4.161339604969893635e-01,1.843016364579405306e-02,1.000368603272915990e+00,1.000552904909373764e+00,1.000645157628882620e+00,5.706777607486210879e-01,4.153178931900368132e-01,2.497440120373405181e-05,1.000000499488024053e+00,1.000000749232036190e+00,1.000000874104229442e+00,5.708548651648240879e-01,4.150404996834381466e-01
1.138587243246375724e+00,4.675984125305076566e-01,5.717623802970057678e-01,8.960114341905386359e-01,4.154798662431403722e-01,1.172148533697045802e-01,1.169225470021990898e-01,1.002338450940043924e+00,1.003507676410065885e+00,1.004096390409676021e+00,5.706359857150483661e-01,4.172472554197114714e-01,1.146355534178040009e-01,1.002292711068356157e+00,1.003439066602534124e+00,1.004016186762655582e+00,5.706578546054337231e-01,4.172129608378420951e-01,1.127065897785620857e-01,1.002254131795571324e+00,1.003381197693356874e+00,1.003948541474863676e+00,5.706763049219629735e-01,4.171840266376027340e-01,7.205399702644973980e-02,1.001441079940528889e+00,1.002161619910793444e+00,1.002523447429471748e+00,5.710662135325044186e-01,4.165724365027361764e-01,1.822853093058548687e-02,1.000364570618611726e+00,1.000546855927917589e+00,1.000638098266372511e+00,5.715856418069592548e-01,4.157573138038720417e-01,2.470117214173567308e-05,1.000000494023442821e+00,1.000000741035164342e+00,1.000000864541207957e+00,5.717621405159647452e-01,4.154802426895443657e-01
1.134801234000578418e+00,4.684276850102893630e-01,5.726706146656928009e-01,8.955353983248638405e-01,4.159187604880180689e-01,1.159290686497255196e-01,1.156399687279057592e-01,1.002312799374558194e+00,1.003469199061837180e+00,1.004051410686187085e+00,5.715480792874004790e-01,4.176840879602601864e-01,1.133780622491203233e-01,1.002267561244982508e+00,1.003401341867473651e+00,1.003972088554219155e+00,5.715698732931642212e-01,4.176498331286093157e-01,1.114702583170437550e-01,1.002229405166340959e+00,1.003344107749511327e+00,1.003905186726643306e+00,5.715882604298491154e-01,4.176209324733579642e-01,7.126360292769320925e-02,1.001425272058553917e+00,1.002137908087830764e+00,1.002495749652799972e+00,5.719768335925208280e-01,4.170100530747313239e-01,1.802857362257873422e-02,1.000360571472451499e+00,1.000540857208677359e+00,1.000631097585630291e+00,5.724944819976320876e-01,4.161958826296860980e-01,2.443021339553273533e-05,1.000000488604267934e+00,1.000000732906401790e+00,1.000000855057647797e+00,5.726703757066425871e-01,4.159191364924423318e-01
1.131021927247773284e+00,4.692584281812180458e-01,5.735798070104012325e-01,8.950575316097978407e-01,4.163567971838467163e-01,1.146540614529874547e-01,1.143681411002368670e-01,1.002287362822004813e+00,1.003431044233006997e+00,1.004006808960018038e+00,5.724611263133064787e-01,4.181200465181738601e-01,1.121311114454645042e-01,1.002242622228909363e+00,1.003363933343363934e+00,1.003928360916437335e+00,5.724828455216481871e-01,4.180858317583824868e-01,1.102442898586417780e-01,1.002204885797172818e+00,1.003307328695759226e+00,1.003862196286086306e+00,5.725011695520759725e-01,4.180569649194012527e-01,7.047983395881771140e-02,1.001409596679176284e+00,1.002114395018764537e+00,1.002468284410656940e+00,5.728884088259744711e-01,4.174468019729330459e-01,1.783029236850290980e-02,1.000356605847370073e+00,1.000534908771055109e+00,1.000624155608695220e+00,5.734042794505371798e-01,4.166335913458369400e-01,2.416152584149686939e-05,1.000000483230516934e+00,1.000000724845775180e+00,1.000000845653579828e+00,5.735795688723724917e-01,4.163571727428216906e-01
1.127249311122322073e+00,4.700906446515227266e-01,5.744899554483872128e-01,8.945778300927689219e-01,4.167939679593939961e-01,1.133898333999693031e-01,1.131070657356302300e-01,1.002262141314712585e+00,1.003393211972068988e+00,1.003962585263243001e+00,5.733751248743120810e-01,4.185551228998675710e-01,1.108947025916570267e-01,1.002217894051833147e+00,1.003326841077749609e+00,1.003885003881226812e+00,5.733967693731303328e-01,4.185209485301161214e-01,1.090286859615089421e-01,1.002180573719230194e+00,1.003270860578845181e+00,1.003819570184961485e+00,5.734150303714775632e-01,4.184921157757673926e-01,6.970269111595964184e-02,1.001394053822319163e+00,1.002091080733478856e+00,1.002441051728603094e+00,5.738009373281203196e-01,4.178826749357582027e-01,1.763368742036490119e-02,1.000352673748407195e+00,1.000529010622611015e+00,1.000617272343792274e+00,5.743150322773667993e-01,4.170704316088850727e-01,2.389510982111831195e-05,1.000000477902196483e+00,1.000000716853294724e+00,1.000000836329015153e+00,5.744897181304029488e-01,4.167943430694880380e-01
1.123483373779594174e+00,4.709243370340579493e-01,5.754010580785937634e-01,8.940962898402101677e-01,4.172302644217418255e-01,1.121363836092492822e-01,1.118567417548621268e-01,1.002237134835097132e+00,1.003355702252645809e+00,1.003918739540622829e+00,5.742900730340378956e-01,4.189893088905737306e-01,1.096688348256716766e-01,1.002193376696513427e+00,1.003290065044770252e+00,1.003842017394898090e+00,5.743116429119227151e-01,4.189551752255719630e-01,1.078234457781243050e-01,1.002156468915562426e+00,1.003234703373343750e+00,1.003777308370872090e+00,5.743298409529493664e-01,4.189263768212905248e-01,6.893217385729379088e-02,1.001378643477145891e+00,1.002067965215718726e+00,1.002414051578383036e+00,5.747144171761400244e-01,4.183176636802460879e-01,1.743875864109142512e-02,1.000348775172821725e+00,1.000523162759232809e+00,1.000610447785529100e+00,5.752267385715600367e-01,4.175063950537817870e-01,2.363096514865140114e-05,1.000000472619303027e+00,1.000000708928954429e+00,1.000000827083947774e+00,5.754008215796695414e-01,4.172306390795608722e-01
1.119724103395926651e+00,4.717595079463121066e-01,5.763131129816029263e-01,8.936129069378390133e-01,4.176656781564850873e-01,1.108937087350512357e-01,1.106171658204999908e-01,1.002212343316410070e+00,1.003318514974615105e+00,1.003875271650929824e+00,5.752059688381340186e-01,4.194225962544884667e-01,1.084535048753557385e-01,1.002169070097507220e+00,1.003253605146260607e+00,1.003799401319453555e+00,5.752274641843592162e-01,4.193885036054660898e-01,1.066285660913954131e-01,1.002132571321827870e+00,1.003198856982741916e+00,1.003735410708530784e+00,5.752455993434015813e-01,4.193597398137514642e-01,6.816828012611370058e-02,1.001363365602522260e+00,1.002045048403783500e+00,1.002387283878738655e+00,5.756288464290950646e-01,4.187517599022252401e-01,1.724550551036801646e-02,1.000344910110207319e+00,1.000517365165310979e+00,1.000603681915100740e+00,5.761393964082570651e-01,4.179414732940616162e-01,2.336909111902684679e-05,1.000000467381822356e+00,1.000000701072733644e+00,1.000000817918353047e+00,5.763128773007469841e-01,4.176660523586732121e-01
1.115971488168590042e+00,4.725961600104155447e-01,5.772261182195896900e-01,8.931276774909373550e-01,4.181002007279354116e-01,1.096618030059860055e-01,1.093883321755471372e-01,1.002187766643510836e+00,1.003281649965266364e+00,1.003832181368308873e+00,5.761228103142337353e-01,4.198549767349211148e-01,1.072487070963188405e-01,1.002144974141926381e+00,1.003217461212889461e+00,1.003757155433923298e+00,5.761442312187490256e-01,4.198209254096204601e-01,1.054440413519096148e-01,1.002108880827038195e+00,1.003163321240557293e+00,1.003693876981073929e+00,5.761623035717140517e-01,4.197921964900301339e-01,6.741100637464668421e-02,1.001348220127493027e+00,1.002022330191239430e+00,1.002360748496246901e+00,5.765442231278807839e-01,4.191849552764833065e-01,1.705392713066383736e-02,1.000341078542613227e+00,1.000511617813919951e+00,1.000596974700502351e+00,5.770530038442511778e-01,4.183756579220357930e-01,2.310948651601588122e-05,1.000000462189730266e+00,1.000000693284595510e+00,1.000000808832188337e+00,5.772258833558027158e-01,4.181005744711741023e-01
1.112225516315747953e+00,4.734342958531489454e-01,5.781400718362750268e-01,8.926405976246325480e-01,4.185338236793259559e-01,1.084406582649047185e-01,1.081702326831967265e-01,1.002163404653663825e+00,1.003245106980495960e+00,1.003789468383683436e+00,5.770405954719077801e-01,4.202864420544475954e-01,1.060544335109092628e-01,1.002121088670218096e+00,1.003181633005327367e+00,1.003715279435742014e+00,5.770619420253318976e-01,4.202524323571167897e-01,1.042698637162545322e-01,1.002085397274325107e+00,1.003128095911487661e+00,1.003652706891412949e+00,5.770799516486901926e-01,4.202237385662601077e-01,6.666034758855228504e-02,1.001333206951771082e+00,1.001999810427656623e+00,1.002334445246181538e+00,5.774605452951800943e-01,4.196172414569405706e-01,1.686402223342941403e-02,1.000337280444668631e+00,1.000505920667002835e+00,1.000590326096743699e+00,5.779675589179436024e-01,4.188089405089906458e-01,2.285214962062869594e-05,1.000000457042992341e+00,1.000000685564488512e+00,1.000000799825393472e+00,5.781398377885508255e-01,4.185341969603353363e-01
1.108486176076422414e+00,4.742739181059514864e-01,5.790549718568807069e-01,8.921516634841795135e-01,4.189665385330206826e-01,1.072302640097928528e-01,1.069628568676238012e-01,1.002139257137352413e+00,1.003208885706028619e+00,1.003747132306191503e+00,5.779593223026200377e-01,4.207169839150675661e-01,1.048706738482081818e-01,1.002097413476964238e+00,1.003146120215446135e+00,1.003673772942157427e+00,5.779805945962324110e-01,4.206830161464539808e-01,1.031060230863392740e-01,1.002062120461726824e+00,1.003093180692590236e+00,1.003611900063620999e+00,5.779985415670120252e-01,4.206543577379878718e-01,6.591629731206058440e-02,1.001318325946241261e+00,1.001977488919361781e+00,1.002308373893397553e+00,5.783778109354188457e-01,4.200486100768267561e-01,1.667578918545622665e-02,1.000333515783709215e+00,1.000500273675563712e+00,1.000583736046074534e+00,5.788830596492972047e-01,4.192413126053876060e-01,2.259707821973221584e-05,1.000000451941564394e+00,1.000000677912346703e+00,1.000000790897890957e+00,5.790547386242058669e-01,4.189669113485586238e-01
1.104753455710457022e+00,4.751150294049291123e-01,5.799708162880836682e-01,8.916608712352441790e-01,4.193983367907257453e-01,1.060306074356266448e-01,1.057661919557373043e-01,1.002115323839114724e+00,1.003172985758672198e+00,1.003705172664659084e+00,5.788789887796820244e-01,4.211465939983645712e-01,1.036974155849649387e-01,1.002073948311699381e+00,1.003110922467548960e+00,1.003632635491673586e+00,5.789001869054152261e-01,4.211126684557106037e-01,1.019525071496409918e-01,1.002039050142992771e+00,1.003058575214489156e+00,1.003571456044351606e+00,5.789180713011954360e-01,4.210840456803348619e-01,6.517884767370209220e-02,1.001303576953473939e+00,1.001955365430211131e+00,1.002282534153234650e+00,5.792960180347204169e-01,4.204790527488612706e-01,1.648922599538597475e-02,1.000329784519907728e+00,1.000494676779861480e+00,1.000577204478210636e+00,5.797995040397917466e-01,4.196727657410669887e-01,2.234426961487068019e-05,1.000000446885392247e+00,1.000000670328088370e+00,1.000000782049586201e+00,5.799705838694376725e-01,4.193987091375884768e-01
1.101027343498478750e+00,4.759576323908628614e-01,5.808876031179709409e-01,8.911682170641872514e-01,4.198292099337037619e-01,1.048416734771180497e-01,1.045802229198185135e-01,1.002091604458396290e+00,1.003137406687594657e+00,1.003663588909101234e+00,5.797995928582089231e-01,4.215752639656703549e-01,1.025346439874015164e-01,1.002050692879748128e+00,1.003076039319622081e+00,1.003591866545524569e+00,5.798207169086413426e-01,4.215413809427091540e-01,1.008093014203058080e-01,1.002016186028406031e+00,1.003024279042609157e+00,1.003531374304286627e+00,5.798385388075455449e-01,4.215127940481637747e-01,6.444798941258375602e-02,1.001288959788251720e+00,1.001933439682377580e+00,1.002256925692442513e+00,5.802151645608608632e-01,4.209085610654357823e-01,1.630433032035799243e-02,1.000326086606407205e+00,1.000489129909610808e+00,1.000570731310568950e+00,5.807168900723784777e-01,4.201032914254547723e-01,2.209372063127346532e-05,1.000000441874412616e+00,1.000000662811618923e+00,1.000000773280368627e+00,5.808873715123263892e-01,4.198295818087257048e-01
1.097307827741860642e+00,4.768017297092171369e-01,5.818053303159954615e-01,8.906736971783489887e-01,4.202591494229914182e-01,1.036634448522762708e-01,1.034049325209738385e-01,1.002068098650419570e+00,1.003102147975629244e+00,1.003622380412255044e+00,5.807211324750752857e-01,4.220029854582326156e-01,1.013823421538154329e-01,1.002027646843076214e+00,1.003041470264614432e+00,1.003551465489173511e+00,5.807421825434229135e-01,4.219691452451854174e-01,9.967638928103486617e-02,1.001993527785620675e+00,1.002990291678431012e+00,1.003491654239610398e+00,5.807599420241128518e-01,4.219405944762474880e-01,6.372371190516702699e-02,1.001274474238103451e+00,1.001911711357154955e+00,1.002231548130118721e+00,5.811352484632252846e-01,4.213371265988022918e-01,1.612109947278368011e-02,1.000322421989455757e+00,1.000483632984183524e+00,1.000564316448501856e+00,5.816352157114359489e-01,4.205328811477715978e-01,2.184542762703498039e-05,1.000000436908552448e+00,1.000000655362828894e+00,1.000000764590110114e+00,5.818050995223179589e-01,4.202595208230448520e-01
1.093594896762688506e+00,4.776473240101479223e-01,5.827239958329321068e-01,8.901773078063355271e-01,4.206881466996196250e-01,1.024959021067146786e-01,1.022403013533313559e-01,1.002044806027066581e+00,1.003067209040599872e+00,1.003581546471132624e+00,5.816436055488712897e-01,4.224297500973866470e-01,1.002404910579116765e-01,1.002004809821158249e+00,1.003007214731737262e+00,1.003511431633841156e+00,5.816645817289806120e-01,4.223959529809606650e-01,9.855375202568718296e-02,1.001971075040513748e+00,1.002956612560770511e+00,1.003452295173510311e+00,5.816822788706493830e-01,4.223674385794429775e-01,6.300600319250405923e-02,1.001260120063850012e+00,1.001890180095775129e+00,1.002206401038669092e+00,5.820562676727635276e-01,4.217647409012623694e-01,1.593953042723684002e-02,1.000318790608544672e+00,1.000478185912817120e+00,1.000557959785542295e+00,5.825544789027267134e-01,4.209615263772465421e-01,2.159938650245165723e-05,1.000000431987730032e+00,1.000000647981595048e+00,1.000000755978667444e+00,5.827237658501805972e-01,4.206885176216155764e-01
1.089888538903720061e+00,4.784944179485112192e-01,5.836435976008340631e-01,8.896790451983052073e-01,4.211161931848368400e-01,1.013390236586296650e-01,1.010863078889074063e-01,1.002021726157778181e+00,1.003032589236667160e+00,1.003541086308604502e+00,5.825670099798595514e-01,4.228555494847303642e-01,9.910906959279185136e-02,1.001982181391855908e+00,1.002973272087783752e+00,1.003471764218050399e+00,5.825879123661995562e-01,4.228217957481178457e-01,9.744136890252851069e-02,1.001948827378050577e+00,1.002923241067075866e+00,1.003413296357700490e+00,5.826055472485655029e-01,4.227933179528681751e-01,6.229485000788705096e-02,1.001245897000157647e+00,1.001868845500236693e+00,1.002181483944777352e+00,5.829782201019471088e-01,4.221913955053612777e-01,1.575961982744850456e-02,1.000315192396548980e+00,1.000472788594823470e+00,1.000551661203645804e+00,5.834746775733526958e-01,4.213892185633315024e-01,2.135559270950051670e-05,1.000000427111854107e+00,1.000000640667781271e+00,1.000000747445881411e+00,5.836433684279608292e-01,4.211165636257242495e-01
1.086188742528350737e+00,4.793430141838713743e-01,5.845641335329901933e-01,8.891789056262562330e-01,4.215432802803354417e-01,1.001927858443863173e-01,9.994292852307862240e-02,1.001998858570461559e+00,1.002998287855692450e+00,1.003500999074996347e+00,5.834913436499323813e-01,4.232803752023036048e-01,9.798805461553675156e-02,1.001959761092310774e+00,1.002939641638466162e+00,1.003432462409198145e+00,5.835121723375867875e-01,4.232466651251814427e-01,9.633921715806376129e-02,1.001926784343161181e+00,1.002890176514741993e+00,1.003374656973960999e+00,5.835297450408867270e-01,4.232182241720823801e-01,6.159023780487046101e-02,1.001231804756097299e+00,1.001847707134146059e+00,1.002156796330388122e+00,5.839011036447260272e-01,4.226170819240848697e-01,1.558136399339614571e-02,1.000311627279867999e+00,1.000467440919801776e+00,1.000545420573439870e+00,5.843958096317134476e-01,4.218159491359216307e-01,2.111404126144564379e-05,1.000000422280825196e+00,1.000000633421237906e+00,1.000000738991577931e+00,5.845639051689406340e-01,4.215436502371012750e-01
1.082495496020576820e+00,4.801931153805093500e-01,5.854856015238820710e-01,8.886768853843151073e-01,4.219693993684802691e-01,9.905716296464162074e-02,9.881013762059015493e-02,1.001976202752411726e+00,1.002964304128617812e+00,1.003461283849709673e+00,5.844166044225685974e-01,4.237042188127706499e-01,9.687742099231455573e-02,1.001937548419846280e+00,1.002906322629769420e+00,1.003393525305140477e+00,5.844373595072287486e-01,4.236705526713017145e-01,9.524727208138616952e-02,1.001904945441627781e+00,1.002857418162441672e+00,1.003336376135700370e+00,5.844548701122116441e-01,4.236421487932711671e-01,6.089215078562379424e-02,1.001217843015712372e+00,1.001826764523568780e+00,1.002132337633705017e+00,5.848249161764864645e-01,4.230417916510606502e-01,1.540475892847647209e-02,1.000308095178569445e+00,1.000462142767854390e+00,1.000539237754475730e+00,5.853178729674627379e-01,4.222417095055757685e-01,2.087472674255790760e-05,1.000000417494534943e+00,1.000000626241802193e+00,1.000000730615566935e+00,5.854853739675952573e-01,4.219697688381502387e-01
1.078808787784959033e+00,4.810447242074311625e-01,5.864079994491422365e-01,8.881729807890264006e-01,4.223945418125416018e-01,9.793212733093904776e-02,9.768790756203396541e-02,1.001953758151240770e+00,1.002930637226860933e+00,1.003421939642856309e+00,5.853427901427922242e-01,4.241270718596070743e-01,9.577714164395018104e-02,1.001915542832878980e+00,1.002873314249318470e+00,1.003354951935796491e+00,5.853634717207486515e-01,4.240934499264412683e-01,9.416550704897984347e-02,1.001883310140979644e+00,1.002824965211469355e+00,1.003298452889529679e+00,5.853809203086691726e-01,4.240650833534341801e-01,6.020057192957407877e-02,1.001204011438591390e+00,1.001806017157887307e+00,1.002108107250193170e+00,5.857496555540085970e-01,4.234655161607609464e-01,1.522980032675152508e-02,1.000304596006535096e+00,1.000456894009802644e+00,1.000533112595481944e+00,5.862408654514670303e-01,4.226664910637424888e-01,2.063764331793404175e-05,1.000000412752866330e+00,1.000000619129299606e+00,1.000000722317643920e+00,5.864077726995506890e-01,4.223949107921792789e-01
1.075128606246585239e+00,4.818978433383762083e-01,5.873313251655130074e-01,8.876671881796419639e-01,4.228186989569295839e-01,9.681764931271064079e-02,9.657620879073380848e-02,1.001931524175814658e+00,1.002897286263721988e+00,1.003382965396907078e+00,5.862698986371304155e-01,4.245489258672900390e-01,9.468718759189305445e-02,1.001893743751837818e+00,1.002840615627756726e+00,1.003316741264764334e+00,5.862905068052656210e-01,4.245153484115674059e-01,9.309389356991407127e-02,1.001861877871398354e+00,1.002792816807097420e+00,1.003260886216853054e+00,5.863078934578774826e-01,4.244870193705775341e-01,5.951548302229887899e-02,1.001190309660445976e+00,1.001785464490668964e+00,1.002084104533596198e+00,5.866753196154249617e-01,4.238882469087114635e-01,1.505648358025815994e-02,1.000301129671605116e+00,1.000451694507407785e+00,1.000527044934618415e+00,5.871647849357637394e-01,4.230902851829874689e-01,2.040278474340157997e-05,1.000000408055694789e+00,1.000000612083542295e+00,1.000000714097590615e+00,5.873310992215430293e-01,4.228190674436368979e-01
1.071454939851035348e+00,4.827524754518257022e-01,5.882555765108051782e-01,8.871595039184122511e-01,4.232418621274326997e-01,9.571369738462529031e-02,9.547500985997535439e-02,1.001909500197199598e+00,1.002864250295799176e+00,1.003344359988351364e+00,5.871979277135717101e-01,4.249697723414925243e-01,9.360752800452351585e-02,1.001872150560090491e+00,1.002808225840135625e+00,1.003278892190948124e+00,5.872184625693523952e-01,4.249362396288462462e-01,9.203240133137045864e-02,1.001840648026627312e+00,1.002760972039941079e+00,1.003223675035466389e+00,5.872357873689022512e-01,4.249079483439096028e-01,5.883686468463208974e-02,1.001176737293692609e+00,1.001765105940539025e+00,1.002060328796955835e+00,5.876019061801794896e-01,4.243099753317015055e-01,1.488480378637135199e-02,1.000297696075727494e+00,1.000446544113591241e+00,1.000521034599738179e+00,5.880896292535207071e-01,4.235130832172254722e-01,2.017014437549676529e-05,1.000000403402887539e+00,1.000000605104331308e+00,1.000000705955175206e+00,5.882553513713765225e-01,4.232422301183495494e-01
1.067787777064343580e+00,4.836086232310110589e-01,5.891807513038574973e-01,8.866499243908780858e-01,4.236640226314581925e-01,9.462023817421980065e-02,9.438427748051850252e-02,1.001887685549610385e+00,1.002831528324415578e+00,1.003306122229368880e+00,5.881268751615261747e-01,4.253896027692816162e-01,9.253813024373575002e-02,1.001850762604874712e+00,1.002776143907312179e+00,1.003241403550195532e+00,5.881473368029954685e-01,4.253561150618426212e-01,9.098099824444211281e-02,1.001819619964888775e+00,1.002729429947333273e+00,1.003186818201167840e+00,5.881645998322160285e-01,4.253278617540404150e-01,5.816469640194357055e-02,1.001163293928038822e+00,1.001744940892058233e+00,1.002036779313639991e+00,5.885294130489863162e-01,4.247306928479991361e-01,1.471475575521149007e-02,1.000294295115104148e+00,1.000441442672656445e+00,1.000515081408643425e+00,5.890153962189949022e-01,4.239348765019539944e-01,1.993971518150202603e-05,1.000000398794303580e+00,1.000000598191455481e+00,1.000000697890150558e+00,5.891805269678840329e-01,4.236643901237628351e-01
1.064127106372963816e+00,4.844662893639223866e-01,5.901068473444973650e-01,8.861384460061629831e-01,4.240851717582770908e-01,9.353723650975637183e-02,9.330397656833554210e-02,1.001866079531366749e+00,1.002799119297050012e+00,1.003268250869504774e+00,5.890567387517838815e-01,4.258084086193201778e-01,9.147895991174218033e-02,1.001829579198234788e+00,1.002744368797352292e+00,1.003204274116942907e+00,5.890771272775539025e-01,4.257749661757219140e-01,8.993965049015034685e-02,1.001798793009802901e+00,1.002698189514704463e+00,1.003150314509374308e+00,5.890943286196577144e-01,4.257467510631852692e-01,5.749895655355796720e-02,1.001149979131071177e+00,1.001724968696606766e+00,1.002013455318375934e+00,5.894578380037903687e-01,4.251503908575691715e-01,1.454633401708687809e-02,1.000290926680341697e+00,1.000436390020512656e+00,1.000509185169347948e+00,5.899420836274931190e-01,4.243556563544912397e-01,1.971148974953120406e-05,1.000000394229795031e+00,1.000000591344692547e+00,1.000000689902257767e+00,5.901066238108864104e-01,4.240855387491854755e-01
1.060472916283732303e+00,4.853254765433167583e-01,5.910338624135006436e-01,8.856250651972661370e-01,4.245053007792701227e-01,9.246465546824692017e-02,9.223407029251563805e-02,1.001844681405850368e+00,1.002767022108775441e+00,1.003230744597354951e+00,5.899875162364756065e-01,4.262261813420731849e-01,9.042998089804100970e-02,1.001808599617960871e+00,1.002712899426941195e+00,1.003167502605865069e+00,5.900078317457198018e-01,4.261927844174577262e-01,8.890832256562203328e-02,1.001778166451312346e+00,1.002667249676968630e+00,1.003114162696743028e+00,5.900249714843928128e-01,4.261646077153727341e-01,5.683962244227610400e-02,1.001136792448845458e+00,1.001705188673268188e+00,1.001990356008283456e+00,5.903871788077265093e-01,4.255690607422943361e-01,1.437953282996217580e-02,1.000287590656599335e+00,1.000431385984898780e+00,1.000503345680338052e+00,5.908696892553322311e-01,4.247754140742163176e-01,1.948546029864989769e-05,1.000000389709206017e+00,1.000000584563808914e+00,1.000000681991224383e+00,5.910336396811538551e-01,4.245056672660362795e-01
1.056825195323833011e+00,4.861861874667268157e-01,5.919617942725536874e-01,8.851097784213565189e-01,4.249244009481782380e-01,9.140245642359039191e-02,9.117452012328218502e-02,1.001823490402465655e+00,1.002735235603698483e+00,1.003193602042250943e+00,5.909192053490331942e-01,4.266429123700170023e-01,8.939115542649427038e-02,1.001787823108529984e+00,1.002681734662794755e+00,1.003131087673527766e+00,5.909394479414785684e-01,4.266095612160417661e-01,8.788697733037537096e-02,1.001757739546607517e+00,1.002636609319911276e+00,1.003078361442798494e+00,5.909565261608736852e-01,4.265814231366545362e-01,5.618667032396580663e-02,1.001123733406479310e+00,1.001685600109718965e+00,1.001967480543915379e+00,5.913174332050814552e-01,4.259866938662013047e-01,1.421434618694442098e-02,1.000284286923738941e+00,1.000426430385608301e+00,1.000497562730834344e+00,5.917982108598004443e-01,4.251941409428131591e-01,1.926161868901965019e-05,1.000000385232373779e+00,1.000000577848560779e+00,1.000000674156765523e+00,5.919615723403667262e-01,4.249247669280943329e-01
1.053183932040758997e+00,4.870484248364692625e-01,5.928906406642144855e-01,8.845925821600674199e-01,4.253424635013559607e-01,9.035059909476755857e-02,9.012528588006739338e-02,1.001802505717601433e+00,1.002703758576402038e+00,1.003156821775949004e+00,5.918518038041503670e-01,4.270585931178537686e-01,8.836244410246216208e-02,1.001767248882049266e+00,1.002650873323073899e+00,1.003095027920044569e+00,5.918719735800698212e-01,4.270252879826984538e-01,8.687557605266110761e-02,1.001737511521053170e+00,1.002606267281579866e+00,1.003042909371557601e+00,5.918889903648004713e-01,4.269971887353221085e-01,5.554007543718809947e-02,1.001110801508743764e+00,1.001666202263115535e+00,1.001944828050295611e+00,5.922485989212541435e-01,4.264032815756887418e-01,1.405076782377798553e-02,1.000281015356475622e+00,1.000421523034713323e+00,1.000491836101055299e+00,5.927276461791185502e-01,4.256118282245172635e-01,1.903995643205423399e-05,1.000000380799128674e+00,1.000000571198693011e+00,1.000000666398583871e+00,5.928904195310770175e-01,4.253428289717515187e-01
1.049549115002279098e+00,4.879121913596532467e-01,5.938203993118751356e-01,8.840734729197911035e-01,4.257594796580261853e-01,8.930904159404408349e-02,8.908632577959510468e-02,1.001781726515591942e+00,1.002672589773387912e+00,1.003120402314318094e+00,5.927853092977442007e-01,4.274732149827282224e-01,8.734380595994531427e-02,1.001746876119198992e+00,1.002620314178798377e+00,1.003059321890729993e+00,5.928054063579492050e-01,4.274399561111034695e-01,8.587407845581161714e-02,1.001717481569116330e+00,1.002576222353674273e+00,1.003007805053158785e+00,5.928223617930828970e-01,4.274118959021246389e-01,5.489981203282843364e-02,1.001097996240656540e+00,1.001646994360984921e+00,1.001922397617957206e+00,5.931806736627178722e-01,4.268188151997600044e-01,1.388879122634081864e-02,1.000277775824526927e+00,1.000416663736790168e+00,1.000486165562478602e+00,5.936579929324025118e-01,4.260284671663660538e-01,1.882046470057768315e-05,1.000000376409293956e+00,1.000000564613940934e+00,1.000000658716370783e+00,5.938201789766709426e-01,4.257598446162687011e-01
1.045920732796401076e+00,4.887774897481888536e-01,5.947510679197248740e-01,8.835524472319757905e-01,4.261754406205405243e-01,8.827774047512904065e-02,8.805759648391923988e-02,1.001761151929678295e+00,1.002641727894517665e+00,1.003084342119026751e+00,5.937197195069167099e-01,4.278867693444495801e-01,8.633519850868366652e-02,1.001726703970173604e+00,1.002590055955260517e+00,1.003023968077754402e+00,5.937397439527497545e-01,4.278535569776059644e-01,8.488244276454715020e-02,1.001697648855290890e+00,1.002546473282936335e+00,1.002973047005485840e+00,5.937566381238016389e-01,4.278255360104922800e-01,5.426585340370059657e-02,1.001085317068074021e+00,1.001627975602110920e+00,1.001900188303983308e+00,5.941136551169823310e-01,4.272332860502590646e-01,1.372840963813376329e-02,1.000274568192762725e+00,1.000411852289144088e+00,1.000480550878104058e+00,5.945892488196258263e-01,4.264440489984510640e-01,1.860313433897293727e-05,1.000000372062686882e+00,1.000000558094030101e+00,1.000000651109805849e+00,5.947508483813322977e-01,4.261758050640350182e-01
1.042298774031335640e+00,4.896443227187956548e-01,5.956826441727132160e-01,8.830295016534212005e-01,4.265903375746402104e-01,8.725665078124272833e-02,8.703905314837180607e-02,1.001740781062967489e+00,1.002611171594451234e+00,1.003048639599225078e+00,5.946550320899179898e-01,4.282992475657174669e-01,8.533657778116648940e-02,1.001706731555623398e+00,1.002560097333434985e+00,1.002988964921793125e+00,5.946749840232444795e-01,4.282660819414544906e-01,8.390062575119491828e-02,1.001678012515023974e+00,1.002517018772535851e+00,1.002938633695792170e+00,5.946918170161712425e-01,4.282381004167628569e-01,5.363817191409478435e-02,1.001072763438281887e+00,1.001609145157422942e+00,1.001878199133039438e+00,5.950475409525567416e-01,4.276466854221097624e-01,1.356961606775576763e-02,1.000271392321355091e+00,1.000407088482032636e+00,1.000474991802715374e+00,5.955214115215829995e-01,4.268585649341755106e-01,1.838795587331137638e-05,1.000000367759117381e+00,1.000000551638676294e+00,1.000000643578556891e+00,5.956824254300047139e-01,4.265907015008292280e-01
1.038683227335459591e+00,4.905126929930113677e-01,5.966151257365139848e-01,8.825046327665764245e-01,4.270041616897217174e-01,8.624572609304637094e-02,8.603064946937294399e-02,1.001720612989387416e+00,1.002580919484081123e+00,1.003013293113222293e+00,5.955912446861080234e-01,4.287106409923502892e-01,8.434789837950745772e-02,1.001686957967590219e+00,1.002530436951385218e+00,1.002954310813671146e+00,5.956111242093096170e-01,4.286775223450275396e-01,8.292858278177535347e-02,1.001658571655635432e+00,1.002487857483453260e+00,1.002904563542314831e+00,5.956278961105028191e-01,4.286495804604127380e-01,5.301673902924085996e-02,1.001060334780584871e+00,1.001590502170877306e+00,1.001856429098408885e+00,5.959823288189127766e-01,4.280590045935591115e-01,1.341240329635761015e-02,1.000268248065927068e+00,1.000402372098890824e+00,1.000469488083141067e+00,5.964544786998532411e-01,4.272720061705128081e-01,1.817491952145323486e-05,1.000000363498390499e+00,1.000000545247585748e+00,1.000000636122282405e+00,5.966149077883565743e-01,4.270045250960851080e-01
1.035074081357283404e+00,4.913826032972001823e-01,5.975485102574901175e-01,8.819778371798372429e-01,4.274169041191042129e-01,8.524491857639110437e-02,8.503233773206095303e-02,1.001700646754641211e+00,1.002550970131961927e+00,1.002978300970160053e+00,5.965283549159210441e-01,4.291209409535196029e-01,8.336911352214289306e-02,1.001667382270442941e+00,1.002501073405664300e+00,1.002920004096002016e+00,5.965481621318873273e-01,4.290878695140671883e-01,8.196626786191452130e-02,1.001639325357238208e+00,1.002458988035857423e+00,1.002870834915887022e+00,5.965648730281672973e-01,4.290599674642913142e-01,5.240152534466046425e-02,1.001048030506893172e+00,1.001572045760339869e+00,1.001834877163020554e+00,5.969180163464484767e-01,4.284702348264234906e-01,1.325676388506753789e-02,1.000265135277701445e+00,1.000397702916552056e+00,1.000464039458514032e+00,5.973884479967648264e-01,4.276843638882690812e-01,1.796401520310995977e-05,1.000000359280303952e+00,1.000000538920456039e+00,1.000000628740628672e+00,5.975482931027452649e-01,4.274172670031594623e-01
1.031471324765410813e+00,4.922540563625614762e-01,5.984827953626586927e-01,8.814491115278445532e-01,4.278285560003013410e-01,8.425417902984051743e-02,8.404406885769627467e-02,1.001680881377153831e+00,1.002521322065730969e+00,1.002943661431672462e+00,5.974663603808287871e-01,4.295301387619870348e-01,8.240017509030858611e-02,1.001648003501806272e+00,1.002472005252709186e+00,1.002886043064817434e+00,5.974860953929503893e-01,4.294971147579173532e-01,8.101363368253895747e-02,1.001620272673650724e+00,1.002430409010476087e+00,1.002837446141541466e+00,5.975027453715597847e-01,4.294692527348595301e-01,5.179250061537992583e-02,1.001035850012307549e+00,1.001553775018461323e+00,1.001813542260474144e+00,5.978546011464527243e-01,4.288803673663396099e-01,1.310269018238166897e-02,1.000262053803647744e+00,1.000393080705471505e+00,1.000458645660530443e+00,5.983233170353603469e-01,4.280956292523498963e-01,1.775523254985881017e-05,1.000000355104651018e+00,1.000000532656976526e+00,1.000000621433233761e+00,5.984825790001827572e-01,4.278289183596026279e-01
1.027874946248508614e+00,4.931270549251381974e-01,5.994179786596567361e-01,8.809184524717833531e-01,4.282391084552943927e-01,8.327345693193088927e-02,8.306579245080387974e-02,1.001661315849016187e+00,1.002491973773524059e+00,1.002909372713540970e+00,5.984052586633051840e-01,4.299382257143450903e-01,8.144103367426004658e-02,1.001628820673485132e+00,1.002443231010227809e+00,1.002852425971188843e+00,5.984249215754658957e-01,4.299052493697652633e-01,8.007063166531815102e-02,1.001601412633306376e+00,1.002402118949959453e+00,1.002804395500102475e+00,5.984415107240635967e-01,4.298774275624321350e-01,5.118963378498198047e-02,1.001023792675699742e+00,1.001535689013549391e+00,1.001792423296056445e+00,5.987920808110701598e-01,4.292893934430176417e-01,1.295017433151361870e-02,1.000259003486630327e+00,1.000388505229945491e+00,1.000453306413707555e+00,5.992590834193618488e-01,4.285057934120280465e-01,1.754856091510222988e-05,1.000000350971218310e+00,1.000000526456827465e+00,1.000000614199724414e+00,5.994177630883004149e-01,4.282394702874330328e-01
1.024284934515266698e+00,4.940016017258256897e-01,6.003540577367073583e-01,8.803858566996820567e-01,4.286485525908095284e-01,8.230270048812483863e-02,8.209745684600981697e-02,1.001641949136920173e+00,1.002462923705380371e+00,1.002875432987336390e+00,5.993450473267910583e-01,4.303451930912631229e-01,8.049163861919300667e-02,1.001609832772383912e+00,1.002414749158575757e+00,1.002819151022838140e+00,5.993646382433608366e-01,4.303122646268878193e-01,7.913721200781233256e-02,1.001582744240156142e+00,1.002374116360234435e+00,1.002771681229770673e+00,5.993811666500152846e-01,4.302844832214242632e-01,5.059289301446896064e-02,1.001011857860289345e+00,1.001517786790434128e+00,1.001771519147753642e+00,5.997304529132665429e-01,4.296973042704989587e-01,1.279920827769643644e-02,1.000255984165553835e+00,1.000383976248330864e+00,1.000448021435639046e+00,6.001957447331373041e-01,4.289148475012161121e-01,1.734398938396255766e-05,1.000000346879787783e+00,1.000000520319681563e+00,1.000000607039718714e+00,6.003538429553163525e-01,4.286489138934139187e-01
1.020701278294364744e+00,4.948776995103802978e-01,6.012910301625872256e-01,8.798513209267126989e-01,4.290568794985982759e-01,8.134185667742656334e-02,8.113900915454021201e-02,1.001622780183090811e+00,1.002434170274636216e+00,1.002841840382050931e+00,6.002857239156600411e-01,4.307510321577359691e-01,7.955193807083282831e-02,1.001591038761416641e+00,1.002386558142124962e+00,1.002786216385734397e+00,6.003052429414872382e-01,4.307181517909008384e-01,7.821332372829475910e-02,1.001564266474565867e+00,1.002346399711848912e+00,1.002739301527692861e+00,6.003217106946705517e-01,4.306904109706014561e-01,5.000224571091800574e-02,1.001000044914218456e+00,1.001500067371327463e+00,1.001750828667254956e+00,6.006697150067950020e-01,4.301040910474171475e-01,1.264978377543193172e-02,1.000252995675508627e+00,1.000379493513263052e+00,1.000442790437248819e+00,6.011332985416669716e-01,4.293227826387413515e-01,1.714150678310547493e-05,1.000000342830135613e+00,1.000000514245203531e+00,1.000000599952825642e+00,6.012908161700019072e-01,4.290572402693331178e-01
1.017123966334436691e+00,4.957553510294276378e-01,6.022288934865935861e-01,8.793148418954906953e-01,4.294640802557199710e-01,8.039087129862008962e-02,8.019039531034423407e-02,1.001603807906206844e+00,1.002405711859310378e+00,1.002808592985712233e+00,6.012272859551841542e-01,4.311557341633370233e-01,7.862187902065534417e-02,1.001572437580413144e+00,1.002358656370619716e+00,1.002753620185681260e+00,6.012467331955881900e-01,4.311229021080130730e-01,7.729891471021162197e-02,1.001545978294204220e+00,1.002318967441306441e+00,1.002707254551522098e+00,6.012631403841699473e-01,4.310952020533343476e-01,4.941765855590452006e-02,1.000988353171118117e+00,1.001482529756677176e+00,1.001730350680949844e+00,6.016098646261623939e-01,4.305097449572622970e-01,1.250189239568134415e-02,1.000250037847913553e+00,1.000375056771870330e+00,1.000437613123042802e+00,6.020717423905111998e-01,4.297295899286248111e-01,1.694110169048396443e-05,1.000000338822033763e+00,1.000000508233050756e+00,1.000000592938645294e+00,6.022286802816495532e-01,4.294644404922867698e-01
1.013552987404034322e+00,4.966345590384717568e-01,6.031676452385129616e-01,8.787764163763766012e-01,4.298701459248281398e-01,7.944968901609904266e-02,7.925156011580952731e-02,1.001585031202316234e+00,1.002377546803474351e+00,1.002775688846987867e+00,6.021697309515003926e-01,4.315592903424752547e-01,7.770140735070811544e-02,1.001554028147014108e+00,1.002331042220521162e+00,1.002721360509885917e+00,6.021891065122648712e-01,4.315265068092836165e-01,7.639393174624907468e-02,1.001527878634924873e+00,1.002291817952387420e+00,1.002675538420960688e+00,6.022054532255056714e-01,4.314988476978557363e-01,4.883909753367449841e-02,1.000976781950673411e+00,1.001465172926010228e+00,1.001710083990912770e+00,6.025508992865967750e-01,4.309142571686493950e-01,1.235552553299252253e-02,1.000247110510659843e+00,1.000370665765989875e+00,1.000432489191358298e+00,6.030110738057783415e-01,4.301352604603621010e-01,1.674276244499621721e-05,1.000000334855248862e+00,1.000000502282873294e+00,1.000000585996769553e+00,6.031674328200405943e-01,4.298705056249647605e-01
1.009988330291593517e+00,4.975153262979032931e-01,6.041072829285895063e-01,8.782360411677764267e-01,4.302750675544592118e-01,7.851825340525593611e-02,7.832244728703834091e-02,1.001566448945740762e+00,1.002349673418611253e+00,1.002743125976771177e+00,6.031130563915786391e-01,4.319616919146567757e-01,7.679046787800092311e-02,1.001535809357559925e+00,1.002303714036339999e+00,1.002689435408516960e+00,6.031323603789431331e-01,4.319289571108830827e-01,7.549832058197684936e-02,1.001509966411639585e+00,1.002264949617459378e+00,1.002644151219292512e+00,6.031486467064889334e-01,4.319013391175237637e-01,4.826652795904612381e-02,1.000965330559181021e+00,1.001447995838771421e+00,1.001690027375883085e+00,6.034928164840150933e-01,4.313176188355901108e-01,1.221067441255857706e-02,1.000244213488251210e+00,1.000366320232376705e+00,1.000427418334610463e+00,6.039512902940927797e-01,4.305397853092081117e-01,1.654647715605070808e-05,1.000000330929543102e+00,1.000000496394314764e+00,1.000000579126782752e+00,6.041070712954145217e-01,4.302754267159397683e-01
1.006429983805398720e+00,4.983976555730084690e-01,6.050478040474951413e-01,8.776937130964446165e-01,4.306788361793251196e-01,7.759650699740135160e-02,7.740299949865471485e-02,1.001548059989973094e+00,1.002322089984959641e+00,1.002710902349752242e+00,6.040572597431880242e-01,4.323629300847481871e-01,7.588900439843652979e-02,1.001517780087968656e+00,1.002276670131953207e+00,1.002657842896241824e+00,6.040764922638418577e-01,4.323302442143596713e-01,7.461202595903974888e-02,1.001492240519180843e+00,1.002238360778771264e+00,1.002613090994891820e+00,6.040927182957170904e-01,4.323026675110862027e-01,4.769991450502238106e-02,1.000953998290100344e+00,1.001430997435150738e+00,1.001670179592228704e+00,6.044356136949915470e-01,4.317198210977677419e-01,1.206733009720343738e-02,1.000241346601943970e+00,1.000362019902916177e+00,1.000422400239538767e+00,6.048923893425648401e-01,4.309431555364653943e-01,1.635223371303218525e-05,1.000000327044674231e+00,1.000000490567011457e+00,1.000000572328260118e+00,6.050475931984380384e-01,4.306791947999595860e-01
1.002877936773546530e+00,4.992815496339775838e-01,6.059892060662989133e-01,8.771494290177846986e-01,4.310814428206077853e-01,7.668439132418435056e-02,7.649315842811406363e-02,1.001529863168562295e+00,1.002294794752843332e+00,1.002679015905969750e+00,6.050023384548667282e-01,4.327629960432473610e-01,7.499695973025365114e-02,1.001499939194605115e+00,1.002249908791907673e+00,1.002626580953749569e+00,6.050214996159410941e-01,4.327303593069079524e-01,7.373499165786956411e-02,1.001474699833157400e+00,1.002212049749735989e+00,1.002582355762723809e+00,6.050376654425431155e-01,4.327028240629518518e-01,4.713922123009701981e-02,1.000942784424601939e+00,1.001414176636902909e+00,1.001650539374906890e+00,6.053792883767264987e-01,4.321208550808166016e-01,1.192548349428984057e-02,1.000238509669885811e+00,1.000357764504828717e+00,1.000417434587447030e+00,6.058343684187601497e-01,4.313453621897744283e-01,1.616001979466259055e-05,1.000000323200396002e+00,1.000000484800593892e+00,1.000000565600771329e+00,6.059889960001758613e-01,4.310818008982424399e-01
9.993321780439112789e-01,5.001670112559140069e-01,6.069314864364384610e-01,8.766031858161535961e-01,4.314828784862579369e-01,7.578184696148893007e-02,7.559286479949020587e-02,1.001511857295989794e+00,1.002267785943984801e+00,1.002647464552344880e+00,6.059482899558897850e-01,4.331618809665543357e-01,7.411427575695739289e-02,1.001482285515139070e+00,1.002223428272708716e+00,1.002595647529254785e+00,6.059673798649505283e-01,4.331292935616419815e-01,7.286716053989319986e-02,1.001457343210797823e+00,1.002186014816196735e+00,1.002551943505821663e+00,6.059834855770435125e-01,4.331017999434631505e-01,4.658441160523847657e-02,1.000931688232104877e+00,1.001397532348157204e+00,1.001631105438405056e+00,6.063238379670164990e-01,4.325207118966040709e-01,1.178512536254583756e-02,1.000235702507251023e+00,1.000353553760876313e+00,1.000412521054443227e+00,6.067772249706701038e-01,4.317463963034082752e-01,1.596982287825152999e-05,1.000000319396457504e+00,1.000000479094686368e+00,1.000000558943877405e+00,6.069312771520605221e-01,4.314832360187741966e-01
9.957926964841119499e-01,5.010540432188422821e-01,6.078746425896907057e-01,8.760549804051624978e-01,4.318831341712950911e-01,7.488881357278211193e-02,7.470205842671533147e-02,1.001494041168534244e+00,1.002241061752801476e+00,1.002616246164194980e+00,6.068951116562391057e-01,4.335595760172490376e-01,7.324089346971356107e-02,1.001464817869394341e+00,1.002197226804091512e+00,1.002565040539983077e+00,6.069141304212799515e-01,4.335270381378730775e-01,7.200847458921356969e-02,1.001440169491784271e+00,1.002160254237676407e+00,1.002521852176746053e+00,6.069301761099885617e-01,4.334995863091737345e-01,4.603544854053670532e-02,1.000920708970810757e+00,1.001381063456216136e+00,1.001611876477675578e+00,6.072692598842237555e-01,4.329193826435167036e-01,1.164624631880601703e-02,1.000232924926376166e+00,1.000349387389564138e+00,1.000407659311674191e+00,6.077209564266833342e-01,4.321462488985697292e-01,1.578163024883118523e-05,1.000000315632604941e+00,1.000000473448907412e+00,1.000000552357133365e+00,6.078744340858647233e-01,4.318834911566102330e-01
9.922594809814739847e-01,5.019426483077176204e-01,6.088186719381445400e-01,8.755048097279817254e-01,4.322822008581127529e-01,7.400522995188828224e-02,7.382067825624766266e-02,1.001476413565124846e+00,1.002214620347687379e+00,1.002585358586729924e+00,6.078428009465733917e-01,4.339560723443712242e-01,7.237675300918169907e-02,1.001447535060183691e+00,1.002171302590275426e+00,1.002534757873634108e+00,6.078617486760083954e-01,4.339235841813898764e-01,7.115887495373872385e-02,1.001423177499074724e+00,1.002134766248612197e+00,1.002492079699026206e+00,6.078777344328121224e-01,4.338961743031298224e-01,4.549229441149729714e-02,1.000909845888229954e+00,1.001364768832344820e+00,1.001592851169057719e+00,6.082155515272479329e-01,4.333168584067495499e-01,1.150883684466351246e-02,1.000230176736893295e+00,1.000345265105339942e+00,1.000402849025560759e+00,6.086655601955573980e-01,4.325449109836914108e-01,1.559542900817035356e-05,1.000000311908580075e+00,1.000000467862870224e+00,1.000000545840088240e+00,6.088184642136728053e-01,4.322825572941793038e-01
9.887325204429961989e-01,5.028328293124341153e-01,6.097635718741736266e-01,8.749526707576431583e-01,4.326800695167850042e-01,7.313103406517169891e-02,7.294866240914882338e-02,1.001458973248182893e+00,1.002188459872274562e+00,1.002554799636524496e+00,6.087913551981988247e-01,4.343513610837048677e-01,7.152179370676939318e-02,1.001430435874135494e+00,1.002145653811203019e+00,1.002504797389829561e+00,6.088102320008557111e-01,4.343189228247433809e-01,7.031830198574201551e-02,1.001406366039714779e+00,1.002109549059572169e+00,1.002462623968578992e+00,6.088261579175827665e-01,4.342915550551558201e-01,4.495491108497179367e-02,1.000899098221699424e+00,1.001348647332549247e+00,1.001574028171183350e+00,6.091627102754969547e-01,4.337131302586000325e-01,1.137288729302996133e-02,1.000227457745860526e+00,1.000341186618790790e+00,1.000398089858025585e+00,6.096110336663908003e-01,4.329423735547399121e-01,1.541120608366371646e-05,1.000000308224121781e+00,1.000000462336182450e+00,1.000000539392284393e+00,6.097633649278538792e-01,4.326804254015904627e-01
9.852118037953165874e-01,5.037245890278335692e-01,6.107093397704089766e-01,8.743985604973446568e-01,4.330767311053763668e-01,7.226616309310499031e-02,7.208594822254861534e-02,1.001441718964450889e+00,1.002162578446676555e+00,1.002524567102968556e+00,6.097407717630408674e-01,4.347454333580670349e-01,7.067595412528605847e-02,1.001413519082505754e+00,1.002120278623758631e+00,1.002475156921532440e+00,6.097595777481537027e-01,4.347130451875363399e-01,6.948669528183171185e-02,1.001389733905636570e+00,1.002084600858454966e+00,1.002433482855110469e+00,6.097754439169749130e-01,4.346857196821427571e-01,4.442325994471055250e-02,1.000888465198894295e+00,1.001332697798341220e+00,1.001555406125872238e+00,6.101107334888592471e-01,4.341081892587635438e-01,1.123838789459998162e-02,1.000224767757891930e+00,1.000337151636838007e+00,1.000393381466719855e+00,6.105573742085965705e-01,4.333386275955218858e-01,1.522894823709175947e-05,1.000000304578964716e+00,1.000000456868447074e+00,1.000000533013257753e+00,6.107091336010346261e-01,4.330770864369432038e-01
9.816973199846747988e-01,5.046179302537147082e-01,6.116559729797141909e-01,8.738424759807534858e-01,4.334721765702553853e-01,7.141055347120646435e-02,7.123247229048026985e-02,1.001424649445809667e+00,1.002136974168714501e+00,1.002494658749699674e+00,6.106910479736155084e-01,4.351382802775987102e-01,6.983917209897942679e-02,1.001396783441979688e+00,1.002095175162969420e+00,1.002445834276452175e+00,6.107097832508179280e-01,4.351059423767146273e-01,6.866399372231389575e-02,1.001373279874446354e+00,1.002059919811669308e+00,1.002404654203491230e+00,6.107255897642408504e-01,4.350786592883411075e-01,4.389730191652765207e-02,1.000877946038330579e+00,1.001316919057495758e+00,1.001536983659013336e+00,6.110596185076768716e-01,4.345020264546340938e-01,1.110532876421749249e-02,1.000222106575284320e+00,1.000333159862926591e+00,1.000388723505245769e+00,6.115045791718757284e-01,4.337336640779940189e-01,1.504864207324765195e-05,1.000000300972841538e+00,1.000000451459262196e+00,1.000000526702540471e+00,6.116557675860744281e-01,4.334725313466407659e-01
9.781890579768819372e-01,5.055128557948410650e-01,6.126034688351593704e-01,8.732844142723109604e-01,4.338663968464103182e-01,7.056414093032964407e-02,7.038817050406946663e-02,1.001407763410081309e+00,1.002111645115122185e+00,1.002465072316006678e+00,6.116421811430026167e-01,4.355298929400618357e-01,6.901138477293852769e-02,1.001380227695458869e+00,1.002070341543188192e+00,1.002416827238421515e+00,6.116608458223203870e-01,4.354976054868641699e-01,6.785013550993233833e-02,1.001357002710198563e+00,1.002035504065297955e+00,1.002376135835114201e+00,6.116765927731838692e-01,4.354703649656581632e-01,4.337699749306751784e-02,1.000867539949861440e+00,1.001301309924792049e+00,1.001518759381430979e+00,6.120093626527187691e-01,4.348946328816080675e-01,1.097369990714129259e-02,1.000219473998142927e+00,1.000329210997214169e+00,1.000384115623376813e+00,6.124526458861919709e-01,4.341274739625763379e-01,1.487027404842763437e-05,1.000000297405480909e+00,1.000000446108221475e+00,1.000000520459658038e+00,6.126032642160389452e-01,4.338667510657058246e-01
9.746870067572808161e-01,5.064093684609508594e-01,6.135518246499970241e-01,8.727243724675366465e-01,4.342593828577683834e-01,6.972686053628794622e-02,6.955297809106029960e-02,1.001391059561821173e+00,1.002086589342731759e+00,1.002435805518215428e+00,6.125941685648187418e-01,4.359202624311386276e-01,6.819252864184641161e-02,1.001363850572836833e+00,1.002045775859255361e+00,1.002388133568753226e+00,6.126127627566633205e-01,4.358880256005111531e-01,6.704505820796917426e-02,1.001340901164159414e+00,1.002011351746239010e+00,1.002347925549227803e+00,6.126284502381310615e-01,4.358608277939575171e-01,4.286230675816294494e-02,1.000857246135163248e+00,1.001285869202744871e+00,1.001500731889737761e+00,6.129599632251547803e-01,4.352859995633912571e-01,1.084349122520724545e-02,1.000216869824504196e+00,1.000325304736756182e+00,1.000379557467272695e+00,6.134015716617466918e-01,4.345200481984679564e-01,1.469383047878128419e-05,1.000000293876609492e+00,1.000000440814914349e+00,1.000000514284131503e+00,6.135516208041769115e-01,4.342597365180999591e-01
9.711911553307155387e-01,5.073074710667649923e-01,6.145010377176380878e-01,8.721623476933331176e-01,4.346511255175175559e-01,6.889864672880371965e-02,6.872682965466705984e-02,1.001374536593093278e+00,1.002061804889639918e+00,1.002406856051047512e+00,6.135470075131911338e-01,4.363093798247351662e-01,6.738253958807209620e-02,1.001347650791761357e+00,1.002021476187642257e+00,1.002359751007574795e+00,6.135655313283525647e-01,4.362771937884253326e-01,6.624869877769587467e-02,1.001324973975553867e+00,1.001987460963330800e+00,1.002320021124246230e+00,6.135811594339077857e-01,4.362500388413640962e-01,4.235318941077770988e-02,1.000847063788215641e+00,1.001270595682323350e+00,1.001482899767173196e+00,6.139114175065305545e-01,4.356761175123094465e-01,1.071469252288539259e-02,1.000214293850457681e+00,1.000321440775686632e+00,1.000375048679691847e+00,6.143513537889546683e-01,4.349113777239659306e-01,1.451929754851941251e-05,1.000000290385951063e+00,1.000000435578926483e+00,1.000000508175477698e+00,6.145008346438949332e-01,4.346514786170452838e-01
9.677014927214944162e-01,5.082071664319962601e-01,6.154511053116290542e-01,8.715983371082909326e-01,4.350416157284323071e-01,6.807943335976578136e-02,6.790965921173644504e-02,1.001358193184234802e+00,1.002037289776352091e+00,1.002378221588954954e+00,6.145006952427325420e-01,4.366972361832883731e-01,6.658135291908634512e-02,1.001331627058381635e+00,1.001997440587572674e+00,1.002331677275134947e+00,6.145191487923727935e-01,4.366651011099286772e-01,6.546099361515940462e-02,1.001309219872303258e+00,1.001963829808454776e+00,1.002292420319036204e+00,6.145347176158123537e-01,4.366379891645715272e-01,4.184960478852416121e-02,1.000836992095770484e+00,1.001255488143655725e+00,1.001465261584424615e+00,6.148637227587429033e-01,4.360649777296223828e-01,1.058729351322953288e-02,1.000211745870264624e+00,1.000317618805396824e+00,1.000370588900198365e+00,6.153019895384208571e-01,4.353014534667880575e-01,1.434666131797623212e-05,1.000000286933226290e+00,1.000000430399839546e+00,1.000000502133207680e+00,6.154509030087356170e-01,4.350419682653495212e-01
9.642180079733562170e-01,5.091084573813583480e-01,6.164020246856291019e-01,8.710323379029926150e-01,4.354308443832000663e-01,6.726915373078654059e-02,6.710140023021102240e-02,1.001342028004604146e+00,1.002013042006906440e+00,1.002349899787431164e+00,6.154552289885162342e-01,4.370838225580778724e-01,6.578890340419221716e-02,1.001315778068083917e+00,1.001973667102125765e+00,1.002303910073090165e+00,6.154736123841625384e-01,4.370517386132058979e-01,6.468187858729473882e-02,1.001293637571745831e+00,1.001940456357618858e+00,1.002265120874180404e+00,6.154891220195908286e-01,4.370246698091542203e-01,4.135151189075023104e-02,1.000827030237815052e+00,1.001240545356722578e+00,1.001447815900436966e+00,6.158168762240162630e-01,4.364525712058420770e-01,1.046128382371787000e-02,1.000209225676474301e+00,1.000313838514711451e+00,1.000366177765367626e+00,6.162534761609175238e-01,4.356902663443980028e-01,1.417590773152392828e-05,1.000000283518154731e+00,1.000000425277231875e+00,1.000000496156831176e+00,6.164018231523543667e-01,4.354311963557344622e-01
9.607406901494366380e-01,5.100113467445741566e-01,6.173537930733891121e-01,8.704643473003187415e-01,4.358188023647540099e-01,6.646774063004826094e-02,6.630198566588355047e-02,1.001326039713317684e+00,1.001989059569976526e+00,1.002321888284297025e+00,6.164106059660523496e-01,4.374691299895403507e-01,6.500512531056065746e-02,1.001300102506211154e+00,1.001950153759316731e+00,1.002276447085764577e+00,6.164289193195899852e-01,4.374370973356201397e-01,6.391128906735409065e-02,1.001278225781347064e+00,1.001917338672020596e+00,1.002238120513218478e+00,6.164443698614137102e-01,4.374100718098825613e-01,4.085886940118944183e-02,1.000817177388023893e+00,1.001225766082035618e+00,1.001430561263204400e+00,6.167708751248792698e-01,4.368388889210527704e-01,1.033665300198312320e-02,1.000206733060039710e+00,1.000310099590059565e+00,1.000361814908988123e+00,6.172058108873621496e-01,4.360778072643337611e-01,1.400702262533742162e-05,1.000000280140452613e+00,1.000000420210678698e+00,1.000000490245850804e+00,6.173535923084979560e-01,4.358191537711662011e-01
9.572695283322334436e-01,5.109158373563851274e-01,6.183064076887300198e-01,8.698943625557522541e-01,4.362054805466057394e-01,6.567512636842906537e-02,6.551134799843298662e-02,1.001310226959968741e+00,1.001965340439952890e+00,1.002294184700960100e+00,6.173668233712641396e-01,4.378531495075880242e-01,6.422995243856144398e-02,1.001284599048771318e+00,1.001926898573156866e+00,1.002249285981386739e+00,6.173850667949297710e-01,4.378211683040315050e-01,6.314915996964332034e-02,1.001262983199392886e+00,1.001894474799089219e+00,1.002211416943858735e+00,6.174004583378522870e-01,4.377941861910423227e-01,4.037163571016823271e-02,1.000807432714203360e+00,1.001211149071305151e+00,1.001413496210546983e+00,6.177257166641426656e-01,4.372239218452367293e-01,1.021339052143061150e-02,1.000204267810428593e+00,1.000306401715642890e+00,1.000357499962253982e+00,6.181589909287961149e-01,4.364640671245390569e-01,1.383999173500735122e-05,1.000000276799834609e+00,1.000000415199752135e+00,1.000000484399768075e+00,6.183062076909837668e-01,4.362058313851894797e-01
9.538045116235704945e-01,5.118219320565602359e-01,6.192598657255230510e-01,8.693223809576838823e-01,4.365908697931824012e-01,6.489124281490160628e-02,6.472941926673476953e-02,1.001294588385334805e+00,1.001941882578001985e+00,1.002266786643651431e+00,6.183238783804654304e-01,4.382358721319315475e-01,6.346331815638299456e-02,1.001269266363127741e+00,1.001903899544691390e+00,1.002222424413298896e+00,6.183420519868411125e-01,4.382039425351202389e-01,6.239542578355922881e-02,1.001247908515671137e+00,1.001871862773506816e+00,1.002185007859172083e+00,6.183573846258567652e-01,4.381770039667577943e-01,3.988976893636609483e-02,1.000797795378727262e+00,1.001196693068090893e+00,1.001396619270872534e+00,6.186813980248768718e-01,4.376076609386008731e-01,1.009148578674324420e-02,1.000201829715734902e+00,1.000302744573602354e+00,1.000353232553961691e+00,6.191130134763641601e-01,4.368490368136980773e-01,1.367480070299978362e-05,1.000000273496014058e+00,1.000000410244021198e+00,1.000000478618080724e+00,6.192596664936791395e-01,4.365912200622643069e-01
9.503456291445668835e-01,5.127296336899044293e-01,6.202141643576700725e-01,8.687483998277166775e-01,4.369749609601666362e-01,6.411602143119937702e-02,6.395613110344078311e-02,1.001279122622068751e+00,1.001918683933103127e+00,1.002239691704631896e+00,6.192817681503387517e-01,4.386172888724053642e-01,6.270515543393583024e-02,1.001254103108678795e+00,1.001881154663017970e+00,1.002195860021143137e+00,6.192998720523449352e-01,4.385854110357127467e-01,6.165002060692247043e-02,1.001233000412138363e+00,1.001849500618207767e+00,1.002158890938754432e+00,6.193151458827330647e-01,4.385585161413171895e-01,3.941322694812556676e-02,1.000788264538962524e+00,1.001182396808443675e+00,1.001379928963922028e+00,6.196379163703920057e-01,4.379900971519087305e-01,9.970928139272606031e-03,1.000199418562785381e+00,1.000299127844178182e+00,1.000349012310696839e+00,6.200678757012946241e-01,4.372327072115733682e-01,1.351143508596158911e-05,1.000000270228701638e+00,1.000000405343052678e+00,1.000000472900282711e+00,6.202139658904824993e-01,4.369753106581062418e-01
9.468928700355996320e-01,5.136389451062680633e-01,6.211693007390847177e-01,8.681724165209721011e-01,4.373577448948391400e-01,6.334939330574276828e-02,6.319141476882071673e-02,1.001263828295376523e+00,1.001895742443064563e+00,1.002212897463379049e+00,6.202404898179143533e-01,4.389973907292980537e-01,6.195539687603204837e-02,1.001239107937520689e+00,1.001858661906281034e+00,1.002169590432022028e+00,6.202585241288031126e-01,4.389655648031109969e-01,6.091287817859881298e-02,1.001218257563571967e+00,1.001827386345357951e+00,1.002133063849869332e+00,6.202737392461232790e-01,4.389387137095042690e-01,3.894196738430717730e-02,1.000778839347686189e+00,1.001168259021529172e+00,1.001363423801498120e+00,6.205952688442167853e-01,4.383712214268154495e-01,9.851706862314933005e-03,1.000197034137246366e+00,1.000295551205869549e+00,1.000344838857019747e+00,6.210235747548801255e-01,4.376150691893458955e-01,1.334988036186981992e-05,1.000000266997607135e+00,1.000000400496410924e+00,1.000000467245866220e+00,6.211691030353039267e-01,4.373580940200281209e-01
9.434462234562712712e-01,5.145498691605554509e-01,6.221252720036749562e-01,8.675944284263938933e-01,4.377392124364246628e-01,6.259128918682357878e-02,6.243520118386391982e-02,1.001248704023677272e+00,1.001873056035516019e+00,1.002186401487739298e+00,6.212000405005493331e-01,4.393761686936851207e-01,6.121397475483968814e-02,1.001224279495096736e+00,1.001836419242645215e+00,1.002143613261630817e+00,6.212180053338980379e-01,4.393443948254272535e-01,6.018393191040728035e-02,1.001203678638208139e+00,1.001805517957312208e+00,1.002107524248562198e+00,6.212331618339839157e-01,4.393175876569308524e-01,3.847594767468853066e-02,1.000769518953493753e+00,1.001154278430240741e+00,1.001347102288179025e+00,6.215534525700794344e-01,4.387510246962052496e-01,9.733811186271760368e-03,1.000194676223725487e+00,1.000292014335588231e+00,1.000340711815643768e+00,6.219801077684591339e-01,4.379961136099593255e-01,1.319012193702481763e-05,1.000000263802438782e+00,1.000000395703658063e+00,1.000000461654320105e+00,6.221250750620477277e-01,4.377395609872867799e-01
9.400056785853758701e-01,5.154624087127340770e-01,6.230820752653251082e-01,8.670144329670539385e-01,4.381193544164400100e-01,6.184163951504324103e-02,6.168742096263665070e-02,1.001233748419252834e+00,1.001850622628879028e+00,1.002160201335063894e+00,6.221604172959079859e-01,4.397536137477666696e-01,6.048082104160708294e-02,1.001209616420832171e+00,1.001814424631248146e+00,1.002117926115370317e+00,6.221783127656128620e-01,4.397218920819202514e-01,5.946311491831080681e-02,1.001189262298366245e+00,1.001783893447549367e+00,1.002082269780751655e+00,6.221934107445671325e-01,4.396951289603752699e-01,3.801512505990461976e-02,1.000760302501198185e+00,1.001140453751797166e+00,1.001330962922016843e+00,6.225124646518886973e-01,4.391294978845334263e-01,9.617230293694514071e-03,1.000192344605873807e+00,1.000288516908810932e+00,1.000336630807614924e+00,6.229374718533986499e-01,4.383758313284668029e-01,1.303214515288606212e-05,1.000000260642903038e+00,1.000000390964354668e+00,1.000000456125131221e+00,6.230818790845951138e-01,4.381197023914312205e-01
9.365712246208639513e-01,5.163765666278434807e-01,6.240397076178800795e-01,8.664324276004566894e-01,4.384981616590460929e-01,6.110037445500283992e-02,6.094800444389310984e-02,1.001218960088877896e+00,1.001828440133316844e+00,1.002134294553310045e+00,6.231216172819428190e-01,4.401297168652070213e-01,5.975586743765559650e-02,1.001195117348753216e+00,1.001792676023129713e+00,1.002092526589426047e+00,6.231394435022126199e-01,4.400980475433367012e-01,5.875036005288734181e-02,1.001175007201057676e+00,1.001762510801586625e+00,1.002057298083292913e+00,6.231544830564015314e-01,4.400713285881228121e-01,3.755945661092828514e-02,1.000751189132218499e+00,1.001126783698327749e+00,1.001315004195216574e+00,6.234723021737159643e-01,4.395066319081705752e-01,9.501953324212752613e-03,1.000190039066484182e+00,1.000285058599726273e+00,1.000332595452482431e+00,6.238956641010769966e-01,4.387542131923802824e-01,1.287593529275033011e-05,1.000000257518705915e+00,1.000000386278058873e+00,1.000000450657785089e+00,6.240395121967873271e-01,4.384985090566537735e-01
9.331428507798098515e-01,5.172923457760042476e-01,6.249981661351292628e-01,8.658484098188437006e-01,4.388756249814019239e-01,6.036742392624451503e-02,6.021688172193966765e-02,1.001204337634438835e+00,1.001806506451658141e+00,1.002108678682121168e+00,6.240836375168763439e-01,4.405044690114801043e-01,5.903904540464011835e-02,1.001180780908092816e+00,1.001771171362139112e+00,1.002067412271827163e+00,6.241013946022262449e-01,4.404728521722555690e-01,5.804559992908125965e-02,1.001160911998581593e+00,1.001741367997872389e+00,1.002032606785018931e+00,6.241163758282738394e-01,4.404461775003103985e-01,3.710889924809036844e-02,1.000742177984961900e+00,1.001113266977442740e+00,1.001299224594804471e+00,6.244329621997777302e-01,4.398824176757511473e-01,9.387969379345972518e-03,1.000187759387586972e+00,1.000281639081380458e+00,1.000328605368467905e+00,6.248546815828681655e-01,4.391312500420239684e-01,1.272147758827211071e-05,1.000000254429551871e+00,1.000000381644327696e+00,1.000000445251764347e+00,6.249979714724106516e-01,4.388759718001448151e-01
9.297205462983764157e-01,5.182097490324272249e-01,6.259574478707915501e-01,8.652623771494990512e-01,4.392517351940220527e-01,5.964271763344312222e-02,5.949398267675124613e-02,1.001189879653535009e+00,1.001784819480302513e+00,1.002083351253878707e+00,6.250464750391833135e-01,4.408778611442161210e-01,5.833028619407640974e-02,1.001166605723881498e+00,1.001749908585822357e+00,1.002042580743478961e+00,6.250641631044280278e-01,4.408462969234352991e-01,5.734876695523376949e-02,1.001146975339104683e+00,1.001720463008656914e+00,1.002008193507754497e+00,6.250790860992115894e-01,4.408196666492745774e-01,3.666340975963908871e-02,1.000733268195192815e+00,1.001099902292789112e+00,1.001283622603271750e+00,6.253944417744192741e-01,4.402568460885250556e-01,9.275267527198840373e-03,1.000185505350543957e+00,1.000278258025816047e+00,1.000324660172628333e+00,6.258145213501260518e-01,4.395069327108896418e-01,1.256875722582602229e-05,1.000000251375144478e+00,1.000000377062716828e+00,1.000000439906550298e+00,6.259572539651808709e-01,4.392520814324502032e-01
9.263043004317834672e-01,5.191287792774219589e-01,6.269175498585016770e-01,8.646743271550523247e-01,4.396264831011366669e-01,5.892618509584986869e-02,5.877923700334151957e-02,1.001175584740066737e+00,1.001763377110100217e+00,1.002058309794727542e+00,6.260101268675745123e-01,4.412498842135535448e-01,5.762952087613679164e-02,1.001152590417522692e+00,1.001728885626284038e+00,1.002018029579167635e+00,6.260277460278224071e-01,4.412183727441666981e-01,5.665979336139410211e-02,1.001133195867227821e+00,1.001699793800841842e+00,1.001984055867303880e+00,6.260426108884665775e-01,4.411917869799034109e-01,3.622294481983955039e-02,1.000724458896396829e+00,1.001086688344595244e+00,1.001268196699214075e+00,6.263567379220987830e-01,4.406299080407115043e-01,9.163836807040082189e-03,1.000183276736140714e+00,1.000274915104211182e+00,1.000320759481017729e+00,6.267751804341701316e-01,4.398812520259955949e-01,1.241775935271158970e-05,1.000000248355187082e+00,1.000000372532780624e+00,1.000000434621623580e+00,6.269173567087293897e-01,4.396268287578309342e-01
9.228941024542713922e-01,5.200494393964064654e-01,6.278784691117964556e-01,8.640842574337844750e-01,4.399998595010548574e-01,5.821775567598758139e-02,5.807257424038661520e-02,1.001161451484807730e+00,1.001742177227211705e+00,1.002033551825577185e+00,6.269745900009801032e-01,4.416205291624939466e-01,5.693668036771402235e-02,1.001138733607354281e+00,1.001708100411031310e+00,1.001993756348541265e+00,6.269921403716268715e-01,4.415890705746265965e-01,5.597861122691113328e-02,1.001119572224538290e+00,1.001679358336807324e+00,1.001960191474416506e+00,6.270069471954988760e-01,4.415625294299916903e-01,3.578746100661319568e-02,1.000715749220132178e+00,1.001073623830198489e+00,1.001252945357941071e+00,6.273198476473725860e-01,4.410015944198582005e-01,9.053666233764986679e-03,1.000181073324675207e+00,1.000271609987013033e+00,1.000316902908843453e+00,6.277366558462716961e-01,4.402541988082482871e-01,1.226846908320030901e-05,1.000000245369381702e+00,1.000000368054072553e+00,1.000000429396463053e+00,6.278782767165901335e-01,4.400002045746267965e-01
9.194899416590689434e-01,5.209717322799160000e-01,6.288402026241025622e-01,8.634921656199304740e-01,4.403718551865301589e-01,5.751735860760215369e-02,5.737392379810688642e-02,1.001147478475962194e+00,1.001721217713943179e+00,1.002009074863073446e+00,6.279398614185347505e-01,4.419897869272597646e-01,5.625169545975761132e-02,1.001125033909195050e+00,1.001687550863792797e+00,1.001969758617064166e+00,6.279573431152574159e-01,4.419583813482367840e-01,5.530515250730975996e-02,1.001106103050146245e+00,1.001659154575219368e+00,1.001936597935723983e+00,6.279720919999614015e-01,4.419318849305986507e-01,3.535691481872007408e-02,1.000707138296374366e+00,1.001060707444561659e+00,1.001237867052082731e+00,6.282837679348809434e-01,4.413718961072016223e-01,8.944744802242256265e-03,1.000178894896044834e+00,1.000268342344067252e+00,1.000313090070616306e+00,6.286989445776409724e-01,4.406257638728074411e-01,1.212087150442598921e-05,1.000000242417430130e+00,1.000000363626145194e+00,1.000000424230546692e+00,6.288400109821865591e-01,4.403721996756214674e-01
9.160918073583594889e-01,5.218956608236119399e-01,6.298027473687242139e-01,8.628980493839831789e-01,4.407424609451291442e-01,5.682492302287139169e-02,5.668321498540787595e-02,1.001133664299708181e+00,1.001700496449562161e+00,1.001984876420547455e+00,6.289059380795635201e-01,4.423576484376565143e-01,5.557449684388400535e-02,1.001111489936877597e+00,1.001667234905316617e+00,1.001946033946945924e+00,6.289233512183141084e-01,4.423262959920263859e-01,5.463934906045325723e-02,1.001092786981208960e+00,1.001639180471813662e+00,1.001913272854655368e+00,6.289380422616863697e-01,4.422998444064113466e-01,3.493126269248456733e-02,1.000698625253849672e+00,1.001047937880774619e+00,1.001222960252170946e+00,6.292484957493345021e-01,4.417408039780316709e-01,8.837061491545346315e-03,1.000176741229830801e+00,1.000265111844746313e+00,1.000309320580300865e+00,6.296620435994146892e-01,4.409959380294531939e-01,1.197495168211856553e-05,1.000000239499033716e+00,1.000000359248550463e+00,1.000000419123352025e+00,6.298025564788202191e-01,4.407428048484120509e-01
9.126996888832477062e-01,5.228212279282911101e-01,6.307661002988332877e-01,8.623019064329974226e-01,4.411116675596039038e-01,5.614037797887579812e-02,5.600037703628509000e-02,1.001120007540725609e+00,1.001680011311088636e+00,1.001960954008938254e+00,6.298728169235673358e-01,4.427241046174381078e-01,5.490501513826484548e-02,1.001098100302765248e+00,1.001647150454147983e+00,1.001922579898045340e+00,6.298901616205672127e-01,4.426928054269965718e-01,5.398113267199595305e-02,1.001079622653439971e+00,1.001619433980159846e+00,1.001890213832325349e+00,6.299047949206709740e-01,4.426663987761089714e-01,3.451046101806744260e-02,1.000690209220361337e+00,1.001035313830542117e+00,1.001208223427208166e+00,6.302140280355015278e-01,4.421083089020598766e-01,8.730605269069042010e-03,1.000174612105381389e+00,1.000261918158072083e+00,1.000305594051458025e+00,6.306259498626451965e-01,4.413647120829568005e-01,1.183069466618241278e-05,1.000000236613893367e+00,1.000000354920840051e+00,1.000000414074355470e+00,6.307659101596598816e-01,4.411120108757801694e-01
9.093135755837260525e-01,5.237484364998946651e-01,6.317302583474578848e-01,8.617037345108922164e-01,4.414794658082651369e-01,5.546365248333521430e-02,5.532533913549647631e-02,1.001106506782709848e+00,1.001659760174064884e+00,1.001937305137687639e+00,6.308404948702114323e-01,4.430891463846750034e-01,5.424318091279727722e-02,1.001084863618255882e+00,1.001627295427383935e+00,1.001899394028750612e+00,6.308577712419447536e-01,4.430579005684894267e-01,5.333043508013000922e-02,1.001066608701602689e+00,1.001599913052403812e+00,1.001867418468396442e+00,6.308723468970650616e-01,4.430315389527322845e-01,3.409446615528662072e-02,1.000681889323105755e+00,1.001022833984658522e+00,1.001193655045221842e+00,6.311803617181965809e-01,4.424744017437895471e-01,8.625365094531864396e-03,1.000172507301890557e+00,1.000258760952835946e+00,1.000301910097385338e+00,6.315906602982895857e-01,4.417320768334546677e-01,1.168808549611992956e-05,1.000000233761709989e+00,1.000000350642564984e+00,1.000000409083033448e+00,6.317300689577309836e-01,4.414798085360661095e-01
9.059334568286403488e-01,5.246772894495175255e-01,6.326952184274744484e-01,8.611035313987537299e-01,4.418458464653603479e-01,5.479467551961642729e-02,5.465803044350765749e-02,1.001093160608870214e+00,1.001639740913305321e+00,1.001913927315610353e+00,6.318089688193120335e-01,4.434527646521266853e-01,5.358892471356130338e-02,1.001071778494271314e+00,1.001607667741406749e+00,1.001876473896830433e+00,6.318261769825206375e-01,4.434215723265602649e-01,5.268718799963117289e-02,1.001053743759992676e+00,1.001580615639988903e+00,1.001844884361920984e+00,6.318406950911590325e-01,4.433952558440553693e-01,3.368323444898978919e-02,1.000673664688979780e+00,1.001010497033469671e+00,1.001179253573799333e+00,6.321474937022694141e-01,4.428390733628900788e-01,8.521329923865100103e-03,1.000170426598477214e+00,1.000255639897716042e+00,1.000298268331254459e+00,6.325561718171999193e-01,4.420980230768235542e-01,1.154710920630148919e-05,1.000000230942184043e+00,1.000000346413276286e+00,1.000000404148862154e+00,6.326950297859070815e-01,4.418461886035468522e-01
9.025593220056564725e-01,5.256077896934174820e-01,6.336609774315978827e-01,8.605012949151376045e-01,4.422108003014533217e-01,5.413337607101773030e-02,5.399838012071594279e-02,1.001079967602414245e+00,1.001619951403621478e+00,1.001890818051741627e+00,6.327782356508262485e-01,4.438149503276168084e-01,5.294217708656991095e-02,1.001058843541731358e+00,1.001588265312597148e+00,1.001853817060264440e+00,6.327953757225027731e-01,4.437838116063528848e-01,5.205132314520934805e-02,1.001041026462904160e+00,1.001561539694356240e+00,1.001822609112154705e+00,6.328098363833734030e-01,4.437575403529620544e-01,3.327672224398250944e-02,1.000665534444879601e+00,1.000998301667319401e+00,1.001165017480612374e+00,6.331154208725944255e-01,4.432023146145743220e-01,8.418488712989379355e-03,1.000168369774259824e+00,1.000252554661389626e+00,1.000294668366240147e+00,6.335224813101143493e-01,4.424625416050614324e-01,1.140775083108303666e-05,1.000000228155016657e+00,1.000000342232524986e+00,1.000000399271318230e+00,6.336607895369007482e-01,4.422111418488152146e-01
8.991911605212292713e-01,5.265399401530238555e-01,6.346275322323751134e-01,8.598970229163707124e-01,4.425743180838071500e-01,5.347968314433623055e-02,5.334631735095883565e-02,1.001066926347019104e+00,1.001600389520528767e+00,1.001867974856155863e+00,6.337482922248410810e-01,4.441756943144118397e-01,5.230286860081783534e-02,1.001046057372016351e+00,1.001569086058024638e+00,1.001831421078047901e+00,6.337653643222237454e-01,4.441446093084785995e-01,5.142277225416944791e-02,1.001028455445083454e+00,1.001542683167625070e+00,1.001800590319348094e+00,6.337797676342473707e-01,4.441183833778235557e-01,3.287488589951548940e-02,1.000657497717990285e+00,1.000986246576985428e+00,1.001150945233920009e+00,6.340841400940621098e-01,4.435641163499784989e-01,8.316830421479725136e-03,1.000166336608429685e+00,1.000249504912644305e+00,1.000291109815652391e+00,6.344895856476496787e-01,4.428256232066681841e-01,1.126999540977251380e-05,1.000000225399908294e+00,1.000000338099862329e+00,1.000000394449877650e+00,6.346273450832559115e-01,4.425746590391629876e-01
8.958289618005665922e-01,5.274737437549473773e-01,6.355948796821776492e-01,8.592907132968522488e-01,4.429363905767695342e-01,5.283352579272421884e-02,5.270177136431343501e-02,1.001054035427286326e+00,1.001581053140929489e+00,1.001845395240762659e+00,6.347191353815638815e-01,4.445349875116033633e-01,5.167092987063493653e-02,1.001033418597412794e+00,1.001550127896118969e+00,1.001809283510970427e+00,6.347361396221307128e-01,4.445039563293978757e-01,5.080146710838866903e-02,1.001016029342167712e+00,1.001524044013251569e+00,1.001778825585511568e+00,6.347504856844303767e-01,4.444777758128814482e-01,3.247768180333476112e-02,1.000649553636066669e+00,1.000974330454100114e+00,1.001137035303061307e+00,6.350536482115695103e-01,4.439244694165456195e-01,8.216344016120036287e-03,1.000164326880322418e+00,1.000246490320483517e+00,1.000287592293056971e+00,6.354574816802930348e-01,4.431872586670314584e-01,1.113382799144648846e-05,1.000000222676559858e+00,1.000000334014839787e+00,1.000000389684016833e+00,6.355946932773417490e-01,4.429367309389662943e-01
8.924727152875975289e-01,5.284092034309888497e-01,6.365630166131958090e-01,8.586823639893553795e-01,4.432970085421612527e-01,5.219483313784265693e-02,5.206467145919467521e-02,1.001041293429183909e+00,1.001561940143775864e+00,1.001823076720075978e+00,6.356907619413141308e-01,4.448928208144928842e-01,5.104629157735223605e-02,1.001020925831547004e+00,1.001531388747320506e+00,1.001787401922372478e+00,6.357076984427770805e-01,4.448618435618064693e-01,5.018733955561793803e-02,1.001003746791112370e+00,1.001505620186668555e+00,1.001757312515162202e+00,6.357219873546728905e-01,4.448357085486330242e-01,3.208506638529981525e-02,1.000641701327706024e+00,1.000962551991559035e+00,1.001123286158930981e+00,6.360239420500136687e-01,4.442833646584124496e-01,8.117018474348250065e-03,1.000162340369487035e+00,1.000243510554230442e+00,1.000284115412398922e+00,6.364261662383965401e-01,4.435474387688140840e-01,1.099923363961864091e-05,1.000000219984672700e+00,1.000000329977009272e+00,1.000000384973213530e+00,6.365628309513460259e-01,4.432973483100742795e-01
8.891224104449386711e-01,5.293463221181486933e-01,6.375319398374336144e-01,8.580719729653267791e-01,4.436561627396669039e-01,5.156353439131852734e-02,5.143494702375913524e-02,1.001028698940475081e+00,1.001543048410712844e+00,1.001801016811963985e+00,6.366631687045150034e-01,4.452491851149807944e-01,5.042888449028707504e-02,1.001008577689805668e+00,1.001512866534708612e+00,1.001765773878877441e+00,6.366800375848142846e-01,4.452182618950229487e-01,4.958032153011396326e-02,1.000991606430602365e+00,1.001487409645903437e+00,1.001736048716038940e+00,6.366942694458190832e-01,4.451921724722192608e-01,3.169699613057382070e-02,1.000633939922611404e+00,1.000950909883917106e+00,1.001109696274439020e+00,6.369950184142840754e-01,4.446407929167981998e-01,8.018842787593270099e-03,1.000160376855751876e+00,1.000240565283627703e+00,1.000280678788117550e+00,6.373956361321710951e-01,4.439061542923447012e-01,1.086619743676156462e-05,1.000000217323948837e+00,1.000000325985923144e+00,1.000000380316945936e+00,6.375317549172703213e-01,4.436565019121996301e-01
8.857780367538619082e-01,5.302851027586357180e-01,6.385016461467044602e-01,8.574595382351869466e-01,4.440138439272289239e-01,5.093955887551467748e-02,5.081252755662311882e-02,1.001016250551132414e+00,1.001524375826698732e+00,1.001779213038368699e+00,6.376363524516865944e-01,4.456040713019578936e-01,4.981863948705592127e-02,1.000996372789741073e+00,1.001494559184611610e+00,1.001744396951099070e+00,6.376531538289853529e-01,4.455732022153811034e-01,4.898034507261025960e-02,1.000979606901452268e+00,1.001469410352178402e+00,1.001715031799802480e+00,6.376673287387994993e-01,4.455471584678172281e-01,3.131342759239119644e-02,1.000626268551847886e+00,1.000939402827771829e+00,1.001096264124958113e+00,6.379668740892568968e-01,4.449967450303973227e-01,7.921805964504957318e-03,1.000158436119290117e+00,1.000237654178935065e+00,1.000277282035260784e+00,6.383658881516821593e-01,4.442633960160116691e-01,1.073470448868368188e-05,1.000000214694089840e+00,1.000000322041134648e+00,1.000000375714691803e+00,6.385014619669256986e-01,4.440141825033123157e-01
8.824395837142595678e-01,5.312255482998771150e-01,6.394721323126280055e-01,8.568450578486294100e-01,4.443700428614441589e-01,5.032283604362000617e-02,5.019734268690274892e-02,1.001003946853737947e+00,1.001505920280607143e+00,1.001757662926005432e+00,6.386103099434400354e-01,4.459574702617000175e-01,4.921548757322250639e-02,1.000984309751464352e+00,1.001476464627196750e+00,1.001723268714327819e+00,6.386270439361182438e-01,4.459266554066247390e-01,4.838734234963461972e-02,1.000967746846992634e+00,1.001451620270489062e+00,1.001694259382706953e+00,6.386411619946255058e-01,4.459006574170348847e-01,3.093431740440739930e-02,1.000618686348088149e+00,1.000928029522132112e+00,1.001082988188752410e+00,6.389395058397903115e-01,4.453512118357754734e-01,7.825897034078432846e-03,1.000156517940681500e+00,1.000234776911022250e+00,1.000273924769591982e+00,6.393369190668455326e-01,4.446191547166587488e-01,1.060473992876292964e-05,1.000000212094798613e+00,1.000000318142197919e+00,1.000000371165931323e+00,6.394719488719294853e-01,4.443703808400367161e-01
8.791070408446142181e-01,5.321676616945267835e-01,6.404433950866272873e-01,8.562285298949190437e-01,4.447247502979622125e-01,4.971329549907015088e-02,4.958932219358618693e-02,1.000991786443871767e+00,1.001487679665807651e+00,1.001736364007038249e+00,6.395850379204718328e-01,4.463093728782667746e-01,4.861935990129110513e-02,1.000972387198025837e+00,1.001458580797038644e+00,1.001702386749192319e+00,6.396017046471215162e-01,4.462786123503060809e-01,4.780124567218283632e-02,1.000956024913443709e+00,1.001434037370165564e+00,1.001673729086252740e+00,6.396157659543837415e-01,4.462526601993092590e-01,3.055962229263713831e-02,1.000611192445852726e+00,1.000916788668779089e+00,1.001069866947396747e+00,6.399129104107196264e-01,4.457041841677674143e-01,7.731105048674263673e-03,1.000154622100973389e+00,1.000231933151460195e+00,1.000270606607699175e+00,6.403087256274246908e-01,4.449734211699841180e-01,1.047628892203936863e-05,1.000000209525778505e+00,1.000000314288667758e+00,1.000000366670145358e+00,6.404432123837026092e-01,4.447250876780497464e-01
8.757803976819626968e-01,5.331114459004754336e-01,6.414154311999276104e-01,8.556099525031903852e-01,4.450779569918883460e-01,4.911086701430535106e-02,4.898839602424474166e-02,1.000979767920484820e+00,1.001469651880727341e+00,1.001715313819731890e+00,6.405605331035596484e-01,4.466597700339020593e-01,4.803018778905169400e-02,1.000960603755780998e+00,1.001440905633671496e+00,1.001681748642298642e+00,6.405771326829786672e-01,4.466290639261861761e-01,4.722198751375514258e-02,1.000944439750275139e+00,1.001416659625412597e+00,1.001653438537813079e+00,6.405911373392318975e-01,4.466031576923073509e-01,3.018929908698519612e-02,1.000603785981739602e+00,1.000905678972609625e+00,1.001056898886178326e+00,6.408870845268542782e-01,4.460556528598784709e-01,7.637419086935568445e-03,1.000152748381738732e+00,1.000229122572608098e+00,1.000267327167093878e+00,6.412813045630287867e-01,4.453261861509423825e-01,1.034933666916809124e-05,1.000000206986733309e+00,1.000000310480100074e+00,1.000000362226815653e+00,6.414152492334679323e-01,4.450782937724833133e-01
8.724596437818656902e-01,5.340569038808593572e-01,6.423882373635552145e-01,8.549893238427447306e-01,4.454296536981869337e-01,4.851548054887785955e-02,4.839449431309512245e-02,1.000967889886261952e+00,1.001451834829392817e+00,1.001694509909082154e+00,6.415367921935588580e-01,4.470086526094390611e-01,4.744790273728886204e-02,1.000948958054745708e+00,1.001423437082118673e+00,1.001661351986847359e+00,6.415533247447458010e-01,4.469780010126399583e-01,4.664950052776716677e-02,1.000932990010555246e+00,1.001399485015832980e+00,1.001633385371241580e+00,6.415672728503952760e-01,4.469521407723307527e-01,2.982330473237732732e-02,1.000596466094647585e+00,1.000894699141971378e+00,1.001044082494484844e+00,6.418620248929755023e-01,4.464056087446897081e-01,7.544828256603974131e-03,1.000150896565132008e+00,1.000226344847698012e+00,1.000264086066311009e+00,6.422546525831109854e-01,4.456774404341484752e-01,1.022386841023508979e-05,1.000000204477368149e+00,1.000000306716052334e+00,1.000000357835425735e+00,6.423880561322496963e-01,4.454299898783284917e-01
8.691447687183739834e-01,5.350040386040697538e-01,6.433618102683378304e-01,8.543666421233466757e-01,4.457798311720889695e-01,4.792706626691629196e-02,4.780754739842024009e-02,1.000956150947968304e+00,1.001434226421952678e+00,1.001673949827421195e+00,6.425138118713995539e-01,4.473560114847064395e-01,4.687243644686190508e-02,1.000937448728937307e+00,1.001406173093405849e+00,1.001641194383229738e+00,6.425302775135486311e-01,4.473254144870633109e-01,4.608371756434258282e-02,1.000921674351286761e+00,1.001382511526930363e+00,1.001613567227459312e+00,6.425441691691642365e-01,4.472996003147227673e-01,2.946159629949592421e-02,1.000589231925989919e+00,1.000883847888984768e+00,1.001031416266179308e+00,6.428377281938344456e-01,4.467540426542636056e-01,7.453321697235561552e-03,1.000149066433944745e+00,1.000223599650917006e+00,1.000260882925004591e+00,6.432287663769687969e-01,4.460271747942854970e-01,1.009986942843757396e-05,1.000000201997388594e+00,1.000000302996082890e+00,1.000000353495460681e+00,6.433616297708733001e-01,4.457801667508425880e-01
8.658357620839953750e-01,5.359528530437623894e-01,6.443361465849052339e-01,8.537419055955205449e-01,4.461284801695015179e-01,4.734555455395817597e-02,4.722748583935977573e-02,1.000944549716787257e+00,1.001416824575180886e+00,1.001653631135003275e+00,6.434915887980851013e-01,4.477018375389397176e-01,4.630372083516692133e-02,1.000926074416703448e+00,1.001389111625055062e+00,1.001621273439599946e+00,6.435079876505807039e-01,4.476712952262830170e-01,4.552457168649823999e-02,1.000910491433729899e+00,1.001365737150594848e+00,1.001593981755015461e+00,6.435218229568927528e-01,4.476455271942789138e-01,2.910413099512726073e-02,1.000582082619902557e+00,1.000873123929853836e+00,1.001018898699961746e+00,6.438141910941519441e-01,4.471009454205559508e-01,7.362888582818557896e-03,1.000147257771656362e+00,1.000220886657484654e+00,1.000257717364037235e+00,6.442036426137445204e-01,4.463753800065138888e-01,9.977325053631175384e-06,1.000000199546501101e+00,1.000000299319751651e+00,1.000000349206406680e+00,6.443359668199670764e-01,4.461288151459591456e-01
8.625326134896624808e-01,5.369033501788667007e-01,6.453112429636920222e-01,8.531151125508442679e-01,4.464755914474206056e-01,4.677087603316041481e-02,4.665424043208021843e-02,1.000933084808641516e+00,1.001399627212962384e+00,1.001633551400567868e+00,6.444701196146914723e-01,4.480461216511944511e-01,4.574168805199062965e-02,1.000914833761039846e+00,1.001372250641559658e+00,1.001601586772427499e+00,6.444864517971028439e-01,4.480156341069709280e-01,4.497199618573116675e-02,1.000899439923714551e+00,1.001349159885571938e+00,1.001574626610632679e+00,6.445002308549976355e-01,4.479899122856599303e-01,2.875086617212635129e-02,1.000575017323442450e+00,1.000862525985163787e+00,1.001006528299716036e+00,6.447914102386179680e-01,4.474463078758275647e-01,7.273518124294292390e-03,1.000145470362485911e+00,1.000218205543728756e+00,1.000254589005570072e+00,6.451792779424260216e-01,4.467220468468837691e-01,9.856220665746045093e-06,1.000000197124413237e+00,1.000000295686620078e+00,1.000000344967752364e+00,6.453110639299632911e-01,4.464759258206995041e-01
8.592353125646996492e-01,5.378555329935951201e-01,6.462870960349396121e-01,8.524862613222449204e-01,4.468211557643450571e-01,4.620296158089830241e-02,4.608774222533496695e-02,1.000921754844506628e+00,1.001382632266760053e+00,1.001613708201881892e+00,6.454494009423668022e-01,4.483888547007621184e-01,4.518627049476606899e-02,1.000903725409895362e+00,1.001355588114843043e+00,1.001582132007029280e+00,6.454656665744428201e-01,4.483584220060591874e-01,4.442592459701759366e-02,1.000888518491940271e+00,1.001332777737910629e+00,1.001555499459728438e+00,6.454793894849580882e-01,4.483327464638083848e-01,2.840175933900592961e-02,1.000568035186780058e+00,1.000852052780170087e+00,1.000994303574845201e+00,6.457693822518933979e-01,4.477901208530601362e-01,7.185199571983053556e-03,1.000143703991439592e+00,1.000215555987159499e+00,1.000251497473147122e+00,6.461556689918505070e-01,4.470671660927510449e-01,9.736541698074088421e-06,1.000000194730833902e+00,1.000000292096250964e+00,1.000000340778987917e+00,6.462869177311013624e-01,4.468214895335884118e-01
8.559438489567916530e-01,5.388094044774525138e-01,6.472637024087003477e-01,8.518553502842911573e-01,4.471651638806948825e-01,4.564174234176383849e-02,4.552792253542527895e-02,1.000910558450708532e+00,1.001365837676062798e+00,1.001594099126258852e+00,6.464294293823327209e-01,4.487300275675896732e-01,4.463740082324092057e-02,1.000892748016464884e+00,1.001339122024697215e+00,1.001562906778079132e+00,6.464456285839970118e-01,4.486996498011605050e-01,4.388629071323445902e-02,1.000877725814264707e+00,1.001316588721397061e+00,1.001536597976917076e+00,6.464592954483177056e-01,4.486740206043676182e-01,2.805676816915618141e-02,1.000561135363383203e+00,1.000841703045074693e+00,1.000982223040592700e+00,6.467481037386121345e-01,4.481323751863755533e-01,7.097922217916539413e-03,1.000141958444358270e+00,1.000212937666537405e+00,1.000248442391777015e+00,6.471328123707061897e-01,4.474107285231936348e-01,9.618273640429636262e-06,1.000000192365472884e+00,1.000000288548209104e+00,1.000000336639605303e+00,6.472635248334320801e-01,4.471654970450710254e-01
8.526582123319499384e-01,5.397649676252453954e-01,6.482410586748420522e-01,8.512223778534863117e-01,4.475076065592303864e-01,4.508714974297316214e-02,4.497471296057173329e-02,1.000899494259211542e+00,1.001349241388817202e+00,1.001574721771061993e+00,6.474102015158861301e-01,4.490696311327015411e-01,4.409501197356788943e-02,1.000881900239471323e+00,1.001322850359207095e+00,1.001543908730099242e+00,6.474263344072318516e-01,4.490393083709893762e-01,4.335302859901265377e-02,1.000867060571980272e+00,1.001300590857970407e+00,1.001517919846492077e+00,6.474399453266859172e-01,4.490137255841039066e-01,2.771585050970123629e-02,1.000554317010194039e+00,1.000831475515290947e+00,1.000970285218350408e+00,6.477275712833834298e-01,4.484730617114565110e-01,7.011675398078409845e-03,1.000140233507961662e+00,1.000210350261942382e+00,1.000245423388010257e+00,6.481107046675381733e-01,4.477527249194330206e-01,9.501402042185570296e-06,1.000000190028040858e+00,1.000000285042061288e+00,1.000000332549098481e+00,6.482408818268212691e-01,4.475079391179326849e-01
8.493783923744804287e-01,5.407222254370916970e-01,6.492191614030536906e-01,8.505873424885598277e-01,4.478484745654751076e-01,4.453911550819546900e-02,4.442804539470870256e-02,1.000888560907894131e+00,1.001332841361841197e+00,1.001555573744179917e+00,6.483917139044022004e-01,4.494076562786248341e-01,4.355903717182930956e-02,1.000871180743436506e+00,1.001306771115154870e+00,1.001525135517929765e+00,6.484077806056868232e-01,4.493773885957875192e-01,4.282607260403410027e-02,1.000856521452080594e+00,1.001284782178121002e+00,1.001499462762889481e+00,6.484213356817407625e-01,4.493518522813312321e-01,2.737896439000003790e-02,1.000547579287800026e+00,1.000821368931700039e+00,1.000958488635957266e+00,6.487077814507961060e-01,4.488121712659705054e-01,6.926448494554877065e-03,1.000138528969891194e+00,1.000207793454836569e+00,1.000242440090016061e+00,6.490893424507522269e-01,4.480931460652560760e-01,9.385912515187561867e-06,1.000000187718250277e+00,1.000000281577375416e+00,1.000000328506964520e+00,6.492189852809562289e-01,4.478488065177216315e-01
8.461043787869497734e-01,5.416811809184302051e-01,6.501980071428516972e-01,8.499502426907580288e-01,4.481877586681405345e-01,4.399757167081302239e-02,4.388785204071124491e-02,1.000877757040814275e+00,1.001316635561221302e+00,1.001536652664491989e+00,6.493739630893375914e-01,4.497440938898170093e-01,4.302940994700540228e-02,1.000860588198940082e+00,1.001290882298410123e+00,1.001506584807181355e+00,6.493899637209784581e-01,4.497138813577516991e-01,4.230535737578174776e-02,1.000846107147515651e+00,1.001269160721273366e+00,1.001481224431131078e+00,6.494034630552334431e-01,4.496883915763393857e-01,2.704606802979751465e-02,1.000540921360596025e+00,1.000811382040893927e+00,1.000946831827981720e+00,6.496887307854236626e-01,4.491496946899971587e-01,6.842230937596815651e-03,1.000136844618751963e+00,1.000205266928127834e+00,1.000239492127653174e+00,6.500687222686216682e-01,4.484319827474413378e-01,9.271790736548394713e-06,1.000000185435814704e+00,1.000000278153722055e+00,1.000000324512701599e+00,6.501978317453518397e-01,4.481880900131738898e-01
8.428361612901584810e-01,5.426418370800288882e-01,6.511775924235878588e-01,8.493110770041334412e-01,4.485254496395534862e-01,4.346245058662522032e-02,4.335406542306755040e-02,1.000867081308461248e+00,1.001300621962692095e+00,1.001517956162303991e+00,6.503569455922358911e-01,4.500789348530963574e-01,4.250606414339875433e-02,1.000850121282867988e+00,1.001275181924301982e+00,1.001488254274665701e+00,6.503728802748047766e-01,4.500487775414636626e-01,4.179081787175501633e-02,1.000835816357435126e+00,1.001253724536152578e+00,1.001463202567248967e+00,6.503863239689923192e-01,4.500233343518239004e-01,2.671711984703398213e-02,1.000534342396940612e+00,1.000801513595410919e+00,1.000935313335993726e+00,6.506704158118294945e-01,4.494856228264569875e-01,6.759012207595426966e-03,1.000135180244151822e+00,1.000202770366227956e+00,1.000236579132539605e+00,6.510488406492940250e-01,4.487692257561863296e-01,9.159022451325153202e-06,1.000000183180449032e+00,1.000000274770673547e+00,1.000000320565811007e+00,6.511774177493581117e-01,4.485257803766405371e-01
8.395737296231007285e-01,5.436041969379961092e-01,6.521579137544573079e-01,8.486698440158334522e-01,4.488615382560859346e-01,4.293368494600449670e-02,4.282661840000448472e-02,1.000856532368000096e+00,1.001284798552000144e+00,1.001499481879773334e+00,6.513406579147326125e-01,4.504121700580754895e-01,4.198893393252273870e-02,1.000839778678650482e+00,1.001259668017975724e+00,1.001470141608810094e+00,6.513565267689510607e-01,4.503820680343241234e-01,4.128238937115816937e-02,1.000825647787423112e+00,1.001238471681134667e+00,1.001445394898692109e+00,6.513699149249291276e-01,4.503566714933196491e-01,2.639207846531757898e-02,1.000527841569306409e+00,1.000791762353959502e+00,1.000923931708827874e+00,6.516528330345738862e-01,4.498199465215437787e-01,6.676781836972646260e-03,1.000133535636739346e+00,1.000200303455109241e+00,1.000233700738118792e+00,6.520296941007989178e-01,4.491048658855376630e-01,9.047593475080890522e-06,1.000000180951869488e+00,1.000000271427804233e+00,1.000000316665796252e+00,6.521577398021685124e-01,4.488618683845174706e-01
8.363170735429374947e-01,5.445682635137888417e-01,6.531389676245074050e-01,8.480265423563891902e-01,4.491960152985873256e-01,4.241120778551985687e-02,4.230544417508215471e-02,1.000846108883501673e+00,1.001269163325252398e+00,1.001481227471310076e+00,6.523250965385621880e-01,4.507437903975977100e-01,4.147795382446930329e-02,1.000829559076489295e+00,1.001244338614734053e+00,1.001452244510052436e+00,6.523408996852968489e-01,4.507137437269885805e-01,4.078000748607678305e-02,1.000815600149721485e+00,1.001223400224582338e+00,1.001427799164715804e+00,6.523542324050451979e-01,4.506883938896365516e-01,2.607090272106946799e-02,1.000521418054421297e+00,1.000782127081632167e+00,1.000912685502828081e+00,6.526359789382213394e-01,4.501526566251589645e-01,6.595529411988763566e-03,1.000131910588239803e+00,1.000197865882359594e+00,1.000230856579721994e+00,6.530112791110573855e-01,4.494388939338250233e-01,8.937489696334092112e-06,1.000000178749793855e+00,1.000000268124690894e+00,1.000000312812163283e+00,6.531387943928290696e-01,4.491963448176777840e-01
8.330661828249632528e-01,5.455340398342226615e-01,6.541207505026491731e-01,8.473811707000000748e-01,4.495288715528190648e-01,4.189495249903563145e-02,4.179047630826496912e-02,1.000835809526165354e+00,1.001253714289247920e+00,1.001463190603962383e+00,6.533102579255652964e-01,4.510737867681751667e-01,4.097305867876345487e-02,1.000819461173575231e+00,1.001229191760362847e+00,1.001434560691217834e+00,6.533259954858229301e-01,4.510437955138060229e-01,4.028360817214964029e-02,1.000805672163443072e+00,1.001208508245164497e+00,1.001410413116751386e+00,6.533392728714398912e-01,4.510184924332990009e-01,2.575355167034642026e-02,1.000515071033406977e+00,1.000772606550110355e+00,1.000901573282089174e+00,6.536198499873496770e-01,4.504837439913491615e-01,6.515244574468433657e-03,1.000130304891489352e+00,1.000195457337234028e+00,1.000228046294630024e+00,6.539935921478912118e-01,4.497713007040952116e-01,8.828697078897574185e-06,1.000000176573941468e+00,1.000000264860912313e+00,1.000000309004420940e+00,6.541205779902491413e-01,4.495292004619064197e-01
8.298210472625733303e-01,5.465015289314809621e-01,6.551032588376671795e-01,8.467337277648210314e-01,4.498600978098918346e-01,4.138485284829840349e-02,4.128164872648219796e-02,1.000825632974529533e+00,1.001238449461794522e+00,1.001445368957783355e+00,6.542961385176975231e-01,4.514021500704311074e-01,4.047418371471726839e-02,1.000809483674294453e+00,1.001214225511441569e+00,1.001417087877879419e+00,6.543118106126203370e-01,4.513722142932598547e-01,3.979312773874846276e-02,1.000795862554775040e+00,1.001193793832162449e+00,1.001393234518760833e+00,6.543250327663182597e-01,4.513469580209859555e-01,2.543998459534880033e-02,1.000508799691906869e+00,1.000763199537860526e+00,1.000890593618682045e+00,6.546044426265588134e-01,4.508131994787455410e-01,6.435917023447091691e-03,1.000128718340469014e+00,1.000193077510703521e+00,1.000225269522129201e+00,6.549766296590338044e-01,4.501020770045505714e-01,8.721201664109500749e-06,1.000000174424033217e+00,1.000000261636049936e+00,1.000000305242080945e+00,6.551030870432120734e-01,4.498604261083370970e-01
8.265816566672319343e-01,5.474707338431247239e-01,6.560864890582328579e-01,8.460842123132454873e-01,4.501896848667043538e-01,4.088084297302339853e-02,4.077889573368917442e-02,1.000815577914673682e+00,1.001223366872010745e+00,1.001427760226180075e+00,6.552827347370384636e-01,4.517288712095431369e-01,3.998126452129428104e-02,1.000799625290425876e+00,1.001199437935638814e+00,1.001399823808698963e+00,6.552983414878996715e-01,4.516989909684125948e-01,3.930850285867634047e-02,1.000786170057173630e+00,1.001179255085760333e+00,1.001376261147572722e+00,6.553115085120012617e-01,4.516737815539753065e-01,2.513016101062082175e-02,1.000502603220212450e+00,1.000753904830318675e+00,1.000879745092869477e+00,6.555897532804823014e-01,4.511410139510064199e-01,6.357536516739521401e-03,1.000127150730334868e+00,1.000190726095502081e+00,1.000222525903566861e+00,6.559603880721422975e-01,4.504312136489887486e-01,8.614989572958939944e-06,1.000000172299791545e+00,1.000000258449687207e+00,1.000000301524657464e+00,6.560863179803879675e-01,4.501900125538914610e-01
8.233480008684408435e-01,5.484416576121019515e-01,6.570704375729167213e-01,8.454326231521892554e-01,4.505176235263855800e-01,4.038285740049120387e-02,4.028215202044010262e-02,1.000805643040408865e+00,1.001208464560613187e+00,1.001410362116246899e+00,6.562700429858026041e-01,4.520539410956903037e-01,3.949423706649506788e-02,1.000789884741329905e+00,1.001184827111994746e+00,1.001382766235755728e+00,6.562855845140015409e-01,4.520241164473518536e-01,3.882967057739538513e-02,1.000776593411548010e+00,1.001164890117321793e+00,1.001359490793203966e+00,6.562986965109360860e-01,4.519989539385909638e-01,2.482404066894982470e-02,1.000496480813378941e+00,1.000744721220068412e+00,1.000869026293311759e+00,6.565757783537974346e-01,4.514671782772616826e-01,6.280092872432283674e-03,1.000125601857448698e+00,1.000188402786172936e+00,1.000219815082405095e+00,6.569448637948098746e-01,4.507587014572453921e-01,8.510047008108214493e-06,1.000000170200940230e+00,1.000000255301410235e+00,1.000000297851667108e+00,6.570702672103458930e-01,4.505179506017211177e-01
8.201200697137063234e-01,5.494143032867572218e-01,6.580551007702031274e-01,8.447789591333720871e-01,4.508439045987384652e-01,3.989083105466638413e-02,3.979135267298392759e-02,1.000795827053459597e+00,1.001193740580189617e+00,1.001393172349078764e+00,6.572580596463504232e-01,4.523773506445020187e-01,3.901303770627519152e-02,1.000780260754125406e+00,1.001170391131188220e+00,1.001365912924852664e+00,6.572735360734083265e-01,4.523475816436398067e-01,3.835656832179459852e-02,1.000767131366435914e+00,1.001150697049653759e+00,1.001342921259162688e+00,6.572865931457076982e-01,4.523224660866509428e-01,2.452158356697166017e-02,1.000490431671339442e+00,1.000735647507009052e+00,1.000858435817262082e+00,6.575625142312392368e-01,4.517916833325605896e-01,6.203575970301782733e-03,1.000124071519405966e+00,1.000186107279108949e+00,1.000217136704266929e+00,6.579300532145796465e-01,4.510845312556387987e-01,8.406360255814506062e-06,1.000000168127205047e+00,1.000000252190807570e+00,1.000000294222630037e+00,6.580549311215688757e-01,4.508442310616515014e-01
8.168978530685087058e-01,5.503886739208412315e-01,6.590404750185049343e-01,8.441232191535981144e-01,4.511685189006860441e-01,3.940469926484956725e-02,3.930643318189483426e-02,1.000786128663637919e+00,1.001179192995456768e+00,1.001376188660072941e+00,6.582467810812009379e-01,4.526990907775103601e-01,3.853760319300691267e-02,1.000770752063860236e+00,1.001156128095790132e+00,1.001349261655813061e+00,6.582621925287563958e-01,4.526693774767644451e-01,3.788913390850919688e-02,1.000757782678170171e+00,1.001136674017255368e+00,1.001326550362738210e+00,6.582751947790510538e-01,4.526443089159192246e-01,2.422274995048925503e-02,1.000484454999009731e+00,1.000726682498514597e+00,1.000847972270751729e+00,6.585499572776124522e-01,4.521145199983200857e-01,6.127975753159788791e-03,1.000122559515063125e+00,1.000183839272594799e+00,1.000214490416986512e+00,6.589159526989591953e-01,4.514086938774168334e-01,8.303915687753142804e-06,1.000000166078313768e+00,1.000000249117470652e+00,1.000000290637069744e+00,6.590403060824685522e-01,4.511688447506276844e-01
8.136813408162693051e-01,5.513647725735204563e-01,6.600265566661797090e-01,8.434654021550358483e-01,4.514914572567201856e-01,3.892439777387340927e-02,3.882732945024779114e-02,1.000776546589005056e+00,1.001164819883507473e+00,1.001359408799212369e+00,6.592362036330453590e-01,4.530191524226033772e-01,3.806787068349477832e-02,1.000761357413670005e+00,1.001142036120504786e+00,1.001332810222755887e+00,6.592515502228493141e-01,4.529894948725935455e-01,3.742730555180134866e-02,1.000748546111035919e+00,1.001122819166553990e+00,1.001310375935273056e+00,6.592644977538651974e-01,4.529644733505601151e-01,2.392750031951082837e-02,1.000478550006390188e+00,1.000717825009585393e+00,1.000837634268764376e+00,6.595381038378071992e-01,4.524356791627787699e-01,6.053282228128019186e-03,1.000121065644562490e+00,1.000181598466843846e+00,1.000211875870651967e+00,6.599025585954362283e-01,4.517311801632065138e-01,8.202699762744779157e-06,1.000000164053995277e+00,1.000000246080992916e+00,1.000000287094511942e+00,6.600263884414013793e-01,4.514917824931634072e-01
8.104705228583188870e-01,5.523426023093868098e-01,6.610133420415467143e-01,8.428055071254951791e-01,4.518127104993518439e-01,3.844986274585448366e-02,3.835397780135110790e-02,1.000767079556027062e+00,1.001150619334040481e+00,1.001342830531331218e+00,6.602263236247608580e-01,4.533375265144822253e-01,3.760377774655695310e-02,1.000752075554931064e+00,1.001128113332396818e+00,1.001316556434359795e+00,6.602416054786730548e-01,4.533079247638319154e-01,3.697102187101392046e-02,1.000739420437420257e+00,1.001109130656130386e+00,1.001294395822422967e+00,6.602544983932270295e-01,4.532829503215936029e-01,2.363579543301511099e-02,1.000472715908660382e+00,1.000709073862990461e+00,1.000827420435403292e+00,6.605269502368132928e-01,4.527551517214492005e-01,5.979485467843669716e-03,1.000119589709356882e+00,1.000179384564035212e+00,1.000209292717648246e+00,6.608898672314951206e-01,4.520519809614654827e-01,8.102699028388971733e-06,1.000000162053980457e+00,1.000000243080970908e+00,1.000000283594485673e+00,6.610131745266856207e-01,4.518130351217914398e-01
8.072653891138665827e-01,5.533221661984669693e-01,6.620008274529048942e-01,8.421435330987051548e-01,4.521322694695645850e-01,3.798103077351197565e-02,3.788631498604685954e-02,1.000757726299720929e+00,1.001136589449581393e+00,1.001326451636370685e+00,6.612171373594263324e-01,4.536542039951199645e-01,3.714526237018286187e-02,1.000742905247403725e+00,1.001114357871105476e+00,1.001300498114111370e+00,6.612323545994103213e-01,4.536246580904789716e-01,3.652022189760766729e-02,1.000730404437952137e+00,1.001095606656928316e+00,1.001278607884398708e+00,6.612451930004072942e-01,4.535997307673552692e-01,2.334759631345026398e-02,1.000466951926268999e+00,1.000700427889403610e+00,1.000817329404046996e+00,6.615164927797372307e-01,4.530729285775757509e-01,5.906575611597570177e-03,1.000118131512232056e+00,1.000177197268347973e+00,1.000206740612696876e+00,6.618778749146347895e-01,4.523710871289360336e-01,8.003900122606482317e-06,1.000000160078002409e+00,1.000000240117003614e+00,1.000000280136523534e+00,6.620006606466189991e-01,4.521325934775162203e-01
8.040659295199683587e-01,5.543034673162322568e-01,6.629890091885521919e-01,8.414794791545878727e-01,4.524501250172686118e-01,3.751783888506408926e-02,3.742427818959011276e-02,1.000748485563791812e+00,1.001122728345687607e+00,1.001310269909614803e+00,6.622086411203387257e-01,4.539691758142228584e-01,3.669226296827784312e-02,1.000733845259365484e+00,1.001100767889048226e+00,1.001284633100538279e+00,6.622237938684581993e-01,4.539396858002913149e-01,3.607484508179239352e-02,1.000721496901635810e+00,1.001082245352453715e+00,1.001263009996196995e+00,6.622365778588871210e-01,4.539148056339567527e-01,2.306286425097322373e-02,1.000461257285019556e+00,1.000691885927529112e+00,1.000807359817496467e+00,6.625067277518195130e-01,4.533890006425931318e-01,5.834542866406670220e-03,1.000116690857328239e+00,1.000175036285992247e+00,1.000204219212891710e+00,6.628665779323872354e-01,4.526884895311005796e-01,7.906289775092588195e-06,1.000000158125795569e+00,1.000000237188693353e+00,1.000000276720161008e+00,6.629888430894982365e-01,4.524504484102694901e-01
8.008721340314941539e-01,5.552865087436084091e-01,6.639778835168048676e-01,8.408133444195338146e-01,4.527662680017587316e-01,3.706022455071268651e-02,3.696780503811739754e-02,1.000739356100762256e+00,1.001109034151143495e+00,1.001294283161916931e+00,6.632008311710306803e-01,4.542824329296942243e-01,3.624471838700507598e-02,1.000724894367740037e+00,1.001087341551610166e+00,1.001268959247428425e+00,6.632159195494445880e-01,4.542529988492453041e-01,3.563483129876219430e-02,1.000712696625975173e+00,1.001069044938962760e+00,1.001247600047817210e+00,6.632286492323749005e-01,4.542281658757489349e-01,2.278156080743592993e-02,1.000455631216148777e+00,1.000683446824223166e+00,1.000797510328114370e+00,6.634976514184530716e-01,4.537033588365879111e-01,5.763377508022493080e-03,1.000115267550160558e+00,1.000172901325240726e+00,1.000201728177737115e+00,6.638559725523365262e-01,4.530041790426407311e-01,7.809854808683619050e-06,1.000000156197096146e+00,1.000000234295644219e+00,1.000000273344936463e+00,6.639777181236388159e-01,4.527665907793668731e-01
7.976839926210970155e-01,5.562712935669850145e-01,6.649674466860191480e-01,8.401451280666727417e-01,4.530806892921733775e-01,3.660812568872829492e-02,3.651683360471650458e-02,1.000730336672094323e+00,1.001095505008141595e+00,1.001278489219906032e+00,6.641937037552887446e-01,4.545939663081003945e-01,3.580256791073672257e-02,1.000716051358214731e+00,1.001074077037322096e+00,1.001253474424036671e+00,6.642087278862474076e-01,4.545645882020033501e-01,3.520012085454643502e-02,1.000704002417091010e+00,1.001056003625636404e+00,1.001232375944461683e+00,6.642214033648254912e-01,4.545398024557885663e-01,2.250364782012587508e-02,1.000450072956402536e+00,1.000675109434603804e+00,1.000787779597954064e+00,6.644892600252023662e-01,4.540159940887614209e-01,5.693069881877435047e-03,1.000113861397637471e+00,1.000170792096456429e+00,1.000199267169179285e+00,6.648460550221404475e-01,4.533181465478966499e-01,7.714582140639266583e-06,1.000000154291642795e+00,1.000000231437464304e+00,1.000000270010392711e+00,6.649672819973960758e-01,4.530810114539671196e-01
7.945014952791822349e-01,5.572578248782252830e-01,6.659576949246129862e-01,8.394748293161456987e-01,4.533933797679554067e-01,3.616148067114506592e-02,3.607130241510730223e-02,1.000721426048302165e+00,1.001082139072453137e+00,1.001262885926186286e+00,6.651872550971723586e-01,4.549037669251384530e-01,3.536575126762353527e-02,1.000707315025352484e+00,1.001060972538028615e+00,1.001238176515275580e+00,6.652022151030134722e-01,4.548744448323817080e-01,3.477065449148563497e-02,1.000695413089829788e+00,1.001043119634744460e+00,1.001217335606726211e+00,6.652148364804594260e-01,4.548497063463053935e-01,2.222908740526689797e-02,1.000444581748105355e+00,1.000666872622157921e+00,1.000778166298882388e+00,6.654815497978243677e-01,4.543268973378955522e-01,5.623610403970412917e-03,1.000112472208079417e+00,1.000168708312119126e+00,1.000196835851637100e+00,6.658368215695510406e-01,4.536303829413296795e-01,7.620458783842718392e-06,1.000000152409175724e+00,1.000000228613763475e+00,1.000000266716074782e+00,6.659575309391870812e-01,4.533937013135339589e-01
7.913246320138758172e-01,5.582461057746755939e-01,6.669486244410892661e-01,8.388024474353734661e-01,4.537043303193163957e-01,3.572022832907685574e-02,3.563115045294449473e-02,1.000712623009058833e+00,1.001068934513588360e+00,1.001247471139517842e+00,6.661814814010352803e-01,4.552118257661072476e-01,3.493420863479399646e-02,1.000698684172695918e+00,1.001048026259043766e+00,1.001223063421897708e+00,6.661963774041794739e-01,4.551825597238209897e-01,3.434637339334312839e-02,1.000686927467866916e+00,1.001030391201800374e+00,1.001202476970776578e+00,6.662089447837833411e-01,4.551578685291723936e-01,2.195784196128706262e-02,1.000439156839225685e+00,1.000658735258838528e+00,1.000768669112692022e+00,6.664745169422893190e-01,4.546360595328202137e-01,5.554989561693588103e-03,1.000111099791233915e+00,1.000166649686850873e+00,1.000194433892032109e+00,6.668282684024380291e-01,4.539408791279869182e-01,7.527471847920926806e-06,1.000000150549436917e+00,1.000000225824155375e+00,1.000000263461531702e+00,6.669484611575137167e-01,4.537046512482983962e-01
7.881533928509916187e-01,5.592361393591757102e-01,6.679402314240594496e-01,8.381279817393243459e-01,4.540135318477007687e-01,3.528430795766460820e-02,3.519631716475273009e-02,1.000703926343295080e+00,1.001055889514942621e+00,1.001232242734988898e+00,6.671763788515462368e-01,4.555181338263794566e-01,3.450788064319277454e-02,1.000690157612863951e+00,1.001035236419295815e+00,1.001208133060659700e+00,6.671912109744935204e-01,4.554889238698581755e-01,3.392721919006212034e-02,1.000678544383801327e+00,1.001017816575701769e+00,1.001187797988512873e+00,6.672037244596118466e-01,4.554642799963786737e-01,2.168987417185991307e-02,1.000433797483437193e+00,1.000650696225155789e+00,1.000759286731207620e+00,6.674681576448039388e-01,4.549434716328836781e-01,5.487197914601751186e-03,1.000109743958291997e+00,1.000164615937437995e+00,1.000192060959813167e+00,6.678203917088121333e-01,4.542496260239679562e-01,7.435608540287200569e-06,1.000000148712170800e+00,1.000000223068256311e+00,1.000000260246315609e+00,6.679400688409866671e-01,4.540138521597252286e-01
7.849877678340013709e-01,5.602279287400679930e-01,6.689325120422688897e-01,8.374514315907810591e-01,4.543209752662539791e-01,3.485365932066637751e-02,3.476674246450511818e-02,1.000695334849290186e+00,1.001043002273935167e+00,1.001217198604172243e+00,6.681719436137116830e-01,4.558226821118764316e-01,3.408670838206980663e-02,1.000681734167641501e+00,1.001022601251462030e+00,1.001193383364478828e+00,6.681867119790371179e-01,4.557935282746015115e-01,3.351313396217920487e-02,1.000670262679243638e+00,1.001005394018865458e+00,1.001173296627720921e+00,6.681991716730900643e-01,4.557689317505028703e-01,2.142514700872603928e-02,1.000428502940174491e+00,1.000642754410261848e+00,1.000750017856382623e+00,6.684624680718340706e-01,4.552491246084238163e-01,5.420226095126134611e-03,1.000108404521902417e+00,1.000162606782853736e+00,1.000189716726984646e+00,6.688131876568497169e-01,4.545566145568926686e-01,7.344856167108474109e-06,1.000000146897123354e+00,1.000000220345685031e+00,1.000000257069981968e+00,6.689323501583507303e-01,4.543212949609793383e-01
7.818277470240042604e-01,5.612214770312072831e-01,6.699254624446229212e-01,8.367727964006044239e-01,4.546266515002915232e-01,3.442822265469901166e-02,3.434236673785437399e-02,1.000686847334756990e+00,1.001030271002135708e+00,1.001202336655270697e+00,6.691681718328998940e-01,4.561254616395452044e-01,3.367063340312861919e-02,1.000673412668062534e+00,1.001010119002093912e+00,1.001178812282575548e+00,6.691828765632495957e-01,4.560963639532072400e-01,3.310406024490289423e-02,1.000662081204898080e+00,1.000993121807347119e+00,1.001158970872213061e+00,6.691952825697171647e-01,4.560718148051906562e-01,2.116362373430049487e-02,1.000423272474685987e+00,1.000634908712028981e+00,1.000740861200391407e+00,6.694574443701303279e-01,4.555530094412424957e-01,5.354064809234054291e-03,1.000107081296184752e+00,1.000160621944277128e+00,1.000187400868126408e+00,6.698066523949185447e-01,4.548618356663721163e-01,7.255202134199176325e-06,1.000000145104042781e+00,1.000000217656064061e+00,1.000000253932090466e+00,6.699253012585102418e-01,4.546269705773955394e-01
7.786733204996931779e-01,5.622167873519708925e-01,6.709190787602139494e-01,8.360920756279960342e-01,4.549305514877697298e-01,3.400793867314249458e-02,3.392313084602742446e-02,1.000678462616920505e+00,1.001017693925380758e+00,1.001187654813252781e+00,6.701650596348647237e-01,4.564264634378368268e-01,3.325959772434473882e-02,1.000665191954486888e+00,1.000997787931730443e+00,1.001164417780604277e+00,6.701797008529523092e-01,4.563974219323576054e-01,3.269994103186778245e-02,1.000653998820637325e+00,1.000980998230956098e+00,1.001144818721958263e+00,6.701920532753712356e-01,4.563729201856326356e-01,2.090526790407288074e-02,1.000418105358081400e+00,1.000627158037122211e+00,1.000731815485710330e+00,6.704530826667522980e-01,4.558551171250809775e-01,5.288704837036087986e-03,1.000105774096740729e+00,1.000158661145110983e+00,1.000185113060415798e+00,6.708007820516044273e-01,4.551652803044806683e-01,7.166633947844008751e-06,1.000000143332679059e+00,1.000000214999018366e+00,1.000000250832203674e+00,6.709189182705569410e-01,4.549308699469495343e-01
7.755244783573258527e-01,5.632138628272682634e-01,6.719133570983495396e-01,8.354092687807601614e-01,4.552326661797596041e-01,3.359274856971689038e-02,3.350897612939340853e-02,1.000670179522587855e+00,1.001005269283881782e+00,1.001173151019973062e+00,6.711626031257720282e-01,4.567256785471873748e-01,3.285354383346395651e-02,1.000657070876669330e+00,1.000985606315003995e+00,1.001150197840773970e+00,6.711771809543743972e-01,4.566966932507422472e-01,3.230071977857393306e-02,1.000646014395571548e+00,1.000969021593357322e+00,1.001130838193199590e+00,6.711894798963348174e-01,4.566722389290449602e-01,2.065004336880615909e-02,1.000413000867376168e+00,1.000619501301064140e+00,1.000722879445195668e+00,6.714493790690964081e-01,4.561554386660979787e-01,5.224137033342338664e-03,1.000104482740666878e+00,1.000156724111000317e+00,1.000182852983649173e+00,6.717955727357388662e-01,4.554669394362302337e-01,7.079139215551731181e-06,1.000000141582784385e+00,1.000000212374176467e+00,1.000000247769887718e+00,6.719131973037979488e-01,4.552329840207309242e-01
7.723812107106926561e-01,5.642127065875507386e-01,6.729082935485816153e-01,8.347243754155617701e-01,4.555329865409202816e-01,3.318259402174152106e-02,3.309984441071473632e-02,1.000661996888214222e+00,1.000992995332321334e+00,1.001158823234284956e+00,6.721607983922256446e-01,4.570230980205008953e-01,3.245241469118975708e-02,1.000649048293823729e+00,1.000973572440735593e+00,1.001136150461957364e+00,6.721753129541794269e-01,4.569941689595402590e-01,3.190634040552069173e-02,1.000638126808110373e+00,1.000957190212165671e+00,1.001117027318560559e+00,6.721875585193218816e-01,4.569697620851520536e-01,2.039791427654010642e-02,1.000407958285530752e+00,1.000611937428296239e+00,1.000714051822150896e+00,6.724463296649227928e-01,4.564539650833495110e-01,5.160352328169285144e-03,1.000103207046563414e+00,1.000154810569845010e+00,1.000180620320256786e+00,6.727910205364282525e-01,4.557668040400467691e-01,6.992705646741979185e-06,1.000000139854112957e+00,1.000000209781169325e+00,1.000000244744712274e+00,6.729081344477844118e-01,4.555333037634177185e-01
7.692435076910857372e-01,5.652133217688214417e-01,6.739038841807365454e-01,8.340373951381855333e-01,4.558315035499773127e-01,3.277741719308600865e-02,3.269567799809078301e-02,1.000653913559961916e+00,1.000980870339942763e+00,1.001144669432141088e+00,6.731596415012958134e-01,4.573187129236336856e-01,3.205615373406944801e-02,1.000641123074681449e+00,1.000961684612022173e+00,1.001122273659790229e+00,6.731740929194935941e-01,4.572898401229049115e-01,3.151674730104423588e-02,1.000630334946020827e+00,1.000945502419031241e+00,1.001103384147144615e+00,6.731862852115054752e-01,4.572654807166706137e-01,2.014884507440538666e-02,1.000402976901488161e+00,1.000604465352232131e+00,1.000705331370391749e+00,6.734439305223841599e-01,4.567506874092702729e-01,5.097341727198704923e-03,1.000101946834544009e+00,1.000152920251816013e+00,1.000178414755319878e+00,6.737871215230831767e-01,4.560648651082473415e-01,6.907321053367150615e-06,1.000000138146420969e+00,1.000000207219631676e+00,1.000000241756251018e+00,6.739037257723421437e-01,4.558318201537536751e-01
7.661113594472686028e-01,5.662157115126450480e-01,6.749001250449466749e-01,8.333483276037899623e-01,4.561282082001998361e-01,3.237716073682347928e-02,3.229641968760446624e-02,1.000645928393752104e+00,1.000968892590628156e+00,1.001130687606683667e+00,6.741591285005475997e-01,4.576125143358814595e-01,3.166470487708897968e-02,1.000633294097541759e+00,1.000949941146312749e+00,1.001108565466758638e+00,6.741735168979342552e-01,4.575836978184502635e-01,3.113188532386872848e-02,1.000622637706477303e+00,1.000933956559715954e+00,1.001089906744620395e+00,6.741856560205472526e-01,4.575593858997964447e-01,1.990280051025451052e-02,1.000398056010205039e+00,1.000597084015307559e+00,1.000696716854299284e+00,6.744421776900558774e-01,4.570455966901574296e-01,5.035096312190287700e-03,1.000100701926243785e+00,1.000151052889365788e+00,1.000176235976585115e+00,6.747838717454497370e-01,4.563611136475207442e-01,6.822973350471527822e-06,1.000000136459467059e+00,1.000000204689200478e+00,1.000000238804081398e+00,6.748999673276030453e-01,4.561285241850263628e-01
7.629847561454441429e-01,5.672198789661577756e-01,6.758970121716824098e-01,8.326571725171625360e-01,4.564230914998814725e-01,3.198176779759412391e-02,3.190201276567992267e-02,1.000638040255313665e+00,1.000957060382970498e+00,1.001116875768324421e+00,6.751592554180710914e-01,4.579044933504670123e-01,3.127801251598447824e-02,1.000625560250319790e+00,1.000938340375479463e+00,1.001095023932279560e+00,6.751735809176400149e-01,4.578757331377389939e-01,3.075169980537896183e-02,1.000615033996107517e+00,1.000922550994161275e+00,1.001076593193300557e+00,6.751856669746264528e-01,4.578514687246918458e-01,1.965974563411477388e-02,1.000393194912682304e+00,1.000589792369023456e+00,1.000688207048873624e+00,6.754410671969661717e-01,4.573386839866551701e-01,4.973607241349200722e-03,1.000099472144827084e+00,1.000149208217240515e+00,1.000174083674477910e+00,6.757812672336410698e-01,4.566555406794081673e-01,6.739650556689358433e-06,1.000000134793011197e+00,1.000000202189516685e+00,1.000000235887783084e+00,6.758968551440368566e-01,4.564234068655471099e-01
7.598636879692246549e-01,5.682258272820771561e-01,6.768945415717854130e-01,8.319639296329705003e-01,4.567161444728214392e-01,3.159118201368971146e-02,3.151240101116180997e-02,1.000630248020223156e+00,1.000945372030334957e+00,1.001103231944816097e+00,6.761600182625121525e-01,4.581946410750309395e-01,3.089602152928089263e-02,1.000617920430585617e+00,1.000926880645878425e+00,1.001081647122768814e+00,6.761742809873015903e-01,4.581659371867726205e-01,3.037613655162471962e-02,1.000607522731032484e+00,1.000911284096548837e+00,1.001063441592208392e+00,6.761863140824717622e-01,4.581417202959759960e-01,1.941964579946961825e-02,1.000388392915989355e+00,1.000582589373984144e+00,1.000679800739774139e+00,6.764405950526288791e-01,4.576299403742429828e-01,4.912865749650259170e-03,1.000098257314993022e+00,1.000147385972489422e+00,1.000171957542112855e+00,6.767793039981706560e-01,4.569481372407869224e-01,6.657340794684134267e-06,1.000000133146815795e+00,1.000000199720223915e+00,1.000000233006941075e+00,6.768943852324850186e-01,4.567164592191332861e-01
7.567481451196009790e-01,5.692335596187119151e-01,6.778927092365033547e-01,8.312685987560120005e-01,4.570073581588093292e-01,3.120534751886711727e-02,3.112752869712430773e-02,1.000622550573942560e+00,1.000933825860913728e+00,1.001089754181312186e+00,6.771614130231045081e-01,4.584829486321232994e-01,3.051867728006564182e-02,1.000610373545601339e+00,1.000915560318401898e+00,1.001068433121701240e+00,6.771756130961941178e-01,4.584543010864837176e-01,3.000514184506453477e-02,1.000600102836901373e+00,1.000900154255351948e+00,1.001050450057138663e+00,6.771875933333932895e-01,4.584301317332167280e-01,1.918246666437346468e-02,1.000383649333287384e+00,1.000575473999931297e+00,1.000671496723361198e+00,6.774407572470753092e-01,4.579193569437227662e-01,4.852863149119954894e-03,1.000097057262982370e+00,1.000145585894473665e+00,1.000169857275303498e+00,6.777779780299864054e-01,4.572388943843553322e-01,6.576032291530763282e-06,1.000000131520645930e+00,1.000000197280968672e+00,1.000000230161143033e+00,6.778925535841948680e-01,4.570076722855914153e-01
7.536381178149103022e-01,5.702430791399722976e-01,6.788915111375254385e-01,8.305711797414626618e-01,4.572967236141086689e-01,3.082420894390021718e-02,3.074734059241917075e-02,1.000614946811848371e+00,1.000922420217772668e+00,1.001076440540420665e+00,6.781634356697026078e-01,4.587694071596973289e-01,3.014592561750632782e-02,1.000602918512350170e+00,1.000904377768525144e+00,1.001055380029662212e+00,6.781775732142102386e-01,4.587408159732282442e-01,2.963866244605789860e-02,1.000592773248921263e+00,1.000889159873381784e+00,1.001037616720705792e+00,6.781895006973155393e-01,4.587166941714231894e-01,1.894817419240567291e-02,1.000378963483848027e+00,1.000568445225772152e+00,1.000663293806725695e+00,6.784415497508892168e-01,4.582069248017104912e-01,4.793590829077799820e-03,1.000095871816581550e+00,1.000143807724872325e+00,1.000167782572571662e+00,6.787772853005051843e-01,4.575278031791184530e-01,6.495713379042608144e-06,1.000000129914267566e+00,1.000000194871401460e+00,1.000000227349981063e+00,6.788913561708549427e-01,4.572970371212026763e-01
7.505335962908084024e-01,5.712543890153790604e-01,6.798909432270184849e-01,8.298716724951227253e-01,4.575842319119449164e-01,3.044771141787929250e-02,3.037178196297186591e-02,1.000607435639259357e+00,1.000911153458889258e+00,1.001063289102245957e+00,6.791660821528163750e-01,4.590540078116050471e-01,2.977771287812155943e-02,1.000595554257562414e+00,1.000893331386343732e+00,1.001042485964389606e+00,6.791801572918940710e-01,4.590254729992819804e-01,2.927664559411470233e-02,1.000585532911882236e+00,1.000878299367823354e+00,1.001024939732386931e+00,6.791920321248114956e-01,4.590013987615415014e-01,1.871673465346931561e-02,1.000374334693069356e+00,1.000561502039604145e+00,1.000655190807718142e+00,6.794429685152415521e-01,4.584926350711278076e-01,4.735040256338396945e-03,1.000094700805126857e+00,1.000142051207690175e+00,1.000165733135153667e+00,6.797772217616494528e-01,4.578148547108770172e-01,6.416372494045314201e-06,1.000000128327449778e+00,1.000000192491174777e+00,1.000000224573049712e+00,6.798907889446320629e-01,4.575845447992095694e-01
7.474345708002354538e-01,5.722674924200745750e-01,6.808910014376647890e-01,8.291700769736608523e-01,4.578698741429934049e-01,3.007580056926546092e-02,3.000079857283338008e-02,1.000600015971456758e+00,1.000900023957185025e+00,1.001050297964423796e+00,6.801693484036462900e-01,4.593367417580938028e-01,2.941398588681218979e-02,1.000588279717736340e+00,1.000882419576604399e+00,1.001029749060808216e+00,6.801833612604770707e-01,4.593082633333366305e-01,2.891903900890909276e-02,1.000578380780178245e+00,1.000867571170267256e+00,1.001012417258556830e+00,6.801951835471389263e-01,4.592842366709512514e-01,1.848811462443934739e-02,1.000369762292488751e+00,1.000554643438733127e+00,1.000647186554969981e+00,6.804450094719262099e-01,4.587764788916951497e-01,4.677202975375422019e-03,1.000093544059507567e+00,1.000140316089261239e+00,1.000163708667006546e+00,6.807777833458849015e-01,4.581000400827166530e-01,6.337998178599011626e-06,1.000000126759963637e+00,1.000000190139945344e+00,1.000000221829948410e+00,6.808908478382080798e-01,4.578701864103038033e-01
7.443410316133884930e-01,5.732823925348318195e-01,6.818916816827006455e-01,8.284663931848548213e-01,4.581536414158683956e-01,2.970842252670999675e-02,2.963433668499750387e-02,1.000592686733700054e+00,1.000889030100549970e+00,1.001037465242148317e+00,6.811732303341192507e-01,4.596176001863047089e-01,2.905469195766259213e-02,1.000581093839153279e+00,1.000871640758729919e+00,1.001017167471055513e+00,6.811871810319140019e-01,4.595891781609980353e-01,2.856579089106730043e-02,1.000571315817821327e+00,1.000856973726732102e+00,1.001000047482510036e+00,6.811989508762756884e-01,4.595651990839633716e-01,1.826228098966626440e-02,1.000365245619793342e+00,1.000547868429690013e+00,1.000639279887910460e+00,6.814476685333981099e-01,4.590584474204283394e-01,4.620070608449038108e-03,1.000092401412169041e+00,1.000138602118253450e+00,1.000161708874811595e+00,6.817789659662576440e-01,4.583833504154990468e-01,6.260579080170980548e-06,1.000000125211581548e+00,1.000000187817372321e+00,1.000000219120279477e+00,6.818915287648190660e-01,4.581539530631168478e-01
7.412529690176881125e-01,5.742990925460651486e-01,6.828929798559566500e-01,8.277606211878330011e-01,4.584355248576157393e-01,2.934552391964549006e-02,2.927234306199051617e-02,1.000585446861239847e+00,1.000878170291859659e+00,1.001024789068190257e+00,6.821777238369266527e-01,4.598965743007732421e-01,2.869977889451881883e-02,1.000573995577890285e+00,1.000860993366835539e+00,1.001004739364500518e+00,6.821916124989204633e-01,4.598682086852865503e-01,2.821684992273604600e-02,1.000564336998454706e+00,1.000846505497682060e+00,1.000987828604481544e+00,6.822033300049579196e-01,4.598442772023202396e-01,1.803920094133949423e-02,1.000360784018826887e+00,1.000541176028240109e+00,1.000631469656778183e+00,6.824509415928106115e-01,4.593385318321333011e-01,4.563634855697830742e-03,1.000091272697114064e+00,1.000136909045670874e+00,1.000159733467978596e+00,6.827807655164345180e-01,4.586647768483548271e-01,6.184103951760221645e-06,1.000000123682079023e+00,1.000000185523118645e+00,1.000000216443649892e+00,6.828928276182952839e-01,4.584358358847103743e-01
7.381703733177511495e-01,5.753175956458396190e-01,6.838948918318975556e-01,8.270527610933101625e-01,4.587155156142042611e-01,2.898705187865800725e-02,2.891476496624240111e-02,1.000578295299324738e+00,1.000867442948987218e+00,1.001012267592908289e+00,6.831828247855628033e-01,4.601736553239300087e-01,2.834919499135257759e-02,1.000566983899827012e+00,1.000850475849740517e+00,1.000992462927754456e+00,6.831966515350117453e-01,4.601453461271378664e-01,2.787216526794038945e-02,1.000557443305358785e+00,1.000836164958038177e+00,1.000975758841656793e+00,6.832083168067183410e-01,4.601214622456963887e-01,1.781884197971617817e-02,1.000356376839594219e+00,1.000534565259391551e+00,1.000623754722628656e+00,6.834548245240558151e-01,4.596167233199062729e-01,4.507887495196680021e-03,1.000090157749903952e+00,1.000135236624855928e+00,1.000157782158646924e+00,6.837831778707431640e-01,4.589443105391772804e-01,6.108561651975886313e-06,1.000000122171233130e+00,1.000000183256849473e+00,1.000000213799669080e+00,6.838947402731013758e-01,4.587158260210699723e-01
7.350932348353567125e-01,5.763379050318815366e-01,6.848974134656647950e-01,8.263428130638247326e-01,4.589936048510208644e-01,2.863295403564721300e-02,2.856155016024659876e-02,1.000571231003204886e+00,1.000856846504807329e+00,1.000999898984252789e+00,6.841885290343642234e-01,4.604488344966046753e-01,2.800288903241781452e-02,1.000560057780648382e+00,1.000840086670972573e+00,1.000980336364672985e+00,6.842022939945422433e-01,4.604205817259062195e-01,2.753168657273770067e-02,1.000550633731454697e+00,1.000825950597182157e+00,1.000963836428175435e+00,6.842139071359264468e-01,4.603967454522022718e-01,1.760117191321958555e-02,1.000352023438264348e+00,1.000528035157396634e+00,1.000616133957338505e+00,6.844593131818043075e-01,4.598930130956316309e-01,4.452820382981666041e-03,1.000089056407659660e+00,1.000133584611489379e+00,1.000155854661687105e+00,6.847861988842137704e-01,4.592219426651183989e-01,6.033941145071019917e-06,1.000000120678822935e+00,1.000000181018234402e+00,1.000000211187950905e+00,6.848972625843786632e-01,4.589939146375978662e-01
7.320215439094193144e-01,5.773600239075881158e-01,6.859005405931191124e-01,8.256307773139700545e-01,4.592697837533650795e-01,2.828317852378319300e-02,2.821264690651690069e-02,1.000564252938130227e+00,1.000846379407195563e+00,1.000987681427761622e+00,6.851948324185509476e-01,4.607221030785293991e-01,2.766081029220850487e-02,1.000553216205844143e+00,1.000829824308766325e+00,1.000968357896355299e+00,6.852085357127464249e-01,4.606939067398685417e-01,2.719536396517614404e-02,1.000543907279303424e+00,1.000815860918955247e+00,1.000952059615127343e+00,6.852200968278288062e-01,4.606701180788866923e-01,1.738615885841258285e-02,1.000347723177168247e+00,1.000521584765752481e+00,1.000608606243600374e+00,6.854644034015470178e-01,4.601673923904839314e-01,4.398425453043353778e-03,1.000087968509060898e+00,1.000131952763591237e+00,1.000153950694700367e+00,6.857898243926212611e-01,4.594976644230849283e-01,5.960231500933462962e-06,1.000000119204629945e+00,1.000000178806945028e+00,1.000000208608113228e+00,6.859003903879877795e-01,4.592700929196097404e-01
7.289552908959553434e-01,5.783839554820378037e-01,6.869042690308854171e-01,8.249166541106263129e-01,4.595440435269466661e-01,2.793767397726662494e-02,2.786800396734825588e-02,1.000557360079346925e+00,1.000836040119020387e+00,1.000975613126550812e+00,6.862017307542679356e-01,4.609934523488450342e-01,2.732290853522408372e-02,1.000546458170704422e+00,1.000819687256056634e+00,1.000956525761131921e+00,6.862153725057806852e-01,4.609653124467297802e-01,2.686314805506406084e-02,1.000537262961101348e+00,1.000805894441652022e+00,1.000940426670544392e+00,6.862268816985915842e-01,4.609415714022437882e-01,1.717377123985020654e-02,1.000343475424797068e+00,1.000515213137195492e+00,1.000601170474920476e+00,6.864700909996382938e-01,4.604398524554302319e-01,4.344694717289492199e-03,1.000086893894345685e+00,1.000130340841518750e+00,1.000152069978016867e+00,6.867940502125295943e-01,4.597714670302375239e-01,5.887421895035308640e-06,1.000000117748437889e+00,1.000000176622656944e+00,1.000000206059776797e+00,6.869041195005535227e-01,4.595443520728308973e-01
7.258944661680550858e-01,5.794097029700002732e-01,6.879085945763966370e-01,8.242004437731893507e-01,4.598163753983835478e-01,2.759638953090049265e-02,2.752757060438951880e-02,1.000550551412087819e+00,1.000825827118131617e+00,1.000963692301296559e+00,6.872092198386280382e-01,4.612628736066082258e-01,2.698913401555060737e-02,1.000539782680311074e+00,1.000809674020466611e+00,1.000944838214550714e+00,6.872228001707663125e-01,4.612347901441299913e-01,2.653498993355816321e-02,1.000530699798671153e+00,1.000796049698006840e+00,1.000928935879381809e+00,6.872342575453429525e-01,4.612110967187186272e-01,1.696397778981638405e-02,1.000339279555796379e+00,1.000508919333694458e+00,1.000593825555606387e+00,6.874763717733390900e-01,4.607103845617327442e-01,4.291620265478416490e-03,1.000085832405309461e+00,1.000128748607964413e+00,1.000150212234692804e+00,6.877988721413361706e-01,4.600433417244895185e-01,5.815501608342653162e-06,1.000000116310032272e+00,1.000000174465048186e+00,1.000000203542566579e+00,6.879084457195087099e-01,4.598166833238941376e-01
7.228390601158509732e-01,5.804372695919465253e-01,6.889135130079407920e-01,8.234821466737961559e-01,4.600867706157003023e-01,2.725927481948017123e-02,2.719129657803508529e-02,1.000543825931560660e+00,1.000815738897341101e+00,1.000951917190213925e+00,6.882172954497564055e-01,4.615303581712995040e-01,2.665943747626422708e-02,1.000533188749525237e+00,1.000799783124287856e+00,1.000933293529351120e+00,6.882308144858334531e-01,4.615023311501522674e-01,2.621084117257708665e-02,1.000524216823451606e+00,1.000786325235177410e+00,1.000917585543498634e+00,6.882422201462174982e-01,4.614786853452158555e-01,1.675674754794901494e-02,1.000335134950959048e+00,1.000502702426438573e+00,1.000586570400755049e+00,6.884832415008623752e-01,4.609789800014547079e-01,4.239194265124189911e-03,1.000084783885302420e+00,1.000127175827953740e+00,1.000148377190509752e+00,6.888042859573175747e-01,4.603132797650075214e-01,5.744460027187059353e-06,1.000000114889200598e+00,1.000000172333800785e+00,1.000000201056110871e+00,6.889133648231414719e-01,4.600870779208394157e-01
7.197890631464887168e-01,5.814666585740588811e-01,6.899190200847084009e-01,8.227617632375487933e-01,4.603552204488294275e-01,2.692627997700900583e-02,2.685913214664240045e-02,1.000537182642932788e+00,1.000805773964399181e+00,1.000940286049026184e+00,6.892259533468354515e-01,4.617958973833328207e-01,2.633377014866406657e-02,1.000526675402973353e+00,1.000790013104460030e+00,1.000921889995438407e+00,6.892394112101669634e-01,4.617679268038321627e-01,2.589065382404711832e-02,1.000517813076480911e+00,1.000776719614721477e+00,1.000906373981628406e+00,6.892507652604016322e-01,4.617443286196084573e-01,1.655204986075775944e-02,1.000331040997215259e+00,1.000496561495822778e+00,1.000579403936233014e+00,6.894906959414187630e-01,4.612456300879660964e-01,4.187408961374623241e-03,1.000083748179227516e+00,1.000125622268841274e+00,1.000146564573966446e+00,6.898102874196770928e-01,4.605812724327139063e-01,5.674286643100257330e-06,1.000000113485732811e+00,1.000000170228599217e+00,1.000000198600042189e+00,6.899188725706422165e-01,4.603555271336141619e-01
7.167444656840966655e-01,5.824978731482411964e-01,6.909251115468401094e-01,8.220392939427368928e-01,4.606217161901129953e-01,2.659735563574644815e-02,2.653102806558249246e-02,1.000530620561311590e+00,1.000795930841967385e+00,1.000928797150930194e+00,6.902351892701511504e-01,4.620594826045666959e-01,2.601208375134127226e-02,1.000520241675026734e+00,1.000780362512540211e+00,1.000910625919847252e+00,6.902485860840518184e-01,4.620315684656687849e-01,2.557438041898696737e-02,1.000511487608379824e+00,1.000767231412569513e+00,1.000895299529344751e+00,6.902598886281796631e-01,4.620080179012482913e-01,1.634985438103893352e-02,1.000326997087620740e+00,1.000490495631431109e+00,1.000572325098657789e+00,6.904987308352635855e-01,4.615103261564506565e-01,4.136256676863241284e-03,1.000082725133537354e+00,1.000124087700305919e+00,1.000144774116276114e+00,6.908168722685923413e-01,4.608473110307899079e-01,5.604971052613553543e-06,1.000000112099421079e+00,1.000000168149131508e+00,1.000000196173996159e+00,6.909249647021518115e-01,4.606220222545751031e-01
7.137052581697544973e-01,5.835309165521291863e-01,6.919317831154772058e-01,8.213147393210552538e-01,4.608862491548048057e-01,2.627245292509526597e-02,2.620693558612994384e-02,1.000524138711722522e+00,1.000786208067584004e+00,1.000917448786556418e+00,6.912449989411403317e-01,4.623211052188149761e-01,2.569433048909072759e-02,1.000513886609781800e+00,1.000770829914672699e+00,1.000899499626703992e+00,6.912583348289211838e-01,4.622932475181348866e-01,2.526197396643775281e-02,1.000505239479328790e+00,1.000757859218993184e+00,1.000884360539023854e+00,6.912695859709815371e-01,4.622697445714777920e-01,1.615013106719143804e-02,1.000323002621343882e+00,1.000484503932015823e+00,1.000565332835371857e+00,6.915073419037457425e-01,4.617730595644144453e-01,4.085729811536232929e-03,1.000081714596230631e+00,1.000122571894346057e+00,1.000143005551360265e+00,6.918240362252646714e-01,4.611113868851785536e-01,5.536502957023326319e-06,1.000000110730059122e+00,1.000000166095088794e+00,1.000000193777612623e+00,6.919316369388115451e-01,4.608865545989905277e-01
7.106714310614661301e-01,5.845657920291000842e-01,6.929390304928113586e-01,8.205880999578213375e-01,4.611488106815745391e-01,2.595152347033483423e-02,2.588680645419933618e-02,1.000517736129084012e+00,1.000776604193625907e+00,1.000906239263921416e+00,6.922553780624395303e-01,4.625807566323608122e-01,2.538046305167221059e-02,1.000507609261033437e+00,1.000761413891550156e+00,1.000888509457179998e+00,6.922686531474047111e-01,4.625529553661913984e-01,2.495338795224502984e-02,1.000499067759044847e+00,1.000748601638567381e+00,1.000873555379799607e+00,6.922798529914315768e-01,4.625295000341421714e-01,1.595285018243809694e-02,1.000319057003648870e+00,1.000478585505473195e+00,1.000558426104414256e+00,6.925165248493562187e-01,4.620338216921949792e-01,4.035820842455455082e-03,1.000080716416849036e+00,1.000121074625273554e+00,1.000141258615840689e+00,6.928317749919693513e-01,4.613734913450913688e-01,5.468872162124088509e-06,1.000000109377443325e+00,1.000000164066164876e+00,1.000000191410534756e+00,6.929388849828133079e-01,4.611491155055445490e-01
7.076429748341264148e-01,5.856025028282835221e-01,6.939468493621371303e-01,8.198593764921889848e-01,4.614093921330129633e-01,2.563451939120636042e-02,2.557059290893402489e-02,1.000511411858178601e+00,1.000767117787268123e+00,1.000895166908379208e+00,6.932663223179342804e-01,4.628384282744701372e-01,2.507043461242676116e-02,1.000501408692248573e+00,1.000752113038372748e+00,1.000877653769442377e+00,6.932795367233788308e-01,4.628106834377999634e-01,2.464857633769841974e-02,1.000492971526753871e+00,1.000739457290130918e+00,1.000862882437513868e+00,6.932906853733975527e-01,4.627872757161031747e-01,1.575798229395598132e-02,1.000315159645879026e+00,1.000472739468818650e+00,1.000551603874490159e+00,6.935262753557789317e-01,4.622926039434722689e-01,3.986522323578421158e-03,1.000079730446471471e+00,1.000119595669707317e+00,1.000139533049033025e+00,6.938400842521070810e-01,4.616336157835138621e-01,5.402068577910343748e-06,1.000000108041371627e+00,1.000000162062057329e+00,1.000000189072408840e+00,6.939467045174516624e-01,4.614096963368415905e-01
7.046198799794936019e-01,5.866410522045711895e-01,6.949552353879039357e-01,8.191285696173593589e-01,4.616679848961364740e-01,2.532139330035674055e-02,2.525824768115385657e-02,1.000505164953623183e+00,1.000757747430434552e+00,1.000884230062563329e+00,6.942778273728100746e-01,4.630941115979063660e-01,2.476419882675475956e-02,1.000495283976535088e+00,1.000742925964802632e+00,1.000866930938599353e+00,6.942909812220163790e-01,4.630664231844379697e-01,2.434749355803532411e-02,1.000486949871160602e+00,1.000730424806741015e+00,1.000852340114663841e+00,6.943020787820420869e-01,4.630430630677535575e-01,1.556549827191979450e-02,1.000311309965438378e+00,1.000466964948157678e+00,1.000544865124938232e+00,6.945365890879420245e-01,4.625493977457794115e-01,3.937826885516295013e-03,1.000078756537710278e+00,1.000118134806565529e+00,1.000137828592937206e+00,6.948489596702560611e-01,4.618917515977126187e-01,5.336082218248656805e-06,1.000000106721644411e+00,1.000000160082466616e+00,1.000000186762886045e+00,6.949550912071761344e-01,4.616682884799124809e-01
7.016021370061584772e-01,5.876814434186272695e-01,6.959641842157706648e-01,8.183956800807911103e-01,4.619245803828954666e-01,2.501209830164700942e-02,2.494972399166784163e-02,1.000498994479833259e+00,1.000748491719750000e+00,1.000873427086326428e+00,6.952898888736043226e-01,4.633477980794463713e-01,2.446170983046162470e-02,1.000489234196609178e+00,1.000733851294913768e+00,1.000856339356640534e+00,6.953029822898396661e-01,4.633201660816144707e-01,2.405009452081443080e-02,1.000481001890416222e+00,1.000721502835624444e+00,1.000841926830342343e+00,6.953140288638746114e-01,4.632968535635325069e-01,1.537536928846208219e-02,1.000307507385769235e+00,1.000461261078653852e+00,1.000538208845690447e+00,6.955474616920712672e-01,4.628041945510156241e-01,3.889727235270834440e-03,1.000077794544705467e+00,1.000116691817058090e+00,1.000136144992227916e+00,6.958583968922263940e-01,4.621478902097440056e-01,5.270903200521184849e-06,1.000000105418064056e+00,1.000000158127096084e+00,1.000000184481620646e+00,6.959640406976458360e-01,4.619248833467206605e-01
6.985897364395148301e-01,5.887236797368986529e-01,6.969736914726600840e-01,8.176607086844053240e-01,4.621791700306802642e-01,2.470658798833126613e-02,2.464497554945762475e-02,1.000492899510989186e+00,1.000739349266483780e+00,1.000862756356676986e+00,6.963025024482591974e-01,4.635994792203974035e-01,2.416292223797679092e-02,1.000483258444759604e+00,1.000724887667139296e+00,1.000845877432372522e+00,6.963155355547731018e-01,4.635719036293861062e-01,2.375633460416467710e-02,1.000475126692083272e+00,1.000712690038124908e+00,1.000831641020175855e+00,6.963265312468044366e-01,4.635486387024425614e-01,1.518756681655375820e-02,1.000303751336331093e+00,1.000455627004496639e+00,1.000531634037235218e+00,6.965588887957429032e-01,4.630569858359590008e-01,3.842216155951187154e-03,1.000076844323118941e+00,1.000115266484678633e+00,1.000134481994245927e+00,6.968683915451139299e-01,4.624020230669624865e-01,5.206521745241914768e-06,1.000000104130434941e+00,1.000000156195652412e+00,1.000000182228269363e+00,6.969735486157840887e-01,4.621794723746706635e-01
6.955826688217290332e-01,5.897677644316252632e-01,6.979837527668157904e-01,8.169236562847900229e-01,4.624317453028309877e-01,2.440481644111185469e-02,2.434395654973751238e-02,1.000486879130994655e+00,1.000730318696492205e+00,1.000852216267706929e+00,6.973156637061760366e-01,4.638491465471143438e-01,2.386779114045169473e-02,1.000477355822809056e+00,1.000716033734213584e+00,1.000835543591351851e+00,6.973286366261972624e-01,4.638216273528751321e-01,2.346616965491524209e-02,1.000469323393098353e+00,1.000703985089647530e+00,1.000821481136257685e+00,6.973395815401947084e-01,4.637984100085659200e-01,1.500206262880860245e-02,1.000300041252576211e+00,1.000450061878864316e+00,1.000525139710573441e+00,6.975708660079389389e-01,4.633077631027804899e-01,3.795286506471444356e-03,1.000075905730129389e+00,1.000113858595194083e+00,1.000132839348986113e+00,6.978789392373568878e-01,4.626541416425313802e-01,5.142928175646824593e-06,1.000000102858563444e+00,1.000000154287845167e+00,1.000000180002494021e+00,6.979836105698342674e-01,4.624320470271154337e-01
6.925809247117125089e-01,5.908137007808499375e-01,6.989943636878588329e-01,8.161845237934001185e-01,4.626822976891460382e-01,2.410673822607685077e-02,2.404662167189710806e-02,1.000480932433438053e+00,1.000721398650156857e+00,1.000841805230520576e+00,6.983293682382705203e-01,4.640967916115179559e-01,2.357627210374264176e-02,1.000471525442074849e+00,1.000707288163112274e+00,1.000825336275812827e+00,6.983422810950046244e-01,4.640693288027871732e-01,2.317955598661235531e-02,1.000463591119732154e+00,1.000695386679598453e+00,1.000811445647076026e+00,6.983531753349180304e-01,4.640461590315832496e-01,1.481882879621539660e-02,1.000296376575924295e+00,1.000444564863886443e+00,1.000518724887173416e+00,6.985833889191036539e-01,4.635565178795597596e-01,3.748931221229892963e-03,1.000074978624424515e+00,1.000112467936636884e+00,1.000131216809088341e+00,6.988900355587921442e-01,4.629042374359324530e-01,5.080112917259239542e-06,1.000000101602258384e+00,1.000000152403387466e+00,1.000000177803960000e+00,6.989942221494179764e-01,4.626825987938665286e-01
6.895844946850890889e-01,5.918614920684293068e-01,7.000055198068459994e-01,8.154433121767564741e-01,4.629308187063916891e-01,2.381230839252427428e-02,2.375292607733094780e-02,1.000475058521546723e+00,1.000712587782319973e+00,1.000831521673155811e+00,6.993436116170288486e-01,4.643424059916143598e-01,2.328832116628291177e-02,1.000465766423325631e+00,1.000698649634988557e+00,1.000815253944590699e+00,6.993564645336554086e-01,4.643149995559300858e-01,2.289645037742718547e-02,1.000457929007548596e+00,1.000686893511322895e+00,1.000801533037441793e+00,6.993673082034128630e-01,4.642918773472919924e-01,1.463783768680042979e-02,1.000292756753736079e+00,1.000439135130604118e+00,1.000512388598925773e+00,6.995964531011999998e-01,4.638032417207992308e-01,3.703143309770649122e-03,1.000074062866195490e+00,1.000111094299293013e+00,1.000129614129823263e+00,6.999016760807135196e-01,4.631523019734778979e-01,5.018066497431319539e-06,1.000000100361329913e+00,1.000000150541994870e+00,1.000000175632334898e+00,7.000053789255925585e-01,4.629311191917035995e-01
6.865933693341674804e-01,5.929111415840437882e-01,7.010172166763299906e-01,8.147000224566411930e-01,4.631772998988142320e-01,2.352148247067968254e-02,2.346282540716177964e-02,1.000469256508143223e+00,1.000703884762214946e+00,1.000821364040503703e+00,7.003583893965658058e-01,4.645859812920143939e-01,2.300389483685054762e-02,1.000460077896736966e+00,1.000690116845105448e+00,1.000805295073043055e+00,7.003711824962358667e-01,4.645586312157338194e-01,2.261681006796123147e-02,1.000452336201359316e+00,1.000678504302038752e+00,1.000791741808408020e+00,7.003819756997412549e-01,4.645355565581257840e-01,1.445906196422446638e-02,1.000289181239284453e+00,1.000433771858926679e+00,1.000506129888089735e+00,7.006100541077682209e-01,4.640479262079414413e-01,3.657915856428712968e-03,1.000073158317128508e+00,1.000109737475692873e+00,1.000128031069079659e+00,7.009138563559313972e-01,4.633983268088230356e-01,4.956779544863080026e-06,1.000000099135590848e+00,1.000000148703386271e+00,1.000000173487291422e+00,7.010170764509106034e-01,4.631775997648850396e-01
6.836075392679106244e-01,5.939626526232080206e-01,7.020294498304190389e-01,8.139546557102893543e-01,4.634217328386493473e-01,2.323421646931136605e-02,2.317627577986171306e-02,1.000463525515597141e+00,1.000695288273395933e+00,1.000811330794222798e+00,7.013736971126828257e-01,4.648275091444539764e-01,2.272295009223605777e-02,1.000454459001844709e+00,1.000681688502767175e+00,1.000795458152966555e+00,7.013864305185165682e-01,4.648002154127701124e-01,2.234059275895323299e-02,1.000446811855179030e+00,1.000670217782768656e+00,1.000782070477188812e+00,7.013971733596475744e-01,4.647771882936747034e-01,1.428247458631675543e-02,1.000285649491726270e+00,1.000428474237589516e+00,1.000499947807245160e+00,7.016241874739856943e-01,4.642905629498855768e-01,3.613242019959099060e-03,1.000072264840399239e+00,1.000108397260598858e+00,1.000126467387354001e+00,7.019265719188320096e-01,4.636423035234774614e-01,4.896242789099831217e-06,1.000000097924855780e+00,1.000000146887283670e+00,1.000000171368504720e+00,7.020293102594811208e-01,4.634220320856596853e-01
6.806269951119072736e-01,5.950160284872809680e-01,7.030422147848396364e-01,8.132072130705800816e-01,4.636641091266357484e-01,2.295046687324858725e-02,2.289323378877664711e-02,1.000457864675775577e+00,1.000686797013663254e+00,1.000801420412653187e+00,7.023895302829287202e-01,4.650669812083155219e-01,2.244544437481524671e-02,1.000448908887496380e+00,1.000673363331244348e+00,1.000785741692510333e+00,7.024022041180123521e-01,4.650397438052737975e-01,2.206775660889287102e-02,1.000441355132177801e+00,1.000662032698266701e+00,1.000772517577075638e+00,7.024128967006181279e-01,4.650167642112056909e-01,1.410804880354946632e-02,1.000282160976071033e+00,1.000423241464106550e+00,1.000493841419236585e+00,7.026388487167266605e-01,4.645311435835052238e-01,3.569115033150886858e-03,1.000071382300663059e+00,1.000107073450994477e+00,1.000124922847734910e+00,7.029398182854401655e-01,4.638842237273201885e-01,4.836447060009185234e-06,1.000000096728941301e+00,1.000000145093411730e+00,1.000000169275654383e+00,7.030420758670308246e-01,4.636644077547782405e-01
6.776517275083420166e-01,5.960712724834764664e-01,7.040555070369985957e-01,8.124576957262226173e-01,4.639044203925267729e-01,2.267019064080767060e-02,2.261365649955877563e-02,1.000452273129991188e+00,1.000678409694986781e+00,1.000791631390722802e+00,7.034058844066595206e-01,4.653043891711487468e-01,2.217133559003195420e-02,1.000443426711800532e+00,1.000665140067700909e+00,1.000776144216087626e+00,7.034184987940433897e-01,4.652772080796639953e-01,2.179826023154583445e-02,1.000435965204630850e+00,1.000653947806946276e+00,1.000763081657348730e+00,7.034291412219427775e-01,4.652542759961841856e-01,1.393575815745544573e-02,1.000278715163149146e+00,1.000418072744723608e+00,1.000487809797117711e+00,7.036540333346245069e-01,4.647696597741659552e-01,3.525528202426942825e-03,1.000070510564048609e+00,1.000105765846072803e+00,1.000123397215889831e+00,7.039535909534805347e-01,4.641240790591120713e-01,4.777383287238646696e-06,1.000000095547665779e+00,1.000000143321498669e+00,1.000000167208421997e+00,7.040553687709669717e-01,4.639047184020063108e-01
6.746817271159655238e-01,5.971283879248738824e-01,7.050693220660473326e-01,8.117061049219399527e-01,4.641426582956033609e-01,2.239334520113041641e-02,2.233750144751163805e-02,1.000446750028950227e+00,1.000670125043425340e+00,1.000781962239854161e+00,7.044227549651014275e-01,4.655397247491933621e-01,2.190058210379502990e-02,1.000438011642075908e+00,1.000657017463113752e+00,1.000766664264281847e+00,7.044353100277974677e-01,4.655125999510656420e-01,2.153206269339462756e-02,1.000430641253867936e+00,1.000645961880801904e+00,1.000753761283186050e+00,7.044459024047764473e-01,4.654897153627948203e-01,1.376557647899210104e-02,1.000275311529579936e+00,1.000412967294369793e+00,1.000481852024093676e+00,7.046697368081346058e-01,4.650061032162445818e-01,3.482474907430008031e-03,1.000069649498148694e+00,1.000104474247222930e+00,1.000121890260049717e+00,7.049678854024421515e-01,4.643618611870112267e-01,4.719042499654725289e-06,1.000000094380850024e+00,1.000000141571274925e+00,1.000000165166494037e+00,7.050691844504415329e-01,4.641429556866369377e-01
6.717169846100656816e-01,5.981873781304278825e-01,7.060836553329471466e-01,8.109524419586509048e-01,4.643788145251879218e-01,2.211988845144008051e-02,2.206472663485294777e-02,1.000441294532697034e+00,1.000661941799045662e+00,1.000772411487868441e+00,7.054401374214139819e-01,4.657729796879009343e-01,2.163314273979470223e-02,1.000432662854795929e+00,1.000648994282193893e+00,1.000757300393752214e+00,7.054526332823928270e-01,4.657459111638321270e-01,2.126912351100007648e-02,1.000425382470220059e+00,1.000638073705329978e+00,1.000744555035569583e+00,7.054631757122030722e-01,4.657230740544647807e-01,1.359747788685460902e-02,1.000271949557737017e+00,1.000407924336605747e+00,1.000475967193461324e+00,7.056859545995978200e-01,4.652404656336471822e-01,3.439948600595962684e-03,1.000068798972011841e+00,1.000103198458017983e+00,1.000120401750994814e+00,7.059826970936429191e-01,4.645975618090873449e-01,4.661415824764678236e-06,1.000000093228316400e+00,1.000000139842474711e+00,1.000000163149560084e+00,7.060835183664159187e-01,4.643791112980044100e-01
6.687574906824385046e-01,5.992482464249793139e-01,7.070985022805347242e-01,8.101967081936477522e-01,4.646128808011580902e-01,2.184977875421881960e-02,2.179529052789907356e-02,1.000435905810558079e+00,1.000653858715836897e+00,1.000762977678883336e+00,7.064580272207541256e-01,4.660041457624581884e-01,2.136897677674212334e-02,1.000427379535534733e+00,1.000641069303302322e+00,1.000748051177136499e+00,7.064704640029432214e-01,4.659771334920677632e-01,2.100940264828732307e-02,1.000420188052965731e+00,1.000630282079448596e+00,1.000735461511190083e+00,7.064809565892995469e-01,4.659543438443852770e-01,1.343143678574082803e-02,1.000268628735714760e+00,1.000402943103572140e+00,1.000470154408549250e+00,7.067026821533058945e-01,4.654727387803295202e-01,3.397942806714882545e-03,1.000067958856134309e+00,1.000101938284201353e+00,1.000118931462039562e+00,7.069980214702955568e-01,4.648311726538373878e-01,4.604494488121699193e-06,1.000000092089889714e+00,1.000000138134834682e+00,1.000000161157313494e+00,7.070983659617279260e-01,4.646131769559980751e-01
6.658032360413579376e-01,6.003109961392657512e-01,7.081138583335903069e-01,8.094389050407709840e-01,4.648448488744607587e-01,2.158297493431088690e-02,2.152915205417544817e-02,1.000430583041083565e+00,1.000645874561625348e+00,1.000753659373212701e+00,7.074764197903417040e-01,4.662332147783095349e-01,2.110804394553632279e-02,1.000422160878910782e+00,1.000633241318366062e+00,1.000738915202949553e+00,7.074887976166228665e-01,4.662062587401503144e-01,2.075286051376046617e-02,1.000415057210275238e+00,1.000622585815412746e+00,1.000726479322347595e+00,7.074992404632015619e-01,4.661835165360349031e-01,1.326742786457060091e-02,1.000265348557291434e+00,1.000398022835937040e+00,1.000464412782652746e+00,7.077199148955677366e-01,4.657029144408160182e-01,3.356451122480543815e-03,1.000067129022449652e+00,1.000100693533674479e+00,1.000117479169016166e+00,7.080138539575746570e-01,4.650626854807006771e-01,4.548269812714462453e-06,1.000000090965396327e+00,1.000000136448094379e+00,1.000000159189449844e+00,7.081137226611577962e-01,4.648451444115761499e-01
6.628542114115483219e-01,6.013756306099313775e-01,7.091297188989054145e-01,8.086790339705820507e-01,4.650747105276267779e-01,2.131943627595647012e-02,2.126627059945782744e-02,1.000425325411989252e+00,1.000637988117983657e+00,1.000744455147260625e+00,7.084953105395267459e-01,4.664601785716810389e-01,2.085030442636329889e-02,1.000417006088527350e+00,1.000625509132790913e+00,1.000729891075481159e+00,7.085076295327337181e-01,4.664332787432551863e-01,2.049945795765045070e-02,1.000409989159152913e+00,1.000614983738729480e+00,1.000717607096850426e+00,7.085180227431705502e-01,4.664105839637024409e-01,1.310542609466238892e-02,1.000262108521893234e+00,1.000393162782839962e+00,1.000458741438971177e+00,7.087376482347765849e-01,4.659309844307203408e-01,3.315467216029144553e-03,1.000066309344320503e+00,1.000099464016480866e+00,1.000116044650257718e+00,7.090301899626846316e-01,4.652920920805752591e-01,4.492733218342054135e-06,1.000000089854664376e+00,1.000000134781996453e+00,1.000000157245668486e+00,7.091295838714979372e-01,4.650750054472809203e-01
6.599104075341535314e-01,6.024421531795380869e-01,7.101460793653529002e-01,8.079170965105316737e-01,4.653024575752859882e-01,2.105912251975936705e-02,2.100660600474749812e-02,1.000420132120094951e+00,1.000630198180142427e+00,1.000735363593415084e+00,7.095146948598566317e-01,4.666850290101037801e-01,2.059571884573043257e-02,1.000411914376914568e+00,1.000617871565371964e+00,1.000720977414691015e+00,7.095269551427727528e-01,4.666581853678780090e-01,2.024915626899938953e-02,1.000404983125380065e+00,1.000607474688069987e+00,1.000708843477913890e+00,7.095372988206610776e-01,4.666355379930102742e-01,1.294540672786925750e-02,1.000258908134557423e+00,1.000388362201836134e+00,1.000453139510542044e+00,7.097558775614786208e-01,4.661569405972650904e-01,3.274984826467735709e-03,1.000065499696529248e+00,1.000098249544794093e+00,1.000114627686583990e+00,7.100470248749293223e-01,4.655193842763337697e-01,4.437876220974958670e-06,1.000000088757524441e+00,1.000000133136286662e+00,1.000000155325673878e+00,7.101459449816218683e-01,4.653027518777534399e-01
6.569718151667087724e-01,6.035105671965756979e-01,7.111629351039574498e-01,8.071530942451258239e-01,4.655280818646815311e-01,2.080199385959302996e-02,2.075011856318506945e-02,1.000415002371263684e+00,1.000622503556895637e+00,1.000726383319937574e+00,7.105345681251453716e-01,4.669077579929376554e-01,2.034424827344061618e-02,1.000406884965468812e+00,1.000610327448203218e+00,1.000712172856101700e+00,7.105467698205015781e-01,4.668809705123586618e-01,2.000191717268560293e-02,1.000400038343453701e+00,1.000600057515180552e+00,1.000700187124051066e+00,7.105570640693902318e-01,4.668583705214379709e-01,1.278734529467696196e-02,1.000255746905893472e+00,1.000383620358840320e+00,1.000447606140173473e+00,7.107745982484425795e-01,4.663807748198026681e-01,3.234997763393069985e-03,1.000064699955267811e+00,1.000097049932901827e+00,1.000113228061281667e+00,7.110643540657825001e-01,4.657445539233404652e-01,4.383690432103049260e-06,1.000000087673808657e+00,1.000000131510712986e+00,1.000000153429170924e+00,7.111628013625547196e-01,4.655283755502478971e-01
6.540384250831119406e-01,6.045808760154722794e-01,7.121802814679675242e-01,8.063870288160890354e-01,4.657515752761862693e-01,2.054801093944865625e-02,2.049676901690639097e-02,1.000409935380338178e+00,1.000614903070507156e+00,1.000717512950853649e+00,7.115549256915435494e-01,4.671283574518953485e-01,2.009585421950968800e-02,1.000401917084390302e+00,1.000602875626585231e+00,1.000703476050689877e+00,7.115670689220161549e-01,4.671016261074047993e-01,1.975770282639293524e-02,1.000395154056527902e+00,1.000592731084791742e+00,1.000691636708970211e+00,7.115773138454077884e-01,4.670790734788458631e-01,1.263121760226642264e-02,1.000252624352045316e+00,1.000378936528067975e+00,1.000442140480376718e+00,7.117938056507303601e-01,4.666024790103355802e-01,3.195499906401434026e-03,1.000063909998128109e+00,1.000095864997192052e+00,1.000111845560090140e+00,7.120821728889588087e-01,4.659675929099669212e-01,4.330167558071383607e-06,1.000000086603351157e+00,1.000000129905026736e+00,1.000000151555870076e+00,7.121801483675453959e-01,4.657518683451477570e-01
6.511102280735938663e-01,6.056530829966051410e-01,7.131981137929279679e-01,8.056189019225231673e-01,4.659729297238164869e-01,2.029713485022885400e-02,2.024651855384424284e-02,1.000404930371076917e+00,1.000607395556615264e+00,1.000708751125838791e+00,7.125757628976101543e-01,4.673468193515664670e-01,1.985049863103066636e-02,1.000397009972620710e+00,1.000595514958930954e+00,1.000694885664775047e+00,7.125878477858181848e-01,4.673201441166164316e-01,1.951647581752774183e-02,1.000390329516350540e+00,1.000585494274525811e+00,1.000683190921461962e+00,7.125980434871673763e-01,4.672976388279986293e-01,1.247699973254272864e-02,1.000249539994650938e+00,1.000374309991976185e+00,1.000436741693295550e+00,7.128134951057691904e-01,4.668220451140371874e-01,3.156485204590021246e-03,1.000063129704091835e+00,1.000094694556137753e+00,1.000110479971180411e+00,7.131004766804871497e-01,4.661884931581092850e-01,4.277299399404511327e-06,1.000000085545988071e+00,1.000000128318981885e+00,1.000000149705484676e+00,7.131979813321397410e-01,4.659732221764803506e-01
6.481872149446898934e-01,6.067271915063108256e-01,7.142164273967543942e-01,8.048487153210642786e-01,4.661921371557486427e-01,2.004932712649067778e-02,1.999932880447947980e-02,1.000399986576089528e+00,1.000599979864134292e+00,1.000700096500102276e+00,7.135970750643838567e-01,4.675631356899412894e-01,1.960814388898843991e-02,1.000392162877779878e+00,1.000588244316669595e+00,1.000686400379906749e+00,7.136091017328876074e-01,4.675365165370083398e-01,1.927819916008718937e-02,1.000385563983201775e+00,1.000578345974802552e+00,1.000674848465291866e+00,7.136192483155989752e-01,4.675140585650890412e-01,1.232466804013302927e-02,1.000246493360802624e+00,1.000369740041203936e+00,1.000431408950637202e+00,7.138336619334247901e-01,4.670394651097729555e-01,3.117947676050427264e-03,1.000062358953520913e+00,1.000093538430281592e+00,1.000109131085140879e+00,7.141192607587840691e-01,4.664072466237047521e-01,4.225077850120122310e-06,1.000000084501557085e+00,1.000000126752335516e+00,1.000000147877730283e+00,7.142162955742539232e-01,4.661924289924322951e-01
6.452693765192105690e-01,6.078032049168963225e-01,7.152352175798084577e-01,8.040764708260356164e-01,4.664091895548340139e-01,1.980454974314140373e-02,1.975516183854504268e-02,1.000395103236770833e+00,1.000592654855156249e+00,1.000691547744274601e+00,7.146188574954577266e-01,4.677772984989349569e-01,1.936875280502826924e-02,1.000387375056100536e+00,1.000581062584150915e+00,1.000678018892751542e+00,7.146308260667560974e-01,4.677507353995354888e-01,1.904283629148211671e-02,1.000380856725829659e+00,1.000571285088744489e+00,1.000666608059086027e+00,7.146409236341828564e-01,4.677283247202617122e-01,1.217419915035536891e-02,1.000243483983006998e+00,1.000365225974510608e+00,1.000426141433599758e+00,7.148543014360747572e-01,4.672547310106200391e-01,3.079881407354797488e-03,1.000061597628147059e+00,1.000092396442220588e+00,1.000107798694958250e+00,7.151385204247290295e-01,4.666238452972484296e-01,4.173494897032739048e-06,1.000000083469897882e+00,1.000000125204846935e+00,1.000000146072326679e+00,7.152350863942502635e-01,4.664094807758653038e-01
6.423567036362132221e-01,6.088811266066490591e-01,7.162544796249739054e-01,8.033021703095972743e-01,4.666240789391140620e-01,1.956276511209035715e-02,1.951398016168614385e-02,1.000390279603233790e+00,1.000585419404850684e+00,1.000683103544285579e+00,7.156411054770530633e-01,4.679892998449112773e-01,1.913228861818128124e-02,1.000382645772363688e+00,1.000573968658545532e+00,1.000669739914976875e+00,7.156530160735818935e-01,4.679627927696155543e-01,1.881035106931764830e-02,1.000376207021386410e+00,1.000564310532079615e+00,1.000658468436218529e+00,7.156630647290234126e-01,4.679404293581365115e-01,1.202556995716050521e-02,1.000240511399143273e+00,1.000360767098714909e+00,1.000420938332800658e+00,7.158754088986847286e-01,4.674678348643887538e-01,3.042280553035140757e-03,1.000060845611060678e+00,1.000091268416591017e+00,1.000106482595997548e+00,7.161582509617399062e-01,4.668382812043095353e-01,4.122542619048133110e-06,1.000000082450852368e+00,1.000000123676278552e+00,1.000000144288996751e+00,7.162543490750131747e-01,4.666243695448312190e-01
6.394491871509733194e-01,6.099609599598478926e-01,7.172742087977339587e-01,8.025258157018931859e-01,4.668367973623358536e-01,1.932393607886002604e-02,1.927574671207982898e-02,1.000385514934241549e+00,1.000578272401362323e+00,1.000674762601245993e+00,7.166638142780960008e-01,4.681991318292063053e-01,1.889871499155014803e-02,1.000377974299831108e+00,1.000566961449746550e+00,1.000661562173132957e+00,7.166756670222257375e-01,4.681726807476531138e-01,1.858070776813463762e-02,1.000371614155362687e+00,1.000557421233044142e+00,1.000650428344695086e+00,7.166856668689264298e-01,4.681503645783321454e-01,1.187875762104870746e-02,1.000237575152421066e+00,1.000356362728631376e+00,1.000415798848201421e+00,7.168969795888847640e-01,4.676787687541428262e-01,3.005139335056309507e-03,1.000060102786701099e+00,1.000090154180051760e+00,1.000105182585985908e+00,7.171784476358509242e-01,4.670505464060487610e-01,4.072213186449180649e-06,1.000000081444263778e+00,1.000000122166395666e+00,1.000000142527466496e+00,7.172740788820268776e-01,4.668370873530870990e-01
6.365468179349553779e-01,6.110427083667734349e-01,7.182944003462504723e-01,8.017474089911940105e-01,4.670473369144671483e-01,1.908802591915975330e-02,1.904042485701721091e-02,1.000380808497140395e+00,1.000571212745710481e+00,1.000666523631329463e+00,7.176869791502937801e-01,4.684067865886523130e-01,1.866799600895819450e-02,1.000373359920179173e+00,1.000560039880268759e+00,1.000653484408536187e+00,7.176987741643273688e-01,4.683803914695625625e-01,1.835387107611514620e-02,1.000367077421522310e+00,1.000550616132283466e+00,1.000642486547039134e+00,7.177087253054750260e-01,4.683581225159895167e-01,1.173373956696354033e-02,1.000234674791339318e+00,1.000352012187008865e+00,1.000410722189037038e+00,7.179190087570461731e-01,4.678875247987194230e-01,2.968452042283162978e-03,1.000059369040845692e+00,1.000089053561268537e+00,1.000103898464992147e+00,7.181991056957903741e-01,4.672606329997338603e-01,4.022498860173813405e-06,1.000000080449977125e+00,1.000000120674965798e+00,1.000000140787465019e+00,7.182942710634536709e-01,4.670476262906103626e-01
6.336495868757840988e-01,6.121263752237191547e-01,7.193150495014428714e-01,8.009669522240367989e-01,4.672556897222109318e-01,1.885499833542469972e-02,1.880797838945107159e-02,1.000376159567788914e+00,1.000564239351683593e+00,1.000658385365646108e+00,7.187105953282132420e-01,4.686122562961005933e-01,1.844009617156449829e-02,1.000368801923431361e+00,1.000553202885146931e+00,1.000645505377148803e+00,7.187223327343844614e-01,4.685859171072919716e-01,1.812980609175451896e-02,1.000362596121834979e+00,1.000543894182752691e+00,1.000634641820171922e+00,7.187322352731079222e-01,4.685636953422940287e-01,1.159049348216430880e-02,1.000231809869643218e+00,1.000347714804464827e+00,1.000405707573737590e+00,7.189414916363613406e-01,4.680940951532497896e-01,2.932213029942326750e-03,1.000058644260598761e+00,1.000087966390898364e+00,1.000102630035410112e+00,7.192202203730604371e-01,4.674685331192565130e-01,3.973391991085667432e-06,1.000000079467839864e+00,1.000000119201759796e+00,1.000000139068724314e+00,7.193149208502139791e-01,4.672559784841138764e-01
6.307574848772166121e-01,6.132119639330014804e-01,7.203361514770694196e-01,8.001844475053621064e-01,4.674618479495201151e-01,1.862481745332335292e-02,1.857837152451207244e-02,1.000371567430490272e+00,1.000557351145735296e+00,1.000650346550124414e+00,7.197346580293602081e-01,4.688155331609447640e-01,1.821498039444826786e-02,1.000364299607888974e+00,1.000546449411833461e+00,1.000637623849458979e+00,7.197463379498312275e-01,4.687892498693450594e-01,1.790847832050322316e-02,1.000358169566410105e+00,1.000537254349615157e+00,1.000626892955296388e+00,7.197561919891997118e-01,4.687670752649994443e-01,1.144899731407915747e-02,1.000228979946281571e+00,1.000343469919422468e+00,1.000400754229854750e+00,7.199644234429225520e-01,4.682984720096780573e-01,2.896416719079062969e-03,1.000057928334381563e+00,1.000086892501572455e+00,1.000101377101936917e+00,7.202417868820173430e-01,4.676742389356472462e-01,3.924885019238092781e-06,1.000000078497700340e+00,1.000000117746550510e+00,1.000000137370980147e+00,7.203360234560668429e-01,4.674621360975604323e-01
6.278705028591136106e-01,6.142994779029707919e-01,7.213577014698092649e-01,7.993998969986462200e-01,4.676658037981122340e-01,1.839744781823619488e-02,1.835156889599620644e-02,1.000367031377919824e+00,1.000550547066879847e+00,1.000642405945384006e+00,7.207591624542591946e-01,4.690166094296431276e-01,1.799261400316498269e-02,1.000359852280063189e+00,1.000539778420094894e+00,1.000629838610358258e+00,7.207707850111194636e-01,4.689903820013039959e-01,1.768985367138095621e-02,1.000353797073427531e+00,1.000530695610141407e+00,1.000619238757775031e+00,7.207805906541397967e-01,4.689682545289488580e-01,1.130922926814045652e-02,1.000226184585362832e+00,1.000339276878044137e+00,1.000395861393984953e+00,7.209877993758039283e-01,4.685006475972818829e-01,2.861057596009653273e-03,1.000057221151920084e+00,1.000085831727880237e+00,1.000100139471555405e+00,7.212638004199537489e-01,4.678777426575924103e-01,3.876970473132085725e-06,1.000000077539409560e+00,1.000000116309114118e+00,1.000000135693971171e+00,7.213575740776921874e-01,4.676660913326765590e-01
6.249886317574098182e-01,6.153889205480221891e-01,7.223796946593449286e-01,7.986133029260317207e-01,4.678675495079828162e-01,1.817285439170800848e-02,1.812753555282594492e-02,1.000362550711056508e+00,1.000543826066584874e+00,1.000634562326612409e+00,7.217841037865360132e-01,4.692154773862408645e-01,1.777296273027678328e-02,1.000355459254605561e+00,1.000533188881908231e+00,1.000622148459020977e+00,7.217956691017997084e-01,4.691893057863515959e-01,1.747389845356539170e-02,1.000349477969071366e+00,1.000524216953607048e+00,1.000611678047013120e+00,7.218054264514154328e-01,4.691672254165975553e-01,1.117116780560396122e-02,1.000223423356112029e+00,1.000335135034168044e+00,1.000391028311693020e+00,7.220116146171428051e-01,4.687006141831904782e-01,2.826130211769684736e-03,1.000056522604235498e+00,1.000084783906353136e+00,1.000098916953515715e+00,7.222862561671811177e-01,4.680790365319479895e-01,3.829640968968675452e-06,1.000000076592819420e+00,1.000000114889229019e+00,1.000000134037438260e+00,7.223795678947735333e-01,4.678678364294672765e-01
6.221118625240871225e-01,6.164802952886060394e-01,7.234021262084473491e-01,7.978246675684523836e-01,4.680670773579191923e-01,1.795100254787707766e-02,1.790623695548835756e-02,1.000358124739109789e+00,1.000537187108664572e+00,1.000626814483438709e+00,7.228094771929998164e-01,4.694121293528922267e-01,1.755599271186022298e-02,1.000351119854237192e+00,1.000526679781355899e+00,1.000614552208779262e+00,7.228209853886039538e-01,4.693860135457926241e-01,1.726057937295872799e-02,1.000345211587459149e+00,1.000517817381188834e+00,1.000604209656333676e+00,7.228306945476938861e-01,4.693639802485342072e-01,1.103479164135379338e-02,1.000220695832827023e+00,1.000331043749240534e+00,1.000386254237435324e+00,7.230358643322232215e-01,4.688983640729035840e-01,2.791629181558741030e-03,1.000055832583631066e+00,1.000083748875446821e+00,1.000097709359312637e+00,7.233091492871134287e-01,4.682781128442554675e-01,3.782889209896427201e-06,1.000000075657784260e+00,1.000000113486676279e+00,1.000000132401126507e+00,7.234020000700824848e-01,4.680673636667290749e-01
6.192401861271445984e-01,6.175736055512389688e-01,7.244249912630603694e-01,7.970339932657568571e-01,4.682643796660134194e-01,1.773185806988314406e-02,1.768763897245201333e-02,1.000353752779449046e+00,1.000530629169173569e+00,1.000619161219807651e+00,7.238352778237268081e-01,4.696065576903810102e-01,1.734167048399329683e-02,1.000346833409679892e+00,1.000520250114519838e+00,1.000607048687000455e+00,7.238467290215298000e-01,4.695804976395749897e-01,1.704986352873379130e-02,1.000340997270574572e+00,1.000511495905862080e+00,1.000596832432859573e+00,7.238563900929059214e-01,4.695585113840012870e-01,1.090007974169433444e-02,1.000218001594833872e+00,1.000327002392250808e+00,1.000381538434480744e+00,7.240605436695608521e-01,4.690938896108096112e-01,2.757549184181788075e-03,1.000055150983683694e+00,1.000082726475525430e+00,1.000096516502669619e+00,7.243324749263527762e-01,4.684749639192555271e-01,3.736707985254482370e-06,1.000000074734159750e+00,1.000000112101239624e+00,1.000000130784783670e+00,7.244248657495638843e-01,4.682646653625629485e-01
6.163735935505723074e-01,6.186688547685139650e-01,7.254482849523877785e-01,7.962412824168269010e-01,4.684594487901748705e-01,1.751538714625701376e-02,1.747170787656560087e-02,1.000349434157531414e+00,1.000524151236297010e+00,1.000611601353852631e+00,7.248615008121458425e-01,4.697987547986415269e-01,1.712996297922446398e-02,1.000342599259584464e+00,1.000513898889376696e+00,1.000599636734962328e+00,7.248728951339251658e-01,4.697727504668098852e-01,1.684171840986251056e-02,1.000336834368197314e+00,1.000505251552295860e+00,1.000589545237388966e+00,7.248825082203315118e-01,4.697508112214160980e-01,1.076701132213086880e-02,1.000215340226442651e+00,1.000323010339663865e+00,1.000376880174834504e+00,7.250856477609874950e-01,4.692871831807030047e-01,2.723884961487711264e-03,1.000054477699229727e+00,1.000081716548844701e+00,1.000095338199517014e+00,7.253562282147755225e-01,4.686695821214019175e-01,3.691090169811720915e-06,1.000000073821803337e+00,1.000000110732705005e+00,1.000000129188159725e+00,7.254481600624225202e-01,4.684597338748873740e-01
6.135120757943202108e-01,6.197660463791120344e-01,7.264720023889804645e-01,7.954465374796936272e-01,4.686522771286422140e-01,1.730155636729356974e-02,1.725841034143997185e-02,1.000345168206828728e+00,1.000517752310243091e+00,1.000604133717768462e+00,7.258881412751235773e-01,4.699887131172788557e-01,1.692083752302549551e-02,1.000338416750460535e+00,1.000507625125690803e+00,1.000592315207728511e+00,7.258994788425746636e-01,4.699627644662920933e-01,1.663611189162842938e-02,1.000332722237832650e+00,1.000499083356748864e+00,1.000582346944272727e+00,7.259090440466855476e-01,4.699408721988896920e-01,1.063556584514000099e-02,1.000212711316902814e+00,1.000319066975354110e+00,1.000372278739158238e+00,7.261111717217385575e-01,4.694782372063010523e-01,2.690631317805264929e-03,1.000053812626356065e+00,1.000080718939534208e+00,1.000094174267972313e+00,7.263804042656193394e-01,4.688619598553750434e-01,3.646028723002432697e-06,1.000000072920574468e+00,1.000000109380861701e+00,1.000000127611009315e+00,7.264718781212100573e-01,4.686525616019493468e-01
6.106556238742719689e-01,6.208651838278125279e-01,7.274961386688252318e-01,7.946497609716488553e-01,4.688428571204943385e-01,1.709033272141140258e-02,1.704771343781686169e-02,1.000340954268756244e+00,1.000511431403134477e+00,1.000596757157683481e+00,7.269151943130527371e-01,4.701764251260872607e-01,1.671426183023120085e-02,1.000334285236604615e+00,1.000501427854906922e+00,1.000585082974022599e+00,7.269264752477865299e-01,4.701505321170185714e-01,1.643301223212634624e-02,1.000328660244642620e+00,1.000492990366963708e+00,1.000575236441291871e+00,7.269359926722054333e-01,4.701286867947468973e-01,1.050572301793186412e-02,1.000210114460358568e+00,1.000315171690537852e+00,1.000367733416692273e+00,7.271371106505408743e-01,4.696670441517603045e-01,2.657783119376947931e-03,1.000053155662387505e+00,1.000079733493581369e+00,1.000093024528321495e+00,7.274049981755716932e-01,4.690520895665937773e-01,3.601516688159168213e-06,1.000000072030333698e+00,1.000000108045500546e+00,1.000000126053087968e+00,7.274960150219145216e-01,4.688431409828367480e-01
6.078042288222160749e-01,6.219662705655040202e-01,7.285206888714348406e-01,7.938509554693529147e-01,4.690311812461614438e-01,1.688168359150011427e-02,1.683958462992530061e-02,1.000336791692598482e+00,1.000505187538897722e+00,1.000589470533530534e+00,7.279426550099398208e-01,4.703618833455696646e-01,1.651020400146710476e-02,1.000330204080029262e+00,1.000495306120044114e+00,1.000577938916102028e+00,7.279538794334815544e-01,4.703360459387071479e-01,1.623238806875011014e-02,1.000324647761374974e+00,1.000486971642062572e+00,1.000568212629532772e+00,7.279633491807392387e-01,4.703142475280432389e-01,1.037746279020474414e-02,1.000207549255804018e+00,1.000311323883706249e+00,1.000363243505177469e+00,7.281634596297010820e-01,4.698535965221918298e-01,2.625335293790957182e-03,1.000052506705875865e+00,1.000078760058813687e+00,1.000091888802998152e+00,7.284300050248595504e-01,4.692399637417277170e-01,3.557547191742989784e-06,1.000000071150943803e+00,1.000000106726415705e+00,1.000000124514155431e+00,7.285205658440493393e-01,4.690314644979877157e-01
6.049578816858180996e-01,6.230693100491948577e-01,7.295456480599383786e-01,7.930501236089402273e-01,4.692172420279341893e-01,1.667557675125817124e-02,1.663399177182860178e-02,1.000332679835436611e+00,1.000499019753154917e+00,1.000582272718918864e+00,7.289705184334949184e-01,4.705450803374546243e-01,1.630863251956789564e-02,1.000326172650391365e+00,1.000489258975586937e+00,1.000570881929633060e+00,7.289816864672820085e-01,4.705192984923137756e-01,1.603420841467131583e-02,1.000320684168293450e+00,1.000481026252440175e+00,1.000561274423265257e+00,7.289911086398354056e-01,4.704975469590833570e-01,1.025076535189389099e-02,1.000205015307037870e+00,1.000307522960556916e+00,1.000358808310773506e+00,7.291902137251956573e-01,4.700378868641759134e-01,2.593282829411672728e-03,1.000051865656588213e+00,1.000077798484882319e+00,1.000090766916564178e+00,7.294554198773400833e-01,4.694255749092082763e-01,3.514113442571732209e-06,1.000000070282268894e+00,1.000000105423403340e+00,1.000000122993974339e+00,7.295455256507447084e-01,4.692175246697017910e-01
6.021165735285916032e-01,6.241743057420245933e-01,7.305710112811737433e-01,7.922472680861193384e-01,4.694010320304733974e-01,1.647198036152299275e-02,1.643090310376358471e-02,1.000328618062075181e+00,1.000492927093112883e+00,1.000575162601004653e+00,7.299987796352220837e-01,4.707260087052134168e-01,1.610951624598825835e-02,1.000322190324919758e+00,1.000483285487379748e+00,1.000563910923563560e+00,7.300098914006027950e-01,4.707002823805497282e-01,1.583844265531056741e-02,1.000316768853106275e+00,1.000475153279659413e+00,1.000554420749815598e+00,7.300192661008334527e-01,4.706785776899369278e-01,1.012561113091556275e-02,1.000202512222618356e+00,1.000303768333927534e+00,1.000354427147982506e+00,7.302173679867629552e-01,4.702199077662762017e-01,2.561620774808937191e-03,1.000051232415496205e+00,1.000076848623244308e+00,1.000089658695688666e+00,7.304812377805925960e-01,4.696089156397389441e-01,3.471208731046628232e-06,1.000000069424174631e+00,1.000000104136261836e+00,1.000000121492309102e+00,7.305708894888395255e-01,4.694013140626477898e-01
5.992802954298710461e-01,6.252812611132745335e-01,7.315967735657805671e-01,7.914423916562707273e-01,4.695825438613180358e-01,1.627086296659521411e-02,1.623028724847402904e-02,1.000324605744969508e+00,1.000486908617454151e+00,1.000568139080363794e+00,7.310274336505112602e-01,4.709046610945762379e-01,1.591282441720803451e-02,1.000318256488344160e+00,1.000477384732516350e+00,1.000557024819996421e+00,7.310384892687429303e-01,4.708789902483968004e-01,1.564506054480309036e-02,1.000312901210895999e+00,1.000469351816344110e+00,1.000547650549443723e+00,7.310478165989556798e-01,4.708573323649547504e-01,1.000198079090748420e-02,1.000200039615818159e+00,1.000300059423727239e+00,1.000350099339567755e+00,7.312449174479946912e-01,4.703996518595522369e-01,2.530344238186426654e-03,1.000050606884763660e+00,1.000075910327145490e+00,1.000088563969129041e+00,7.315074537660108955e-01,4.697899785468044320e-01,3.428826428377703259e-06,1.000000068576528678e+00,1.000000102864792906e+00,1.000000120008928794e+00,7.315966523889745332e-01,4.695828252843726180e-01
5.964490384847829230e-01,6.263901796383786191e-01,7.326229299282944751e-01,7.906354971345397331e-01,4.697617701713923677e-01,1.607219349055893920e-02,1.603211320754008989e-02,1.000320642264150850e+00,1.000480963396226164e+00,1.000561201070860218e+00,7.320564754987314293e-01,4.710810301940465683e-01,1.571852664113343803e-02,1.000314370532822572e+00,1.000471555799234080e+00,1.000550222554063673e+00,7.320674750909788031e-01,4.710554147836220618e-01,1.545403220246051659e-02,1.000309080644049109e+00,1.000463620966073774e+00,1.000540962775219533e+00,7.320767551534000939e-01,4.710338036712832244e-01,9.879855228966852310e-03,1.000197597104579339e+00,1.000296395656868897e+00,1.000345824216475554e+00,7.322728571264293107e-01,4.705771118180716028e-01,2.499448386809399215e-03,1.000049988967736114e+00,1.000074983451604282e+00,1.000087482567710850e+00,7.325340628488978822e-01,4.699687562871791013e-01,3.386959985808328135e-06,1.000000067739199805e+00,1.000000101608799596e+00,1.000000118543602934e+00,7.326228093656863560e-01,4.697620509858085325e-01
5.936227938042193397e-01,6.275010647989341939e-01,7.336494753672424540e-01,7.898265873959261496e-01,4.699387036555118802e-01,1.587594123360001191e-02,1.583635035770574948e-02,1.000316727007154016e+00,1.000475090510731135e+00,1.000554347499517327e+00,7.330859001833239796e-01,4.712551087354152068e-01,1.552659289349634514e-02,1.000310531857870000e+00,1.000465797786805000e+00,1.000543503073798357e+00,7.330968438706575441e-01,4.712295487172922792e-01,1.526532810923077882e-02,1.000305306562184526e+00,1.000457959843277012e+00,1.000534356392895674e+00,7.331060767674347778e-01,4.712079843393780498e-01,9.759215573387096387e-03,1.000195184311467811e+00,1.000292776467201605e+00,1.000341601117755275e+00,7.333011820236469136e-01,4.707522803594210714e-01,2.468928446432136058e-03,1.000049378568928615e+00,1.000074067853393034e+00,1.000086414324307338e+00,7.335610600285603633e-01,4.701452415614347236e-01,3.345602933839353475e-06,1.000000066912058783e+00,1.000000100368088063e+00,1.000000117096106145e+00,7.336493554175028686e-01,4.699389838617787363e-01
5.908015525148080371e-01,6.286139200827134399e-01,7.346764048652391077e-01,7.890156653753709337e-01,4.701133370528893241e-01,1.568207586832344111e-02,1.564296844720542909e-02,1.000312859368944096e+00,1.000469289053416144e+00,1.000547577306390767e+00,7.341157026918985196e-01,4.714268894942736376e-01,1.533699351425275512e-02,1.000306739870284956e+00,1.000460109805427544e+00,1.000536865340009740e+00,7.341265905952931714e-01,4.714013848242857296e-01,1.507891910415715304e-02,1.000301578382083223e+00,1.000452367573124723e+00,1.000527830380786076e+00,7.341357764284925924e-01,4.713798671435160959e-01,9.640043181394155822e-03,1.000192800863627829e+00,1.000289201295441854e+00,1.000337429390478539e+00,7.343298871253648441e-01,4.709251502452161398e-01,2.438779700725249387e-03,1.000048775594014394e+00,1.000073163391021813e+00,1.000085359073819236e+00,7.345884402884054198e-01,4.703194271144466865e-01,3.304748881453064860e-06,1.000000066094977713e+00,1.000000099142466459e+00,1.000000115666214384e+00,7.346762855270400072e-01,4.701136166515038073e-01
5.879853057588861898e-01,6.297287489836737029e-01,7.357037133890848013e-01,7.882027340678369187e-01,4.702856631476380889e-01,1.549056743607238849e-02,1.545193759209215895e-02,1.000309038751841850e+00,1.000463558127762775e+00,1.000540889444435644e+00,7.351458779963284673e-01,4.715963652905247327e-01,1.514969920398277770e-02,1.000302993984079736e+00,1.000454490976119493e+00,1.000530308326155415e+00,7.351567102366619588e-01,4.715709159238041792e-01,1.489477638083883462e-02,1.000297895527616721e+00,1.000446843291425081e+00,1.000521383729638503e+00,7.351658491082678770e-01,4.715494449023078793e-01,9.522319636883679050e-03,1.000190446392737575e+00,1.000285669589106474e+00,1.000333308389662390e+00,7.353589674015341693e-01,4.710957142816101784e-01,2.408997490703234084e-03,1.000048179949813987e+00,1.000072269924721091e+00,1.000084316653155225e+00,7.356161985960378846e-01,4.704913057358994233e-01,3.264391515337467945e-06,1.000000065287830253e+00,1.000000097931745380e+00,1.000000114253706052e+00,7.357035946610989141e-01,4.702859421391045180e-01
5.851740446944715401e-01,6.308455550019690383e-01,7.367313958898633608e-01,7.873877965283879732e-01,4.704556747692754115e-01,1.530138634324947067e-02,1.526322827256805167e-02,1.000305264565451324e+00,1.000457896848176986e+00,1.000534282879381065e+00,7.361764210528491947e-01,4.717635289888941763e-01,1.496468102029288247e-02,1.000299293620405816e+00,1.000448940430608724e+00,1.000523831018213405e+00,7.361871977509004683e-01,4.717381348798833640e-01,1.471287148389372086e-02,1.000294257429677813e+00,1.000441386144516720e+00,1.000515015442512423e+00,7.361962897628134828e-01,4.717167104792068799e-01,9.406026748159679665e-03,1.000188120534963199e+00,1.000282180802444687e+00,1.000329237478187139e+00,7.363884178064378228e-01,4.712639653198016920e-01,2.379577214152380198e-03,1.000047591544283021e+00,1.000071387316424643e+00,1.000083286901211510e+00,7.366443299033584857e-01,4.706608702607904537e-01,3.224524599111061456e-06,1.000000064490492058e+00,1.000000096735737865e+00,1.000000112858363988e+00,7.367312777707649696e-01,4.704559531541058215e-01
5.823677604952357534e-01,6.319643416439606476e-01,7.377594473030427702e-01,7.865708558722632748e-01,4.706233647932248632e-01,1.511450335764252979e-02,1.507681132931923233e-02,1.000301536226586352e+00,1.000452304339879639e+00,1.000527756589598027e+00,7.372073268021558379e-01,4.719283734994386137e-01,1.478191037422252330e-02,1.000295638207484350e+00,1.000443457311226636e+00,1.000517432414560037e+00,7.372180480786034718e-01,4.719030346019011390e-01,1.453317630542550788e-02,1.000290663526108403e+00,1.000435995289162827e+00,1.000508724534653782e+00,7.372270933326400266e-01,4.718816567830190212e-01,9.291146545675912569e-03,1.000185822930913515e+00,1.000278734396370384e+00,1.000325216026719755e+00,7.374182332787894145e-01,4.714298962565410256e-01,2.350514325059377581e-03,1.000047010286501115e+00,1.000070515429751783e+00,1.000082269658852274e+00,7.376728291466636556e-01,4.708281135699333153e-01,3.185141972548550400e-06,1.000000063702839448e+00,1.000000095554259172e+00,1.000000111479972142e+00,7.377593297915068238e-01,4.706236425719382832e-01
5.795664443504748853e-01,6.330851124222284243e-01,7.387878625485752027e-01,7.857519152749472546e-01,4.707887261413156721e-01,1.492988960475579753e-02,1.489265795985615821e-02,1.000297853159197059e+00,1.000446779738795700e+00,1.000521309565973072e+00,7.382385901695034391e-01,4.720908917780543557e-01,1.460135902665603801e-02,1.000292027180533116e+00,1.000438040770799786e+00,1.000511111525838714e+00,7.382492561449240931e-01,4.720656080450861269e-01,1.435566308149595870e-02,1.000287113261630001e+00,1.000430669892444779e+00,1.000502510033371095e+00,7.382582547428147013e-01,4.720442767684095431e-01,9.177661279780589473e-03,1.000183553225595601e+00,1.000275329838393512e+00,1.000321243413632155e+00,7.384484087418332621e-01,4.715935000346349604e-01,2.321804333040763165e-03,1.000046436086660773e+00,1.000069654129991159e+00,1.000081264768888811e+00,7.387016912467462282e-01,4.709930285904595504e-01,3.146237550807698955e-06,1.000000062924750965e+00,1.000000094387126559e+00,1.000000110118317131e+00,7.387877456432780932e-01,4.707890033144384034e-01
5.767700874650840692e-01,6.342078708555815014e-01,7.398166365309997161e-01,7.849309779722362101e-01,4.709517517822829347e-01,1.474751656414824072e-02,1.471073971486108918e-02,1.000294214794297254e+00,1.000441322191445881e+00,1.000514940811779052e+00,7.392702060648072004e-01,4.722510768269835291e-01,1.442299908474155637e-02,1.000288459981694800e+00,1.000432689972542200e+00,1.000504867374836682e+00,7.392808168596745055e-01,4.722258482110236466e-01,1.418030438860407721e-02,1.000283606087772004e+00,1.000425409131658228e+00,1.000496370977910887e+00,7.392897689030623054e-01,4.722045634364100408e-01,9.065553418465481517e-03,1.000181311068369272e+00,1.000271966602553908e+00,1.000317319024923934e+00,7.394789391034458648e-01,4.717547696434508109e-01,2.293442802773482374e-03,1.000045868856055398e+00,1.000068803284083208e+00,1.000080272076061094e+00,7.397309111089968026e-01,4.711556082963188619e-01,3.107805323657694040e-06,1.000000062156106484e+00,1.000000093234159726e+00,1.000000108773189345e+00,7.398165202306189459e-01,4.709520283503484950e-01
5.739786810595282063e-01,6.353326204690695755e-01,7.408457641395447268e-01,7.841080472603011442e-01,4.711124347322649952e-01,1.456735606578004293e-02,1.453102849454368517e-02,1.000290620569890931e+00,1.000435930854836286e+00,1.000508649342545908e+00,7.403021693827442906e-01,4.724089216953186177e-01,1.424680299831789128e-02,1.000284936059966379e+00,1.000427404089949457e+00,1.000498698996359792e+00,7.403127251174271839e-01,4.723837481481604206e-01,1.400707314017311626e-02,1.000280141462803529e+00,1.000420212194205183e+00,1.000490306419335562e+00,7.403216307078671621e-01,4.723625098349223950e-01,8.954805645120052573e-03,1.000179096112902455e+00,1.000268644169353571e+00,1.000313442254142426e+00,7.405098192562378223e-01,4.719136981194185787e-01,2.265425353426715575e-03,1.000045308507068631e+00,1.000067962760602835e+00,1.000079291427015571e+00,7.407604836235068824e-01,4.713158457087776032e-01,3.069839354709223709e-06,1.000000061396786988e+00,1.000000092095180593e+00,1.000000107444380060e+00,7.408456484427590194e-01,4.711127106958136745e-01
5.711922163698146537e-01,6.364593647939941201e-01,7.418752402482324815e-01,7.832831264957458295e-01,4.712707680553001599e-01,1.438938028636870155e-02,1.435349654500618632e-02,1.000287069930900108e+00,1.000430604896350273e+00,1.000502434185934320e+00,7.413344750028573182e-01,4.725644194795070585e-01,1.407274355635080958e-02,1.000281454871126963e+00,1.000422182306690555e+00,1.000492605437105498e+00,7.413449757976188215e-01,4.725393009523085608e-01,1.383594258304682648e-02,1.000276718851661029e+00,1.000415078277491432e+00,1.000484315420398840e+00,7.413538350365763696e-01,4.725181090592227018e-01,8.845400856291476752e-03,1.000176908017125887e+00,1.000265362025688720e+00,1.000309612502305212e+00,7.415410440776573076e-01,4.720702785465314411e-01,2.237747658095202031e-03,1.000044754953161918e+00,1.000067132429742767e+00,1.000078322670287623e+00,7.417904036651729038e-01,4.714737338969172686e-01,3.032333780646582067e-06,1.000000060646675681e+00,1.000000090970013522e+00,1.000000106131685218e+00,7.418751251537215596e-01,4.712710434148788541e-01
5.684106846474661356e-01,6.375881073679190436e-01,7.429050597159837510e-01,7.824562190956619867e-01,4.714267448638209679e-01,1.421356174575577613e-02,1.417811645461922870e-02,1.000283562329092435e+00,1.000425343493638541e+00,1.000496294381607587e+00,7.423671177896574713e-01,4.727175633238520636e-01,1.390079388337973378e-02,1.000278015877667626e+00,1.000417023816501327e+00,1.000486585755539393e+00,7.423775637646533587e-01,4.726924997671466122e-01,1.366688629399593659e-02,1.000273337725879896e+00,1.000410006588819956e+00,1.000478397055424074e+00,7.423863767535033853e-01,4.726713542524628164e-01,8.737322159451228754e-03,1.000174746443188933e+00,1.000262119664783622e+00,1.000305829177820405e+00,7.425726084300947605e-01,4.722245040568455732e-01,2.210405443234218781e-03,1.000044208108864741e+00,1.000066312163297111e+00,1.000077365656281136e+00,7.428206660938005967e-01,4.716292659781297636e-01,2.995282810462020944e-06,1.000000059905656213e+00,1.000000089858484209e+00,1.000000104834900982e+00,7.429049452224288919e-01,4.714270196199839003e-01
5.656340771594932093e-01,6.387188517346820138e-01,7.439352173867248563e-01,7.816273285376790225e-01,4.715803583191485182e-01,1.403987330328556986e-02,1.400486115040954632e-02,1.000280097223008147e+00,1.000420145834512331e+00,1.000490228981105068e+00,7.434000925927305437e-01,4.728683464210137743e-01,1.373092743597610806e-02,1.000274618548719463e+00,1.000411927823079195e+00,1.000480639021769758e+00,7.434104838680075655e-01,4.728433377847200969e-01,1.349987817623612453e-02,1.000269997563524749e+00,1.000404996345287012e+00,1.000472550410181460e+00,7.434192507080330525e-01,4.728222386061700644e-01,8.630552870768984364e-03,1.000172611057415395e+00,1.000258916586123092e+00,1.000302091696409823e+00,7.436045071609881374e-01,4.723763678309774727e-01,2.183394488096414808e-03,1.000043667889761956e+00,1.000065501834642934e+00,1.000076420237246966e+00,7.438512657542123430e-01,4.717824351186120091e-01,2.958680724692613018e-06,1.000000059173614453e+00,1.000000088760421679e+00,1.000000103553827957e+00,7.439351034928081141e-01,4.715806324724560183e-01
5.628623851883662876e-01,6.398516014444057820e-01,7.449657080894942496e-01,7.807964583600118802e-01,4.717316016319837990e-01,1.386828815419672255e-02,1.383370389446057259e-02,1.000276674077889227e+00,1.000415011116833730e+00,1.000484237047715164e+00,7.444333942468427390e-01,4.730167620125077521e-01,1.356311799921439999e-02,1.000271262359984314e+00,1.000406893539976361e+00,1.000474764317423437e+00,7.444437309423375115e-01,4.729918082459405038e-01,1.333489245595838660e-02,1.000266697849119257e+00,1.000400046773678664e+00,1.000466774581765694e+00,7.444524517347287373e-01,4.729707553607464532e-01,8.525076512894478112e-03,1.000170501530257994e+00,1.000255752295386769e+00,1.000298399481030387e+00,7.446367351029294923e-01,4.725258630985999520e-01,2.156710624170654449e-03,1.000043134212483364e+00,1.000064701318725158e+00,1.000075486267266056e+00,7.448821974763527587e-01,4.719332345338593249e-01,2.922521874659836881e-06,1.000000058450437601e+00,1.000000087675656291e+00,1.000000102288268300e+00,7.449655947938990108e-01,4.717318751830026913e-01
5.600956000319896599e-01,6.409863600535089523e-01,7.459965266385512050e-01,7.799636121615017847e-01,4.718804680628970738e-01,1.369877982602771445e-02,1.366461828032689702e-02,1.000273292365606581e+00,1.000409938548409761e+00,1.000478317656349425e+00,7.454670175720474745e-01,4.731628033892015250e-01,1.339733968315669037e-02,1.000267946793663043e+00,1.000401920190494787e+00,1.000468960735523494e+00,7.454772998075853696e-01,4.731379044410813361e-01,1.317190367887280042e-02,1.000263438073577538e+00,1.000395157110366195e+00,1.000461068678474508e+00,7.454859746534384657e-01,4.731168978059644425e-01,8.420876812747900980e-03,1.000168417536254850e+00,1.000252626304382497e+00,1.000294751961795958e+00,7.456692870737734458e-01,4.726729831389368530e-01,2.130349734623022701e-03,1.000042606994692385e+00,1.000063910492038799e+00,1.000074563602228794e+00,7.459134560753982734e-01,4.720816574891555928e-01,2.886800681712094958e-06,1.000000057736013526e+00,1.000000086604020400e+00,1.000000101038026168e+00,7.459964139399622995e-01,4.718807410122010104e-01
5.573337130036719600e-01,6.421231311247175277e-01,7.470276678334858422e-01,7.791287936016558779e-01,4.720269509228176563e-01,1.353132217503736322e-02,1.349757822946370464e-02,1.000269951564589199e+00,1.000404927346884021e+00,1.000472469893416649e+00,7.465009573737945159e-01,4.733064638918102474e-01,1.323356691935194569e-02,1.000264671338387146e+00,1.000397007007580497e+00,1.000463227380365527e+00,7.465111852690883287e-01,4.732816197102738820e-01,1.301088670676669480e-02,1.000260217734135315e+00,1.000390326601203084e+00,1.000455431819688767e+00,7.465198142694042804e-01,4.732606592814627144e-01,8.317937699319521636e-03,1.000166358753986406e+00,1.000249538130979499e+00,1.000291148575902511e+00,7.467021578767447654e-01,4.728177212812550434e-01,2.104307753740165040e-03,1.000042086155074728e+00,1.000063129232612313e+00,1.000073652099814137e+00,7.469450363518657099e-01,4.722276973000638645e-01,2.851511636470389583e-06,1.000000057030232758e+00,1.000000085545349027e+00,1.000000099802909714e+00,7.470275557305892100e-01,4.720272232709861182e-01
5.545767154321012971e-01,6.432619182270755687e-01,7.480591264593289269e-01,7.782920064006810801e-01,4.721710435735196332e-01,1.336588938264122485e-02,1.333255798767204493e-02,1.000266651159753550e+00,1.000399976739630103e+00,1.000466692856699424e+00,7.475352084430391120e-01,4.734477369113901379e-01,1.307177445735083210e-02,1.000261435489147033e+00,1.000392153233720549e+00,1.000457563367393554e+00,7.475453821176875069e-01,4.734229474439998198e-01,1.285181671407809902e-02,1.000257036334281535e+00,1.000385554501422414e+00,1.000449863135750572e+00,7.475539653733711543e-01,4.734020331772388346e-01,8.216243301479072420e-03,1.000164324866029686e+00,1.000246487299044418e+00,1.000287588767548197e+00,7.477353423005489441e-01,4.729600709053556895e-01,2.078580666375096173e-03,1.000041571613327518e+00,1.000062357419991166e+00,1.000072751619472289e+00,7.479769330917228620e-01,4.723713473329130275e-01,2.816649298077351215e-06,1.000000056332986054e+00,1.000000084499478969e+00,1.000000098582727981e+00,7.480590149508116182e-01,4.721713153211384295e-01
5.518245986613157239e-01,6.444027249359571830e-01,7.490908972866635596e-01,7.774532543395142881e-01,4.723127394281065872e-01,1.320245595186462020e-02,1.316953212156071924e-02,1.000263390642431194e+00,1.000395085963646791e+00,1.000460985655227564e+00,7.485697655563522401e-01,4.735866158898291434e-01,1.291193736123679402e-02,1.000258238747224748e+00,1.000387358120837122e+00,1.000451967823081212e+00,7.485798851298388623e-01,4.735618810835828807e-01,1.269466918448521053e-02,1.000253893383689752e+00,1.000380840075534516e+00,1.000444361767844681e+00,7.485884227416979009e-01,4.735410129341401930e-01,8.115777945795373677e-03,1.000162315558915882e+00,1.000243473338373823e+00,1.000284071987858514e+00,7.487688351194837777e-01,4.731000254420629214e-01,2.053164507395597443e-03,1.000041063290147969e+00,1.000061594935221843e+00,1.000071862022404057e+00,7.490091410665000726e-01,4.725126010052842496e-01,2.782208293449769127e-06,1.000000055644165942e+00,1.000000083466248801e+00,1.000000097377292674e+00,7.490907863712142900e-01,4.723130105757675778e-01
5.490773540506783679e-01,6.455455548330769622e-01,7.501229750717384182e-01,7.766125412598480215e-01,4.724520319514948219e-01,1.304099670381347886e-02,1.300847551502591452e-02,1.000260169510300612e+00,1.000390254265450807e+00,1.000455347409156648e+00,7.496046234760328497e-01,4.737230943203373235e-01,1.275403100617455293e-02,1.000255080620123582e+00,1.000382620930185151e+00,1.000446439884808303e+00,7.496146890677247709e-01,4.736984141216781241e-01,1.253941990751296018e-02,1.000250788398150181e+00,1.000376182597225494e+00,1.000438926867878386e+00,7.496231811364686415e-01,4.736775920443541121e-01,8.016526154366893780e-03,1.000160330523087282e+00,1.000240495784630923e+00,1.000280597694810147e+00,7.498026310935498318e-01,4.732375783737106101e-01,2.028055361135385013e-03,1.000040561107222725e+00,1.000060841660834088e+00,1.000070983171542194e+00,7.500416550334023658e-01,4.726514517864944809e-01,2.748183316534878695e-06,1.000000054963666285e+00,1.000000082445499539e+00,1.000000096186418164e+00,7.501228647480470135e-01,4.724523024997958620e-01
5.463349729748487871e-01,6.466904115065016390e-01,7.511553545565811119e-01,7.757698710641527384e-01,4.725889146608940883e-01,1.288148677416331607e-02,1.284936336574894408e-02,1.000256987267315045e+00,1.000385480900972457e+00,1.000449777249643013e+00,7.506397769502197725e-01,4.738571657479335175e-01,1.259803107497634890e-02,1.000251960621499459e+00,1.000377940932249299e+00,1.000440978700740224e+00,7.506497886793664920e-01,4.738325401027590478e-01,1.238604497515703382e-02,1.000247720899503090e+00,1.000371581349254635e+00,1.000433557598363388e+00,7.506582353056052703e-01,4.738117640518938467e-01,7.918472642663465164e-03,1.000158369452853302e+00,1.000237554179279842e+00,1.000277165353155917e+00,7.508367249685649059e-01,4.733727232346277569e-01,2.003249360848095243e-03,1.000040064987216981e+00,1.000060097480825361e+00,1.000070114931532084e+00,7.510744697354236887e-01,4.727878931980789012e-01,2.714569127570469223e-06,1.000000054291382501e+00,1.000000081437073751e+00,1.000000095009921708e+00,7.511552448233388413e-01,4.725891846104389171e-01
5.435974468237554369e-01,6.478372985506614112e-01,7.521880304691128671e-01,7.749252477156941543e-01,4.727233811262865348e-01,1.272390160966748764e-02,1.269217118171320560e-02,1.000253843423634326e+00,1.000380765135451488e+00,1.000444274318722959e+00,7.516752207130059649e-01,4.739888237699312890e-01,1.244391355468702984e-02,1.000248878271093655e+00,1.000373317406640705e+00,1.000435583429709396e+00,7.516851786987381878e-01,4.739642526236028663e-01,1.223452077852642955e-02,1.000244690415570625e+00,1.000367035623355827e+00,1.000428253132298106e+00,7.516935799829819187e-01,4.739435225530847506e-01,7.821602317379845043e-03,1.000156432046347632e+00,1.000234648069521448e+00,1.000273774434347285e+00,7.518711114762773873e-01,4.735054536116208301e-01,1.978742688164272442e-03,1.000039574853763380e+00,1.000059362280644848e+00,1.000069257168712644e+00,7.521075799014604879e-01,4.729219188142700370e-01,2.681360552349052021e-06,1.000000053627211116e+00,1.000000080440816674e+00,1.000000093847621674e+00,7.521879213250121099e-01,4.727236504776846648e-01
5.408647670025705789e-01,6.489862195663610445e-01,7.532209975232645460e-01,7.740786752385467873e-01,4.728554249709036039e-01,1.256821696468534560e-02,1.253687477774099307e-02,1.000250737495554709e+00,1.000376106243332286e+00,1.000438837769189737e+00,7.527109494845530824e-01,4.741180620364217058e-01,1.229165473318860266e-02,1.000245833094663750e+00,1.000368749641995736e+00,1.000430253241094247e+00,7.527208538458818321e-01,4.740935453337740690e-01,1.208482400450513854e-02,1.000241696480090203e+00,1.000362544720135194e+00,1.000423012653049115e+00,7.527292098885391969e-01,4.740728611970467798e-01,7.725900274301519821e-03,1.000154518005486048e+00,1.000231777008228962e+00,1.000270424416460857e+00,7.529057853344817142e-01,4.736357631444548799e-01,1.954531572551447896e-03,1.000039090631451133e+00,1.000058635947176588e+00,1.000068409751097676e+00,7.531409802464286152e-01,4.730535222624762670e-01,2.648552481486227229e-06,1.000000052971049547e+00,1.000000079456574431e+00,1.000000092699338872e+00,7.532208889669990137e-01,4.728556937247700431e-01
5.381369249316816372e-01,6.501371781607910849e-01,7.542542504190932195e-01,7.732301577176032836e-01,4.729850398717004856e-01,1.241440889773074915e-02,1.238345027205062232e-02,1.000247669005440931e+00,1.000371503508161508e+00,1.000433466764474089e+00,7.537469579712076095e-01,4.742448742507548443e-01,1.214123119582469386e-02,1.000242824623916560e+00,1.000364236935874729e+00,1.000424987314702419e+00,7.537568088270224509e-01,4.742204119361046466e-01,1.193693163243341078e-02,1.000238738632648561e+00,1.000358107948972952e+00,1.000417835354235896e+00,7.537651197283997684e-01,4.741997736861752188e-01,7.631351796183004702e-03,1.000152627035923558e+00,1.000228940553885559e+00,1.000267114784125333e+00,7.539407412471343939e-01,4.737636455263321000e-01,1.930612290777385196e-03,1.000038612245815584e+00,1.000057918368723264e+00,1.000067572548356321e+00,7.541746654713789022e-01,4.731826972237573870e-01,2.616139869693334505e-06,1.000000052322797428e+00,1.000000078484196031e+00,1.000000091564897442e+00,7.542541424493582891e-01,4.729853080286559597e-01
5.354139120466649970e-01,6.512901779475394060e-01,7.552877838429007396e-01,7.723796992985790810e-01,4.731122195598291280e-01,1.226245376804187617e-02,1.223187408283478959e-02,1.000244637481656707e+00,1.000366956222485060e+00,1.000428160478522122e+00,7.547832408656172110e-01,4.743692541700179066e-01,1.199261982204584583e-02,1.000239852396440865e+00,1.000359778594661408e+00,1.000419784840650417e+00,7.547930383346856953e-01,4.743448461871732635e-01,1.179082093080949592e-02,1.000235816418616253e+00,1.000353724627924379e+00,1.000412720439615821e+00,7.548013041949862556e-01,4.743242537766196865e-01,7.537942350639256078e-03,1.000150758847012877e+00,1.000226138270519094e+00,1.000263845028444898e+00,7.549759739044719087e-01,4.738890945043682801e-01,1.906981166376638679e-03,1.000038139623327549e+00,1.000057209434991323e+00,1.000066745431796189e+00,7.552086302636156212e-01,4.733094374332980081e-01,2.584117735054596379e-06,1.000000051682354618e+00,1.000000077523532038e+00,1.000000090444122636e+00,7.552876764583927871e-01,4.731124871204995253e-01
5.326957197982582493e-01,6.524452225466026434e-01,7.563215924673517554e-01,7.715273041880132965e-01,4.732369578211076400e-01,1.211232823217263561e-02,1.208212292486048577e-02,1.000241642458497227e+00,1.000362463687745729e+00,1.000422918095678515e+00,7.558197928468491922e-01,4.744911956055126168e-01,1.184579778207592825e-02,1.000236915955641459e+00,1.000355373933462300e+00,1.000414645019250148e+00,7.558295370478153030e-01,4.744668418977811553e-01,1.164646945401214863e-02,1.000232929389080150e+00,1.000349394083620336e+00,1.000407667122965583e+00,7.558377579671384794e-01,4.744462952787599219e-01,7.445657588050351959e-03,1.000148913151760910e+00,1.000223369727641476e+00,1.000260614646926616e+00,7.560114779831280662e-01,4.740121038800664821e-01,1.883634569120471586e-03,1.000037672691382440e+00,1.000056509037073660e+00,1.000065928274342930e+00,7.562428692968150568e-01,4.734337366808784586e-01,2.552481158308812717e-06,1.000000051049623195e+00,1.000000076574434793e+00,1.000000089336842590e+00,7.563214856667688224e-01,4.732372247861247883e-01
5.299823396523353214e-01,6.536023155843971866e-01,7.573556709515942842e-01,7.706729766532652848e-01,4.733592484964893043e-01,1.196400924060659655e-02,1.193417380609136831e-02,1.000238683476121881e+00,1.000358025214182822e+00,1.000417738810564838e+00,7.568566085805089605e-01,4.746106924232281199e-01,1.170074253360058394e-02,1.000234014850672093e+00,1.000351022276007917e+00,1.000409567060888794e+00,7.568662996318925584e-01,4.745863929334269704e-01,1.150385503904480418e-02,1.000230077100780823e+00,1.000345115651171346e+00,1.000402674627970834e+00,7.568744757102325860e-01,4.745658920576797390e-01,7.354483339480012011e-03,1.000147089666789668e+00,1.000220634500184502e+00,1.000257423143409374e+00,7.570472481462539038e-01,4.741326675097894405e-01,1.860568914490274466e-03,1.000037211378289825e+00,1.000055817067434738e+00,1.000065120950522246e+00,7.572773772311450768e-01,4.735555888113444634e-01,2.521225282135799832e-06,1.000000050424505682e+00,1.000000075636758412e+00,1.000000088242886775e+00,7.573555647336355223e-01,4.733595148664899166e-01
5.272737630898769456e-01,6.547614606937708359e-01,7.583900139413802810e-01,7.698167210225067558e-01,4.734790854825274842e-01,1.181747403439347387e-02,1.178800402433264304e-02,1.000235760080486758e+00,1.000353640120730025e+00,1.000412621827963644e+00,7.578936827188605951e-01,4.747277385443139930e-01,1.155743181847772652e-02,1.000231148636369527e+00,1.000346722954554401e+00,1.000404550185915786e+00,7.579033207390560856e-01,4.747034932147769504e-01,1.136295580230141551e-02,1.000227259116045930e+00,1.000340888674069006e+00,1.000397742188109840e+00,7.579114520763013951e-01,4.746830380336389266e-01,7.264405614607991057e-03,1.000145288112292086e+00,1.000217932168438351e+00,1.000254270027987946e+00,7.580832790436381474e-01,4.742507793052285758e-01,1.837780663154492703e-03,1.000036755613262995e+00,1.000055133419894604e+00,1.000064323336441463e+00,7.583121487133862582e-01,4.736749877250731044e-01,2.490345310447581887e-06,1.000000049806906155e+00,1.000000074710359232e+00,1.000000087162087548e+00,7.583899083047466183e-01,4.734793512581534358e-01
5.245699816069466781e-01,6.559226615140141270e-01,7.594246160691884295e-01,7.689585416847093402e-01,4.735964627318391407e-01,1.167270014180915409e-02,1.164359116389940621e-02,1.000232871823278025e+00,1.000349307734917037e+00,1.000407566362701006e+00,7.589310099009473065e-01,4.748423279455484813e-01,1.141584365947105606e-02,1.000228316873189360e+00,1.000342475309784041e+00,1.000399593624527350e+00,7.589405950082224184e-01,4.748181367181354973e-01,1.122375013635495446e-02,1.000224475002727154e+00,1.000336712504090730e+00,1.000392869046542677e+00,7.589486817041546374e-01,4.747977271825417067e-01,7.175410599676936702e-03,1.000143508211993604e+00,1.000215262317990295e+00,1.000251154816943933e+00,7.591195653118285591e-01,4.743664332338707879e-01,1.815266320449213881e-03,1.000036305326408970e+00,1.000054457989613566e+00,1.000063535309773322e+00,7.593471783770536776e-01,4.737919273784370056e-01,2.459836507684546317e-06,1.000000049196730245e+00,1.000000073795095146e+00,1.000000086094279705e+00,7.594245110125817932e-01,4.735967279137373032e-01
5.218709867146618109e-01,6.570859216908717659e-01,7.604594719543458226e-01,7.680984430896283799e-01,4.737113742535650207e-01,1.152966537503937426e-02,1.150091309230860323e-02,1.000230018261846210e+00,1.000345027392769204e+00,1.000402571639531502e+00,7.599685847527141158e-01,4.749544546598054029e-01,1.127595635700672297e-02,1.000225519127140084e+00,1.000338278690710236e+00,1.000394696616652812e+00,7.599781170652089024e-01,4.749303174759105795e-01,1.108621670676862743e-02,1.000221724334135365e+00,1.000332586501203158e+00,1.000388054455997322e+00,7.599861592195020776e-01,4.749099535364030844e-01,7.087484655453793470e-03,1.000141749693109094e+00,1.000212624539663642e+00,1.000248077032672711e+00,7.601561015742537286e-01,4.744796233194629176e-01,1.793022435862434271e-03,1.000035860448717173e+00,1.000053790673075982e+00,1.000062756749733994e+00,7.603824608425192588e-01,4.739064017842662957e-01,2.429694198116580667e-06,1.000000048593884028e+00,1.000000072890826042e+00,1.000000085039298714e+00,7.604593674764698052e-01,4.737116388423877056e-01
5.191767699391682811e-01,6.582512448765541757e-01,7.614945762031530840e-01,7.672364297477820561e-01,4.738238141138285675e-01,1.138834782688767297e-02,1.135994795699518493e-02,1.000227198959139807e+00,1.000340798438709822e+00,1.000397636893020081e+00,7.610064018871300906e-01,4.750641127765184990e-01,1.113774848595371590e-02,1.000222754969719130e+00,1.000334132454578695e+00,1.000389858411840693e+00,7.610158815228564855e-01,4.750400295770782488e-01,1.095033444893045438e-02,1.000219006688978673e+00,1.000328510033468010e+00,1.000383297678659966e+00,7.610238792350759729e-01,4.750197111838135311e-01,7.000614315206116038e-03,1.000140012286304225e+00,1.000210018429456227e+00,1.000245036203612603e+00,7.611928824413475292e-01,4.745903436424736554e-01,1.771045602522099442e-03,1.000035420912050332e+00,1.000053131368075610e+00,1.000061987537069097e+00,7.614179907171366724e-01,4.740184050123073534e-01,2.399913765149325080e-06,1.000000047998275354e+00,1.000000071997412920e+00,1.000000083996983591e+00,7.614944723027126106e-01,4.738240781102324717e-01
5.164873228216129153e-01,6.594186347297489315e-01,7.625299234090090472e-01,7.663725062304261870e-01,4.739337764361910010e-01,1.124872586750788259e-02,1.122067418205275127e-02,1.000224413483641106e+00,1.000336620225461548e+00,1.000392761367430605e+00,7.620444559043131338e-01,4.751712964421422880e-01,1.100119889242824785e-02,1.000220023977848482e+00,1.000330035966772835e+00,1.000385078269147909e+00,7.620538829811532855e-01,4.751472671676438830e-01,1.081608256491142436e-02,1.000216321651298257e+00,1.000324482476947274e+00,1.000378597986064433e+00,7.620618363507555282e-01,4.751269942703993943e-01,6.914786282693483228e-03,1.000138295725653936e+00,1.000207443588480904e+00,1.000242031864175374e+00,7.622299025106726855e-01,4.746985883405525075e-01,1.749332456687961680e-03,1.000034986649133817e+00,1.000052479973700725e+00,1.000061227554033483e+00,7.624537625953651254e-01,4.741279311896795523e-01,2.370490650635597187e-06,1.000000047409812964e+00,1.000000071114719447e+00,1.000000082967174464e+00,7.625298200847104857e-01,4.739340398408380950e-01
5.138026369181190045e-01,6.605880949156317516e-01,7.635655081525363208e-01,7.655066771695248073e-01,4.740412554021045111e-01,1.111077814116173158e-02,1.108307046499923398e-02,1.000221661409300022e+00,1.000332492113950034e+00,1.000387944316610156e+00,7.630827413916551061e-01,4.752759998606113645e-01,1.086628669062272151e-02,1.000217325733812501e+00,1.000325988600718752e+00,1.000380355457027859e+00,7.630921160273606008e-01,4.752520244511005965e-01,1.068344052034781756e-02,1.000213668810406853e+00,1.000320503215610390e+00,1.000373954658982489e+00,7.631000251536915746e-01,4.752317969992814195e-01,6.829987430174335426e-03,1.000136599748603583e+00,1.000204899622905153e+00,1.000239063554674734e+00,7.632671563670467840e-01,4.748043516089867078e-01,1.727879677247342715e-03,1.000034557593544982e+00,1.000051836390317472e+00,1.000060476684374144e+00,7.634897710588957054e-01,4.742349745013287876e-01,2.341420354192108844e-06,1.000000046828407152e+00,1.000000070242610617e+00,1.000000081949714126e+00,7.635654054030873716e-01,4.740415182156610396e-01
5.111227037997565503e-01,6.617596291058790436e-01,7.646013250017087426e-01,7.646389472577161950e-01,4.741462452513620085e-01,1.097448356300149107e-02,1.094711577356757316e-02,1.000218942315471260e+00,1.000328413473207112e+00,1.000383185003878017e+00,7.641212529239471696e-01,4.753782172937959793e-01,1.073299125965916125e-02,1.000214659825193086e+00,1.000321989737789741e+00,1.000375689253218514e+00,7.641305752361381431e-01,4.753542956888849313e-01,1.055238804134758616e-02,1.000211047760827032e+00,1.000316571641240326e+00,1.000369366987315267e+00,7.641384402184329128e-01,4.753341136315307192e-01,6.746204796428214613e-03,1.000134924095928524e+00,1.000202386143892896e+00,1.000236130821258618e+00,7.643046385826682831e-01,4.749076277011543556e-01,1.706683985214790464e-03,1.000034133679704285e+00,1.000051200519556538e+00,1.000059734813313561e+00,7.645260106767783892e-01,4.743395291904789479e-01,2.312698432521459455e-06,1.000000046253968655e+00,1.000000069380952983e+00,1.000000080944446701e+00,7.646012228258187715e-01,4.741465074744992125e-01
5.084475150525189502e-01,6.629332409786783398e-01,7.656373685119793882e-01,7.637693212482743466e-01,4.742487402825453224e-01,1.083982131587858840e-02,1.081278934252228284e-02,1.000216255786850361e+00,1.000324383680275764e+00,1.000378482701912430e+00,7.651599850635073530e-01,4.754779430619547886e-01,1.060129224046805867e-02,1.000212025844809283e+00,1.000318038767214146e+00,1.000371078944635617e+00,7.651692551696718247e-01,4.754540752008304394e-01,1.042290511142171874e-02,1.000208458102228359e+00,1.000312687153342761e+00,1.000364834269985126e+00,7.651770761070537663e-01,4.754339384866217988e-01,6.663425584793962117e-03,1.000133268511695928e+00,1.000199902767543891e+00,1.000233233215839901e+00,7.653423437172440780e-01,4.750084109289758327e-01,1.685742143235773559e-03,1.000033714842864629e+00,1.000050572264297166e+00,1.000059001827531269e+00,7.655624760055491640e-01,4.744415895590800569e-01,2.284320498739600281e-06,1.000000045686409988e+00,1.000000068529614872e+00,1.000000079951218979e+00,7.656372669083592042e-01,4.742490019159389392e-01
5.057770622772939095e-01,6.641089342187407318e-01,7.666736332264089127e-01,7.628978039550667889e-01,4.743487348534692338e-01,1.070677084717786172e-02,1.068007067050160894e-02,1.000213601413409981e+00,1.000320402120115082e+00,1.000373836692640461e+00,7.661989323603091151e-01,4.755751715441860483e-01,1.047116953269228677e-02,1.000209423390653773e+00,1.000314135085980771e+00,1.000366523827261656e+00,7.662081503778013225e-01,4.755513573656171555e-01,1.029497196844025159e-02,1.000205899439368773e+00,1.000308849159053270e+00,1.000360355814829738e+00,7.662159273692814576e-01,4.755312659428822530e-01,6.581637161223679797e-03,1.000131632743224364e+00,1.000197449114836656e+00,1.000230370296027127e+00,7.663802663181181751e-01,4.751066956633614446e-01,1.665050955094365742e-03,1.000033301019101817e+00,1.000049951528652725e+00,1.000058277615146762e+00,7.665991615893597011e-01,4.745411499682536394e-01,2.256282221708707479e-06,1.000000045125644332e+00,1.000000067688466610e+00,1.000000078969879080e+00,7.666735321937708791e-01,4.743489958977994969e-01
5.031113370898399051e-01,6.652867125173115292e-01,7.677101136757963351e-01,7.620244002525069504e-01,4.744462233816235663e-01,1.057531186567820490e-02,1.054893951688599084e-02,1.000210978790337712e+00,1.000316468185506569e+00,1.000369246267128531e+00,7.672380893521092426e-01,4.756698971788737018e-01,1.034260329161682673e-02,1.000206852065832264e+00,1.000310278098748507e+00,1.000362023206039286e+00,7.672472553981495302e-01,4.756461366212186848e-01,1.016856910161365729e-02,1.000203371382032191e+00,1.000305057073048509e+00,1.000355930938495730e+00,7.672549885426255267e-01,4.756260904379399079e-01,6.500827052352916961e-03,1.000130016541047162e+00,1.000195024811570521e+00,1.000227541625058114e+00,7.674184009204003676e-01,4.752024763346571201e-01,1.644607265225031143e-03,1.000032892145304553e+00,1.000049338217956718e+00,1.000057562065702621e+00,7.676360619601064750e-01,4.746382048387355335e-01,2.228579325375609139e-06,1.000000044571586422e+00,1.000000066857379855e+00,1.000000078000278014e+00,7.677100132128540366e-01,4.744464838375747617e-01
5.004503311207564309e-01,6.664665795721830266e-01,7.687468043788090455e-01,7.611491150755027579e-01,4.745412003446114468e-01,1.044542433843940847e-02,1.041937589869267738e-02,1.000208387517973918e+00,1.000312581276960877e+00,1.000364710725472506e+00,7.682774505645788565e-01,4.757621144641326350e-01,1.021557392512411656e-02,1.000204311478502417e+00,1.000306467217753736e+00,1.000357576394764303e+00,7.682865647562522327e-01,4.757384074653471795e-01,1.004367724849943022e-02,1.000200873544969893e+00,1.000301310317454950e+00,1.000351558966332988e+00,7.682942541525076274e-01,4.757184064691668546e-01,6.420982943586953789e-03,1.000128419658871781e+00,1.000192629488307672e+00,1.000224746771732232e+00,7.684567420470973520e-01,4.752957474330861687e-01,1.624407958228486163e-03,1.000032488159164679e+00,1.000048732238746796e+00,1.000056855070148298e+00,7.686731716375618806e-01,4.747327486513157613e-01,2.201207588115737934e-06,1.000000044024151657e+00,1.000000066036227597e+00,1.000000077042267010e+00,7.687467044842777320e-01,4.745414602128728010e-01
4.977940360154615718e-01,6.676485390877048287e-01,7.697836998421150323e-01,7.602719534194011253e-01,4.746336602805861782e-01,1.031708848771595299e-02,1.029136008749721026e-02,1.000205827201749997e+00,1.000308740802624996e+00,1.000360229376690224e+00,7.693170105114338631e-01,4.758518179582492125e-01,1.009006209067574850e-02,1.000201801241813460e+00,1.000302701862720189e+00,1.000353182715979505e+00,7.693260729656896668e-01,4.758281644558935986e-01,9.920277392034569652e-03,1.000198405547840785e+00,1.000297608321760956e+00,1.000347239232292296e+00,7.693337187123930887e-01,4.758082085941206518e-01,6.342092677203659164e-03,1.000126841853544057e+00,1.000190262780316086e+00,1.000221985310344008e+00,7.694952842092435130e-01,4.753865035091884295e-01,1.604449958391750922e-03,1.000032088999167845e+00,1.000048133498751657e+00,1.000056156520821471e+00,7.697104851295055727e-01,4.748247759472746243e-01,2.174162842082761863e-06,1.000000043483256773e+00,1.000000065224885271e+00,1.000000076095700630e+00,7.697836005147113969e-01,4.746339195618505813e-01
4.951424434341622494e-01,6.688325947747963962e-01,7.708207945605155542e-01,7.593929203399271133e-01,4.747235977886828939e-01,1.019028478789728645e-02,1.016487260638133418e-02,1.000203297452127549e+00,1.000304946178191434e+00,1.000355801538613809e+00,7.703567636945670705e-01,4.759390022801200382e-01,9.966048692320084862e-03,1.000199320973846451e+00,1.000298981460769676e+00,1.000348841500869224e+00,7.703657745282174174e-01,4.759154022113659677e-01,9.798350757593544264e-03,1.000195967015151899e+00,1.000293950522727737e+00,1.000342971078818977e+00,7.703733767239224761e-01,4.758954914309822537e-01,6.264144250472628017e-03,1.000125282885009348e+00,1.000187924327514244e+00,1.000219256820617630e+00,7.705340219060335949e-01,4.754747391742567553e-01,1.584730229212320471e-03,1.000031694604584187e+00,1.000047541906876392e+00,1.000055466311433161e+00,7.707479969318573598e-01,4.749142813288168563e-01,2.147440972563796932e-06,1.000000042948819390e+00,1.000000064423229196e+00,1.000000075160435431e+00,7.708206957989580665e-01,4.747238564836477881e-01
4.924955450518302413e-01,6.700187503509584808e-01,7.718580830170790330e-01,7.585120209531189817e-01,4.748110075294490473e-01,1.006499396247541832e-02,1.003989422690814912e-02,1.000200797884538195e+00,1.000301196826807182e+00,1.000351426537784638e+00,7.713967046041810827e-01,4.760236621096858856e-01,9.843514877726571369e-03,1.000196870297554552e+00,1.000295305446331717e+00,1.000344552089155847e+00,7.714056639339006427e-01,4.760001154113246424e-01,9.677878810072516880e-03,1.000193557576201542e+00,1.000290336364302091e+00,1.000338753856754082e+00,7.714132226770443745e-01,4.759802496589902177e-01,6.187125813791103865e-03,1.000123742516275893e+00,1.000185613774413840e+00,1.000216560887640549e+00,7.715729496249552621e-01,4.755604491007692225e-01,1.565245772926583245e-03,1.000031304915458552e+00,1.000046957373187828e+00,1.000054784337050862e+00,7.717857015288106526e-01,4.750012594595015569e-01,2.121037917340374162e-06,1.000000042420758239e+00,1.000000063631137470e+00,1.000000074236328418e+00,7.718579848200874949e-01,4.748112656388156494e-01
4.898533325581755360e-01,6.712070095402845604e-01,7.728955596832755015e-01,7.576292604352589111e-01,4.748958842252703483e-01,9.941196981039512881e-03,9.916405966124202873e-03,1.000198328119322522e+00,1.000297492178983783e+00,1.000347103709346541e+00,7.724368277189220811e-01,4.761057921883645183e-01,9.722442035246468481e-03,1.000194448840704853e+00,1.000291673261057390e+00,1.000340313828997241e+00,7.724457356612469683e-01,4.760822987968131303e-01,9.558843250999531083e-03,1.000191176865020015e+00,1.000286765297530023e+00,1.000334586925230473e+00,7.724532510501497251e-01,4.760624780188731919e-01,6.111025668836507843e-03,1.000122220513376625e+00,1.000183330770065160e+00,1.000213897101799754e+00,7.726120618419238806e-01,4.756436280228196756e-01,1.545993630042439291e-03,1.000030919872600954e+00,1.000046379808901209e+00,1.000054110494080328e+00,7.728235933929673562e-01,4.750857050646705715e-01,2.094949666055098654e-06,1.000000041898993386e+00,1.000000062848489968e+00,1.000000073323239702e+00,7.728954620495711580e-01,4.748961417497440940e-01
4.872157976576194649e-01,6.723973760734727190e-01,7.739332190191122729e-01,7.567446440227993953e-01,4.749782226607943136e-01,9.818875056297818316e-03,9.794389083588846481e-03,1.000195887781671678e+00,1.000293831672507627e+00,1.000342832396942772e+00,7.734771275060148277e-01,4.761853873194784037e-01,9.602811791000311417e-03,1.000192056235819971e+00,1.000288084353730067e+00,1.000336126076883270e+00,7.734859841773419342e-01,4.761619471707870810e-01,9.441226015670978883e-03,1.000188824520313435e+00,1.000283236780470153e+00,1.000330469651573129e+00,7.734934563102062732e-01,4.761421713132770184e-01,6.035832266735766810e-03,1.000120716645334751e+00,1.000181074968002015e+00,1.000211265058717158e+00,7.736513530214174095e-01,4.757242707365433310e-01,1.526970878876169214e-03,1.000030539417577469e+00,1.000045809126366203e+00,1.000053444680252479e+00,7.738616669854725405e-01,4.751676129318710418e-01,2.069172259584068903e-06,1.000000041383445115e+00,1.000000062075167895e+00,1.000000072421030506e+00,7.739331219474179235e-01,4.749784796010844135e-01
4.845829320692687237e-01,6.735898536878378584e-01,7.749710554732701651e-01,7.558581770122851928e-01,4.750580176833504864e-01,9.698009641127000938e-03,9.673825078430923693e-03,1.000193476501568535e+00,1.000290214752352913e+00,1.000338611952612533e+00,7.745175984213982234e-01,4.762624423686802055e-01,9.484606005992176833e-03,1.000189692120119878e+00,1.000284538180179705e+00,1.000331988197534994e+00,7.745264039379839982e-01,4.762390553985389463e-01,9.325009270314422311e-03,1.000186500185406224e+00,1.000279750278109336e+00,1.000326401411200328e+00,7.745338329128945709e-01,4.762193244071906695e-01,5.961534206251483010e-03,1.000119230684125116e+00,1.000178846026187562e+00,1.000208664359186095e+00,7.746908176166125148e-01,4.758023721005409379e-01,1.508174635093564040e-03,1.000030163492701796e+00,1.000045245239052916e+00,1.000052786794605630e+00,7.748999167561515522e-01,4.752469779112775128e-01,2.043701789415069485e-06,1.000000040874035712e+00,1.000000061311053789e+00,1.000000071529564050e+00,7.749709589623101635e-01,4.750582740401700921e-01
4.819547275268933895e-01,6.747844461273212469e-01,7.760090634832411682e-01,7.549698647602699486e-01,4.751352642033666585e-01,9.578582425649235024e-03,9.554695686433151841e-03,1.000191093913728624e+00,1.000286640870593047e+00,1.000334441736687952e+00,7.755582349098617545e-01,4.763369522643745024e-01,9.367806773251085781e-03,1.000187356135465055e+00,1.000281034203197583e+00,1.000327899563805190e+00,7.755669893878218701e-01,4.763136184081199209e-01,9.210175409278108932e-03,1.000184203508185599e+00,1.000276305262278287e+00,1.000322381587523957e+00,7.755743753027443121e-01,4.762939322283674670e-01,5.888120231985178622e-03,1.000117762404639787e+00,1.000176643606959459e+00,1.000206094609107588e+00,7.757304500695212379e-01,4.758779270362976099e-01,1.489602051255372586e-03,1.000029792041025045e+00,1.000044688061537679e+00,1.000052136737467956e+00,7.759383371436467947e-01,4.753237949161088771e-01,2.018534397031615053e-06,1.000000040370687904e+00,1.000000060556031967e+00,1.000000070648705330e+00,7.760089675317416447e-01,4.751355199774325855e-01
4.793311757788938365e-01,6.759811571425056176e-01,7.770472374754668898e-01,7.540797126832291530e-01,4.752099571947823731e-01,9.460575334336357792e-03,9.436982877143500203e-03,1.000188739657542847e+00,1.000283109486314270e+00,1.000330321117693710e+00,7.765990314051831600e-01,4.764089119981353426e-01,9.252396414998883753e-03,1.000185047928299875e+00,1.000277571892449924e+00,1.000323859556576656e+00,7.766077349604918467e-01,4.763856311907577745e-01,9.096707052246497810e-03,1.000181934141044948e+00,1.000272901211567422e+00,1.000318409571852474e+00,7.766150779132721116e-01,4.763659897677427479e-01,5.815579232597164160e-03,1.000116311584651863e+00,1.000174467376977905e+00,1.000203555419429291e+00,7.767702448111286628e-01,4.759509305285996028e-01,1.471250316366957923e-03,1.000029425006327299e+00,1.000044137509491060e+00,1.000051494410445940e+00,7.769769225755563946e-01,4.753980589230424880e-01,1.993666273302696135e-06,1.000000039873325530e+00,1.000000059809988295e+00,1.000000069778320677e+00,7.770471420821555286e-01,4.752102123868155448e-01
4.767122685882796418e-01,6.771799904906247169e-01,7.780855718654774433e-01,7.531877262574687704e-01,4.752820916954591524e-01,9.343970523142204956e-03,9.320668851014669160e-03,1.000186413377020189e+00,1.000279620065530395e+00,1.000326249472245799e+00,7.776399823302674319e-01,4.764783166251222446e-01,9.138357479845678547e-03,1.000182767149596863e+00,1.000274150724395295e+00,1.000319867564667842e+00,7.776486350787563673e-01,4.764550888012719088e-01,8.984587041482888781e-03,1.000179691740829657e+00,1.000269537611244486e+00,1.000314484763293210e+00,7.776559351671202824e-01,4.764354920798491433e-01,5.743900239043734160e-03,1.000114878004780827e+00,1.000172317007171241e+00,1.000201046406083538e+00,7.778101962615325826e-01,4.760213776259475393e-01,1.453116655432335532e-03,1.000029062333108731e+00,1.000043593499662986e+00,1.000050859716404617e+00,7.780156674685729801e-01,4.754697649726247755e-01,1.969093657878465165e-06,1.000000039381873096e+00,1.000000059072809755e+00,1.000000068918279084e+00,7.780854770290832612e-01,4.752823463061836007e-01
4.740979977326422734e-01,6.783809499355757389e-01,7.791240610580316694e-01,7.522939110190287604e-01,4.753516628075863393e-01,9.228750376662452071e-03,9.205736036571024808e-03,1.000184114720731321e+00,1.000276172081097092e+00,1.000322226184952701e+00,7.786810820972852598e-01,4.765451612644903689e-01,9.025672740012178480e-03,1.000180513454800302e+00,1.000270770182200453e+00,1.000315922984730932e+00,7.786896841546429027e-01,4.765219863584837512e-01,8.873798439098511473e-03,1.000177475968782037e+00,1.000266213953173056e+00,1.000310606568658223e+00,7.786969414761955033e-01,4.765024342832270832e-01,5.673072422831279896e-03,1.000113461448456587e+00,1.000170192172684880e+00,1.000198567189924059e+00,7.788502988300821661e-01,4.760892634409652491e-01,1.435198329012489504e-03,1.000028703966580279e+00,1.000043055949870308e+00,1.000050232559453800e+00,7.790545662286236794e-01,4.755389081696785314e-01,1.944812838591717927e-06,1.000000038896256882e+00,1.000000058344385101e+00,1.000000068068450654e+00,7.791239667772854594e-01,4.753519168377299264e-01
4.714883550041306659e-01,6.795840392479306491e-01,7.801626994472582455e-01,7.513982725635821591e-01,4.754186656980841086e-01,9.114897505322249599e-03,9.092167087603242326e-03,1.000181843341751975e+00,1.000272765012628184e+00,1.000318250648316809e+00,7.797223251078140294e-01,4.766094410997989139e-01,8.914325188579217199e-03,1.000178286503771607e+00,1.000267429755657300e+00,1.000312025221158363e+00,7.797308765895850646e-01,4.765863190456255394e-01,8.764324524348316922e-03,1.000175286490486926e+00,1.000262929735730388e+00,1.000306774402367482e+00,7.797380912418101495e-01,4.765668115608324706e-01,5.603085094287472631e-03,1.000112061701885713e+00,1.000168092552828680e+00,1.000196117396668916e+00,7.798905469155189563e-01,4.761545831508055548e-01,1.417492632788010373e-03,1.000028349852655651e+00,1.000042524778983699e+00,1.000049612844932989e+00,7.800936132510110088e-01,4.756054836837060318e-01,1.920820150865231376e-06,1.000000038416402948e+00,1.000000057624604421e+00,1.000000067228706380e+00,7.801626057208923548e-01,4.754189191483781940e-01
4.688833322094230205e-01,6.807892622049489528e-01,7.812014814167974608e-01,7.505008165463297187e-01,4.754830955990027586e-01,9.002394742591512955e-03,8.979944880390536635e-03,1.000179598897607880e+00,1.000269398346411709e+00,1.000314322262636724e+00,7.807637057529787095e-01,4.766711513794142374e-01,8.804298036764315882e-03,1.000176085960735373e+00,1.000264128941102948e+00,1.000308173685986013e+00,7.807722067745632710e-01,4.766480821107427768e-01,8.656148790953376373e-03,1.000173122975819062e+00,1.000259684463728593e+00,1.000302987686356948e+00,7.807793788548225145e-01,4.766286191604407474e-01,5.533927700849457579e-03,1.000110678554017030e+00,1.000166017831025433e+00,1.000193696656836551e+00,7.809309349061183125e-01,4.762173319975530617e-01,1.399996897126035058e-03,1.000027999937942447e+00,1.000041999906913670e+00,1.000049000479396710e+00,7.811328029205547585e-01,4.756694867492899381e-01,1.897111977124931163e-06,1.000000037942239572e+00,1.000000056913359359e+00,1.000000066398920362e+00,7.812013882435456802e-01,4.754833484701819213e-01
4.662829211697034903e-01,6.819966225905885748e-01,7.822404013399437694e-01,7.496015486818906615e-01,4.755449478079181169e-01,8.891225142228169342e-03,8.869052510950792625e-03,1.000177381050219028e+00,1.000266071575328430e+00,1.000310440435911108e+00,7.818052184135937388e-01,4.767302874169110916e-01,8.695574711225593362e-03,1.000173911494224521e+00,1.000260867241336671e+00,1.000304367798798610e+00,7.818136690902467434e-01,4.767072708670955228e-01,8.549254944450161361e-03,1.000170985098888909e+00,1.000256477648333586e+00,1.000299245849983754e+00,7.818207986957792510e-01,4.766878523950462965e-01,5.465589825369230291e-03,1.000109311796507416e+00,1.000163967694761125e+00,1.000191304605689835e+00,7.819714571798316305e-01,4.762775052886217275e-01,1.382708486651532728e-03,1.000027654169733049e+00,1.000041481254599463e+00,1.000048395370597420e+00,7.821721296117343236e-01,4.757309126664885368e-01,1.873684746218949008e-06,1.000000037473694814e+00,1.000000056210542443e+00,1.000000065578967146e+00,7.822403087185417769e-01,4.755452001007206553e-01
4.636871137206346472e-01,6.832061241955185160e-01,7.832794535797897861e-01,7.487004747441883268e-01,4.756042176883237826e-01,8.781371975549017925e-03,8.759473292318221971e-03,1.000175189465846382e+00,1.000262784198769461e+00,1.000306604583742764e+00,7.828468574603063557e-01,4.767868445914685283e-01,8.588138851392682419e-03,1.000171762777027906e+00,1.000257644165541748e+00,1.000300606986637364e+00,7.828552579071366146e-01,4.767638806935541873e-01,8.443626899566363322e-03,1.000168872537991360e+00,1.000253308806986929e+00,1.000295548329935391e+00,7.828623451350582574e-01,4.767445066432595691e-01,5.398061184435986454e-03,1.000107961223688724e+00,1.000161941835532975e+00,1.000188940883174560e+00,7.830121081044294495e-01,4.763350983971503250e-01,1.365624799822886919e-03,1.000027312495996412e+00,1.000040968743994618e+00,1.000047797427473073e+00,7.832115876888328110e-01,4.757897568012289247e-01,1.850534932842500036e-06,1.000000037010698728e+00,1.000000055516047981e+00,1.000000064768723718e+00,7.832793615089745920e-01,4.756044694034911036e-01
4.610959017123337222e-01,6.844177708171300667e-01,7.843186324893700601e-01,7.477976005663307113e-01,4.756609006700185382e-01,8.672818728728458326e-03,8.651190751848836236e-03,1.000173023815037032e+00,1.000259535722555437e+00,1.000302814129245155e+00,7.838886172537398167e-01,4.768408183482622520e-01,8.481974306824898585e-03,1.000169639486136575e+00,1.000254459229204640e+00,1.000296890683905371e+00,7.838969675857095920e-01,4.768179070349923276e-01,8.339248777623516420e-03,1.000166784975552448e+00,1.000250177463328782e+00,1.000291894570137785e+00,7.839040125330126729e-01,4.767985773496989932e-01,5.331331626715602075e-03,1.000106626632534246e+00,1.000159939948801480e+00,1.000186605133864148e+00,7.840528820376453378e-01,4.763901067623929619e-01,1.348743268511809262e-03,1.000026974865370288e+00,1.000040462298055433e+00,1.000047206560130464e+00,7.842511715060805910e-01,4.758460145856955315e-01,1.827659056968632374e-06,1.000000036553181149e+00,1.000000054829771612e+00,1.000000063968068176e+00,7.843185409678805620e-01,4.756611518082952128e-01
4.585092770093446291e-01,6.856315662595494631e-01,7.853579324118072913e-01,7.468929320404879002e-01,4.757149922494914862e-01,8.565549100124792564e-03,8.544188628553410145e-03,1.000170883772571129e+00,1.000256325658856582e+00,1.000299068502947142e+00,7.849304921446385030e-01,4.768922041988541971e-01,8.377065134596375223e-03,1.000167541302692031e+00,1.000251311954037936e+00,1.000293218332277245e+00,7.849387924765628410e-01,4.768693454026752820e-01,8.236104903966146029e-03,1.000164722098079384e+00,1.000247083147119076e+00,1.000288284021666252e+00,7.849457952401152072e-01,4.768500600253798294e-01,5.265391131307068859e-03,1.000105307822626077e+00,1.000157961733939116e+00,1.000184297006898815e+00,7.850937733273215535e-01,4.764425258901063276e-01,1.332061357587542962e-03,1.000026641227151680e+00,1.000039961840727631e+00,1.000046622679831687e+00,7.852908754078009590e-01,4.758996815187154783e-01,1.805053683284787829e-06,1.000000036101073686e+00,1.000000054151610529e+00,1.000000063176879728e+00,7.853578414383838302e-01,4.757152428116252496e-01
4.559272314906146484e-01,6.868475143336491007e-01,7.863973476804578810e-01,7.459864751177637254e-01,4.757664879903018007e-01,8.459546997634357149e-03,8.438450870458212572e-03,1.000168769017409254e+00,1.000253153526113659e+00,1.000295367142701952e+00,7.859724764740131375e-01,4.769409977215773311e-01,8.273395596708418148e-03,1.000165467911934059e+00,1.000248201867901310e+00,1.000289589380606969e+00,7.859807269205589808e-01,4.769181913746450840e-01,8.134179805417651038e-03,1.000162683596108382e+00,1.000244025394162461e+00,1.000284716142654018e+00,7.859876875971039123e-01,4.768989502480989184e-01,5.200229806116030487e-03,1.000104004596122254e+00,1.000156006894183491e+00,1.000182016155930942e+00,7.861347763115534848e-01,4.764923513529326082e-01,1.315576564505394194e-03,1.000026311531290180e+00,1.000039467296935269e+00,1.000046045698980368e+00,7.863306937285560183e-01,4.759507531661392177e-01,1.782715420635227621e-06,1.000000035654308395e+00,1.000000053481462592e+00,1.000000062395040690e+00,7.863972572538424632e-01,4.757667379770434968e-01
4.533497570494675610e-01,6.880656188570601905e-01,7.874368726190584811e-01,7.450782358080637602e-01,4.758153835234552598e-01,8.354796536073176572e-03,8.333961631993194730e-03,1.000166679232639799e+00,1.000250018848959810e+00,1.000291709493594805e+00,7.870145645732868900e-01,4.769871945619155729e-01,8.170950157528779692e-03,1.000163419003150533e+00,1.000245128504725800e+00,1.000286003284841296e+00,7.870227652489729664e-01,4.769644405961009359e-01,8.033458207762668446e-03,1.000160669164155358e+00,1.000241003746232815e+00,1.000281190398206954e+00,7.870296839351282880e-01,4.769452436628155434e-01,5.135837886245239389e-03,1.000102716757724997e+00,1.000154075136587384e+00,1.000179762239068015e+00,7.871758853188374205e-01,4.765395787907790170e-01,1.299286418899542198e-03,1.000025985728377975e+00,1.000038978592566963e+00,1.000045475531105010e+00,7.873706207932935630e-01,4.759992251612183978e-01,1.760640921469256492e-06,1.000000035212818439e+00,1.000000052819227658e+00,1.000000061622433156e+00,7.874367827379947782e-01,4.758156329355588410e-01
4.507768455935792229e-01,6.892858836541840839e-01,7.884765015418747636e-01,7.441682201799579843e-01,4.758616745477770027e-01,8.251282034586200631e-03,8.230705271407682405e-03,1.000164614105428118e+00,1.000246921158142177e+00,1.000288095007852096e+00,7.880567507644430369e-01,4.770307904328818793e-01,8.069713481257899043e-03,1.000161394269625248e+00,1.000242091404437650e+00,1.000282459507926935e+00,7.880649017836387493e-01,4.770080887797766289e-01,7.933925033255961878e-03,1.000158678500665088e+00,1.000238017750997743e+00,1.000277706260313870e+00,7.880717785758963867e-01,4.769889359820276842e-01,5.072205732401972172e-03,1.000101444114648075e+00,1.000152166171972112e+00,1.000177534918815336e+00,7.882170946682170998e-01,4.765842039111929385e-01,1.283188482180140210e-03,1.000025663769643636e+00,1.000038495654465454e+00,1.000044912090848115e+00,7.884106509174948485e-01,4.760450932049780093e-01,1.738826881295260626e-06,1.000000034776537650e+00,1.000000052164806474e+00,1.000000060858941886e+00,7.884764122051082236e-01,4.758619233859995301e-01
4.482084890449509196e-01,6.905083125562047064e-01,7.895162287538493029e-01,7.432564343605401191e-01,4.759053568302802906e-01,8.148988014083974676e-03,8.128666348213442125e-03,1.000162573326964344e+00,1.000243859990446404e+00,1.000284523144752358e+00,7.890990293601725103e-01,4.770717811153905030e-01,7.969670429421980493e-03,1.000159393408588393e+00,1.000239090112882590e+00,1.000278957519723733e+00,7.891071308370974924e-01,4.770491317063128012e-01,7.835565398157667491e-03,1.000156711307963242e+00,1.000235066961944641e+00,1.000274263207761027e+00,7.891139658318230277e-01,4.770300229861453856e-01,5.009323829322306562e-03,1.000100186476586384e+00,1.000150279714879575e+00,1.000175333862023619e+00,7.892583986694322595e-01,4.766262224897327981e-01,1.267280347134682730e-03,1.000025345606942784e+00,1.000038018410414065e+00,1.000044355293949749e+00,7.894507784073226953e-01,4.760883530665866448e-01,1.717270038140528063e-06,1.000000034345400746e+00,1.000000051518101118e+00,1.000000060104452082e+00,7.895161399601267060e-01,4.759056050953815453e-01
4.456446793398849415e-01,6.917329094011007706e-01,7.905560485507507895e-01,7.423428845352809669e-01,4.759464262065301599e-01,8.047899194706791340e-03,8.027829620655154222e-03,1.000160556592413208e+00,1.000240834888619590e+00,1.000280993370537441e+00,7.901413946640226671e-01,4.771101624586255308e-01,7.870806058392951221e-03,1.000157416121167930e+00,1.000236124181751896e+00,1.000275496796920294e+00,7.901494467127463395e-01,4.770875652246253651e-01,7.738364610294990939e-03,1.000154767292205982e+00,1.000232150938308751e+00,1.000270860726046207e+00,7.901562400061782343e-01,4.770685005238584631e-01,4.947182784212289346e-03,1.000098943655684192e+00,1.000148415483526287e+00,1.000173158739832369e+00,7.902997916230677378e-01,4.766656303703355468e-01,1.251559637533644761e-03,1.000025031192750768e+00,1.000037546789126042e+00,1.000043805057234225e+00,7.904909975597712579e-01,4.761290005837208739e-01,1.695967172016856244e-06,1.000000033919343334e+00,1.000000050879015223e+00,1.000000059358851834e+00,7.905559602988210255e-01,4.759466738992728652e-01
4.430854084289592709e-01,6.929596780336569894e-01,7.915959552193251314e-01,7.414275769478786415e-01,4.759848785810046889e-01,7.948000493316122531e-03,7.928180043208101976e-03,1.000158563600864081e+00,1.000237845401296344e+00,1.000277505158323921e+00,7.911838409705471697e-01,4.771459303804058694e-01,7.773105616935083520e-03,1.000155462112338745e+00,1.000233193168508006e+00,1.000272076822944056e+00,7.911918437049876296e-01,4.771233852522706043e-01,7.642308166650116884e-03,1.000152846163333109e+00,1.000229269244999442e+00,1.000267498307295222e+00,7.911985953932374471e-01,4.771043645125017107e-01,4.885773325205877357e-03,1.000097715466504056e+00,1.000146573199756084e+00,1.000171009227616370e+00,7.913412678207026874e-01,4.767024234656792592e-01,1.236024007740366571e-03,1.000024720480154894e+00,1.000037080720232119e+00,1.000043261298597663e+00,7.915313026628159054e-01,4.761670316629266209e-01,1.674915104391913456e-06,1.000000033498302132e+00,1.000000050247453087e+00,1.000000058622029675e+00,7.915958675079385332e-01,4.759851257021541771e-01
4.405306682770013804e-01,6.941886223054771765e-01,7.926359430374453341e-01,7.405105179001029159e-01,4.760207099274499920e-01,7.849277021013114850e-03,7.829702764102858259e-03,1.000156594055282122e+00,1.000234891082923072e+00,1.000274057988017162e+00,7.922263625654555330e-01,4.771790808675449580e-01,7.676554543778107975e-03,1.000153531090875569e+00,1.000230296636313243e+00,1.000268697087878911e+00,7.922343160993799982e-01,4.771565877758047192e-01,7.547381750974148026e-03,1.000150947635019438e+00,1.000226421452529157e+00,1.000264175450175541e+00,7.922410262784310708e-01,4.771376109384145026e-01,4.825086299839515327e-03,1.000096501725996845e+00,1.000144752588995267e+00,1.000168885004931729e+00,7.923828215450620105e-01,4.767365977575417912e-01,1.220671142325143420e-03,1.000024413422846425e+00,1.000036620134269860e+00,1.000042723936992672e+00,7.925716879955636562e-01,4.762024422799755463e-01,1.654110697666300171e-06,1.000000033082213857e+00,1.000000049623321008e+00,1.000000057893875249e+00,7.926358558653537889e-01,4.760209564777745372e-01
4.379804508630644744e-01,6.954197460749955706e-01,7.936760062742639343e-01,7.395917137516361262e-01,4.760539162892331033e-01,7.751714080684438991e-03,7.732383122877246363e-03,1.000154647662457652e+00,1.000231971493686256e+00,1.000270651346225392e+00,7.932689537257656687e-01,4.772096099762072052e-01,7.581138465217056137e-03,1.000151622769304360e+00,1.000227434153956541e+00,1.000265357088380824e+00,7.932768581727885904e-01,4.771871688511399867e-01,7.453571231427344283e-03,1.000149071424628611e+00,1.000223607136942805e+00,1.000260891659817242e+00,7.932835269384962418e-01,4.771682358572965077e-01,4.765112673543524073e-03,1.000095302253470875e+00,1.000142953380206201e+00,1.000166785755463694e+00,7.934244470701667939e-01,4.767681492971554968e-01,1.205498755683573169e-03,1.000024109975113706e+00,1.000036164962670560e+00,1.000042192892417248e+00,7.936121478284057229e-01,4.762352284802180424e-01,1.633550854656375083e-06,1.000000032671017003e+00,1.000000049006525726e+00,1.000000057174280865e+00,7.936759196402211058e-01,4.760541622695038111e-01
4.354347481804012876e-01,6.966530532074892701e-01,7.947161391903652117e-01,7.386711709199097475e-01,4.760844937796893106e-01,7.655297164574850419e-03,7.636206647954963539e-03,1.000152724132959081e+00,1.000229086199438733e+00,1.000267284726173989e+00,7.943116087199542097e-01,4.772375138322595411e-01,7.486843192738240269e-03,1.000149736863854777e+00,1.000224605295782165e+00,1.000262056327592131e+00,7.943194641935378275e-01,4.772151246038966454e-01,7.360862658245048012e-03,1.000147217253164911e+00,1.000220825879747366e+00,1.000257646447728410e+00,7.943260916416284845e-01,4.771962353945596313e-01,4.705843528149913045e-03,1.000094116870563044e+00,1.000141175305844454e+00,1.000164711166974474e+00,7.944661386614874088e-01,4.767970742055572808e-01,1.190504591659053996e-03,1.000023810091833276e+00,1.000035715137749692e+00,1.000041668085898339e+00,7.946526764231691686e-01,4.762653863789312880e-01,1.613232518082712002e-06,1.000000032264650285e+00,1.000000048396975538e+00,1.000000056463138831e+00,7.947160530931265399e-01,4.760847391906796178e-01
4.328935522364381061e-01,6.978885475750905565e-01,7.957563360379182882e-01,7.377488958799350849e-01,4.761124385824652694e-01,7.560011951886714578e-03,7.541159054251087533e-03,1.000150823181084947e+00,1.000226234771627531e+00,1.000263957627622657e+00,7.953543218081101651e-01,4.772627886316186951e-01,7.393654720671604362e-03,1.000147873094413331e+00,1.000221809641620219e+00,1.000258794315062483e+00,7.953621284215635079e-01,4.772404512297495627e-01,7.269242261429532947e-03,1.000145384845228635e+00,1.000218077267842842e+00,1.000254439331714984e+00,7.953687146476344783e-01,4.772216057456752925e-01,4.647270060416769898e-03,1.000092945401208411e+00,1.000139418101812394e+00,1.000162660931250391e+00,7.955078905760956109e-01,4.768233686739337673e-01,1.175686423169479064e-03,1.000023513728463431e+00,1.000035270592695147e+00,1.000041149439482746e+00,7.956932680332701180e-01,4.762929121616629180e-01,1.593152670064236748e-06,1.000000031863053307e+00,1.000000047794580071e+00,1.000000055760343898e+00,7.957562504762407674e-01,4.761126834249513884e-01
4.303568550527523406e-01,6.991262330567985517e-01,7.967965910608315605e-01,7.368248951641310773e-01,4.761377469518582872e-01,7.465844306406363082e-03,7.447226240804352519e-03,1.000148944524816175e+00,1.000223416787224151e+00,1.000260669556781945e+00,7.963970872420882419e-01,4.772854306405941438e-01,7.301559223869304172e-03,1.000146031184477424e+00,1.000219046776716025e+00,1.000255570566665586e+00,7.964048451085667946e-01,4.772631449947715709e-01,7.178696448467656276e-03,1.000143573928969243e+00,1.000215360893454086e+00,1.000251269835801038e+00,7.964113902080854901e-01,4.772443431765165944e-01,4.589383580569133397e-03,1.000091787671611332e+00,1.000137681507416998e+00,1.000160634744052368e+00,7.965496970628184181e-01,4.768470289639639703e-01,1.161042051838101019e-03,1.000023220841036675e+00,1.000034831261555235e+00,1.000040636876219802e+00,7.967339169038679669e-01,4.763178020845710292e-01,1.573308331618019887e-06,1.000000031466166561e+00,1.000000047199249842e+00,1.000000055065792148e+00,7.967965060334739613e-01,4.761379912266186509e-01
4.278246486650449931e-01,7.003661135384917635e-01,7.978368984949070208e-01,7.358991753621461074e-01,4.761604152131503898e-01,7.372780274156762181e-03,7.354394288435673124e-03,1.000147087885768782e+00,1.000220631828653062e+00,1.000257420026229971e+00,7.974398992656624996e-01,4.773054361962264514e-01,7.210543055410036616e-03,1.000144210861108274e+00,1.000216316291662411e+00,1.000252384604518818e+00,7.974476084981674262e-01,4.772832022357715864e-01,7.089211802073809056e-03,1.000141784236041387e+00,1.000212676354062191e+00,1.000248137490149514e+00,7.974541125664715846e-01,4.772644440236969987e-01,4.532175510856056508e-03,1.000090643510217037e+00,1.000135965265325666e+00,1.000158632305064410e+00,7.975915523623928749e-01,4.768680514081549693e-01,1.146569307628489366e-03,1.000022931386152614e+00,1.000034397079228921e+00,1.000040130320153375e+00,7.977746172720199258e-01,4.763400524747591347e-01,1.553696562164613937e-06,1.000000031073931206e+00,1.000000046610896920e+00,1.000000054379380332e+00,7.978368140006298903e-01,4.761606589209661511e-01
4.252969251231162318e-01,7.016081929129402983e-01,7.988772525679960212e-01,7.349717431206768126e-01,4.761804397629387231e-01,7.280806081076855209e-03,7.262649457433272178e-03,1.000145252989148581e+00,1.000217879483723094e+00,1.000254208554833379e+00,7.984827521146820040e-01,4.773228017066212248e-01,7.120592744329442940e-03,1.000142411854886504e+00,1.000213617782329978e+00,1.000249235956903737e+00,7.984904128260600364e-01,4.773006193606284531e-01,7.000775077958513656e-03,1.000140015501559176e+00,1.000210023252338765e+00,1.000245041830984061e+00,7.984968759583562781e-01,4.772819046949041688e-01,4.475637384124051335e-03,1.000089512747682541e+00,1.000134269121523811e+00,1.000156653317843425e+00,7.986334507076204847e-01,4.768864324101750318e-01,1.132266048483637289e-03,1.000022645320969739e+00,1.000033967981454497e+00,1.000039629696304777e+00,7.988153633668362286e-01,4.763596597306068436e-01,1.534314459039011063e-06,1.000000030686289287e+00,1.000000046029433820e+00,1.000000053701006753e+00,7.988771686055613497e-01,4.761806829045934220e-01
4.227736764908414102e-01,7.028524750798178511e-01,7.999176475001549269e-01,7.340426051432814569e-01,4.761978170694611268e-01,7.189908130727085470e-03,7.171978185263925588e-03,1.000143439563705217e+00,1.000215159345557936e+00,1.000251034667665406e+00,7.995256400172258138e-01,4.773375236512784059e-01,7.031694993376123339e-03,1.000140633899867515e+00,1.000210950849801383e+00,1.000246124158188588e+00,7.995332523201681418e-01,4.773153928486201791e-01,6.913373202622197233e-03,1.000138267464052433e+00,1.000207401196078649e+00,1.000241982400510432e+00,7.995396746115328579e-01,4.772967216692290404e-01,4.419760842406639245e-03,1.000088395216848225e+00,1.000132592825272226e+00,1.000154697489770150e+00,7.996753863235236404e-01,4.769021684451810739e-01,1.118130159969137494e-03,1.000022362603199433e+00,1.000033543904799149e+00,1.000039134930663431e+00,7.998561494096365632e-01,4.763766203220959339e-01,1.515159157007119188e-06,1.000000030303183074e+00,1.000000045454774611e+00,1.000000053030571046e+00,7.999175640683269251e-01,4.761980596457408010e-01
4.202548948461453104e-01,7.040989639457140292e-01,8.009580775038027678e-01,7.331117681901889727e-01,4.762125436729171546e-01,7.100073002021063152e-03,7.082367084310287920e-03,1.000141647341686202e+00,1.000212471012529303e+00,1.000247897895927940e+00,8.005685571937597445e-01,4.773495985814174558e-01,6.943836676793216194e-03,1.000138876733535964e+00,1.000208315100303835e+00,1.000243048748748143e+00,8.005761212008021266e-01,4.773275192507486775e-01,6.826993271174098751e-03,1.000136539865423391e+00,1.000204809798135308e+00,1.000238958746842100e+00,8.005825027461798138e-01,4.773088914974900621e-01,4.364537635529962788e-03,1.000087290752710523e+00,1.000130936129066006e+00,1.000152764532000305e+00,8.007173534275017213e-01,4.769152560601423452e-01,1.104159554920425106e-03,1.000022083191098421e+00,1.000033124786647631e+00,1.000038645950172889e+00,8.008969696141061689e-01,4.763909307911320945e-01,1.496227827787746150e-06,1.000000029924556610e+00,1.000000044886834916e+00,1.000000052367974623e+00,8.009579946013469787e-01,4.762127856846098406e-01
4.177405722809772737e-01,7.053476634241467869e-01,8.019985367838781132e-01,7.321792390781041160e-01,4.762246161857840998e-01,7.011287446983184568e-03,6.993802939634100047e-03,1.000139876058792732e+00,1.000209814088188987e+00,1.000244797776870920e+00,8.016114978572930205e-01,4.773590231202965439e-01,6.857004838125364127e-03,1.000137140096762467e+00,1.000205710145143811e+00,1.000240009274888875e+00,8.016190136808151179e-01,4.773369951900599539e-01,6.741622545176138674e-03,1.000134832450903621e+00,1.000202248676355321e+00,1.000235970423923648e+00,8.016253545750188225e-01,4.773184108025541050e-01,4.309959619734360543e-03,1.000086199192394609e+00,1.000129298788592136e+00,1.000150854159416403e+00,8.017593462294887452e-01,4.769256918741592299e-01,1.090352173094057912e-03,1.000021807043461886e+00,1.000032710565192717e+00,1.000038162682718390e+00,8.019378181864543764e-01,4.764025877518616170e-01,1.477517679580052936e-06,1.000000029550353497e+00,1.000000044325530357e+00,1.000000051713119342e+00,8.019984544095617451e-01,4.762248576336802208e-01
4.152307009012861094e-01,7.065985774355746374e-01,8.030390195379977225e-01,7.312450246800068498e-01,4.762340312931291342e-01,6.923538388532087494e-03,6.906272706765174789e-03,1.000138125454135274e+00,1.000207188181202911e+00,1.000241733853717507e+00,8.026544562135362604e-01,4.773657939635289060e-01,6.771186688050941961e-03,1.000135423733760964e+00,1.000203135600641557e+00,1.000237005288772574e+00,8.026619239657611926e-01,4.773438173619587999e-01,6.657248450511622090e-03,1.000133144969010290e+00,1.000199717453515325e+00,1.000233016991455059e+00,8.026682243034718445e-01,4.773252762796507676e-01,4.256018756311812958e-03,1.000085120375126202e+00,1.000127680562689303e+00,1.000148966090579572e+00,8.028013589321109089e-01,4.769334725787766072e-01,1.076705980823010767e-03,1.000021534119616362e+00,1.000032301179424765e+00,1.000037685057117320e+00,8.029786893255717040e-01,4.764115878909839230e-01,1.459025956596453765e-06,1.000000029180519112e+00,1.000000043770778779e+00,1.000000051065909279e+00,8.030389376905897603e-01,4.762342721780213894e-01
4.127252728269963367e-01,7.078517099074088659e-01,8.040795199566150853e-01,7.303091319249493951e-01,4.762407857529160626e-01,6.836812918289726648e-03,6.819763509515936774e-03,1.000136395270190270e+00,1.000204592905285406e+00,1.000238705675585260e+00,8.036974264610601271e-01,4.773699078793928741e-01,6.686369602239341896e-03,1.000133727392044758e+00,1.000200591088067137e+00,1.000234036348339739e+00,8.037048462540539173e-01,4.773479825345204874e-01,6.573858575278582715e-03,1.000131477171505523e+00,1.000197215757258284e+00,1.000230098014819546e+00,8.037111061298198855e-01,4.773294846966836813e-01,4.202707110259149871e-03,1.000084054142205137e+00,1.000126081213307705e+00,1.000147100047683146e+00,8.038433857308455721e-01,4.769385949382938250e-01,1.063218970675958554e-03,1.000021264379413521e+00,1.000031896569120171e+00,1.000037213003103886e+00,8.040195772231892857e-01,4.764179279680593737e-01,1.440749938600911769e-06,1.000000028814998831e+00,1.000000043222498247e+00,1.000000050426248732e+00,8.040794386348865119e-01,4.762410260755992608e-01
4.102242801919826487e-01,7.091070647740257415e-01,8.051200322231807371e-01,7.293715677978466205e-01,4.762448763963081921e-01,6.751098294415915774e-03,6.734262637821362973e-03,1.000134685252756395e+00,1.000202027879134592e+00,1.000235712797411525e+00,8.047404027914537572e-01,4.773713617091381867e-01,6.602541119233170178e-03,1.000132050822384766e+00,1.000198076233576927e+00,1.000231102017238083e+00,8.047477747371251100e-01,4.773494875487954703e-01,6.491440667707610787e-03,1.000129828813354216e+00,1.000194743220031324e+00,1.000227213065010501e+00,8.047539942453617590e-01,4.773310328945354342e-01,4.150016848946899185e-03,1.000083000336978944e+00,1.000124500505468417e+00,1.000145255756505147e+00,8.048854208141803523e-01,4.769410557900685688e-01,1.049889161120516265e-03,1.000020997783222398e+00,1.000031496674833598e+00,1.000036746451319347e+00,8.050604760640385216e-01,4.764216048158116390e-01,1.422686940452604227e-06,1.000000028453738699e+00,1.000000042680608159e+00,1.000000049794043555e+00,8.051199514259039791e-01,4.762451161575791403e-01
4.077277151440450442e-01,7.103646459767792853e-01,8.061605505143016881e-01,7.284323393392634349e-01,4.762463001279647612e-01,6.666381939468092599e-03,6.649757545604082810e-03,1.000132995150912141e+00,1.000199492726368211e+00,1.000232754779879052e+00,8.057833793894852992e-01,4.773701523672865266e-01,6.519688938355102867e-03,1.000130393778767113e+00,1.000195590668150558e+00,1.000228201864745481e+00,8.057907035995848233e-01,4.773483293191110866e-01,6.409982634103934991e-03,1.000128199652682071e+00,1.000192299479023106e+00,1.000224361718556887e+00,8.057968828345746237e-01,4.773299177873692734e-01,4.097940240803653496e-03,1.000081958804815985e+00,1.000122938207224088e+00,1.000143432946362321e+00,8.059274583637731082e-01,4.769408520448172317e-01,1.036714596190403247e-03,1.000020734291923841e+00,1.000031101437885761e+00,1.000036285333299801e+00,8.061013800260108386e-01,4.764226153404262920e-01,1.404834311654900816e-06,1.000000028096686311e+00,1.000000042145029244e+00,1.000000049169201599e+00,8.061604702402512812e-01,4.762465393286227644e-01
4.052355698448855126e-01,7.116244574640131493e-01,8.072010689999030708e-01,7.274914536451976277e-01,4.762450539263352600e-01,6.582651438286315354e-03,6.566235848664654304e-03,1.000131324716973191e+00,1.000196987075459898e+00,1.000229831189339169e+00,8.068263504332617853e-01,4.773662768419281721e-01,6.437800917639428452e-03,1.000128756018352716e+00,1.000193134027529185e+00,1.000225335465701360e+00,8.068336270193818827e-01,4.773445048333671004e-01,6.329472536813764497e-03,1.000126589450736292e+00,1.000189884176104327e+00,1.000221543557455295e+00,8.068397660752735234e-01,4.773261363629247023e-01,4.046469654015936480e-03,1.000080929393080353e+00,1.000121394089620530e+00,1.000141631350065508e+00,8.069694925546123665e-01,4.769379806869091798e-01,1.023693345156530959e-03,1.000020473866903181e+00,1.000030710800354772e+00,1.000035829581465086e+00,8.071422832803186731e-01,4.764209565218435749e-01,1.387189435909661648e-06,1.000000027743788822e+00,1.000000041615683122e+00,1.000000048551631160e+00,8.072009892478546611e-01,4.762452925671810111e-01
4.027478364700809443e-01,7.128865031910736061e-01,8.082415818433887900e-01,7.265489178668576020e-01,4.762411348439455350e-01,6.499894535902986034e-03,6.483685322596494972e-03,1.000129673706452005e+00,1.000194510559677896e+00,1.000226941597743391e+00,8.078693100943904470e-01,4.773597321950130978e-01,6.356865071787762105e-03,1.000127137301435765e+00,1.000190705952153536e+00,1.000222502400432534e+00,8.078765391679647578e-01,4.773380111533277459e-01,6.249898592214408848e-03,1.000124997971844287e+00,1.000187496957766431e+00,1.000218758169097333e+00,8.078826381387729239e-01,4.773196856828088031e-01,3.995597555243275874e-03,1.000079911951104794e+00,1.000119867926657191e+00,1.000139850703873456e+00,8.080115175551788598e-01,4.769324387746572413e-01,1.010823502201935956e-03,1.000020216470044021e+00,1.000030324705066143e+00,1.000035379129106339e+00,8.081831799916573411e-01,4.764166254140471679e-01,1.369749730676742869e-06,1.000000027394994717e+00,1.000000041092491854e+00,1.000000047941241421e+00,8.082415026121203550e-01,4.762413729257820583e-01
4.002645072090615930e-01,7.141507871203212066e-01,8.092820832018045030e-01,7.256047392104367777e-01,4.762345400076820612e-01,6.418099135477484292e-03,6.402093900725670458e-03,1.000128041878014518e+00,1.000192062817021776e+00,1.000224085582567479e+00,8.089122525381401418e-01,4.773505155626373009e-01,6.276869570149129322e-03,1.000125537391403086e+00,1.000188306087104406e+00,1.000219702254682819e+00,8.089194342104432112e-01,4.773288454149067772e-01,6.171249168728350047e-03,1.000123424983374587e+00,1.000185137475061881e+00,1.000216005146200349e+00,8.089254931900484724e-01,4.773105628827823965e-01,3.945316508348585376e-03,1.000078906330166939e+00,1.000118359495250520e+00,1.000138090747448860e+00,8.090535275276073968e-01,4.769242234406021463e-01,9.981031861005873820e-04,1.000019962063722012e+00,1.000029943095583018e+00,1.000034933910376456e+00,8.092240643183661319e-01,4.764096191453473517e-01,1.352512646738755133e-06,1.000000027050252926e+00,1.000000040575379501e+00,1.000000047337943121e+00,8.092820044900956855e-01,4.762347775313144349e-01
3.977855742650837634e-01,7.154173132211439912e-01,8.103225672260002677e-01,7.246589249368822205e-01,4.762252666190692207e-01,6.337253296255203686e-03,6.321449672075016117e-03,1.000126428993441507e+00,1.000189643490162261e+00,1.000221262726740390e+00,8.099551719236038894e-01,4.773386241553237985e-01,6.197802734723915907e-03,1.000123956054694396e+00,1.000185934082041816e+00,1.000216934619543085e+00,8.099623063057508343e-01,4.773170048284500755e-01,6.093512784860772441e-03,1.000121870255697321e+00,1.000182805383545759e+00,1.000213284086739707e+00,8.099683253878993128e-01,4.772987651730413172e-01,3.895619173143551918e-03,1.000077912383462886e+00,1.000116868575194218e+00,1.000136351223814613e+00,8.100955166278488440e-01,4.769133318917928577e-01,9.855305398999874341e-04,1.000019710610797974e+00,1.000029565916197072e+00,1.000034493860277651e+00,8.102649304125921770e-01,4.763999349186600618e-01,1.335475667770961868e-06,1.000000026709513268e+00,1.000000040064270124e+00,1.000000046741648774e+00,8.103224890326321539e-01,4.762255035853040774e-01
3.953110298552071633e-01,7.166860854699693695e-01,8.113630280607931899e-01,7.237114823616609405e-01,4.762133119545426396e-01,6.257345231550979006e-03,6.241740879352597644e-03,1.000124834817587072e+00,1.000187252226380608e+00,1.000218472618576104e+00,8.109980624038618524e-01,4.773240552582997398e-01,6.119653038191666915e-03,1.000122393060763892e+00,1.000183589591145727e+00,1.000214199091382650e+00,8.110051496068078070e-01,4.773024866790107623e-01,6.016678107260556470e-03,1.000120333562145136e+00,1.000180500343217815e+00,1.000210594593878621e+00,8.110111288851103994e-01,4.772842898384920818e-01,3.846498304149010942e-03,1.000076929966082995e+00,1.000115394949124381e+00,1.000134631879309843e+00,8.111374790058337725e-01,4.768997614100617954e-01,9.731037306075683785e-04,1.000019462074612120e+00,1.000029193111918291e+00,1.000034058914650359e+00,8.113057724204526533e-01,4.763875700117794487e-01,1.318636309916318402e-06,1.000000026372726225e+00,1.000000039559089338e+00,1.000000046152271338e+00,8.113629503845489754e-01,4.762135483641885547e-01
3.928408662102700344e-01,7.179571078502769987e-01,8.124034598451326250e-01,7.227624188545195283e-01,4.761986733657168069e-01,6.178363306756676568e-03,6.162955916964266145e-03,1.000123259118339325e+00,1.000184888677508876e+00,1.000215714851701465e+00,8.120409181261445397e-01,4.773068062317667448e-01,6.042409101962520346e-03,1.000120848182039168e+00,1.000181272273058974e+00,1.000211495271780882e+00,8.120479582606844327e-01,4.772852883266207602e-01,5.940733948804496033e-03,1.000118814678976120e+00,1.000178222018464069e+00,1.000207936275904208e+00,8.120538978286169218e-01,4.772671342390238380e-01,3.797946749370179585e-03,1.000075958934987463e+00,1.000113938402481084e+00,1.000132932463547730e+00,8.121794088056363270e-01,4.768835093522947322e-01,9.608209488808437237e-04,1.000019216418977619e+00,1.000028824628466317e+00,1.000033629010163905e+00,8.123465844821997628e-01,4.763725217776473286e-01,1.301992121365604294e-06,1.000000026039842504e+00,1.000000039059763646e+00,1.000000045569724660e+00,8.124033826847969486e-01,4.761989092195842987e-01
3.903750755748640611e-01,7.192303843526109963e-01,8.134438567122631580e-01,7.218117418392415718e-01,4.761813482796483643e-01,6.100296037372646488e-03,6.085083329050021417e-03,1.000121701666581098e+00,1.000182552499871536e+00,1.000212989024988453e+00,8.130837332319973410e-01,4.772868745111674138e-01,5.966059694251977207e-03,1.000119321193885025e+00,1.000178981790827537e+00,1.000208822767459260e+00,8.130907264087653408e-01,4.772654072065570796e-01,5.865669266704467109e-03,1.000117313385334050e+00,1.000175970078001075e+00,1.000205308746157318e+00,8.130966263596678401e-01,4.772472958097739859e-01,3.749957449086553478e-03,1.000074999148981680e+00,1.000112498723472632e+00,1.000131252729372422e+00,8.132213001656372064e-01,4.768645731506951368e-01,9.486804087212725696e-04,1.000018973608174377e+00,1.000028460412261566e+00,1.000033204084303406e+00,8.133873607323844901e-01,4.763547876446159179e-01,1.285540681942581537e-06,1.000000025710813700e+00,1.000000038566220439e+00,1.000000044993924364e+00,8.134437800666227680e-01,4.761815835785495610e-01
3.879136502073112780e-01,7.205059189745925963e-01,8.144842127898912487e-01,7.208594587933991882e-01,4.761613341990934556e-01,6.023132087063028280e-03,6.008111807544167828e-03,1.000120162236150856e+00,1.000180243354226395e+00,1.000210294742486239e+00,8.141265018574445067e-01,4.772642576074461185e-01,5.890593728179000996e-03,1.000117811874563500e+00,1.000176717811845473e+00,1.000206181190214538e+00,8.141334481869140216e-01,4.772428408296024993e-01,5.791473160637526825e-03,1.000115829463212647e+00,1.000173744194819081e+00,1.000202711622970586e+00,8.141393086139909752e-01,4.772247720613885247e-01,3.702523434656472805e-03,1.000074050468693132e+00,1.000111075703039587e+00,1.000129592432817072e+00,8.142631472186904196e-01,4.768429503130444669e-01,9.366803471718325794e-04,1.000018733606943488e+00,1.000028100410415233e+00,1.000032784075362224e+00,8.144280953000214707e-01,4.763343651167066817e-01,1.269279602694182655e-06,1.000000025385592073e+00,1.000000038078387998e+00,1.000000044424786516e+00,8.144841366577345587e-01,4.761615689438422616e-01
3.854565823796383128e-01,7.217837157209328058e-01,8.155245222003499883e-01,7.199055772481012250e-01,4.761386287027608022e-01,5.946860265734472614e-03,5.932030190258825650e-03,1.000118640603805176e+00,1.000177960905707764e+00,1.000207631613353687e+00,8.151692181331553488e-01,4.772389531073051860e-01,5.816000259887015543e-03,1.000116320005197679e+00,1.000174480007796518e+00,1.000203570156853683e+00,8.151761177256380275e-01,4.772175867823008621e-01,5.718134870898530960e-03,1.000114362697418047e+00,1.000171544046126959e+00,1.000200144529601598e+00,8.151819387219578772e-01,4.771995605802783480e-01,3.655637827336077460e-03,1.000073112756546756e+00,1.000109669134820134e+00,1.000127951333063203e+00,8.153049440922870428e-01,4.768186384229568531e-01,9.248190240182346767e-04,1.000018496380480348e+00,1.000027744570720634e+00,1.000032368922427750e+00,8.154687823087554133e-01,4.763112517738627982e-01,1.253206525485630648e-06,1.000000025064130549e+00,1.000000037596195712e+00,1.000000043862228738e+00,8.155244465804670773e-01,4.761388628941728984e-01
3.830038643775537377e-01,7.230637786034447290e-01,8.165647790607654111e-01,7.189501047877370210e-01,4.761132294455590053e-01,5.871469527638339958e-03,5.856827458990862892e-03,1.000117136549179886e+00,1.000175704823769829e+00,1.000204999251792959e+00,8.162118761846091086e-01,4.772109586734549214e-01,5.742268486687863646e-03,1.000114845369733718e+00,1.000172268054600577e+00,1.000200989289128373e+00,8.162187291502552844e-01,4.771896427272083741e-01,5.645643776575326282e-03,1.000112912875531501e+00,1.000169369313297363e+00,1.000197607094168273e+00,8.162245108087496925e-01,4.771716590288694326e-01,3.609293837112696832e-03,1.000072185876742292e+00,1.000108278815113438e+00,1.000126329192399410e+00,8.163466849087219757e-01,4.767916351401279562e-01,9.130947214937883616e-04,1.000018261894429772e+00,1.000027392841644769e+00,1.000031958565374746e+00,8.165094158770264121e-01,4.762854452721972387e-01,1.237319122600507935e-06,1.000000024746382499e+00,1.000000037119573637e+00,1.000000043306169761e+00,8.165647039519482453e-01,4.761134630844514048e-01
3.805554885004220900e-01,7.243461116410564449e-01,8.176049774832236938e-01,7.179930490497156148e-01,4.760851341588385743e-01,5.796948969495850472e-03,5.782492737651721143e-03,1.000115649854752986e+00,1.000173474782129590e+00,1.000202397276984456e+00,8.172544701322618232e-01,4.771802720448587443e-01,5.669387745228215633e-03,1.000113387754904659e+00,1.000170081632356878e+00,1.000198438213670160e+00,8.172612765810597368e-01,4.771590064031381306e-01,5.573989393746009435e-03,1.000111479787874957e+00,1.000167219681812325e+00,1.000195098949588468e+00,8.172670189945238084e-01,4.771410651458479202e-01,3.563484761552345500e-03,1.000071269695230969e+00,1.000106904542846564e+00,1.000124725776181389e+00,8.173883637852604744e-01,4.767619382005791051e-01,9.015057439878373024e-04,1.000018030114879775e+00,1.000027045172319662e+00,1.000031552944853352e+00,8.175499901182370355e-01,4.762569433442361277e-01,1.221615096345661230e-06,1.000000024432301959e+00,1.000000036648452939e+00,1.000000042756528984e+00,8.176049028842659050e-01,4.760853672460301222e-01
3.781114470612412237e-01,7.256307188598234426e-01,8.186451115749376894e-01,7.170344177242010675e-01,4.760543406506291819e-01,5.723287828646324814e-03,5.709015290420274211e-03,1.000114180305808453e+00,1.000171270458712680e+00,1.000199825313021540e+00,8.182969940917130813e-01,4.771468910369740524e-01,5.597347509678557952e-03,1.000111946950193564e+00,1.000167920425290458e+00,1.000195916561928522e+00,8.183037541334885479e-01,4.771256756254002029e-01,5.503161373698388543e-03,1.000110063227473978e+00,1.000165094841210855e+00,1.000192619733514920e+00,8.183094573945804973e-01,4.771077767464000363e-01,3.518203984661415901e-03,1.000070364079693297e+00,1.000105546119539834e+00,1.000123140852791082e+00,8.184299748343045744e-01,4.767295454168966606e-01,8.900504177577842893e-04,1.000017801008355134e+00,1.000026701512532812e+00,1.000031152002278434e+00,8.185904991409198583e-01,4.762257437991555542e-01,1.206092178660972613e-06,1.000000024121843634e+00,1.000000036182765450e+00,1.000000042213226692e+00,8.186450374846349076e-01,4.760545731869402220e-01
3.756717323866172187e-01,7.269176042929412773e-01,8.196851754384155697e-01,7.160742185538429005e-01,4.760208468058709785e-01,5.650475481218019715e-03,5.636384519918224284e-03,1.000112727690398273e+00,1.000169091535597632e+00,1.000197282988846137e+00,8.193394421738735556e-01,4.771108135419859231e-01,5.526137389944274329e-03,1.000110522747798880e+00,1.000165784121698431e+00,1.000193423970106243e+00,8.193461559182896314e-01,4.770896482860365051e-01,5.433149501171172235e-03,1.000108662990023323e+00,1.000162994485035206e+00,1.000190169088275072e+00,8.193518201195302275e-01,4.770717917224466809e-01,3.473444975762259631e-03,1.000069468899515313e+00,1.000104203349272858e+00,1.000121574193597818e+00,8.194715121635613997e-01,4.766944546784650516e-01,8.787270906446316030e-04,1.000017574541812948e+00,1.000026361812719422e+00,1.000030755679821137e+00,8.196309370489044399e-01,4.761918445230137742e-01,1.190748130733892412e-06,1.000000023814962669e+00,1.000000035722443892e+00,1.000000041676184948e+00,8.196851018555650903e-01,4.760210787921234643e-01
3.732363368167406215e-01,7.282067719807582273e-01,8.207251631716283580e-01,7.151124593335037583e-01,4.759846505866415778e-01,5.578501440321499347e-03,5.564589965407979247e-03,1.000111291799308244e+00,1.000166937698962144e+00,1.000194769938187678e+00,8.203818084851323134e-01,4.770720375290367077e-01,5.455747129898777005e-03,1.000109114942598021e+00,1.000163672413896920e+00,1.000190960079099467e+00,8.203884760416892963e-01,4.770509223540493338e-01,5.363943692616826228e-03,1.000107278873852312e+00,1.000160918310778468e+00,1.000187746660809340e+00,8.203941012754619733e-01,4.770331080428727444e-01,3.429201288382620512e-03,1.000068584025767704e+00,1.000102876038651445e+00,1.000120025572919902e+00,8.205129698762104740e-01,4.766566639516948145e-01,8.675341317920247678e-04,1.000017350682635753e+00,1.000026026023953740e+00,1.000030363920397347e+00,8.206712979414857445e-01,4.761552434789780297e-01,1.175580742618720551e-06,1.000000023511614877e+00,1.000000035267422316e+00,1.000000041145326479e+00,8.207250900950292527e-01,4.759848820236584621e-01
3.708052527053626868e-01,7.294982259707881722e-01,8.217650688681791271e-01,7.141491479099814077e-01,4.759457500323762691e-01,5.507355354265323043e-03,5.493621301012791697e-03,1.000109872426020230e+00,1.000164808639030456e+00,1.000192285799497816e+00,8.214240871275260147e-01,4.770305610444503519e-01,5.386166605638458178e-03,1.000107723332112730e+00,1.000161584998169095e+00,1.000188524534434631e+00,8.214307086055607776e-01,4.770094958756264658e-01,5.295533994485886707e-03,1.000105910679889742e+00,1.000158866019834614e+00,1.000185352102610947e+00,8.214362949641111911e-01,4.769917237537503740e-01,3.385466559158788018e-03,1.000067709331183163e+00,1.000101563996774745e+00,1.000118494767985533e+00,8.215543420710730294e-01,4.766161712802459149e-01,8.564699313687675931e-04,1.000017129398627302e+00,1.000025694097941065e+00,1.000029976667659914e+00,8.217115759135936726e-01,4.761159387075463156e-01,1.160587832860591048e-06,1.000000023211756739e+00,1.000000034817634997e+00,1.000000040620574682e+00,8.217649962966324662e-01,4.759459809209825587e-01
3.683784724197705085e-01,7.307919703177229165e-01,8.228048866174723086e-01,7.131842921817272973e-01,4.759041432600841226e-01,5.437027004793760533e-03,5.423468333958863900e-03,1.000108469366679076e+00,1.000162704050018725e+00,1.000189830215891140e+00,8.224662721989070002e-01,4.769863822119496111e-01,5.317385823759179786e-03,1.000106347716475108e+00,1.000159521574712773e+00,1.000186116986209184e+00,8.224728477075931021e-01,4.769653669743578184e-01,5.227910581532461617e-03,1.000104558211630579e+00,1.000156837317445868e+00,1.000182985069668407e+00,8.224783952830286848e-01,4.769476369785576320e-01,3.342234506752289353e-03,1.000066844690135071e+00,1.000100267035202606e+00,1.000116981558895723e+00,8.225956228427803163e-01,4.765729747852445186e-01,8.455329002947625360e-04,1.000016910658005909e+00,1.000025365987008863e+00,1.000029593865987998e+00,8.227517650559609264e-01,4.760739283267628186e-01,1.145767248124098895e-06,1.000000022915344955e+00,1.000000034373017543e+00,1.000000040101854060e+00,8.228048145497807164e-01,4.759043736011059900e-01
3.659559883407643710e-01,7.320880090834452902e-01,8.238446105048831125e-01,7.122179000985610076e-01,4.758598284645582099e-01,5.367506305346418476e-03,5.354121002839320673e-03,1.000107082420056859e+00,1.000160623630085288e+00,1.000187402835083228e+00,8.235083577931133769e-01,4.769394992328706562e-01,5.249394919654199257e-03,1.000104987898393194e+00,1.000157481847589569e+00,1.000183737089032077e+00,8.235148874414601750e-01,4.769185338514494998e-01,5.161063755140786295e-03,1.000103221275102872e+00,1.000154831912654307e+00,1.000180645222403797e+00,8.235203963257503590e-01,4.769008459183914916e-01,3.299498930780053827e-03,1.000065989978615510e+00,1.000098984967923377e+00,1.000115485728585218e+00,8.236368062819434677e-01,4.765270726654953215e-01,8.347214699703583854e-04,1.000016694429399333e+00,1.000025041644099000e+00,1.000029215460476628e+00,8.237918594552938734e-01,4.760292105324293033e-01,1.131116862826543252e-06,1.000000022622337337e+00,1.000000033933505783e+00,1.000000039589090672e+00,8.238445389398509899e-01,4.758600582588229932e-01
3.635377928626322142e-01,7.333863463370418057e-01,8.248842346119277247e-01,7.112499796613805936e-01,4.758128039185797742e-01,5.298783299339453884e-03,5.285569375899704971e-03,1.000105711387518026e+00,1.000158567081276928e+00,1.000185003309329579e+00,8.245503380001383276e-01,4.768899103863691868e-01,5.182184155833206851e-03,1.000103643683116772e+00,1.000155465524674936e+00,1.000181384501964033e+00,8.245568218969910879e-01,4.768689947859310885e-01,5.094983941672551545e-03,1.000101899678833561e+00,1.000152849518250120e+00,1.000178332225617250e+00,8.245622921819666384e-01,4.768513488521748389e-01,3.257253710757841356e-03,1.000065145074215067e+00,1.000097717611322823e+00,1.000114007062786969e+00,8.246778864753234739e-01,4.764784631976874407e-01,8.240340920090551786e-04,1.000016480681840125e+00,1.000024721022760188e+00,1.000028841396930046e+00,8.248318531944417442e-01,4.759817835983093381e-01,1.116634578775720711e-06,1.000000022332691474e+00,1.000000033499037322e+00,1.000000039082210579e+00,8.248841635483614709e-01,4.758130331669164215e-01
3.611238783931274288e-01,7.346869861548152025e-01,8.259237530164340590e-01,7.102805389218687093e-01,4.757630679731179590e-01,5.230848158468344965e-03,5.217803649344982322e-03,1.000104356072986977e+00,1.000156534109480244e+00,1.000182631295369662e+00,8.255922069063001967e-01,4.768376140296229360e-01,5.115743920262440757e-03,1.000102314878405174e+00,1.000153472317607983e+00,1.000179058888460037e+00,8.255986451603399834e-01,4.768167481348572490e-01,5.029661690834946915e-03,1.000100593233816726e+00,1.000150889850724978e+00,1.000176045748428333e+00,8.256040769376931099e-01,4.767991441368587546e-01,3.215492805056930758e-03,1.000064309856101064e+00,1.000096464784151706e+00,1.000112545349995052e+00,8.257188575060011582e-01,4.764271447365959755e-01,8.134692379735617958e-04,1.000016269384759404e+00,1.000024404077139106e+00,1.000028471621848603e+00,8.258717403525679401e-01,4.759316458763289126e-01,1.102318324812261605e-06,1.000000022046366510e+00,1.000000033069549765e+00,1.000000038581141837e+00,8.259236824531417387e-01,4.757632966763566396e-01
3.587142373534437656e-01,7.359899326202975489e-01,8.269631597927127320e-01,7.093095859821944016e-01,4.757106190575232096e-01,5.163691181031729305e-03,5.150814145667560566e-03,1.000103016282913426e+00,1.000154524424369917e+00,1.000180286454364298e+00,8.266339585944135759e-01,4.767826085980278461e-01,5.050064724725408100e-03,1.000101001294494418e+00,1.000151501941741738e+00,1.000176759916311386e+00,8.266403513141568071e-01,4.767617923335042973e-01,4.965087674068969885e-03,1.000099301753481384e+00,1.000148952630222077e+00,1.000173785464221199e+00,8.266457446754406080e-01,4.767442302076180805e-01,3.174210249873749955e-03,1.000063484204997577e+00,1.000095226307496254e+00,1.000111100381428919e+00,8.267597134535483727e-01,4.763731157152765738e-01,8.030253991151293635e-04,1.000016060507982196e+00,1.000024090761973516e+00,1.000028106082424095e+00,8.269115150053202301e-01,4.758787957967693938e-01,1.088166056456404562e-06,1.000000021763321145e+00,1.000000032644981607e+00,1.000000038085812504e+00,8.269630897285045190e-01,4.757108472164953139e-01
3.563088621781913545e-01,7.372951898242631197e-01,8.280024490117288138e-01,7.083371289947116844e-01,4.756554556797157329e-01,5.097302790276379662e-03,5.084591311996389078e-03,1.000101691826239980e+00,1.000152537739359859e+00,1.000177968451840371e+00,8.276755871439606116e-01,4.767248926053893054e-01,4.985137203204283857e-03,1.000099702744064123e+00,1.000149554116096073e+00,1.000174487257589950e+00,8.276819344377585042e-01,4.767041258955603822e-01,4.901252682958057334e-03,1.000098025053659079e+00,1.000147037580488840e+00,1.000171551050586860e+00,8.276872894743870779e-01,4.766866055780430989e-01,3.133400158212507492e-03,1.000062668003164346e+00,1.000094002004746407e+00,1.000109671950996537e+00,8.278004483941994174e-01,4.763163746452558911e-01,7.927010861161722837e-04,1.000015854021722328e+00,1.000023781032583381e+00,1.000027744726526446e+00,8.279511712250030575e-01,4.758232318684572082e-01,1.074175755559226882e-06,1.000000021483515189e+00,1.000000032225272673e+00,1.000000037596151969e+00,8.280023794454164365e-01,4.756556832952537617e-01
3.539077453153753883e-01,7.386027618647404980e-01,8.290416147412732473e-01,7.073631761616531177e-01,4.755975764263674632e-01,5.031673532762974757e-03,5.019125718466807898e-03,1.000100382514369279e+00,1.000150573771553919e+00,1.000175676957633097e+00,8.287170866312617568e-01,4.766644646441066668e-01,4.920952110281638127e-03,1.000098419042205533e+00,1.000147628563308411e+00,1.000172240588590444e+00,8.287233886073005484e-01,4.766437474133115026e-01,4.838147627656706230e-03,1.000096762952553231e+00,1.000145144428829624e+00,1.000169342189269894e+00,8.287287054105486606e-01,4.766262688403237191e-01,3.093056718880601158e-03,1.000061861134377672e+00,1.000092791701566508e+00,1.000108259855260862e+00,8.288410564010220138e-01,4.762569201167153876e-01,7.824948288361230049e-04,1.000015649896576653e+00,1.000023474844865090e+00,1.000027387502698817e+00,8.289907030807485144e-01,4.757649526789461403e-01,1.060345429958257457e-06,1.000000021206908674e+00,1.000000031810362788e+00,1.000000037112090512e+00,8.290415456716702103e-01,4.755978034993054160e-01
3.515108792263688109e-01,7.399126528470266750e-01,8.300806510461350429e-01,7.063877357348208319e-01,4.755369799630796424e-01,4.966794076752305970e-03,4.954408056610778988e-03,1.000099088161132244e+00,1.000148632241698365e+00,1.000173411645829180e+00,8.297584511296484111e-01,4.766013233853529374e-01,4.857500319562157824e-03,1.000097150006391322e+00,1.000145725009586872e+00,1.000170019589777581e+00,8.297647078959488054e-01,4.765806555578202541e-01,4.775763535338755673e-03,1.000095515270706725e+00,1.000143272906060199e+00,1.000167158566111825e+00,8.297699865569514444e-01,4.765632186654292224e-01,3.053174195496592518e-03,1.000061063483909995e+00,1.000091595225864882e+00,1.000106863893404308e+00,8.298815315440900564e-01,4.761947507986699080e-01,7.724051760604645897e-04,1.000015448103521276e+00,1.000023172155281914e+00,1.000027034360144951e+00,8.300301046386890924e-01,4.757039568946947461e-01,1.046673113137393672e-06,1.000000020933462297e+00,1.000000031400193334e+00,1.000000036633559297e+00,8.300805824720567383e-01,4.755372064942523513e-01
3.491182563858910015e-01,7.412248668836989296e-01,8.311195519882745852e-01,7.054108160152712248e-01,4.754736650345536275e-01,4.902655210612076944e-03,4.890429137767658349e-03,1.000097808582755432e+00,1.000146712874133037e+00,1.000171172194711078e+00,8.307996747096347834e-01,4.765354675792492500e-01,4.794772822114500704e-03,1.000095895456442285e+00,1.000143843184663428e+00,1.000167823945727896e+00,8.308058863740519495e-01,4.765148490790996894e-01,4.714091548665457800e-03,1.000094281830973264e+00,1.000141422746460007e+00,1.000164999871001159e+00,8.308111269838042157e-01,4.764974538032819562e-01,3.013746925510838413e-03,1.000060274938510130e+00,1.000090412407765417e+00,1.000105483867193890e+00,8.309218678906554745e-01,4.761298654391404317e-01,7.624306952529662316e-04,1.000015248613905117e+00,1.000022872920857564e+00,1.000026685248724290e+00,8.310693699621299890e-01,4.756402432612381048e-01,1.033156863891161058e-06,1.000000020663137201e+00,1.000000030994705913e+00,1.000000036160490380e+00,8.311194839085382924e-01,4.754738910247973682e-01
3.467298692819837935e-01,7.425394080946280395e-01,8.321583116269960501e-01,7.044324253529991031e-01,4.754076304647570916e-01,4.839247841243684602e-03,4.827179891514897514e-03,1.000096543597830401e+00,1.000144815396745379e+00,1.000168958286702825e+00,8.318407514390907531e-01,4.764668960550319521e-01,4.732760724932698858e-03,1.000094655214498696e+00,1.000141982821747932e+00,1.000165653345079786e+00,8.318469181093136600e-01,4.764463268062816836e-01,4.653122924272772888e-03,1.000093062458485393e+00,1.000139593687728201e+00,1.000162865797815437e+00,8.318521207586709876e-01,4.764289730829256442e-01,2.974769319238406481e-03,1.000059495386384834e+00,1.000089243079577139e+00,1.000104119580949025e+00,8.319620595053215384e-01,4.760622628653217725e-01,7.525699723110260966e-04,1.000015051399446131e+00,1.000022577099169308e+00,1.000026340118939316e+00,8.321084931117220806e-01,4.755738106033537971e-01,1.019794765993181840e-06,1.000000020395895417e+00,1.000000030593843015e+00,1.000000035692817146e+00,8.321582440404208247e-01,4.754078559149087502e-01
3.443457104159877158e-01,7.438562806069912714e-01,8.331969240191204884e-01,7.034525721466142745e-01,4.753388751570828408e-01,4.776562992529056161e-03,4.764651364118759405e-03,1.000095293027282395e+00,1.000142939540923592e+00,1.000166769608314965e+00,8.328816753834146214e-01,4.763956077212158080e-01,4.671455249417169782e-03,1.000093429104988330e+00,1.000140143657482605e+00,1.000163507480477776e+00,8.328877971669664815e-01,4.763750876477791940e-01,4.592849031277938116e-03,1.000091856980625638e+00,1.000137785470938345e+00,1.000160756044373489e+00,8.328929619466440837e-01,4.763577754126875896e-01,2.936235858904320210e-03,1.000058724717178160e+00,1.000088087075767129e+00,1.000102770841506006e+00,8.330021004502156101e-01,4.759919419837431165e-01,7.428216113241325460e-04,1.000014856432226429e+00,1.000022284648339754e+00,1.000025998921931558e+00,8.331474681456352283e-01,4.755046578252224987e-01,1.006584927868870393e-06,1.000000020131698530e+00,1.000000030197547796e+00,1.000000035230472539e+00,8.331968569245273848e-01,4.753391000679810241e-01
3.419657723025182339e-01,7.451754885552854812e-01,8.342353832191606866e-01,7.024712648430170292e-01,4.752673980945046894e-01,4.714591803797118022e-03,4.702834717004607083e-03,1.000094056694340150e+00,1.000141085041510225e+00,1.000164605850091482e+00,8.339224406057069716e-01,4.763216015657502078e-01,4.610847729874932577e-03,1.000092216954597601e+00,1.000138325431896291e+00,1.000161386048520784e+00,8.339285176099445751e-01,4.763011305914427451e-01,4.533261349804920508e-03,1.000090665226996078e+00,1.000135997840494229e+00,1.000158670312380593e+00,8.339336446105171108e-01,4.762838597803346619e-01,2.898141097700867273e-03,1.000057962821953916e+00,1.000086944232930986e+00,1.000101437458186027e+00,8.340419847851630042e-01,4.759189017804244526e-01,7.331842343353792320e-04,1.000014663684686722e+00,1.000021995527029972e+00,1.000025661609469374e+00,8.341862891197322494e-01,4.754327839105821352e-01,9.935254822722662463e-07,1.000000019870509682e+00,1.000000029805764523e+00,1.000000034773392166e+00,8.342353166153723132e-01,4.752676224669883376e-01
3.395900474694422133e-01,7.464970360813398820e-01,8.352736832794940280e-01,7.014885119370682931e-01,4.751931983397242876e-01,4.653325528309897388e-03,4.641721225246780991e-03,1.000092834424505028e+00,1.000139251636757320e+00,1.000162466706556508e+00,8.349630411669441976e-01,4.762448766561704350e-01,4.550929612039019724e-03,1.000091018592240699e+00,1.000136527888361160e+00,1.000159288749709274e+00,8.349690734990575791e-01,4.762244547047113086e-01,4.474351469528747155e-03,1.000089487029390600e+00,1.000134230544085900e+00,1.000156608307380068e+00,8.349741628109593750e-01,4.762072252532248973e-01,2.860479658856984134e-03,1.000057209593177232e+00,1.000085814389765737e+00,1.000100119242763208e+00,8.350817065678602935e-01,4.758431413210266747e-01,7.236564811060327640e-04,1.000014473129622106e+00,1.000021709694433270e+00,1.000025328133942404e+00,8.352249500877426680e-01,4.753581879228773732e-01,9.806145859670033586e-07,1.000000019612291791e+00,1.000000029418437686e+00,1.000000034321510745e+00,8.352736171653349917e-01,4.751934221746339504e-01
3.372185284578552711e-01,7.478209273343289221e-01,8.363118182505372422e-01,7.005043219712572267e-01,4.751162750353151165e-01,4.592755531767874974e-03,4.581302276077681319e-03,1.000091626045521487e+00,1.000137439068282230e+00,1.000160351876161702e+00,8.360034711261522533e-01,4.761654321397422174e-01,4.491692451606723625e-03,1.000089833849032050e+00,1.000134750773548298e+00,1.000157215288396628e+00,8.360094588931649140e-01,4.761450591347576311e-01,4.416111088238340587e-03,1.000088322221764692e+00,1.000132483332647260e+00,1.000154569738699539e+00,8.360145106066894094e-01,4.761278709784521057e-01,2.823246234719468430e-03,1.000056464924694355e+00,1.000084697387041643e+00,1.000098816009431069e+00,8.361212598540500585e-01,4.757646597509948561e-01,7.142370088830945086e-04,1.000014284740177617e+00,1.000021427110266536e+00,1.000024998448351132e+00,8.362634451014364645e-01,4.752808690054016738e-01,9.678504194113377402e-07,1.000000019357008441e+00,1.000000029035512661e+00,1.000000033874764993e+00,8.363117526248340372e-01,4.751164983334918990e-01
3.348512078220569066e-01,7.491471664707858302e-01,8.373497821809212649e-01,6.995187035353631622e-01,4.750366274038584358e-01,4.532873290834401464e-03,4.521569367415862080e-03,1.000090431387348211e+00,1.000135647081022539e+00,1.000158261061236509e+00,8.370437245405815130e-01,4.760832672436015600e-01,4.433127912796481010e-03,1.000088662558255903e+00,1.000132993837383966e+00,1.000155165372734745e+00,8.370496678493496434e-01,4.760629431086265684e-01,4.358532010417693649e-03,1.000087170640208356e+00,1.000130755960312534e+00,1.000152554319404974e+00,8.370546820546497235e-01,4.760457961829853146e-01,2.786435585845911580e-03,1.000055728711716885e+00,1.000083593067575327e+00,1.000097527574771661e+00,8.371606386976950809e-01,4.756834562956976376e-01,7.049244921698268138e-04,1.000014098489843350e+00,1.000021147734765137e+00,1.000024672506301560e+00,8.373017682107999349e-01,4.752008263814357369e-01,9.552311864471908580e-07,1.000000019104623661e+00,1.000000028656935491e+00,1.000000033433091629e+00,8.373497170425020508e-01,4.750368501661445531e-01
3.324880781295289633e-01,7.504757576546149389e-01,8.383875691176660983e-01,6.985316652661158754e-01,4.749542547480752330e-01,4.473670391679110923e-03,4.462514106413078760e-03,1.000089250282128361e+00,1.000133875423192320e+00,1.000156193967934204e+00,8.380837954658807432e-01,4.759983812748878607e-01,4.375227766923336231e-03,1.000087504555338569e+00,1.000131256833007631e+00,1.000153138714627854e+00,8.380896944230938894e-01,4.759781059333696440e-01,4.301606145845298865e-03,1.000086032122916802e+00,1.000129048184375424e+00,1.000150561766249169e+00,8.380946712101808860e-01,4.759610001738012741e-01,2.750042540109311727e-03,1.000055000850802234e+00,1.000082501276203351e+00,1.000096253757724263e+00,8.381998371511530932e-01,4.755995302605591224e-01,6.957176224992337940e-04,1.000013914352450017e+00,1.000020871528674915e+00,1.000024350261994543e+00,8.383399134642093298e-01,4.751180593543781749e-01,9.427551139931974952e-07,1.000000018855102368e+00,1.000000028282653330e+00,1.000000032996429367e+00,8.383875044653610331e-01,4.749544769753138440e-01
3.301291319609107600e-01,7.518067050571053400e-01,8.394251731063556710e-01,6.975432158468505284e-01,4.748691564509507357e-01,4.415138528539926978e-03,4.404128208019877574e-03,1.000088082564160485e+00,1.000132123846240617e+00,1.000154150306184375e+00,8.391236779562728509e-01,4.759107736208713080e-01,4.317983890992594005e-03,1.000086359677819781e+00,1.000129539516729782e+00,1.000151135029680116e+00,8.391295326684528044e-01,4.758905469961718371e-01,4.245325508211468014e-03,1.000084906510164240e+00,1.000127359765246249e+00,1.000148591799623787e+00,8.391344721271972729e-01,4.758734823380131318e-01,2.714061991814112427e-03,1.000054281239836307e+00,1.000081421859754460e+00,1.000094994379553182e+00,8.392388492653517496e-01,4.755128810311854970e-01,6.866151082104331388e-04,1.000013732302164282e+00,1.000020598453246423e+00,1.000024031670219582e+00,8.393778749086068247e-01,4.750325673078714672e-01,9.304204517416711386e-07,1.000000018608409036e+00,1.000000027912613554e+00,1.000000032564716035e+00,8.394251089389965781e-01,4.748693781439859429e-01
3.277743619099759975e-01,7.531400128569439856e-01,8.404625881913139196e-01,6.965533640071602806e-01,4.747813319758545925e-01,4.357269502303556807e-03,4.346403493569632633e-03,1.000086928069871428e+00,1.000130392104807031e+00,1.000152129789641853e+00,8.401633660647294111e-01,4.758204437490746730e-01,4.261388266311547102e-03,1.000085227765326268e+00,1.000127841647989291e+00,1.000149154037150101e+00,8.401691766382305415e-01,4.758002657644729849e-01,4.189682213753419607e-03,1.000083793644275021e+00,1.000125690466412642e+00,1.000146644143512509e+00,8.401740788583615949e-01,4.757832421429910585e-01,2.678488900823609853e-03,1.000053569778016405e+00,1.000080354667024718e+00,1.000093749263819554e+00,8.402776690899643741e-01,4.754235080734865448e-01,6.776156742279035522e-04,1.000013552313484544e+00,1.000020328470226927e+00,1.000023716686347042e+00,8.404156465896756023e-01,4.749443497059216979e-01,9.182254718594657163e-07,1.000000018364509469e+00,1.000000027546764203e+00,1.000000032137891681e+00,8.404625245077345097e-01,4.747815531355311092e-01
3.254237605836107772e-01,7.544756852402282332e-01,8.414998084157800928e-01,6.955621185225435710e-01,4.746907808666536166e-01,4.300055219104303821e-03,4.289331889380851477e-03,1.000085786637787688e+00,1.000128679956681532e+00,1.000150132135638747e+00,8.412028538431465252e-01,4.757273912073896049e-01,4.205432977119123727e-03,1.000084108659542448e+00,1.000126162989313672e+00,1.000147195459899052e+00,8.412086203841555587e-01,4.757072617860843566e-01,4.134668479907984209e-03,1.000082693369598097e+00,1.000124040054397145e+00,1.000144718525441734e+00,8.412134854552607566e-01,4.756902791364783778e-01,2.643318291698615319e-03,1.000052866365833903e+00,1.000079299548750855e+00,1.000092518236348704e+00,8.413162906735849322e-01,4.753314109337896665e-01,6.687180618435808240e-04,1.000013374361236940e+00,1.000020061541855299e+00,1.000023405266319720e+00,8.414532225520159336e-01,4.748534060930124090e-01,9.061684686926977957e-07,1.000000018123369472e+00,1.000000027185053986e+00,1.000000031715896798e+00,8.414997452148160750e-01,4.746910014938172662e-01
3.230773206017887311e-01,7.558137264004796130e-01,8.425368278220848328e-01,6.945694882140498461e-01,4.745975027478201991e-01,4.243487688940866809e-03,4.232905425377423737e-03,1.000084658108507440e+00,1.000126987162761383e+00,1.000148157065134491e+00,8.422421353425203483e-01,4.756316156241851556e-01,4.150110209233121537e-03,1.000083002204184668e+00,1.000124503306276891e+00,1.000145259024347588e+00,8.422478579570560342e-01,4.756115346892973994e-01,4.080276623981602367e-03,1.000081605532479712e+00,1.000122408298719456e+00,1.000142814676436620e+00,8.422526859685813827e-01,4.755945929467013111e-01,2.608545252847181001e-03,1.000052170905056936e+00,1.000078256357585405e+00,1.000091301125201948e+00,8.423547080639042228e-01,4.752365892389494029e-01,6.599210285017504925e-04,1.000013198420570015e+00,1.000019797630855134e+00,1.000023097366646407e+00,8.424905968393203715e-01,4.747597360942123479e-01,8.942477584752586165e-07,1.000000017884955072e+00,1.000000026827432720e+00,1.000000031298671654e+00,8.425367651025738036e-01,4.745977228433175821e-01
3.207350345975485961e-01,7.571541405386567058e-01,8.435736404518267006e-01,6.935754819479196254e-01,4.745014973245337830e-01,4.187559024311083081e-03,4.177116233726766055e-03,1.000083542324674557e+00,1.000125313487011836e+00,1.000146204302670538e+00,8.432812046131231698e-01,4.755331167084130839e-01,4.095412248714996178e-03,1.000081908244974338e+00,1.000122862367461396e+00,1.000143344460425299e+00,8.432868834070362807e-01,4.755130841829882660e-01,4.026499061837579552e-03,1.000080529981236754e+00,1.000120794971855132e+00,1.000140932330972898e+00,8.432916744482858995e-01,4.754961832824724510e-01,2.574164935685351995e-03,1.000051483298713739e+00,1.000077224948070498e+00,1.000090097760646612e+00,8.433929153078859597e-01,4.751390426964503533e-01,6.512233475867321110e-04,1.000013024466951839e+00,1.000019536700427647e+00,1.000022792944393224e+00,8.435277634945509417e-01,4.746633394152784402e-01,8.824616790411075988e-07,1.000000017649233630e+00,1.000000026473850445e+00,1.000000030886159186e+00,8.435735782126078108e-01,4.745017168892119996e-01
3.183968952169720090e-01,7.584969318631681334e-01,8.446102403460481467e-01,6.925801086352224578e-01,4.744027643827761209e-01,4.132261438864268631e-03,4.121956547495530220e-03,1.000082439130949963e+00,1.000123658696424833e+00,1.000144273576320186e+00,8.443200557046792731e-01,4.754318942497045009e-01,4.041331480551852220e-03,1.000080826629611064e+00,1.000121239944416596e+00,1.000141451501527223e+00,8.443256907836524938e-01,4.754119100567156808e-01,3.973328306600258132e-03,1.000079466566132114e+00,1.000119199849198059e+00,1.000139071226932685e+00,8.443304449437885051e-01,4.753950499332887381e-01,2.540172553808735245e-03,1.000050803451076220e+00,1.000076205176614330e+00,1.000088907975126284e+00,8.444309064519426311e-01,4.750387710945043196e-01,6.426238082132991730e-04,1.000012852476164227e+00,1.000019278714246340e+00,1.000022491957176962e+00,8.445647165601148920e-01,4.745642158427508805e-01,8.708085895402753238e-07,1.000000017416171838e+00,1.000000026124257646e+00,1.000000030478300772e+00,8.446101785859627675e-01,4.744029834174832705e-01
3.160628951191577496e-01,7.598421045898865467e-01,8.456466215454125912e-01,6.915833772314907701e-01,4.743013037894220352e-01,4.077587246070953249e-03,4.067418699322646394e-03,1.000081348373986545e+00,1.000122022560979707e+00,1.000142364617645052e+00,8.453586826665420162e-01,4.753279481184634059e-01,3.987860387355456060e-03,1.000079757207747111e+00,1.000119635811620666e+00,1.000139579884466778e+00,8.453642741360892776e-01,4.753080121808122560e-01,3.920756967375916419e-03,1.000078415139347587e+00,1.000117622709021381e+00,1.000137231105558966e+00,8.453689915041319169e-01,4.752911927694237204e-01,2.506563382174764772e-03,1.000050131267643527e+00,1.000075196901465180e+00,1.000087731603234165e+00,8.454686755421124689e-01,4.749357743021412892e-01,6.341212150198043389e-04,1.000012682424300303e+00,1.000019023636450566e+00,1.000022194363158423e+00,8.456014500780412169e-01,4.744623652440435602e-01,8.592868701585303574e-07,1.000000017185737500e+00,1.000000025778606139e+00,1.000000030075040680e+00,8.456465602633035372e-01,4.743015222950068832e-01
3.137330269762024226e-01,7.611896629421607274e-01,8.466827780903808387e-01,6.905852967363507178e-01,4.741971154923229070e-01,4.023528857910056537e-03,4.013495120109782099e-03,1.000080269902402286e+00,1.000120404853603207e+00,1.000140477161646668e+00,8.463970795478694686e-01,4.752212782659506751e-01,3.934991548078295084e-03,1.000078699830961648e+00,1.000118049746442361e+00,1.000137729349430238e+00,8.464026275133365029e-01,4.752013905064713661e-01,3.868777747990438578e-03,1.000077375554959902e+00,1.000116063332439742e+00,1.000135411711412292e+00,8.464073081781635643e-01,4.751846117420129301e-01,2.473332756295684460e-03,1.000049466655125840e+00,1.000074199982688761e+00,1.000086568481682647e+00,8.465062166242361963e-01,4.748300522692950887e-01,6.257143879640176621e-04,1.000012514287759391e+00,1.000018771431638864e+00,1.000021900121034424e+00,8.466379580901578494e-01,4.743577875675289990e-01,8.478949218407227251e-07,1.000000016957898419e+00,1.000000025436847739e+00,1.000000029676322510e+00,8.466827172850929228e-01,4.741973334696350517e-01
3.114072834731735906e-01,7.625396111508299102e-01,8.477187040213882696e-01,6.895858761931487058e-01,4.740901995203846142e-01,3.970078783572867330e-03,3.960178337728546480e-03,1.000079203566754504e+00,1.000118805350131757e+00,1.000138610946724294e+00,8.474352403978017145e-01,4.751118847243657184e-01,3.882717636746080715e-03,1.000077654352734990e+00,1.000116481529102375e+00,1.000135899639934989e+00,8.474407449643654999e-01,4.750920450658259742e-01,3.817383445743141330e-03,1.000076347668914956e+00,1.000114521503372211e+00,1.000133612792325932e+00,8.474453890147127799e-01,4.750753068831339299e-01,2.440476071441862425e-03,1.000048809521428828e+00,1.000073214282143352e+00,1.000085418449277563e+00,8.475435237441329983e-01,4.747216050268819876e-01,6.174021621215769820e-04,1.000012348043242350e+00,1.000018522064863635e+00,1.000021609190029803e+00,8.476742346382684090e-01,4.742504828426157282e-01,8.366311660176683024e-07,1.000000016732623287e+00,1.000000025098934930e+00,1.000000029282090974e+00,8.477186436917685253e-01,4.740904169702740978e-01
3.090856573080902336e-01,7.638919534542363277e-01,8.487543933790223649e-01,6.885851246885749122e-01,4.739805559836394733e-01,3.917229628184091920e-03,3.907460975744730426e-03,1.000078149219514989e+00,1.000117223829272373e+00,1.000136765714626508e+00,8.484731592656378218e-01,4.749997676069194208e-01,3.831031421206936016e-03,1.000076620628424173e+00,1.000114930942636260e+00,1.000134090502782902e+00,8.484786205383065827e-01,4.749799759720235159e-01,3.766566950177011128e-03,1.000075331339003615e+00,1.000112997008505200e+00,1.000131834099364125e+00,8.484832280627672141e-01,4.749632783058802543e-01,2.407988781855596987e-03,1.000048159775637213e+00,1.000072239663455598e+00,1.000084281346887982e+00,8.485805909477788234e-01,4.746104326868740841e-01,6.091833874870936387e-04,1.000012183667749799e+00,1.000018275501624698e+00,1.000021321529893648e+00,8.487102737643293926e-01,4.741404511798208987e-01,8.254940443366298134e-07,1.000000016509880796e+00,1.000000024764821305e+00,1.000000028892291670e+00,8.487543335239192688e-01,4.739807729069571152e-01
3.067681411918972145e-01,7.652466940982388666e-01,8.497898402041992316e-01,6.875830513522841470e-01,4.738681850733121315e-01,3.864974091539391272e-03,3.855335752158994041e-03,1.000077106715043129e+00,1.000115660072564694e+00,1.000134941210409689e+00,8.495108302010128121e-01,4.748849271079023104e-01,3.779925761896715374e-03,1.000075598515237862e+00,1.000113397772856905e+00,1.000132301688018144e+00,8.495162482846255747e-01,4.748651834192928467e-01,3.716321241864798883e-03,1.000074326424837290e+00,1.000111489637256046e+00,1.000130075386778339e+00,8.495208193716503597e-01,4.748485262044292998e-01,2.375866399975059932e-03,1.000047517327999458e+00,1.000071275991999187e+00,1.000083157017421343e+00,8.496174122814821317e-01,4.744965354423665849e-01,6.010569287778216733e-04,1.000012021138575458e+00,1.000018031707863297e+00,1.000021037100887966e+00,8.497460695106274775e-01,4.740276927708368948e-01,8.144820183952729934e-07,1.000000016289640303e+00,1.000000024434460455e+00,1.000000028506870864e+00,8.497897808224633698e-01,4.738684014709094727e-01
3.044547278484441843e-01,7.666038373362262792e-01,8.508250385383419045e-01,6.865796653565123808e-01,4.737530870618798517e-01,3.813304966859491340e-03,3.803795478164081253e-03,1.000076075909563267e+00,1.000114113864345011e+00,1.000133137182393828e+00,8.505482472540745187e-01,4.747673635027463424e-01,3.729393610620529518e-03,1.000074587872212373e+00,1.000111881808318559e+00,1.000130532948884543e+00,8.505536222533016666e-01,4.747476676830068576e-01,3.666639391211048982e-03,1.000073332787824176e+00,1.000109999181736375e+00,1.000128336411965746e+00,8.505581569911985218e-01,4.747310508541037755e-01,2.344104495668425641e-03,1.000046882089913325e+00,1.000070323134869987e+00,1.000082045305796141e+00,8.506539817920625302e-01,4.743799135676386447e-01,5.930216652399050454e-04,1.000011860433304811e+00,1.000017790649957217e+00,1.000020755863785915e+00,8.507816159199566020e-01,4.739122078885906753e-01,8.035935694791146450e-07,1.000000016071871389e+00,1.000000024107807084e+00,1.000000028125775264e+00,8.508249796288255284e-01,4.737533029346088220e-01
3.021454100144611576e-01,7.679633874291307283e-01,8.518599824235574269e-01,6.855749759156900547e-01,4.736352623031256925e-01,3.762215139560473164e-03,3.752833056918177760e-03,1.000075056661138273e+00,1.000112584991707632e+00,1.000131353382118782e+00,8.515854044756614449e-01,4.746470771480810202e-01,3.679428009350096430e-03,1.000073588560187021e+00,1.000110382840280421e+00,1.000128784041784513e+00,8.515907364950038305e-01,4.746274291197375983e-01,3.617514557269685318e-03,1.000072350291145495e+00,1.000108525436718132e+00,1.000126616935427926e+00,8.515952349719378978e-01,4.746108526114275472e-01,2.312698695477946251e-03,1.000046253973909449e+00,1.000069380960864285e+00,1.000080946058914177e+00,8.516902935270274089e-01,4.742605674182088782e-01,5.850764904571405245e-04,1.000011701529809116e+00,1.000017552294713674e+00,1.000020477779860251e+00,8.518169070357961559e-01,4.737939968872989516e-01,7.928271983023814842e-07,1.000000015856543856e+00,1.000000023784815895e+00,1.000000027748952025e+00,8.518599239851146754e-01,4.736354776518389986e-01
2.998401804395374182e-01,7.693253486454409984e-01,8.528946659028145971e-01,6.845689922860529464e-01,4.735147112321873575e-01,3.711697586040206727e-03,3.702441482334371120e-03,1.000074048829646678e+00,1.000111073244470017e+00,1.000129589564303645e+00,8.526222959174801774e-01,4.745240684817830235e-01,3.630022089036877373e-03,1.000072600441780812e+00,1.000108900662671108e+00,1.000127054726234421e+00,8.526275850612693441e-01,4.745044681673066811e-01,3.568939986577121352e-03,1.000071378799731514e+00,1.000107068199597382e+00,1.000124916720730006e+00,8.526320473652629905e-01,4.744879319141758756e-01,2.281644681873953341e-03,1.000045632893637571e+00,1.000068449340456134e+00,1.000079859125636350e+00,8.527263415347497988e-01,4.741384974308837652e-01,5.772203121622513766e-04,1.000011544406243180e+00,1.000017316609364881e+00,1.000020202810880665e+00,8.528519369024879504e-01,4.736730602025153725e-01,7.821814247522696117e-07,1.000000015643628393e+00,1.000000023465442700e+00,1.000000027376350076e+00,8.528946079343014963e-01,4.735149260577379282e-01
2.975390318860973160e-01,7.706897252612155969e-01,8.539290830201218263e-01,6.835617237652487077e-01,4.733914343655978296e-01,3.661745372480592915e-03,3.652613837885878168e-03,1.000073052276757801e+00,1.000109578415136591e+00,1.000127845486802336e+00,8.536589156322823557e-01,4.743983380230191171e-01,3.581169068440677970e-03,1.000071623381368902e+00,1.000107435072053130e+00,1.000125344764826840e+00,8.536641620046805379e-01,4.743787853448280245e-01,3.520909012000569827e-03,1.000070418180240006e+00,1.000105627270360120e+00,1.000123235534460253e+00,8.536685882236132450e-01,4.743622892814178260e-01,2.250938192518575805e-03,1.000045018763850324e+00,1.000067528145775597e+00,1.000078784356754902e+00,8.537621198646455634e-01,4.740137041238012272e-01,5.694520520506196962e-04,1.000011389041040921e+00,1.000017083561561604e+00,1.000019930919104461e+00,8.538866995654145198e-01,4.735493983511737670e-01,7.716547876365363181e-07,1.000000015433095690e+00,1.000000023149643535e+00,1.000000027007917680e+00,8.539290255203962898e-01,4.733916486688395930e-01
2.952419571293782852e-01,7.720565215600969644e-01,8.549632278207051073e-01,6.825531796919412919e-01,4.732654323013220643e-01,3.612351653665530314e-03,3.603343295426963012e-03,1.000072066865908438e+00,1.000108100298862768e+00,1.000126120910564520e+00,8.546952576740431962e-01,4.742698863722846769e-01,3.532862252973624148e-03,1.000070657245059502e+00,1.000105985867589142e+00,1.000123653923188582e+00,8.547004613790428751e-01,4.742503812527459894e-01,3.473415051601471022e-03,1.000069468301032050e+00,1.000104202451548074e+00,1.000121573146189879e+00,8.547048516006510166e-01,4.742339253135548494e-01,2.220575019539120561e-03,1.000044411500390806e+00,1.000066617250586098e+00,1.000077721604969883e+00,8.547976225673520334e-01,4.738861880964667650e-01,5.617706455964636145e-04,1.000011235412912036e+00,1.000016853119367832e+00,1.000019662067271664e+00,8.549211890711766459e-01,4.734230119316230612e-01,7.612458444344054818e-07,1.000000015224916883e+00,1.000000022837375324e+00,1.000000026643604878e+00,8.549631707886268250e-01,4.732656460831095036e-01
2.929489489574077510e-01,7.734257418333242429e-01,8.559970943511857611e-01,6.815433694454114955e-01,4.731367057187866321e-01,3.563509671814385667e-03,3.554623114029312712e-03,1.000071092462280653e+00,1.000106638693420980e+00,1.000124415599594752e+00,8.557313160981383504e-01,4.741387142114348863e-01,3.485095033559301725e-03,1.000069701900671237e+00,1.000104552851006856e+00,1.000121981969940954e+00,8.557364772395628094e-01,4.741192565728666874e-01,3.426451607513832272e-03,1.000068529032150266e+00,1.000102793548225399e+00,1.000119929328434187e+00,8.557408315514394292e-01,4.741028406923519789e-01,2.190551008810989915e-03,1.000043811020176143e+00,1.000065716530264437e+00,1.000076670724862504e+00,8.558328436949049767e-01,4.737559500297852111e-01,5.541750418714257729e-04,1.000011083500837339e+00,1.000016625251256119e+00,1.000019396218598366e+00,8.559553994677715494e-01,4.732939016236578089e-01,7.509531710507396552e-07,1.000000015019063326e+00,1.000000022528595212e+00,1.000000026283361043e+00,8.559970377856165324e-01,4.731369189799743968e-01
2.906600001709813696e-01,7.747973903797468198e-01,8.570306766597586279e-01,6.805323024451543912e-01,4.730052553789027558e-01,3.515212755430763281e-03,3.506446638833679401e-03,1.000070128932776692e+00,1.000105193399164927e+00,1.000122729320909398e+00,8.567670849615226514e-01,4.740048223037098829e-01,3.437860885506859292e-03,1.000068757217710047e+00,1.000103135826565293e+00,1.000120328676658898e+00,8.567722036430247545e-01,4.739854120683832384e-01,3.380012264837272285e-03,1.000067600245296839e+00,1.000101400367945148e+00,1.000118303856614155e+00,8.567765221326198999e-01,4.739690361809624219e-01,2.160862059249998076e-03,1.000043217241185056e+00,1.000064825861777473e+00,1.000075631572871160e+00,8.568677773009165666e-01,4.736229906860844330e-01,5.466642033655415116e-04,1.000010933284067205e+00,1.000016399926100918e+00,1.000019133336770061e+00,8.569893248047705248e-01,4.731620681885422286e-01,7.407753615734365939e-07,1.000000014815507265e+00,1.000000022223260787e+00,1.000000025927137770e+00,8.570306205595619176e-01,4.730054681203458289e-01
2.883751035836394916e-01,7.761714715058380953e-01,8.580639687963701467e-01,6.795199881504739858e-01,4.728710821240839635e-01,3.467454318166398198e-03,3.458807299916606681e-03,1.000069176145998329e+00,1.000103764218997604e+00,1.000121061844501558e+00,8.578025583229067497e-01,4.738682114937541323e-01,3.391153367399900483e-03,1.000067823067348094e+00,1.000101734601021919e+00,1.000118693817835247e+00,8.578076346479698300e-01,4.738488485838948661e-01,3.334090690544613302e-03,1.000066681813810865e+00,1.000100022720716408e+00,1.000116696509017356e+00,8.578119174025902183e-01,4.738325126239475993e-01,2.131504122113987536e-03,1.000042630082442319e+00,1.000063945123663478e+00,1.000074604007267220e+00,8.579024174407539061e-01,4.734873109091344845e-01,5.392371058105578261e-04,1.000010784742116243e+00,1.000016177113174365e+00,1.000018873385936313e+00,8.580229591334971317e-01,4.730275124690273558e-01,7.307110280340127469e-07,1.000000014614220500e+00,1.000000021921330751e+00,1.000000025574885987e+00,8.580639131604111958e-01,4.728712943466382157e-01
2.860942520216440688e-01,7.775479895257091378e-01,8.590969648128959912e-01,6.785064360600751021e-01,4.727341868782581891e-01,3.420227857699951503e-03,3.411698611172021747e-03,1.000068233972223330e+00,1.000102350958335107e+00,1.000119412943297315e+00,8.588377302429364146e-01,4.737288827076296949e-01,3.344966119999952681e-03,1.000066899322400005e+00,1.000100348983600007e+00,1.000117077170839419e+00,8.588427643148737189e-01,4.737095670454204988e-01,3.288680632403799022e-03,1.000065773612648146e+00,1.000098660418972107e+00,1.000115107066760434e+00,8.588470114216822937e-01,4.736932709472899128e-01,2.102473200313606082e-03,1.000042049464006322e+00,1.000063074196009483e+00,1.000073587888129056e+00,8.589367581717162192e-01,4.733489116241601513e-01,5.318927380055711064e-04,1.000010637854760187e+00,1.000015956782140059e+00,1.000018616330703214e+00,8.590562965072051638e-01,4.728902353893637001e-01,7.207588001713272281e-07,1.000000014415175942e+00,1.000000021622764024e+00,1.000000025226558176e+00,8.590969096400422611e-01,4.727343985827796025e-01
2.838174383239580045e-01,7.789269487611215625e-01,8.601296587633199264e-01,6.774916557116514859e-01,4.725945706468723806e-01,3.373526954630670909e-03,3.365114169207652009e-03,1.000067302283384141e+00,1.000100953425076211e+00,1.000117782393120436e+00,8.598725947843688378e-01,4.735868369528230537e-01,3.299292865164470557e-03,1.000065985857303330e+00,1.000098978785954884e+00,1.000115478515880785e+00,8.598775867063236378e-01,4.735675684604053748e-01,3.243775917914106226e-03,1.000064875518358321e+00,1.000097313277537481e+00,1.000113535313751800e+00,8.598817982523404568e-01,4.735513121583998508e-01,2.073765347732218437e-03,1.000041475306954641e+00,1.000062212960431962e+00,1.000072583077321609e+00,8.599707935532137082e-01,4.732077938378471682e-01,5.246301016449758528e-04,1.000010492602033008e+00,1.000015738903049289e+00,1.000018362136128713e+00,8.600893309812569498e-01,4.727502379553057965e-01,7.109173251984381145e-07,1.000000014218346500e+00,1.000000021327519750e+00,1.000000024882106597e+00,8.601296040524404329e-01,4.725947818342176587e-01
2.815446553422213949e-01,7.803083535415016314e-01,8.611620447039113335e-01,6.764756566814712491e-01,4.724522345168922222e-01,3.327345271386524146e-03,3.319047652255884603e-03,1.000066380953045009e+00,1.000099571429567735e+00,1.000116169972652180e+00,8.609071460122519337e-01,4.734420753182463359e-01,3.254127404778997101e-03,1.000065082548095674e+00,1.000097623822143289e+00,1.000113897635970917e+00,8.609120958871974150e-01,4.734228539177219863e-01,3.199370453256272784e-03,1.000063987409065103e+00,1.000095981113597654e+00,1.000111981036655218e+00,8.609162719592983182e-01,4.734066373461164323e-01,2.045376668554718756e-03,1.000040907533371159e+00,1.000061361300056628e+00,1.000071589438469299e+00,8.610045176469443007e-01,4.730639586383423301e-01,5.174482111486643048e-04,1.000010348964222917e+00,1.000015523446334376e+00,1.000018110767715962e+00,8.611220566133012122e-01,4.726075212541126502e-01,7.011852675725091232e-07,1.000000014023705308e+00,1.000000021035557962e+00,1.000000024541484622e+00,8.611619904538770909e-01,4.724524451879181797e-01
2.792758959407291020e-01,7.816922082039537978e-01,8.621941166934034007e-01,6.754584485839604246e-01,4.723071796567949177e-01,3.281676551146770447e-03,3.273492819099023225e-03,1.000065469856382006e+00,1.000098204784573008e+00,1.000114575463394884e+00,8.619413779941014209e-01,4.732945989742317616e-01,3.209463619703443148e-03,1.000064189272394044e+00,1.000096283908591177e+00,1.000112334316886509e+00,8.619462859248403497e-01,4.732754245876646948e-01,3.155458222256509945e-03,1.000063109164445185e+00,1.000094663746667667e+00,1.000110444024854051e+00,8.619504266097580691e-01,4.732592476807025994e-01,2.017303316605216675e-03,1.000040346066332075e+00,1.000060519099498224e+00,1.000070606836934939e+00,8.620379245170729510e-01,4.729174071952482739e-01,5.103460934944714514e-04,1.000010206921869926e+00,1.000015310382804889e+00,1.000017862191408424e+00,8.621544674634511463e-01,4.724620864545407417e-01,6.915613087677585117e-07,1.000000013831226164e+00,1.000000020746839358e+00,1.000000024204646065e+00,8.621940629030871994e-01,4.723073898123588132e-01
2.770111529964085495e-01,7.830785170932742512e-01,8.632258687931713137e-01,6.744400410712818594e-01,4.721594073165568672e-01,3.236514616778739424e-03,3.228443508008717669e-03,1.000064568870160153e+00,1.000096853305240341e+00,1.000112998649634655e+00,8.629752848000791232e-01,4.731444091725205414e-01,3.165295468732263768e-03,1.000063305909374645e+00,1.000094958864061967e+00,1.000110788347134072e+00,8.629801508892440687e-01,4.731252817219390172e-01,3.112033285364172123e-03,1.000062240665707369e+00,1.000093360998560943e+00,1.000108924070413297e+00,8.629842562735673406e-01,4.731091444138331714e-01,1.989541494693456390e-03,1.000039790829893915e+00,1.000059686244840762e+00,1.000069635139796853e+00,8.630710082304086095e-01,4.727681407596107110e-01,5.033227880528293218e-04,1.000010066455760960e+00,1.000015099683641662e+00,1.000017616373581886e+00,8.631865575944623892e-01,4.723139348068313703e-01,6.820441470514019229e-07,1.000000013640882868e+00,1.000000020461324413e+00,1.000000023871545185e+00,8.632258154614479428e-01,4.721596169575161817e-01
2.747504193987975185e-01,7.844672845619644619e-01,8.642572950674104471e-01,6.734204438329124409e-01,4.720089188276337389e-01,3.191853369788681585e-03,3.183893635699433337e-03,1.000063677872713885e+00,1.000095516809071050e+00,1.000111439318402962e+00,8.640088605031702729e-01,4.729915072462454462e-01,3.121616987568392749e-03,1.000062432339751339e+00,1.000093648509627009e+00,1.000109259517912630e+00,8.640136848532234959e-01,4.729724266536433075e-01,3.069089778642962712e-03,1.000061381795572801e+00,1.000092072693359313e+00,1.000107420968046057e+00,8.640177550233973935e-01,4.729563288785778585e-01,1.962087453969886368e-03,1.000039241749079322e+00,1.000058862623619094e+00,1.000068674215824904e+00,8.641037628565825246e-01,4.726161606639012192e-01,4.963773464236100616e-04,1.000009927546928523e+00,1.000014891320392785e+00,1.000017373281042010e+00,8.642183210719114328e-01,4.721630676426918916e-01,6.726324972625610102e-07,1.000000013452649883e+00,1.000000020178974935e+00,1.000000023542137573e+00,8.642572421931564719e-01,4.720091279548468410e-01
2.724936880500212766e-01,7.858585149702450590e-01,8.652883895833138883e-01,6.723996665952178819e-01,4.718557156029365429e-01,3.147686789286440693e-03,3.139837196295701405e-03,1.000062796743925952e+00,1.000094195115888818e+00,1.000109897259443548e+00,8.650420991793621450e-01,4.728358946099070481e-01,3.078422287810700115e-03,1.000061568445756111e+00,1.000092352668634277e+00,1.000107747623078414e+00,8.650468818925950432e-01,4.728168607972456083e-01,3.026621912775423560e-03,1.000060532438255434e+00,1.000090798657383262e+00,1.000105934515079120e+00,8.650509169349208660e-01,4.728008024893771699e-01,1.934937493289225511e-03,1.000038698749865729e+00,1.000058048124798704e+00,1.000067723935459840e+00,8.651361824682263224e-01,4.724614683219922062e-01,4.895088322751174658e-04,1.000009790176645597e+00,1.000014685264968284e+00,1.000017132881015458e+00,8.652497519643730373e-01,4.720094863752709036e-01,6.633250905940845846e-07,1.000000013266501897e+00,1.000000019899752735e+00,1.000000023216378597e+00,8.652883371654079836e-01,4.718559242172615797e-01
2.702409518647712616e-01,7.872522126860692637e-01,8.663191464112509621e-01,6.713777191210233974e-01,4.716997991367991583e-01,3.104008930963875548e-03,3.096268260313092806e-03,1.000061925365206328e+00,1.000092888047809492e+00,1.000108372265174239e+00,8.660749949078208054e-01,4.726775727593442999e-01,3.035705555954890719e-03,1.000060714111119076e+00,1.000091071166678613e+00,1.000106252459110889e+00,8.660797360863548011e-01,4.726585856485540083e-01,2.984623972080649099e-03,1.000059692479441598e+00,1.000089538719162396e+00,1.000104464511416991e+00,8.660837360869897417e-01,4.726425667420133814e-01,1.908087958582481555e-03,1.000038161759171595e+00,1.000057242638757504e+00,1.000066784170790202e+00,8.661682611411494204e-01,4.723040652291277119e-01,4.827163211852184541e-04,1.000009654326423636e+00,1.000014481489635454e+00,1.000016895141145890e+00,8.662808443435985328e-01,4.718531924991271609e-01,6.541206743772668269e-07,1.000000013082413597e+00,1.000000019623620284e+00,1.000000022894223850e+00,8.663190944485732459e-01,4.717000072390946652e-01
2.679922037702817672e-01,7.886483820851368787e-01,8.673495596249444217e-01,6.703546112091830489e-01,4.715411710049418059e-01,3.060813926086767504e-03,3.053180973652635903e-03,1.000061063619473112e+00,1.000091595429209557e+00,1.000106864130652085e+00,8.671075417710697453e-01,4.725165432716983971e-01,2.993461052407596704e-03,1.000059869221048059e+00,1.000089803831572199e+00,1.000104773825076787e+00,8.671122415168553976e-01,4.724976027846804483e-01,2.943090313544968403e-03,1.000058861806270905e+00,1.000088292709406357e+00,1.000103010759508360e+00,8.671162065618128745e-01,4.724816232135736760e-01,1.881535242237258833e-03,1.000037630704844638e+00,1.000056446057267179e+00,1.000065854795530784e+00,8.671999929545169961e-01,4.721439529618855491e-01,4.759989004845697688e-04,1.000009519978009687e+00,1.000014279967014641e+00,1.000016660029489524e+00,8.673115922846934556e-01,4.716941875901925485e-01,6.450180118694082484e-07,1.000000012900360336e+00,1.000000019350540281e+00,1.000000022575630698e+00,8.673495081163772324e-01,4.715413785960668736e-01
2.657474367063090703e-01,7.900470275509076101e-01,8.683796233016489730e-01,6.693303526941457582e-01,4.713798328644276947e-01,3.018095980500087958e-03,3.010569556608566795e-03,1.000060211391132103e+00,1.000090317086698155e+00,1.000105372653540048e+00,8.681397338551668508e-01,4.723528078053710888e-01,2.951683110513533739e-03,1.000059033662210162e+00,1.000088550493315465e+00,1.000103311522597904e+00,8.681443922699838556e-01,4.723339138639990331e-01,2.902015365865468974e-03,1.000058040307317375e+00,1.000087060460975952e+00,1.000101573064313243e+00,8.681483224451334024e-01,4.723179735624090658e-01,1.855275782486279961e-03,1.000037105515649616e+00,1.000055658273474535e+00,1.000064935685001322e+00,8.682313719910276228e-01,4.719811331781362806e-01,4.693556691019238995e-04,1.000009387113381942e+00,1.000014080670073024e+00,1.000016427514506923e+00,8.683419898662954051e-01,4.715324733057288387e-01,6.360158820441911294e-07,1.000000012720317688e+00,1.000000019080476532e+00,1.000000022260556287e+00,8.683795722460764255e-01,4.713800399452413026e-01
2.635066436251070066e-01,7.914481534746155011e-01,8.694093315223281326e-01,6.683049534455185459e-01,4.712157864536126173e-01,2.975849373646441507e-03,2.968428302889218433e-03,1.000059368566057705e+00,1.000089052849086668e+00,1.000103897634071037e+00,8.691715652498820388e-01,4.721863680999763835e-01,2.910366135595541907e-03,1.000058207322712001e+00,1.000087310984067779e+00,1.000101865355815134e+00,8.691761824353395616e-01,4.721675206260977919e-01,2.861393628506193540e-03,1.000057227872570120e+00,1.000085841808855180e+00,1.000100151233269674e+00,8.691800778264064942e-01,4.721516195280855976e-01,1.829306062804004563e-03,1.000036586121256121e+00,1.000054879181884182e+00,1.000064026716106502e+00,8.692623923370909056e-01,4.718156076169937596e-01,4.627857374114832298e-04,1.000009255714748191e+00,1.000013883572122397e+00,1.000016197565060549e+00,8.693720311707514581e-01,4.713680513842783970e-01,6.271130793848323803e-07,1.000000012542261674e+00,1.000000018813392400e+00,1.000000021948958207e+00,8.694092809186362292e-01,4.712159930249742446e-01
2.612698174914072080e-01,7.928517642552821432e-01,8.704386783718324194e-01,6.672784233676279930e-01,4.710490335920903271e-01,2.934068457597597580e-03,2.926751578650970461e-03,1.000058535031572937e+00,1.000087802547359628e+00,1.000102438875015265e+00,8.702030300488745596e-01,4.720172259762865363e-01,2.869504604007430595e-03,1.000057390092080167e+00,1.000086085138120140e+00,1.000100435131357157e+00,8.702076061064112356e-01,4.719984248917246106e-01,2.821219670766920550e-03,1.000056424393415355e+00,1.000084636590123033e+00,1.000098745076261064e+00,8.702114667989767627e-01,4.719825629313305626e-01,1.803622611311296239e-03,1.000036072452226144e+00,1.000054108678339437e+00,1.000063127767312432e+00,8.702930480830046722e-01,4.716473780987603392e-01,4.562882270822897729e-04,1.000009125764541595e+00,1.000013688646812504e+00,1.000015970150407441e+00,8.704017102842962483e-01,4.712009236456090600e-01,6.183084136799939170e-07,1.000000012366168312e+00,1.000000018549252356e+00,1.000000021640794712e+00,8.704386282189091606e-01,4.710492396548596750e-01
2.590369512823964548e-01,7.942578642997304428e-01,8.714676579390768785e-01,6.662507723990784836e-01,4.708795761806306990e-01,2.892747656098774468e-03,2.885533821544912416e-03,1.000057710676430789e+00,1.000086566014646294e+00,1.000100996181645607e+00,8.712341223498706322e-01,4.718453833361718197e-01,2.829093062199290829e-03,1.000056581861243910e+00,1.000084872791866086e+00,1.000099020658307136e+00,8.712386573807539003e-01,4.718266285627267798e-01,2.781488130864206119e-03,1.000055629762617304e+00,1.000083444643925956e+00,1.000097354405583339e+00,8.712424834602552348e-01,4.718108056739718781e-01,1.778222000187925939e-03,1.000035564440003855e+00,1.000053346660005671e+00,1.000062238718628871e+00,8.713233333231323874e-01,4.714764465248667547e-01,4.498622709295983465e-04,1.000008997245418696e+00,1.000013495868127933e+00,1.000015745240195431e+00,8.714310212972286029e-01,4.710310919906520732e-01,6.096007098223808841e-07,1.000000012192014287e+00,1.000000018288021320e+00,1.000000021336025169e+00,8.714676082358117082e-01,4.708797817356674686e-01
2.568080379876931385e-01,7.956664580225990546e-01,8.724962643172172738e-01,6.652220105123078930e-01,4.707074162011111729e-01,2.851881463625668793e-03,2.844769539776228519e-03,1.000056895390795564e+00,1.000085343086193346e+00,1.000099569361706520e+00,8.722648362548401924e-01,4.716708421625340764e-01,2.789126125795275083e-03,1.000055782522515813e+00,1.000083673783773941e+00,1.000097621748170074e+00,8.722693303601666281e-01,4.716521336219846594e-01,2.742193715024681365e-03,1.000054843874300436e+00,1.000082265811450766e+00,1.000095979035913851e+00,8.722731219118967649e-01,4.716363497388719739e-01,1.753100845092913675e-03,1.000035062016901843e+00,1.000052593025352765e+00,1.000061359451586807e+00,8.723532421560806771e-01,4.713028148778043436e-01,4.435070127682311822e-04,1.000008870140255413e+00,1.000013305210383008e+00,1.000015522804456491e+00,8.724599583040892892e-01,4.708585584014354231e-01,6.009888076100253966e-07,1.000000012019776063e+00,1.000000018029664206e+00,1.000000021034608055e+00,8.724962150625019675e-01,4.707076212492755096e-01
2.545830706093272777e-01,7.970775498463557041e-01,8.735244916038286123e-01,6.641921477131417229e-01,4.705325557164439232e-01,2.811464444454051317e-03,2.804453311176111074e-03,1.000056089066223564e+00,1.000084133599335345e+00,1.000098158225378731e+00,8.732951658701737507e-01,4.714936045192341108e-01,2.749598478683668891e-03,1.000054991969573592e+00,1.000082487954360611e+00,1.000096238214841282e+00,8.732996191508691775e-01,4.714749421333391810e-01,2.703331196590433826e-03,1.000054066623931703e+00,1.000081099935897777e+00,1.000094618784280298e+00,8.733033762599768934e-01,4.714591971898549061e-01,1.728255804592591059e-03,1.000034565116091789e+00,1.000051847674137795e+00,1.000060489849221135e+00,8.733827686848756322e-01,4.711264852210526599e-01,4.372216072678877298e-04,1.000008744432145269e+00,1.000013116648218015e+00,1.000015302813603180e+00,8.734885154038379840e-01,4.706833249410092845e-01,5.924715615502185292e-07,1.000000011849431214e+00,1.000000017774146821e+00,1.000000020736504514e+00,8.735244427965566105e-01,4.705327602585960833e-01
2.523620421617167597e-01,7.984911442013111760e-01,8.745523339010811137e-01,6.631611940403441263e-01,4.703549968704952566e-01,2.771491231741651969e-03,2.764579782285937065e-03,1.000055291595645768e+00,1.000082937393468541e+00,1.000096762585250376e+00,8.743251053068594736e-01,4.713136725510134184e-01,2.710504872118975426e-03,1.000054210097442331e+00,1.000081315146163607e+00,1.000094869874575076e+00,8.743295178636787401e-01,4.712950562415131883e-01,2.664895415136203649e-03,1.000053297908302774e+00,1.000079946862454161e+00,1.000093273470030075e+00,8.743332406151684832e-01,4.712793501716281419e-01,1.703683579596221385e-03,1.000034073671592028e+00,1.000051110507387930e+00,1.000059629796047345e+00,8.744119070171406660e-01,4.709474596990002038e-01,4.310052198103646098e-04,1.000008620104396284e+00,1.000012930156594315e+00,1.000015085238423085e+00,8.745166867000303546e-01,4.705053937533668074e-01,5.840478406660324273e-07,1.000000011680956868e+00,1.000000017521435192e+00,1.000000020441674353e+00,8.745522855401479667e-01,4.703552009074958296e-01
2.501449456716473563e-01,7.999072455256333036e-01,8.755797853159177357e-01,6.621291595651663808e-01,4.701747418880002360e-01,2.731956526622323668e-03,2.725143667453689723e-03,1.000054502873349183e+00,1.000081754310023552e+00,1.000095382256283472e+00,8.753546486806599303e-01,4.711310484834091983e-01,2.671840123836013471e-03,1.000053436802476714e+00,1.000080155203715071e+00,1.000093516545953243e+00,8.753590206141866892e-01,4.711124781720269494e-01,2.626881275598388042e-03,1.000052537625512050e+00,1.000078806438267964e+00,1.000091942914797638e+00,8.753627090929189114e-01,4.710968109096974610e-01,1.679380912799165746e-03,1.000033587618256004e+00,1.000050381427384005e+00,1.000058779178043977e+00,8.754406512652721517e-01,4.707657405368591563e-01,4.248570263486858216e-04,1.000008497140526975e+00,1.000012745710790352e+00,1.000014870050073279e+00,8.755444663009944728e-01,4.703247670633585731e-01,5.757165283054294677e-07,1.000000011514330600e+00,1.000000017271495789e+00,1.000000020150078495e+00,8.755797374002206590e-01,4.701749454207095336e-01
2.479317741782487428e-01,8.013258582653610684e-01,8.766068399602299221e-01,6.610960543908939169e-01,4.699917930744698102e-01,2.692855097312232566e-03,2.686139747942376584e-03,1.000053722794958855e+00,1.000080584192438282e+00,1.000094017055781936e+00,8.763837901122880636e-01,4.709457346226638697e-01,2.633599117175777684e-03,1.000052671982343488e+00,1.000079007973515344e+00,1.000092178049854619e+00,8.763881215229352151e-01,4.709272102311071739e-01,2.589283747415608086e-03,1.000051785674948235e+00,1.000077678512422574e+00,1.000090626942476524e+00,8.763917758136254843e-01,4.709115817102764168e-01,1.655344588133443639e-03,1.000033106891762724e+00,1.000049660337644086e+00,1.000057937882634418e+00,8.764689955466166138e-01,4.705813300405744526e-01,4.187762132681029830e-04,1.000008375524265469e+00,1.000012563286398093e+00,1.000014657220076542e+00,8.765718483200077848e-01,4.701414471766002245e-01,5.674765219529060597e-07,1.000000011349530427e+00,1.000000017024295751e+00,1.000000019861678302e+00,8.766067924886681295e-01,4.699919961037487548e-01
2.457225207329745142e-01,8.027469868744180337e-01,8.776334919510349053e-01,6.600618886523906825e-01,4.698061528160940026e-01,2.654181778227970596e-03,2.647562871050344706e-03,1.000052951257420997e+00,1.000079426886131495e+00,1.000092666803363395e+00,8.774125237275836042e-01,4.707577333556283161e-01,2.595776800222954466e-03,1.000051915536004365e+00,1.000077873304006770e+00,1.000090854209425117e+00,8.774168147155927411e-01,4.707392548055903680e-01,2.552097863680740774e-03,1.000051041957273679e+00,1.000076562935910518e+00,1.000089325379189820e+00,8.774204349028129624e-01,4.707236649601895806e-01,1.631571430225620166e-03,1.000032631428604546e+00,1.000048947142906819e+00,1.000057105798665580e+00,8.774969339836468096e-01,4.703942305967264703e-01,4.127619772489495020e-04,1.000008255239545063e+00,1.000012382859317484e+00,1.000014446720315586e+00,8.775988268754729704e-01,4.699554364793749328e-01,5.593267330436488524e-07,1.000000011186534588e+00,1.000000016779801992e+00,1.000000019576435584e+00,8.776334449225092760e-01,4.698063553428033501e-01
2.435171783995784267e-01,8.041706358146271105e-01,8.786597354106508995e-01,6.590266725156408434e-01,4.696178235796364953e-01,2.615931469116362235e-03,2.609407949243254098e-03,1.000052188158984778e+00,1.000078282238477279e+00,1.000091331320926313e+00,8.784408436576893742e-01,4.705670471496589680e-01,2.558368184954877469e-03,1.000051167363699145e+00,1.000076751045548606e+00,1.000089544850047751e+00,8.784450943231312259e-01,4.705486143628202500e-01,2.515318720304194223e-03,1.000050306374406173e+00,1.000075459561609037e+00,1.000088038053259076e+00,8.784486804913084201e-01,4.705330631267695130e-01,1.608058303861884539e-03,1.000032161166077183e+00,1.000048241749115885e+00,1.000056282816390585e+00,8.785244607041378107e-01,4.702044446724271687e-01,4.068135251313135517e-04,1.000008136270502668e+00,1.000012204405754002e+00,1.000014238523028842e+00,8.786253960910948013e-01,4.697667374385298134e-01,5.512660867801553836e-07,1.000000011025321767e+00,1.000000016537982539e+00,1.000000019294313036e+00,8.786596888240644221e-01,4.696180256046371126e-01
2.413157402540944130e-01,8.055968095557237696e-01,8.796855644668738483e-01,6.579904161772894833e-01,4.694268079123255499e-01,2.578099134195963732e-03,2.571669959297719337e-03,1.000051433399185896e+00,1.000077150098778844e+00,1.000090010432621135e+00,8.794687440392265909e-01,4.703736785525091113e-01,2.521368346401920563e-03,1.000050427366927952e+00,1.000075641050392150e+00,1.000088249799313544e+00,8.794729544820004685e-01,4.703552914505382820e-01,2.478941475188426499e-03,1.000049578829503849e+00,1.000074368244255663e+00,1.000086764795176997e+00,8.794765067154176608e-01,4.703397787577480726e-01,1.584802113460313799e-03,1.000031696042269269e+00,1.000047544063403793e+00,1.000055468827450333e+00,8.795515698413424177e-01,4.700119748152115640e-01,4.009300737815292516e-04,1.000008018601475701e+00,1.000012027902213552e+00,1.000014032600806013e+00,8.796515500960553346e-01,4.695753526013655144e-01,5.432935219513186416e-07,1.000000010865870426e+00,1.000000016298805638e+00,1.000000019015273356e+00,8.796855183211311768e-01,4.694270094364786372e-01
2.391181993848143783e-01,8.070255125753704739e-01,8.807109732531526181e-01,6.569531298641798633e-01,4.692331084417375453e-01,2.540679801309938222e-03,2.534343941456297569e-03,1.000050686878829032e+00,1.000076030318243658e+00,1.000088703964820747e+00,8.804962190144708378e-01,4.701776301922137580e-01,2.484772421819010819e-03,1.000049695448436360e+00,1.000074543172654540e+00,1.000086968886991778e+00,8.805003893343050780e-01,4.701592886967690954e-01,2.442961347413401870e-03,1.000048859226948306e+00,1.000073288840422459e+00,1.000085505437577460e+00,8.805039077171005202e-01,4.701438144811413422e-01,1.561799802550131169e-03,1.000031235996051038e+00,1.000046853994076557e+00,1.000054663724854853e+00,8.805782555341675755e-01,4.698168236529222108e-01,3.951108499604372680e-04,1.000007902216999200e+00,1.000011853325498912e+00,1.000013828926582526e+00,8.806772830251899942e-01,4.693812845955203650e-01,5.354079907539088372e-07,1.000000010708159914e+00,1.000000016062239760e+00,1.000000018739279684e+00,8.807109275471606269e-01,4.692333094659041914e-01
2.369245488922659959e-01,8.084567493591707787e-01,8.817359559087646348e-01,6.559148238328897929e-01,4.690367278756749636e-01,2.503668561090219985e-03,2.497424998593735738e-03,1.000049948499971864e+00,1.000074922749957906e+00,1.000087411746090282e+00,8.815232627315267022e-01,4.699789047769687422e-01,2.448575609868186044e-03,1.000048971512197404e+00,1.000073457268296107e+00,1.000085701945002237e+00,8.815273930279784453e-01,4.699606088096998646e-01,2.407373616432903832e-03,1.000048147472328619e+00,1.000072221208492929e+00,1.000084259815209320e+00,8.815308776441462824e-01,4.699451730051286691e-01,1.539048353257903073e-03,1.000030780967065214e+00,1.000046171450597710e+00,1.000053867402965091e+00,8.816045119273491215e-01,4.696189938935871888e-01,3.893550901934004658e-04,1.000007787101803824e+00,1.000011680652705737e+00,1.000013627473635758e+00,8.817025890191624304e-01,4.691845361288489169e-01,5.276084586164341722e-07,1.000000010552169138e+00,1.000000015828253819e+00,1.000000018466296048e+00,8.817359106414316416e-01,4.690369284007160910e-01
2.347347818891905025e-01,8.098905244006834314e-01,8.827605065789907446e-01,6.548755083692652246e-01,4.688376690020378823e-01,2.467060566132880679e-03,2.460908295394394641e-03,1.000049218165907972e+00,1.000073827248861846e+00,1.000086133607159811e+00,8.825498693445036347e-01,4.697775050950045994e-01,2.412773169812108386e-03,1.000048255463396263e+00,1.000072383195094394e+00,1.000084448807385895e+00,8.825539597169588246e-01,4.697592545775527428e-01,2.372173621281615987e-03,1.000047443472425579e+00,1.000071165208638480e+00,1.000083027764907095e+00,8.825574106503486504e-01,4.697438571179260447e-01,1.516544785800622366e-03,1.000030330895715913e+00,1.000045496343574092e+00,1.000053079757475594e+00,8.826303331716268685e-01,4.694184883252937590e-01,3.836620406420621987e-04,1.000007673240812744e+00,1.000011509861219228e+00,1.000013428215581257e+00,8.827274622246406022e-01,4.689851099892938247e-01,5.198939040253626073e-07,1.000000010397878114e+00,1.000000015596817171e+00,1.000000018196286700e+00,8.827604617492275096e-01,4.688378690288150796e-01
2.325488915005229362e-01,8.113268422014362491e-01,8.837846194152907398e-01,6.538351937879522957e-01,4.686359346886909139e-01,2.430851030184493292e-03,2.424789057540641633e-03,1.000048495781150848e+00,1.000072743671726272e+00,1.000084869380894581e+00,8.835760330136899210e-01,4.695734340144525065e-01,2.377360420718331070e-03,1.000047547208414267e+00,1.000071320812621511e+00,1.000083209310277832e+00,8.835800835613634163e-01,4.695552288684528008e-01,2.337356759792781711e-03,1.000046747135195924e+00,1.000070120702793774e+00,1.000081809125563659e+00,8.835835008956801628e-01,4.695398696876526001e-01,1.494286157985552643e-03,1.000029885723159762e+00,1.000044828584739642e+00,1.000052300685396744e+00,8.836557134239195754e-01,4.692153098160542490e-01,3.780309569778145490e-04,1.000007560619139646e+00,1.000011340928709247e+00,1.000013231126366309e+00,8.837518967944705262e-01,4.687830090447517861e-01,5.122633183536610061e-07,1.000000010245266413e+00,1.000000015367899620e+00,1.000000017929216334e+00,8.837845750220093555e-01,4.686361342180654366e-01
2.303668708633692663e-01,8.127657072709403296e-01,8.848082885754768867e-01,6.527938904319274815e-01,4.684315278833225960e-01,2.395035227339335510e-03,2.389062570912055435e-03,1.000047781251418133e+00,1.000071671877127422e+00,1.000083618902267935e+00,8.846017479057276534e-01,4.693666944832063370e-01,2.342332740674166885e-03,1.000046846654813582e+00,1.000070269982220150e+00,1.000081983291880361e+00,8.846057587276626721e-01,4.693485346302884720e-01,2.302918487826283861e-03,1.000046058369756574e+00,1.000069087554634750e+00,1.000080603738103813e+00,8.846091425464672753e-01,4.693332136621926609e-01,1.472269564716734754e-03,1.000029445391294347e+00,1.000044168086941410e+00,1.000051530085038554e+00,8.846806468474993634e-01,4.690094613136674417e-01,3.724611042569523928e-04,1.000007449222085176e+00,1.000011173833127653e+00,1.000013036180267267e+00,8.847758868878516925e-01,4.685782362429340986e-01,5.047157056916178795e-07,1.000000010094314051e+00,1.000000015141471188e+00,1.000000017665049645e+00,8.848082446175916660e-01,4.684317269161555886e-01
2.281887131269846325e-01,8.142071241267042625e-01,8.858315082238891192e-01,6.517516086720256396e-01,4.682244516132993417e-01,2.359608491247327123e-03,2.353724180795338950e-03,1.000047074483615850e+00,1.000070611725423886e+00,1.000082382008333104e+00,8.856270081937863692e-01,4.691572895287777212e-01,2.307685566012056093e-03,1.000046153711320329e+00,1.000069230566980272e+00,1.000080770592434387e+00,8.856309793888552662e-01,4.691391748905670012e-01,2.268854318507045227e-03,1.000045377086370202e+00,1.000068065629555303e+00,1.000079411445457866e+00,8.856343297755638888e-01,4.691238920690500303e-01,1.450492137508092643e-03,1.000029009842750227e+00,1.000043514764125341e+00,1.000050767855991118e+00,8.857051276121655770e-01,4.688009458455729139e-01,3.669517567974965957e-04,1.000007339035136056e+00,1.000011008552703862e+00,1.000012843351884229e+00,8.857994266705105924e-01,4.683707946112208864e-01,4.972500826799295086e-07,1.000000009945001711e+00,1.000000014917502567e+00,1.000000017403753105e+00,8.858314647003160403e-01,4.682246501504522262e-01
2.260144114527526948e-01,8.156510972942484505e-01,8.868542725315684550e-01,6.507083589064663887e-01,4.680147089855142828e-01,2.324566214332563982e-03,2.318769291104802194e-03,1.000046375385822195e+00,1.000069563078733070e+00,1.000081158538195902e+00,8.866518080577370231e-01,4.689452222581447227e-01,2.273414390545294966e-03,1.000045468287810824e+00,1.000068202431716458e+00,1.000079571054192984e+00,8.866557397246409566e-01,4.689271527562640651e-01,2.235159821473619180e-03,1.000044703196429463e+00,1.000067054794644195e+00,1.000078232092533215e+00,8.866590567625252106e-01,4.689119080151976093e-01,1.428951044003052640e-03,1.000028579020880048e+00,1.000042868531320073e+00,1.000050013899110413e+00,8.867291498944190886e-01,4.685897665186999350e-01,3.615021980576654651e-04,1.000007230043961082e+00,1.000010845065941734e+00,1.000012652616137032e+00,8.868225103148751343e-01,4.681606872565093336e-01,4.898654783450179993e-07,1.000000009797309630e+00,1.000000014695964445e+00,1.000000017145291853e+00,8.868542294412253835e-01,4.680149070278484258e-01
2.238439590141636515e-01,8.170976313071190988e-01,8.878765756764305239e-01,6.496641515603788219e-01,4.678023031862290071e-01,2.289903847022284594e-03,2.284193363613251388e-03,1.000045683867272217e+00,1.000068525800908326e+00,1.000079948332988078e+00,8.876761416843257368e-01,4.687304958575967406e-01,2.239514764813970576e-03,1.000044790295296249e+00,1.000067185442944373e+00,1.000078384521396302e+00,8.876800339215944469e-01,4.687124714136665649e-01,2.201830622136811792e-03,1.000044036612442788e+00,1.000066054918664182e+00,1.000077065526192355e+00,8.876833176937815040e-01,4.686972646869209669e-01,1.407643487500575153e-03,1.000028152869750109e+00,1.000042229304624941e+00,1.000049268116500523e+00,8.877527078776357161e-01,4.683759265193108701e-01,3.561117205159680622e-04,1.000007122234410240e+00,1.000010683351615581e+00,1.000012463948262820e+00,8.878451320002480607e-01,4.679479173650564761e-01,4.825609339365482337e-07,1.000000009651218713e+00,1.000000014476827959e+00,1.000000016889632581e+00,8.878765330182375459e-01,4.678025007346057751e-01
2.216773489967922561e-01,8.185467307069026477e-01,8.888984118434393178e-01,6.486189970853244446e-01,4.675872374809103560e-01,2.255616896986130555e-03,2.249991917193147617e-03,1.000044999838343829e+00,1.000067499757515854e+00,1.000078751235840890e+00,8.887000032673464389e-01,4.685131135925703072e-01,2.205982295340959149e-03,1.000044119645906893e+00,1.000066179468860339e+00,1.000077210840244479e+00,8.887038561733383579e-01,4.684951341282104220e-01,2.168862400948202290e-03,1.000043377248019061e+00,1.000065065872028480e+00,1.000075911595222466e+00,8.887071067628111720e-01,4.684799653496555805e-01,1.386566706487516376e-03,1.000027731334129699e+00,1.000041597001194660e+00,1.000048530411497216e+00,8.887757957522390839e-01,4.681594291128380880e-01,3.507796255528990419e-04,1.000007015592511150e+00,1.000010523388766615e+00,1.000012277323808263e+00,8.888672859129799209e-01,4.677324882023152219e-01,4.753355027671139682e-07,1.000000009506710086e+00,1.000000014260065129e+00,1.000000016636742650e+00,8.888983696163180737e-01,4.675874345361909490e-01
2.195145745982782781e-01,8.199984000432395392e-01,8.899197752247794968e-01,6.475729059588182235e-01,4.673695152140608933e-01,2.221700928385623216e-03,2.216160527067953523e-03,1.000044323210541375e+00,1.000066484815812062e+00,1.000077567091857578e+00,8.897233870078138374e-01,4.682930788074814998e-01,2.172812643897920320e-03,1.000043456252877938e+00,1.000065184379316907e+00,1.000076049858870775e+00,8.897272006807163125e-01,4.682751442443126577e-01,2.136250892678483778e-03,1.000042725017853629e+00,1.000064087526780332e+00,1.000074770150314318e+00,8.897304181703129533e-01,4.682600133478184712e-01,1.365717974177266866e-03,1.000027314359483555e+00,1.000040971539225332e+00,1.000047800688651956e+00,8.897984077158733740e-01,4.679402776437147637e-01,3.455052233342216874e-04,1.000006910104466629e+00,1.000010365156700054e+00,1.000012092718628898e+00,8.898889662466421546e-01,4.675144031127659305e-01,4.681882500540771412e-07,1.000000009363765097e+00,1.000000014045647534e+00,1.000000016386588753e+00,8.899197334276535143e-01,4.673697117771066223e-01
2.173556290283027437e-01,8.214526438738393166e-01,8.909406600200290294e-01,6.465258886838489705e-01,4.671491398090437119e-01,2.188151561133629304e-03,2.182694824073445981e-03,1.000043653896481421e+00,1.000065480844722243e+00,1.000076395748089597e+00,8.907462871141357263e-01,4.680703949255519691e-01,2.140001526781055725e-03,1.000042800030535695e+00,1.000064200045803542e+00,1.000074901427319363e+00,8.907500616519647973e-01,4.680525051851958662e-01,2.103991885705412592e-03,1.000042079837714093e+00,1.000063119756571250e+00,1.000073641044034289e+00,8.907532461243791166e-01,4.680374121046340652e-01,1.345094598054533651e-03,1.000026901891961195e+00,1.000040352837941571e+00,1.000047078853715687e+00,8.908205379735762985e-01,4.677184755352009060e-01,3.402878326958044429e-04,1.000006805756654016e+00,1.000010208634980913e+00,1.000011910108883129e+00,8.909101672021996210e-01,4.672936655197405531e-01,4.611182527635119528e-07,1.000000009222365094e+00,1.000000013833547641e+00,1.000000016139138914e+00,8.909406186518238346e-01,4.671493358807158880e-01
2.152005055085686180e-01,8.229094667644941685e-01,8.919610604363313877e-01,6.454779557883966179e-01,4.669261147679012458e-01,2.154964470163772596e-03,2.149590493928950526e-03,1.000042991809878545e+00,1.000064487714817929e+00,1.000075237053509314e+00,8.917686978022849598e-01,4.678450654486286941e-01,2.107544714096599384e-03,1.000042150894281834e+00,1.000063226341422862e+00,1.000073765397516690e+00,8.917724333028855810e-01,4.678272204527097466e-01,2.072081221311319454e-03,1.000041441624426319e+00,1.000062162436639257e+00,1.000072524130801943e+00,8.917755848406668795e-01,4.678121651219537269e-01,1.324693919426234200e-03,1.000026493878388489e+00,1.000039740817582734e+00,1.000046364813623967e+00,8.918421807379506294e-01,4.674940262892026688e-01,3.351267810300047117e-04,1.000006702535620517e+00,1.000010053803430887e+00,1.000011729471028898e+00,8.919308829881823497e-01,4.670702789252422771e-01,4.541245994562447675e-07,1.000000009082492092e+00,1.000000013623737916e+00,1.000000015894360939e+00,8.919610194959742833e-01,4.669263103490609579e-01
2.130491972727783789e-01,8.243688732890938065e-01,8.929809706885672993e-01,6.444291178249494934e-01,4.667004436711688076e-01,2.122135384709587791e-03,2.116843276518291968e-03,1.000042336865530457e+00,1.000063505298295574e+00,1.000074090858985798e+00,8.927906132959713137e-01,4.676170939569979090e-01,2.075438029055831721e-03,1.000041508760581177e+00,1.000062263140871766e+00,1.000072641623249936e+00,8.927943098570170211e-01,4.675992936271440303e-01,2.040514792989988127e-03,1.000040810295859783e+00,1.000061215443789786e+00,1.000071419266864714e+00,8.927974285425700485e-01,4.675842759800705184e-01,1.304513312978380392e-03,1.000026090266259660e+00,1.000039135399389378e+00,1.000045658476480970e+00,8.928633302293358387e-01,4.672669334860859447e-01,3.300214041735669056e-04,1.000006600428083425e+00,1.000009900642125249e+00,1.000011550781820358e+00,8.929511078208575148e-01,4.668442469097586756e-01,4.472063901359474907e-07,1.000000008944127883e+00,1.000000013416191713e+00,1.000000015652223739e+00,8.929809301749876971e-01,4.667006387626771446e-01
2.109016975666129223e-01,8.258308680296395643e-01,8.940003849995259433e-01,6.433793853700189302e-01,4.664721301776814100e-01,2.089660087593352839e-03,2.084448965180401778e-03,1.000041688979303567e+00,1.000062533468955461e+00,1.000072957017259512e+00,8.938120278268122387e-01,4.673864841091935340e-01,2.043677347279563000e-03,1.000040873546945486e+00,1.000061310320418340e+00,1.000071529960139705e+00,8.938156855458052608e-01,4.673687283670374115e-01,2.009288545762839134e-03,1.000040185770915357e+00,1.000060278656372814e+00,1.000070326310273927e+00,8.938187714613904378e-01,4.673537483375270196e-01,1.284550186338910853e-03,1.000025691003726847e+00,1.000038536505590159e+00,1.000044959751542617e+00,8.938839806759798501e-01,4.670372007844846296e-01,3.249710462970262876e-04,1.000006499420925898e+00,1.000009749131388848e+00,1.000011374018302091e+00,8.939708359244008529e-01,4.666155731320690836e-01,4.403627360992700702e-07,1.000000008807254703e+00,1.000000013210882166e+00,1.000000015412695786e+00,8.940003449116549206e-01,4.664723247803995165e-01
2.087579996477106903e-01,8.272954555762587203e-01,8.950192976000755918e-01,6.423287690236537673e-01,4.662411780243760906e-01,2.057534414524417148e-03,2.052403406009393593e-03,1.000041048068120109e+00,1.000061572102180385e+00,1.000071835382918328e+00,8.948329356345037233e-01,4.671532396418001110e-01,2.012258596111899701e-03,1.000040245171922138e+00,1.000060367757883428e+00,1.000070430265619148e+00,8.948365546087752032e-01,4.671355284089799276e-01,1.978398475504247224e-03,1.000039567969509990e+00,1.000059351954265097e+00,1.000069245120860595e+00,8.948396078365085105e-01,4.671205859309181530e-01,1.264801979646361504e-03,1.000025296039593004e+00,1.000037944059389394e+00,1.000044268549205029e+00,8.949041263142090141e-01,4.668048319211030028e-01,3.199750597955891736e-04,1.000006399501195853e+00,1.000009599251793890e+00,1.000011199157808006e+00,8.949900615310671936e-01,4.663842613290470340e-01,4.335927597879743256e-07,1.000000008671855234e+00,1.000000013007782851e+00,1.000000015175746659e+00,8.950192579368461132e-01,4.662413721391648336e-01
2.066180967856465767e-01,8.287626405272190411e-01,8.960377027293344732e-01,6.412772794089522943e-01,4.660075910260874643e-01,2.025754253406960182e-03,2.020702497164050034e-03,1.000040414049943260e+00,1.000060621074915002e+00,1.000070725812372441e+00,8.958533309669907130e-01,4.669173643692494657e-01,1.981177753943237467e-03,1.000039623555078805e+00,1.000059435332618207e+00,1.000069342398907546e+00,8.958569112937005974e-01,4.668996975674101213e-01,1.947840628275922985e-03,1.000038956812565605e+00,1.000058435218848185e+00,1.000068175560214545e+00,8.958599319155536866e-01,4.668847925746881233e-01,1.245266165124332908e-03,1.000024905323302571e+00,1.000037357984953745e+00,1.000043584780985650e+00,8.959237613885988605e-01,4.665698307105117237e-01,3.150328051814800046e-04,1.000006300656103519e+00,1.000009450984155501e+00,1.000011026177954898e+00,8.960087788813605458e-01,4.661503153154554213e-01,4.268955946430551278e-07,1.000000008537911933e+00,1.000000012806867788e+00,1.000000014941345716e+00,8.960376634896813908e-01,4.660077846538075996e-01
2.044819822619101668e-01,8.302324274889432143e-01,8.970555946348405252e-01,6.402249271715731993e-01,4.657713730753378356e-01,1.994315543656948863e-03,1.989342188186482736e-03,1.000039786843763823e+00,1.000059680265645623e+00,1.000069628163831492e+00,8.968732080806369744e-01,4.666788621836119866e-01,1.950430849542248357e-03,1.000039008616990799e+00,1.000058512925486198e+00,1.000068266220988100e+00,8.968767498567739027e-01,4.666612397344059304e-01,1.917611099670143071e-03,1.000038352221993332e+00,1.000057528332989998e+00,1.000067117491657998e+00,8.968797379545737636e-01,4.666463721609210302e-01,1.225940246661611725e-03,1.000024518804933260e+00,1.000036778207399779e+00,1.000042908359511928e+00,8.969428801521444061e-01,4.663322010449393318e-01,3.101436509777184825e-04,1.000006202873019445e+00,1.000009304309529279e+00,1.000010855056640668e+00,8.970269822242048496e-01,4.659137389837374466e-01,4.202703849607999084e-07,1.000000008405407703e+00,1.000000012608111444e+00,1.000000014709463425e+00,8.970555558177006894e-01,4.657715662168503412e-01
2.023496493698853094e-01,8.317048210760233928e-01,8.980729675727204819e-01,6.391717229792462929e-01,4.655325281421224259e-01,1.963214275528327602e-03,1.958318479330002897e-03,1.000039166369586674e+00,1.000058749554380011e+00,1.000068542297280150e+00,8.978925612403942935e-01,4.664377370543817958e-01,1.920013961396897567e-03,1.000038400279227968e+00,1.000057600418841952e+00,1.000067201594584843e+00,8.978960645627759307e-01,4.664201588794700815e-01,1.887706034161853313e-03,1.000037754120683298e+00,1.000056631181024835e+00,1.000066070780225802e+00,8.978990202182050018e-01,4.664053286591270386e-01,1.206821759397968619e-03,1.000024136435188060e+00,1.000036204652781979e+00,1.000042239198504657e+00,8.979614768664285762e-01,4.660919468940566968e-01,3.053069736133330559e-04,1.000006106139472273e+00,1.000009159209208409e+00,1.000010685772040109e+00,8.980446658171130636e-01,4.656745363038017893e-01,4.137162857507939093e-07,1.000000008274325669e+00,1.000000012411488504e+00,1.000000014480070032e+00,8.980729291770326306e-01,4.655327207982877802e-01
2.002210914148288001e-01,8.331798259112354055e-01,8.990898158078599600e-01,6.381176775212804575e-01,4.652910602736878287e-01,1.932446489448173604e-03,1.927627420895933891e-03,1.000038552548417892e+00,1.000057828822626949e+00,1.000067468074455679e+00,8.989113847199715623e-01,4.661939930282572031e-01,1.889923217064228521e-03,1.000037798464341376e+00,1.000056697696511954e+00,1.000066148384140208e+00,8.989148496852443770e-01,4.661764590493104321e-01,1.858121624469397538e-03,1.000037162432489302e+00,1.000055743648734063e+00,1.000065035292641236e+00,8.989177729798411010e-01,4.661616661160220554e-01,1.187908269315466302e-03,1.000023758165386356e+00,1.000035637248079423e+00,1.000041577212763988e+00,8.989795458017924012e-01,4.658490723047573612e-01,3.005221573199683117e-04,1.000006010443146298e+00,1.000009015664719669e+00,1.000010518302600238e+00,8.990618239263561406e-01,4.654327113228007295e-01,4.072324625958146863e-07,1.000000008144649177e+00,1.000000012216973877e+00,1.000000014253136227e+00,8.990897778325643852e-01,4.652912524453665100e-01
1.980963017138490656e-01,8.346574466255535230e-01,9.001061336140706581e-01,6.370628015080713746e-01,4.650469735943052463e-01,1.902008275360783608e-03,1.897265112579335370e-03,1.000037945302251652e+00,1.000056917953377367e+00,1.000066405358824628e+00,8.999296728020031999e-01,4.659476342289144979e-01,1.860154792528883813e-03,1.000037203095850646e+00,1.000055804643775970e+00,1.000065106455791497e+00,8.999330995066425753e-01,4.659301443676135412e-01,1.828854110923830217e-03,1.000036577082218381e+00,1.000054865623327682e+00,1.000064010897294464e+00,8.999359905218007327e-01,4.659153886553013546e-01,1.169197372835258835e-03,1.000023383947456601e+00,1.000035075921185124e+00,1.000040922318156111e+00,8.999970812375024387e-01,4.656035814009306106e-01,2.957885940298812279e-04,1.000005915771880582e+00,1.000008873657820985e+00,1.000010352627038301e+00,9.000784508271312268e-01,4.651882681649044948e-01,4.008180915136089315e-07,1.000000008016361797e+00,1.000000012024542695e+00,1.000000014028633144e+00,9.001060960581099835e-01,4.650471652823576219e-01
1.959752735958857350e-01,8.361376878581648908e-01,9.011219152742595551e-01,6.360071056706083636e-01,4.648002723050389529e-01,1.871895772080527922e-03,1.867227702823469294e-03,1.000037344554056462e+00,1.000056016831084804e+00,1.000065354015560626e+00,9.009474197782171290e-01,4.656986648567767451e-01,1.830704911570198504e-03,1.000036614098231302e+00,1.000054921147347065e+00,1.000064075677349118e+00,9.009508083185272520e-01,4.656812190348138536e-01,1.799899780846661405e-03,1.000035997995617043e+00,1.000053996993425454e+00,1.000062997464221448e+00,9.009536671354962944e-01,4.656665004774089289e-01,1.150686696419779206e-03,1.000023013733928323e+00,1.000034520600892485e+00,1.000040274431598597e+00,9.010140774619193049e-01,4.653554783832302699e-01,2.911056832753013005e-04,1.000005822113665399e+00,1.000008733170498321e+00,1.000010188724337334e+00,9.010945408037303039e-01,4.649412110310687241e-01,3.944723588205164106e-07,1.000000007889447096e+00,1.000000011834170754e+00,1.000000013806532584e+00,9.011218781365779584e-01,4.648004635103251125e-01
1.938580004016883240e-01,8.376205542564841844e-01,9.021371550805954431e-01,6.349506007599792223e-01,4.645509606835076521e-01,1.842105166653409086e-03,1.837511388182951717e-03,1.000036750227763616e+00,1.000055125341645423e+00,1.000064313911520619e+00,9.019646199496020866e-01,4.654470891887767525e-01,1.801569845137808521e-03,1.000036031396902780e+00,1.000054047095354059e+00,1.000063055918275934e+00,9.019679704217159477e-01,4.654296873278561675e-01,1.771254967935970192e-03,1.000035425099358610e+00,1.000053137649038026e+00,1.000061994865081072e+00,9.019707971216011089e-01,4.654150058593004569e-01,1.132373896180278528e-03,1.000022647477923687e+00,1.000033971216885309e+00,1.000039633471047518e+00,9.020305287726648746e-01,4.651047675288374483e-01,2.864728320891439159e-04,1.000005729456641790e+00,1.000008594184962574e+00,1.000010026573743271e+00,9.021100881497077228e-01,4.646915441987968243e-01,3.881944609969289959e-07,1.000000007763889309e+00,1.000000011645833853e+00,1.000000013586806125e+00,9.021371183601393229e-01,4.645511514068878522e-01
1.917444754837953624e-01,8.391060504761680416e-01,9.031518473346770159e-01,6.338932975468751785e-01,4.642990430836422266e-01,1.812632693727126527e-03,1.808112412695388237e-03,1.000036162248253868e+00,1.000054243372380913e+00,1.000063284915225559e+00,9.029812676265743798e-01,4.651929115781145985e-01,1.772745910735576197e-03,1.000035454918214661e+00,1.000053182377321992e+00,1.000062047049664171e+00,9.029845801264542171e-01,4.651755535999540503e-01,1.742916051660698459e-03,1.000034858321033227e+00,1.000052287481549840e+00,1.000061002973135160e+00,9.029873747902162906e-01,4.651609091541997754e-01,1.114256657489594337e-03,1.000022285133149724e+00,1.000033427699724697e+00,1.000038999355482350e+00,9.030464294767894806e-01,4.648514531912176229e-01,2.818894549070466134e-04,1.000005637789098234e+00,1.000008456683647129e+00,1.000009866154760285e+00,9.031250871680460701e-01,4.644392720218972204e-01,3.819836045545413869e-07,1.000000007639672006e+00,1.000000011459508231e+00,1.000000013369426011e+00,9.031518110303942137e-01,4.642992333259762239e-01
1.896346922065139662e-01,8.405941811811298292e-01,9.041659863476982917e-01,6.328352068210941761e-01,4.640445239354357709e-01,1.783474634929638550e-03,1.779027067261484876e-03,1.000035580541345226e+00,1.000053370812017839e+00,1.000062266896835306e+00,9.039973571291447518e-01,4.649361364540101071e-01,1.744229471813827509e-03,1.000034884589436235e+00,1.000052326884154352e+00,1.000061048944214548e+00,9.040006317525816071e-01,4.649188222803410375e-01,1.714879456663113890e-03,1.000034297589133203e+00,1.000051446383699805e+00,1.000060021663226495e+00,9.040033944610370575e-01,4.649042147913524659e-01,1.096332694600141502e-03,1.000021926653892113e+00,1.000032889980837947e+00,1.000038372004894649e+00,9.040617738909382251e-01,4.645955397998723924e-01,2.773549734707270978e-04,1.000005547099469316e+00,1.000008320649204085e+00,1.000009707447149232e+00,9.041395321713242561e-01,4.641843989302343321e-01,3.758390059053930934e-07,1.000000007516780087e+00,1.000000011275170131e+00,1.000000013154365153e+00,9.041659504585388696e-01,4.640447136975833220e-01
1.875286439458982990e-01,8.420849510435541863e-01,9.051795664406150355e-01,6.317763393910434955e-01,4.637874077446905718e-01,1.754627318255987242e-03,1.750251689033403878e-03,1.000035005033780733e+00,1.000052507550670988e+00,1.000061259728130425e+00,9.050128827870835835e-01,4.646767683214486078e-01,1.716016937169669888e-03,1.000034320338743399e+00,1.000051480508115098e+00,1.000060061476215179e+00,9.050161196296974131e-01,4.646594978740171134e-01,1.687141652169218443e-03,1.000033742833043471e+00,1.000050614249565095e+00,1.000059050811759942e+00,9.050188504635188202e-01,4.646449272757713911e-01,1.078599750266982836e-03,1.000021571995005409e+00,1.000032357992508114e+00,1.000037751340272729e+00,9.050765563415166248e-01,4.643370318600857360e-01,2.728688167326258698e-04,1.000005457376334617e+00,1.000008186064502036e+00,1.000009550430922767e+00,9.051534174818819389e-01,4.639269294294745549e-01,3.697598912326515472e-07,1.000000007395197787e+00,1.000000011092796681e+00,1.000000012941596239e+00,9.051795309655307209e-01,4.637875970275111004e-01
1.854263240897289222e-01,8.435783647439119015e-01,9.061925819443099606e-01,6.307167060832415961e-01,4.635276990927573726e-01,1.726087117463390858e-03,1.721782660811362487e-03,1.000034435653216258e+00,1.000051653479824276e+00,1.000060263282488870e+00,9.060278389400865384e-01,4.644148117609228632e-01,1.688104760355394699e-03,1.000033762095207113e+00,1.000050643142810669e+00,1.000059084521521813e+00,9.060310380973266575e-01,4.643975849614909723e-01,1.659699151407106410e-03,1.000033193983028035e+00,1.000049790974542274e+00,1.000058090296679580e+00,9.060337371370417170e-01,4.643830511879779022e-01,1.061055595375982223e-03,1.000021221111907499e+00,1.000031831667861359e+00,1.000037137283589894e+00,9.060907711648559237e-01,4.640759339526649985e-01,2.684304207618347740e-04,1.000005368608415157e+00,1.000008052912622958e+00,1.000009395086343122e+00,9.061667374319859469e-01,4.636668681008266346e-01,3.637454963631371908e-07,1.000000007274910008e+00,1.000000010912364790e+00,1.000000012731092403e+00,9.061925468822543683e-01,4.635278878971101912e-01
1.833277260374923667e-01,8.450744269709743461e-01,9.072050271997578186e-01,6.296563177418190715e-01,4.632654026362712507e-01,1.697850451474424566e-03,1.693616410448303819e-03,1.000033872328208950e+00,1.000050808492313426e+00,1.000059277434866667e+00,9.070422199379390982e-01,4.641502714281683928e-01,1.660489439094791795e-03,1.000033209788781852e+00,1.000049814683172889e+00,1.000058117957535853e+00,9.070453815050837365e-01,4.641330881985140655e-01,1.632548511033100327e-03,1.000032650970220649e+00,1.000048976455331085e+00,1.000057139997450717e+00,9.070480488310764811e-01,4.641185911837377720e-01,1.043698028576929473e-03,1.000020873960571599e+00,1.000031310940857399e+00,1.000036529757792003e+00,9.071044127073782937e-01,4.638122507336759903e-01,2.640392286512833835e-04,1.000005280784572959e+00,1.000007921176859549e+00,1.000009241393917669e+00,9.071794863639941475e-01,4.634042196007772119e-01,3.577950666415536431e-07,1.000000007155901427e+00,1.000000010733852029e+00,1.000000012522827442e+00,9.072049925496866729e-01,4.632655909630155056e-01
1.812328432003609269e-01,8.465731424218280177e-01,9.082168965581891573e-01,6.285951852280190488e-01,4.630005231068806126e-01,1.669913783788202176e-03,1.665749410262545947e-03,1.000033314988205246e+00,1.000049972482307981e+00,1.000058302061775484e+00,9.080560201406810972e-01,4.638831520538939102e-01,1.633167514707288331e-03,1.000032663350294060e+00,1.000048995025441201e+00,1.000057161663185479e+00,9.080591442128372881e-01,4.638660123158125925e-01,1.605686330565578865e-03,1.000032113726611271e+00,1.000048170589916907e+00,1.000056199795038347e+00,9.080617799053475325e-01,4.638515519937914666e-01,1.026524875921583108e-03,1.000020530497518489e+00,1.000030795746277734e+00,1.000035928686783260e+00,9.081174753257603705e-01,4.635459869341734263e-01,2.596946904261695620e-04,1.000005193893808597e+00,1.000007790840712785e+00,1.000009089334397583e+00,9.081916586305204264e-01,4.631389886608199835e-01,3.519078568064031962e-07,1.000000007038157168e+00,1.000000010557235752e+00,1.000000012316775155e+00,9.082168623190598478e-01,4.630007109568751722e-01
1.791416690011702340e-01,8.480745158018900831e-01,9.092281843812539677e-01,6.275333194196965891e-01,4.627330653109716363e-01,1.642273621899426788e-03,1.638178176458281263e-03,1.000032763563529103e+00,1.000049145345293766e+00,1.000057337041264205e+00,9.090692339187690374e-01,4.636134584435062100e-01,1.606135571539781719e-03,1.000032122711430826e+00,1.000048184067146240e+00,1.000056215518905223e+00,9.090723205908736171e-01,4.635963621188114447e-01,1.579109251826371803e-03,1.000031582185036516e+00,1.000047373277554774e+00,1.000055269571889838e+00,9.090749247299967362e-01,4.635819384235790319e-01,1.009533990506551304e-03,1.000020190679810073e+00,1.000030286019715220e+00,1.000035333995415332e+00,9.091299533870970118e-01,4.632771473599254231e-01,2.553962629536138179e-04,1.000005107925258985e+00,1.000007661887888588e+00,1.000008938888771404e+00,9.092032485945976683e-01,4.628711800871802007e-01,3.460831308675611724e-07,1.000000006921662576e+00,1.000000010382493976e+00,1.000000012112909564e+00,9.092281505520257712e-01,4.627332526850751471e-01
1.770541968744003825e-01,8.495785518249222568e-01,9.102388850411849974e-01,6.264707312108176440e-01,4.624630341293873848e-01,1.614926516725255501e-03,1.610899268553870819e-03,1.000032217985371119e+00,1.000048326978056679e+00,1.000056382252898501e+00,9.100818556532407344e-01,4.633411954768300589e-01,1.579390236406117949e-03,1.000031587804728117e+00,1.000047381707092287e+00,1.000055279406616204e+00,9.100849050200590096e-01,4.633241424873538183e-01,1.552813958389668517e-03,1.000031056279167885e+00,1.000046584418751605e+00,1.000054349211913163e+00,9.100874776857466042e-01,4.633097553529598178e-01,9.927232521209751817e-04,1.000019854465042490e+00,1.000029781697563624e+00,1.000034745609474029e+00,9.101418412690643889e-01,4.630057368911330573e-01,2.511434098535288324e-04,1.000005022868197146e+00,1.000007534302295609e+00,1.000008790038267037e+00,9.102142506298410707e-01,4.626007987605343930e-01,3.403201619854967029e-07,1.000000006806403219e+00,1.000000010209604939e+00,1.000000011911205577e+00,9.102388516208190783e-01,4.624632210284584932e-01
1.749704202661543917e-01,8.510852552130461213e-01,9.112489929209598438e-01,6.254074315109579008e-01,4.621904345171418127e-01,1.587869062039842663e-03,1.583909288817798335e-03,1.000031678185776318e+00,1.000047517278664477e+00,1.000055437577739292e+00,9.110938797358757446e-01,4.630663681078226457e-01,1.552928178034076057e-03,1.000031058563560782e+00,1.000046587845341062e+00,1.000054353209707036e+00,9.110968918920028248e-01,4.630493583754167197e-01,1.526797175038310111e-03,1.000030535943500665e+00,1.000045803915251108e+00,1.000053438600458922e+00,9.110994331640620558e-01,4.630350077359270400e-01,9.760905668989339245e-04,1.000019521811337908e+00,1.000029282717006973e+00,1.000034163455667091e+00,9.111531333600818572e-01,4.627317604821445940e-01,2.469356014106831288e-04,1.000004938712028224e+00,1.000007408068042336e+00,1.000008642764342648e+00,9.112246591206102364e-01,4.623278496357233758e-01,3.346182323521117089e-07,1.000000006692364662e+00,1.000000010038546883e+00,1.000000011711638104e+00,9.112489599084194758e-01,4.621906209420384992e-01
1.728903326341377777e-01,8.525946306967576716e-01,9.122585024144627130e-01,6.243434312448000734e-01,4.619152715031272782e-01,1.561097893916420709e-03,1.557204881712140332e-03,1.000031144097634161e+00,1.000046716146451464e+00,1.000054502898326092e+00,9.121053005693585680e-01,4.627889813642829253e-01,1.526746106519726899e-03,1.000030534922130343e+00,1.000045802383195515e+00,1.000053436813014285e+00,9.121082756092185884e-01,4.627720148108189213e-01,1.501055667227327479e-03,1.000030021113344603e+00,1.000045031670016904e+00,1.000052537624303461e+00,9.121107855673128428e-01,4.627577006003167348e-01,9.596338669764802910e-04,1.000019192677339630e+00,1.000028789016009334e+00,1.000033587461613527e+00,9.121638240594743818e-01,4.624552231611640529e-01,2.427723144879369527e-04,1.000004855446289698e+00,1.000007283169434658e+00,1.000008497048688438e+00,9.122344684621710442e-01,4.620523377414610389e-01,3.289766330731682285e-07,1.000000006579532696e+00,1.000000009869298934e+00,1.000000011514182274e+00,9.122584698087126132e-01,4.619154574547074676e-01
1.708139274476383473e-01,8.541066830149425249e-01,9.132674079266456246e-01,6.232787413516315267e-01,4.616375501898192235e-01,1.534609690176917934e-03,1.530782733343559118e-03,1.000030615654666777e+00,1.000045923482000276e+00,1.000053578098655693e+00,9.131161125674387424e-01,4.625090403475551337e-01,1.500840772789161903e-03,1.000030016815455891e+00,1.000045025223183615e+00,1.000052530102804704e+00,9.131190505852853079e-01,4.624921168949260308e-01,1.475586240554728566e-03,1.000029511724811027e+00,1.000044267587216540e+00,1.000051646171625563e+00,9.131215293089337548e-01,4.624778390475120515e-01,9.433511101533128369e-04,1.000018867022202995e+00,1.000028300533304604e+00,1.000033017555828518e+00,9.131739077776328539e-01,4.621761300299558894e-01,2.386530324406501758e-04,1.000004773060648722e+00,1.000007159590973194e+00,1.000008352873221984e+00,9.132436730608568531e-01,4.617742681800387494e-01,3.233946640523040897e-07,1.000000006467893332e+00,1.000000009701839998e+00,1.000000011318813442e+00,9.132673757266527303e-01,4.616377356689408407e-01
1.687411981875053257e-01,8.556214169148903537e-01,9.142757038736887276e-01,6.222133727848413454e-01,4.613572757529735280e-01,1.508401169848892906e-03,1.504639570921588974e-03,1.000030092791418523e+00,1.000045139187127674e+00,1.000052663064164404e+00,9.141263101550916037e-01,4.622265502322282504e-01,1.475208968067377117e-03,1.000029504179361428e+00,1.000044256269041920e+00,1.000051632966754811e+00,9.141292112450075669e-01,4.622096698023486772e-01,1.450385740239319926e-03,1.000029007714804852e+00,1.000043511572207278e+00,1.000050764131994230e+00,9.141316588135856014e-01,4.621954282521421042e-01,9.272402795589433427e-04,1.000018544805591159e+00,1.000027817208386738e+00,1.000032453667716759e+00,9.141833789361747398e-01,4.618944862635422366e-01,2.345772450322280967e-04,1.000004691544900570e+00,1.000007037317351077e+00,1.000008210220084015e+00,9.142522673342287076e-01,4.614936461270222057e-01,3.178716338765905007e-07,1.000000006357432580e+00,1.000000009536148982e+00,1.000000011125506960e+00,9.142756720784217528e-01,4.613574607604939981e-01
1.666721383461287065e-01,8.571388371523102068e-01,9.152833846831601727e-01,6.211473365114170697e-01,4.610744534413199203e-01,1.482469092629775309e-03,1.478772162224214906e-03,1.000029575443244445e+00,1.000044363164866779e+00,1.000051757681708064e+00,9.151358877686776028e-01,4.619415162658296881e-01,1.449847523354303672e-03,1.000028996950466986e+00,1.000043495425700701e+00,1.000050745293934673e+00,9.151387520245752860e-01,4.619246787806365329e-01,1.425451050605553056e-03,1.000028509021012146e+00,1.000042763531518109e+00,1.000049891396344481e+00,9.151411685173144184e-01,4.619104734617752728e-01,9.112993833233567435e-04,1.000018225987666431e+00,1.000027338981499758e+00,1.000031895727556464e+00,9.151922319681040641e-01,4.616102971098981489e-01,2.305444483508034851e-04,1.000004610888967083e+00,1.000006916333450624e+00,1.000008069071637751e+00,9.152602457112350987e-01,4.612104768309459035e-01,3.124068597036291750e-07,1.000000006248137119e+00,1.000000009372205900e+00,1.000000010934240180e+00,9.152833532915894965e-01,4.610746379780962800e-01
1.646067414274197116e-01,8.586589484913450532e-01,9.162904447941747632e-01,6.200806435114406545e-01,4.607890885762497835e-01,1.456810258358283124e-03,1.453177315070606698e-03,1.000029063546301389e+00,1.000043595319452194e+00,1.000050861839544725e+00,9.161448398561018447e-01,4.616539437685137082e-01,1.424753308907856500e-03,1.000028495066178191e+00,1.000042742599267287e+00,1.000049866974788371e+00,9.161476673717229291e-01,4.616371491499668966e-01,1.400779094575272093e-03,1.000028015581891472e+00,1.000042023372837319e+00,1.000049027856964923e+00,9.161500528677106736e-01,4.616229799966085068e-01,8.955264542520815921e-04,1.000017910529084952e+00,1.000026865793627540e+00,1.000031343666488937e+00,9.162004613179699497e-01,4.613235678896383529e-01,2.265541447270346775e-04,1.000004531082894443e+00,1.000006796624341776e+00,1.000007929410463348e+00,9.162676026323712808e-01,4.609247656130006643e-01,3.069996671501621523e-07,1.000000006139993403e+00,1.000000009209990104e+00,1.000000010744988455e+00,9.162904138052730962e-01,4.607892726431391806e-01
1.625450009467890311e-01,8.601817557045872142e-01,9.172968786575534939e-01,6.190133047775846498e-01,4.605011865514999636e-01,1.431421506492910108e-03,1.427851876800907867e-03,1.000028557037536014e+00,1.000042835556304022e+00,1.000049975427316218e+00,9.171531608769718513e-01,4.613638381327452853e-01,1.399923233733897437e-03,1.000027998464674717e+00,1.000041997697012075e+00,1.000048997901116232e+00,9.171559517458877098e-01,4.613470863028284463e-01,1.376366833166259686e-03,1.000027527336663224e+00,1.000041291004994948e+00,1.000048173407476204e+00,9.171583063240679179e-01,4.613329532491507456e-01,8.799195495056079570e-04,1.000017598390990026e+00,1.000026397586485150e+00,1.000030797416510131e+00,9.172080614420251576e-01,4.610343039957019440e-01,2.226058426530031073e-04,1.000004452116852960e+00,1.000006678175279662e+00,1.000007791219358788e+00,9.172743325498373679e-01,4.606365178667169435e-01,3.016493901821710206e-07,1.000000006032987887e+00,1.000000009049481609e+00,1.000000010557728691e+00,9.172968480702948790e-01,4.605013701493588241e-01
1.604869104311279493e-01,8.617072635730926855e-01,9.183026807359798704e-01,6.179453313146081594e-01,4.602107528328296948e-01,1.406299715597401174e-03,1.402792733762993653e-03,1.000028055854675246e+00,1.000042083782012980e+00,1.000049098336029951e+00,9.181608453027558792e-01,4.610712048229789195e-01,1.375354245083032934e-03,1.000027507084901623e+00,1.000041260627352546e+00,1.000048137966057737e+00,9.181635996183672432e-01,4.610544957037002178e-01,1.352211264997501021e-03,1.000027044225299866e+00,1.000040566337949910e+00,1.000047327942817477e+00,9.181659233575398815e-01,4.610403986839011203e-01,8.644767502830997359e-04,1.000017289535005682e+00,1.000025934302508412e+00,1.000030256910455773e+00,9.182150268083844047e-01,4.607425108930301438e-01,2.186990567021976394e-04,1.000004373981133954e+00,1.000006560971701042e+00,1.000007654481333219e+00,9.182804299276963178e-01,4.603457390576429775e-01,2.963553710064490226e-07,1.000000005927107471e+00,1.000000008890661096e+00,1.000000010372438020e+00,9.183026505493404601e-01,4.602109359625144447e-01
1.584324634187870284e-01,8.632354768863967909e-01,9.193078455041577834e-01,6.168767341388521341e-01,4.599177929576946378e-01,1.381441802833122210e-03,1.377996810806106972e-03,1.000027559936216059e+00,1.000041339904324200e+00,1.000048230458040699e+00,9.191678876169391277e-01,4.607760493753319531e-01,1.351043327954153756e-03,1.000027020866559146e+00,1.000040531299838609e+00,1.000047287064073975e+00,9.191706054724766428e-01,4.607593828887244780e-01,1.328309425801079031e-03,1.000026566188515931e+00,1.000039849282774007e+00,1.000046491359224632e+00,9.191728984512976819e-01,4.607453218370234915e-01,8.491961615103457662e-04,1.000016983923230240e+00,1.000025475884845250e+00,1.000029722081993144e+00,9.192213518971801278e-01,4.604481941182400617e-01,2.148333074505710458e-04,1.000004296666149095e+00,1.000006444999223421e+00,1.000007519179606730e+00,9.192858892420305850e-01,4.600524347230178224e-01,2.911169599636263531e-07,1.000000005822339277e+00,1.000000008733508805e+00,1.000000010189093791e+00,9.193078157171158393e-01,4.599179756200614255e-01
1.563816534595559027e-01,8.647664004425289486e-01,9.203123674489676054e-01,6.158075242777354408e-01,4.596223125349144789e-01,1.356844723458217224e-03,1.353461070781264127e-03,1.000027069221415710e+00,1.000040603832123454e+00,1.000047371687034392e+00,9.201742823151802808e-01,4.604783773972537242e-01,1.326987504604613477e-03,1.000026539750092036e+00,1.000039809625138165e+00,1.000046445090929881e+00,9.201769638037040622e-01,4.604617534653764332e-01,1.304658387940593267e-03,1.000026093167758923e+00,1.000039139751638162e+00,1.000045663554217867e+00,9.201792261006862539e-01,4.604477283160147150e-01,8.340759115318833799e-04,1.000016681518230532e+00,1.000025022277345910e+00,1.000029192865608429e+00,9.202270312007196917e-01,4.601513592792933482e-01,2.110081213986520594e-04,1.000004220162427959e+00,1.000006330243641939e+00,1.000007385297606355e+00,9.202907049810987727e-01,4.597566104714400637e-01,2.859335154226250365e-07,1.000000005718670204e+00,1.000000008578005417e+00,1.000000010007672913e+00,9.203123380605029435e-01,4.596224947308189535e-01
1.543344741146432941e-01,8.663000390480276591e-01,9.213162410696216220e-01,6.147377127692500443e-01,4.593243172443371436e-01,1.332505470333491225e-03,1.329182514048370426e-03,1.000026583650281076e+00,1.000039875475421391e+00,1.000046521918009468e+00,9.211800239054671602e-01,4.601781945671896690e-01,1.303183834066984174e-03,1.000026063676681343e+00,1.000039095515022014e+00,1.000045611943678692e+00,9.211826691198672368e-01,4.601616131121276099e-01,1.281255259936049055e-03,1.000025625105198657e+00,1.000038437657797985e+00,1.000044844426582147e+00,9.211849008133792260e-01,4.601476237993683549e-01,8.191141518072554781e-04,1.000016382283036132e+00,1.000024573424554308e+00,1.000028669196597608e+00,9.212320592236404870e-01,4.598520120551594093e-01,2.072230308947033042e-04,1.000004144460617805e+00,1.000006216690926930e+00,1.000007252818963632e+00,9.212948716454910647e-01,4.594582719825311967e-01,2.808044036765318957e-07,1.000000005616088039e+00,1.000000008424132059e+00,1.000000009828154068e+00,9.213162120787160569e-01,4.593244989746346207e-01
1.522909189566572508e-01,8.678363975179557155e-01,9.223194608778190196e-01,6.136673106614561890e-01,4.590238128364960701e-01,1.308421073434888962e-03,1.305158177989914313e-03,1.000026103163559776e+00,1.000039154745339776e+00,1.000045681047261104e+00,9.221851069082712682e-01,4.598755066342398723e-01,1.279629411672263128e-03,1.000025592588233536e+00,1.000038388882350082e+00,1.000044787520644185e+00,9.221877159412674718e-01,4.598589675781052932e-01,1.258097185995085340e-03,1.000025161943719931e+00,1.000037742915579786e+00,1.000044033876352323e+00,9.221899171095344627e-01,4.598450140362347338e-01,8.043090566113231732e-04,1.000016086181132247e+00,1.000024129271698259e+00,1.000028151011055133e+00,9.222364304830648063e-01,4.595501581954753445e-01,2.034775740589048806e-04,1.000004069551481134e+00,1.000006104327221701e+00,1.000007121727512827e+00,9.222983837482836567e-01,4.591574250065936225e-01,2.757289988398610792e-07,1.000000005514579904e+00,1.000000008271869856e+00,1.000000009650514832e+00,9.223194322834561421e-01,4.590239941020419212e-01
1.502509815695833861e-01,8.693754806759154130e-01,9.233220213978997615e-01,6.125963290119788018e-01,4.587208051322655411e-01,1.284588599372495999e-03,1.281385136531168218e-03,1.000025627702730624e+00,1.000038441554095936e+00,1.000044848972363010e+00,9.231895258567018869e-01,4.595703194178139550e-01,1.256321368579458317e-03,1.000025126427371625e+00,1.000037689641057437e+00,1.000043971721403357e+00,9.231920988008435192e-01,4.595538226827465822e-01,1.235181345550476813e-03,1.000024703626910982e+00,1.000037055440366585e+00,1.000043231804796262e+00,9.231942695219474970e-01,4.595399048460739877e-01,7.896588227385873760e-04,1.000015793176454837e+00,1.000023689764682144e+00,1.000027638245864381e+00,9.232401395087538321e-01,4.592458035201990585e-01,1.997712947085526010e-04,1.000003995425894132e+00,1.000005993138841198e+00,1.000006992007287376e+00,9.233012358151932997e-01,4.588540753642655345e-01,2.707066827471911103e-07,1.000000005414133586e+00,1.000000008121200379e+00,1.000000009474733886e+00,9.233219931990653828e-01,4.587209859339144158e-01
1.482146555487666717e-01,8.709172933540633155e-01,9.243239171669981324e-01,6.115247788875017854e-01,4.584153000225082430e-01,1.261005150916012047e-03,1.257860499666844977e-03,1.000025157209993409e+00,1.000037735814990114e+00,1.000044025592152330e+00,9.241932752966588449e-01,4.592626388072807431e-01,1.233256871311503265e-03,1.000024665137426272e+00,1.000036997706139408e+00,1.000043164446772881e+00,9.241958122443256762e-01,4.592461843154481138e-01,1.212504952803857613e-03,1.000024250099056156e+00,1.000036375148584122e+00,1.000042438114398635e+00,9.241979525962046305e-01,4.592323021183065679e-01,7.751616692114890808e-04,1.000015503233384173e+00,1.000023254850076260e+00,1.000027130838684997e+00,9.242431808432607365e-01,4.589389539192589296e-01,1.961037422842623384e-04,1.000003922074845786e+00,1.000005883112268457e+00,1.000006863642517008e+00,9.243034223847303998e-01,4.585482289461693672e-01,2.657368448531659777e-07,1.000000005314736873e+00,1.000000007972105420e+00,1.000000009300789694e+00,9.243238893626792851e-01,4.584154803611146800e-01
1.461819345008903426e-01,8.724618403931257982e-01,9.253251427351949499e-01,6.104526713632653090e-01,4.581073034677208833e-01,1.237667866526531539e-03,1.234581412994046517e-03,1.000024691628259799e+00,1.000037037442389920e+00,1.000043210806712102e+00,9.251963497869859498e-01,4.589524707616123855e-01,1.210433121297341437e-03,1.000024208662426028e+00,1.000036312993638932e+00,1.000042365598789784e+00,9.251988508303872205e-01,4.589360584352111805e-01,1.190065256275510928e-03,1.000023801305125470e+00,1.000035701957688206e+00,1.000041652708846041e+00,9.252009608908360327e-01,4.589222118119580807e-01,7.608158369925865395e-04,1.000015216316739952e+00,1.000022824475109706e+00,1.000026628727947120e+00,9.252455490420834483e-01,4.586296153521988161e-01,1.924744717771555505e-04,1.000003849489435437e+00,1.000005774234153266e+00,1.000006736617625958e+00,9.253049380083515629e-01,4.582398917125565796e-01,2.608188821338252200e-07,1.000000005216377552e+00,1.000000007824566550e+00,1.000000009128660938e+00,9.253251153243811089e-01,4.581074833441390326e-01
1.441528120439556915e-01,8.740091266424142580e-01,9.263256926656695533e-01,6.093800175225604354e-01,4.577968214976732009e-01,1.214573919894614733e-03,1.211545057251486174e-03,1.000024230901145117e+00,1.000036346351717453e+00,1.000042404517356376e+00,9.261987438996215349e-01,4.586398213090255860e-01,1.187847354420161093e-03,1.000023756947088449e+00,1.000035635420632563e+00,1.000041575080699241e+00,9.262012091307969541e-01,4.586234510702816292e-01,1.167859538360206282e-03,1.000023357190767292e+00,1.000035035786150717e+00,1.000040875493011239e+00,9.262032889774668432e-01,4.586096399552990754e-01,7.466195887006000023e-04,1.000014932391773970e+00,1.000022398587661066e+00,1.000026131852836730e+00,9.262472386738165309e-01,4.583177938478182334e-01,1.888830436570228895e-04,1.000003777660873228e+00,1.000005666491309730e+00,1.000006610917231198e+00,9.263057772506110288e-01,4.579290696929473325e-01,2.559521989892599350e-07,1.000000005119044078e+00,1.000000007678566005e+00,1.000000008958327191e+00,9.263256656473517481e-01,4.577970009127569351e-01
1.421272818072623068e-01,8.755591569598398793e-01,9.273255615348505732e-01,6.083068284562261896e-01,4.574838602110434249e-01,1.191720519484520567e-03,1.188748647864858437e-03,1.000023774972957247e+00,1.000035662459435981e+00,1.000041606626612456e+00,9.272004522197503373e-01,4.583246965466167833e-01,1.165496840571658308e-03,1.000023309936811433e+00,1.000034964905217150e+00,1.000040792796935030e+00,9.272028817305694171e-01,4.583083683177858747e-01,1.145885114888961975e-03,1.000022917702297676e+00,1.000034376553446736e+00,1.000040106372936721e+00,9.272049314409684939e-01,4.582945926454812247e-01,7.325712083302433593e-04,1.000014651424166567e+00,1.000021977136249962e+00,1.000025640153289652e+00,9.272482443203011737e-01,4.580034955038072009e-01,1.853290238014460576e-04,1.000003706580476104e+00,1.000005559870714045e+00,1.000006486526137106e+00,9.273059346893121058e-01,4.576157689857657251e-01,2.511362071475668668e-07,1.000000005022724237e+00,1.000000007534086244e+00,1.000000008789767358e+00,9.273255349080219423e-01,4.574840391656460614e-01
1.401053374313876443e-01,8.771119362119297325e-01,9.283247439325663652e-01,6.072331152621454065e-01,4.571684257750487368e-01,1.169104908084551584e-03,1.166189434498305809e-03,1.000023323788689966e+00,1.000034985683034838e+00,1.000040817038206908e+00,9.282014693459528232e-01,4.580071026399935574e-01,1.143378883212275467e-03,1.000022867577664343e+00,1.000034301366496292e+00,1.000040018653107099e+00,9.282038632281155444e-01,4.579908163433619173e-01,1.124139334696684124e-03,1.000022482786693923e+00,1.000033724180040995e+00,1.000039345255821166e+00,9.282058828796084793e-01,4.579770760481681191e-01,7.186690009758136275e-04,1.000014373380019528e+00,1.000021560070029292e+00,1.000025153569979786e+00,9.282485605767764048e-01,4.576867264863778706e-01,1.818119834258703446e-04,1.000003636239668481e+00,1.000005454359502721e+00,1.000006363429336576e+00,9.283054049156571619e-01,4.572999957579708119e-01,2.463703255700907767e-07,1.000000004927406483e+00,1.000000007391109724e+00,1.000000008622961456e+00,9.283247176962217129e-01,4.571686042700236485e-01
1.380869725681685978e-01,8.786674692738409842e-01,9.293232344621941143e-01,6.061588890447423550e-01,4.568505244250720132e-01,1.146724362363422912e-03,1.143864700611893232e-03,1.000022877294012291e+00,1.000034315941018326e+00,1.000040035657049575e+00,9.292017898903550677e-01,4.576870458229009286e-01,1.121490818937333038e-03,1.000022429816378677e+00,1.000033644724568127e+00,1.000039252555985136e+00,9.292041482353912141e-01,4.576708013807854192e-01,1.102619579195598812e-03,1.000022052391583927e+00,1.000033078587375890e+00,1.000038592050002784e+00,9.292061379051999026e-01,4.576570963971618444e-01,7.049112925584833126e-04,1.000014098225851189e+00,1.000021147338776784e+00,1.000024672044309781e+00,9.292481820520277491e-01,4.573674930298903263e-01,1.783314990146138348e-04,1.000003566629980245e+00,1.000005349944970368e+00,1.000006241612006130e+00,9.293041825343965057e-01,4.569817562446823467e-01,2.416539803579364116e-07,1.000000004833079714e+00,1.000000007249619349e+00,1.000000008457889500e+00,9.293232086153301319e-01,4.568507024612716294e-01
1.360721808806792943e-01,8.802257610293771073e-01,9.303210277408082707e-01,6.050841609144789190e-01,4.565301624642822409e-01,1.124576192432511510e-03,1.121771763024949136e-03,1.000022435435260482e+00,1.000033653152890833e+00,1.000039262389217587e+00,9.302014084787767478e-01,4.573645323968438259e-01,1.099830017048911103e-03,1.000021996600340968e+00,1.000032994900511563e+00,1.000038494413484358e+00,9.302037313780467942e-01,4.573483297315930618e-01,1.081323261954337915e-03,1.000021626465239066e+00,1.000032439697858599e+00,1.000037846664946439e+00,9.302056911432492470e-01,4.573346599940253943e-01,6.912964295572071767e-04,1.000013825928591116e+00,1.000020738892886785e+00,1.000024195518401715e+00,9.302471033685357771e-01,4.570458014364751076e-01,1.748871522527909762e-04,1.000003497743044978e+00,1.000005246614567689e+00,1.000006121059504371e+00,9.303022621639779333e-01,4.566610567488030847e-01,2.369866046597191509e-07,1.000000004739732162e+00,1.000000007109598243e+00,1.000000008294531284e+00,9.303210022824235370e-01,4.565303400425589908e-01
1.340609560432124425e-01,8.817868163710027574e-01,9.313181183993284318e-01,6.040089419873532206e-01,4.562073462632531551e-01,1.102657741414014327e-03,1.099907971485301070e-03,1.000021998159429604e+00,1.000032997239144628e+00,1.000038497141941152e+00,9.312003197508790242e-01,4.570395687307046706e-01,1.078393879133510321e-03,1.000021567877582562e+00,1.000032351816374065e+00,1.000037744134649742e+00,9.312026072955735811e-01,4.570234077646992410e-01,1.060247828282705933e-03,1.000021204956565546e+00,1.000031807434848430e+00,1.000037109011227443e+00,9.312045372331053672e-01,4.570097732077003649e-01,6.778227787432620577e-04,1.000013556455574770e+00,1.000020334683362266e+00,1.000023723935088871e+00,9.312453191626243187e-01,4.567216580756509048e-01,1.714785299591554176e-04,1.000003429570599289e+00,1.000005144355898823e+00,1.000006001757369978e+00,9.312996384366930558e-01,4.563379036406354228e-01,2.323676385805615076e-07,1.000000004647352725e+00,1.000000006971029087e+00,1.000000008132867269e+00,9.313180933284234131e-01,4.562075233844591904e-01
1.320532917412602369e-01,8.833506401998590940e-01,9.323145010826662249e-01,6.029332433843973549e-01,4.558820822595754385e-01,1.080966385014852293e-03,1.078270708244241779e-03,1.000021565414164870e+00,1.000032348121247416e+00,1.000037739823588900e+00,9.321985183603112013e-01,4.567121612603565750e-01,1.057179838645332321e-03,1.000021143596772966e+00,1.000031715395159448e+00,1.000037001629641376e+00,9.322007706414516814e-01,4.566960419160098206e-01,1.039390754821973217e-03,1.000020787815096401e+00,1.000031181722644602e+00,1.000036379000518671e+00,9.322026708281047069e-01,4.566824424741198762e-01,6.644887269183178281e-04,1.000013289774538405e+00,1.000019934661807497e+00,1.000023257237905749e+00,9.322428240846061254e-01,4.563950693839368689e-01,1.681052240198359837e-04,1.000003362104480376e+00,1.000005043156720674e+00,1.000005883691318598e+00,9.322963059988250700e-01,4.560123033574951523e-01,2.277965290922999861e-07,1.000000004555930522e+00,1.000000006833895894e+00,1.000000007972878580e+00,9.323144763982431638e-01,4.558822589245624668e-01
1.300491816714923754e-01,8.849172374257795459e-01,9.333101704498711904e-01,6.018570762311762357e-01,4.555543769574657564e-01,1.059499531106265942e-03,1.056857387637173034e-03,1.000021137147752759e+00,1.000031705721629027e+00,1.000036990343651455e+00,9.331959989748568329e-01,4.563823164882730987e-01,1.036185360495125735e-03,1.000020723707209847e+00,1.000031085560814770e+00,1.000036266809721353e+00,9.331982160832948958e-01,4.563662386880310007e-01,1.018749549140640295e-03,1.000020374990982841e+00,1.000030562486474262e+00,1.000035656545575025e+00,9.332000865957185143e-01,4.563526742958185500e-01,6.512926806560077235e-04,1.000013025853613069e+00,1.000019538780419603e+00,1.000022795371077411e+00,9.332396127989301959e-01,4.560660418644623126e-01,1.647668313229581731e-04,1.000003295336626463e+00,1.000004943004939584e+00,1.000005766847240629e+00,9.332922595107946417e-01,4.556842624033201061e-01,2.232727299448914708e-07,1.000000004465454673e+00,1.000000006698182009e+00,1.000000007814545677e+00,9.333101461509341057e-01,4.555545531670848747e-01
1.280486195417387396e-01,8.864866129673050210e-01,9.343051211742755546e-01,6.007804516572866627e-01,4.552242369273705735e-01,1.038254619309033049e-03,1.035665455669858466e-03,1.000020713309113463e+00,1.000031069963670083e+00,1.000036248612729439e+00,9.341927562765787174e-01,4.560500409831325097e-01,1.015407940644531088e-03,1.000020308158812821e+00,1.000030462238219231e+00,1.000035539587238231e+00,9.341949383029966025e-01,4.560340046494748556e-01,9.983217493356086845e-04,1.000019966434986696e+00,1.000029949652480044e+00,1.000034941560220547e+00,9.341967792176970597e-01,4.560204752415362162e-01,6.382330660469546753e-04,1.000012764661320830e+00,1.000019146991981467e+00,1.000022338279513923e+00,9.342356799843256621e-01,4.557345820865715269e-01,1.614629536941395772e-04,1.000003229259073922e+00,1.000004843888610884e+00,1.000005651211200552e+00,9.342874936473047898e-01,4.553537873482736420e-01,2.187957015790045878e-07,1.000000004375914076e+00,1.000000006563871002e+00,1.000000007657849688e+00,9.343050972598306858e-01,4.552244126824727122e-01
1.260515990709676348e-01,8.880587717516988944e-01,9.352993479436394475e-01,5.997033807958573881e-01,4.548916688055668067e-01,1.017229120584219396e-03,1.014692389610193915e-03,1.000020293847792230e+00,1.000030440771688234e+00,1.000035514542516601e+00,9.351887849619628934e-01,4.557153413794182151e-01,9.948451057058380238e-04,1.000019896902114125e+00,1.000029845353171076e+00,1.000034819875614600e+00,9.351909319968736423e-01,4.556993464348590428e-01,9.781049236386723123e-04,1.000019562098472869e+00,1.000029343147709193e+00,1.000034233959334218e+00,9.351927433902144093e-01,4.556858519458196755e-01,6.253083284471983505e-04,1.000012506166569004e+00,1.000018759249853506e+00,1.000021885908798813e+00,9.352310203339467831e-01,4.554006966854233784e-01,1.581931978328460469e-04,1.000003163863956601e+00,1.000004745795934902e+00,1.000005536769431602e+00,9.352820030974851040e-01,4.550208848283461283e-01,2.143649110397767422e-07,1.000000004287298294e+00,1.000000006430947330e+00,1.000000007502771959e+00,9.352993244126945882e-01,4.548918441070024521e-01
1.240581139892669160e-01,8.896337187149635506e-01,9.362928454602933437e-01,5.986258747830499605e-01,4.545566792937579259e-01,9.964205368294088653e-04,9.939356975854453987e-04,1.000019878713951815e+00,1.000029818070927501e+00,1.000034788045788048e+00,9.361840797420624138e-01,4.553782243770160276e-01,9.744944125470992495e-04,1.000019489888250845e+00,1.000029234832376490e+00,1.000034107589330867e+00,9.361861918758096479e-01,4.553622707441035145e-01,9.580966700282776216e-04,1.000019161933400458e+00,1.000028742900100909e+00,1.000033533658835738e+00,9.361879738240113102e-01,4.553488111086176904e-01,6.125169322299910254e-04,1.000012250338644604e+00,1.000018375507966795e+00,1.000021438205181079e+00,9.362256285555160540e-01,4.550643923615882991e-01,1.549571752495999615e-04,1.000003099143504937e+00,1.000004648715257405e+00,1.000005423508337099e+00,9.362757825650354082e-01,4.546855615449502674e-01,2.099798318917261384e-07,1.000000004199596670e+00,1.000000006299395006e+00,1.000000007349294062e+00,9.362928223118583970e-01,4.545568541423771758e-01
1.220681580378251141e-01,8.912114588018545946e-01,9.372856084412810596e-01,5.975479447575596792e-01,4.542192751586652810e-01,9.758264004803050102e-04,9.733929181848429433e-04,1.000019467858363598e+00,1.000029201787545619e+00,1.000034069036384476e+00,9.371786353426394545e-01,4.550386967408056038e-01,9.543534479024988514e-04,1.000019087068958035e+00,1.000028630603437163e+00,1.000033402643913938e+00,9.371807126653977082e-01,4.550227843421232321e-01,9.382946158464470793e-04,1.000018765892316974e+00,1.000028148838475461e+00,1.000032840575673543e+00,9.371824652445381876e-01,4.550093594948751430e-01,5.998573605408951803e-04,1.000011997147210785e+00,1.000017995720816177e+00,1.000020995115567635e+00,9.372194993714668687e-01,4.547256758806403343e-01,1.517545022040236308e-04,1.000003035090044179e+00,1.000004552635066046e+00,1.000005311414486231e+00,9.372688267683680907e-01,4.543478242645137000e-01,2.056399441347955948e-07,1.000000004112798990e+00,1.000000006169198263e+00,1.000000007197398233e+00,9.372855856743675940e-01,4.542194495553178446e-01
1.200817249689096755e-01,8.927919969658973942e-01,9.382776316185014176e-01,5.964696018601182148e-01,4.538794632316169864e-01,9.554442741176629849e-04,9.530616200674942593e-04,1.000019061232401363e+00,1.000028591848602044e+00,1.000033357429200409e+00,9.381724465043067562e-01,4.546967653002495502e-01,9.344198279879345351e-04,1.000018688396559829e+00,1.000028032594839633e+00,1.000032704955921670e+00,9.381744891060814773e-01,4.546808940584160519e-01,9.186964174208296597e-04,1.000018373928348359e+00,1.000027560892522649e+00,1.000032154627810810e+00,9.381762123920959207e-01,4.546675039341194768e-01,5.873281150561577690e-04,1.000011746562301074e+00,1.000017619843451611e+00,1.000020556587513321e+00,9.382126275190846298e-01,4.543845540727450838e-01,1.485847996437118681e-04,1.000002971695992837e+00,1.000004457543989256e+00,1.000005200474610501e+00,9.382611304407495467e-01,4.540076798180663342e-01,2.013447341215196300e-07,1.000000004026894596e+00,1.000000006040342004e+00,1.000000007047065598e+00,9.382776092321227779e-01,4.538796371771520732e-01
1.180988085458496428e-01,8.943753381694021787e-01,9.392689097388481345e-01,5.953908572329961180e-01,4.535372504081304212e-01,9.352717500794668513e-04,9.329394015755280729e-04,1.000018658788031534e+00,1.000027988182047300e+00,1.000032653140167982e+00,9.391655079826687347e-01,4.543524369489769232e-01,9.146911981217280361e-04,1.000018293823962345e+00,1.000027440735943740e+00,1.000032014442932216e+00,9.391675159532962835e-01,4.543366067866469460e-01,8.992997596917949284e-04,1.000017985995193870e+00,1.000026978992790694e+00,1.000031475734211250e+00,9.391692100219775075e-01,4.543232513200464173e-01,5.749277157443086900e-04,1.000011498554314926e+00,1.000017247831472389e+00,1.000020122569213576e+00,9.392050077506477468e-01,4.540410338322440342e-01,1.454476931439201007e-04,1.000002908953862901e+00,1.000004363430794241e+00,1.000005090675606612e+00,9.392526883304412877e-01,4.536651351008243460e-01,1.970936944752970333e-07,1.000000003941873938e+00,1.000000005912810908e+00,1.000000006898279281e+00,9.392688877320198859e-01,4.535374239033969634e-01
1.161194025430143384e-01,8.959614873834798043e-01,9.402594375643510416e-01,5.943117220195072159e-01,4.531926436474938424e-01,9.153064500782647590e-04,9.130238903523838368e-04,1.000018260477806953e+00,1.000027390716710540e+00,1.000031956086246065e+00,9.401578145484610349e-01,4.540057186443641202e-01,8.951652323503811893e-04,1.000017903304647016e+00,1.000026854956970412e+00,1.000031331023528258e+00,9.401597879776089073e-01,4.539899294842289490e-01,8.801023558444852910e-04,1.000017602047116982e+00,1.000026403070675363e+00,1.000030803814828895e+00,9.401614529046067315e-01,4.539766086100993081e-01,5.626547006309305481e-04,1.000011253094012620e+00,1.000016879641018930e+00,1.000019693009496224e+00,9.401966348335676349e-01,4.536951221172346727e-01,1.423428128480548702e-04,1.000002846856256955e+00,1.000004270284385433e+00,1.000004982004528253e+00,9.402434952008392743e-01,4.533201970717705698e-01,1.928863240097502838e-07,1.000000003857726583e+00,1.000000005786589652e+00,1.000000006751021520e+00,9.402594159360899706e-01,4.531928166933402724e-01
1.141435007457951567e-01,8.975504495880568534e-01,9.412492098723135303e-01,5.932322073635127868e-01,4.528456499723407802e-01,8.955460248236383645e-04,8.933127429662228881e-04,1.000017866254859333e+00,1.000026799382288889e+00,1.000031266185406054e+00,9.411493609876889765e-01,4.536566174071109958e-01,8.758396330793529394e-04,1.000017516792661487e+00,1.000026275188992342e+00,1.000030654617286352e+00,9.411512999648556921e-01,4.536408691718984976e-01,8.611019469458060238e-04,1.000017222038938947e+00,1.000025833058408420e+00,1.000030138790592105e+00,9.411529358256778277e-01,4.536275828250459496e-01,5.505076255665835531e-04,1.000011010152511259e+00,1.000016515228767000e+00,1.000019267857812144e+00,9.411875035505268272e-01,4.533468259491465480e-01,1.392697934089623607e-04,1.000002785395868177e+00,1.000004178093802265e+00,1.000004874448588321e+00,9.412335458306130276e-01,4.529728727532306709e-01,1.887221276491669754e-07,1.000000003774442536e+00,1.000000005661663804e+00,1.000000006605274550e+00,9.412491886216388659e-01,4.528458225696151973e-01
1.121710969505846922e-01,8.991422297718921763e-01,9.422382214554514412e-01,5.921523244089280658e-01,4.524962764682235461e-01,8.759881536496594723e-04,8.738036445383137079e-04,1.000017476072890821e+00,1.000026214109336120e+00,1.000030583356618763e+00,9.421401421017658873e-01,4.533051403208134267e-01,8.567121307087135259e-04,1.000017134242614070e+00,1.000025701363921327e+00,1.000029985144761602e+00,9.421420467162813228e-01,4.532894329332888828e-01,8.422963015862109477e-04,1.000016845926031683e+00,1.000025268889047636e+00,1.000029480583394470e+00,9.421436535862929285e-01,4.532761810485509968e-01,5.384850639977969760e-04,1.000010769701279889e+00,1.000016154551919945e+00,1.000018847064229721e+00,9.421776086996176414e-01,4.529961524123140015e-01,1.362282739309929715e-04,1.000002724565478562e+00,1.000004086848217844e+00,1.000004767995155142e+00,9.422228350138436292e-01,4.526231692304447107e-01,1.846006163499923030e-07,1.000000003692012251e+00,1.000000005538018488e+00,1.000000006461021496e+00,9.422382005813839667e-01,4.524964486177735501e-01
1.102021849647576435e-01,9.007368329325924350e-01,9.432264671220295105e-01,5.910720842992283064e-01,4.521445302831805790e-01,8.566305441473472332e-04,8.544943083764062466e-04,1.000017089886167554e+00,1.000025634829251331e+00,1.000029907519841332e+00,9.431301527076498825e-01,4.529512945315324335e-01,8.377804832736892877e-04,1.000016755609665520e+00,1.000025133414498280e+00,1.000029322527477449e+00,9.431320230486751610e-01,4.529356279144987618e-01,8.236832155262953457e-04,1.000016473664310457e+00,1.000024710496465685e+00,1.000028829116079709e+00,9.431336010030991757e-01,4.529224104267449147e-01,5.265856067411343183e-04,1.000010531712134831e+00,1.000015797568202247e+00,1.000018430579423523e+00,9.431669450944787370e-01,4.526431086535445680e-01,1.332178979128432626e-04,1.000002664357958260e+00,1.000003996536937390e+00,1.000004662631751140e+00,9.432113575601603905e-01,4.522710936511363244e-01,1.805213070233750199e-07,1.000000003610426180e+00,1.000000005415639270e+00,1.000000006318245926e+00,9.432264466235918965e-01,4.521447019858533811e-01
1.082367586066541598e-01,9.023342640766253142e-01,9.442139416959977050e-01,5.899914981769572853e-01,4.517904186273022371e-01,8.374709318020540170e-04,8.353824756130214793e-04,1.000016707649512337e+00,1.000025061474268284e+00,1.000029238596005676e+00,9.441193876379798677e-01,4.525950872473587516e-01,8.190424760900284805e-04,1.000016380849521713e+00,1.000024571274282792e+00,1.000028666687912349e+00,9.441212237945074692e-01,4.525794613236570063e-01,8.052605113481287958e-04,1.000016105210226991e+00,1.000024157815340375e+00,1.000028184312430346e+00,9.441227729084243903e-01,4.525662781677888824e-01,5.148078617602878503e-04,1.000010296157235246e+00,1.000015444235852868e+00,1.000018018354669858e+00,9.441555075644312289e-01,4.522877018816842121e-01,1.302383131911643503e-04,1.000002604766263792e+00,1.000003907149395799e+00,1.000004558346050398e+00,9.441991082948770764e-01,4.519166532250769586e-01,1.764837224587524930e-07,1.000000003529674553e+00,1.000000005294511718e+00,1.000000006176930301e+00,9.442139215722145096e-01,4.517905898839443823e-01
1.062748117055556385e-01,9.039345282193395059e-01,9.452006400171261147e-01,5.889105771832358061e-01,4.514339487722907052e-01,8.185070796355843701e-04,8.164659148484632034e-04,1.000016329318296870e+00,1.000024493977445417e+00,1.000028576507004496e+00,9.451078417412107635e-01,4.522365257379744041e-01,8.004959214039945783e-04,1.000016009918428095e+00,1.000024014877642031e+00,1.000028017549487336e+00,9.451096438020645252e-01,4.522209404304841085e-01,7.870260381111387257e-04,1.000015740520762142e+00,1.000023610781143324e+00,1.000027546097156828e+00,9.451111641504129635e-01,4.522077915414359772e-01,5.031504539460833654e-04,1.000010063009078909e+00,1.000015094513618363e+00,1.000017610341836338e+00,9.451432909546135797e-01,4.519299393671780130e-01,1.272891718849065838e-04,1.000002545783437613e+00,1.000003818675156531e+00,1.000004455125876657e+00,9.451860820591270196e-01,4.515598552236471663e-01,1.724873912484328214e-07,1.000000003449747821e+00,1.000000005174621842e+00,1.000000006037058631e+00,9.452006202670237833e-01,4.514341195837485721e-01
1.043163381016678493e-01,9.055376303849775876e-01,9.461865569411394006e-01,5.878293324572718692e-01,4.510751280510178485e-01,7.997367778531676210e-04,7.977424217986710166e-04,1.000015954848435973e+00,1.000023932272654070e+00,1.000027921175681067e+00,9.460955098817470654e-01,4.518756173342103888e-01,7.821386580471077288e-04,1.000015642773161018e+00,1.000023464159741415e+00,1.000027375036554034e+00,9.460972779355826257e-01,4.518600725658501460e-01,7.689776710126611323e-04,1.000015379553420347e+00,1.000023069330130410e+00,1.000026914395883759e+00,9.460987695931586394e-01,4.518469578785888063e-01,4.916120248994674657e-04,1.000009832240497998e+00,1.000014748360746886e+00,1.000017206493376110e+00,9.461302901261160470e-01,4.515698284416281294e-01,1.243701303404188543e-04,1.000002487402606777e+00,1.000003731103910276e+00,1.000004352959202203e+00,9.461722737099972358e-01,4.512007069793940728e-01,1.685318477131999590e-07,1.000000003370636881e+00,1.000000005055955432e+00,1.000000005898614708e+00,9.461865375637463771e-01,4.510752984181375935e-01
1.023613316461020606e-01,9.071435756066924538e-01,9.471716873398495773e-01,5.867477751358727289e-01,4.507139638570795692e-01,7.811578434951013368e-04,7.792098189477320025e-04,1.000015584196378926e+00,1.000023376294568500e+00,1.000027272525813471e+00,9.470823869400767370e-01,4.515123694276008126e-01,7.639685510954536286e-04,1.000015279371021970e+00,1.000022919056532844e+00,1.000026739074382665e+00,9.470841210753809802e-01,4.514968651213285278e-01,7.511133110529819587e-04,1.000015022266220965e+00,1.000022533399331559e+00,1.000026289135137914e+00,9.470855841168389633e-01,4.514837845708542519e-01,4.801912327173674957e-04,1.000009603824654425e+00,1.000014405736981526e+00,1.000016806762320298e+00,9.471164999561135778e-01,4.512073764973477674e-01,1.214808490772742515e-04,1.000002429616981603e+00,1.000003644425472293e+00,1.000004251834145208e+00,9.471576781206618723e-01,4.508392158855851761e-01,1.646166318289030102e-07,1.000000003292332629e+00,1.000000004938498943e+00,1.000000005761582100e+00,9.471716683341959708e-01,4.507141337807063497e-01
1.004097862008550557e-01,9.087523689265631921e-01,9.481560261012885737e-01,5.856659163529561729e-01,4.503504636443450004e-01,7.627681200930387434e-04,7.608659552050261879e-04,1.000015217319104144e+00,1.000022825978656105e+00,1.000026630482107270e+00,9.480684678129025489e-01,4.511467894699335290e-01,7.459834915335342284e-04,1.000014919669830693e+00,1.000022379504746040e+00,1.000026109589151169e+00,9.480701681179944940e-01,4.511313255487467977e-01,7.334308847048448413e-04,1.000014668617694058e+00,1.000022002926541198e+00,1.000025670242340903e+00,9.480716026178466205e-01,4.511182790700932199e-01,4.688867517814050961e-04,1.000009377735035621e+00,1.000014066602553431e+00,1.000016411102268687e+00,9.481019153379980358e-01,4.508425909869115400e-01,1.186209927348181643e-04,1.000002372419854790e+00,1.000003558629781963e+00,1.000004151738967062e+00,9.481422901805134362e-01,4.504753893957584299e-01,1.607412891540244308e-07,1.000000003214825739e+00,1.000000004822238608e+00,1.000000005625945043e+00,9.481560074664063809e-01,4.503506331253239181e-01
9.846169563878981457e-02,9.103640153956107373e-01,9.491395681298391285e-01,5.845837672390657991e-01,4.499846349265040901e-01,7.445654773308254572e-04,7.427087055669081943e-04,1.000014854174111401e+00,1.000022281261166990e+00,1.000025994970179744e+00,9.490537474132737517e-01,4.507788849727970004e-01,7.281813959225676798e-04,1.000014563627918518e+00,1.000021845441877666e+00,1.000025486507931882e+00,9.490554139763039965e-01,4.507634613597336082e-01,7.159283435873320953e-04,1.000014318566871729e+00,1.000021477850307594e+00,1.000025057645791637e+00,9.490568200089206652e-01,4.507504488879685578e-01,4.576972725494067281e-04,1.000009153945450979e+00,1.000013730918176469e+00,1.000016019467385275e+00,9.490865311815093186e-01,4.504754794227025516e-01,1.157902300194235803e-04,1.000002315804600306e+00,1.000003473706900570e+00,1.000004052662072818e+00,9.491261047952951335e-01,4.501092350232697714e-01,1.569053707582065145e-07,1.000000003138107330e+00,1.000000004707161105e+00,1.000000005491687771e+00,9.491395498647620110e-01,4.499848039656795806e-01
9.651705384361641826e-02,9.119785200738140807e-01,9.501223083463649077e-01,5.835013389208854040e-01,4.496164852766107445e-01,7.265478107098849881e-04,7.247359707829276838e-04,1.000014494719415614e+00,1.000021742079123532e+00,1.000025365916550113e+00,9.500382206707163046e-01,4.504086635071243849e-01,7.105602060732371964e-04,1.000014211204121484e+00,1.000021316806182226e+00,1.000024869758681545e+00,9.500398535796673594e-01,4.503932801252625850e-01,6.986036641441201308e-04,1.000013972073282797e+00,1.000020958109924418e+00,1.000024451274659221e+00,9.500412312192770825e-01,4.503803015954879196e-01,4.466215013497103550e-04,1.000008932430026976e+00,1.000013398645040574e+00,1.000015631812388506e+00,9.500703424128655872e-01,4.501060493764556525e-01,1.129882336524539349e-04,1.000002259764672941e+00,1.000003389647009522e+00,1.000003954592007416e+00,9.501091168872303205e-01,4.497407603408355992e-01,1.531084331517368793e-07,1.000000003062168741e+00,1.000000004593252889e+00,1.000000005358795185e+00,9.501222904501286370e-01,4.496166538748269104e-01
9.457585470987250886e-02,9.135958880301258134e-01,9.511042416883400685e-01,5.824186425207555917e-01,4.492460223266229735e-01,7.087130412190173782e-04,7.069456770264512333e-04,1.000014138913540629e+00,1.000021208370310832e+00,1.000024743248627557e+00,9.510218825313614399e-01,4.500361327027336267e-01,6.931178887227554741e-04,1.000013862357774563e+00,1.000020793536661623e+00,1.000024259270229088e+00,9.510234818740478380e-01,4.500207894751926396e-01,6.814548473259782191e-04,1.000013629096946577e+00,1.000020443645419865e+00,1.000023851058970736e+00,9.510248311947373523e-01,4.500078448225448557e-01,4.356581601781850149e-04,1.000008713163203611e+00,1.000013069744805305e+00,1.000015248092545717e+00,9.510533439748923845e-01,4.497343084787988055e-01,1.102146803189122607e-04,1.000002204293606312e+00,1.000003306440409467e+00,1.000003857517455241e+00,9.510913213951517342e-01,4.493699729800738618e-01,1.493500382159636788e-07,1.000000002987000869e+00,1.000000004480501081e+00,1.000000005227251521e+00,9.511042241599820812e-01,4.492461904847234733e-01
9.263809214290485983e-02,9.152161243424882242e-01,9.520853631099774894e-01,5.813356891561924922e-01,4.488732537669397060e-01,6.910591150086263729e-04,6.893357755697021149e-04,1.000013786715511444e+00,1.000020680073267165e+00,1.000024126894700105e+00,9.520047279580743371e-01,4.496613002478649368e-01,6.758524352162606063e-04,1.000013517048704337e+00,1.000020275573056505e+00,1.000023654972265641e+00,9.520062938221428572e-01,4.496459970978053389e-01,6.644799182775252460e-04,1.000013289598365551e+00,1.000019934397548216e+00,1.000023256929599702e+00,9.520076148978572350e-01,4.496330862574555165e-01,4.248059864979724992e-04,1.000008496119729973e+00,1.000012744179594959e+00,1.000014868263665591e+00,9.520355308271507555e-01,4.493602644187882911e-01,1.074692506167789679e-04,1.000002149385012418e+00,1.000003224077518516e+00,1.000003761427236570e+00,9.520727132746302779e-01,4.489968806310402627e-01,1.456297531346441373e-07,1.000000002912595054e+00,1.000000004368892581e+00,1.000000005097041456e+00,9.520853459485369985e-01,4.488734214857675875e-01
9.070376005884983606e-02,9.168392340978490651e-01,9.530656675823551138e-01,5.802524899394068125e-01,4.484981873459343293e-01,6.735840030692288654e-04,6.719042424630711826e-04,1.000013438084849327e+00,1.000020157127273990e+00,1.000023516783922872e+00,9.529867519305812440e-01,4.492841738887138892e-01,6.587618611923999482e-04,1.000013175237223884e+00,1.000019762855835825e+00,1.000023056795331877e+00,9.529882844035104661e-01,4.492689107393377235e-01,6.476769260281045907e-04,1.000012953538520488e+00,1.000019430307780732e+00,1.000022668818256300e+00,9.529895773080532262e-01,4.492560336464923032e-01,4.140637330418617452e-04,1.000008281274660904e+00,1.000012421911991245e+00,1.000014492282091272e+00,9.530168979460644785e-01,4.489839249434441348e-01,1.047516290070156226e-04,1.000002095032580085e+00,1.000003142548870239e+00,1.000003666310306905e+00,9.530532874981014757e-01,4.486214910417620771e-01,1.419471503261955994e-07,1.000000002838943081e+00,1.000000004258414510e+00,1.000000004968150336e+00,9.530656507868733307e-01,4.484983546263322518e-01
8.877285238461363193e-02,9.184652223921778713e-01,9.540451500935430706e-01,5.791690559768245539e-01,4.481208308694846210e-01,6.562857009142836944e-04,6.546490782187369207e-04,1.000013092981564267e+00,1.000019639472346622e+00,1.000022912846307177e+00,9.539679494455953757e-01,4.489047614289627397e-01,6.418442062731381402e-04,1.000012836884125456e+00,1.000019255326188183e+00,1.000022464670808686e+00,9.539694486146962360e-01,4.488895382035141268e-01,6.310439431868111737e-04,1.000012620878863778e+00,1.000018931318295667e+00,1.000022086657476494e+00,9.539707134217294549e-01,4.488766947934150764e-01,4.034301676173180609e-04,1.000008068603352340e+00,1.000012102905028621e+00,1.000014120104693260e+00,9.539974403250462975e-01,4.486052978572793726e-01,1.020615037642404573e-04,1.000002041230075189e+00,1.000003061845113006e+00,1.000003572155756748e+00,9.540330390549920381e-01,4.482438120177685281e-01,1.383018073768566095e-07,1.000000002766036067e+00,1.000000004149054211e+00,1.000000004840563284e+00,9.540451336630629831e-01,4.481209977122948551e-01
8.684536305785472976e-02,9.200940943304813935e-01,9.550238056487284632e-01,5.780853983686106146e-01,4.477411922005009592e-01,6.391622282671999321e-04,6.375683074984538155e-04,1.000012751366149866e+00,1.000019127049224910e+00,1.000022315012710328e+00,9.549483155169418147e-01,4.485230707293074714e-01,6.250975337576527907e-04,1.000012501950675148e+00,1.000018752926012722e+00,1.000021878530905628e+00,9.549497814693579389e-01,4.485078873510729980e-01,6.145790656415382920e-04,1.000012291581312773e+00,1.000018437371969160e+00,1.000021510380609602e+00,9.549510182524019175e-01,4.484950775589980898e-01,3.929040729140817457e-04,1.000007858081458201e+00,1.000011787122187412e+00,1.000013751688864083e+00,9.549771529746229337e-01,4.482243910218282612e-01,9.939856692805383164e-05,1.000001987971338657e+00,1.000002981957007764e+00,1.000003478952806502e+00,9.550119629518448727e-01,4.478638514216181643e-01,1.346933069747289067e-07,1.000000002693866241e+00,1.000000004040799251e+00,1.000000004714265867e+00,9.550237895822950573e-01,4.477413586065650541e-01
8.492128602696302764e-02,9.217258550268203621e-01,9.560016292703391594e-01,5.770015282081917274e-01,4.473592792584491495e-01,6.222116287525095938e-04,6.206599788054959323e-04,1.000012413199576011e+00,1.000018619799364128e+00,1.000021723214823632e+00,9.559278451756821893e-01,4.481391097069824525e-01,6.085199303203028560e-04,1.000012170398606459e+00,1.000018255597909578e+00,1.000021298308650275e+00,9.559292779983893373e-01,4.481239660992915597e-01,5.982804122620284139e-04,1.000011965608245346e+00,1.000017948412367907e+00,1.000020939921811181e+00,9.559304868308231562e-01,4.481111898605541488e-01,3.824842463143266749e-04,1.000007649684926392e+00,1.000011474527389366e+00,1.000013386992509412e+00,9.559560309225588748e-01,4.478412123551699930e-01,9.676251425501127522e-05,1.000001935250285134e+00,1.000002902875427591e+00,1.000003386690807794e+00,9.559900542124428746e-01,4.474816171724225189e-01,1.311212368446970247e-07,1.000000002622424722e+00,1.000000003933637194e+00,1.000000004589243430e+00,9.560016135669993087e-01,4.473594452286084877e-01
8.300061525104251992e-02,9.233605096043248084e-01,9.569786159981676921e-01,5.759174565817831715e-01,4.469751000188727508e-01,6.054319695911476295e-04,6.039221641806959574e-04,1.000012078443283547e+00,1.000018117664925432e+00,1.000021137385163073e+00,9.569065334702370196e-01,4.477528863352820410e-01,5.921095057126138806e-04,1.000011842190114297e+00,1.000017763285171446e+00,1.000020723937878220e+00,9.569079332500434187e-01,4.477377824215067470e-01,5.821461246068726373e-04,1.000011642922492117e+00,1.000017464383738286e+00,1.000020375216029489e+00,9.569091142051052712e-01,4.477250396714573810e-01,3.721694997053435583e-04,1.000007443389994144e+00,1.000011165084991216e+00,1.000013025974042735e+00,9.569340692139798321e-01,4.474557698314505227e-01,9.415304517123538209e-05,1.000001883060903429e+00,1.000002824591355033e+00,1.000003295359240374e+00,9.569673078779326048e-01,4.470971172453683251e-01,1.275851896842133737e-07,1.000000002551703737e+00,1.000000003827555606e+00,1.000000004465481540e+00,9.569786006569696024e-01,4.469752655539682151e-01
8.108334469989153526e-02,9.249980631952107180e-01,9.579547608894919408e-01,5.748331945679164834e-01,4.465886625129111276e-01,5.888213412997667746e-04,5.873529589025105330e-04,1.000011747059178058e+00,1.000017620588766976e+00,1.000020557457056425e+00,9.578843754665081756e-01,4.473644086430784705e-01,5.758643924692096253e-04,1.000011517287849427e+00,1.000017275931774030e+00,1.000020155353222417e+00,9.578857422900549645e-01,4.473493443466347030e-01,5.661743666343910502e-04,1.000011323487332682e+00,1.000016985230999023e+00,1.000019816198998157e+00,9.578868954408412684e-01,4.473366350206597897e-01,3.619586592947035813e-04,1.000007239173185791e+00,1.000010858759778909e+00,1.000012668592379361e+00,9.579112629114945321e-01,4.470680714804007305e-01,9.156986272565503847e-05,1.000001831397254515e+00,1.000002747095881661e+00,1.000003204947710778e+00,9.579437190069455266e-01,4.467103596712345137e-01,1.240847630999334794e-07,1.000000002481695294e+00,1.000000003722542941e+00,1.000000004342966875e+00,9.579547459094861495e-01,4.465888276137828239e-01
7.916946835398319671e-02,9.266385209407959067e-01,9.589300590191971452e-01,5.737487532369676124e-01,4.461999748268138388e-01,5.723778573940314224e-04,5.709504811910537728e-04,1.000011419009623870e+00,1.000017128514435694e+00,1.000019983364637044e+00,9.588613662479995581e-01,4.469736847143379044e-01,5.597827456176346795e-04,1.000011195654912255e+00,1.000016793482368493e+00,1.000019592490103415e+00,9.588627002017603429e-01,4.469586599586850562e-01,5.503633244173378311e-04,1.000011007266488283e+00,1.000016510899732536e+00,1.000019262807224640e+00,9.588638256212266286e-01,4.469459839922083622e-01,3.518505654278681152e-04,1.000007037011308553e+00,1.000010555516962940e+00,1.000012314806929536e+00,9.588876070953153974e-01,4.466781253868516988e-01,8.901267354386358075e-05,1.000001780253470862e+00,1.000002670380206293e+00,1.000003115445950996e+00,9.589192826757197974e-01,4.463213525359088774e-01,1.206195595451900491e-07,1.000000002412391176e+00,1.000000003618586764e+00,1.000000004221684557e+00,9.589300443994358547e-01,4.462001394943014287e-01
7.725898020444788017e-02,9.282818879915160082e-01,9.599045054798953647e-01,5.726641436506894056e-01,4.458090451014541378e-01,5.560996540958680753e-04,5.547128719160779233e-04,1.000011094257438282e+00,1.000016641386157534e+00,1.000019415042828985e+00,9.598375009159366700e-01,4.465807226876327141e-01,5.438627423920470256e-04,1.000010877254847941e+00,1.000016315882271689e+00,1.000019035284719804e+00,9.598388020862178571e-01,4.465657373962743093e-01,5.347112058614115733e-04,1.000010694224117147e+00,1.000016041336175832e+00,1.000018714977979783e+00,9.598398998471787680e-01,4.465530947247568494e-01,3.418440724082304010e-04,1.000006836881448091e+00,1.000010255322172137e+00,1.000011964577591339e+00,9.598630968633790062e-01,4.462859396902476017e-01,8.648118778259211627e-05,1.000001729623755553e+00,1.000002594435633441e+00,1.000003026843816034e+00,9.598939939782191733e-01,4.459301039798994615e-01,1.171891862583005709e-07,1.000000002343783834e+00,1.000000003515675528e+00,1.000000004101621709e+00,9.599044912194327761e-01,4.458092093363969499e-01
7.535187425305345243e-02,9.299281695069407938e-01,9.608780953820444948e-01,5.715793768617429826e-01,4.454158815318381981e-01,5.399848900445809773e-04,5.386382943088090149e-04,1.000010772765886236e+00,1.000016159148829242e+00,1.000018852427340121e+00,9.608127745893858540e-01,4.461855307556521488e-01,5.281025819506904567e-04,1.000010562051639074e+00,1.000015843077458610e+00,1.000018483674036229e+00,9.608140430623270944e-01,4.461705848521363982e-01,5.192162404274817131e-04,1.000010384324808488e+00,1.000015576487212732e+00,1.000018172649290715e+00,9.608151132374559422e-01,4.461579754110762686e-01,3.319380483195334252e-04,1.000006638760966293e+00,1.000009958141449662e+00,1.000011617864746016e+00,9.608377273314641087e-01,4.458915225841552643e-01,8.397511908478408847e-05,1.000001679502381613e+00,1.000002519253572641e+00,1.000002939131283686e+00,9.608678480262526911e-01,4.455366221978448449e-01,1.137932552016894673e-07,1.000000002275865052e+00,1.000000003413797689e+00,1.000000003982763896e+00,9.608780814799363634e-01,4.454160453350750060e-01
7.344814451218661944e-02,9.315773706557907152e-01,9.618508238540656174e-01,5.704944639132334405e-01,4.450204923666120638e-01,5.240317460117940038e-04,5.227249336775999884e-04,1.000010454498673651e+00,1.000015681748010365e+00,1.000018295454651263e+00,9.617871824053719765e-01,4.457881171647085083e-01,5.125004850971091180e-04,1.000010250009701895e+00,1.000015375014552843e+00,1.000017937595775397e+00,9.617884182669453885e-01,4.457732105726279204e-01,5.038766788574941969e-04,1.000010077533577180e+00,1.000015116300365658e+00,1.000017635759927526e+00,9.617894609287749308e-01,4.457606342975614644e-01,3.221313748506396467e-04,1.000006442627497050e+00,1.000009663941245464e+00,1.000011274629250435e+00,9.618114936333099774e-01,4.454948823157717230e-01,8.149418453526475722e-05,1.000001629883690679e+00,1.000002444825536019e+00,1.000002852298450984e+00,9.618408399495916861e-01,4.451409154380212563e-01,1.104313830018166915e-07,1.000000002208627725e+00,1.000000003312941477e+00,1.000000003865098464e+00,9.618508103093696970e-01,4.450206557389812523e-01
7.154778500483383041e-02,9.332294966159524474e-01,9.628226860424600186e-01,5.694094158382462245e-01,4.446228859075663786e-01,5.082384246201709964e-04,5.069709971273526168e-04,1.000010139419942545e+00,1.000015209129913929e+00,1.000017744062005276e+00,9.627607195189944456e-01,4.453884902142424274e-01,4.970546940050572272e-04,1.000009941093880084e+00,1.000014911640820126e+00,1.000017396988408969e+00,9.627619228550056141e-01,4.453736228572350853e-01,4.886907929040105276e-04,1.000009773815857983e+00,1.000014660723787197e+00,1.000017104249397049e+00,9.627629380759276101e-01,4.453610796837362273e-01,3.124229471226236269e-04,1.000006248458942482e+00,1.000009372688413611e+00,1.000010934832431753e+00,9.627843909207324247e-01,4.450960271854281780e-01,7.903810461699831678e-05,1.000001580762092335e+00,1.000002371143138502e+00,1.000002766335535753e+00,9.628129648960868092e-01,4.447429920018464711e-01,1.071031908899024401e-07,1.000000002142063860e+00,1.000000003213095789e+00,1.000000003748611643e+00,9.628226728542357282e-01,4.446230488499056666e-01
6.965078976456373638e-02,9.348845525744956531e-01,9.637936771119246515e-01,5.683242436593854974e-01,4.442230705091377296e-01,4.926031500658670540e-04,4.913747132826604093e-04,1.000009827494265702e+00,1.000014741241398442e+00,1.000017198187399536e+00,9.637333811035432296e-01,4.449866582563246631e-01,4.817634719470582721e-04,1.000009635269438979e+00,1.000014452904158357e+00,1.000016861791146905e+00,9.637345519996310950e-01,4.449718300580736696e-01,4.736568750633336766e-04,1.000009473137501326e+00,1.000014209706251878e+00,1.000016578057932426e+00,9.637355398518966387e-01,4.449593199217550255e-01,3.028116735181581270e-04,1.000006056233470275e+00,1.000009084350205635e+00,1.000010598436081422e+00,9.637564143637401548e-01,4.446949655460921136e-01,7.660660316792523817e-05,1.000001532132063442e+00,1.000002298198094941e+00,1.000002681232871504e+00,9.637842180317838237e-01,4.443428602433822650e-01,1.038083046434382054e-07,1.000000002076166128e+00,1.000000003114249081e+00,1.000000003633290779e+00,9.637936642792332975e-01,4.442232330222842251e-01
6.775715283550631796e-02,9.365425437276890808e-01,9.647637922454662673e-01,5.672389583883145070e-01,4.438210545779077143e-01,4.771241678446349948e-04,4.759343320145984998e-04,1.000009518686640231e+00,1.000014278029960346e+00,1.000016657769574380e+00,9.647051623506135432e-01,4.445826296951554402e-01,4.666251030265379019e-04,1.000009332502060477e+00,1.000013998753090716e+00,1.000016331943927694e+00,9.647063008922501792e-01,4.445678405793896393e-01,4.587732383121489793e-04,1.000009175464766198e+00,1.000013763197149297e+00,1.000016057126482671e+00,9.647072614479698105e-01,4.445553634159022938e-01,2.932964755131466724e-04,1.000005865929510351e+00,1.000008798894265416e+00,1.000010265402450083e+00,9.647275591506486725e-01,4.442917058028666433e-01,7.419940733836803150e-05,1.000001483988146811e+00,1.000002225982220105e+00,1.000002596980908320e+00,9.647545945410374024e-01,4.439405285688325931e-01,1.005463545284680309e-07,1.000000002010926980e+00,1.000000003016390693e+00,1.000000003519122327e+00,9.647637797673712656e-01,4.438212166626981925e-01
6.586686827233645403e-02,9.382034752810169964e-01,9.657330266445156575e-01,5.661535710252981746e-01,4.434168465721000651e-01,4.617997444815840073e-04,4.606481241711561300e-04,1.000009212962483351e+00,1.000013819443725138e+00,1.000016122748005110e+00,9.656760584702187566e-01,4.441764129865612420e-01,4.516378919135296448e-04,1.000009032757838368e+00,1.000013549136757440e+00,1.000015807387410138e+00,9.656771647427094818e-01,4.441616628770552744e-01,4.440382158476768697e-04,1.000008880764317043e+00,1.000013321146475453e+00,1.000015541396705787e+00,9.656780980738530751e-01,4.441492186220892258e-01,2.838762875106018782e-04,1.000005677525750203e+00,1.000008516288625415e+00,1.000009935694238683e+00,9.656978204881935257e-01,4.438862564124870791e-01,7.181624754900502194e-05,1.000001436324950976e+00,1.000002154487426465e+00,1.000002513570211526e+00,9.657240896266251484e-01,4.435360054360413251e-01,9.731697524263945580e-08,1.000000001946339534e+00,1.000000002919509301e+00,1.000000003406094073e+00,9.657330145200818672e-01,4.434170082293707460e-01
6.397993014025371572e-02,9.398673524491952813e-01,9.667013755290390087e-01,5.650680925587477921e-01,4.430104550010747211e-01,4.466281672644775713e-04,4.455143813111995654e-04,1.000008910287626174e+00,1.000013365431439372e+00,1.000015593062890673e+00,9.666460646909026400e-01,4.437680166374890489e-01,4.368001635838411807e-04,1.000008736003271670e+00,1.000013104004907616e+00,1.000015288062963803e+00,9.666471387793865722e-01,4.437533054580645175e-01,4.294501608312283839e-04,1.000008589003216652e+00,1.000012883504824979e+00,1.000015030810957217e+00,9.666480449577835588e-01,4.437408940473484553e-01,2.745500566766990655e-04,1.000005491001133562e+00,1.000008236501700232e+00,1.000009609274596922e+00,9.666671936016427713e-01,4.434786258828157246e-01,6.945685744939439886e-05,1.000001389137149088e+00,1.000002083705723521e+00,1.000002430991458136e+00,9.666926985098593939e-01,4.431292993539862612e-01,9.411980585900023151e-08,1.000000001882396017e+00,1.000000002823594247e+00,1.000000003294193140e+00,9.667013637573333984e-01,4.430106162316611584e-01
6.209633251496438078e-02,9.415341804561880856e-01,9.676688341376494806e-01,5.639825339647669411e-01,4.426018884248191787e-01,4.316077439805866400e-04,4.305314154419817075e-04,1.000008610628308814e+00,1.000012915942463332e+00,1.000015068655147665e+00,9.676151762598506068e-01,4.433574492054991878e-01,4.221102630616984644e-04,1.000008442205261305e+00,1.000012663307891847e+00,1.000014773912660360e+00,9.676162182493004416e-01,4.433427768800237145e-01,4.150074461351794240e-04,1.000008300148922613e+00,1.000012450223384031e+00,1.000014525312283853e+00,9.676170973466396985e-01,4.433303982493259632e-01,2.653167427790149770e-04,1.000005306334855515e+00,1.000007959502283272e+00,1.000009286107115036e+00,9.676356737349083303e-01,4.430688227723333372e-01,6.712097387705135722e-05,1.000001342419477579e+00,1.000002013629216258e+00,1.000002349235437293e+00,9.676604164306987776e-01,4.427204188822705389e-01,9.095448977054433231e-08,1.000000001819089768e+00,1.000000002728634652e+00,1.000000003183407093e+00,9.676688227177406842e-01,4.426020492295569264e-01
6.021606948266255976e-02,9.432039645352241486e-01,9.686353977277173399e-01,5.628969062067014084e-01,4.421911554534394551e-01,4.167368026570031619e-04,4.156975587601029394e-04,1.000008313951175287e+00,1.000012470926762820e+00,1.000014549466398117e+00,9.685833884429998486e-01,4.429447192982541859e-01,4.075665551657732641e-04,1.000008151331103212e+00,1.000012226996654929e+00,1.000014264879264037e+00,9.685843984182218591e-01,4.429300857506424660e-01,4.007084640932722210e-04,1.000008014169281756e+00,1.000012021253922745e+00,1.000014024844413374e+00,9.685852505060522644e-01,4.429177398357710960e-01,2.561753180268945117e-04,1.000005123506360505e+00,1.000007685259540757e+00,1.000008966155818690e+00,9.686032561506556782e-01,4.426568556896292028e-01,6.480833681706313874e-05,1.000001296166736386e+00,1.000001944250104469e+00,1.000002268293048724e+00,9.686272386478579355e-01,4.423093726306128737e-01,8.782067463548716816e-08,1.000000001756413459e+00,1.000000002634620300e+00,1.000000003073723720e+00,9.686353866586758787e-01,4.421913158331627902e-01
5.833913514001198841e-02,9.448767099288130078e-01,9.696010615754787620e-01,5.618112202346888795e-01,4.417782647466458323e-01,4.020136913043916623e-04,4.010111633959019518e-04,1.000008020223267957e+00,1.000012030334901825e+00,1.000014035438961724e+00,9.695506965251481368e-01,4.425298355730070687e-01,3.931674242585737867e-04,1.000007863348485238e+00,1.000011795022727856e+00,1.000013760906223403e+00,9.695516745707823958e-01,4.425152407272211486e-01,3.865516262542226938e-04,1.000007731032525049e+00,1.000011596548787685e+00,1.000013529351745589e+00,9.695524997205126061e-01,4.425029274640238097e-01,2.471247669139299183e-04,1.000004942495338334e+00,1.000007413743007501e+00,1.000008649385163206e+00,9.695699361304129793e-01,4.422427332928887678e-01,6.251868936223896420e-05,1.000001250373787176e+00,1.000001875560680764e+00,1.000002188155300287e+00,9.695931604389169678e-01,4.418961692583346368e-01,8.471801232326526232e-08,1.000000001694360208e+00,1.000000002541540312e+00,1.000000002965130363e+00,9.696010508563770447e-01,4.417784247021891431e-01
5.646552359412715383e-02,9.465524218887618746e-01,9.705658209761437449e-01,5.607254869852125179e-01,4.413632250132392132e-01,3.874367776641239689e-04,3.864706011612209328e-04,1.000007729412023316e+00,1.000011594118034752e+00,1.000013526515848516e+00,9.705170958100616252e-01,4.421128067360862723e-01,3.789112739991432575e-04,1.000007578225480032e+00,1.000011367338220047e+00,1.000013261937662268e+00,9.705180420105822270e-01,4.420982505161353826e-01,3.725353631385806851e-04,1.000007450707262713e+00,1.000011176060894069e+00,1.000013038779344443e+00,9.705188402934806779e-01,4.420859698404999150e-01,2.381640860625206001e-04,1.000004763281721276e+00,1.000007144922581803e+00,1.000008335760028677e+00,9.705357089746788901e-01,4.418264642893783845e-01,6.025177767378591900e-05,1.000001205035553564e+00,1.000001807553330124e+00,1.000002108813307755e+00,9.705581771004282432e-01,4.414808174738452107e-01,8.164615886124890576e-08,1.000000001632923130e+00,1.000000002449384695e+00,1.000000002857615478e+00,9.705658106060557344e-01,4.413633845454358884e-01
5.459522896255508684e-02,9.482311056761916213e-01,9.715296712440025795e-01,5.596397173806563208e-01,4.409460450105935347e-01,3.730044489587384265e-04,3.720742633004872233e-04,1.000007441485265991e+00,1.000011162227899097e+00,1.000013022640747318e+00,9.714825816205813203e-01,4.416936415423786122e-01,3.647965270990107282e-04,1.000007295930541940e+00,1.000010943895812909e+00,1.000012767918371237e+00,9.714834960602962699e-01,4.416791238723201118e-01,3.586581239987869131e-04,1.000007173162480001e+00,1.000010759743720001e+00,1.000012553072930688e+00,9.714842675474916200e-01,4.416668757201744899e-01,2.292922840704757193e-04,1.000004585845681415e+00,1.000006878768522123e+00,1.000008025245714860e+00,9.715005700030288072e-01,4.414080574349285579e-01,5.800735094250193539e-05,1.000001160147018897e+00,1.000001740220528346e+00,1.000002030258292596e+00,9.715222839480242012e-01,4.410633260341246809e-01,7.860477438215538715e-08,1.000000001572095565e+00,1.000000002358143236e+00,1.000000002751167072e+00,9.715296612220042372e-01,4.409462041202767413e-01
5.272824537325604410e-02,9.499127665615539895e-01,9.724926077125315427e-01,5.585539223288625843e-01,4.405267335441370169e-01,3.587151116457168790e-04,3.578205602451041195e-04,1.000007156411204967e+00,1.000010734616807451e+00,1.000012523758019301e+00,9.724471492987289967e-01,4.412723487948112533e-01,3.508216250813857079e-04,1.000007016432501672e+00,1.000010524648752508e+00,1.000012278793800613e+00,9.724480320617805429e-01,4.412578695987502408e-01,3.449183765824200259e-04,1.000006898367531649e+00,1.000010347551297363e+00,1.000012072178871003e+00,9.724487768242612296e-01,4.412456539060634064e-01,2.205083813596567818e-04,1.000004410167627089e+00,1.000006615251440856e+00,1.000007717807934737e+00,9.724645145542212266e-01,4.409875215334158050e-01,5.578516135048471264e-05,1.000001115703226917e+00,1.000001673554840487e+00,1.000001952481580858e+00,9.724854763165222682e-01,4.406437037442056392e-01,7.559352307216143533e-08,1.000000001511870407e+00,1.000000002267805721e+00,1.000000002645773156e+00,9.724925980377007173e-01,4.405268922321391445e-01
5.086456696458641069e-02,9.515974098246472446e-01,9.734546257344974807e-01,5.574681127226914779e-01,4.401052994668306906e-01,3.445671911744874779e-04,3.437079213710598591e-04,1.000006874158427372e+00,1.000010311237641059e+00,1.000012029812688441e+00,9.734107942058113361e-01,4.408489373438297942e-01,3.369850280435085824e-04,1.000006739700560976e+00,1.000010109550841353e+00,1.000011794510049290e+00,9.734116453761759713e-01,4.408344965459200515e-01,3.313146068985456123e-04,1.000006626292137879e+00,1.000009939438206930e+00,1.000011596044172002e+00,9.734123634847905437e-01,4.408223132487013030e-01,2.118114100266031198e-04,1.000004236228200449e+00,1.000006354342300785e+00,1.000007413412810076e+00,9.734275379863014388e-01,4.405648654362403494e-01,5.358496403334227047e-05,1.000001071699280653e+00,1.000001607548921090e+00,1.000001875474602508e+00,9.734477495600295516e-01,4.402219594566511018e-01,7.261207311969536604e-08,1.000000001452241438e+00,1.000000002178362157e+00,1.000000002541422628e+00,9.734546164059137974e-01,4.401054577339839624e-01
4.900418788527960423e-02,9.532850407546334948e-01,9.744157206820609485e-01,5.563822994395836163e-01,4.396817516786460933e-01,3.305591317466393861e-04,3.297347947597400455e-04,1.000006594695895146e+00,1.000009892043842719e+00,1.000011540750433969e+00,9.743735117225231779e-01,4.404234160868761294e-01,3.232852144221412083e-04,1.000006465704288416e+00,1.000009698556432625e+00,1.000011315013858759e+00,9.743743313840117493e-01,4.404090136113198439e-01,3.178453189871532371e-04,1.000006356906379734e+00,1.000009535359569712e+00,1.000011124616472236e+00,9.743750229094689796e-01,4.403968626456199464e-01,2.032004136951315971e-04,1.000004064008273907e+00,1.000006096012410861e+00,1.000007112026866540e+00,9.743896356767047795e-01,4.401400980418043729e-01,5.140651704290304178e-05,1.000001028130340863e+00,1.000001542195511295e+00,1.000001799228889210e+00,9.744090990520457574e-01,4.397981020710320932e-01,6.966009666490614035e-08,1.000000001393201998e+00,1.000000002089802997e+00,1.000000002438103497e+00,9.744157116988059197e-01,4.396819095257818999e-01
4.714710229442764522e-02,9.549756646500549007e-01,9.753758879468783505e-01,5.552964933411246307e-01,4.392560991260400782e-01,3.166893960793015620e-04,3.158996469618968348e-04,1.000006317992939264e+00,1.000009476989408785e+00,1.000011056517581487e+00,9.753352972490495487e-01,4.399957939678635355e-01,3.097206807621531201e-04,1.000006194413615157e+00,1.000009291620422847e+00,1.000010840252604671e+00,9.753360854853072581e-01,4.399814297389118556e-01,3.045090346916360735e-04,1.000006090180693752e+00,1.000009135271040739e+00,1.000010657844031980e+00,9.753367504981763636e-01,4.399693110408225416e-01,1.946744473708815915e-04,1.000003893488947471e+00,1.000005840233421095e+00,1.000006813617027479e+00,9.753508030223593250e-01,4.397132282949864357e-01,4.924958131041798321e-05,1.000000984991626263e+00,1.000001477487439283e+00,1.000001723736073433e+00,9.753695201855657748e-01,4.393721405334030661e-01,6.673726974979923642e-08,1.000000001334745425e+00,1.000000002002118027e+00,1.000000002335804439e+00,9.753758793080350431e-01,4.392562565539891994e-01
4.529330436146250527e-02,9.566692868188505505e-01,9.763351229402026377e-01,5.542107052726115146e-01,4.388283508014274581e-01,3.029564651716233387e-04,3.022009627647115684e-04,1.000006044019255302e+00,1.000009066028882954e+00,1.000010577061094530e+00,9.762961462051669148e-01,4.395660799766497595e-01,2.962899414881401978e-04,1.000005925798829853e+00,1.000008888698244558e+00,1.000010370174288399e+00,9.762969030996735409e-01,4.395517539186028499e-01,2.913042934342531748e-04,1.000005826085868632e+00,1.000008739128803059e+00,1.000010195675727465e+00,9.762975416703841836e-01,4.395396674242575408e-01,1.862325772977664639e-04,1.000003724651545856e+00,1.000005586977319005e+00,1.000006518150610146e+00,9.763110354397863677e-01,4.392842651866156189e-01,4.711392061024509458e-05,1.000000942278412186e+00,1.000001413417618279e+00,1.000001648987887348e+00,9.763290083731802627e-01,4.389440838357744346e-01,6.384327226902606028e-08,1.000000001276865502e+00,1.000000001915298142e+00,1.000000002234514573e+00,9.763351146448562279e-01,4.388285078110202853e-01
4.344278826613856559e-02,9.583659125783731136e-01,9.772934210929838938e-01,5.531249460626227465e-01,4.383985157426538160e-01,2.893588380743461171e-04,2.886372449619412561e-04,1.000005772744899213e+00,1.000008659117348930e+00,1.000010102328567019e+00,9.772560540303426579e-01,4.391342831485092746e-01,2.829915286790671194e-04,1.000005659830573546e+00,1.000008489745860318e+00,1.000009904727528820e+00,9.772567796664126671e-01,4.391199951857170936e-01,2.782296519945635449e-04,1.000005564593039908e+00,1.000008346889559752e+00,1.000009738061043318e+00,9.772573918652549541e-01,4.391079408312906773e-01,1.778738808163253635e-04,1.000003557477616267e+00,1.000005336216424512e+00,1.000006225595320153e+00,9.772703283652006689e-01,4.388532177529422817e-01,4.499930152401460586e-05,1.000000899986030589e+00,1.000001349979045662e+00,1.000001574976161045e+00,9.772875590471757912e-01,4.385139410155851070e-01,6.097778792132491012e-08,1.000000001219555790e+00,1.000000001829333574e+00,1.000000002134222576e+00,9.772934131402210012e-01,4.383986723347199077e-01
4.159554819851396523e-02,9.600655472554050496e-01,9.782507778559670353e-01,5.520392265225895212e-01,4.379666030324637083e-01,2.758950316624073020e-04,2.752070141270896038e-04,1.000005504140282442e+00,1.000008256210423774e+00,1.000009632268215931e+00,9.782150161838339963e-01,4.387004125636026486e-01,2.698239918458751065e-04,1.000005396479836994e+00,1.000008094719755380e+00,1.000009443861556102e+00,9.782157106446167649e-01,4.386861626204646702e-01,2.652836842907762248e-04,1.000005305673685729e+00,1.000007958510528816e+00,1.000009284950062804e+00,9.782162965417413591e-01,4.386741403421742236e-01,1.695974462239388579e-04,1.000003391948924403e+00,1.000005087923386826e+00,1.000005935919246802e+00,9.782286772546083808e-01,4.384200950751082071e-01,4.290549340526577179e-05,1.000000858109868052e+00,1.000001287164802077e+00,1.000001501692821426e+00,9.782451676596332080e-01,4.380817211551710222e-01,5.814050416160079538e-08,1.000000001162810070e+00,1.000000001744215217e+00,1.000000002034917790e+00,9.782507702448767217e-01,4.379667592078326233e-01
3.975157835893261549e-02,9.617681961861760387e-01,9.792071886997902874e-01,5.509535574463705343e-01,4.375326217979704779e-01,2.625635804105219445e-04,2.619088083895481050e-04,1.000005238176167710e+00,1.000007857264251676e+00,1.000009166828872420e+00,9.791730281447854622e-01,4.382644773464451915e-01,2.567858977120019456e-04,1.000005135717954241e+00,1.000007703576931251e+00,1.000008987526201487e+00,9.791736915132649433e-01,4.382502653474107945e-01,2.524649811639633769e-04,1.000005049299623305e+00,1.000007573949434958e+00,1.000008836293462267e+00,9.791742511786832859e-01,4.382382750815155270e-01,1.614023726368751842e-04,1.000003228047452675e+00,1.000004842071179123e+00,1.000005649090857540e+00,9.791860775839053010e-01,4.379849062786156377e-01,4.083226834454668173e-05,1.000000816645366886e+00,1.000001224968050328e+00,1.000001429129892427e+00,9.792018296825256707e-01,4.376474333812347406e-01,5.533111215363289400e-08,1.000000001106622349e+00,1.000000001659933302e+00,1.000000001936589111e+00,9.792071814294628362e-01,4.375327775574707756e-01
3.791087295800488199e-02,9.634738647163793024e-01,9.801626491150806642e-01,5.498679496098287656e-01,4.370965812101215708e-01,2.493630361717283773e-04,2.487411832136941304e-04,1.000004974823664350e+00,1.000007462235496414e+00,1.000008705959974042e+00,9.801300854123246031e-01,4.378264866653733822e-01,2.438758299968003796e-04,1.000004877516599944e+00,1.000007316274899916e+00,1.000008535671892407e+00,9.801307177713199925e-01,4.378123125349423495e-01,2.397721501651234126e-04,1.000004795443003358e+00,1.000007193164504926e+00,1.000008392042503136e+00,9.801312512749044137e-01,4.378003542177438256e-01,1.532877698541583662e-04,1.000003065755397103e+00,1.000004598633095654e+00,1.000005365078994179e+00,9.801425248489730180e-01,4.375476605327926483e-01,3.877940113497507232e-05,1.000000775588022695e+00,1.000001163382034042e+00,1.000001357279491021e+00,9.801575406078143482e-01,4.372110868643108161e-01,5.254930672340648469e-08,1.000000001050986187e+00,1.000000001576479169e+00,1.000000001839225883e+00,9.801626421846085790e-01,4.370967365545813110e-01
3.607342621659137549e-02,9.651825582011885896e-01,9.811171546125501131e-01,5.487824137704105931e-01,4.366584904831640745e-01,2.362919679588423025e-04,2.357027111808900988e-04,1.000004714054223642e+00,1.000007071081335353e+00,1.000008249611558098e+00,9.810861835056584601e-01,4.373864497320103517e-01,2.310923892018017711e-04,1.000004621847784048e+00,1.000006932771676071e+00,1.000008088249643157e+00,9.810867849378237526e-01,4.373723133947327590e-01,2.272038153450406557e-04,1.000004544076307011e+00,1.000006816114460406e+00,1.000007952149023716e+00,9.810872923493072495e-01,4.373603869625753426e-01,1.452527582232242351e-04,1.000002905055164426e+00,1.000004357582746639e+00,1.000005083852867349e+00,9.810980145657733908e-01,4.371083670502590168e-01,3.674666923825140155e-05,1.000000734933384816e+00,1.000001102400077224e+00,1.000001286133828327e+00,9.811122959475438998e-01,4.367726908182316681e-01,4.979478631305789291e-08,1.000000000995895810e+00,1.000000001493843493e+00,1.000000001742817446e+00,9.811171480210272300e-01,4.366586454134107620e-01
3.423923236578274576e-02,9.668942820052747189e-01,9.820707007230885521e-01,5.476969606667281276e-01,4.362183588741083140e-01,2.233489617287763725e-04,2.227919817743405243e-04,1.000004455839635487e+00,1.000006683759453230e+00,1.000007797734253190e+00,9.820413179641658274e-01,4.369443758007288681e-01,2.184341923997813175e-04,1.000004368683848011e+00,1.000006553025772016e+00,1.000007645211048013e+00,9.820418885519907048e-01,4.369302771812056951e-01,2.147586170469003436e-04,1.000004295172340907e+00,1.000006442758511360e+00,1.000007516565433185e+00,9.820423699409672746e-01,4.369183825704765489e-01,1.372964685073380087e-04,1.000002745929370107e+00,1.000004118894055161e+00,1.000004805382052719e+00,9.820525422704439178e-01,4.366670350863895433e-01,3.473385275111755700e-05,1.000000694677054991e+00,1.000001042015582486e+00,1.000001215685208056e+00,9.820660912339367332e-01,4.363322544995906216e-01,4.706725293542328520e-08,1.000000000941345002e+00,1.000000001412017614e+00,1.000000001647353809e+00,9.820706944696109275e-01,4.362185133909690093e-01
3.240828564688325031e-02,9.686090415028227874e-01,9.830232829978573506e-01,5.466116010181436558e-01,4.357761956821897265e-01,2.105326201697060179e-04,2.100076011667890486e-04,1.000004200152023293e+00,1.000006300228035050e+00,1.000007350279271900e+00,9.829954843474915105e-01,4.365002741681143217e-01,2.058998730266073612e-04,1.000004117997460584e+00,1.000006176996190765e+00,1.000007206508274571e+00,9.829960241733006754e-01,4.364862131909976739e-01,2.024352117016403716e-04,1.000004048704234094e+00,1.000006073056351141e+00,1.000007085244703608e+00,9.829964796092254264e-01,4.364743503381267598e-01,1.294180417547614458e-04,1.000002588360834999e+00,1.000003882541252720e+00,1.000004529636486117e+00,9.830061035193892183e-01,4.362236739387764795e-01,3.274073437225820312e-05,1.000000654814687362e+00,1.000000982222031265e+00,1.000001145926024515e+00,9.830189220194851529e-01,4.358897872072042268e-01,4.436641212918719600e-08,1.000000000887328211e+00,1.000000001330992427e+00,1.000000001552824314e+00,9.830232770815225951e-01,4.357763497864908242e-01
3.058058031139143651e-02,9.703268420775487124e-01,9.839748970083807000e-01,5.455263455243570814e-01,4.353320102483296261e-01,1.978415624910134351e-04,1.973481920109859905e-04,1.000003946963840207e+00,1.000005920445760310e+00,1.000006907198404349e+00,9.839486782356374750e-01,4.360541541724254344e-01,1.934880806758077648e-04,1.000003869761613595e+00,1.000005804642420282e+00,1.000006772094054863e+00,9.839491873815909839e-01,4.360401307624184875e-01,1.902322716259744297e-04,1.000003804645432481e+00,1.000005706968148722e+00,1.000006658140363269e+00,9.839496169337802467e-01,4.360282996038792880e-01,1.216166291696277291e-04,1.000002432332583346e+00,1.000003648498875020e+00,1.000004256586457974e+00,9.839586938893736257e-01,4.357782929466901267e-01,3.076709936963417641e-05,1.000000615341987364e+00,1.000000923012981158e+00,1.000001076848761938e+00,9.839707838770441750e-01,4.354452982815734119e-01,4.169197291461658583e-08,1.000000000833839442e+00,1.000000001250759274e+00,1.000000001459219190e+00,9.839748914282884229e-01,4.353321639408969101e-01
2.875611062098304416e-02,9.720476891227163296e-01,9.849255383466364311e-01,5.444412048649960312e-01,4.348858119545953582e-01,1.852744242160027138e-04,1.848123932329204201e-04,1.000003696247864671e+00,1.000005544371797006e+00,1.000006468444009977e+00,9.849008952290532193e-01,4.356060251930535254e-01,1.811974808958461954e-04,1.000003623949617948e+00,1.000005435924426811e+00,1.000006341921681141e+00,9.849013737771469268e-01,4.355920392749111913e-01,1.781484848230795127e-04,1.000003562969696391e+00,1.000005344454544698e+00,1.000006235206489791e+00,9.849017775147779208e-01,4.355802397472203769e-01,1.138913919845198868e-04,1.000002277827839681e+00,1.000003416741759521e+00,1.000003986202610884e+00,9.849103089776107822e-01,4.353309014905385466e-01,2.881273554824679328e-05,1.000000576254711060e+00,1.000000864382066368e+00,1.000001008445993378e+00,9.849216723999206780e-01,4.349987971043422497e-01,3.904364774987882942e-08,1.000000000780872922e+00,1.000000001171309494e+00,1.000000001366527558e+00,9.849255331018879067e-01,4.348859652362541128e-01
2.693487084749190963e-02,9.737715880411543790e-01,9.858752026251447198e-01,5.433561896992079587e-01,4.344376102236572890e-01,1.728298569773175004e-04,1.723988598277481296e-04,1.000003447977196647e+00,1.000005171965794748e+00,1.000006033969010444e+00,9.858521309487249251e-01,4.351558966499811110e-01,1.690267549900415856e-04,1.000003380535099851e+00,1.000005070802649776e+00,1.000005915944995660e+00,9.858525789807900397e-01,4.351419481485098162e-01,1.661825547858822077e-04,1.000003323651095677e+00,1.000004985476643515e+00,1.000005816397702363e+00,9.858529569729018727e-01,4.351301801882280773e-01,1.062415013347105361e-04,1.000002124830026595e+00,1.000003187245040115e+00,1.000003718455932944e+00,9.858609444018539003e-01,4.348815089913260490e-01,2.687743321832249292e-05,1.000000537548664470e+00,1.000000806322996594e+00,1.000000940710379593e+00,9.858715832019636638e-01,4.345502930977567235e-01,3.642115248792922761e-08,1.000000000728423100e+00,1.000000001092634649e+00,1.000000001274740313e+00,9.858751977148431100e-01,4.344377630952321323e-01
2.511685527289353459e-02,9.754985442452731581e-01,9.868238854770569057e-01,5.422713106652561343e-01,4.339874145182470722e-01,1.605065283150662668e-04,1.601062626584202160e-04,1.000003202125253177e+00,1.000004803187879654e+00,1.000005603726883185e+00,9.868023810362639425e-01,4.347037780032390608e-01,1.569745998191357311e-04,1.000003139491996373e+00,1.000004709237994671e+00,1.000005494118386018e+00,9.868027986339674706e-01,4.346898668432973567e-01,1.543332003029483147e-04,1.000003086664006169e+00,1.000004629996009031e+00,1.000005401669156191e+00,9.868031509494605835e-01,4.346781303870291269e-01,9.866613813406593318e-05,1.000001973322762749e+00,1.000002959984144013e+00,1.000003453317755309e+00,9.868105958004832479e-01,4.344301249101097384e-01,2.496098516391852002e-05,1.000000499219703354e+00,1.000000748829554809e+00,1.000000873634667720e+00,9.868205119176517437e-01,4.340997957241218841e-01,3.382420633396911509e-08,1.000000000676484202e+00,1.000000001014726081e+00,1.000000001183847242e+00,9.868238809003072598e-01,4.339875669805624003e-01
2.330205818928532402e-02,9.772285631570819531e-01,9.877715825562419782e-01,5.411865783801176333e-01,4.335352343406131959e-01,1.483031214775597749e-04,1.479332882569174893e-04,1.000002958665765052e+00,1.000004437998647688e+00,1.000005177671654089e+00,9.877516411539931651e-01,4.342496787523624779e-01,1.450397276064154309e-04,1.000002900794552119e+00,1.000004351191828178e+00,1.000005076396777159e+00,9.877520283988384664e-01,4.342358048588612629e-01,1.425991552668843729e-04,1.000002851983105234e+00,1.000004277974658073e+00,1.000004990976534724e+00,9.877523551064744112e-01,4.342240998432552734e-01,9.116449295255590099e-05,1.000001823289859093e+00,1.000002734934788640e+00,1.000003190759746863e+00,9.877592588325929679e-01,4.339767587474560040e-01,2.306318661193483419e-05,1.000000461263732321e+00,1.000000691895598370e+00,1.000000807211691267e+00,9.877684542021807346e-01,4.336473144852575068e-01,3.125253180345443360e-08,1.000000000625050678e+00,1.000000000937576017e+00,1.000000001093838797e+00,9.877715783121508997e-01,4.335353863944922947e-01
2.149047389887037696e-02,9.789616502082055804e-01,9.887182895373725078e-01,5.401020034390843216e-01,4.330810792319756408e-01,1.362183352246966776e-04,1.358786386281263768e-04,1.000002717572772593e+00,1.000004076359158889e+00,1.000004755757890829e+00,9.886999069850335164e-01,4.337936084358461342e-01,1.332208657454246245e-04,1.000002664417315001e+00,1.000003996625972391e+00,1.000004662735625605e+00,9.887002639583594155e-01,4.337797717337485426e-01,1.309791684852852471e-04,1.000002619583369778e+00,1.000003929375054668e+00,1.000004584276043884e+00,9.887005651267617434e-01,4.337680980954976007e-01,8.373576589539152501e-05,1.000001674715317979e+00,1.000002512072976968e+00,1.000002930753910002e+00,9.887069291780772318e-01,4.335214200428954556e-01,2.118383520153785708e-05,1.000000423676703942e+00,1.000000635515056135e+00,1.000000741434366569e+00,9.887154057315489242e-01,4.331928589219531389e-01,2.870585468066237754e-08,1.000000000574117198e+00,1.000000000861175575e+00,1.000000001004704986e+00,9.887182856250485985e-01,4.330812308782414632e-01
1.968209671393794657e-02,9.806978108399019289e-01,9.896640021160089118e-01,5.390175964153665067e-01,4.326249587719798728e-01,1.242508836338821138e-04,1.239410310562415066e-04,1.000002478820621210e+00,1.000003718230931593e+00,1.000004337940695320e+00,9.896471742333875499e-01,4.333355766305973522e-01,1.215167566101536594e-04,1.000002430335132253e+00,1.000003645502698379e+00,1.000004253090911233e+00,9.896475010163691133e-01,4.333217770449197537e-01,1.194720034941174004e-04,1.000002389440069805e+00,1.000003584160104930e+00,1.000004181524404290e+00,9.896477767140231530e-01,4.333101347207612974e-01,7.637916648371999339e-05,1.000001527583329608e+00,1.000002291374994412e+00,1.000002673272577081e+00,9.896536025377145052e-01,4.330641183743766387e-01,1.932273095397813039e-05,1.000000386454618972e+00,1.000000579681928681e+00,1.000000676295695223e+00,9.896613622026415591e-01,4.327364386134219809e-01,2.618390397779179593e-08,1.000000000523677990e+00,1.000000000785517207e+00,1.000000000916436704e+00,9.896639985345625501e-01,4.326251100114547610e-01
1.787692095684700888e-02,9.824370505030786127e-01,9.906087160086833876e-01,5.379333678596995849e-01,4.321668825781499468e-01,1.123994959085326958e-04,1.121191979137483257e-04,1.000002242383958295e+00,1.000003363575937332e+00,1.000003924175698167e+00,9.905934386240236034e-01,4.328755929513908307e-01,1.099261573677581518e-04,1.000002198523147312e+00,1.000003297784721079e+00,1.000003847419132841e+00,9.905937352976722510e-01,4.328618304072023304e-01,1.080764383735891243e-04,1.000002161528767530e+00,1.000003242293151295e+00,1.000003782678847264e+00,9.905939855929249971e-01,4.328502193339183735e-01,6.909391353690924338e-05,1.000001381878270701e+00,1.000002072817406162e+00,1.000002418288405970e+00,9.905992746332511478e-01,4.326048633577191938e-01,1.747967624281019264e-05,1.000000349593524795e+00,1.000000524390287193e+00,1.000000611788760096e+00,9.906063193333145556e-01,4.322780631767539350e-01,2.368641189460866019e-08,1.000000000473728168e+00,1.000000000710592252e+00,1.000000000829024405e+00,9.906087127572265061e-01,4.321670334116557433e-01
1.607494096000783301e-02,9.841793746583102909e-01,9.915524269529814028e-01,5.368493282999539096e-01,4.317068603053406672e-01,1.006629161890455618e-04,1.004118864728634019e-04,1.000002008237729445e+00,1.000003012356594168e+00,1.000003514419051331e+00,9.915386959029572900e-01,4.324136670503188618e-01,9.844783979368759447e-05,1.000001968956795828e+00,1.000002953435193742e+00,1.000003445677300373e+00,9.915389625481209057e-01,4.323999414727417445e-01,9.679126556638995287e-05,1.000001935825311383e+00,1.000002903737966964e+00,1.000003387697105506e+00,9.915391875091812413e-01,4.323883615871593755e-01,6.187923505634742802e-05,1.000001237584701164e+00,1.000001856377051634e+00,1.000002165774375618e+00,9.915439412074831260e-01,4.321436646460659059e-01,1.565447576449565019e-05,1.000000313089515203e+00,1.000000469634273026e+00,1.000000547906725101e+00,9.915502728624762119e-01,4.318177422663675991e-01,2.121311377861080274e-08,1.000000000424262181e+00,1.000000000636393382e+00,1.000000000742458761e+00,9.915524240306280435e-01,4.317070107336984930e-01
1.427615106586377358e-02,9.859247887758559870e-01,9.924951307076229634e-01,5.357654882407467678e-01,4.312449016451882500e-01,8.903990336625917002e-05,8.881785871946051608e-05,1.000001776357174466e+00,1.000002664535761587e+00,1.000003108627421922e+00,9.924829418373329881e-01,4.319498086162439909e-01,8.708059008925102176e-05,1.000001741611801886e+00,1.000002612417702608e+00,1.000003047822928037e+00,9.924831785346955870e-01,4.319361199304539989e-01,8.561529169832612397e-05,1.000001712305834012e+00,1.000002568458751018e+00,1.000002996537408428e+00,9.924833782296346163e-01,4.319245711694454926e-01,5.473436811077400806e-05,1.000001094687362313e+00,1.000001642031043358e+00,1.000001915703782940e+00,9.924875980243371698e-01,4.316805319293336995e-01,1.384693650939375737e-05,1.000000276938730170e+00,1.000000415408095256e+00,1.000000484642835419e+00,9.924932185501686988e-01,4.313554855734613169e-01,1.876374808571771681e-08,1.000000000375274922e+00,1.000000000562912383e+00,1.000000000656731114e+00,9.924951281134888337e-01,4.312450516692186708e-01
1.248054562687439528e-02,9.876732983356759643e-01,9.934368230525426613e-01,5.346818581630576883e-01,4.307810163255613167e-01,7.752923089735976731e-05,7.733589116943618278e-05,1.000001546717823375e+00,1.000002320076735174e+00,1.000002706757985305e+00,9.934261722155031116e-01,4.314840273742489574e-01,7.582320870157435559e-05,1.000001516464174012e+00,1.000002274696261129e+00,1.000002653814029419e+00,9.934263790455855059e-01,4.314703755054755674e-01,7.454733740130745762e-05,1.000001490946748062e+00,1.000002236420121982e+00,1.000002609158476163e+00,9.934265535423362214e-01,4.314588578059584401e-01,4.765855872311428000e-05,1.000000953171174434e+00,1.000001429756761651e+00,1.000001668050236825e+00,9.934302408689509312e-01,4.312154749336650217e-01,1.205686773313231446e-05,1.000000241137354751e+00,1.000000361706032015e+00,1.000000421990414390e+00,9.934351521776473293e-01,4.308913028254641175e-01,1.633805634147577910e-08,1.000000000326761063e+00,1.000000000490141705e+00,1.000000000571831915e+00,9.934368207857452449e-01,4.307811659460843434e-01
1.068811900549726523e-02,9.894249088274489345e-01,9.943774997889677225e-01,5.335984485238470798e-01,4.303152141100107797e-01,6.612968662417229027e-05,6.596477468745366583e-05,1.000001319295493740e+00,1.000001978943240610e+00,1.000002308768419335e+00,9.943683828471068242e-01,4.310163330850865226e-01,6.467451014588977633e-05,1.000001293490202947e+00,1.000001940235304421e+00,1.000002263609109932e+00,9.943685598902666234e-01,4.310027179586135015e-01,6.358623713862720009e-05,1.000001271724742846e+00,1.000001907587114269e+00,1.000002225519512900e+00,9.943687092566244612e-01,4.309912312575506776e-01,4.065106175877965727e-05,1.000000813021235224e+00,1.000001219531852836e+00,1.000001422787657468e+00,9.943718655477506996e-01,4.307485034208766161e-01,1.028408092834939833e-05,1.000000205681618626e+00,1.000000308522427828e+00,1.000000359942864403e+00,9.943760695474592737e-01,4.304252037854851554e-01,1.393578310276592507e-08,1.000000000278715717e+00,1.000000000418073576e+00,1.000000000487752505e+00,9.943774978486263905e-01,4.303153633278458123e-01
8.898865574169967374e-03,9.911796257505894880e-01,9.953171567394956121e-01,5.325152697556770898e-01,4.298475047972182828e-01,5.484007259383917365e-05,5.470331430806900694e-05,1.000001094066286234e+00,1.000001641099429239e+00,1.000001914616898580e+00,9.953095695631474227e-01,4.305467355446290223e-01,5.363332283016056641e-05,1.000001072666456547e+00,1.000001608999684821e+00,1.000001877167161712e+00,9.953097168995788113e-01,4.305331570857937051e-01,5.273083903253765941e-05,1.000001054616780571e+00,1.000001581925171079e+00,1.000001845580200444e+00,9.953098412032014286e-01,4.305217013201940168e-01,3.371114081543583930e-05,1.000000674222816244e+00,1.000001011334224366e+00,1.000001179890269265e+00,9.953124678885294507e-01,4.302796271879092971e-01,8.528389796806435709e-06,1.000000170567795887e+00,1.000000255851693831e+00,1.000000298493664452e+00,9.953159664835211640e-01,4.299571982517626512e-01,1.155667592001455783e-08,1.000000000231133557e+00,1.000000000346700224e+00,1.000000000404483780e+00,9.953171551247314008e-01,4.298476536131841108e-01
7.112779715292782967e-03,9.929374546142651914e-01,9.962557897481703062e-01,5.314323322663360161e-01,4.293778982204453643e-01,4.365920488183570278e-05,4.355032905918773645e-05,1.000000871006581082e+00,1.000001306509871846e+00,1.000001524262086106e+00,9.962497282160687195e-01,4.300752445833165294e-01,4.269848888199091015e-05,1.000000853969777559e+00,1.000001280954666560e+00,1.000001494447657846e+00,9.962498459258027905e-01,4.300617027175110962e-01,4.198000469407278879e-05,1.000000839600093894e+00,1.000001259400140841e+00,1.000001469300692891e+00,9.962499452342103989e-01,4.300502778244292279e-01,2.683806811420727395e-05,1.000000536761362246e+00,1.000000805142043481e+00,1.000000939332600147e+00,9.962520437405225637e-01,4.298088560662761126e-01,6.789610221864639257e-06,1.000000135792204370e+00,1.000000203688306666e+00,1.000000237636371470e+00,9.962548388311950331e-01,4.294872960571128329e-01,9.200485299896836196e-09,1.000000000184009696e+00,1.000000000276014545e+00,1.000000000322017080e+00,9.962557884581060286e-01,4.293780466353600556e-01
5.329855821211149092e-03,9.946984009374142399e-01,9.971933946805568993e-01,5.303496464384654940e-01,4.289064042469808991e-01,3.258591341729521795e-05,3.250465178782565591e-05,1.000000650093035848e+00,1.000000975139553550e+00,1.000001137663129480e+00,9.971888546798293174e-01,4.296018700656049627e-01,3.186886397779483879e-05,1.000000637377279622e+00,1.000000956065919322e+00,1.000001115410543928e+00,9.971889428427344049e-01,4.295883647182761611e-01,3.133260905509155494e-05,1.000000626652181035e+00,1.000000939978271663e+00,1.000001096641611298e+00,9.971890172233094374e-01,4.295769706348128159e-01,2.003112439230154195e-05,1.000000400622487851e+00,1.000000600933731665e+00,1.000000701089474031e+00,9.971905889744829832e-01,4.293361999215106195e-01,5.067560241320665144e-06,1.000000101351204762e+00,1.000000152026807143e+00,1.000000177364616105e+00,9.971926824573630332e-01,4.290155070683779881e-01,6.866964668526735446e-09,1.000000000137339251e+00,1.000000000206008988e+00,1.000000000240343745e+00,9.971933937143171445e-01,4.289065522616620774e-01
3.550088294198117111e-03,9.964624702487622221e-01,9.981299674238156561e-01,5.292672226291906812e-01,4.284330327775890956e-01,2.161904181061143144e-05,2.156512898814107854e-05,1.000000431302579873e+00,1.000000646953869587e+00,1.000000754779654111e+00,9.981269448499765495e-01,4.291266218894138063e-01,2.114331717419210994e-05,1.000000422866343497e+00,1.000000634299515134e+00,1.000000740016235179e+00,9.981270035457581180e-01,4.291131529860629512e-01,2.078754020251098825e-05,1.000000415750804006e+00,1.000000623626206009e+00,1.000000727564036573e+00,9.981270530657458950e-01,4.291017896493654060e-01,1.328959879703353782e-05,1.000000265791975984e+00,1.000000398687963976e+00,1.000000465136011041e+00,9.981280994827549380e-01,4.288616686526144917e-01,3.362060020596386360e-06,1.000000067241200385e+00,1.000000100861800689e+00,1.000000117672104061e+00,9.981294932505014872e-01,4.285418411858729071e-01,4.555870335126962969e-09,1.000000000091117336e+00,1.000000000136676004e+00,1.000000000159455338e+00,9.981299667805269005e-01,4.284331803928536075e-01
1.773471546436145019e-03,9.982296680868396610e-01,9.990655038867745086e-01,5.281850711697538836e-01,4.279577937459561610e-01,1.075744718328777041e-05,1.073062063170850007e-05,1.000000214612412730e+00,1.000000321918618873e+00,1.000000375571756805e+00,9.990639946437196439e-01,4.286495099855729962e-01,1.052073074160173257e-05,1.000000210414614843e+00,1.000000315621922153e+00,1.000000368225609337e+00,9.990640239519203991e-01,4.286360774517569694e-01,1.034369921469977846e-05,1.000000206873984387e+00,1.000000310310976470e+00,1.000000362029504819e+00,9.990640486784287955e-01,4.286247447990185755e-01,6.612788781230897252e-06,1.000000132255775664e+00,1.000000198383663497e+00,1.000000231447620402e+00,9.990645711793462169e-01,4.283852721915041295e-01,1.672931826278110925e-06,1.000000033458636528e+00,1.000000050187954681e+00,1.000000058552614757e+00,9.990652671207536084e-01,4.280663083428336568e-01,2.266961456172407921e-09,1.000000000045339288e+00,1.000000000068008932e+00,1.000000000079343643e+00,9.990655035655651162e-01,4.279579409626203534e-01
0.000000000000000000e+00,1.000000000000000000e+00,1.000000000000000000e+00,5.271032023651504028e-01,4.274806971181370208e-01,0.000000000000000000e+00,0.000000000000000000e+00,1.000000000000000000e+00,1.000000000000000000e+00,1.000000000000000000e+00,1.000000000000000000e+00,4.281705443172699743e-01,0.000000000000000000e+00,1.000000000000000000e+00,1.000000000000000000e+00,1.000000000000000000e+00,1.000000000000000000e+00,4.281571480786006134e-01,0.000000000000000000e+00,1.000000000000000000e+00,1.000000000000000000e+00,1.000000000000000000e+00,1.000000000000000000e+00,4.281458460470617955e-01,0.000000000000000000e+00,1.000000000000000000e+00,1.000000000000000000e+00,1.000000000000000000e+00,1.000000000000000000e+00,4.279070205024581020e-01,0.000000000000000000e+00,1.000000000000000000e+00,1.000000000000000000e+00,1.000000000000000000e+00,1.000000000000000000e+00,4.275889185048625807e-01,0.000000000000000000e+00,1.000000000000000000e+00,1.000000000000000000e+00,1.000000000000000000e+00,1.000000000000000000e+00,4.274808439370168522e-01
