feature,standardized_coef
V,3.796073680535073
alpha,-3.4656702117048934
CCI_v121,1.2672656183287008
B,1.077923211640572
H,0.7523765743137675
R_imp_v121,-0.09432799875675184
R_em_v121,-0.09432799875673163
S,-0.047617374583084474
