metric,pearson_r,pearson_p,spearman_rho,spearman_p
H,-0.7386754044697212,0.0,-0.6468045553124186,2.1528297587110007e-237
B,0.06759850572045456,0.0024890684140144686,0.04147162655246097,0.06369542877690648
S,-0.0021023670585900277,0.9251393132643664,-0.008675312081757022,0.6982110457418718
V,0.7142521377980613,5.82317933579e-312,0.6473387436652283,6.556592797768693e-238
R_imp_v121,0.541665169931564,6.935617734993589e-153,0.4842810696190189,4.083919491843316e-118
R_em_v121,0.541665169931564,6.935617734993589e-153,0.4842810696190189,4.083919491843316e-118
CCI_v121,0.47123297712664003,4.290046746968331e-111,0.40465644426009806,1.1450771107336027e-79
F_v121,-0.5417251462052103,6.326132647566588e-153,-0.48408309612861655,5.246860863447058e-118
