z,a,D_LCDM,D_MAAT_eta002,f_LCDM,f_MAAT_eta002,fsigma8_LCDM,fsigma8_MAAT_eta002,C_hat,mu_eta002,eta_slip_beta003,Sigma_eta002_beta003,Weyl_proxy,EG_proxy,delta_D_pct,delta_fsigma8_pct,delta_mu_pct,delta_slip_pct,delta_Sigma_pct,delta_Weyl_pct,delta_EG_pct
2.997329158161810891e+00,2.501670391486735534e-01,3.156115463165725110e-01,3.131950932819153599e-01,9.818961035021968042e-01,9.936258478758867030e-01,2.513270732618705372e-01,2.523821782314893958e-01,9.983075324293771979e-01,1.019966150648587533e+00,1.029949225972881299e+00,1.035239749013819877e+00,1.027313523683036411e+00,1.023018752904093498e+00,-7.656415181443775309e-01,4.198134947919003879e-01,1.996615064858753286e+00,2.994922597288129928e+00,3.523974901381987657e+00,2.731352368303641143e+00,2.301875290409349795e+00
2.990252558785710502e+00,2.506107032744598895e-01,3.161611060124889239e-01,3.137469658084597324e-01,9.818020442288484251e-01,9.935305132934492134e-01,2.517405799730481064e-01,2.528026362109763725e-01,9.938315728944311367e-01,1.019876631457888649e+00,1.029814947186832974e+00,1.035080415409889598e+00,1.027176757440191324e+00,1.022861456385403711e+00,-7.635791240981516514e-01,4.218851954825766359e-01,1.987663145788864938e+00,2.981494718683297407e+00,3.508041540988959817e+00,2.717675744019132367e+00,2.286145638540371117e+00
2.983188487339323292e+00,2.510551542259494284e-01,3.167115697133279228e-01,3.142997574843138797e-01,9.817075089005368183e-01,9.934344690052111515e-01,2.521546003021756799e-01,2.532235684874506454e-01,9.893756352627565143e-01,1.019787512705255139e+00,1.029681269057882709e+00,1.034921806478491968e+00,1.027040701689053925e+00,1.022705110647327720e+00,-7.615169320139140163e-01,4.239336438811511232e-01,1.978751270525513917e+00,2.968126905788270875e+00,3.492180647849196795e+00,2.704070168905392535e+00,2.270511064732771978e+00
2.976136921644053412e+00,2.515003933985552886e-01,3.172629385406730562e-01,3.148534693453251543e-01,9.816124952387070834e-01,9.933377148346729246e-01,2.525691337103641576e-01,2.536449746810230388e-01,9.849396260033606021e-01,1.019698792520067121e+00,1.029548188780100793e+00,1.034763918730179144e+00,1.026905352589090992e+00,1.022549710011533275e+00,-7.594549828072680864e-01,4.259590057004396524e-01,1.969879252006712100e+00,2.954818878010079253e+00,3.476391873017914413e+00,2.690535258909099170e+00,2.254971001153327492e+00
2.969097839560571828e+00,2.519464221901651091e-01,3.178152136149192675e-01,3.154081024264994704e-01,9.815170009552512953e-01,9.932402505814748039e-01,2.529841796487924399e-01,2.540668544012038566e-01,9.805234519419934180e-01,1.019610469038839895e+00,1.029415703558259843e+00,1.034606748689912203e+00,1.026770706317807091e+00,1.022395248830973991e+00,-7.573933170286720751e-01,4.279614456186349170e-01,1.961046903883989501e+00,2.941570355825984251e+00,3.460674868991220343e+00,2.677070631780709142e+00,2.239524883097399055e+00
2.962071218988742149e+00,2.523932420011457123e-01,3.183683960552517456e-01,3.159636577619776565e-01,9.814210237524817471e-01,9.931420760214547672e-01,2.533997375586414247e-01,2.544892072468380451e-01,9.761270202588969713e-01,1.019522540405177979e+00,1.029283810607766858e+00,1.034450292896965440e+00,1.026636759070617355e+00,1.022241721489667965e+00,-7.553319748662348232e-01,4.299411272849076315e-01,1.952254040517797939e+00,2.928381060776685807e+00,3.445029289696543984e+00,2.663675907061735515e+00,2.224172148966796492e+00
2.955057037867552694e+00,2.528408542343474896e-01,3.189224869796236650e-01,3.165201363850126959e-01,9.813245613231057485e-01,9.930431909067036766e-01,2.538158068710273940e-01,2.549120328060404117e-01,9.717502384865663867e-01,1.019435004769731368e+00,1.029152507154597052e+00,1.034294547904829553e+00,1.026503507060723797e+00,1.022089122402475736e+00,-7.532709961478690763e-01,4.318982133252434186e-01,1.943500476973136770e+00,2.915250715459705155e+00,3.429454790482955318e+00,2.650350706072379658e+00,2.208912240247573600e+00
2.948055274175046314e+00,2.532892602951086758e-01,3.194774875047344254e-01,3.170775393279456345e-01,9.812276113501993136e-01,9.929435949656215676e-01,2.542323870069357339e-01,2.553353306561294556e-01,9.673930145075128051e-01,1.019347860290150232e+00,1.029021790435225459e+00,1.034139510281118390e+00,1.026370946518992078e+00,1.021937446014886008e+00,-7.512104203440079786e-01,4.338328653475735930e-01,1.934786029015023168e+00,2.902179043522545854e+00,3.413951028111839037e+00,2.637094651899207776e+00,2.193744601488600843e+00
2.941065905928253343e+00,2.537384615912599006e-01,3.200333987460069474e-01,3.176358676221823774e-01,9.811301715071822915e-01,9.928432879029734925e-01,2.546494773771536546e-01,2.557591003635621418e-01,9.630552565520419384e-01,1.019261105131040734e+00,1.028891657696561213e+00,1.033985176607473022e+00,1.026239073693829607e+00,1.021786686802796273e+00,-7.491502865697338143e-01,4.357452439476473538e-01,1.926110513104073441e+00,2.889165769656121263e+00,3.398517660747302216e+00,2.623907369382960653e+00,2.178668680279627345e+00
2.934088911183120985e+00,2.541884595331284080e-01,3.205902218175658014e-01,3.181951222981694305e-01,9.810322394577926097e-01,9.927422693999444769e-01,2.550670773822031889e-01,2.561833414838671219e-01,9.587368731960340673e-01,1.019174737463920621e+00,1.028762106195880932e+00,1.033831543479468706e+00,1.026107884851060525e+00,1.021636839272300090e+00,-7.470906335874833992e-01,4.376355087141552969e-01,1.917473746392062139e+00,2.876210619588093209e+00,3.383154347946870644e+00,2.610788485106052548e+00,2.163683927230009019e+00
2.927124268034443588e+00,2.546392555335428298e-01,3.211479578322144479e-01,3.187553043853705304e-01,9.809338128560605163e-01,9.926405391141939205e-01,2.554851864122734129e-01,2.566080535615791747e-01,9.544377733587360302e-01,1.019088755467174812e+00,1.028633133200762106e+00,1.033678607506520075e+00,1.025977376273807584e+00,1.021487897959471036e+00,-7.450314998091853713e-01,4.395038182346135969e-01,1.908875546717481164e+00,2.863313320076210644e+00,3.367860750652007518e+00,2.597737627380758418e+00,2.148789795947103620e+00
2.920171954615795595e+00,2.550908510078372382e-01,3.217066079014127000e-01,3.193164149122419970e-01,9.808348893462833784e-01,9.925380966799106641e-01,2.559038038471526666e-01,2.570332361301715940e-01,9.501578663005613157e-01,1.019003157326011211e+00,1.028504735989016927e+00,1.033526365311787654e+00,1.025847544262366240e+00,1.021339857430151321e+00,-7.429729232988524501e-01,4.413503301004152446e-01,1.900315732601121077e+00,2.850473598901692718e+00,3.352636531178765367e+00,2.584754426236623992e+00,2.133985743015132108e+00
2.913231949099463147e+00,2.555432473738558086e-01,3.222661731352539638e-01,3.198784549062087534e-01,9.807354665630009238e-01,9.924349417078668356e-01,2.563229290561609419e-01,2.574588887119895197e-01,9.458970616208988158e-01,1.018917941232418078e+00,1.028376911848627007e+00,1.033374813532086600e+00,1.025718385134088972e+00,1.021192712279742842e+00,-7.409149417748829292e-01,4.431752009121612823e-01,1.891794123241807846e+00,2.837691184862700666e+00,3.337481353208660018e+00,2.571838513408897242e+00,2.119271227974284244e+00
2.906304229696373920e+00,2.559964460519572049e-01,3.228266546424420902e-01,3.204414253936399559e-01,9.806355421309694842e-01,9.923310737854716956e-01,2.567425613980805488e-01,2.578850108181826584e-01,9.416552692559270188e-01,1.018833105385118509e+00,1.028249658077677875e+00,1.033223948817792781e+00,1.025589895223263381e+00,1.021046457132995799e+00,-7.388575926123505111e-01,4.449785862854022112e-01,1.883310538511850929e+00,2.824965807767787496e+00,3.322394881779278109e+00,2.558989522326338140e+00,2.104645713299579945e+00
2.899388774656029621e+00,2.564504484650190763e-01,3.233880535302683934e-01,3.210053273998244583e-01,9.805351136651374588e-01,9.922264924768247063e-01,2.571627002210881696e-01,2.583116019486373927e-01,9.374323994764427459e-01,1.018748647989528910e+00,1.028122971984293255e+00,1.033073767832751955e+00,1.025462070880994059e+00,1.020901086643802635e+00,-7.368009128453835155e-01,4.467606408555704900e-01,1.874864798952891043e+00,2.812297198429325462e+00,3.307376783275195464e+00,2.546207088099405880e+00,2.090108664380263548e+00
2.892485562266436716e+00,2.569052560384425532e-01,3.239503709045885582e-01,3.215701619489459984e-01,9.804341787706202238e-01,9.921211973227691550e-01,2.575833448626855260e-01,2.587386615919087807e-01,9.332283628856927749e-01,1.018664567257713927e+00,1.027996850886570890e+00,1.032924267254187622e+00,1.025334908475082907e+00,1.020756595494991092e+00,-7.347449391695837217e-01,4.485215182833888758e-01,1.866456725771392655e+00,2.799685088657088983e+00,3.292426725418762246e+00,2.533490847508290678e+00,2.075659549499109247e+00
2.885594570854041141e+00,2.573608702001565773e-01,3.245136078697989923e-01,3.221359300640583845e-01,9.803327350426753739e-01,9.920151878409447788e-01,2.580044946496302671e-01,2.591661892251524435e-01,9.290430704172218945e-01,1.018580861408344473e+00,1.027871292112516599e+00,1.032775443772609769e+00,1.025208404389912342e+00,1.020612978398118154e+00,-7.326897079442589167e-01,4.502613712601231666e-01,1.858086140834447342e+00,2.787129211251659910e+00,3.277544377260976916e+00,2.520840438991234222e+00,2.061297839811815358e+00
2.878715778783655921e+00,2.578172923806225647e-01,3.250777655288133450e-01,3.227026327670607930e-01,9.802307800666784088e-01,9.919084635258398341e-01,2.584261488978662480e-01,2.595941843140558425e-01,9.248764333327206266e-01,1.018497528666654439e+00,1.027746292999981659e+00,1.032627294091725600e+00,1.025082555026328945e+00,1.020470230093269981e+00,-7.306352551946625473e-01,4.519803515128103522e-01,1.849752866665443918e+00,2.774629299998165877e+00,3.262729409172560047e+00,2.508255502632894540e+00,2.047023009326998100e+00
2.871849164458396775e+00,2.582745240128387909e-01,3.256428449830389149e-01,3.232702710786722333e-01,9.801283114180976419e-01,9.918010238488438324e-01,2.588483069124537517e-01,2.600226463127692789e-01,9.207283632198930423e-01,1.018414567264397830e+00,1.027621850896596856e+00,1.032479814928347395e+00,1.024957356801524666e+00,1.020328345348854970e+00,-7.285816166144406525e-01,4.536786098093760766e-01,1.841456726439782976e+00,2.762185089659685566e+00,3.247981492834739470e+00,2.495735680152466607e+00,2.032834534885497035e+00
2.864994706319612838e+00,2.587325665323448876e-01,3.262088473323527249e-01,3.238388460184065121e-01,9.800253266624699977e-01,9.916928682582987209e-01,2.592709679874992679e-01,2.604515746638368379e-01,9.165987719903260222e-01,1.018331975439806580e+00,1.027497963159709871e+00,1.032333003012305683e+00,1.024832806148924691e+00,1.020187318961409018e+00,-7.265288275678110086e-01,4.553562959638785546e-01,1.833197543980658040e+00,2.749796315970987060e+00,3.233300301230568330e+00,2.483280614892469096e+00,2.018731896140901760e+00
2.858152382846820050e+00,2.591914213772263387e-01,3.267757736750774300e-01,3.244083586045467538e-01,9.799218233553773638e-01,9.915839961795512858e-01,2.596941314060853268e-01,2.608809687981269443e-01,9.124875718773716171e-01,1.018249751437547479e+00,1.027374627156321107e+00,1.032186855086357324e+00,1.024708899518069538e+00,1.020047145755391238e+00,-7.244769230918155500e-01,4.570135588415559780e-01,1.824975143754747897e+00,2.737462715632110744e+00,3.218685508635732440e+00,2.470889951806953810e+00,2.004714575539123800e+00
2.851322172557630985e+00,2.596510899881191436e-01,3.273436251079573367e-01,3.249788098541198100e-01,9.798177990424210559e-01,9.914744070150028898e-01,2.601177964401992782e-01,2.613108281347619744e-01,9.083946754340405105e-01,1.018167893508680866e+00,1.027251840263021299e+00,1.032041367906098683e+00,1.024585633374501370e+00,1.019907820582989233e+00,-7.224259378986271907e-01,4.586505463638942404e-01,1.816789350868086572e+00,2.725184026302129858e+00,3.204136790609868335e+00,2.458563337450136999e+00,1.990782058298923296e+00
2.844504054007690019e+00,2.601115738082142026e-01,3.279124027261338115e-01,3.255502007828706135e-01,9.797132512591991693e-01,9.913641001441617640e-01,2.605419623506625704e-01,2.617411520810488668e-01,9.043199955309025873e-01,1.018086399910618001e+00,1.027129599865927112e+00,1.031896538239876593e+00,1.024463004199651195e+00,1.019769338323921914e+00,-7.203759063776749016e-01,4.602674055138615272e-01,1.808639991061800067e+00,2.712959986592711203e+00,3.189653823987659287e+00,2.446300419965119488e+00,1.976933832392191448e+00
2.837698005790606270e+00,2.605728742832617573e-01,3.284821076231211334e-01,3.261225324052359764e-01,9.796081775312821538e-01,9.912530749236928562e-01,2.609666283870596959e-01,2.621719400324080129e-01,9.002634453540009352e-01,1.018005268907079985e+00,1.027007903360620089e+00,1.031752362868702422e+00,1.024341008490726290e+00,1.019631693885246104e+00,-7.183268625980624433e-01,4.618642823405859077e-01,1.800526890707998540e+00,2.700790336062008912e+00,3.175236286870242175e+00,2.434100849072629025e+00,1.963169388524610426e+00
2.830904006537883877e+00,2.610349928615761650e-01,3.290527408907816254e-01,3.266958057343189448e-01,9.795025753741883889e-01,9.911413306874687912e-01,2.613917937876659159e-01,2.626031913723029798e-01,8.962249384027738408e-01,1.017924498768055575e+00,1.026886748152083140e+00,1.031608838586161703e+00,1.024219642760595406e+00,1.019494882201158914e+00,-7.162788403105837531e-01,4.634413219648004234e-01,1.792449876805557452e+00,2.688674815208313973e+00,3.160883858616170272e+00,2.421964276059540566e+00,1.949488220115891401e+00
2.824122034918855384e+00,2.614979309940403396e-01,3.296243036193010623e-01,3.272700217818622637e-01,9.793964422933617575e-01,9.910288667466189416e-01,2.618174577793762059e-01,2.630349054721690671e-01,8.922043884879881093e-01,1.017844087769759653e+00,1.026766131654639702e+00,1.031465962198330644e+00,1.024098903537679073e+00,1.019358898232810562e+00,-7.142318729500819474e-01,4.649986685833451538e-01,1.784408776975965338e+00,2.676613165463970212e+00,3.146596219833064367e+00,2.409890353767907278e+00,1.935889823281056188e+00
2.817352069640619572e+00,2.619616901341101367e-01,3.301967968971634693e-01,3.278451815582222317e-01,9.792897757841475537e-01,9.909156823895799437e-01,2.622436195776323142e-01,2.634670816913421421e-01,8.882017097296861508e-01,1.017764034194593714e+00,1.026646051291890682e+00,1.031323730523689086e+00,1.023978787365839693e+00,1.019223736968111638e+00,-7.121859936374927980e-01,4.665364654744801887e-01,1.776403419459371413e+00,2.664605129189068222e+00,3.132373052368908617e+00,2.397878736583969328e+00,1.922373696811163768e+00
2.810594089447964183e+00,2.624262717378194054e-01,3.307702218111262527e-01,3.284212860723421668e-01,9.791825733317692793e-01,9.908017768821452131e-01,2.626702783863509305e-01,2.638997193769871408e-01,8.842168165551376191e-01,1.017684336331102779e+00,1.026526504496654058e+00,1.031182140393033464e+00,1.023859290804269184e+00,1.019089393421543033e+00,-7.101412351820944879e-01,4.680548550026188970e-01,1.768433633110277903e+00,2.652650449665405752e+00,3.118214039303346397e+00,2.385929080426918425e+00,1.908939342154303276e+00
2.803848073123314855e+00,2.628916772637837074e-01,3.313445794461947758e-01,3.289983363317257048e-01,9.790748324113047740e-01,9.906871494675133505e-01,2.630974333978504109e-01,2.643328178640256265e-01,8.802496236968126997e-01,1.017604992473936321e+00,1.026407488710904481e+00,1.031041188649393980e+00,1.023740410427381509e+00,1.018955862633968978e+00,-7.080976300836285819e-01,4.695539786232323376e-01,1.760499247393632061e+00,2.640748871090448091e+00,3.104118864939398037e+00,2.374041042738150864e+00,1.895586263396897841e+00
2.797113999486651181e+00,2.633579081732058680e-01,3.319198708855971014e-01,3.295763333424098218e-01,9.789665504876643443e-01,9.905717993663382126e-01,2.635250837927782253e-01,2.647663764750638471e-01,8.763000461903522886e-01,1.017526000923806961e+00,1.026289001385710664e+00,1.030900872147948233e+00,1.023622142824701653e+00,1.018823139672450750e+00,-7.060552105345410112e-01,4.710339768876448674e-01,1.752600092380696140e+00,2.628900138571066414e+00,3.090087214794823289e+00,2.362214282470165294e+00,1.882313967245075048e+00
2.790391847395452096e+00,2.638249659298799732e-01,3.324960972107583457e-01,3.301552781089380217e-01,9.788577250155671150e-01,9.904557257767764300e-01,2.639532287400372934e-01,2.652003945203199597e-01,8.723679993725631521e-01,1.017447359987451172e+00,1.026171039981176980e+00,1.030761187755938613e+00,1.023504484600759268e+00,1.018691219630061262e+00,-7.040140084220464223e-01,4.724949894479135715e-01,1.744735998745117200e+00,2.617103998117698005e+00,3.076118775593861265e+00,2.350448460075926782e+00,1.869121963006126208e+00
2.783681595744626147e+00,2.642928520001960324e-01,3.330732595012747543e-01,3.307351716343332471e-01,9.787483534395183815e-01,9.903389278745370339e-01,2.643818673967125443e-01,2.656348712975514781e-01,8.684533988794198578e-01,1.017369067977588415e+00,1.026053601966382622e+00,1.030622132352587261e+00,1.023387432374981421e+00,1.018560097625700767e+00,-7.019740553301784258e-01,4.739371550616842121e-01,1.736906797758841492e+00,2.605360196638262238e+00,3.062213235258726129e+00,2.338743237498142058e+00,1.856009762570076660e+00
2.776983223466442219e+00,2.647615678531448080e-01,3.336513588348881121e-01,3.313160149200703453e-01,9.786384331937876269e-01,9.902214048129288626e-01,2.648109989079971971e-01,2.660698060919816088e-01,8.645561606440730351e-01,1.017291123212881399e+00,1.025936684819322098e+00,1.030483702829014581e+00,1.023270982781584681e+00,1.018429768803915447e+00,-6.999353825420634445e-01,4.753606115967096701e-01,1.729112321288139853e+00,2.593668481932209779e+00,3.048370282901458062e+00,2.327098278158468148e+00,1.842976880391544725e+00
2.770296709530467805e+00,2.652311149603222007e-01,3.342303962874594858e-01,3.318978089660488129e-01,9.785279617023849852e-01,9.901031557229085234e-01,2.652406224071181540e-01,2.665051981762260325e-01,8.606762008948810605e-01,1.017213524017897663e+00,1.025820286026846384e+00,1.030345896088156854e+00,1.023155132469471207e+00,1.018300228334716895e+00,-6.978980210418979091e-01,4.767654960358521654e-01,1.721352401789766340e+00,2.582028602684638408e+00,3.034589608815685402e+00,2.315513246947120685e+00,1.830022833471689481e+00
2.763622032943503282e+00,2.657014947959338014e-01,3.348103729329431344e-01,3.324805547705651509e-01,9.784169363790400364e-01,9.899841797131282428e-01,2.656707370152620040e-01,2.669410468102191847e-01,8.568134361534455179e-01,1.017136268723068948e+00,1.025704403084603422e+00,1.030208709044682536e+00,1.023039878102120825e+00,1.018171471413400475e+00,-6.958620015170816631e-01,4.781519444816405007e-01,1.713626872306894811e+00,2.570440308460342216e+00,3.020870904468253570e+00,2.303987810212082543e+00,1.817147141340047511e+00
2.756959172749509523e+00,2.661727088367999428e-01,3.353912898433599188e-01,3.330642533302848873e-01,9.783053546271788248e-01,9.898644758699836066e-01,2.661013418414999721e-01,2.673773512411398712e-01,8.529677832326574283e-01,1.017059355664653220e+00,1.025589033496979718e+00,1.030072138624912759e+00,1.022925216357488898e+00,1.018043493260368360e+00,-6.938273543602885285e-01,4.795200921609552025e-01,1.705935566465321962e+00,2.558903349697971841e+00,3.007213862491275869e+00,2.292521635748889786e+00,1.804349326036835954e+00
2.750308108029551057e+00,2.666447585623598071e-01,3.359731480887708233e-01,3.336489056402148212e-01,9.781932138399034304e-01,9.897440432576605218e-01,2.665324359827131451e-01,2.678141107033371604e-01,8.491391592347660167e-01,1.016982783184695371e+00,1.025474174777043057e+00,1.029936181766740733e+00,1.022811143927903066e+00,1.017916289120954332e+00,-6.917941096714939064e-01,4.808700734296904589e-01,1.698278318469537140e+00,2.547417477704305711e+00,2.993618176674073261e+00,2.281114392790306589e+00,1.791628912095433179e+00
2.743668817901722790e+00,2.671176454546764223e-01,3.365559487372504210e-01,3.342345126936748789e-01,9.780805113999685441e-01,9.896228809181820685e-01,2.669640185235171437e-01,2.682513244182556100e-01,8.453274815494475902e-01,1.016906549630989032e+00,1.025359824446483437e+00,1.029800835419549587e+00,1.022697657519956227e+00,1.017789854265244376e+00,-6.897622972600878644e-01,4.822020217773528294e-01,1.690654963098903174e+00,2.535982444648343659e+00,2.980083541954958726e+00,2.269765751995622693e+00,1.778985426524437585e+00
2.737041281521088720e+00,2.675913709984412692e-01,3.371396928548597849e-01,3.348210754822697477e-01,9.779672446797607055e-01,9.895009878714560170e-01,2.673960885361863493e-01,2.686889915943602158e-01,8.415326678518956216e-01,1.016830653357037928e+00,1.025245980035556892e+00,1.029666096544134879e+00,1.022584753854409056e+00,1.017664183987905924e+00,-6.877319466468793108e-01,4.835160698317020334e-01,1.683065335703792798e+00,2.524598003555689196e+00,2.966609654413487895e+00,2.258475385440905647e+00,1.766418398790592370e+00
2.730425478079613999e+00,2.680659366809788335e-01,3.377243815056195086e-01,3.354085949958605095e-01,9.778534110412770985e-01,9.893783631153207914e-01,2.678286450805783536e-01,2.691271114270611942e-01,8.377546361009192699e-01,1.016755092722018361e+00,1.025132639083027541e+00,1.029531962112624655e+00,1.022472429666086091e+00,1.017539273608013550e+00,-6.857030870661217081e-01,4.848123493632231495e-01,1.675509272201836097e+00,2.513263908302754146e+00,2.953196211262465454e+00,2.247242966608609116e+00,1.753927360801355029e+00
2.723821386806103639e+00,2.685413439922512691e-01,3.383100157514825623e-01,3.359970722225360529e-01,9.777390078361039016e-01,9.892550056255919877e-01,2.682616872040576306e-01,2.695656830986384311e-01,8.339933045370578890e-01,1.016679866090741235e+00,1.025019799136111631e+00,1.029398429108400626e+00,1.022360681703774477e+00,1.017415118468877333e+00,-6.836757474675425605e-01,4.860909912897456442e-01,1.667986609074123550e+00,2.501979913611163120e+00,2.939842910840062551e+00,2.236068170377447650e+00,1.741511846887733306e+00
2.717228986966131465e+00,2.690175944248632267e-01,3.388965966523067586e-01,3.365865081485842625e-01,9.776240324053956376e-01,9.891309143561083372e-01,2.686952139414190421e-01,2.700047057781654325e-01,8.302485916807017530e-01,1.016604971833614091e+00,1.024907457750421136e+00,1.029265494526021119e+00,1.022249506730126489e+00,1.017291713937874542e+00,-6.816499565183143927e-01,4.873521256809158486e-01,1.660497183361409057e+00,2.490745775042113586e+00,2.926549452602111856e+00,2.224950673012648927e+00,1.729171393787454214e+00
2.710648257861980603e+00,2.694946894740664067e-01,3.394841252658272190e-01,3.371769037584630424e-01,9.775084820798541907e-01,9.890060882387787800e-01,2.691292243148115659e-01,2.704441786214333843e-01,8.265204163302329876e-01,1.016530408326604684e+00,1.024795612489906915e+00,1.029133155371141362e+00,1.022138901521555399e+00,1.017169055406276446e+00,-6.796257426050618111e-01,4.885958817626070982e-01,1.653040832660468418e+00,2.479561248990691524e+00,2.913315537114136156e+00,2.213890152155539859e+00,1.716905540627644555e+00
2.704079178832575092e+00,2.699726306377642771e-01,3.400726026476290076e-01,3.377682600347712838e-01,9.773923541797081560e-01,9.888805261836270954e-01,2.695637173336609127e-01,2.708841007708747139e-01,8.228086975601724973e-01,1.016456173951203468e+00,1.024684260926805202e+00,1.029001408660440209e+00,1.022028862868141319e+00,1.017047138289086217e+00,-6.776031338359240763e-01,4.898223879215374277e-01,1.645617395120346771e+00,2.468426092680520156e+00,2.900140866044020882e+00,2.202886286814131900e+00,1.704713828908621664e+00
2.697521729253415934e+00,2.704514194165167917e-01,3.406620298511187084e-01,3.383605779582196105e-01,9.772756460146928559e-01,9.887542270788379772e-01,2.699986919945926434e-01,2.713244713554859855e-01,8.191133547193427678e-01,1.016382267094386949e+00,1.024573400641580312e+00,1.028870251421541093e+00,1.021919387573531512e+00,1.016925958024868848e+00,-6.755821580423604367e-01,4.910317717094325740e-01,1.638226709438694861e+00,2.457340064158031190e+00,2.887025142154109325e+00,2.191938757353151246e+00,1.692595802486884793e+00
2.690975888536514926e+00,2.709310573135452205e-01,3.412524079274968369e-01,3.389538585076009025e-01,9.771583548840288014e-01,9.886271897908025519e-01,2.704341472813541758e-01,2.717652894907513494e-01,8.154343074290388849e-01,1.016308686148580831e+00,1.024463029222871135e+00,1.028739680692936087e+00,1.021810472454841801e+00,1.016805510075586394e+00,-6.735628427812555552e-01,4.922241598477873903e-01,1.630868614858083099e+00,2.446302922287113546e+00,2.873968069293608707e+00,2.181047245484180053e+00,1.680551007558639398e+00
2.684441636130333375e+00,2.714115458347366450e-01,3.418437379257292519e-01,3.395481026597605423e-01,9.770404780764041508e-01,9.884994131641638981e-01,2.708700821647377910e-01,2.722065542785648273e-01,8.117714755812160954e-01,1.016235429511624266e+00,1.024353144267436511e+00,1.028609693523912849e+00,1.021702114342562639e+00,1.016685789926436989e+00,-6.715452153368013377e-01,4.933996782318028629e-01,1.623542951162426640e+00,2.435314426743651062e+00,2.860969352391284914e+00,2.170211434256263949e+00,1.668578992643698911e+00
2.677918951519715041e+00,2.718928864886487884e-01,3.424360208925191218e-01,3.401433113895670490e-01,9.769220128699518391e-01,9.883708960218615669e-01,2.713064956025018071e-01,2.726482648071530401e-01,8.081247793366848065e-01,1.016162495586733661e+00,1.024243743380100602e+00,1.028480286974477353e+00,1.021594310080459644e+00,1.016566793085688314e+00,-6.695293027224168414e-01,4.945584519351478581e-01,1.616249558673366060e+00,2.424374338010060193e+00,2.848028697447735347e+00,2.159431008045964440e+00,1.656679308568831388e+00
2.671407814225823074e+00,2.723750807865147339e-01,3.430292578722780594e-01,3.407394856698816588e-01,9.768029565322322583e-01,9.882416371651772113e-01,2.717433865392926973e-01,2.730904201509969376e-01,8.044941391233162431e-01,1.016089882782466258e+00,1.024134824173699387e+00,1.028351458115281059e+00,1.021487056525481663e+00,1.016448515084519055e+00,-6.675151316827219183e-01,4.957006052139804608e-01,1.608988278246625825e+00,2.413482417369938737e+00,2.835145811528105853e+00,2.148705652548166256e+00,1.644851508451905531e+00
2.664908203806072517e+00,2.728581302422478649e-01,3.436234499070974779e-01,3.413366264715284037e-01,9.766833063202131626e-01,9.881116353737789959e-01,2.721807539065663750e-01,2.735330193707538049e-01,8.008794756342595411e-01,1.016017589512685282e+00,1.024026384269027812e+00,1.028223204027546744e+00,1.021380350547663962e+00,1.016330951476858369e+00,-6.655027286954202648e-01,4.968262615113604452e-01,1.601758951268528186e+00,2.402638426902781177e+00,2.822320402754674440e+00,2.138035054766396215e+00,1.633095147685836857e+00
2.658420099854072127e+00,2.733420363724461954e-01,3.442185980367197806e-01,3.419347347632640255e-01,9.765630594802502396e-01,9.879808894057664492e-01,2.726185966225094237e-01,2.739760615131790478e-01,7.972807098261702752e-01,1.015945614196523294e+00,1.023918421294785164e+00,1.028095521802994128e+00,1.021274189030034307e+00,1.016214097839225117e+00,-6.634921199731695918e-01,4.979355434615796994e-01,1.594561419652329448e+00,2.391842129478516377e+00,2.809552180299412782e+00,2.127418903003430728e+00,1.621409783922511672e+00
2.651943481999552876e+00,2.738268006963976431e-01,3.448147032985093285e-01,3.425338115117471105e-01,9.764422132480681249e-01,9.878493979977148731e-01,2.730569135919599377e-01,2.744195456110468667e-01,7.936977629174410964e-01,1.015873955258348893e+00,1.023810932887523339e+00,1.027968408543768586e+00,1.021168568868519255e+00,1.016097949770571773e+00,-6.614833314656042296e-01,4.990285728942082666e-01,1.587395525834889298e+00,2.381093288752333947e+00,2.796840854376858587e+00,2.116856886851925523e+00,1.609794977057177334e+00
2.645478329908311554e+00,2.743124247360843038e-01,3.454117667274229642e-01,3.431338576815077812e-01,9.763207648487426393e-01,9.877171598647198625e-01,2.734957037063282526e-01,2.748634706830717089e-01,7.901305563864492454e-01,1.015802611127728960e+00,1.023703916691593552e+00,1.027841861362366327e+00,1.021063486971851564e+00,1.015982502892126549e+00,-6.594763888610558622e-01,5.001054708384468084e-01,1.580261112772896048e+00,2.370391669159355175e+00,2.784186136236632692e+00,2.106348697185156382e+00,1.598250289212654884e+00
2.639024623282140602e+00,2.747989100161876141e-01,3.460097893559805904e-01,3.437348742349167763e-01,9.761987114966806933e-01,9.875841737004412701e-01,2.739349658435169532e-01,2.753078357338287763e-01,7.865790119698035099e-01,1.015731580239396026e+00,1.023597370359094150e+00,1.027715877381564447e+00,1.020958940261478043e+00,1.015867752847238403e+00,-6.574713175884581151e-01,5.011663575273787030e-01,1.573158023939602579e+00,2.359737035909414971e+00,2.771587738156444658e+00,2.095894026147804290e+00,1.586775284723840329e+00
2.632582341858768160e+00,2.752862580640929591e-01,3.466087722142358607e-01,3.443368621321544754e-01,9.760760503956036338e-01,9.874504381771478378e-01,2.743746988678413823e-01,2.757526397536744223e-01,7.830430516606003977e-01,1.015660861033212070e+00,1.023491291549817994e+00,1.027590453734347209e+00,1.020854925671466296e+00,1.015753695301220949e+00,-6.554681428192872250e-01,5.022113524019776731e-01,1.566086103321207013e+00,2.349129154981799417e+00,2.759045373434720894e+00,2.085492567146629561e+00,1.575369530122094908e+00
2.626151465411793229e+00,2.757744704098944455e-01,3.472087163297462031e-01,3.449398223311797018e-01,9.759527787385280373e-01,9.873159519457609390e-01,2.748149016299493153e-01,2.761978817186663271e-01,7.795225977066849721e-01,1.015590451954133666e+00,1.023385677931200499e+00,1.027465587563834326e+00,1.020751440148412792e+00,1.015640325941199684e+00,-6.534668894693643759e-01,5.032405741153210821e-01,1.559045195413366613e+00,2.338567793120049920e+00,2.746558756383432609e+00,2.075144014841279194e+00,1.564032594119968422e+00
2.619731973750621279e+00,2.762635485863998985e-01,3.478096227275427887e-01,3.455437557876985255e-01,9.758288937077486125e-01,9.871807136358983215e-01,2.752555729667404139e-01,2.766435605904832840e-01,7.760175726089127979e-01,1.015520351452178227e+00,1.023280527178267452e+00,1.027341276023211236e+00,1.020648480651353829e+00,1.015527640475958782e+00,-6.514675822006320560e-01,5.042541405367233498e-01,1.552035145217822709e+00,2.328052717826745166e+00,2.734127602321123618e+00,2.064848065135382882e+00,1.552764047595878161e+00
2.613323846720404298e+00,2.767534941291353023e-01,3.484114924301006111e-01,3.461486634551326214e-01,9.757043924748201036e-01,9.870447218559180724e-01,2.756967117012856794e-01,2.770896753163448745e-01,7.725278991194168832e-01,1.015450557982388258e+00,1.023175836973582609e+00,1.027217516275654940e+00,1.020546044151670495e+00,1.015415634635787656e+00,-6.494702454230798505e-01,5.052521687558085839e-01,1.545055798238825773e+00,2.317583697358260864e+00,2.721751627565494047e+00,2.054604415167049503e+00,1.541563463578765614e+00
2.606927064201971955e+00,2.772443085763500736e-01,3.490143264573081772e-01,3.467545462845875726e-01,9.755792722005405260e-01,9.869079751929623612e-01,2.761383166427466840e-01,2.775362248289307554e-01,7.690535002398676268e-01,1.015381070004797381e+00,1.023071605007195961e+00,1.027094305494264725e+00,1.020444127633001186e+00,1.015304304172330641e+00,-6.474749032965623208e-01,5.062347750865056062e-01,1.538107000479738140e+00,2.307160500719596108e+00,2.709430549426472545e+00,2.044412763300118563e+00,1.530430417233064055e+00
2.600541606111773874e+00,2.777359934690215582e-01,3.496181258264366987e-01,3.473614052248212292e-01,9.754535300349338467e-01,9.867704722130010708e-01,2.765803865862938582e-01,2.779832080462997790e-01,7.655942992197385388e-01,1.015311885984394813e+00,1.022967828976592219e+00,1.026971640861990220e+00,1.020342728091150120e+00,1.015193644858435995e+00,-6.454815797324503501e-01,5.072020750713053250e-01,1.531188598439481297e+00,2.296782897659221945e+00,2.697164086199022037e+00,2.034272809115011960e+00,1.519364485843599510e+00
2.594167452401812568e+00,2.782285503508600266e-01,3.502228915521098940e-01,3.479692412222114561e-01,9.753271631172329981e-01,9.866322114608750971e-01,2.770229203130255002e-01,2.784306238718083359e-01,7.621502195545614144e-01,1.015243004391091164e+00,1.022864506586636857e+00,1.026849519571559677e+00,1.020241842533994747e+00,1.015083652488005139e+00,-6.434902983956192202e-01,5.081541834849562234e-01,1.524300439109116390e+00,2.286450658663685687e+00,2.684951957155967683e+00,2.024184253399474720e+00,1.508365248800513925e+00
2.587804583059583940e+00,2.787219807683133932e-01,3.508286246462727909e-01,3.485780552207240479e-01,9.752001685758637795e-01,9.864931914603397578e-01,2.774659165898860635e-01,2.788784711940295313e-01,7.587211849841770661e-01,1.015174423699683581e+00,1.022761635549525261e+00,1.026727938825409137e+00,1.020141467981398264e+00,1.014974322875843660e+00,-6.415010827060951826e-01,5.090912143387045230e-01,1.517442369968358129e+00,2.276163554952526091e+00,2.672793882540913657e+00,2.014146798139826444e+00,1.497432287584365973e+00
2.581452978108010221e+00,2.792162862705723225e-01,3.514353261181609733e-01,3.491878481618801433e-01,9.750725435284283149e-01,9.863534107141083140e-01,2.779093741695838893e-01,2.793267488866708059e-01,7.553071194909749542e-01,1.015106142389819555e+00,1.022659213584729221e+00,1.026606895835610489e+00,1.020041601465116132e+00,1.014865651857511208e+00,-6.395139558409600467e-01,5.100132808841547627e-01,1.510614238981955459e+00,2.265921358472922087e+00,2.660689583561048899e+00,2.004160146511613227e+00,1.486565185751120843e+00
2.575112617605382681e+00,2.797114684095747261e-01,3.520429969742691068e-01,3.497986209847240846e-01,9.749442850816888440e-01,9.862128677038947133e-01,2.783532917905092163e-01,2.797754558084923349e-01,7.519079472981223811e-01,1.015038158945962499e+00,1.022557238418943637e+00,1.026486387823797308e+00,1.019942240028705926e+00,1.014757635289172066e+00,-6.375289407359135962e-01,5.109204956172926915e-01,1.503815894596249869e+00,2.255723841894363701e+00,2.648638782379730827e+00,1.994224002870592649e+00,1.475763528917206635e+00
2.568783481645294131e+00,2.802075287400109249e-01,3.526516382183199627e-01,3.504103746257901109e-01,9.748153903315521784e-01,9.860715608904576657e-01,2.787976681766517473e-01,2.802245908032244270e-01,7.485235928677737016e-01,1.014970471857355561e+00,1.022455707786033230e+00,1.026366412021096020e+00,1.019843380727436521e+00,1.014650269047447484e+00,-6.355460600873000798e-01,5.118129702822884486e-01,1.497047185735556063e+00,2.245570778603322992e+00,2.636641202109601956e+00,1.984338072743652148e+00,1.465026904744748393e+00
2.562465550356578081e+00,2.807044688193284787e-01,3.532612508512325000e-01,3.510231100190698283e-01,9.746858563630547145e-01,9.859294887136430541e-01,2.792425020375179368e-01,2.806741526994850355e-01,7.451539808992644343e-01,1.014903079617985204e+00,1.022354619426977917e+00,1.026246965668049294e+00,1.019745020628195720e+00,1.014543549029266023e+00,-6.335653363536356553e-01,5.126908158754241995e-01,1.490307961798520431e+00,2.235461942697791748e+00,2.624696566804929354e+00,1.974502062819571968e+00,1.454354902926602300e+00
2.556158803903247456e+00,2.812022902077370157e-01,3.538718358710902789e-01,3.516368280959789594e-01,9.745556802503464455e-01,9.857866495924269001e-01,2.796877920680481688e-01,2.811241403106971015e-01,7.417990363272798371e-01,1.014835980726545683e+00,1.022253971089818414e+00,1.026128046014543660e+00,1.019647156809397215e+00,1.014437471151714121e+00,-6.315867917574249368e-01,5.135541426489821371e-01,1.483598072654568334e+00,2.225397108981841399e+00,2.612804601454365994e+00,1.964715680939721487e+00,1.443747115171412077e+00
2.549863222484431979e+00,2.817009944682130618e-01,3.544833942731094867e-01,3.522515297853241467e-01,9.744248590566763069e-01,9.856430419249587738e-01,2.801335369485331572e-01,2.815745524350052875e-01,7.384586843199966166e-01,1.014769173686399961e+00,1.022153760529599831e+00,1.026009650319734012e+00,1.019549786360889554e+00,1.014332031351887098e+00,-6.296104482868425389e-01,5.144030601151755588e-01,1.476917368639996120e+00,2.215376052959983078e+00,2.600965031973401231e+00,1.954978636088955390e+00,1.433203135188709787e+00
2.543578786334313335e+00,2.822005831665052034e-01,3.550959270496069631e-01,3.528672160132693136e-01,9.742933898343777432e-01,9.854986640886044258e-01,2.805797353445309561e-01,2.820253878551927107e-01,7.351328502771908857e-01,1.014702657005543740e+00,1.022053985508315721e+00,1.025891775851968557e+00,1.019452906383860213e+00,1.014227225586740166e+00,-6.276363276975288619e-01,5.152376770498415803e-01,1.470265700554374000e+00,2.205398550831572102e+00,2.589177585196855702e+00,1.945290638386021342e+00,1.422722558674016646e+00
2.537305475722068326e+00,2.827010578711386390e-01,3.557094351899678375e-01,3.534838877033021354e-01,9.741612696248541647e-01,9.853535144399889756e-01,2.810263859067833048e-01,2.824766453385972875e-01,7.318214598283143690e-01,1.014636429196566381e+00,1.021954643794849460e+00,1.025774419888710653e+00,1.019356513990740565e+00,1.014123049832936996e+00,-6.256644515142368856e-01,5.160581014962185575e-01,1.463642919656638064e+00,2.195464379484945994e+00,2.577441988871065348e+00,1.935651399074056478e+00,1.412304983293699578e+00
2.531043270951800928e+00,2.832024201534204533e-01,3.563239196806130549e-01,3.541015457762002328e-01,9.740284954585650690e-01,9.852075913150392106e-01,2.814734872711314173e-01,2.829283236370279675e-01,7.285244388305222030e-01,1.014570488776610491e+00,1.021855733164915625e+00,1.025657579716460432e+00,1.019260606305109951e+00,1.014019500086699388e+00,-6.236948410325139358e-01,5.168644407688630649e-01,1.457048877661049069e+00,2.185573316491562501e+00,2.565757971646043245e+00,1.926060630510995075e+00,1.401950008669938796e+00
2.524792152362484998e+00,2.837046715874443903e-01,3.569393815049666241e-01,3.547201911499970328e-01,9.738950643550123853e-01,9.850608930290266629e-01,2.819210380584320497e-01,2.833804214866805782e-01,7.252417133666586579e-01,1.014504834267333067e+00,1.021757251400999822e+00,1.025541252630674860e+00,1.019165180461597764e+00,1.013916572363654511e+00,-6.217275173203919980e-01,5.176568014573112997e-01,1.450483426733306658e+00,2.175725140099982191e+00,2.554125263067485996e+00,1.916518046159776389e+00,1.391657236365451134e+00
2.518552100327900778e+00,2.842078137500956836e-01,3.575558216434230885e-01,3.553398247399476850e-01,9.737609733227264863e-01,9.849134178766101311e-01,2.823690368744732893e-01,2.838329376080532818e-01,7.219732097431862394e-01,1.014439464194863749e+00,1.021659196292295624e+00,1.025425435935687801e+00,1.019070233605785525e+00,1.013814262698684132e+00,-6.197625012201125605e-01,5.184352894296859748e-01,1.443946419486374921e+00,2.165919629229562382e+00,2.542543593568780125e+00,1.907023360578552484e+00,1.381426269868413215e+00
2.512323095256573158e+00,2.847118482210562740e-01,3.581732410733143301e-01,3.559604474584945333e-01,9.736262193592536418e-01,9.847651641318792004e-01,2.828174823098897894e-01,2.842858707058624201e-01,7.187188544880573904e-01,1.014374377089761081e+00,1.021561565634641733e+00,1.025310126944620759e+00,1.018975762894100523e+00,1.013712567145764742e+00,-6.177998133497809574e-01,5.192000098366207350e-01,1.437437708976108119e+00,2.156156563464173281e+00,2.531012694462075885e+00,1.897576289410052297e+00,1.371256714576474245e+00
2.506105117591710396e+00,2.852167765828095281e-01,3.587916407688762077e-01,3.565820602152326990e-01,9.734907994511431406e-01,9.846161300483956547e-01,2.832663729400778374e-01,2.847392194689570277e-01,7.154785743485175820e-01,1.014309571486970318e+00,1.021464357230455589e+00,1.025195322979303825e+00,1.018881765493719671e+00,1.013611481777818346e+00,-6.158394741049333376e-01,5.199510671147529184e-01,1.430957148697031833e+00,2.146435723045558852e+00,2.519532297930382470e+00,1.888176549371967106e+00,1.361148177781834612e+00
2.499898147811143279e+00,2.857226004206453451e-01,3.594110217012154163e-01,3.572046639168751092e-01,9.733547105739341898e-01,9.844663138592367746e-01,2.837157073251105888e-01,2.851929825702341770e-01,7.122522962888362397e-01,1.014245045925776800e+00,1.021367568888664978e+00,1.025081021370179757e+00,1.018788238582456041e+00,1.013511002686547258e+00,-6.138815036603106901e-01,5.206885649904376967e-01,1.424504592577680029e+00,2.136756888866497839e+00,2.508102137017975686e+00,1.878823858245604050e+00,1.351100268654725767e+00
2.493702166427262057e+00,2.862293213226650979e-01,3.600313848382759585e-01,3.578282594672179684e-01,9.732179496921447015e-01,9.843157137770379705e-01,2.841654840096528023e-01,2.856471586665536577e-01,7.090399474879552910e-01,1.014180798949759099e+00,1.021271198424638760e+00,1.024967219456218714e+00,1.018695179348656721e+00,1.013411125982280003e+00,-6.119259219713919506e-01,5.214126064833843888e-01,1.418079894975909916e+00,2.127119842463875976e+00,2.496721945621871441e+00,1.869517934865672082e+00,1.341112598228000330e+00
2.487517153986959162e+00,2.867369408797865171e-01,3.606527311448050610e-01,3.584528477671050650e-01,9.730805137592583032e-01,9.841643279940351929e-01,2.846157015228750198e-01,2.861017463986518239e-01,7.058414553370511157e-01,1.014116829106741058e+00,1.021175243660111587e+00,1.024853914584818559e+00,1.018602584991086246e+00,1.013311847793803011e+00,-6.099727487760864264e-01,5.221232939101809745e-01,1.411682910674105784e+00,2.117524366011158676e+00,2.485391458481855942e+00,1.860258499108624619e+00,1.331184779380301109e+00
2.481343091071562146e+00,2.872454606857489101e-01,3.612750615823195344e-01,3.590784297143928550e-01,9.729423997177140127e-01,9.840121546821075649e-01,2.850663583783682453e-01,2.865567443910563838e-01,7.026567474369928012e-01,1.014053134948739832e+00,1.021079702423109747e+00,1.024741104111710266e+00,1.018510452718815129e+00,1.013213164268199407e+00,-6.080220035963259662e-01,5.228207288879562764e-01,1.405313494873983160e+00,2.107970242310974740e+00,2.474110411171026591e+00,1.851045271881512910e+00,1.321316426819940659e+00
2.475179958296778171e+00,2.877548823371179898e-01,3.618983771090714674e-01,3.597050062039147122e-01,9.728036044988936926e-01,9.838591919928197926e-01,2.855174530740577366e-01,2.870121512519997475e-01,6.994857515957010330e-01,1.013989715031913930e+00,1.020984572547871005e+00,1.024628785400854891e+00,1.018418779751100400e+00,1.013115071570678039e+00,-6.060737057396921035e-01,5.235050123378324205e-01,1.398971503191392962e+00,2.098457254787100545e+00,2.462878540085489121e+00,1.841877975110040033e+00,1.311507157067803853e+00
2.469027736312630061e+00,2.882652074332909264e-01,3.625226786800140322e-01,3.603325781274455686e-01,9.726641250231125024e-01,9.837054380574642432e-01,2.859689840921172954e-01,2.874679655733330397e-01,6.963283958253866368e-01,1.013926567916507704e+00,1.020889851874761556e+00,1.024516955824338105e+00,1.018327563317263706e+00,1.013017565884402948e+00,-6.041278743009587116e-01,5.241762444884188188e-01,1.392656791650770387e+00,2.088985187476155581e+00,2.451695582433810472e+00,1.832756331726370647e+00,1.301756588440294848e+00
2.462886405803397682e+00,2.887764375765013436e-01,3.631479672467669562e-01,3.609611463736656090e-01,9.725239581996073523e-01,9.835508909871042427e-01,2.864209498988823932e-01,2.879241859304392803e-01,6.931846083396633329e-01,1.013863692166793173e+00,1.020795538250189871e+00,1.024405612762259832e+00,1.018236800656564078e+00,1.012920643410315957e+00,-6.021845281637924208e-01,5.248345248794081819e-01,1.386369216679317340e+00,2.079553825018987112e+00,2.440561276225983178e+00,1.823680065656407834e+00,1.292064341031595731e+00
2.456755947487555325e+00,2.892885743718244251e-01,3.637742437575816612e-01,3.615907118281245225e-01,9.723831009265270220e-01,9.833955488726159322e-01,2.868733489447639062e-01,2.883808108821467875e-01,6.900543175505261528e-01,1.013801086351010516e+00,1.020701629526515886e+00,1.024294753602619679e+00,1.018146489018068035e+00,1.012824300366958363e+00,-6.002436860022007936e-01,5.254799523650193205e-01,1.380108635101051640e+00,2.070162952651588562e+00,2.429475360261967865e+00,1.814648901806803494e+00,1.282430036695836328e+00
2.450636342117711308e+00,2.898016194271819113e-01,3.644015091573065690e-01,3.622212753732050317e-01,9.722415500909230568e-01,9.832394097847307890e-01,2.873261796641614629e-01,2.888378389706416915e-01,6.869374520651803095e-01,1.013738749041303677e+00,1.020608123561955516e+00,1.024184375741196362e+00,1.018056625660512804e+00,1.012728532990286201e+00,-5.983053662822136465e-01,5.261126251172509871e-01,1.373874904130367725e+00,2.060812356195551587e+00,2.418437574119636224e+00,1.805662566051280393e+00,1.272853299028620100e+00
2.444527570480549361e+00,2.903155743533470945e-01,3.650297643873519626e-01,3.628528378880864769e-01,9.720993025687387767e-01,9.830824717740780372e-01,2.877794404753762358e-01,2.892952687213810048e-01,6.838339406827164124e-01,1.013676678813654419e+00,1.020515018220481407e+00,1.024074476581424031e+00,1.017967207852165323e+00,1.012633337533480837e+00,-5.963695872634200423e-01,5.267326406295067542e-01,1.367667881365441929e+00,2.051501822048140689e+00,2.407447658142403135e+00,1.796720785216532335e+00,1.263333753348083732e+00
2.438429613396767337e+00,2.908304407639499822e-01,3.656590103856546814e-01,3.634854002487083457e-01,9.719563552248016158e-01,9.829247328712265031e-01,2.882331297805240666e-01,2.897530986430045807e-01,6.807437123906130427e-01,1.013614874247812159e+00,1.020422311371718349e+00,1.023965053534259262e+00,1.017878232870675914e+00,1.012538710266756237e+00,-5.944363670004640943e-01,5.273400957197039718e-01,1.361487424781215871e+00,2.042231137171834909e+00,2.396505353425926188e+00,1.787823287067591416e+00,1.253871026675623668e+00
2.432342451721015930e+00,2.913462202754822927e-01,3.662892480866427602e-01,3.641189633277333026e-01,9.718127049128134631e-01,9.827661910867278028e-01,2.886872459654479250e-01,2.902113272272480171e-01,6.776666963610573635e-01,1.013553333927221134e+00,1.020330000890831812e+00,1.023856104018044055e+00,1.017789698002923515e+00,1.012444647477156900e+00,-5.925057233446541227e-01,5.279350865339248466e-01,1.355333392722113395e+00,2.033000089083181194e+00,2.385610401804405534e+00,1.778969800292351522e+00,1.244464747715690045e+00
2.426266066341839167e+00,2.918629145073025621e-01,3.669204784211995696e-01,3.647535279945099407e-01,9.716683484753430022e-01,9.826068444111580868e-01,2.891417873996302013e-01,2.906699529488537270e-01,6.746028219470753262e-01,1.013492056438941580e+00,1.020238084658412259e+00,1.023747625458361288e+00,1.017701600544856921e+00,1.012351145468353364e+00,-5.905776739455022017e-01,5.285177085494769944e-01,1.349205643894157980e+00,2.023808465841225868e+00,2.374762545836128780e+00,1.770160054485692136e+00,1.235114546835336391e+00
2.420200438181616232e+00,2.923805250816411405e-01,3.675527023166282325e-01,3.653890951150360888e-01,9.715232827438168295e-01,9.824466908151600064e-01,2.895967524361053869e-01,2.911289742654831758e-01,6.715520186784534884e-01,1.013431040373569125e+00,1.020146560560353688e+00,1.023639615287883275e+00,1.017613937801327806e+00,1.012258200560429033e+00,-5.886522362521782181e-01,5.290880565782061229e-01,1.343104037356912528e+00,2.014656056035368792e+00,2.363961528788327549e+00,1.761393780132780584e+00,1.225820056042903339e+00
2.414145548196498403e+00,2.928990536236054654e-01,3.681859206966154319e-01,3.660256655519208424e-01,9.713775045385125706e-01,9.822857282494854569e-01,2.900521394113718121e-01,2.915883896176283407e-01,6.685142162574417846e-01,1.013370284325148862e+00,1.020055426487723294e+00,1.023532070946212125e+00,1.017526707085915527e+00,1.012165809089661028e+00,-5.867294275151374583e-01,5.296462247698553449e-01,1.337028432514886234e+00,2.005542648772329350e+00,2.353207094621212470e+00,1.752670708591552717e+00,1.216580908966102825e+00
2.408101377376351326e+00,2.934185017611850022e-01,3.688201344811952720e-01,3.666632401643472039e-01,9.712310106685511091e-01,9.821239546450375446e-01,2.905079466453037162e-01,2.920481974285223936e-01,6.654893445542243713e-01,1.013309786891084530e+00,1.019964680336626683e+00,1.023424989879712532e+00,1.017439905720744608e+00,1.012073967408292363e+00,-5.848092647875871020e-01,5.301923066150234787e-01,1.330978689108452961e+00,1.996468033662668340e+00,2.342498987971253221e+00,1.743990572074460843e+00,1.207396740829236315e+00
2.402067906744696391e+00,2.939388711252563513e-01,3.694553445867127528e-01,3.673018198080343910e-01,9.710837979318901469e-01,9.819613679129123307e-01,2.909641724410626518e-01,2.925083961040512159e-01,6.624773336021450021e-01,1.013249546672042811e+00,1.019874320008064439e+00,1.023318369541335926e+00,1.017353531036294889e+00,1.011982671884298801e+00,-5.828917649269302892e-01,5.307263949486290544e-01,1.324954667204281122e+00,1.987432000806443888e+00,2.331836954133592599e+00,1.735353103629488913e+00,1.198267188429880115e+00
2.396045117358648113e+00,2.944601633495885218e-01,3.700915519257874098e-01,3.679414053351996450e-01,9.709358631153172103e-01,9.817979659444410201e-01,2.914208150850096102e-01,2.929689840326637484e-01,6.594781135926699456e-01,1.013189562271853417e+00,1.019784343407780014e+00,1.023212207390435724e+00,1.017267580371201685e+00,1.011891918901145271e+00,-5.809769445963799406e-01,5.312485819527085207e-01,1.318956227185341668e+00,1.978434340778001399e+00,2.321220739043572401e+00,1.726758037120168510e+00,1.189191890114527084e+00
2.390032990308856409e+00,2.949823800708478716e-01,3.707287574072759551e-01,3.685819975945200944e-01,9.707872029944443204e-01,9.816337466112323717e-01,2.918778728466154271e-01,2.934299595852826181e-01,6.564916148700806753e-01,1.013129832297401611e+00,1.019694748446102528e+00,1.023106500892571491e+00,1.017182051072045290e+00,1.011801704857532958e+00,-5.790648202662813659e-01,5.317589591598905763e-01,1.312983229740161129e+00,1.969474844610252795e+00,2.310650089257149098e+00,1.718205107204529014e+00,1.180170485753295750e+00
2.384031506719445748e+00,2.955055229286035479e-01,3.713669619362360286e-01,3.692235974310943969e-01,9.706378143337015540e-01,9.814687077652138880e-01,2.923353439783729635e-01,2.938913211152141547e-01,6.535177679258743488e-01,1.013070355358517416e+00,1.019605533037776235e+00,1.023001247519303769e+00,1.017096940493131152e+00,1.011712026167137735e+00,-5.771554082157822618e-01,5.322576174560346152e-01,1.307035535851741592e+00,1.960553303777623491e+00,2.300124751930376910e+00,1.709694049313115194e+00,1.171202616713773459e+00
2.378040647747960978e+00,2.960295935653320942e-01,3.720061664138883950e-01,3.698662056864041592e-01,9.704876938863323810e-01,9.813028472386740031e-01,2.927932267157074553e-01,2.943530669580585180e-01,6.505565033928704111e-01,1.013011130067857479e+00,1.019516695101786219e+00,1.022896444747982692e+00,1.017012245996264941e+00,1.011622879258343710e+00,-5.752487245341380007e-01,5.327446470835255354e-01,1.301113006785747928e+00,1.951669510178621891e+00,2.289644474798269158e+00,1.701224599626494083e+00,1.162287925834371016e+00
2.372060394585299825e+00,2.965545936264232241e-01,3.726463717375799178e-01,3.705098231982750789e-01,9.703368383943884456e-01,9.811361628443039384e-01,2.932515192768874734e-01,2.948151954316193257e-01,6.476077520389875719e-01,1.012952155040779845e+00,1.019428232561169656e+00,1.022792090061515058e+00,1.016927964950504082e+00,1.011534260573953459e+00,-5.733447851222903680e-01,5.332201376441745300e-01,1.295215504077984470e+00,1.942823256116965602e+00,2.279209006151505790e+00,1.692796495050408190e+00,1.153426057395345872e+00
2.366090728455661818e+00,2.970805247601845944e-01,3.732875788007458118e-01,3.711544508008379761e-01,9.701852445887249043e-01,9.809686523752392251e-01,2.937102198629356620e-01,2.952777048358129486e-01,6.446714447607043708e-01,1.012893428895214054e+00,1.019340143342821081e+00,1.022688180948131409e+00,1.016844094731912174e+00,1.011446166570903582e+00,-5.714436056942738817e-01,5.336841781020684738e-01,1.289342889521405411e+00,1.934014334282108116e+00,2.268818094813140895e+00,1.684409473191217366e+00,1.144616657090358203e+00
2.360131630616483456e+00,2.976073886178470795e-01,3.739297884928718396e-01,3.718000893244896576e-01,9.700329091889972055e-01,9.808003136051007820e-01,2.941693266575393650e-01,2.957405934525776936e-01,6.417475125761644694e-01,1.012834950251523258e+00,1.019252425377284998e+00,1.022584714901135117e+00,1.016760632723293867e+00,1.011358593719958954e+00,-5.695452017786435395e-01,5.341368567864103190e-01,1.283495025152325830e+00,1.925242537728499848e+00,2.258471490113511670e+00,1.676063272329386677e+00,1.135859371995895373e+00
2.354183082358384027e+00,2.981351868535699334e-01,3.745730016994565093e-01,3.724467395958537264e-01,9.698798289036570930e-01,9.806311442880366602e-01,2.946288378269606989e-01,2.962038595457828771e-01,6.388358866179282280e-01,1.012776717732358556e+00,1.019165076598537834e+00,1.022481689418636819e+00,1.016677576313915532e+00,1.011271538505395862e+00,-5.676495887199090040e-01,5.345782613944969341e-01,1.277671773235855568e+00,1.916507659853783352e+00,2.248168941863681880e+00,1.667757631391553197e+00,1.127153850539586166e+00
2.348245065005102106e+00,2.986639211244461745e-01,3.752172193019727153e-01,3.730944024377404467e-01,9.697260004299487202e-01,9.804611421587640097e-01,2.950887515199467903e-01,2.966675013611375089e-01,6.359364981253496918e-01,1.012718729962506892e+00,1.019078094943760560e+00,1.022379102003281748e+00,1.016594922899218378e+00,1.011184997424676268e+00,-5.657567816800639360e-01,5.350084789944972163e-01,1.271872996250689170e+00,1.907809494376055959e+00,2.237910200328174781e+00,1.659492289921837838e+00,1.118499742467626845e+00
2.342317559913442704e+00,2.991935930905073593e-01,3.758624421778294367e-01,3.737430786691076645e-01,9.695714204539074288e-01,9.802903049326091578e-01,2.955490658676401816e-01,2.971315171260983101e-01,6.330492784365699954e-01,1.012660985568731409e+00,1.018991478353097113e+00,1.022276950161958853e+00,1.016512669880516029e+00,1.011098966988108305e+00,-5.638667956398396575e-01,5.354275960279365476e-01,1.266098556873140879e+00,1.899147835309711319e+00,2.227695016195885280e+00,1.651266988051602880e+00,1.109896698810830529e+00
2.336400548473211547e+00,2.997242044147293560e-01,3.765086712003332670e-01,3.743927691050202844e-01,9.694160856503561963e-01,9.801186303055489102e-01,2.960097789834881810e-01,2.975959050497779534e-01,6.301741589801048704e-01,1.012603483179602026e+00,1.018905224769403040e+00,1.022175231405497486e+00,1.016430814664675220e+00,1.011013443718491889e+00,-5.619796454002915498e-01,5.358356983126050244e-01,1.260348317960202635e+00,1.890522476940303953e+00,2.217523140549748639e+00,1.643081466467521956e+00,1.101344371849188875e+00
2.330494012107164004e+00,3.002557567630370627e-01,3.771559072386495570e-01,3.750434745566103567e-01,9.692599926829043033e-01,9.799461159542519617e-01,2.964708889631530453e-01,2.980606633228532476e-01,6.273110712660284749e-01,1.012546221425320470e+00,1.018819332137980815e+00,1.022073943248350769e+00,1.016349354663788729e+00,1.010928424150753679e+00,-5.600953455841102269e-01,5.362328710451527147e-01,1.254622142532046958e+00,1.881933213798081539e+00,2.207394324835076915e+00,1.634935466378872881e+00,1.092842415075367946e+00
2.324597932270941580e+00,3.007882518043099029e-01,3.778041511577635569e-01,3.756951958310366102e-01,9.691031382039458908e-01,9.797727595361191977e-01,2.969323938844214417e-01,2.985257901174722117e-01,6.244599468767257910e-01,1.012489198937534418e+00,1.018733798406301849e+00,1.021973083208261412e+00,1.016268287294826322e+00,1.010843904831564721e+00,-5.582139106370720416e-01,5.366191988035453608e-01,1.248919893753441812e+00,1.873379840630184923e+00,2.197308320826141248e+00,1.626828729482632241e+00,1.084390483156472129e+00
2.318712290453015523e+00,3.013216912103870992e-01,3.784534038184410032e-01,3.763479337314439843e-01,9.689455188546594044e-01,9.795985586893237729e-01,2.973942918071139085e-01,2.989912835871614827e-01,6.216207174572110361e-01,1.012432414349144327e+00,1.018648621523716269e+00,1.021872648805913997e+00,1.016187609979275708e+00,1.010759882318947644e+00,-5.563353548293347162e-01,5.369947655496233319e-01,1.243241434914432730e+00,1.864862152371626891e+00,2.187264880591399674e+00,1.618760997927570777e+00,1.075988231894764446e+00
2.312837068174629529e+00,3.018560766560726694e-01,3.791036660771890943e-01,3.770016890569226065e-01,9.687871312650064848e-01,9.794235110328520788e-01,2.978565807729942061e-01,2.994571418667332785e-01,6.187933147050006522e-01,1.012375866294100035e+00,1.018563799441150053e+00,1.021772637564572150e+00,1.016107320142765502e+00,1.010676353181864995e+00,-5.544596922569736686e-01,5.373596546315388967e-01,1.237586629410003525e+00,1.856379944115005287e+00,2.177263756457215038e+00,1.610732014276550217e+00,1.067635318186499482e+00
2.306972246989739350e+00,3.023914098191410327e-01,3.797549387862168002e-01,3.776564626024670468e-01,9.686279720537321891e-01,9.792476141665439338e-01,2.983192588056786110e-01,2.999233630721924726e-01,6.159776703595242209e-01,1.012319553407190487e+00,1.018479330110785730e+00,1.021673047009697965e+00,1.016027415214673768e+00,1.010593313999795795e+00,-5.525869368432602124e-01,5.377139487862414580e-01,1.231955340719048664e+00,1.847933011078572996e+00,2.167304700969796549e+00,1.602741521467376806e+00,1.059331399979579480e+00
2.301117808484958172e+00,3.029276923803419508e-01,3.804072227933950612e-01,3.783122551589350735e-01,9.684680378283658797e-01,9.790708656711317737e-01,2.987823239105449336e-01,3.003899453006423359e-01,6.131737161910746359e-01,1.012263474323821466e+00,1.018395211485732199e+00,1.021573874668555648e+00,1.015947892627718119e+00,1.010510761362295451e+00,-5.507171023400353471e-01,5.380577301416004099e-01,1.226347432382146607e+00,1.839521148573219911e+00,2.157387466855564817e+00,1.594789262771811877e+00,1.051076136229545099e+00
2.295273734279493549e+00,3.034649260234061896e-01,3.810605189422168748e-01,3.789690675130060193e-01,9.683073251852222230e-01,9.788932631082807312e-01,2.992457740746415351e-01,3.008568866301910560e-01,6.103813839892747728e-01,1.012207627679785560e+00,1.018311441519678340e+00,1.021475118069800958e+00,1.015868749817532946e+00,1.010428691868541451e+00,-5.488502023291471632e-01,5.383910802187827915e-01,1.220762767978555985e+00,1.831144151967833977e+00,2.147511806980095805e+00,1.586874981753294556e+00,1.042869186854145092e+00
2.289440006025099894e+00,3.040031124350500158e-01,3.817148280717572728e-01,3.796269004471397035e-01,9.681458307094016336e-01,9.787148040206278266e-01,2.997096072665962341e-01,3.013241851198574794e-01,6.076006055510726478e-01,1.012152012111021460e+00,1.018228018166532189e+00,1.021376774743047333e+00,1.015789984222224440e+00,1.010347102126857965e+00,-5.469862502237055057e-01,5.387140799343992370e-01,1.215201211102145962e+00,1.822801816653218943e+00,2.137677474304733316e+00,1.578998422222444020e+00,1.034710212685796549e+00
2.283616605406007860e+00,3.045422533049815250e-01,3.823701510166326867e-01,3.802857547395337989e-01,9.679835509747933830e-01,9.785354859318216025e-01,3.001738214365248236e-01,3.017918388094764093e-01,6.048313126682337559e-01,1.012096626253364606e+00,1.018144939380047020e+00,1.021278842218423355e+00,1.015711593281914960e+00,1.010265988754232680e+00,-5.451252592695758903e-01,5.390268096026268330e-01,1.209662625336460628e+00,1.814493938004702045e+00,2.127884221842335499e+00,1.571159328191495952e+00,1.026598875423267998e+00
2.277803514138874164e+00,3.050823503259054714e-01,3.830264886069608132e-01,3.809456311640827542e-01,9.678204825440775982e-01,9.783553063465606492e-01,3.006384145159402554e-01,3.022598457196042365e-01,6.020734371143504626e-01,1.012041468742286954e+00,1.018062203113430542e+00,1.021181318026105789e+00,1.015633574438264519e+00,1.010185348375810310e+00,-5.432672425465885357e-01,5.393293489372132932e-01,1.204146874228695374e+00,1.806220311343054163e+00,2.118131802610578873e+00,1.563357443826451920e+00,1.018534837581031027e+00
2.272000713972725183e+00,3.056234051935282636e-01,3.836838416683193698e-01,3.816065304903348832e-01,9.676566219687280368e-01,9.781742627506317955e-01,3.011033844176604357e-01,3.027282038514231832e-01,5.993269106313507955e-01,1.011986538212626963e+00,1.017979807318940555e+00,1.021084199695839301e+00,1.015555925133979631e+00,1.010105177624373907e+00,-5.414122129699290298e-01,5.396217770534790237e-01,1.198653821262696262e+00,1.797980731894055495e+00,2.108419969583930076e+00,1.555592513397963117e+00,1.010517762437390665e+00
2.266208186688895676e+00,3.061654196065639044e-01,3.843422110217056820e-01,3.822684534834501213e-01,9.674919657890158620e-01,9.779923526109489673e-01,3.015687290357174088e-01,3.031969111866463229e-01,5.965916649155030838e-01,1.011931833298310046e+00,1.017897749947465069e+00,1.020987484756436636e+00,1.015478642812300825e+00,1.010025473139807950e+00,-5.395601832915628560e-01,5.399041724701085787e-01,1.193183329831004613e+00,1.789774994746506920e+00,2.098748475643663625e+00,1.547864281230082462e+00,1.002547313980794996e+00
2.260425914100975486e+00,3.067083952667387647e-01,3.850015974834951615e-01,3.829314009041576150e-01,9.673265105340130843e-01,9.778095733755907126e-01,3.020344462452650980e-01,3.036659656874216573e-01,5.938676316029273261e-01,1.011877352632058580e+00,1.017816028948087759e+00,1.020891170735262143e+00,1.015401724916475290e+00,1.009946231568545016e+00,-5.377111661014069011e-01,5.401766131111066516e-01,1.187735263205857983e+00,1.781602894808775872e+00,2.089117073526214341e+00,1.540172491647529007e+00,9.946231568545016444e-01
2.254653878054747818e+00,3.072523338787973568e-01,3.856620018654001170e-01,3.835953735087125338e-01,9.671602527215977796e-01,9.776259224738380604e-01,3.025005339024879891e-01,3.041353652962359155e-01,5.911547422545988528e-01,1.011823094845091919e+00,1.017734642267637879e+00,1.020795255157697978e+00,1.015325168889211316e+00,1.009867449562997122e+00,-5.358651738287809607e-01,5.404391763073448374e-01,1.182309484509191932e+00,1.773464226763787899e+00,2.079525515769797828e+00,1.532516888921131581e+00,9.867449562997121504e-01
2.248892060428136386e+00,3.077972371505074967e-01,3.863234249744280091e-01,3.842603720488531605e-01,9.669931888584587520e-01,9.774413973162117131e-01,3.029669898445091492e-01,3.046051079358181868e-01,5.884529283408628242e-01,1.011769058566817314e+00,1.017653587850225971e+00,1.020699735546592102e+00,1.015248972172115849e+00,1.009789123780970410e+00,-5.340222187436365342e-01,5.406919387982710434e-01,1.176905856681731422e+00,1.765358785022597132e+00,2.069973554659210180e+00,1.524897217211584888e+00,9.789123780970410138e-01
2.243140443131147688e+00,3.083431067926655222e-01,3.869858676128401509e-01,3.849263972717577587e-01,9.668253154401006411e-01,9.772559952945087947e-01,3.034338118892982994e-01,3.050751915090432753e-01,5.857621212254492393e-01,1.011715242424509054e+00,1.017572863636763580e+00,1.020604609421689402e+00,1.015173132205113626e+00,1.009711250885062972e+00,-5.321823129579471567e-01,5.409349767335092096e-01,1.171524242450905362e+00,1.757286363676358043e+00,2.060460942168940157e+00,1.517313220511362637e+00,9.711250885062971960e-01
2.237399008105811493e+00,3.088899445191020110e-01,3.876493305781091303e-01,3.855934499200007193e-01,9.666566289508506937e-01,9.770697137818394884e-01,3.039009978355797226e-01,3.055456138988341119e-01,5.830822521490061083e-01,1.011661645042980062e+00,1.017492467564470093e+00,1.020509874299046382e+00,1.015097646425851652e+00,1.009633827542048667e+00,-5.303454684269505170e-01,5.411683656741989035e-01,1.166164504298006221e+00,1.749246756447009332e+00,2.050987429904638226e+00,1.509764642585165184e+00,9.633827542048667425e-01
2.231667737326128442e+00,3.094377520466868314e-01,3.883138146628773435e-01,3.862615307315092616e-01,9.664871258638649820e-01,9.768825501326634519e-01,3.043685454627406695e-01,3.060163729680649425e-01,5.804132522121532300e-01,1.011608265044243060e+00,1.017412397566364701e+00,1.020415527690428537e+00,1.015022512269085242e+00,1.009556850422243857e+00,-5.285116969505230244e-01,5.413921805944273968e-01,1.160826504424306016e+00,1.741239756636470126e+00,2.041552769042853654e+00,1.502251226908524195e+00,9.556850422243856613e-01
2.225946612798009649e+00,3.099865310953347497e-01,3.889793206549140292e-01,3.869306404395192467e-01,9.663168026411355083e-01,9.766945016828249004e-01,3.048364525307385997e-01,3.064874665594628511e-01,5.777550523580672337e-01,1.011555101047161287e+00,1.017332651570741930e+00,1.020321567102689730e+00,1.014947727166046088e+00,1.009480316198857697e+00,-5.266810101743903960e-01,5.416064958824992059e-01,1.155510104716128694e+00,1.733265157074193041e+00,2.032156710268973043e+00,1.494772716604608753e+00,9.480316198857696719e-01
2.220235616559221636e+00,3.105362833880107587e-01,3.896458493370732468e-01,3.876007797725312121e-01,9.661456557334980877e-01,9.765055657495880226e-01,3.053047167800095885e-01,3.069588924955100051e-01,5.751075833546119842e-01,1.011502151667092342e+00,1.017253227500638291e+00,1.020227990037140930e+00,1.014873288543801211e+00,1.009404221547334446e+00,-5.248534195915157685e-01,5.418113853420580828e-01,1.150215166709234182e+00,1.725322750063829069e+00,2.022799003714093047e+00,1.487328854380121079e+00,9.404221547334445930e-01
2.214534730679331265e+00,3.110870106507354071e-01,3.903134014872506885e-01,3.882719494542659078e-01,9.659736815806407861e-01,9.763157396316727299e-01,3.057733359313757893e-01,3.074306485783449006e-01,5.724707757760294502e-01,1.011449415515520478e+00,1.017174123273280939e+00,1.020134793988896282e+00,1.014799193824587942e+00,1.009328563144670676e+00,-5.230289365433082871e-01,5.420069221931957948e-01,1.144941551552047798e+00,1.717412327328093902e+00,2.013479398889628236e+00,1.479919382458794175e+00,9.328563144670676266e-01
2.208843937259648005e+00,3.116387146125902952e-01,3.909819778783409361e-01,3.889441502036199982e-01,9.658008766111120247e-01,9.761250206092879633e-01,3.062423076859530080e-01,3.079027325896635525e-01,5.698445599842050235e-01,1.011396891199684012e+00,1.017095336799526129e+00,1.020041976446210308e+00,1.014725440425141123e+00,1.009253337668729600e+00,-5.212075722208950879e-01,5.421931790735086132e-01,1.139689119968401165e+00,1.709533679952612850e+00,2.004197644621030783e+00,1.472544042514112306e+00,9.253337668729599841e-01
2.203163218433166204e+00,3.121913970057236254e-01,3.916515792781942729e-01,3.896173827346207652e-01,9.656272372423311268e-01,9.759334059441665543e-01,3.067116297250588319e-01,3.083751422906200745e-01,5.672288661095282736e-01,1.011344577322190519e+00,1.017016865983285889e+00,1.019949534889797782e+00,1.014652025756000775e+00,1.009178541797535411e+00,-5.193893376665273953e-01,5.423702280387743269e-01,1.134457732219051884e+00,1.701686598328588929e+00,1.994953488979778200e+00,1.465202575600077495e+00,9.178541797535411106e-01
2.197492556364512239e+00,3.127450595653554211e-01,3.923222064495733852e-01,3.902916477563817543e-01,9.654527598805972000e-01,9.757408928795985315e-01,3.071812997101199261e-01,3.088478754217272582e-01,5.646236240313721177e-01,1.011292472480627369e+00,1.016938708720941165e+00,1.019857466792142286e+00,1.014578947220812877e+00,1.009104172208559858e+00,-5.175742437747086200e-01,5.425381405639086996e-01,1.129247248062736908e+00,1.693870872094116464e+00,1.985746679214228649e+00,1.457894722081287675e+00,9.104172208559857538e-01
2.191831933249887676e+00,3.132997040297830216e-01,3.929938601501097861e-01,3.909669459730571450e-01,9.652774409211002382e-01,9.755474786404642051e-01,3.076513152825796071e-01,3.093209297027563753e-01,5.620287633582125020e-01,1.011240575267164266e+00,1.016860862900746287e+00,1.019765769616790108e+00,1.014506202215610386e+00,1.009030225577994599e+00,-5.157623012935702578e-01,5.426969875435823099e-01,1.124057526716426558e+00,1.686086290074628735e+00,1.976576961679010758e+00,1.450620221561038647e+00,9.030225577994599462e-01
2.186181331317011978e+00,3.138553321403866336e-01,3.936665411322598507e-01,3.916432780837964533e-01,9.651012767479322241e-01,9.753531604332669191e-01,3.081216740638056950e-01,3.097943028326368142e-01,5.594442134074131268e-01,1.011188884268148236e+00,1.016783326402222354e+00,1.019674440817633920e+00,1.014433788128088265e+00,1.008956698580014688e+00,-5.139535208260544996e-01,5.428468392926983910e-01,1.118888426814823589e+00,1.678332640222235383e+00,1.967444081763392028e+00,1.443378812808826517e+00,8.956698580014688105e-01
2.180540732825065220e+00,3.144119456416348823e-01,3.943402501432612950e-01,3.923206447826987908e-01,9.649242637340985640e-01,9.751579354461651361e-01,3.085923736549976426e-01,3.102679924893551600e-01,5.568699031847088587e-01,1.011137398063694182e+00,1.016706097095541272e+00,1.019583477838186925e+00,1.014361702336865623e+00,1.008883587886033384e+00,-5.121479128313162210e-01,5.429877655469340647e-01,1.113739806369418162e+00,1.670609709554127242e+00,1.958347783818692456e+00,1.436170233686562270e+00,8.883587886033383896e-01
2.174910120064639241e+00,3.149695462810898627e-01,3.950149879250884899e-01,3.929990467587672343e-01,9.647463982415309669e-01,9.749618008490044119e-01,3.090634116370944984e-01,3.107419963298544419e-01,5.543057613634171377e-01,1.011086115227268323e+00,1.016629172840902484e+00,1.019492878110843659e+00,1.014289942210738538e+00,1.008810890163946539e+00,-5.103454876257917938e-01,5.431198354630716318e-01,1.108611522726832277e+00,1.662917284090248415e+00,1.949287811084365885e+00,1.428994221073853765e+00,8.810890163946538678e-01
2.169289475357673247e+00,3.155281358094132460e-01,3.956907552144083295e-01,3.936784846958625295e-01,9.645676766210998787e-01,9.747647537933484818e-01,3.095347855706818696e-01,3.112163119899320485e-01,5.517517162634077987e-01,1.011035034325268089e+00,1.016552551487902134e+00,1.019402639056139259e+00,1.014218505107927770e+00,1.008738602077373869e+00,-5.085462553845703226e-01,5.432431176192326072e-01,1.103503432526808936e+00,1.655255148790213404e+00,1.940263905613925921e+00,1.421850510792777023e+00,8.738602077373869292e-01
2.163678781057404077e+00,3.160877159803712755e-01,3.963675527425358225e-01,3.943589592726568505e-01,9.643880952126283601e-01,9.745667914125105691e-01,3.100064929959002180e-01,3.116909370841385862e-01,5.492076958298734990e-01,1.010984153916597572e+00,1.016476230874896247e+00,1.019312758081993175e+00,1.014147388375311598e+00,1.008666720284888463e+00,-5.067502261426712895e-01,5.433576800149939601e-01,1.098415391659757212e+00,1.647623087489624716e+00,1.931275808199317545e+00,1.414738837531159810e+00,8.666720284888462800e-01
2.158078019548310245e+00,3.166482885508404288e-01,3.970453812353891831e-01,3.950404711625871701e-01,9.642076503449061864e-01,9.743679108215832496e-01,3.104785314323517120e-01,3.121658692056745177e-01,5.466736276119360527e-01,1.010933472552238754e+00,1.016400208828358132e+00,1.019223232582955774e+00,1.014076589347662871e+00,1.008595241439249168e+00,-5.049574097962866714e-01,5.434635900712669887e-01,1.093347255223875436e+00,1.640020882835813154e+00,1.922323258295577375e+00,1.407658934766287118e+00,8.595241439249168280e-01
2.152487173246054208e+00,3.172098552808129690e-01,3.977242414134448123e-01,3.957230210338086862e-01,9.640263383357040583e-01,9.741681091174687612e-01,3.109508983790076897e-01,3.126411059262885206e-01,5.441494387411314193e-01,1.010882988774822522e+00,1.016324483162234005e+00,1.019134059939444059e+00,1.014006105346874964e+00,1.008524162186623219e+00,-5.031678161039736530e-01,5.435609146305450112e-01,1.088298877482252180e+00,1.632448316223400475e+00,1.913405993944405914e+00,1.400610534687496411e+00,8.524162186623218673e-01
2.146906224597427748e+00,3.177724179334026067e-01,3.984041339916919999e-01,3.964066095491476927e-01,9.638441554917904774e-01,9.739673833789083135e-01,3.114235913141166767e-01,3.131166447961739596e-01,5.416350559098139783e-01,1.010832701118196342e+00,1.016249051677294402e+00,1.019045237516980729e+00,1.013935933681190171e+00,1.008453479165815070e+00,-5.013814546879079570e-01,5.436497199563755656e-01,1.083270111819634174e+00,1.624905167729440159e+00,1.904523751698072864e+00,1.393593368119017128e+00,8.453479165815069862e-01
2.141335156080300450e+00,3.183359782748496625e-01,3.990850596795879057e-01,3.970912373660544503e-01,9.636610981089459571e-01,9.737657306665115087e-01,3.118966076951115163e-01,3.135924833438654136e-01,5.391304053495358239e-01,1.010782608106990610e+00,1.016173912160486026e+00,1.018956762665425231e+00,1.013866071644420330e+00,1.008383189007484804e+00,-4.995983350352000141e-01,5.437300717331519095e-01,1.078260810699060990e+00,1.617391216048602587e+00,1.895676266542523081e+00,1.386607164442033024e+00,8.383189007484803668e-01
2.135773950203558869e+00,3.189005380745270068e-01,3.997670191810116513e-01,3.977769051365556696e-01,9.634771624719814520e-01,9.735631480227848744e-01,3.123699449585171095e-01,3.140686190761352581e-01,5.366354128094350528e-01,1.010732708256188772e+00,1.016099062384283158e+00,1.018868632718214595e+00,1.013796516515176549e+00,1.008313288333381630e+00,-4.978184664990766284e-01,5.438020350657402080e-01,1.073270825618877211e+00,1.609906238428315817e+00,1.886863271821459520e+00,1.379651651517654898e+00,8.313288333381629869e-01
2.130222589507057229e+00,3.194660991049452781e-01,4.004500131942187457e-01,3.984636135072069374e-01,9.632923448547542344e-01,9.733596324721599524e-01,3.128436005198577674e-01,3.145450494778889161e-01,5.341500035346994357e-01,1.010683000070693893e+00,1.016024500106041062e+00,1.018780844991597156e+00,1.013727265556094936e+00,1.008243773755568284e+00,-4.960418583001525161e-01,5.438656744788197273e-01,1.068300007069389324e+00,1.602450010604106190e+00,1.878084499159715648e+00,1.372726555609493637e+00,8.243773755568284400e-01
2.124681056561557480e+00,3.200326631417588219e-01,4.011340424117950110e-01,3.991513631190448663e-01,9.631066415201867681e-01,9.731551810210212761e-01,3.133175717735651178e-01,3.150217720120611076e-01,5.316741022451462184e-01,1.010633482044902998e+00,1.015950223067354496e+00,1.018693396783879601e+00,1.013658316013070104e+00,1.008174641875662081e+00,-4.942685195276374510e-01,5.439210539163813474e-01,1.063348204490299764e+00,1.595022306735449646e+00,1.869339678387960113e+00,1.365831601307010423e+00,8.174641875662080892e-01
2.119149333968679105e+00,3.206002319637709097e-01,4.018191075206103413e-01,3.998401546075387447e-01,9.629200487202853598e-01,9.729497906577347921e-01,3.137918560928855682e-01,3.154987841195104892e-01,5.292076331139844436e-01,1.010584152662279633e+00,1.015876228993419561e+00,1.018606285374673126e+00,1.013589665114493332e+00,1.008105889284073742e+00,-4.924984591406198486e-01,5.439682367408710251e-01,1.058415266227963336e+00,1.587622899341956106e+00,1.860628537467312604e+00,1.358966511449333225e+00,8.105889284073741763e-01
2.113627404360841844e+00,3.211688073529394005e-01,4.025052092017724625e-01,4.005299886025424638e-01,9.627325626961593663e-01,9.727434583526737288e-01,3.142664508297881021e-01,3.159760832189144608e-01,5.267505197468079770e-01,1.010535010394936206e+00,1.015802515592404198e+00,1.018519508024154474e+00,1.013521310070501613e+00,1.008037512559264437e+00,-4.907316859692708588e-01,5.440072857322985067e-01,1.053501039493620617e+00,1.580251559240419823e+00,1.851950802415447406e+00,1.352131007050161315e+00,8.037512559264436973e-01
2.108115250401211060e+00,3.217383910943826808e-01,4.031923481305801915e-01,4.012208657282457236e-01,9.625441796780407344e-01,9.725361810582469069e-01,3.147413533148717968e-01,3.164536667066639719e-01,5.243026851608847405e-01,1.010486053703217646e+00,1.015729080554826469e+00,1.018433061972330744e+00,1.013453248072232027e+00,1.007969508267005265e+00,-4.889682087160970303e-01,5.440382630874538439e-01,1.048605370321764596e+00,1.572908055482646894e+00,1.843306197233074428e+00,1.345324807223202690e+00,7.969508267005265267e-01
2.102612854783645790e+00,3.223089849763846604e-01,4.038805249764768068e-01,4.019127866031255714e-01,9.623548958853053170e-01,9.723279557089242742e-01,3.152165608572740640e-01,3.169315319567574396e-01,5.218640517648051036e-01,1.010437281035296175e+00,1.015655921552944152e+00,1.018346944438325519e+00,1.013385476291098097e+00,1.007901872959661604e+00,-4.872080359571291930e-01,5.440612304186301929e-01,1.043728103529617535e+00,1.565592155294415200e+00,1.834694443832551869e+00,1.338547629109809733e+00,7.901872959661604412e-01
2.097120200232641007e+00,3.228805907904009342e-01,4.045697404030028643e-01,4.026057518398968305e-01,9.621647075264941895e-01,9.721187792212641066e-01,3.156920707445781127e-01,3.174096763206944449e-01,5.194345413385452748e-01,1.010388690826770963e+00,1.015583036240156334e+00,1.018261152619669652e+00,1.013317991878067703e+00,1.007834603175480570e+00,-4.854511761432409034e-01,5.440762487525453439e-01,1.038869082677096323e+00,1.558303624015633382e+00,1.826115261966965164e+00,1.331799187806770313e+00,7.834603175480570059e-01
2.091637269503275665e+00,3.234532103310641671e-01,4.052599950677491236e-01,4.032997620454631948e-01,9.619736107993352991e-01,9.719086484939389869e-01,3.161678802427210777e-01,3.178880971273695399e-01,5.170140750140203023e-01,1.010340281500280435e+00,1.015510422250420541e+00,1.018175683691619371e+00,1.013250791962971853e+00,1.007767695437908229e+00,-4.836976376013200629e-01,5.440833785291083746e-01,1.034028150028043491e+00,1.551042225042054135e+00,1.817568369161937092e+00,1.325079196297185291e+00,7.767695437908228584e-01
2.086164045381158516e+00,3.240268453961896999e-01,4.059512896223092526e-01,4.039948178208677132e-01,9.617816018907665576e-01,9.716975604077620066e-01,3.166439865959019273e-01,3.183667916829653888e-01,5.146025732561876342e-01,1.010292051465123686e+00,1.015438077197685640e+00,1.018090534806487035e+00,1.013183873653823452e+00,1.007701146254919244e+00,-4.819474285355295762e-01,5.440826796000673982e-01,1.029205146512368607e+00,1.543807719768564013e+00,1.809053480648703527e+00,1.318387365382345244e+00,7.701146254919244427e-01
2.080700510682372162e+00,3.246014977867812679e-01,4.066436247122319769e-01,4.046909197612429954e-01,9.615886769769591558e-01,9.714855118257126332e-01,3.171203870264898694e-01,3.188457572708458532e-01,5.121999558447701828e-01,1.010243999116895441e+00,1.015365998675343162e+00,1.018005703092997427e+00,1.013117234036162939e+00,1.007634952118372285e+00,-4.802005570284903491e-01,5.440742112275043230e-01,1.024399911689544140e+00,1.536599867534316211e+00,1.800570309299742711e+00,1.311723403616293915e+00,7.634952118372284602e-01
2.075246648253421977e+00,3.251771693070366620e-01,4.073370009769735067e-01,4.053880684557611414e-01,9.613948322233419885e-01,9.712724995929625793e-01,3.175970787349322033e-01,3.193249911514482453e-01,5.098061418566713909e-01,1.010196122837133448e+00,1.015294184255700172e+00,1.017921185655666028e+00,1.013050870172424345e+00,1.007569109503391402e+00,-4.784570310425929618e-01,5.440580320822675509e-01,1.019612283713344780e+00,1.529418425570017170e+00,1.792118565566602761e+00,1.305087017242434477e+00,7.569109503391402427e-01
2.069802440971179713e+00,3.257538617643532808e-01,4.080314190498494642e-01,4.060862644875835592e-01,9.612000637846259687e-01,9.710585205369018924e-01,3.180740588996627816e-01,3.198044905621763578e-01,5.074210496491489142e-01,1.010148420992982965e+00,1.015222631489474558e+00,1.017836979574208378e+00,1.012984779101332888e+00,1.007503614867772956e+00,-4.767168584212050919e-01,5.440342002424802814e-01,1.014842099298296496e+00,1.522263148947455846e+00,1.783697957420837810e+00,1.298477910133288837e+00,7.503614867772956387e-01
2.064367871742831095e+00,3.263315769693340140e-01,4.087268795579865888e-01,4.067855084338107829e-01,9.610043678048307836e-01,9.708435714671641570e-01,3.185513246770104168e-01,3.202842527172923281e-01,5.050445968438214139e-01,1.010100891936876355e+00,1.015151337905314533e+00,1.017753081902974088e+00,1.012918957837328771e+00,1.007438464651424948e+00,-4.749800468898158212e-01,5.440027731917246312e-01,1.010089193687635500e+00,1.515133790531453251e+00,1.775308190297408828e+00,1.291895783732877057e+00,7.438464651424947505e-01
2.058942923505821643e+00,3.269103167357927386e-01,4.094233831222746645e-01,4.074858008654314578e-01,9.608077404173096525e-01,9.706276491756536950e-01,3.190288732011075656e-01,3.207642748078090578e-01,5.026767003115797383e-01,1.010053534006231546e+00,1.015080301009347430e+00,1.017669489670416150e+00,1.012853403370022498e+00,1.007373655275835223e+00,-4.732466040574301869e-01,5.439638078173381075e-01,1.005353400623154592e+00,1.508030100934742990e+00,1.766948967041614971e+00,1.285340337002249811e+00,7.373655275835222511e-01
2.053527579227803823e+00,3.274900828807600361e-01,4.101209303573174481e-01,4.081871423472715477e-01,9.606101777447779710e-01,9.704107504365704351e-01,3.195067015837985136e-01,3.212445540013815215e-01,5.003172761584775419e-01,1.010006345523169591e+00,1.015009518284754275e+00,1.017586199878593556e+00,1.012788112663686180e+00,1.007309183143578535e+00,-4.715165374176561452e-01,5.439173604085463243e-01,1.000634552316959081e+00,1.500951828475427519e+00,1.758619987859355582e+00,1.278811266368617972e+00,7.309183143578534825e-01
2.048121821906581541e+00,3.280708772244890770e-01,4.108195218713841523e-01,4.088895334379433200e-01,9.604116758993401781e-01,9.701928720064371126e-01,3.199848069145486695e-01,3.217250874421991313e-01,4.979662397126683460e-01,1.009959324794253321e+00,1.014938987191380093e+00,1.017503209502711448e+00,1.012723082656782347e+00,1.007245044637859133e+00,-4.697898543499732793e-01,5.438634866546024904e-01,9.959324794253321400e-01,1.493898719138009312e+00,1.750320950271144760e+00,1.272308265678234740e+00,7.245044637859132663e-01
2.042725634570059956e+00,3.286527015904610050e-01,4.115191582663605963e-01,4.095929746897935542e-01,9.602122309825185109e-01,9.699740106241255821e-01,3.204631862603530834e-01,3.222058722508766015e-01,4.956235055124746380e-01,1.009912470110249538e+00,1.014868705165374196e+00,1.017420515490701449e+00,1.012658310261529415e+00,1.007181236122092427e+00,-4.680665621210998717e-01,5.438022416427302774e-01,9.912470110249538280e-01,1.486870516537419640e+00,1.742051549070144922e+00,1.265831026152941519e+00,7.181236122092427010e-01
2.037339000276189527e+00,3.292355578053910437e-01,4.122198401376997445e-01,4.102974666488526378e-01,9.600118390852827588e-01,9.697541630108833521e-01,3.209418366656459076e-01,3.226869055243461459e-01,4.932889872956484068e-01,1.009865779745912961e+00,1.014798669618869553e+00,1.017338114762843970e+00,1.012593792363513323e+00,1.007117753939532623e+00,-4.663466678859873316e-01,5.437336798562145690e-01,9.865779745912961474e-01,1.479866961886955323e+00,1.733811476284397024e+00,1.259379236351332310e+00,7.117753939532622809e-01
2.031961902112914053e+00,3.298194476992338808e-01,4.129215680743724137e-01,4.110030098547818311e-01,9.598104962880799063e-01,9.695333258703614510e-01,3.214207551522091366e-01,3.231681843357480655e-01,4.909625979899089332e-01,1.009819251959798159e+00,1.014728877939697238e+00,1.017256004211434250e+00,1.012529525821339149e+00,1.007054594412940096e+00,-4.646301786892919061e-01,5.436578551722436314e-01,9.819251959798158680e-01,1.472887793969723802e+00,1.725600421143425045e+00,1.252952582133914916e+00,7.054594412940096149e-01
2.026594323198117387e+00,3.304043731051897193e-01,4.136243426588175898e-01,4.117096048408218634e-01,9.596081986608652192e-01,9.693114958886424049e-01,3.218999387190822348e-01,3.236497057343228900e-01,4.886442497048243960e-01,1.009772884994096565e+00,1.014659327491144625e+00,1.017174180700499697e+00,1.012465507466336012e+00,1.006991753844302062e+00,-4.629171014664187900e-01,5.435748208599857634e-01,9.772884994096564526e-01,1.465932749114462474e+00,1.717418070049969714e+00,1.246550746633601214e+00,6.991753844302062149e-01
2.021236246679570581e+00,3.309903358597097722e-01,4.143281644668928565e-01,4.124172521337401975e-01,9.594049422631339974e-01,9.690886697342678824e-01,3.223793843424715977e-01,3.241314667453019660e-01,4.863338537251109539e-01,1.009726677074502144e+00,1.014590015611753326e+00,1.017092641065562519e+00,1.012401734102306161e+00,1.006929228514598096e+00,-4.612074430449083495e-01,5.434846295782636005e-01,9.726677074502143583e-01,1.459001561175332640e+00,1.709264106556251939e+00,1.240173410230616113e+00,6.929228514598095856e-01
2.015887655734876827e+00,3.315773378025023144e-01,4.150330340678242691e-01,4.131259522537787943e-01,9.592007231439537707e-01,9.688648440582683374e-01,3.228590889756603466e-01,3.246134643697994315e-01,4.840313205054225798e-01,1.009680626410108362e+00,1.014520939615162654e+00,1.017011382113458762e+00,1.012338202505329354e+00,1.006867014683621830e+00,-4.595012101455571152e-01,5.433873333735831368e-01,9.680626410108361668e-01,1.452093961516265352e+00,1.701138211345876172e+00,1.233820250532935425e+00,6.867014683621830429e-01
2.010548533571423047e+00,3.321653807765380662e-01,4.157389520241560610e-01,4.138357057146008211e-01,9.589955373419976059e-01,9.686400154941926521e-01,3.233390495489180672e-01,3.250956955847027485e-01,4.817365596667026462e-01,1.009634731193334023e+00,1.014452096790001034e+00,1.016930400622210406e+00,1.012274909423622304e+00,1.006805108589855058e+00,-4.577984093837456081e-01,5.432829836777626209e-01,9.634731193334022947e-01,1.445209679000103442e+00,1.693040062221040642e+00,1.227490942362230442e+00,6.805108589855057843e-01
2.005218863426323939e+00,3.327544666280563002e-01,4.164459188917005728e-01,4.145465130232380835e-01,9.587893808855784128e-01,9.684141806581386680e-01,3.238192629694109925e-01,3.255781573425650111e-01,4.794494799941644292e-01,1.009588989599883302e+00,1.014383484399824953e+00,1.016849693340955652e+00,1.012211851577453192e+00,1.006743506450399339e+00,-4.560990472706354382e-01,5.431716313060008794e-01,9.588989599883301906e-01,1.438348439982495286e+00,1.684969334095565152e+00,1.221185157745319216e+00,6.743506450399339158e-01
1.999898628566368686e+00,3.333445972065706697e-01,4.171539352194873485e-01,4.152583746800374009e-01,9.585822497926834718e-01,9.681873361487848273e-01,3.242997261211122972e-01,3.260608465714958659e-01,4.771699894369713091e-01,1.009543399788739526e+00,1.014315099683109178e+00,1.016769256989939807e+00,1.012149025659119683e+00,1.006682204460968677e+00,-4.544031302144111439e-01,5.430533264545108763e-01,9.543399788739526102e-01,1.431509968310917813e+00,1.676925698993980696e+00,1.214902565911968324e+00,6.682204460968677040e-01
1.994587812287972106e+00,3.339357743648747046e-01,4.178630015497125649e-01,4.159712911786073719e-01,9.583741400710099612e-01,9.679594785474223695e-01,3.247804358647121692e-01,3.265437601750535990e-01,4.748979951096833352e-01,1.009497959902193598e+00,1.014246939853290508e+00,1.016689088260566587e+00,1.012086428332984456e+00,1.006621198795940364e+00,-4.527106645215008274e-01,5.429281186986106844e-01,9.497959902193597870e-01,1.424693985329050783e+00,1.668908826056658690e+00,1.208642833298445574e+00,6.621198795940363979e-01
1.989286397917117366e+00,3.345279999590479170e-01,4.185731184176879616e-01,4.166852630057644169e-01,9.581650477180021497e-01,9.677306044179889710e-01,3.252613890375293249e-01,3.270268950321366663e-01,4.726334032955302744e-01,1.009452668065910608e+00,1.014179002098865912e+00,1.016609183815516682e+00,1.012024056235579339e+00,1.006560485608474664e+00,-4.510216563978390880e-01,5.427960569902239296e-01,9.452668065910607709e-01,1.417900209886591156e+00,1.660918381551668155e+00,1.202405623557933900e+00,6.560485608474664332e-01
1.983994368809309350e+00,3.351212758484614085e-01,4.192842863517899366e-01,4.174002906414786551e-01,9.579549687208874786e-01,9.675007103071041614e-01,3.257425824534210812e-01,3.275102479968761693e-01,4.703761194515829747e-01,1.009407522389031753e+00,1.014111283583547518e+00,1.016529540288930722e+00,1.011961905975771181e+00,1.006500061030694670e+00,-4.493361119502012890e-01,5.426571896561457331e-01,9.407522389031752752e-01,1.411128358354751811e+00,1.652954028893072191e+00,1.196190597577118098e+00,6.500061030694670450e-01
1.978711708349515153e+00,3.357156038957840316e-01,4.199965058734076995e-01,4.181163745588201142e-01,9.577438990567157528e-01,9.672697927441044063e-01,3.262240129026948154e-01,3.279938158985277186e-01,4.681260482158711156e-01,1.009362520964317333e+00,1.014043781446476222e+00,1.016450154286661078e+00,1.011899974135000990e+00,1.006439921173937213e+00,-4.476540371872239077e-01,5.425115643957194589e-01,9.362520964317333494e-01,1.404378144647622229e+00,1.645015428666107837e+00,1.189997413500099022e+00,6.439921173937213084e-01
1.973438399952120115e+00,3.363109859669877744e-01,4.207097774968921455e-01,4.188335152239038295e-01,9.575318346923978874e-01,9.670378482410815213e-01,3.267056771520196468e-01,3.284775955413649084e-01,4.658830934165191229e-01,1.009317661868330385e+00,1.013976492802495466e+00,1.016371022386597378e+00,1.011838257267591690e+00,1.006380062129075048e+00,-4.459754380208518776e-01,5.423592282789653218e-01,9.317661868330384678e-01,1.397649280249546599e+00,1.637102238659737807e+00,1.183825726759168973e+00,6.380062129075048105e-01
1.968174427060868314e+00,3.369074239313540886e-01,4.214241017295039526e-01,4.195517130958353325e-01,9.573187715847452095e-01,9.668048732929209743e-01,3.271875719443376185e-01,3.289615837045715141e-01,4.636471580829388817e-01,1.009272943161658720e+00,1.013909414742488080e+00,1.016292141139062410e+00,1.011776751901128257e+00,1.006320479966907877e+00,-4.443003202674997709e-01,5.422002277444991636e-01,9.272943161658719902e-01,1.390941474248807985e+00,1.629214113906241046e+00,1.177675190112825732e+00,6.320479966907877056e-01
1.962919773148816383e+00,3.375049196614793856e-01,4.221394790713617340e-01,4.202709686266557498e-01,9.571047056805106479e-01,9.665708643773428532e-01,3.276696939987757684e-01,3.294457771421357428e-01,4.614181444591501924e-01,1.009228362889182939e+00,1.013842544333774409e+00,1.016213507067281085e+00,1.011715454536910030e+00,1.006261170738624866e+00,-4.426286896493081824e-01,5.420346085978309247e-01,9.228362889182939455e-01,1.384254433377440918e+00,1.621350706728108548e+00,1.171545453691003047e+00,6.261170738624866061e-01
1.957674421718277546e+00,3.381034750332811978e-01,4.228559100153897465e-01,4.209912822612865702e-01,9.568896329164298109e-01,9.663358179549439431e-01,3.281520400105582547e-01,3.299301725827433196e-01,4.591959540192598332e-01,1.009183919080385294e+00,1.013775878620577720e+00,1.016135116667930660e+00,1.011654361650485390e+00,1.006202130476348877e+00,-4.409605517953653631e-01,5.418624160093149511e-01,9.183919080385294365e-01,1.377587862057771950e+00,1.613511666793066013e+00,1.165436165048538975e+00,6.202130476348877153e-01
1.952438356300771893e+00,3.387030919260038409e-01,4.235733950472657106e-01,4.217126544374741881e-01,9.566735492192640633e-01,9.660997304692422460e-01,3.286346066509188701e-01,3.304147667296726820e-01,4.569804874851576271e-01,1.009139609749703181e+00,1.013709414624554661e+00,1.016056966411763129e+00,1.011593469692256164e+00,1.006143355193749089e+00,-4.392959122429976881e-01,5.416836945126498604e-01,9.139609749703181407e-01,1.370941462455466109e+00,1.605696641176312944e+00,1.159346969225616419e+00,6.143355193749089338e-01
1.947211560456973967e+00,3.393037722222245200e-01,4.242919346453682961e-01,4.224350855857345599e-01,9.564564505058428256e-01,9.658625983467225007e-01,3.291173905670136124e-01,3.308995562606893981e-01,4.547716448464666494e-01,1.009095432896929267e+00,1.013643149345393901e+00,1.015979052744313105e+00,1.011532775088169078e+00,1.006084840886738663e+00,-4.376347764389459938e-01,5.414984880031454839e-01,9.095432896929267486e-01,1.364314934539390123e+00,1.597905274431310474e+00,1.153277508816907826e+00,6.084840886738662746e-01
1.941994017776662140e+00,3.399055178078590478e-01,4.250115292807242762e-01,4.231585761292969150e-01,9.562383326831084274e-01,9.656244179968850316e-01,3.296003883818338087e-01,3.313845378279420273e-01,4.525693253827854368e-01,1.009051386507655801e+00,1.013577079761483590e+00,1.015901372086680743e+00,1.011472274240480917e+00,1.006026583534244789e+00,-4.359771497406761953e-01,5.413068397362827966e-01,9.051386507655800884e-01,1.357707976148359030e+00,1.590137208668074287e+00,1.147227424048091748e+00,6.026583534244789320e-01
1.936785711878665328e+00,3.405083305721678943e-01,4.257321794169557916e-01,4.238831264840480229e-01,9.560191916481611818e-01,9.653851858122951546e-01,3.300835966941192967e-01,3.318697080578579817e-01,4.503734276882573329e-01,1.009007468553765108e+00,1.013511202830647662e+00,1.015823920836399274e+00,1.011411963528608293e+00,1.005968579099063565e+00,-4.343230374175764963e-01,5.411087923262761779e-01,9.007468553765107799e-01,1.351120283064766170e+00,1.582392083639927449e+00,1.141196352860829322e+00,5.968579099063564541e-01
1.931586626410813246e+00,3.411122124077620721e-01,4.264538855102272263e-01,4.246087370584756826e-01,9.557990232883043502e-01,9.651448981686366890e-01,3.305670120782719934e-01,3.323550635510407747e-01,4.481838496985008913e-01,1.008963676993970049e+00,1.013445515490954962e+00,1.015746695368386687e+00,1.011351839310062006e+00,1.005910823528793463e+00,-4.326724446522350886e-01,5.409043877449588589e-01,8.963676993970048912e-01,1.344551549095496235e+00,1.574669536838668726e+00,1.135183931006200631e+00,5.910823528793462955e-01
1.926396745049884451e+00,3.417171652106090751e-01,4.271766480091919727e-01,4.253354082536123792e-01,9.555778234810922145e-01,9.649035514247663592e-01,3.310506310842701860e-01,3.328406008821675477e-01,4.460004887199206514e-01,1.008920009774398441e+00,1.013380014661597661e+00,1.015669692035978899e+00,1.011291897921461569e+00,1.005853312756851192e+00,-4.310253765416441341e-01,5.406936673205490207e-01,8.920009774398440783e-01,1.338001466159766117e+00,1.566969203597889937e+00,1.129189792146156890e+00,5.853312756851192233e-01
1.921216051501554389e+00,3.423231908800388745e-01,4.279004673549388627e-01,4.260631404629783292e-01,9.553555880943769285e-01,9.646611419227713036e-01,3.315344502375822122e-01,3.333263165998874289e-01,4.438232414614258214e-01,1.008876464829228548e+00,1.013314697243842710e+00,1.015592907172048198e+00,1.011232135679635213e+00,1.005796042703569704e+00,-4.293818380984590899e-01,5.404766717368708617e-01,8.876464829228547515e-01,1.331469724384271025e+00,1.559290717204819821e+00,1.123213567963521342e+00,5.796042703569703747e-01
1.916044529500344762e+00,3.429302913187498025e-01,4.286253439809387666e-01,4.267919340725247479e-01,9.551323129863573680e-01,9.644176659880291380e-01,3.320184660390816944e-01,3.338122072267210583e-01,4.416520040685727455e-01,1.008833040081371424e+00,1.013249560122057247e+00,1.015516337090209387e+00,1.011172548882808719e+00,1.005739009277381468e+00,-4.277418342522348871e-01,5.402534410324707492e-01,8.833040081371423824e-01,1.324956012205724676e+00,1.551633709020938667e+00,1.117254888280871938e+00,5.739009277381468266e-01
1.910882162809573792e+00,3.435384684328146587e-01,4.293512783129902477e-01,4.275217894605761737e-01,9.549079940056290905e-01,9.641731199292717935e-01,3.325026749649617752e-01,3.342982692589606675e-01,4.394866721601430326e-01,1.008789733443202774e+00,1.013184600164804383e+00,1.015439978086106976e+00,1.011113133811871734e+00,1.005682208376079245e+00,-4.261053698506531151e-01,5.400240146002154296e-01,8.789733443202774055e-01,1.318460016480438313e+00,1.543997808610697575e+00,1.111313381187173377e+00,5.682208376079245227e-01
1.905728935221303377e+00,3.441477241316864277e-01,4.300782707691662710e-01,4.282527069977737355e-01,9.546826269912341845e-01,9.639275000386492431e-01,3.329870734666512955e-01,3.347844991665712144e-01,4.373271408671647875e-01,1.008746542817343217e+00,1.013119814226014936e+00,1.015363826438792527e+00,1.011053886731738460e+00,1.005625635888167224e+00,-4.244724496607644171e-01,5.397884311866332219e-01,8.746542817343216925e-01,1.311981422601493641e+00,1.536382643879252718e+00,1.105388673173846037e+00,5.625635888167224152e-01
1.900584830556287574e+00,3.447580603282047185e-01,4.308063217597594696e-01,4.289846870470170326e-01,9.544562077727130056e-01,9.636808025918001119e-01,3.334716579707296402e-01,3.352708933930929613e-01,4.351733048743802734e-01,1.008703466097487622e+00,1.013055199146231322e+00,1.015287878412185929e+00,1.010994803892788285e+00,1.005569287694290104e+00,-4.228430783702096241e-01,5.395467288920992033e-01,8.703466097487622122e-01,1.305519914623132216e+00,1.528787841218592902e+00,1.099480389278828518e+00,5.569287694290103730e-01
1.895449832663925083e+00,3.453694789386012598e-01,4.315354316872278551e-01,4.297177299634062919e-01,9.542287321701563574e-01,9.634330238479221764e-01,3.339564248788431389e-01,3.357574483555443301e-01,4.330250584641605061e-01,1.008660501169283297e+00,1.012990751753924723e+00,1.015212130256623047e+00,1.010935881532394331e+00,1.005513159668748546e+00,-4.212172605884685339e-01,5.392989451706428072e-01,8.660501169283296719e-01,1.299075175392472303e+00,1.521213025662304652e+00,1.093588153239433147e+00,5.513159668748546238e-01
1.890323925422205509e+00,3.459819818825062843e-01,4.322656009461404159e-01,4.304518360941847477e-01,9.540001959942593368e-01,9.631841600498480815e-01,3.344413705676215209e-01,3.362441604443270338e-01,4.308822955628546780e-01,1.008617645911257021e+00,1.012926468866885532e+00,1.015136578210488638e+00,1.010877115876537724e+00,1.005457247681095456e+00,-4.195950008480226479e-01,5.390451168304258855e-01,8.617645911257021396e-01,1.292646886688553209e+00,1.513657821048863816e+00,1.087711587653772405e+00,5.457247681095456215e-01
1.885207092737660073e+00,3.465955710829544678e-01,4.329968299231223283e-01,4.311870057786798549e-01,9.537705950463746252e-01,9.629342074241232785e-01,3.349264913885949269e-01,3.367310260231310415e-01,4.287449097895649763e-01,1.008574898195791381e+00,1.012862347293686849e+00,1.015061218501935869e+00,1.010818503141506675e+00,1.005401547597815526e+00,-4.179763036056878267e-01,5.387852800340067194e-01,8.574898195791380573e-01,1.286234729368684881e+00,1.506121850193586909e+00,1.081850314150667458e+00,5.401547597815525847e-01
1.880099318545309650e+00,3.472102484663908695e-01,4.337291189967997229e-01,4.319232393482451138e-01,9.535399251185689984e-01,9.626831621810875150e-01,3.354117836681105302e-01,3.372180414288418748e-01,4.266127945073293071e-01,1.008532255890146612e+00,1.012798383835219918e+00,1.014986047350687759e+00,1.010760039535678612e+00,1.005346055284086715e+00,-4.163611732436930946e-01,5.385194702994198224e-01,8.532255890146611677e-01,1.279838383521991751e+00,1.498604735068775895e+00,1.076003953567861160e+00,5.346055284086714821e-01
1.875000586808617697e+00,3.478260159626769821e-01,4.344624685377451723e-01,4.326605371262015054e-01,9.533081819936780610e-01,9.624310205149599895e-01,3.358972437072509920e-01,3.377052029714488479e-01,4.244858428766877245e-01,1.008489716857533747e+00,1.012734575286300620e+00,1.014911060969924783e+00,1.010701721261388020e+00,1.005290766605620556e+00,-4.147496140710066337e-01,5.382477225009832944e-01,8.489716857533746719e-01,1.273457528630062008e+00,1.491106096992478314e+00,1.070172126138801971e+00,5.290766605620556007e-01
1.869910881519436074e+00,3.484428755050970050e-01,4.351968789084217359e-01,4.333988994277782614e-01,9.530753614453645328e-01,9.621777786039289460e-01,3.363828677817518042e-01,3.381925069339547507e-01,4.223639479116033102e-01,1.008447278958232163e+00,1.012670918437348133e+00,1.014836255568255075e+00,1.010643544516876657e+00,1.005235677430583952e+00,-4.131416303244727084e-01,5.379700708708674561e-01,8.447278958232162793e-01,1.267091843734813317e+00,1.483625556825507452e+00,1.064354451687665737e+00,5.235677430583951519e-01
1.864830186697956194e+00,3.490608290303636174e-01,4.359323504631280599e-01,4.341383265600541885e-01,9.528414592381760917e-01,9.619234326102430455e-01,3.368686521419205215e-01,3.386799495722866982e-01,4.202470025377058049e-01,1.008404940050754206e+00,1.012607410076131087e+00,1.014761627351762341e+00,1.010585505498320824e+00,1.005180783631596686e+00,-4.115372261700530054e-01,5.376865490004362202e-01,8.404940050754206027e-01,1.260741007613108700e+00,1.476162735176234087e+00,1.058550549832082410e+00,5.180783631596685979e-01
1.859758486392659727e+00,3.496798784786243619e-01,4.366688835479421993e-01,4.348788188218982165e-01,9.526064711276044372e-01,9.616679786803087326e-01,3.373545930125551040e-01,3.391675271152087556e-01,4.181348996528176931e-01,1.008362697993056445e+00,1.012544046989584556e+00,1.014687172526141046e+00,1.010527600401948334e+00,1.005126081087809542e+00,-4.099364057039457387e-01,5.373971898423747229e-01,8.362697993056444901e-01,1.254404698958455633e+00,1.468717252614104574e+00,1.052760040194833380e+00,5.126081087809541970e-01
1.854695764680267978e+00,3.503000257934674178e-01,4.374064785006663847e-01,4.356203765039100007e-01,9.523703928601451318e-01,9.614114129447896007e-01,3.378406865928636482e-01,3.396552357642361186e-01,4.160275321897152212e-01,1.008320550643794222e+00,1.012480825965691444e+00,1.014612887298901978e+00,1.010469825426221879e+00,1.005071565687052804e+00,-4.083391729538964343e-01,5.371020257128497066e-01,8.320550643794222268e-01,1.248082596569144442e+00,1.461288729890197757e+00,1.046982542622187928e+00,5.071565687052803639e-01
1.849642005665689481e+00,3.509212729219280957e-01,4.381451356507705674e-01,4.363629998883602479e-01,9.521332201733593292e-01,9.611537315187117514e-01,3.383269290563843401e-01,3.401430716935507359e-01,4.139247931810787762e-01,1.008278495863621504e+00,1.012417743795432257e+00,1.014538767881660641e+00,1.010412176774108772e+00,1.005017233328061366e+00,-4.067455318802841724e-01,5.368010882940164041e-01,8.278495863621504469e-01,1.241774379543225670e+00,1.453876788166064138e+00,1.041217677410877229e+00,5.017233328061365683e-01
1.844597193481977815e+00,3.515436218144942226e-01,4.388848553193363533e-01,4.371066892491309863e-01,9.518949487959358358e-01,9.608949305015711539e-01,3.388133165509057410e-01,3.406310310499184868e-01,4.118265758265746146e-01,1.008236531516531587e+00,1.012354797274797269e+00,1.014464810492497371e+00,1.010354650655419961e+00,1.004963079922769564e+00,-4.051554863773000892e-01,5.364944086368693688e-01,8.236531516531586661e-01,1.235479727479726897e+00,1.446481049249737083e+00,1.035465065541996132e+00,4.963079922769564334e-01
1.839561312290270312e+00,3.521670744251133023e-01,4.396256378190007696e-01,4.378514448516556135e-01,9.516555744477533940e-01,9.606350059774467764e-01,3.392998451983875730e-01,3.411191099526084680e-01,4.097327735620009403e-01,1.008194655471239987e+00,1.012291983206859980e+00,1.014391011358389383e+00,1.010297243289223434e+00,1.004909101398673732e+00,-4.035690402741282101e-01,5.361820171645454991e-01,8.194655471239986610e-01,1.229198320685997992e+00,1.439101135838938283e+00,1.029724328922343446e+00,4.909101398673731964e-01
1.834534346279747652e+00,3.527916327111978445e-01,4.403674834538996441e-01,4.385972669528585555e-01,9.514150928399464080e-01,9.603739540151176035e-01,3.397865110948822265e-01,3.416073044933138347e-01,4.076432801304448184e-01,1.008152865602608861e+00,1.012229298403913402e+00,1.014317366717716329e+00,1.010239950906328010e+00,1.004855293701264918e+00,-4.019861973361177898e-01,5.358639436758478869e-01,8.152865602608860840e-01,1.222929840391340228e+00,1.431736671771632885e+00,1.023995090632801030e+00,4.855293701264917772e-01
1.829516279667579681e+00,3.534172986336318600e-01,4.411103925196109832e-01,4.393441558010949821e-01,9.511734996749688920e-01,9.601117706681837616e-01,3.402733103104567669e-01,3.420956107360741960e-01,4.055579896553638819e-01,1.008111159793107170e+00,1.012166739689660977e+00,1.014243872822829795e+00,1.010182769751833964e+00,1.004801652796520672e+00,-4.004069612659323929e-01,5.355402173490504403e-01,8.111159793107169946e-01,1.216673968966097696e+00,1.424387282282979506e+00,1.018276975183396438e+00,4.801652796520672339e-01
1.824507096698877451e+00,3.540440741567769112e-01,4.418543653030980733e-01,4.400921116360905772e-01,9.509307906466613058e-01,9.598484519751915300e-01,3.407602388891148859e-01,3.425840247172001751e-01,4.034767967155247770e-01,1.008069535934310590e+00,1.012104303901465663e+00,1.014170525942689860e+00,1.010125696087750047e+00,1.004748174673462557e+00,-3.988313357046152641e-01,5.352108667463278957e-01,8.069535934310589909e-01,1.210430390146566282e+00,1.417052594268985999e+00,1.012569608775004681e+00,4.748174673462557394e-01
1.819506781646643923e+00,3.546719612484782180e-01,4.425994020826524156e-01,4.408411346888804205e-01,9.506869614403176127e-01,9.595839939597646806e-01,3.412472928487204071e-01,3.430725424451999683e-01,4.013995964217111356e-01,1.008027991928434286e+00,1.012041987892651429e+00,1.014097322365562048e+00,1.010068726195669564e+00,1.004694855346766724e+00,-3.972593242328082974e-01,5.348759198182766461e-01,8.027991928434285995e-01,1.204198789265142899e+00,1.409732236556204832e+00,1.006872619566956395e+00,4.694855346766724224e-01
1.814515318811722455e+00,3.553009618800710978e-01,4.433455031278367153e-01,4.415912251817485923e-01,9.504420077327538907e-01,9.593183926307383702e-01,3.417344681809204587e-01,3.435611599007079575e-01,3.993262844951152024e-01,1.007986525689902324e+00,1.011979788534853375e+00,1.014024258401775791e+00,1.010011856379509965e+00,1.004641690859435332e+00,-3.956909303718108561e-01,5.345354039091002596e-01,7.986525689902324032e-01,1.197978853485337503e+00,1.402425840177579097e+00,1.001185637950996465e+00,4.641690859435332328e-01
1.809532692522751951e+00,3.559310780263867380e-01,4.440926686994271511e-01,4.423423833281669437e-01,9.501959251923778327e-01,9.590516439822983630e-01,3.422217608510694786e-01,3.440498730364144331e-01,3.972567573473209657e-01,1.007945135146946392e+00,1.011917702720419587e+00,1.013951330386533511e+00,1.009955082968302609e+00,1.004588677285513709e+00,-3.941261575846557452e-01,5.341893457618335228e-01,7.945135146946391558e-01,1.191770272041958734e+00,1.395133038653351143e+00,9.955082968302608748e-01,4.588677285513709236e-01
1.804558887136111789e+00,3.565623116657588021e-01,4.448408990493562531e-01,4.430946093327339796e-01,9.499487094792588016e-01,9.587837439941258033e-01,3.427091667981542189e-01,3.445386777769987585e-01,3.951909121617775411e-01,1.007903818243235605e+00,1.011855727364853408e+00,1.013878534682778998e+00,1.009898402319041155e+00,1.004535810732861911e+00,-3.925650092772872690e-01,5.338377715242348387e-01,7.903818243235605223e-01,1.185572736485340783e+00,1.387853468277899793e+00,9.898402319041155195e-01,4.535810732861911276e-01
1.799593887035877415e+00,3.571946647800294805e-01,4.455901944206551168e-01,4.438479033911137961e-01,9.497003562451993286e-01,9.585146886315450976e-01,3.431966819347183617e-01,3.450275700190637562e-01,3.931286469766671066e-01,1.007862572939533408e+00,1.011793859409300111e+00,1.013805867684105522e+00,1.009841810819571251e+00,1.004483087345962700e+00,-3.910074887995690363e-01,5.334807067551019522e-01,7.862572939533407634e-01,1.179385940930011145e+00,1.380586768410552168e+00,9.841810819571250590e-01,4.483087345962699644e-01
1.794637676633769274e+00,3.578281393545556521e-01,4.463405550473952266e-01,4.446022656899742964e-01,9.494508611338089432e-01,9.582444738456780131e-01,3.436843021467889669e-01,3.455165456310721472e-01,3.910698607690523687e-01,1.007821397215381110e+00,1.011732095823071553e+00,1.013733325817717468e+00,1.009785304891533064e+00,1.004430503308780587e+00,-3.894535994463572126e-01,5.331181764305957804e-01,7.821397215381109547e-01,1.173209582307155330e+00,1.373332581771746774e+00,9.785304891533064264e-01,4.430503308780586735e-01
1.789690240369104401e+00,3.584627373782151016e-01,4.470919811546307798e-01,4.453576964069260735e-01,9.492002197805764485e-01,9.579730955736021070e-01,3.441720232938023094e-01,3.460056004532863771e-01,3.890144535401993675e-01,1.007780289070804081e+00,1.011670433606205899e+00,1.013660905547425939e+00,1.009728880993338906e+00,1.004378054847648416e+00,-3.879033444585284207e-01,5.327502049516776861e-01,7.780289070804080609e-01,1.167043360620589887e+00,1.366090554742593888e+00,9.728880993338906435e-01,4.378054847648416015e-01
1.784751562708747130e+00,3.590984608434129033e-01,4.478444729583405670e-01,4.461141957104603484e-01,9.489484278129451944e-01,9.577005497385131516e-01,3.446598412085313812e-01,3.464947302977087196e-01,3.869623264019533826e-01,1.007739246528039034e+00,1.011608869792058663e+00,1.013588603376684771e+00,1.009672535623189260e+00,1.004325738234192134e+00,-3.863567270241096696e-01,5.323768161510773478e-01,7.739246528039034345e-01,1.160886979205866254e+00,1.358860337668477136e+00,9.672535623189260079e-01,4.325738234192133547e-01
1.779821628147060686e+00,3.597353117460876937e-01,4.485980306653692407e-01,4.468717637598874637e-01,9.486954808503894609e-01,9.574268322498936667e-01,3.451477516970130055e-01,3.469839309480255984e-01,3.849133816640539218e-01,1.007698267633281075e+00,1.011547401449921724e+00,1.013516415851656971e+00,1.009616265322123452e+00,1.004273549788282427e+00,-3.848137502791406650e-01,5.319980333015402740e-01,7.698267633281075106e-01,1.154740144992172368e+00,1.351641585165697101e+00,9.616265322123451753e-01,4.273549788282426931e-01
1.774900421205858780e+00,3.603732920857176669e-01,4.493526544733691952e-01,4.476304007052748224e-01,9.484413745044910637e-01,9.571519390036856700e-01,3.456357505384767825e-01,3.474731981595530206e-01,3.828675229222597287e-01,1.007657350458445178e+00,1.011486025687667878e+00,1.013444339564311569e+00,1.009560066677097634e+00,1.004221485881010789e+00,-3.832744173087869743e-01,5.316138791237945416e-01,7.657350458445177921e-01,1.148602568766787790e+00,1.344433956431156929e+00,9.560066677097633914e-01,4.221485881010789143e-01
1.769987926434356318e+00,3.610124038653271805e-01,4.501083445707417807e-01,4.483901066873847707e-01,9.481861043790175136e-01,9.568758658824685348e-01,3.461238334852733689e-01,3.479625276591848948e-01,3.808246551471602959e-01,1.007616493102943211e+00,1.011424739654414706e+00,1.013372371155541130e+00,1.009503936324084528e+00,1.004169542937685344e+00,-3.817387311483093626e-01,5.312243757954787649e-01,7.616493102943211468e-01,1.142473965441470618e+00,1.337237115554112954e+00,9.503936324084527598e-01,4.169542937685344342e-01
1.765084128409120989e+00,3.616526490914928060e-01,4.508651011365785166e-01,4.491508818376125367e-01,9.479296660700013977e-01,9.565986087556416217e-01,3.466119962628045892e-01,3.484519151453433494e-01,3.787846847735389932e-01,1.007575693695470731e+00,1.011363540543206208e+00,1.013300507318299459e+00,1.009447870951194925e+00,1.004117717440840662e+00,-3.802066947840123667e-01,5.308295449600410887e-01,7.575693695470731015e-01,1.136354054320620754e+00,1.330050731829945931e+00,9.447870951194925482e-01,4.117717440840662491e-01
1.760189011734025311e+00,3.622940297743497684e-01,4.516229243406021387e-01,4.499127262779241132e-01,9.476720551658204261e-01,9.563201634796116846e-01,3.471002345694534919e-01,3.489413562879320474e-01,3.767475197901573036e-01,1.007534950395803097e+00,1.011302425593704646e+00,1.013228744800755976e+00,1.009391867301815848e+00,1.004066005933261119e+00,-3.786783111541607849e-01,5.304294077364427595e-01,7.534950395803097223e-01,1.130242559370464583e+00,1.322874480075597603e+00,9.391867301815848279e-01,4.066005933261118699e-01
1.755302561040198217e+00,3.629365479275982187e-01,4.523818143431073691e-01,4.506756401207935858e-01,9.474132672472798111e-01,9.560405258979856047e-01,3.475885440765151824e-01,3.494308467282913333e-01,3.747130698298190010e-01,1.007494261396596480e+00,1.011241392094894609e+00,1.013157080409454069e+00,1.009335922177752254e+00,1.004014405021006251e+00,-3.771535831499498448e-01,5.300239847290830753e-01,7.494261396596479941e-01,1.124139209489460889e+00,1.315708040945406943e+00,9.335922177752253859e-01,4.014405021006250962e-01
1.750424760985976214e+00,3.635802055685095624e-01,4.531417712949018517e-01,4.514396234691409604e-01,9.471532978876938680e-01,9.557596918417674559e-01,3.480769204281289331e-01,3.499203820791561004e-01,3.726812462595757713e-01,1.007453624925191527e+00,1.011180437387787290e+00,1.013085511012479234e+00,1.009280032442379405e+00,1.003962911376439227e+00,-3.756325136163940481e-01,5.296132960380537380e-01,7.453624925191526529e-01,1.118043738778728979e+00,1.308551101247923398e+00,9.280032442379404500e-01,3.962911376439226530e-01
1.745555596256856301e+00,3.642250047179326766e-01,4.539027953372468671e-01,4.522046764162693799e-01,9.468921426529706142e-01,9.554776571295604537e-01,3.485653592412104596e-01,3.504099579246162111e-01,3.706519622709317230e-01,1.007413039245418584e+00,1.011119558868127877e+00,1.013014033542622983e+00,1.009224195023791459e+00,1.003911521741251311e+00,-3.741151053532938975e-01,5.291973612699912843e-01,7.413039245418584500e-01,1.111955886812787675e+00,1.301403354262298251e+00,9.224195023791459391e-01,3.911521741251311468e-01
1.740695051565447127e+00,3.648709474003004605e-01,4.546648866017972135e-01,4.529707990458028410e-01,9.466297971016962576e-01,9.551944175677749005e-01,3.490538561053844191e-01,3.508995698200796376e-01,3.686251329699001822e-01,1.007372502659398039e+00,1.011058753989096948e+00,1.012942645000543651e+00,1.009168406917948291e+00,1.003860232929474350e+00,-3.726013611159028072e-01,5.287761995495534606e-01,7.372502659398039171e-01,1.105875398909694773e+00,1.294264500054365108e+00,9.168406917948290769e-01,3.860232929474349817e-01
1.735843111651420134e+00,3.655180356436360523e-01,4.554280452105420873e-01,4.537379914316230778e-01,9.463662567852217933e-01,9.549099689508389055e-01,3.495424065829192406e-01,3.513892132922374900e-01,3.666006754667655576e-01,1.007332013509335322e+00,1.010998020264002983e+00,1.012871342457912549e+00,1.009112665191806979e+00,1.003809041830482363e+00,-3.710912836159895312e-01,5.283498295306683357e-01,7.332013509335322254e-01,1.099802026400298338e+00,1.287134245791254905e+00,9.112665191806978982e-01,3.809041830482362556e-01
1.730999761281464266e+00,3.661662714795592133e-01,4.561922712757449649e-01,4.545062536378070006e-01,9.461015172477497126e-01,9.546243070614151005e-01,3.500310062086609553e-01,3.518788838390318752e-01,3.645785089654038358e-01,1.007291570179308149e+00,1.010937355268962223e+00,1.012800123060549007e+00,1.009056966986443538e+00,1.003757945411971608e+00,-3.695848755225519255e-01,5.279182694087850569e-01,7.291570179308148880e-01,1.093735526896222332e+00,1.280012306054900684e+00,9.056966986443537593e-01,3.757945411971608252e-01
1.726164985249234451e+00,3.668156569432927672e-01,4.569575648998838724e-01,4.552755857185639687e-01,9.458355740264227096e-01,9.543374276706226844e-01,3.505196504899691923e-01,3.523685769296271419e-01,3.625585548520066648e-01,1.007251171097040210e+00,1.010876756645560093e+00,1.012728984031529222e+00,1.009001309520147549e+00,1.003706940722915553e+00,-3.680821394626464516e-01,5.274815369333653026e-01,7.251171097040209901e-01,1.087675664556009281e+00,1.272898403152922242e+00,9.001309520147549037e-01,3.706940722915552655e-01
1.721338768375307637e+00,3.674661940736689281e-01,4.577239261755907673e-01,4.560459877181726185e-01,9.455684226514136093e-01,9.540493265382621324e-01,3.510083349066526748e-01,3.528582880043823478e-01,3.605407367830621990e-01,1.007210814735661319e+00,1.010816222103491757e+00,1.012657922674271127e+00,1.008945690091497038e+00,1.003656024896492305e+00,-3.665830780221138729e-01,5.270396494207609805e-01,7.210814735661319475e-01,1.081622210349175717e+00,1.265792267427112705e+00,8.945690091497038310e-01,3.656024896492304777e-01
1.716521095507132610e+00,3.681178849131357400e-01,4.584913551855917535e-01,4.568174596709181357e-01,9.453000586460158505e-01,9.537599994130460113e-01,3.514970549109068809e-01,3.533480124748268891e-01,3.585249807724368853e-01,1.007170499615448689e+00,1.010755749423173144e+00,1.012586936375586610e+00,1.008890106082395821e+00,1.003605195152975194e+00,-3.650876937463837790e-01,5.265926237672649002e-01,7.170499615448688857e-01,1.075574942317314431e+00,1.258693637558661038e+00,8.890106082395821119e-01,3.605195152975193551e-01
1.711711951518982922e+00,3.687707315077634052e-01,4.592598520026465181e-01,4.575900016010290283e-01,9.450304775267356350e-01,9.534694420328342357e-01,3.519858059272513162e-01,3.538377457236392409e-01,3.565112152774052023e-01,1.007130224305547994e+00,1.010695336458322213e+00,1.012516022608694666e+00,1.008834554961077323e+00,1.003554448802581378e+00,-3.635959891412121614e-01,5.261404764630437381e-01,7.130224305547994135e-01,1.069533645832221325e+00,1.251602260869466576e+00,8.834554961077323298e-01,3.554448802581378075e-01
1.706911321311910701e+00,3.694247359072508341e-01,4.600294166894878245e-01,4.583636135226143438e-01,9.447596748033848524e-01,9.531776501248729883e-01,3.524745833524681737e-01,3.543274831046273610e-01,3.544993712834778044e-01,1.007089987425669575e+00,1.010634981138504251e+00,1.012445178936193901e+00,1.008779034285065990e+00,1.003503783248277825e+00,-3.621079666733290625e-01,5.256832236060325902e-01,7.089987425669574961e-01,1.063498113850425142e+00,1.244517893619390136e+00,8.779034285065989707e-01,3.503783248277825280e-01
1.702119189813697364e+00,3.700799001649319742e-01,4.608000492987607277e-01,4.591382954396002192e-01,9.444876459791763379e-01,9.528846194060385244e-01,3.529633825555419935e-01,3.548172199427123141e-01,3.524893823878679777e-01,1.007049787647757322e+00,1.010574681471636094e+00,1.012374403012984203e+00,1.008723541704088289e+00,1.003453195988534219e+00,-3.606236287711650501e-01,5.252208809163376735e-01,7.049787647757321807e-01,1.057468147163609373e+00,1.237440301298420309e+00,8.723541704088288995e-01,3.453195988534218941e-01
1.697335541978807427e+00,3.707362263377823597e-01,4.615717498729618451e-01,4.599140473456671541e-01,9.442143865508184630e-01,9.525903455830850852e-01,3.534521988775995993e-01,3.553069515339143392e-01,3.504811848814513020e-01,1.007009623697628919e+00,1.010514435546443490e+00,1.012303692589137327e+00,1.008668074962935979e+00,1.003402684620020358e+00,-3.591429778254279226e-01,5.247534637511309663e-01,7.009623697628919459e-01,1.051443554644349021e+00,1.230369258913732722e+00,8.668074962935978789e-01,3.402684620020357542e-01
1.692560362788340544e+00,3.713937164864254958e-01,4.623445184443785161e-01,4.606908692241865055e-01,9.439398920086128353e-01,9.522948243528964740e-01,3.539410276318513682e-01,3.557966731453410802e-01,3.484747178290603098e-01,1.006969494356581230e+00,1.010454241534871844e+00,1.012233045512706875e+00,1.008612631904264756e+00,1.003352246840243600e+00,-3.576660161898187473e-01,5.242809871196524307e-01,6.969494356581229511e-01,1.045424153487184427e+00,1.223304551270687490e+00,8.612631904264755889e-01,3.352246840243600090e-01
1.687793637249986212e+00,3.720523726751392979e-01,4.631183550350275735e-01,4.614687610481574831e-01,9.436641578365516647e-01,9.519980514027428509e-01,3.544298641035333319e-01,3.562863800151790383e-01,3.464699231479670960e-01,1.006929398462959258e+00,1.010394097694438997e+00,1.012162459732472541e+00,1.008557210471332732e+00,1.003301880450114147e+00,-3.561927461815511120e-01,5.238034656987581306e-01,6.929398462959257543e-01,1.039409769443899734e+00,1.216245973247254142e+00,8.557210471332732382e-01,3.301880450114147436e-01
1.683035350397973584e+00,3.727121969718626415e-01,4.638932596565943922e-01,4.622477227801439215e-01,9.433871795124176840e-01,9.517000224105404138e-01,3.549187035498497789e-01,3.567760673526872983e-01,3.444667456843999997e-01,1.006889334913688039e+00,1.010334002370532058e+00,1.012091933300618862e+00,1.008501808710670966e+00,1.003251583356447041e+00,-3.547231700819731826e-01,5.233209138488372769e-01,6.889334913688038853e-01,1.033400237053205828e+00,1.209193330061886229e+00,8.501808710670966107e-01,3.251583356447040885e-01
1.678285487293026623e+00,3.733731914482019132e-01,4.646692323103712718e-01,4.630277543722112199e-01,9.431089525078844016e-01,9.514007330451144107e-01,3.554075411999172984e-01,3.572657303381934768e-01,3.424651332879517507e-01,1.006849302665759005e+00,1.010273953998638508e+00,1.012021464375333579e+00,1.008446424774676276e+00,1.003201353574380006e+00,-3.532572901370071294e-01,5.228333456298115411e-01,6.849302665759005038e-01,1.027395399863850756e+00,1.202146437533357926e+00,8.446424774676275504e-01,3.201353574380005895e-01
1.673544033022317468e+00,3.740353581794373383e-01,4.654462729871964299e-01,4.638088557658626709e-01,9.428294722886179091e-01,9.511001789664682571e-01,3.558963722547093811e-01,3.577553641230925008e-01,3.404650368837289776e-01,1.006809300737674606e+00,1.010213951106511798e+00,1.011951051223332732e+00,1.008391056924129225e+00,1.003151189229714468e+00,-3.517951085578466808e-01,5.223407748176395193e-01,6.809300737674606196e-01,1.021395110651179827e+00,1.195105122333273151e+00,8.391056924129225436e-01,3.151189229714468354e-01
1.668810972699418915e+00,3.746986992445295872e-01,4.662243816673920516e-01,4.645910268919768438e-01,9.425487343143795771e-01,9.507983558260529877e-01,3.563851918870019064e-01,3.582449638298481065e-01,3.384664105421002489e-01,1.006769328210842085e+00,1.010153992316263016e+00,1.011880692222293154e+00,1.008335703530623295e+00,1.003101088561165977e+00,-3.503366275212211334e-01,5.218432149211948978e-01,6.769328210842084914e-01,1.015399231626301635e+00,1.188069222229315436e+00,8.335703530623295165e-01,3.101088561165976643e-01
1.664086291464256906e+00,3.753632167261263253e-01,4.670035583207027829e-01,4.653742676707440240e-01,9.422667340391315260e-01,9.504952592670421474e-01,3.568739952413199079e-01,3.587345245519960035e-01,3.364692115459030353e-01,1.006729384230917956e+00,1.010094076346377046e+00,1.011810385863201933e+00,1.008280363078908781e+00,1.003051049922528692e+00,-3.488818491699553492e-01,5.213406791991097577e-01,6.729384230917956344e-01,1.009407634637704554e+00,1.181038586320193318e+00,8.280363078908781205e-01,3.051049922528692449e-01
1.659369974483064780e+00,3.760289127105688189e-01,4.677838029062340031e-01,4.661585780116029309e-01,9.419834669111405434e-01,9.501908849246099020e-01,3.573627774338850038e-01,3.592240413541507027e-01,3.344734004549707596e-01,1.006689468009099420e+00,1.010034202013649018e+00,1.011740130752607492e+00,1.008225034169141443e+00,1.003001071784737519e+00,-3.474307756134181746e-01,5.208331806773154327e-01,6.689468009099419632e-01,1.003420201364901843e+00,1.174013075260749162e+00,8.225034169141443030e-01,3.001071784737519010e-01
1.654662006948337538e+00,3.766957892878982639e-01,4.685651153723897622e-01,4.669439578131779345e-01,9.416989283730862192e-01,9.498852284262108148e-01,3.578515335525638830e-01,3.597135092720132876e-01,3.324789411678470419e-01,1.006649578823356928e+00,1.009974368235035502e+00,1.011669925614770760e+00,1.008169715519031451e+00,1.002951152737834528e+00,-3.459834089277902813e-01,5.203207321664038432e-01,6.649578823356927515e-01,9.974368235035502295e-01,1.166992561477075974e+00,8.169715519031450768e-01,2.951152737834528139e-01
1.649962374078782545e+00,3.773638485518626129e-01,4.693474956568110534e-01,4.677304069632155503e-01,9.414131138621683048e-01,9.495782853918647293e-01,3.583402586568177894e-01,3.602029233123829610e-01,3.304858009805514696e-01,1.006609716019611023e+00,1.009914574029416645e+00,1.011599769293714202e+00,1.008114405965889304e+00,1.002901291492828140e+00,-3.445397511565557735e-01,5.198033462796163295e-01,6.609716019611022730e-01,9.914574029416645118e-01,1.159976929371420162e+00,8.114405965889304184e-01,2.901291492828139695e-01
1.645271061119276901e+00,3.780330925999229597e-01,4.701309436863134739e-01,4.685179253385213238e-01,9.411260188102165136e-01,9.492700514344426521e-01,3.588289477776531733e-01,3.606922784531698123e-01,3.284939506422794864e-01,1.006569879012845670e+00,1.009854818519268393e+00,1.011529660755162263e+00,1.008059104468565836e+00,1.002851486883444609e+00,-3.430998043107768569e-01,5.192810354506972592e-01,6.569879012845669664e-01,9.854818519268393473e-01,1.152966075516226319e+00,8.059104468565836399e-01,2.851486883444609433e-01
1.640588053340817698e+00,3.787035235332601446e-01,4.709154593768249963e-01,4.693065128048969359e-01,9.408376386438006556e-01,9.489605221599556328e-01,3.593175959175726186e-01,3.611815696434108047e-01,3.265033644079010089e-01,1.006530067288158081e+00,1.009795100932237011e+00,1.011459599088367689e+00,1.008003810109278975e+00,1.002801737867764942e+00,-3.416635703693444714e-01,5.187538119524157665e-01,6.530067288158081240e-01,9.795100932237010838e-01,1.145959908836768903e+00,8.003810109278974849e-01,2.801737867764941825e-01
1.635913336040478949e+00,3.793751434567814163e-01,4.717010426333237971e-01,4.700961692170770867e-01,9.405479687843432135e-01,9.486496931678469746e-01,3.598061980505282142e-01,3.616707918032871505e-01,3.245140200871537428e-01,1.006490280401743043e+00,1.009735420602614564e+00,1.011389583507820156e+00,1.007948522095322375e+00,1.002752043529743897e+00,-3.402310512792859898e-01,5.182216879146389621e-01,6.490280401743042660e-01,9.735420602614563990e-01,1.138958350782015572e+00,7.948522095322374525e-01,2.752043529743897210e-01
1.631246894541361403e+00,3.800479544791271480e-01,4.724876933497756948e-01,4.708868944186662131e-01,9.402570046482320310e-01,9.483375600512857773e-01,3.602947491218743137e-01,3.621599398241446277e-01,3.225258990904050771e-01,1.006450517981808179e+00,1.009675776972712047e+00,1.011319613354839442e+00,1.007893239760659920e+00,1.002702403080613092e+00,-3.388022489560238992e-01,5.176846753432394754e-01,6.450517981808179258e-01,9.675776972712046842e-01,1.131961335483944175e+00,7.893239760659920279e-01,2.702403080613091646e-01
1.626588714192551244e+00,3.807219587126770555e-01,4.732754114090717001e-01,4.716786882420758720e-01,9.399647416469352201e-01,9.480241183974628116e-01,3.607832440483227932e-01,3.626490085685157849e-01,3.205389864708855230e-01,1.006410779729417726e+00,1.009616169594126589e+00,1.011249688099035371e+00,1.007837962567388335e+00,1.002652815860151314e+00,-3.373771652835168555e-01,5.171427861386749258e-01,6.410779729417726003e-01,9.616169594126589004e-01,1.124968809903537093e+00,7.837962567388334634e-01,2.652815860151314098e-01
1.621938780369069466e+00,3.813971582735574128e-01,4.740641966829652332e-01,4.724715505084615685e-01,9.396711751871168472e-01,9.477093637878892807e-01,3.612716777178981986e-01,3.631379928701441440e-01,3.185532709632835080e-01,1.006371065419265687e+00,1.009556598128898530e+00,1.011179807339647185e+00,1.007782690107079882e+00,1.002603281337833829e+00,-3.359558021144468110e-01,5.165960321149979384e-01,6.371065419265686813e-01,9.556598128898530220e-01,1.117980733964718532e+00,7.782690107079881514e-01,2.603281337833829312e-01
1.617297078471829685e+00,3.820735552816471037e-01,4.748540490320097285e-01,4.732654810276599733e-01,9.393763006707541718e-01,9.473932917986953584e-01,3.617600449898950021e-01,3.636268875340106232e-01,3.165687450186104313e-01,1.006331374900372166e+00,1.009497062350558361e+00,1.011109970806748137e+00,1.007727422101989401e+00,1.002553799113848898e+00,-3.345381612704055319e-01,5.160444250187351534e-01,6.331374900372166437e-01,9.497062350558360677e-01,1.110997080674813731e+00,7.727422101989400716e-01,2.553799113848898017e-01
1.612663593927589289e+00,3.827511518605847818e-01,4.756449683054954081e-01,4.740604795981261388e-01,9.390801134952557749e-01,9.470758980009320593e-01,3.622483406948350804e-01,3.641156873363619595e-01,3.145854048352395016e-01,1.006291708096704873e+00,1.009437562145057088e+00,1.011040178362313968e+00,1.007672158406129448e+00,1.002504368919977518e+00,-3.331242445419058673e-01,5.154879765481017451e-01,6.291708096704873299e-01,9.437562145057087903e-01,1.104017836231396821e+00,7.672158406129447883e-01,2.504368919977517649e-01
1.608038312188907248e+00,3.834299501377751440e-01,4.764369543413866648e-01,4.748565460068707722e-01,9.387826090535819068e-01,9.467571779608739968e-01,3.627365596344270249e-01,3.646043870247411833e-01,3.126032503860409761e-01,1.006252065007720908e+00,1.009378097511581140e+00,1.010970430001157050e+00,1.007616899006207989e+00,1.002454990620340158e+00,-3.317140536885107016e-01,5.149266983721164648e-01,6.252065007720908341e-01,9.378097511581140466e-01,1.097043000115704992e+00,7.616899006207988876e-01,2.454990620340158358e-01
1.603421218734094822e+00,3.841099522443958691e-01,4.772300069662588351e-01,4.756536800293972855e-01,9.384837827343655015e-01,9.464371272403226953e-01,3.632246965815262851e-01,3.650929813180197603e-01,3.106222854415275347e-01,1.006212445708830616e+00,1.009318668563245813e+00,1.010900725851717530e+00,1.007561644022427538e+00,1.002405664212002945e+00,-3.303075904388801387e-01,5.143606021497869607e-01,6.212445708830616198e-01,9.318668563245813274e-01,1.090072585171752984e+00,7.561644022427538303e-01,2.405664212002944780e-01
1.598812299067171150e+00,3.847911603154042237e-01,4.780241259952355271e-01,4.764518814296395677e-01,9.381836299220344122e-01,9.461157413969119023e-01,3.637127462800960886e-01,3.655814649064319521e-01,3.086425175889450090e-01,1.006172850351778836e+00,1.009259275527668365e+00,1.010831066176712145e+00,1.007506393709139303e+00,1.002356389825439731e+00,-3.289048564907851580e-01,5.137896995495336849e-01,6.172850351778835787e-01,9.259275527668364703e-01,1.083106617671214522e+00,7.506393709139302928e-01,2.356389825439730856e-01
1.594211538717818843e+00,3.854735764895436678e-01,4.788193112319249489e-01,4.772511499598994233e-01,9.378821459969347574e-01,9.457930159844124551e-01,3.642007034451703040e-01,3.660698324516105662e-01,3.066639582472421299e-01,1.006133279164944883e+00,1.009199918747417213e+00,1.010761451373640041e+00,1.007451148455358769e+00,1.002307167724856063e+00,-3.275058535109829361e-01,5.132140022683003844e-01,6.133279164944882567e-01,9.199918747417212828e-01,1.076145137364004079e+00,7.451148455358769240e-01,2.307167724856062918e-01
1.589618923241338244e+00,3.861572029093507941e-01,4.796155624683570151e-01,4.780514853607837900e-01,9.375793263354572638e-01,9.454689465530389247e-01,3.646885627628168591e-01,3.665580785866245916e-01,3.046866226778584541e-01,1.006093732453557266e+00,1.009140598680335676e+00,1.010691881975136930e+00,1.007395908785126526e+00,1.002257998308361930e+00,-3.261105831353035556e-01,5.126335220508718704e-01,6.093732453557265671e-01,9.140598680335676463e-01,1.069188197513692984e+00,7.395908785126525942e-01,2.257998308361930384e-01
1.585034438218600350e+00,3.868420417211618778e-01,4.804128794849197304e-01,4.788528873611426206e-01,9.372751663101627218e-01,9.451435286497562593e-01,3.651763188901023804e-01,3.670461979160186683e-01,3.027105299912843384e-01,1.006054210599825582e+00,1.009081315899738485e+00,1.010622358649185148e+00,1.007340675357729420e+00,1.002208882108001298e+00,-3.247190469684479441e-01,5.120482707092013364e-01,6.054210599825582406e-01,9.081315899738484632e-01,1.062235864918514849e+00,7.340675357729420369e-01,2.208882108001297695e-01
1.580458069256003295e+00,3.875280950751195941e-01,4.812112620502962401e-01,4.796553556780066008e-01,9.369696612899103272e-01,9.448167578185857618e-01,3.656639664550588309e-01,3.675341850158539980e-01,3.007357031493482769e-01,1.006014714062986926e+00,1.009022071094480388e+00,1.010552882199171831e+00,1.007285448967767172e+00,1.002159819789634421e+00,-3.233312465839621175e-01,5.114582601414248142e-01,6.014714062986925569e-01,9.022071094480388354e-01,1.055288219917183135e+00,7.285448967767171879e-01,2.159819789634420673e-01
1.575889801985427496e+00,3.882153651251798454e-01,4.820107099214008817e-01,4.804588900165249199e-01,9.366628066399865782e-01,9.444886296009126214e-01,3.661515000566500921e-01,3.680220344337507554e-01,2.987621689631969613e-01,1.005975243379263917e+00,1.008962865068895987e+00,1.010483453563792988e+00,1.007230230545068439e+00,1.002110812152665842e+00,-3.219471835239945956e-01,5.108635023511466366e-01,5.975243379263917021e-01,8.962865068895986553e-01,1.048345356379298821e+00,7.230230545068438985e-01,2.110812152665841879e-01
1.571329622064188580e+00,3.889038540291186452e-01,4.828112228433158459e-01,4.812634900699032103e-01,9.363545977222359484e-01,9.441591395357916694e-01,3.666389142647406563e-01,3.685097406889318306e-01,2.967899580869372556e-01,1.005935799161738808e+00,1.008903698742608102e+00,1.010414073816809033e+00,1.007175021154457895e+00,1.002061860129627391e+00,-3.205668592991495203e-01,5.102640094663540848e-01,5.935799161738808394e-01,8.903698742608101568e-01,1.041407381680903299e+00,7.175021154457894568e-01,2.061860129627390847e-01
1.566777515174994306e+00,3.895935639485385571e-01,4.836128005492276727e-01,4.820691555193415412e-01,9.360450298951932258e-01,9.438282831602538003e-01,3.671262036200657608e-01,3.689972982722685146e-01,2.948191050069250974e-01,1.005896382100138542e+00,1.008844573150207813e+00,1.010344744166645770e+00,1.007119821995368980e+00,1.002012964785611304e+00,-3.191902753882961963e-01,5.096597937583136062e-01,5.896382100138541915e-01,8.844573150207812873e-01,1.034474416664576957e+00,7.119821995368980083e-01,2.012964785611304208e-01
1.562233467025897493e+00,3.902844970488759113e-01,4.844154427603633017e-01,4.828758860339724679e-01,9.357340985142161838e-01,9.434960560096116167e-01,3.676133626342018568e-01,3.694847016463270184e-01,2.928496480266837843e-01,1.005856992960533658e+00,1.008785489440800598e+00,1.010275465955838614e+00,1.007064634401301673e+00,1.001964127317545250e+00,-3.178174332382795453e-01,5.090508676604501570e-01,5.856992960533657921e-01,8.785489440800597905e-01,1.027546595583861411e+00,7.064634401301672639e-01,1.964127317545250051e-01
1.557697463350254274e+00,3.909766554994071885e-01,4.852191491859266237e-01,4.836836812707992483e-01,9.354217989316205850e-01,9.431624536177636298e-01,3.681003857895391862e-01,3.699719452454161561e-01,2.908816292474527554e-01,1.005817632584949051e+00,1.008726448877423687e+00,1.010206240660330934e+00,1.007009459839133259e+00,1.001915349053329685e+00,-3.164483342637026686e-01,5.084372437868160954e-01,5.817632584949050667e-01,8.726448877423687023e-01,1.020624066033093413e+00,7.009459839133258541e-01,1.915349053329684637e-01
1.553169489906676137e+00,3.916700414732561253e-01,4.860239195230345866e-01,4.844925408746344475e-01,9.351081264968162943e-01,9.428274715174981280e-01,3.685872675392555253e-01,3.704590234756369171e-01,2.889150945443643148e-01,1.005778301890887239e+00,1.008667452836330858e+00,1.010137069888609407e+00,1.006954299908269901e+00,1.001866631450810896e+00,-3.150829798465425435e-01,5.078189349506070371e-01,5.778301890887238557e-01,8.667452836330857835e-01,1.013706988860940683e+00,6.954299908269900854e-01,1.866631450810896098e-01
1.548649532478986846e+00,3.923646571474003752e-01,4.868297534566531359e-01,4.853024644780378205e-01,9.347930765564442801e-01,9.424911052407957124e-01,3.690740023072905940e-01,3.709459307149322038e-01,2.869500935382647278e-01,1.005739001870765259e+00,1.008608502806148000e+00,1.010067955380693716e+00,1.006899156339649215e+00,1.001817976096615270e+00,-3.137213713358840139e-01,5.071959541823930495e-01,5.739001870765259028e-01,8.608502806147999564e-01,1.006795538069371609e+00,6.899156339649215042e-01,1.817976096615270265e-01
1.544137576876178475e+00,3.930605047026783927e-01,4.876366506595337103e-01,4.861134517012552503e-01,9.344766444545160589e-01,9.421533503191301673e-01,3.695605844883230739e-01,3.714326613131383459e-01,2.849866795631972316e-01,1.005699733591263856e+00,1.008549600386895895e+00,1.009998899006970374e+00,1.006844030994590522e+00,1.001769384704830124e+00,-3.123635100475563586e-01,5.065683147479770332e-01,5.699733591263855814e-01,8.549600386895894744e-01,9.998899006970374259e-01,6.844030994590521999e-01,1.769384704830123667e-01
1.539633608932364339e+00,3.937575863237963714e-01,4.884446107921488478e-01,4.869255021521572968e-01,9.341588255325536938e-01,9.418142022837679983e-01,3.700470084477475718e-01,3.719192095920373919e-01,2.830249096295736067e-01,1.005660498192591401e+00,1.008490747288887102e+00,1.009929902766875998e+00,1.006788925863495221e+00,1.001720859115537765e+00,-3.110093972636720494e-01,5.059360301663360371e-01,5.660498192591401079e-01,8.490747288887101618e-01,9.929902766875997600e-01,6.788925863495220980e-01,1.720859115537765049e-01
1.535137614506736803e+00,3.944559041993349613e-01,4.892536335026286265e-01,4.877386154261780793e-01,9.338396151297312375e-01,9.414736566660659722e-01,3.705332685216539690e-01,3.724055698454101782e-01,2.810648443830716103e-01,1.005621296887661442e+00,1.008431945331492052e+00,1.009860968787431812e+00,1.006733843064395950e+00,1.001672401293205006e+00,-3.096590342322735889e-01,5.052991142269839253e-01,5.621296887661442199e-01,8.431945331492052276e-01,9.860968787431811933e-01,6.733843064395950151e-01,1.672401293205005857e-01
1.530649579483522427e+00,3.951554605217562077e-01,4.900637184266961044e-01,4.885527911062538253e-01,9.335190085830181728e-01,9.411317089977674355e-01,3.710193590168075484e-01,3.728917363390904516e-01,2.791065480592990755e-01,1.005582130961185872e+00,1.008373196441779029e+00,1.009792099321626280e+00,1.006678784841358310e+00,1.001624013324925011e+00,-3.083124221668501197e-01,5.046575810072710944e-01,5.582130961185871598e-01,8.373196441779029442e-01,9.792099321626279718e-01,6.678784841358309521e-01,1.624013324925011048e-01
1.526169489771937560e+00,3.958562574874103235e-01,4.908748651876037594e-01,4.893680287627621972e-01,9.331970012273230752e-01,9.407883548112954131e-01,3.715052742106310091e-01,3.733777033110192711e-01,2.771500884342784632e-01,1.005543001768685496e+00,1.008314502653028244e+00,1.009723296746655175e+00,1.006623753562737145e+00,1.001575697418519706e+00,-3.069695622459047146e-01,5.040114448891128696e-01,5.543001768685495989e-01,8.314502653028243984e-01,9.723296746655174516e-01,6.623753562737144662e-01,1.575697418519705906e-01
1.521697331306142154e+00,3.965582972965429054e-01,4.916870733960690965e-01,4.901843279534612297e-01,9.328735883956404962e-01,9.404435896400442640e-01,3.719910083511874799e-01,3.738634649713009628e-01,2.751955367708057709e-01,1.005503910735416007e+00,1.008255866103124232e+00,1.009654563562015772e+00,1.006568751719289390e+00,1.001527455900504959e+00,-3.056304556124376792e-01,5.033607205757357761e-01,5.503910735416006617e-01,8.255866103124231969e-01,9.654563562015772149e-01,6.568751719289389612e-01,1.527455900504959274e-01
1.517233090045199795e+00,3.972615821533014291e-01,4.925003426502102544e-01,4.910016882234287672e-01,9.325487654191975118e-01,9.400974090186683396e-01,3.724765556571651426e-01,3.743490155022589638e-01,2.732429677607584595e-01,1.005464859355215124e+00,1.008197289032822797e+00,1.009585902387455603e+00,1.006513781922143025e+00,1.001479291213908773e+00,-3.042951033733351518e-01,5.027054231078292856e-01,5.464859355215123671e-01,8.197289032822796528e-01,9.585902387455602636e-01,6.513781922143024872e-01,1.479291213908773273e-01
1.512776751973029299e+00,3.979661142657425210e-01,4.933146725354823903e-01,4.918201091050014573e-01,9.322225276276024930e-01,9.397498084833687537e-01,3.729619103178632988e-01,3.748343490584923887e-01,2.712924594634145148e-01,1.005425849189268250e+00,1.008138773783902487e+00,1.009517315960787975e+00,1.006458846900628812e+00,1.001431205915966682e+00,-3.029635065990124998e-01,5.020455678793771526e-01,5.425849189268250328e-01,8.138773783902486514e-01,9.517315960787975371e-01,6.458846900628811838e-01,1.431205915966682340e-01
1.508328303098364298e+00,3.986718958458385087e-01,4.941300626246128425e-01,4.926395901177147429e-01,9.318948703489955410e-01,9.394007835721762678e-01,3.734470664931798800e-01,3.753194597669334276e-01,2.693440932398752929e-01,1.005386881864797521e+00,1.008080322797196171e+00,1.009448807135564508e+00,1.006403949499975470e+00,1.001383202675675710e+00,-3.016356663226137380e-01,5.013811706532022017e-01,5.386881864797521402e-01,8.080322797196171081e-01,9.448807135564507576e-01,6.403949499975469806e-01,1.383202675675709870e-01
1.503887729454706168e+00,3.993789291094848037e-01,4.949465124775374592e-01,4.934601307682420224e-01,9.315657889101992550e-01,9.390503298252326214e-01,3.739320183136005671e-01,3.758043417269048003e-01,2.673979536836700865e-01,1.005347959073673358e+00,1.008021938610510038e+00,1.009380378878618645e+00,1.006349092678870072e+00,1.001335284271224202e+00,-3.003115835396242828e-01,5.007122475759743230e-01,5.347959073673358432e-01,8.021938610510037648e-01,9.380378878618644833e-01,6.349092678870071893e-01,1.335284271224201902e-01
1.499455017100282284e+00,4.000872162765065632e-01,4.957640216413357059e-01,4.942817305503346970e-01,9.312352786368727209e-01,9.386984427850668666e-01,3.744167598801890762e-01,3.762889890101775436e-01,2.654541285476458290e-01,1.005309082570952972e+00,1.007963623856429347e+00,1.009312034267476621e+00,1.006294279506891876e+00,1.001287453587298870e+00,-2.989912592070635977e-01,5.000388151928799596e-01,5.309082570952972091e-01,7.963623856429347114e-01,9.312034267476620997e-01,6.294279506891875542e-01,1.287453587298870161e-01
1.495030152118001165e+00,4.007967595706657393e-01,4.965825896501669390e-01,4.951043889447618862e-01,9.309033348536652763e-01,9.383451179968709255e-01,3.749012852645794425e-01,3.767733956610295754e-01,2.635127086672374164e-01,1.005270254173344702e+00,1.007905381260017164e+00,1.009243776487642075e+00,1.006239513161816035e+00,1.001239713612264159e+00,-2.976746942429893128e-01,4.993608904618522804e-01,5.270254173344701698e-01,7.905381260017163569e-01,9.243776487642074713e-01,6.239513161816034881e-01,1.239713612264159437e-01
1.490613120615409404e+00,4.015075612196680743e-01,4.974022160252056790e-01,4.959281054192503091e-01,9.305699528843722756e-01,9.379903510087699292e-01,3.753855885089691924e-01,3.772575556963039811e-01,2.615737878802307237e-01,1.005231475757604631e+00,1.007847213636406947e+00,1.009175608829760096e+00,1.006184796926798963e+00,1.001192067435230149e+00,-2.963618895257736363e-01,4.986784907673836309e-01,5.231475757604631127e-01,7.847213636406946691e-01,9.175608829760095730e-01,6.184796926798963312e-01,1.192067435230148575e-01
1.486203908724648137e+00,4.022196234551700944e-01,4.982229002745777735e-01,4.967528794284248317e-01,9.302351280520925192e-01,9.376341373720890049e-01,3.758696636261149027e-01,3.777414631054676897e-01,2.596374629431303371e-01,1.005192749258862595e+00,1.007789123888293892e+00,1.009107534686658703e+00,1.006130134187440683e+00,1.001144518243004766e+00,-2.950528458934328913e-01,4.979916339336987186e-01,5.192749258862594530e-01,7.789123888293891795e-01,9.107534686658702583e-01,6.130134187440683391e-01,1.144518243004766234e-01
1.481802502602409088e+00,4.029329485127860488e-01,4.990446418932953931e-01,4.975787104137484040e-01,9.298988556793869042e-01,9.372764726416181746e-01,3.763535045993284256e-01,3.782251118506704812e-01,2.577038334442550704e-01,1.005154076668885121e+00,1.007731115003327682e+00,1.009039557550280408e+00,1.006075528428738597e+00,1.001097069316937427e+00,-2.937475641428550222e-01,4.973003382377418902e-01,5.154076668885121393e-01,7.731115003327682089e-01,9.039557550280408194e-01,6.075528428738596887e-01,1.097069316937426819e-01
1.477408888429891043e+00,4.036475386320950154e-01,4.998674403631933605e-01,4.984055978034622747e-01,9.295611310884385192e-01,9.369173523758719258e-01,3.768371053824753347e-01,3.787084958668035517e-01,2.557730017136835010e-01,1.005115460034273767e+00,1.007673190051410428e+00,1.008971681008500765e+00,1.006020983231926236e+00,1.001049724029658750e+00,-2.924460450292463709e-01,4.966046224213581106e-01,5.115460034273766610e-01,7.673190051410427870e-01,8.971681008500764776e-01,6.020983231926235746e-01,1.049724029658749558e-01
1.473023052412756329e+00,4.043633960566480057e-01,5.006912951528642575e-01,4.992335410125268158e-01,9.292219496012144031e-01,9.365567721373453391e-01,3.773204598999746473e-01,3.791916090615585766e-01,2.538450727301856946e-01,1.005076901454603711e+00,1.007615352181905566e+00,1.008903908741841216e+00,1.005966502271209428e+00,1.001002485841719247e+00,-2.911482892652207943e-01,4.959045057031785109e-01,5.076901454603710562e-01,7.615352181905565843e-01,8.903908741841215502e-01,5.966502271209428443e-01,1.002485841719247261e-01
1.468644980781087739e+00,4.050805230339749041e-01,5.015162057175948096e-01,5.000625394425621817e-01,9.288813065396280821e-01,9.361947274927665541e-01,3.778035620468004341e-01,3.796744453154867194e-01,2.519201540252753446e-01,1.005038403080505516e+00,1.007557604620758163e+00,1.008836244520085801e+00,1.005912089310402990e+00,1.000955358298137199e+00,-2.898542975201864880e-01,4.952000077899026409e-01,5.038403080505515774e-01,7.557604620758162639e-01,8.836244520085800858e-01,5.912089310402990350e-01,9.553582981371988581e-02
1.464274659789348121e+00,4.057989218155910738e-01,5.023421714993004938e-01,5.008925924817887454e-01,9.285391972257049931e-01,9.358312140133453472e-01,3.782864056884847059e-01,3.801569984820571957e-01,2.499983555845246841e-01,1.004999967111690484e+00,1.007499950667535726e+00,1.008768692198797057e+00,1.005857748199471491e+00,1.000908345024851709e+00,-2.885640704194326056e-01,4.944911488870433747e-01,4.999967111690484245e-01,7.499950667535726367e-01,8.768692198797056747e-01,5.857748199471490835e-01,9.083450248517088710e-02
1.459912075716330637e+00,4.065185946570054609e-01,5.031691919264624779e-01,5.017236995049683124e-01,9.281956169817471292e-01,9.354662272750168261e-01,3.787689846611222988e-01,3.806392623877157266e-01,2.480797897462851120e-01,1.004961595794925611e+00,1.007442393692388638e+00,1.008701255715744205e+00,1.005803482870975429e+00,1.000861449725094721e+00,-2.872776085435339022e-01,4.937779497090373781e-01,4.961595794925610647e-01,7.442393692388638016e-01,8.701255715744204977e-01,5.803482870975429364e-01,8.614497250947206197e-02
1.455557214865121907e+00,4.072395438177268123e-01,5.039972664140619507e-01,5.025558598733450566e-01,9.278505611305016831e-01,9.350997628586819044e-01,3.792512927713768689e-01,3.811212308319436581e-01,2.461645710979714907e-01,1.004923291421959464e+00,1.007384937132939084e+00,1.008633939087248299e+00,1.005749297336443693e+00,1.000814676175685092e+00,-2.859949124273023502e-01,4.930604314891655071e-01,4.923291421959463676e-01,7.384937132939084492e-01,8.633939087248299060e-01,5.749297336443692785e-01,8.146761756850917635e-02
1.451210063563055375e+00,4.079617715612711137e-01,5.048263943635172835e-01,5.033890729345865678e-01,9.275040249953289129e-01,9.347318163504430011e-01,3.797333237964896635e-01,3.816028975873156370e-01,2.442528163700554977e-01,1.004885056327401216e+00,1.007327584491101602e+00,1.008566746404443437e+00,1.005695195682651866e+00,1.000768028223244066e+00,-2.847159825592882609e-01,4.923386159882911506e-01,4.885056327401215981e-01,7.327584491101601927e-01,8.566746404443437157e-01,5.695195682651865710e-01,7.680282232440660550e-02
1.446870608161669569e+00,4.086852801551686953e-01,5.056565751626185268e-01,5.042233380227252315e-01,9.271560039003730047e-01,9.343623833418350788e-01,3.802150714842885693e-01,3.820842563995577867e-01,2.423446443279308193e-01,1.004846892886558596e+00,1.007270339329837894e+00,1.008499681829468031e+00,1.005641182067839035e+00,1.000721509780349905e+00,-2.834408193806968734e-01,4.916125255035969088e-01,4.846892886558595848e-01,7.270339329837893771e-01,8.499681829468030969e-01,5.641182067839034531e-01,7.215097803499048723e-02
1.442538835036667244e+00,4.094100718709711151e-01,5.064878081854636838e-01,5.050586544580994985e-01,9.268064931707336029e-01,9.339914594300533501e-01,3.806965295531997140e-01,3.825653009876056054e-01,2.404401756618111674e-01,1.004808803513236315e+00,1.007213205269854361e+00,1.008432749591585242e+00,1.005587260717848874e+00,1.000675124821622131e+00,-2.821694232846891359e-01,4.908821828765170259e-01,4.808803513236314942e-01,7.213205269854361390e-01,8.432749591585242399e-01,5.587260717848874236e-01,6.751248216221306109e-02
1.438214730587868750e+00,4.101361489842585972e-01,5.073200927923947612e-01,5.058950215472957090e-01,9.264554881326391156e-01,9.336190402181757664e-01,3.811776916922613445e-01,3.830460250436611980e-01,2.385395328748193267e-01,1.004770790657496304e+00,1.007156185986244568e+00,1.008365953983241692e+00,1.005533435922210783e+00,1.000628877379756032e+00,-2.809017946155384915e-01,4.901476114998427613e-01,4.770790657496304377e-01,7.156185986244567587e-01,8.365953983241691816e-01,5.533435922210783176e-01,6.288773797560320844e-02
1.433898281239171180e+00,4.108635137746470267e-01,5.081534283299328214e-01,5.067324385830893618e-01,9.261029841136212415e-01,9.332451213153813985e-01,3.816585515611374824e-01,3.835264222332505080e-01,2.366428401694397887e-01,1.004732856803388863e+00,1.007099285205083294e+00,1.008299299356071543e+00,1.005479712030166173e+00,1.000582771541503879e+00,-2.796379336677115579e-01,4.894088353248423062e-01,4.732856803388862943e-01,7.099285205083294414e-01,8.299299356071543343e-01,5.479712030166172809e-01,5.827715415038792202e-02
1.429589473438507508e+00,4.115921685257951101e-01,5.089878141307148107e-01,5.075709048443873828e-01,9.257489764426914958e-01,9.328696983371634888e-01,3.821391027901361870e-01,3.840064861952798281e-01,2.347502233324990917e-01,1.004695004466650055e+00,1.007042506699975082e+00,1.008232790116843969e+00,1.005426093446637470e+00,1.000536811443609286e+00,-2.783778406851105669e-01,4.886658788669355213e-01,4.695004466650054553e-01,7.042506699975081830e-01,8.232790116843968775e-01,5.426093446637469953e-01,5.368114436092863428e-02
1.425288293657801297e+00,4.123221155254114811e-01,5.098232495134282782e-01,5.084104195961693939e-01,9.253934604505181793e-01,9.324927669055401713e-01,3.826193389802264866e-01,3.844862105420921994e-01,2.328618096188423414e-01,1.004657236192376901e+00,1.006985854288565241e+00,1.008166430723373308e+00,1.005372584628160038e+00,1.000491001268706048e+00,-2.771215158601101902e-01,4.879187672116571672e-01,4.657236192376901229e-01,6.985854288565240822e-01,8.166430723373307998e-01,5.372584628160037568e-01,4.910012687060483216e-02
1.420994728392924511e+00,4.130533570652621389e-01,5.106597337827484262e-01,5.092509820894302042e-01,9.250364314696062351e-01,9.321143226492580869e-01,3.830992537030599165e-01,3.849655888595233666e-01,2.309777276338785823e-01,1.004619554552677485e+00,1.006929331829016450e+00,1.008100225680384376e+00,1.005319190078768132e+00,1.000445345241181894e+00,-2.758689593328209622e-01,4.871675260192612211e-01,4.619554552677485049e-01,6.929331829016449618e-01,8.100225680384376403e-01,5.319190078768132324e-01,4.453452411818936696e-02
1.416708764163657985e+00,4.137858954411772205e-01,5.114972662292733840e-01,5.100925915611219663e-01,9.246778848344772150e-01,9.317343612039935552e-01,3.835788405009921687e-01,3.854446147069572892e-01,2.290981072151683784e-01,1.004581962144303287e+00,1.006872943216455152e+00,1.008034179535349795e+00,1.005265914345855327e+00,1.000399847623017813e+00,-2.746201711900815301e-01,4.864121815291567730e-01,4.581962144303286522e-01,6.872943216455151827e-01,8.034179535349794676e-01,5.265914345855327028e-01,3.998476230178127366e-02
1.412430387513644803e+00,4.145197329530587171e-01,5.123358461294602595e-01,5.109352472340960016e-01,9.243178158818512458e-01,9.313528782125475303e-01,3.840580928871063504e-01,3.859232816173807645e-01,2.272230793132188620e-01,1.004544461586264426e+00,1.006816692379396638e+00,1.007968296874294456e+00,1.005212762015998296e+00,1.000354512709600963e+00,-2.733751514646792224e-01,4.856527605636695721e-01,4.544461586264425534e-01,6.816692379396638302e-01,7.968296874294455989e-01,5.212762015998295695e-01,3.545127096009625944e-02
1.408159585010351655e+00,4.152548719048872461e-01,5.131754727455617449e-01,5.117789483170458453e-01,9.239562199508312146e-01,9.309698693250383350e-01,3.845370043452402409e-01,3.864015830974388832e-01,2.253527758716670770e-01,1.004507055517433356e+00,1.006760583276149923e+00,1.007902582317586226e+00,1.005159737710769496e+00,1.000309344825530022e+00,-2.721339001344501574e-01,4.848892905309600265e-01,4.507055517433355973e-01,6.760583276149922938e-01,7.902582317586226424e-01,5.159737710769496388e-01,3.093448255300224048e-02
1.403896343245024880e+00,4.159913146047294896e-01,5.140161453255613910e-01,5.126236940044491819e-01,9.235930923830869554e-01,9.305853301990872906e-01,3.850155683300123810e-01,3.868795126274880980e-01,2.234873297070160414e-01,1.004469746594140345e+00,1.006704619891210406e+00,1.007837040515707328e+00,1.005106846082528316e+00,1.000264348320406782e+00,-2.708964171213483763e-01,4.841217994276156289e-01,4.469746594140344698e-01,6.704619891210406024e-01,7.837040515707327515e-01,5.106846082528315733e-01,2.643483204067820225e-02
1.399640648832648715e+00,4.167290633647455222e-01,5.148578631031108799e-01,5.134694834765105576e-01,9.232284285230418774e-01,9.301992565000017921e-01,3.854937782668528268e-01,3.873570636616502916e-01,2.216268743880993597e-01,1.004432537487762067e+00,1.006648806231642990e+00,1.007771676145018835e+00,1.005054091810205330e+00,1.000219527564625510e+00,-2.696627022907622795e-01,4.833503158402807642e-01,4.432537487762067130e-01,6.648806231642989673e-01,7.771676145018835413e-01,5.054091810205330049e-01,2.195275646255101520e-02
1.395392488411903997e+00,4.174681205011958052e-01,5.157006252974649652e-01,5.143163158991047590e-01,9.228622237180612586e-01,9.298116439009534995e-01,3.859716275520335138e-01,3.878342296278665113e-01,2.197715441154428073e-01,1.004395430882308871e+00,1.006593146323463195e+00,1.007706493903521405e+00,1.005001479595085012e+00,1.000174886945165431e+00,-2.684327554502600743e-01,4.825748689473028374e-01,4.395430882308870579e-01,6.593146323463194847e-01,7.706493903521405286e-01,5.001479595085012164e-01,1.748869451654311291e-02
1.391151848645124200e+00,4.182084883344487913e-01,5.165444311134190780e-01,5.151641904237185265e-01,9.224944733186413171e-01,9.294224880831523095e-01,3.864491095527027853e-01,3.883110039279488168e-01,2.179214736006903075e-01,1.004358429472013814e+00,1.006537644208020721e+00,1.007641498506621103e+00,1.004949014156587772e+00,1.000130430861394082e+00,-2.672065763491869306e-01,4.817954885188089897e-01,4.358429472013813921e-01,6.537644208020720882e-01,7.641498506621102749e-01,4.949014156587772106e-01,1.304308613940818873e-02
1.386918716218255021e+00,4.189501691889879753e-01,5.173892797412451561e-01,5.160131061873945990e-01,9.221251726785993919e-01,9.290317847360156644e-01,3.869262176069194759e-01,3.887873799376332928e-01,2.160767979462657473e-01,1.004321535958925260e+00,1.006482303938387890e+00,1.007576694682902341e+00,1.004896700228065098e+00,1.000086163720879329e+00,-2.659841646774753765e-01,4.810122049172129710e-01,4.321535958925259990e-01,6.482303938387889986e-01,7.576694682902340716e-01,4.896700228065098415e-01,8.616372087932866464e-03
1.382693077840814411e+00,4.196931653934192208e-01,5.182351703566278056e-01,5.168630623126740931e-01,9.217543171552677883e-01,9.286395295573335318e-01,3.874029450236909922e-01,3.892633510066312308e-01,2.142376525254318931e-01,1.004284753050508572e+00,1.006427129575762969e+00,1.007512087169917914e+00,1.004844542552606246e+00,1.000042089935231804e+00,-2.647655200648549312e-01,4.802250490962242102e-01,4.284753050508571803e-01,6.427129575762968727e-01,7.512087169917913698e-01,4.844542552606245778e-01,4.208993523180382113e-03
1.378474920245846835e+00,4.204374792804780880e-01,5.190821021206014629e-01,5.177140579075402149e-01,9.213819021096862905e-01,9.282457182534308293e-01,3.878792850830121153e-01,3.897389104586814756e-01,2.124041728629079140e-01,1.004248083457258245e+00,1.006372125185887256e+00,1.007447680709996796e+00,1.004792545878865573e+00,9.999982139159605543e-01,-2.635506420800080019e-01,4.794340525999917224e-01,4.248083457258244877e-01,6.372125185887256293e-01,7.447680709996795656e-01,4.792545878865572817e-01,-1.786084039445690053e-04
1.374264230189884195e+00,4.211831131870373279e-01,5.199300741794867786e-01,5.185660920653610839e-01,9.210079229067974493e-01,9.278503465393231897e-01,3.883552310359060789e-01,3.902140515916005525e-01,2.105764945162112711e-01,1.004211529890324250e+00,1.006317294835486376e+00,1.007383480046080360e+00,1.004740714956915415e+00,9.999545400703693243e-01,-2.623395302297573672e-01,4.786392475611106478e-01,4.211529890324250403e-01,6.317294835486375604e-01,7.383480046080359571e-01,4.740714956915415002e-01,-4.545992963067568837e-03
1.370060994452904080e+00,4.219300694541138763e-01,5.207790856648273348e-01,5.194191638648335552e-01,9.206323749156439806e-01,9.274534101388709484e-01,3.888307761044682009e-01,3.906887676773338480e-01,2.087547529578746008e-01,1.004175095059157474e+00,1.006262642588736211e+00,1.007319489917590349e+00,1.004689054534132708e+00,9.999110727974871438e-01,-2.611321839581367543e-01,4.778406666982696338e-01,4.175095059157474253e-01,6.262642588736211380e-01,7.319489917590349393e-01,4.689054534132708341e-01,-8.892720251285624045e-03
1.365865199838287580e+00,4.226783504268765146e-01,5.216291356933266954e-01,5.202732723699263762e-01,9.202552535095664954e-01,9.270549047849279134e-01,3.893059134819105704e-01,3.911630519620055146e-01,2.069390834586961880e-01,1.004138781669174030e+00,1.006208172503760823e+00,1.007255715056333045e+00,1.004637569351118698e+00,9.998678164840399951e-01,-2.599286026456641419e-01,4.770383433133331685e-01,4.138781669174029787e-01,6.208172503760822636e-01,7.255715056333045254e-01,4.637569351118697725e-01,-1.321835159600048826e-02
1.361676833172778878e+00,4.234279584546530861e-01,5.224802233667851237e-01,5.211284166298243425e-01,9.198765540664033402e-01,9.266548262194874708e-01,3.897806363326097312e-01,3.916368976659688750e-01,2.051296209721690800e-01,1.004102592419443329e+00,1.006153888629164994e+00,1.007192160182446061e+00,1.004586264137663498e+00,9.998247755004692205e-01,-2.587287856083698157e-01,4.762323112878159570e-01,4.102592419443329419e-01,6.153888629164994128e-01,7.192160182446061256e-01,4.586264137663498275e-01,-1.752244995307794539e-02
1.357495881306441277e+00,4.241788958909379348e-01,5.233323477720366323e-01,5.219845956788713437e-01,9.194962719686915475e-01,9.262531701938236939e-01,3.902549377921555318e-01,3.921102979838556046e-01,2.033265000202401085e-01,1.004066530000404800e+00,1.006099795000607200e+00,1.007128830000391551e+00,1.004535143608753733e+00,9.997819541970028867e-01,-2.575327320971125822e-01,4.754226050787889180e-01,4.066530000404799949e-01,6.099795000607199924e-01,7.128830000391550570e-01,4.535143608753733346e-01,-2.180458029971132916e-02
1.353322331112620791e+00,4.249311650933991769e-01,5.241855079808864781e-01,5.228418085365150736e-01,9.191144026038691184e-01,9.258499324686300103e-01,3.907288109674025844e-01,3.925832460846255256e-01,2.015298545805378760e-01,1.004030597091610799e+00,1.006045895637416088e+00,1.007065729195004922e+00,1.004484212460639014e+00,9.997393568997842150e-01,-2.563404412966716617e-01,4.746092597143166669e-01,4.030597091610799154e-01,6.045895637416087709e-01,7.065729195004921692e-01,4.484212460639014353e-01,-2.606431002157849619e-02
1.349156169487899515e+00,4.256847684238861951e-01,5.250397030500477680e-01,5.237000542072499654e-01,9.187309413644799694e-01,9.254451088141537607e-01,3.912022489365237776e-01,3.930557351116152343e-01,1.997398179752056802e-01,1.003994796359504171e+00,1.005992194539256257e+00,1.007002862427597734e+00,1.004433475366945938e+00,9.996969879070619625e-01,-2.551519123250198806e-01,4.737923107881217843e-01,3.994796359504171335e-01,5.992194539256257002e-01,7.002862427597733586e-01,4.433475366945938134e-01,-3.030120929380375472e-02
1.344997383352057430e+00,4.264397082484371881e-01,5.258949320210797307e-01,5.245593316805624573e-01,9.183458836483785470e-01,9.250386950103275385e-01,3.916752447490660649e-01,3.935277581825877280e-01,1.979565227614774603e-01,1.003959130455229554e+00,1.005938695682844219e+00,1.006940234332122763e+00,1.004382936974861584e+00,9.996548514854447509e-01,-2.539671442324790696e-01,4.729717944539767460e-01,3.959130455229553647e-01,5.938695682844219448e-01,6.940234332122763306e-01,4.382936974861584289e-01,-3.451485145552490863e-02
1.340845959648031993e+00,4.271959869372862761e-01,5.267511939203246563e-01,5.254196399308741494e-01,9.179592248589371062e-01,9.246306868468974205e-01,3.921477914260075859e-01,3.939993083897804782e-01,1.961801006241207790e-01,1.003923602012482430e+00,1.005885403018723645e+00,1.006877849511408352e+00,1.004332601901378075e+00,9.996129518662290048e-01,-2.527861360010348890e-01,4.721477474194179513e-01,3.923602012482430013e-01,5.885403018723645019e-01,6.877849511408351546e-01,4.332601901378074771e-01,-3.870481337709952285e-02
1.336701885341874618e+00,4.279536068648712166e-01,5.276084877588453903e-01,5.262809779174865144e-01,9.175709604052543211e-01,9.242210801235481998e-01,3.926198819598174516e-01,3.944703787999544464e-01,1.944106822698696557e-01,1.003888213645397487e+00,1.005832320468096119e+00,1.006815712533459806e+00,1.004282474729609742e+00,9.995712932417988306e-01,-2.516088865434709110e-01,4.713202069390829418e-01,3.888213645397486928e-01,5.832320468096119370e-01,6.815712533459805655e-01,4.282474729609742070e-01,-4.287067582011694356e-02
1.332565147422712037e+00,4.287125704098407319e-01,5.284668125323637167e-01,5.271433445845252752e-01,9.171810857023645625e-01,9.238098706500252888e-01,3.930915093145181949e-01,3.949409624544427677e-01,1.926483973239687952e-01,1.003852967946479380e+00,1.005779451919718959e+00,1.006753827927836298e+00,1.004232560005180241e+00,9.995298797621037235e-01,-2.504353947027451732e-01,4.704892108073487900e-01,3.852967946479379791e-01,5.779451919718958663e-01,6.753827927836297818e-01,4.232560005180241447e-01,-4.701202378962765493e-02
1.328435732902704558e+00,4.294728799550620035e-01,5.293261672211979629e-01,5.280067388608850054e-01,9.167895961714501718e-01,9.233970542462542896e-01,3.935626664257496632e-01,3.954110523691994339e-01,1.908933742289382340e-01,1.003817867484578796e+00,1.005726801226868083e+00,1.006692200182110142e+00,1.004182862232696039e+00,9.994887155312248694e-01,-2.492656592511866276e-01,4.696547973506757789e-01,3.817867484578796322e-01,5.726801226868083461e-01,6.692200182110141782e-01,4.182862232696038518e-01,-5.112844687751305628e-02
1.324313628817003874e+00,4.302345378876282767e-01,5.301865507902008279e-01,5.288711596601735065e-01,9.163964872400531814e-01,9.229826267424571240e-01,3.940333462008347443e-01,3.958806415348473662e-01,1.891457401456665965e-01,1.003782914802913373e+00,1.005674372204369948e+00,1.006630833738402897e+00,1.004133385872292283e+00,9.994478046040179420e-01,-2.480996788897861516e-01,4.688170054194028546e-01,3.782914802913373009e-01,5.674372204369948491e-01,6.630833738402897026e-01,4.133385872292283381e-01,-5.521953959820580238e-02
1.320198822223715762e+00,4.309975465988660215e-01,5.310479621886979862e-01,5.297366058806567413e-01,9.160017543422902531e-01,9.225665839792667189e-01,3.945035415188486994e-01,3.963497229167278757e-01,1.874056208569360171e-01,1.003748112417138794e+00,1.005622168625708079e+00,1.006569732990011401e+00,1.004084135336271055e+00,9.994071509828520439e-01,-2.469374522475389633e-01,4.679758743790564668e-01,3.748112417138793617e-01,5.622168625708079404e-01,6.569732990011400986e-01,4.084135336271055294e-01,-5.928490171479561255e-02
1.316091300203856118e+00,4.317619084843428712e-01,5.319104003504262490e-01,5.306030764052033222e-01,9.156053929190680618e-01,9.221489218078382510e-01,3.949732452306892183e-01,3.968182894549490136e-01,1.856731406734708489e-01,1.003713462813469404e+00,1.005570194220204217e+00,1.006508902278121731e+00,1.004035114985823318e+00,9.993667586144394654e-01,-2.457789778807958347e-01,4.671314441012766605e-01,3.713462813469403656e-01,5.570194220204216506e-01,6.508902278121730944e-01,4.035114985823318179e-01,-6.332413855605345532e-02
1.311991049861312320e+00,4.325276259438747273e-01,5.327738641934718355e-01,5.314705701012298888e-01,9.152073984183002331e-01,9.217296360899589480e-01,3.954424501591492502e-01,3.972863340644349761e-01,1.839484223426026410e-01,1.003678968446852116e+00,1.005518452670278062e+00,1.006448345888615759e+00,1.003986329127848132e+00,9.993266313867587014e-01,-2.446242542724783031e-01,4.662837549543906723e-01,3.678968446852115548e-01,5.518452670278062300e-01,6.448345888615758525e-01,3.986329127848131648e-01,-6.733686132412985970e-02
1.307898058322801926e+00,4.332947013815337534e-01,5.336383526202099770e-01,5.323390858206455967e-01,9.148077662951263900e-01,9.213087226981556688e-01,3.959111490989932203e-01,3.977538496349752872e-01,1.822315869596342619e-01,1.003644631739192716e+00,1.005466947608788963e+00,1.006388068048972961e+00,1.003937782011859126e+00,9.992867731260779429e-01,-2.434732798317192082e-01,4.654328477931597985e-01,3.644631739192716324e-01,5.466947608788963464e-01,6.388068048972961321e-01,3.937782011859125575e-01,-7.132268739220570808e-02
1.303812312737832269e+00,4.340631372056553694e-01,5.345038645172424108e-01,5.332086223997979380e-01,9.144064920121315332e-01,9.208861775157999308e-01,3.963793348170329689e-01,3.982208290312747589e-01,1.805227538819809963e-01,1.003610455077639685e+00,1.005415682616459527e+00,1.006328072925270156e+00,1.003889477826997334e+00,9.992471875940789339e-01,-2.423260528928673496e-01,4.645787639488864751e-01,3.610455077639684873e-01,5.415682616459527310e-01,6.328072925270156190e-01,3.889477826997334020e-01,-7.528124059210661301e-02
1.299733800278660922e+00,4.348329358288463564e-01,5.353703987553374288e-01,5.340791786594172308e-01,9.140035710395677526e-01,9.204619964372119378e-01,3.968470000522084651e-01,3.986872650930032291e-01,1.788220406461604461e-01,1.003576440812923298e+00,1.005364661219384725e+00,1.006268364619281819e+00,1.003841420699136178e+00,9.992078784850817463e-01,-2.411825717152287774e-01,4.637215452183491848e-01,3.576440812923298296e-01,5.364661219384725399e-01,6.268364619281818761e-01,3.841420699136177674e-01,-7.921215149182536663e-02
1.295662508140254410e+00,4.356040996679920729e-01,5.362379541893688151e-01,5.349507534045626622e-01,9.135989988555771601e-01,9.200361753677629428e-01,3.973141375156696853e-01,3.991531506348465208e-01,1.771295628876956296e-01,1.003542591257753802e+00,1.005313886886630925e+00,1.006208947165683876e+00,1.003793614688092806e+00,9.991688494233781359e-01,-2.400428344823176685e-01,4.628612338528493853e-01,3.542591257753802125e-01,5.313886886630925233e-01,6.208947165683875724e-01,3.793614688092805665e-01,-8.311505766218640900e-02
1.291598423540247786e+00,4.363766311442641710e-01,5.371065296582547832e-01,5.358233454245672212e-01,9.131927709464155996e-01,9.196087102239755007e-01,3.977807398908602687e-01,3.996184784465571793e-01,1.754454342639931996e-01,1.003508908685279755e+00,1.005263363027919743e+00,1.006149824529360970e+00,1.003746063784942244e+00,9.991301039606684808e-01,-2.389068393013234759e-01,4.619978725468543157e-01,3.508908685279754636e-01,5.263363027919742976e-01,6.149824529360969905e-01,3.746063784942244013e-01,-8.698960393315191553e-02
1.287541533718906894e+00,4.371505326831280902e-01,5.379761239848982468e-01,5.366969534929836305e-01,9.127848828066791320e-01,9.191795969336232774e-01,3.982467998336052806e-01,4.000832412930064863e-01,1.737697663802482972e-01,1.003475395327604991e+00,1.005213092991407375e+00,1.006091000602820973e+00,1.003698771909437237e+00,9.990916455736091883e-01,-2.377745842026484646e-01,4.611315044260252960e-01,3.475395327604990925e-01,5.213092991407375365e-01,6.091000602820972887e-01,3.698771909437237326e-01,-9.083544263908116534e-02
1.283491825939084841e+00,4.379258067143509958e-01,5.388467359761260900e-01,5.375715763675298353e-01,9.123753299395301886e-01,9.187488314358295272e-01,3.987123099721992525e-01,4.005474319142365291e-01,1.721026687184229742e-01,1.003442053374368426e+00,1.005163080061552749e+00,1.006032479203718744e+00,1.003651742907538669e+00,9.990534776614692358e-01,-2.366460671393491033e-01,4.602621730352978169e-01,3.442053374368425622e-01,5.163080061552749456e-01,6.032479203718743577e-01,3.651742907538668703e-01,-9.465223385307641735e-02
1.279449287486183806e+00,4.387024556720089397e-01,5.397183644226293264e-01,5.384472127900350458e-01,9.119641078569268311e-01,9.183164096811642363e-01,3.991772629074978318e-01,4.010110430255138247e-01,1.704442485693420384e-01,1.003408884971386916e+00,1.005113327457080263e+00,1.005974264072488245e+00,1.003604980549050119e+00,9.990156035438996218e-01,-2.355212859866481490e-01,4.593899223265475729e-01,3.408884971386916263e-01,5.113327457080263372e-01,5.974264072488244537e-01,3.604980549050118555e-01,-9.843964561003781810e-02
1.275413905668116854e+00,4.394804819944948537e-01,5.405910080989029254e-01,5.393238614863854474e-01,9.115512120798519025e-01,9.178823276317407132e-01,3.996416512130114840e-01,4.014740673173827212e-01,1.687946109679384910e-01,1.003375892219358745e+00,1.005063838329038228e+00,1.005916358870085237e+00,1.003558488525366332e+00,9.989780264588125069e-01,-2.344002385414537537e-01,4.585147966457950308e-01,3.375892219358744839e-01,5.063838329038228281e-01,5.916358870085236532e-01,3.558488525366332311e-01,-1.021973541187493062e-01
1.271385667815263520e+00,4.402598881245260998e-01,5.414646657631867477e-01,5.402015211664701333e-01,9.111366381385452851e-01,9.174465812613125104e-01,4.001054674350019158e-01,4.019364974557206316e-01,1.671538586316789476e-01,1.003343077172633491e+00,1.005014615758950347e+00,1.005858767175845436e+00,1.003512270447333377e+00,9.989407495603778164e-01,-2.332829225220504343e-01,4.576368407202960342e-01,3.343077172633490690e-01,5.014615758950347058e-01,5.858767175845436270e-01,3.512270447333376566e-01,-1.059250439622183571e-01
1.267364561280435620e+00,4.410406765091520187e-01,5.423393361574055938e-01,5.410801905241278131e-01,9.107203815727352714e-01,9.170091665553674609e-01,4.005687040925800524e-01,4.023983260817936003e-01,1.655220919021949677e-01,1.003310441838043854e+00,1.004965662757065781e+00,1.005801492485449034e+00,1.003466329843217819e+00,9.989037759171276454e-01,-2.321693355674892545e-01,4.567560996454387845e-01,3.310441838043853835e-01,4.965662757065780752e-01,5.801492485449033509e-01,3.466329843217819118e-01,-1.096224082872354622e-01
1.263350573438831947e+00,4.418228495997619243e-01,5.432150180071102508e-01,5.419598682370924125e-01,9.103024379318735981e-01,9.165700795112249333e-01,4.010313536778071786e-01,4.028595458123134798e-01,1.638994086901318370e-01,1.003277988173802537e+00,1.004916982260704028e+00,1.005744538209005334e+00,1.003420670156791150e+00,9.988671085101810121e-01,-2.310594752373744953e-01,4.558726188713639327e-01,3.277988173802537375e-01,4.916982260704028107e-01,5.744538209005334295e-01,3.420670156791150163e-01,-1.132891489818987907e-01
1.259343691688003641e+00,4.426064098520923751e-01,5.440917100214183177e-01,5.428405529669400043e-01,9.098828027753709247e-01,9.161293161381292016e-01,4.014934086557984672e-01,4.033201492394954402e-01,1.622859044232352055e-01,1.003245718088464633e+00,1.004868577132697061e+00,1.005687907669245540e+00,1.003375294745526558e+00,9.988307502315796338e-01,-2.299533390113702169e-01,4.549864441891855460e-01,3.245718088464633055e-01,4.868577132697060605e-01,5.687907669245539921e-01,3.375294745526558060e-01,-1.169249768420366209e-01
1.255343903447811105e+00,4.433913597262352790e-01,5.449694108929558078e-01,5.437222433590352955e-01,9.094614716728328663e-01,9.156868724573461460e-01,4.019548614648287277e-01,4.037801289311178654e-01,1.606816719976727481e-01,1.003213633439953512e+00,1.004820450159930267e+00,1.005631604099833432e+00,1.003330206878909170e+00,9.987947038827386104e-01,-2.288509242889384954e-01,4.540976217173702811e-01,3.213633439953511584e-01,4.820450159930267375e-01,5.631604099833431576e-01,3.330206878909169887e-01,-1.205296117261389632e-01
1.251351196160385815e+00,4.441777016866453320e-01,5.458481192977984175e-01,5.446049380424777819e-01,9.090384402042984702e-01,9.152427445022581765e-01,4.024157045164405422e-01,4.042394774305820282e-01,1.590868017325996198e-01,1.003181736034651994e+00,1.004772604051977991e+00,1.005575630643786855e+00,1.003285409736857980e+00,9.987589721730116832e-01,-2.277522283890829058e-01,4.532061978875818742e-01,3.181736034651994061e-01,4.772604051977991091e-01,5.575630643786855245e-01,3.285409736857980434e-01,-1.241027826988316818e-01
1.247365557290091687e+00,4.449654382021479559e-01,5.467278338954127959e-01,5.454886356300493455e-01,9.086137039604802457e-01,9.147969283184598233e-01,4.028759301955550098e-01,4.046981872569743177e-01,1.575013813279582953e-01,1.003150027626559249e+00,1.004725041439838762e+00,1.005519990352014670e+00,1.003240906408264133e+00,9.987235577183716240e-01,-2.266572485498341838e-01,4.523122194306293253e-01,3.150027626559248617e-01,4.725041439838761903e-01,5.519990352014669810e-01,3.240906408264132565e-01,-1.276442281628376030e-01
1.243386974323483773e+00,4.457545717459469037e-01,5.476085533285993678e-01,5.463733347181605193e-01,9.081872585430044165e-01,9.143494199638545483e-01,4.033355308605852674e-01,4.051562509051295780e-01,1.559254958255046342e-01,1.003118509916510082e+00,1.004677764874765122e+00,1.005464686181967382e+00,1.003196699889639110e+00,9.986884630402032004e-01,-2.255659819282698764e-01,4.514157333621199863e-01,3.118509916510081581e-01,4.677764874765122372e-01,5.464686181967381984e-01,3.196699889639109671e-01,-1.311536959796799628e-01
1.239415434769270963e+00,4.465451047956320862e-01,5.484902762234339368e-01,5.472590338867980853e-01,9.077590995646536154e-01,9.139002155087517787e-01,4.037944988435521187e-01,4.056136608456957227e-01,1.543592275730468755e-01,1.003087184551460842e+00,1.004630776827191374e+00,1.005409720996397693e+00,1.003152793083874839e+00,9.986536905642074968e-01,-2.244784256000721956e-01,4.505167869680234971e-01,3.087184551460842030e-01,4.630776827191374068e-01,5.409720996397693327e-01,3.152793083874838587e-01,-1.346309435792503173e-01
1.235450926158274676e+00,4.473370398331874553e-01,5.493730011892102860e-01,5.481457316994718942e-01,9.073292226496100232e-01,9.134493110359646062e-01,4.042528264502021629e-01,4.060704095251999601e-01,1.528026561918751913e-01,1.003056053123837499e+00,1.004584079685756359e+00,1.005355097562237399e+00,1.003109188799119922e+00,9.986192426194219207e-01,-2.233945765594159971e-01,4.496154277901371898e-01,3.056053123837498831e-01,4.584079685756359268e-01,5.355097562237398634e-01,3.109188799119921853e-01,-1.380757380578079285e-01
1.231493436043392897e+00,4.481303793449985529e-01,5.502567268183828908e-01,5.490334267031625748e-01,9.068976234337005060e-01,9.129967026409087083e-01,4.047105059601287524e-01,4.065264893661170720e-01,1.512558585473606498e-01,1.003025117170947222e+00,1.004537675756420834e+00,1.005300818549581088e+00,1.003065889747758899e+00,9.985851214373466789e-01,-2.223144317187197294e-01,4.487117036114764423e-01,3.025117170947222434e-01,4.537675756420833650e-01,5.300818549581087780e-01,3.065889747758898665e-01,-1.414878562653321126e-01
1.227542951999557985e+00,4.489251258218604490e-01,5.511414516865102975e-01,5.499221174282686864e-01,9.064642975646430845e-01,9.125423864317023792e-01,4.051675296268956727e-01,4.069818927669389685e-01,1.497189087226917514e-01,1.002994378174453916e+00,1.004491567261680762e+00,1.005246886530783090e+00,1.003022898545508301e+00,9.985513291511850520e-01,-2.212379879086230350e-01,4.478056624414296638e-01,2.994378174453915520e-01,4.491567261680762257e-01,5.246886530783090308e-01,3.022898545508301282e-01,-1.448670848814948009e-01
1.223599461623698037e+00,4.497212817589857359e-01,5.520271743521975027e-01,5.508118023885549830e-01,9.060292407022937367e-01,9.120863585292676712e-01,4.056238896781623193e-01,4.074366121022465204e-01,1.481918779957173971e-01,1.002963837559914362e+00,1.004445756339871432e+00,1.005193303979661223e+00,1.002980217710617072e+00,9.985178677951886961e-01,-2.201652418775861264e-01,4.468973525012259751e-01,2.963837559914361819e-01,4.445756339871431706e-01,5.193303979661223480e-01,2.980217710617072413e-01,-1.482132204811303922e-01
1.219662952534699141e+00,4.505188496560120770e-01,5.529138933570405534e-01,5.517024800810994556e-01,9.055924485188961981e-01,9.116286150674335342e-01,4.060795783158130390e-01,4.078906397227824443e-01,1.466748348188589846e-01,1.002933496696377214e+00,1.004400245044565709e+00,1.005140073270810674e+00,1.002937849663174896e+00,9.984847393041131891e-01,-2.190961902921176041e-01,4.459868222087545742e-01,2.933496696377213553e-01,4.400245044565709307e-01,5.140073270810674444e-01,2.937849663174896264e-01,-1.515260695886810893e-01
1.215733412373367628e+00,4.513178320170100899e-01,5.538016072255694811e-01,5.525941489862420397e-01,9.051539166993312069e-01,9.111691521930395110e-01,4.065345877160878585e-01,4.083439679555276314e-01,1.451678448020492229e-01,1.002903356896041043e+00,1.004355035344061564e+00,1.005087196679021133e+00,1.002895796724527555e+00,9.984519455127760512e-01,-2.180308297364023651e-01,4.450741201640123212e-01,2.903356896041042745e-01,4.355035344061564118e-01,5.087196679021133150e-01,2.895796724527555099e-01,-1.548054487223948783e-01
1.211810828802387441e+00,4.521182313504914507e-01,5.546903144651930129e-01,5.534868075675325461e-01,9.047136409413686353e-01,9.107079660660416520e-01,4.069889100297159334e-01,4.087965891037777522e-01,1.436709706986519230e-01,1.002873419413973011e+00,1.004310129120959516e+00,1.005034676378799174e+00,1.002854061116793094e+00,9.984194881557193479e-01,-2.169691567123959719e-01,4.441592951340695983e-01,2.873419413973010705e-01,4.310129120959516058e-01,5.034676378799174401e-01,2.854061116793094044e-01,-1.580511844280652056e-01
1.207895189506285050e+00,4.529200501694164993e-01,5.555800135661428385e-01,5.543804542716787020e-01,9.042716169559198436e-01,9.102450528596206514e-01,4.074425373820526608e-01,4.092484954472233039e-01,1.421842723943168574e-01,1.002843685447886379e+00,1.004265528171829569e+00,1.004982514443996111e+00,1.002812644962483901e+00,9.983873688669763213e-01,-2.159111676398212665e-01,4.432423960381003392e-01,2.843685447886379336e-01,4.265528171829569004e-01,4.982514443996111098e-01,2.812644962483901168e-01,-1.612631133023678665e-01
1.203986482191389040e+00,4.537232909912023437e-01,5.564707030014179878e-01,5.552750875284950816e-01,9.038278404672920319e-01,9.097804087602915368e-01,4.078954618732179016e-01,4.096996792420316558e-01,1.407078068987145381e-01,1.002814156137974200e+00,1.004221234206961411e+00,1.004930712847531771e+00,1.002771550284228042e+00,9.983555891799328341e-01,-2.148568588560285098e-01,4.423234719327525100e-01,2.814156137974199723e-01,4.221234206961410607e-01,4.930712847531770748e-01,2.771550284228041505e-01,-1.644410820067165879e-01
1.200084694585791478e+00,4.545279563377305765e-01,5.573623812267304301e-01,5.561707057508517016e-01,9.033823072134430365e-01,9.093140299680142480e-01,4.083476755782383116e-01,4.101501327209304271e-01,1.392416283400968458e-01,1.002784832566801843e+00,1.004177248850202986e+00,1.004879273461222189e+00,1.002730779004586958e+00,9.983241505272929528e-01,-2.138062266161383784e-01,4.414025719969525419e-01,2.784832566801842546e-01,4.177248850202985864e-01,4.879273461222188857e-01,2.730779004586958436e-01,-1.675849472707047205e-01
1.196189814439311050e+00,4.553340487353552679e-01,5.582550466804497846e-01,5.570673073346227300e-01,9.029350129462380137e-01,9.088459126963094326e-01,4.087991705471906156e-01,4.105998480932945283e-01,1.377857879626259996e-01,1.002755715759252597e+00,1.004133573638878785e+00,1.004828198055701449e+00,1.002690332945974205e+00,9.982930542411340147e-01,-2.127592670930079921e-01,4.404797455174991883e-01,2.755715759252597152e-01,4.133573638878784706e-01,4.828198055701449221e-01,2.690332945974205359e-01,-1.706945758865985319e-01
1.192301829523451318e+00,4.561415707149109044e-01,5.591486977835495864e-01,5.579648906586356372e-01,9.024859534317072329e-01,9.083760531723731324e-01,4.092499388053496001e-01,4.110488175452346460e-01,1.363403341264073920e-01,1.002726806682528116e+00,1.004090210023792284e+00,1.004777488300437227e+00,1.002650213830661663e+00,9.982623015530579513e-01,-2.117159763773981407e-01,4.395550418739687659e-01,2.726806682528115644e-01,4.090210023792284488e-01,4.777488300437227053e-01,2.650213830661662939e-01,-1.737698446942048669e-01
1.188420727631366525e+00,4.569505248117204377e-01,5.600433329395527737e-01,5.588634540846207921e-01,9.020351244503052035e-01,9.079044476371956884e-01,4.096999723533372162e-01,4.114970332396888364e-01,1.349053123101689455e-01,1.002698106246203480e+00,1.004047159369304998e+00,1.004727145763842922e+00,1.002610423280886565e+00,9.982318935944355376e-01,-2.106763504779244622e-01,4.386285105242287985e-01,2.698106246203479941e-01,4.047159369304997867e-01,4.727145763842921511e-01,2.610423280886564612e-01,-1.768106405564462413e-01
1.184546496577818964e+00,4.577609135656030559e-01,5.609389505344781757e-01,5.597629959571603919e-01,9.015825217971707994e-01,9.074310923456833100e-01,4.101492631672751243e-01,4.119444873165158394e-01,1.334807651165121622e-01,1.002669615302330230e+00,1.004004422953495457e+00,1.004677171913474831e+00,1.002570962819040234e+00,9.982018313967344625e-01,-2.096403853213084090e-01,4.377002009896459045e-01,2.669615302330230477e-01,4.004422953495456738e-01,4.677171913474831300e-01,2.570962819040234493e-01,-1.798168603265537513e-01
1.180679124199144781e+00,4.585727395208822332e-01,5.618355489367873323e-01,5.606635146036382800e-01,9.011281412823887171e-01,9.069559835667811987e-01,4.105978031989397370e-01,4.123911718925917791e-01,1.320667322796755527e-01,1.002641334645593574e+00,1.003962001968390361e+00,1.004627568116321257e+00,1.002531833867948086e+00,9.981721158919371062e-01,-2.086080767525301249e-01,4.367701628406260306e-01,2.641334645593573782e-01,3.962001968390360673e-01,4.627568116321256753e-01,2.531833867948085626e-01,-1.827884108062893809e-01
1.176818598353212675e+00,4.593860052263937233e-01,5.627331264973309821e-01,5.615650083341904297e-01,9.006719787312519321e-01,9.064791175836000026e-01,4.110455843759197592e-01,4.128370790619098063e-01,1.306632506757320344e-01,1.002613265013514665e+00,1.003919897520271887e+00,1.004578335639173758e+00,1.002493037751235772e+00,9.981427479130402514e-01,-2.075794205348052424e-01,4.358384456823757303e-01,2.613265013514665114e-01,3.919897520271886648e-01,4.578335639173758409e-01,2.493037751235771537e-01,-1.857252086959748638e-01
1.172964906919387040e+00,4.602007132354936636e-01,5.636316815492968813e-01,5.624674754416540967e-01,9.002140299845255988e-01,9.060004906935456015e-01,4.114925986017767823e-01,4.132822008956810733e-01,1.292703543351546025e-01,1.002585407086703073e+00,1.003878110630054721e+00,1.004529475649083459e+00,1.002454575693773720e+00,9.981137281946352857e-01,-2.065544123500374363e-01,4.349050991403575761e-01,2.585407086703073176e-01,3.878110630054720787e-01,4.529475649083458677e-01,2.454575693773719536e-01,-1.886271805364714282e-01
1.169118037798490217e+00,4.610168661060663475e-01,5.645312124081575123e-01,5.633709142015188576e-01,8.997542908987122834e-01,9.055200992084505573e-01,4.119388377562090975e-01,4.137265294424399276e-01,1.278880744576730288e-01,1.002557761489153432e+00,1.003836642233730148e+00,1.004480989213894837e+00,1.002416448822202932e+00,9.980850573735676745e-01,-2.055330477989153748e-01,4.339701728460985675e-01,2.557761489153431711e-01,3.836642233730147566e-01,4.480989213894837064e-01,2.416448822202932334e-01,-1.914942626432325490e-01
1.165277978912764301e+00,4.618344664005325506e-01,5.654317173716174594e-01,5.642753228718770941e-01,8.992927573463178614e-01,9.050379394547092282e-01,4.123842936952166749e-01,4.141700567281517142e-01,1.265164394293466221e-01,1.002530328788586944e+00,1.003795493182880305e+00,1.004432877302861016e+00,1.002378658165542946e+00,9.980567359896721502e-01,-2.045153224010514137e-01,4.330337164234615566e-01,2.530328788586944100e-01,3.795493182880305127e-01,4.432877302861015778e-01,2.378658165542946179e-01,-1.943264010327849789e-01
1.161444718205831617e+00,4.626535166858573578e-01,5.663331947195627825e-01,5.651806996933745886e-01,8.988294252161190823e-01,9.045540077734158801e-01,4.128289582512710276e-01,4.146127747563224109e-01,1.251554748417784690e-01,1.002503109496835521e+00,1.003754664245253281e+00,1.004385140787326991e+00,1.002341204655863072e+00,9.980287644865771801e-01,-2.035012315954545237e-01,4.320957794742809055e-01,2.503109496835520531e-01,3.754664245253280797e-01,4.385140787326990974e-01,2.341204655863071693e-01,-1.971235513422819885e-01
1.157618243642660083e+00,4.634740195335583235e-01,5.672356427140088364e-01,5.660870428891615624e-01,8.983642904134317986e-01,9.040683005205060185e-01,4.132728232334857421e-01,4.150546755081128691e-01,1.238052035133927198e-01,1.002476104070267882e+00,1.003714156105401711e+00,1.004337780441493910e+00,1.002304089129038456e+00,9.980011432125848181e-01,-2.024907707406496116e-01,4.311564115650639573e-01,2.476104070267881596e-01,3.714156105401711372e-01,4.337780441493910288e-01,2.304089129038455752e-01,-1.998856787415181913e-01
1.153798543209522798e+00,4.642959775197134098e-01,5.681390595990502002e-01,5.669943506648442710e-01,8.978973488603810837e-01,9.035808140669006061e-01,4.137158804277920043e-01,4.154957509424548334e-01,1.224656455126956756e-01,1.002449312910253854e+00,1.003673969365380891e+00,1.004290796943243524e+00,1.002267312325563875e+00,9.979738724216122847e-01,-2.014839351150717606e-01,4.302156622130145491e-01,2.449312910253853559e-01,3.673969365380891361e-01,4.290796943243524453e-01,2.267312325563874964e-01,-2.026127578387715289e-01
1.149985604913960735e+00,4.651193932249693130e-01,5.690434436008098285e-01,5.679026212084362646e-01,8.974285964961709050e-01,9.030915447986538336e-01,4.141581215971144592e-01,4.159359929961708446e-01,1.211368181834436980e-01,1.002422736363668854e+00,1.003634104545503281e+00,1.004244190875036358e+00,1.002230874891441692e+00,9.979469522742009380e-01,-2.004807199173817556e-01,4.292735808730238078e-01,2.422736363668853699e-01,3.634104545503280548e-01,4.244190875036357724e-01,2.230874891441692043e-01,-2.053047725799062029e-01
1.146179416784746330e+00,4.659442692345494019e-01,5.699487929273890918e-01,5.688118526903104266e-01,8.969580292773572383e-01,9.026004891171034439e-01,4.145995384815523432e-01,4.163753935840966425e-01,1.198187361716378657e-01,1.002396374723432793e+00,1.003594562085149189e+00,1.004197962724868720e+00,1.002194777379128876e+00,9.979203828385864172e-01,-1.994811202668008987e-01,4.283302169240875701e-01,2.396374723432792564e-01,3.594562085149188846e-01,4.197962724868720130e-01,2.194777379128876049e-01,-2.079617161413582771e-01
1.142379966871844399e+00,4.667706081382618222e-01,5.708551057688179275e-01,5.697220432631509013e-01,8.964856431781204060e-01,9.021076434390259413e-01,4.150401227985615615e-01,4.168139445992075642e-01,1.185114114542648311e-01,1.002370228229085392e+00,1.003555342343627865e+00,1.004152112887292780e+00,1.002159020248545751e+00,9.978941640918252975e-01,-1.984851312034841275e-01,4.273856196565654630e-01,2.370228229085391547e-01,3.555342343627865276e-01,4.152112887292780385e-01,2.159020248545751031e-01,-2.105835908174702453e-01
1.138587243246375724e+00,4.675984125305076566e-01,5.717623802970057678e-01,5.706331910619056869e-01,8.960114341905386359e-01,9.016130041967934661e-01,4.154798662431403722e-01,4.172516379127471087e-01,1.172148533697045802e-01,1.002344297067394141e+00,1.003516445601091212e+00,1.004106641664495037e+00,1.002123603868144919e+00,9.978682959209796977e-01,-1.974927476889116185e-01,4.264398382591875758e-01,2.344297067394141010e-01,3.516445601091211515e-01,4.106641664495036537e-01,2.123603868144918749e-01,-2.131704079020302345e-01
1.134801234000578418e+00,4.684276850102893630e-01,5.726706146656928009e-01,5.715452942037391182e-01,8.955353983248638405e-01,9.011165678385352207e-01,4.159187604880180689e-01,4.176884653743599407e-01,1.159290686497255196e-01,1.002318581372994455e+00,1.003477872059491682e+00,1.004061549267427633e+00,1.002088528516029031e+00,9.978427781243527361e-01,-1.965039646063574674e-01,4.254929218065059970e-01,2.318581372994454881e-01,3.477872059491682322e-01,4.061549267427633225e-01,2.088528516029031223e-01,-2.157221875647263865e-01
1.131021927247773284e+00,4.692584281812180458e-01,5.735798070104012325e-01,5.724583507879847932e-01,8.950575316097978407e-01,9.006183308283021161e-01,4.163567971838467163e-01,4.181244188122274497e-01,1.146540614529874547e-01,1.002293081229059801e+00,1.003439621843589702e+00,1.004016835816996966e+00,1.002053794381130292e+00,9.978176104127777224e-01,-1.955187767612786565e-01,4.245449192463216503e-01,2.293081229059801274e-01,3.439621843589701911e-01,4.016835816996966457e-01,2.053794381130291669e-01,-2.182389587222277605e-01
1.127249311122322073e+00,4.700906446515227266e-01,5.744899554483872128e-01,5.733723588960990547e-01,8.945778300927689219e-01,9.001182896462347482e-01,4.167939679593939961e-01,4.185594900332068047e-01,1.133898333999693031e-01,1.002267796667999367e+00,1.003401695001999050e+00,1.003972501345294477e+00,1.002019401564429257e+00,9.977927924109479818e-01,-1.945371788817226999e-01,4.235958793877779849e-01,2.267796667999366633e-01,3.401695001999049950e-01,3.972501345294476849e-01,2.019401564429257334e-01,-2.207207589052018193e-01
1.123483373779594174e+00,4.709243370340579493e-01,5.754010580785937634e-01,5.742873165916143607e-01,8.940962898402101677e-01,8.996164407887353720e-01,4.172302644217418255e-01,4.189936708229742846e-01,1.121363836092492822e-01,1.002242727672185030e+00,1.003364091508277545e+00,1.003928545796882510e+00,1.001985350080227821e+00,9.977683236587973070e-01,-1.935591656189268317e-01,4.226458508891830501e-01,2.242727672185029775e-01,3.364091508277544662e-01,3.928545796882509933e-01,1.985350080227821223e-01,-2.231676341202692981e-01
1.119724103395926651e+00,4.717595079463121066e-01,5.763131129816029263e-01,5.752032219200930996e-01,8.936129069378390133e-01,8.991127807686429829e-01,4.176656781564850873e-01,4.194269529461704948e-01,1.108937087350512357e-01,1.002217874174700984e+00,1.003326811262051477e+00,1.003884969030117924e+00,1.001951639857463494e+00,9.977442036129183789e-01,-1.925847315477023924e-01,4.216948822463496560e-01,2.217874174700984469e-01,3.326811262051476703e-01,3.884969030117924049e-01,1.951639857463494110e-01,-2.255796387081621113e-01
1.115971488168590042e+00,4.725961600104155447e-01,5.772261182195896900e-01,5.761200729090821815e-01,8.931276774909373550e-01,8.986073061154122854e-01,4.181002007279354116e-01,4.198593281465505256e-01,1.096618030059860055e-01,1.002193236060119785e+00,1.003289854090179567e+00,1.003841770818521217e+00,1.001918270741064765e+00,9.977204316480222657e-01,-1.916138711669911343e-01,4.207430217809933204e-01,2.193236060119785336e-01,3.289854090179566981e-01,3.841770818521217379e-01,1.918270741064764806e-01,-2.279568351977734331e-01
1.112225516315747953e+00,4.734342958531489454e-01,5.781400718362750268e-01,5.770378675680671865e-01,8.926405976246325480e-01,8.981000133752959913e-01,4.185338236793259559e-01,4.202907881471370510e-01,1.084406582649047185e-01,1.002168813165298156e+00,1.003253219747947123e+00,1.003798950852181182e+00,1.001885242493343986e+00,9.976970070584314509e-01,-1.906465789003423950e-01,4.197903176296818306e-01,2.168813165298155710e-01,3.253219747947122542e-01,3.798950852181182114e-01,1.885242493343985970e-01,-2.302992941568549057e-01
1.108486176076422414e+00,4.742739181059514864e-01,5.790549718568807069e-01,5.779566038884272894e-01,8.921516634841795135e-01,8.975908991115316704e-01,4.189665385330206826e-01,4.207213246503769266e-01,1.072302640097928528e-01,1.002144605280195888e+00,1.003216907920293721e+00,1.003756508739198638e+00,1.001852554795430006e+00,9.976739290596084997e-01,-1.896828490965604408e-01,4.188368177326269315e-01,2.144605280195888142e-01,3.216907920293721190e-01,3.756508739198638480e-01,1.852554795430005896e-01,-2.326070940391500308e-01
1.104753455710457022e+00,4.751150294049291123e-01,5.799708162880836682e-01,5.788762798433906287e-01,8.916608712352441790e-01,8.970799599045308215e-01,4.193983367907257453e-01,4.211509293383018382e-01,1.060306074356266448e-01,1.002120612148712508e+00,1.003180918223068874e+00,1.003714444007160811e+00,1.001820207248728778e+00,9.976511967897139233e-01,-1.887226760301953243e-01,4.178825698230208552e-01,2.120612148712508471e-01,3.180918223068873729e-01,3.714444007160810912e-01,1.820207248728777927e-01,-2.348803210286076748e-01
1.101027343498478750e+00,4.759576323908628614e-01,5.808876031179709409e-01,5.797968933879896758e-01,8.911682170641872514e-01,8.965671923520727171e-01,4.198292099337037619e-01,4.215795938726917269e-01,1.048416734771180497e-01,1.002096833469542370e+00,1.003145250204313443e+00,1.003672756104648123e+00,1.001788199376419719e+00,9.976288093111935762e-01,-1.877660539021273889e-01,4.169276214164260308e-01,2.096833469542369599e-01,3.145250204313443376e-01,3.672756104648122744e-01,1.788199376419719044e-01,-2.371190688806423807e-01
1.097307827741860642e+00,4.768017297092171369e-01,5.818053303159954615e-01,5.807184424590176031e-01,8.906736971783489887e-01,8.960525930695015795e-01,4.202591494229914182e-01,4.220073098952434321e-01,1.036634448522762708e-01,1.002073268897045510e+00,1.003109903345568377e+00,1.003631444402769191e+00,1.001756530624976715e+00,9.976067656123905891e-01,-1.868129768401292912e-01,4.159720198006891523e-01,2.073268897045510428e-01,3.109903345568376665e-01,3.631444402769190560e-01,1.756530624976715416e-01,-2.393234387609410874e-01
1.093594896762688506e+00,4.776473240101479223e-01,5.827239958329321068e-01,5.816409249749839860e-01,8.901773078063355271e-01,8.955361586899271975e-01,4.206881466996196250e-01,4.224340690277411658e-01,1.024959021067146786e-01,1.002049918042134280e+00,1.003074877063201420e+00,1.003590508196719577e+00,1.001725200365715551e+00,9.975850646091800611e-01,-1.858634388995779319e-01,4.150158120257585459e-01,2.049918042134279972e-01,3.074877063201419958e-01,3.590508196719577327e-01,1.725200365715551243e-01,-2.414935390819938910e-01
1.089888538903720061e+00,4.784944179485112192e-01,5.836435976008340631e-01,5.825643388360718378e-01,8.896790451983052073e-01,8.950178858644296520e-01,4.211161931848368400e-01,4.228598628722319841e-01,1.013390236586296650e-01,1.002026780473172618e+00,1.003040170709758927e+00,1.003549946707366747e+00,1.001694207896365096e+00,9.975637051466256233e-01,-1.849174340639906655e-01,4.140590448940086876e-01,2.026780473172618002e-01,3.040170709758927003e-01,3.549946707366746779e-01,1.694207896365096389e-01,-2.436294853374376679e-01
1.086188742528350737e+00,4.793430141838713743e-01,5.845641335329901933e-01,5.834886819240948652e-01,8.891789056262562330e-01,8.944977712622673716e-01,4.215432802803354417e-01,4.232846830112051983e-01,1.001927858443863173e-01,1.002003855716887770e+00,1.003005783575331655e+00,1.003509759082854114e+00,1.001663552442660254e+00,9.975426860006533225e-01,-1.839749562456921561e-01,4.131017649508458289e-01,2.003855716887770200e-01,3.005783575331655300e-01,3.509759082854113643e-01,1.663552442660254371e-01,-2.457313999346677491e-01
1.082495496020576820e+00,4.801931153805093500e-01,5.854856015238820710e-01,5.844139521024543926e-01,8.886768853843151073e-01,8.939758115710887409e-01,4.219693993684802691e-01,4.237085210077741193e-01,9.905716296464162074e-02,1.001981143259292883e+00,1.002971714888939214e+00,1.003469944400222857e+00,1.001633233159950453e+00,9.975220058797410472e-01,-1.830359992864769858e-01,4.121440184754204816e-01,1.981143259292883485e-01,2.971714888939214205e-01,3.469944400222857439e-01,1.633233159950453484e-01,-2.477994120258952826e-01
1.078808787784959033e+00,4.810447242074311625e-01,5.864079994491422365e-01,5.853401472160977281e-01,8.881729807890264006e-01,8.934520034971475955e-01,4.223945418125416018e-01,4.241313684058632405e-01,9.793212733093904776e-02,1.001958642546618705e+00,1.002937963819928280e+00,1.003430501667051722e+00,1.001603249134827234e+00,9.975016634266226090e-01,-1.821005569582310191e-01,4.111858514716416613e-01,1.958642546618705182e-01,2.937963819928279818e-01,3.430501667051721881e-01,1.603249134827233746e-01,-2.498336573377391012e-01
1.075128606246585239e+00,4.818978433383762083e-01,5.873313251655130074e-01,5.862672650914763084e-01,8.876671881796419639e-01,8.929263437655220459e-01,4.228186989569295839e-01,4.245532167303982529e-01,9.681764931271064079e-02,1.001936352986254164e+00,1.002904529479381246e+00,1.003391429823110359e+00,1.001573599386764268e+00,9.974816572200028153e-01,-1.811686229636809142e-01,4.102273096595842605e-01,1.936352986254163966e-01,2.904529479381245949e-01,3.391429823110359010e-01,1.573599386764268360e-01,-2.518342779997184699e-01
1.071454939851035348e+00,4.827524754518257022e-01,5.882555765108051782e-01,5.871953035365042872e-01,8.871595039184122511e-01,8.923988291203375223e-01,4.232418621274326997e-01,4.249740574875004451e-01,9.571369738462529031e-02,1.001914273947692502e+00,1.002871410921538864e+00,1.003352727742021999e+00,1.001544282869767821e+00,9.974619857762788699e-01,-1.802401909370451583e-01,4.092684384670350339e-01,1.914273947692501920e-01,2.871410921538863903e-01,3.352727742021999191e-01,1.544282869767821254e-01,-2.538014223721130058e-01
1.067787777064343580e+00,4.836086232310110589e-01,5.891807513038574973e-01,5.881242603405176794e-01,8.866499243908780858e-01,8.918694563249923712e-01,4.236640226314581925e-01,4.253938821646844337e-01,9.462023817421980065e-02,1.001892404763484290e+00,1.002838607145226657e+00,1.003314394232939222e+00,1.001515298474039861e+00,9.974426475512733203e-01,-1.793152544447187691e-01,4.083092830214265501e-01,1.892404763484289987e-01,2.838607145226657025e-01,3.314394232939221752e-01,1.515298474039861176e-01,-2.557352448726679661e-01
1.064127106372963816e+00,4.844662893639223866e-01,5.901068473444973650e-01,5.890541332742339486e-01,8.861384460061629831e-01,8.913382221623874502e-01,4.240851717582770908e-01,4.258126822310600579e-01,9.353723650975637183e-02,1.001870744730195106e+00,1.002806117095292660e+00,1.003276428042225499e+00,1.001486645027646949e+00,9.974236409419707794e-01,-1.783938069860854236e-01,4.073498881417210171e-01,1.870744730195106342e-01,2.806117095292659513e-01,3.276428042225498771e-01,1.486645027646948947e-01,-2.576359058029220606e-01
1.060472916283732303e+00,4.853254765433167583e-01,5.910338624135006436e-01,5.899849200897122614e-01,8.856250651972661370e-01,8.908051234351596070e-01,4.245053007792701227e-01,4.262304491375385473e-01,9.246465546824692017e-02,1.001849293109364991e+00,1.002773939664047376e+00,1.003238827855141846e+00,1.001458321298194454e+00,9.974049642882537592e-01,-1.774758419940613008e-01,4.063902983311507011e-01,1.849293109364991139e-01,2.773939664047375686e-01,3.238827855141845902e-01,1.458321298194453774e-01,-2.595035711746240814e-01
1.056825195323833011e+00,4.861861874667268157e-01,5.919617942725536874e-01,5.909166185203137411e-01,8.851097784213565189e-01,8.902701569659181580e-01,4.249244009481782380e-01,4.266471743170418551e-01,9.140245642359039191e-02,1.001828049128471898e+00,1.002742073692707736e+00,1.003201592297537692e+00,1.001430325994504766e+00,9.973866158746444999e-01,-1.765613528360112094e-01,4.054305577696674656e-01,1.828049128471898044e-01,2.742073692707736043e-01,3.201592297537692033e-01,1.430325994504766385e-01,-2.613384125355500132e-01
1.053183932040758997e+00,4.870484248364692625e-01,5.928906406642144855e-01,5.918492262806620552e-01,8.845925821600674199e-01,8.897333195974848064e-01,4.253424635013559607e-01,4.270628491847160424e-01,9.035059909476755857e-02,1.001807011981895368e+00,1.002710517972843052e+00,1.003164719937543747e+00,1.001402657768296400e+00,9.973685939320432459e-01,-1.756503328144521370e-01,4.044707103067308185e-01,1.807011981895367825e-01,2.710517972843051737e-01,3.164719937543747363e-01,1.402657768296400320e-01,-2.631406067956754136e-01
1.049549115002279098e+00,4.879121913596532467e-01,5.938203993118751356e-01,5.927827410666055563e-01,8.840734729197911035e-01,8.891946081931372259e-01,4.257594796580261853e-01,4.274774651381494928e-01,8.930904159404408349e-02,1.001786180831880868e+00,1.002679271247821413e+00,1.003128209287264649e+00,1.001375315215865980e+00,9.973508966394648567e-01,-1.747427751677153307e-01,4.035107994549431143e-01,1.786180831880868070e-01,2.679271247821413127e-01,3.128209287264649419e-01,1.375315215865979823e-01,-2.649103360535143281e-01
1.045920732796401076e+00,4.887774897481888536e-01,5.947510679197248740e-01,5.937171605551785358e-01,8.835524472319757905e-01,8.886540196368553080e-01,4.261754406205405243e-01,4.278910135575937912e-01,8.827774047512904065e-02,1.001765554809502579e+00,1.002648332214253868e+00,1.003092058804468722e+00,1.001348296879764010e+00,9.973335221257713101e-01,-1.738386730708463834e-01,4.025508683830479884e-01,1.765554809502578593e-01,2.648332214253867889e-01,3.092058804468722499e-01,1.348296879764010470e-01,-2.666477874228689871e-01
1.042298774031335640e+00,4.896443227187956548e-01,5.956826441727132160e-01,5.946524824045640312e-01,8.830295016534212005e-01,8.881115508335717390e-01,4.265903375746402104e-01,4.283034858061893768e-01,8.725665078124272833e-02,1.001745133015624845e+00,1.002617699523437267e+00,1.003056266894275073e+00,1.001321601250470650e+00,9.973164684713963224e-01,-1.729380196362575173e-01,4.015909599099670713e-01,1.745133015624844575e-01,2.617699523437266862e-01,3.056266894275072588e-01,1.321601250470649802e-01,-2.683531528603677607e-01
1.038683227335459591e+00,4.905126929930113677e-01,5.966151257365139848e-01,5.955887042540561893e-01,8.825046327665764245e-01,8.875671987094250204e-01,4.270041616897217174e-01,4.287148732301943599e-01,8.624572609304637094e-02,1.001724914521860965e+00,1.002587371782791337e+00,1.003020831910837352e+00,1.001295226768066371e+00,9.972997337100667492e-01,-1.720408079145983593e-01,4.006311164985117967e-01,1.724914521860965166e-01,2.587371782791336727e-01,3.020831910837351586e-01,1.295226768066370937e-01,-2.700266289933250796e-01
1.035074081357283404e+00,4.913826032972001823e-01,5.975485102574901175e-01,5.965258237240244066e-01,8.819778371798372429e-01,8.870209602120159298e-01,4.274169041191042129e-01,4.291251671592187233e-01,8.524491857639110437e-02,1.001704898371527763e+00,1.002557347557291756e+00,1.002985752159016641e+00,1.001269171823891968e+00,9.972833158305095536e-01,-1.711470308954538555e-01,3.996713802499689550e-01,1.704898371527763246e-01,2.557347557291755891e-01,2.985752159016641372e-01,1.269171823891968032e-01,-2.716684169490446443e-01
1.031471324765410813e+00,4.922540563625614762e-01,5.984827953626586927e-01,5.974638384158761362e-01,8.814491115278445532e-01,8.864728323106672025e-01,4.278285560003013410e-01,4.295343589064605783e-01,8.425417902984051743e-02,1.001685083580596825e+00,1.002527625370895237e+00,1.002951025896049675e+00,1.001243434762205675e+00,9.972672127781520013e-01,-1.702566815082973140e-01,3.987117928981897541e-01,1.685083580596824504e-01,2.527625370895236756e-01,2.951025896049674913e-01,1.243434762205675170e-01,-2.732787221847998715e-01
1.027874946248508614e+00,4.931270549251381974e-01,5.994179786596567361e-01,5.984027459120223602e-01,8.809184524717833531e-01,8.859228119966863213e-01,4.282391084552943927e-01,4.299424397689480815e-01,8.327345693193088927e-02,1.001665469138638631e+00,1.002498203707957947e+00,1.002916651333206621e+00,1.001218013881827629e+00,9.972514224568088670e-01,-1.693697526231215111e-01,3.977523958047158303e-01,1.665469138638631108e-01,2.498203707957946662e-01,2.916651333206621288e-01,1.218013881827628708e-01,-2.748577543191133010e-01
1.024284934515266698e+00,4.940016017258256897e-01,6.003540577367073583e-01,5.993425437758418406e-01,8.803858566996820567e-01,8.853708962836310814e-01,4.286485525908095284e-01,4.303494010277837956e-01,8.230270048812483863e-02,1.001646054009762477e+00,1.002469081014643715e+00,1.002882626637436436e+00,1.001192907437773671e+00,9.972359427303557622e-01,-1.684862370513250662e-01,3.967932299535622542e-01,1.646054009762476511e-01,2.469081014643714767e-01,2.882626637436436212e-01,1.192907437773671475e-01,-2.764057269644237813e-01
1.020701278294364744e+00,4.948776995103802978e-01,6.012910301625872256e-01,6.002832295516470351e-01,8.798513209267126989e-01,8.848170822075782649e-01,4.290568794985982759e-01,4.307552339483945447e-01,8.134185667742656334e-02,1.001626837133548609e+00,1.002440255700322691e+00,1.002848949933004219e+00,1.001168113642880275e+00,9.972207714243915833e-01,-1.676061275465366984e-01,3.958343359465507083e-01,1.626837133548608705e-01,2.440255700322691013e-01,2.848949933004218948e-01,1.168113642880275194e-01,-2.779228575608416740e-01
1.017123966334436691e+00,4.957553510294276378e-01,6.022288934865935861e-01,6.012248007646495696e-01,8.793148418954906953e-01,8.842613668273956451e-01,4.294640802557199710e-01,4.311599297807836018e-01,8.039087129862008962e-02,1.001607817425972380e+00,1.002411726138958681e+00,1.002815619303108141e+00,1.001143630669410367e+00,9.972059063278778668e-01,-1.667294168054341275e-01,3.948757539987638454e-01,1.607817425972379866e-01,2.411726138958680821e-01,2.815619303108141125e-01,1.143630669410367062e-01,-2.794093672122133221e-01
1.013552987404034322e+00,4.966345590384717568e-01,6.031676452385129616e-01,6.021672549209275971e-01,8.787764163763766012e-01,8.837037472250165449e-01,4.298701459248281398e-01,4.315634797597885375e-01,7.944968901609904266e-02,1.001588993780321957e+00,1.002383490670482935e+00,1.002782632791488826e+00,1.001119456650648720e+00,9.971913451947691520e-01,-1.658560974685199252e-01,3.939175239344285262e-01,1.588993780321956706e-01,2.383490670482935059e-01,2.782632791488826030e-01,1.119456650648720242e-01,-2.808654805230847984e-01
1.009988330291593517e+00,4.975153262979032931e-01,6.041072829285895063e-01,6.031105895073920475e-01,8.782360411677764267e-01,8.831442205057166150e-01,4.302750675544592118e-01,4.319658751053410128e-01,7.851825340525593611e-02,1.001570365068105151e+00,1.002355547602157726e+00,1.002749988404019410e+00,1.001095589682482467e+00,9.971770857456222492e-01,-1.649861621210211848e-01,3.929596851827344417e-01,1.570365068105150641e-01,2.355547602157725962e-01,2.749988404019410027e-01,1.095589682482467353e-01,-2.822914254377750787e-01
1.006429983805398720e+00,4.983976555730084690e-01,6.050478040474951413e-01,6.040548019917550970e-01,8.776937130964446165e-01,8.825827837983943880e-01,4.306788361793251196e-01,4.323671070227322888e-01,7.759650699740135160e-02,1.001551930139948032e+00,1.002327895209921937e+00,1.002717684110278507e+00,1.001072027824960742e+00,9.971631256691857459e-01,-1.641196032937085880e-01,3.920022767741043190e-01,1.551930139948032306e-01,2.327895209921937436e-01,2.717684110278506537e-01,1.072027824960741782e-01,-2.836874330814254108e-01
1.002877936773546530e+00,4.992815496339775838e-01,6.059892060662989133e-01,6.049998898224981936e-01,8.771494290177846986e-01,8.820194342558541623e-01,4.310814428206077853e-01,4.327671667028822333e-01,7.668439132418435056e-02,1.001533687826483776e+00,1.002300531739725553e+00,1.002685717845108293e+00,1.001048769103841884e+00,9.971494626239715275e-01,-1.632564134636554087e-01,3.910453373368597552e-01,1.533687826483776107e-01,2.300531739725553138e-01,2.685717845108293034e-01,1.048769103841884487e-01,-2.850537376028472458e-01
9.993321780439112789e-01,5.001670112559140069e-01,6.069314864364384610e-01,6.059458504288408598e-01,8.766031858161535961e-01,8.814541690550906639e-01,4.314828784862579369e-01,4.331660453226108820e-01,7.578184696148893007e-02,1.001515636939229736e+00,1.002273455408844605e+00,1.002654087510150616e+00,1.001025811512117558e+00,9.971360942398056482e-01,-1.623965850552100132e-01,3.900889050934964186e-01,1.515636939229736413e-01,2.273455408844604619e-01,2.654087510150615614e-01,1.025811512117558166e-01,-2.863905760194351835e-01
9.957926964841119499e-01,5.010540432188422821e-01,6.078746425896907057e-01,6.068926812207102728e-01,8.760549804051624978e-01,8.808869853975780373e-01,4.318831341712950911e-01,4.335637340449158827e-01,7.488881357278211193e-02,1.001497776271455642e+00,1.002246664407183463e+00,1.002622790975366884e+00,1.001003153011521540e+00,9.971230181193562192e-01,-1.615401104407059585e-01,3.891330178580731380e-01,1.497776271455641961e-01,2.246664407183462941e-01,2.622790975366884325e-01,1.003153011521540350e-01,-2.876981880643780798e-01
9.922594809814739847e-01,5.019426483077176204e-01,6.088186719381445400e-01,6.078403795887115102e-01,8.755048097279817254e-01,8.803178805095589476e-01,4.322822008581127529e-01,4.339602240192524940e-01,7.400522995188828224e-02,1.001480104599037801e+00,1.002220156898556702e+00,1.002591826080534210e+00,1.000980791534014314e+00,9.971102318396410924e-01,-1.606869819413855593e-01,3.881777130329998604e-01,1.480104599037801449e-01,2.220156898556702174e-01,2.591826080534209709e-01,9.807915340143136262e-02,-2.889768160358907600e-01
9.887325204429961989e-01,5.028328293124341153e-01,6.097635718741736266e-01,6.087889429040979072e-01,8.749526707576431583e-01,8.797468516423385676e-01,4.326800695167850042e-01,4.343555063818180795e-01,7.313103406517169891e-02,1.001462620681303539e+00,1.002193931021955198e+00,1.002561190636724220e+00,1.000958724983249892e+00,9.970977329535108957e-01,-1.598371918283168214e-01,3.872230276065627974e-01,1.462620681303539172e-01,2.193931021955197735e-01,2.561190636724219871e-01,9.587249832498923041e-02,-2.902267046489104274e-01
9.852118037953165874e-01,5.037245890278335692e-01,6.107093397704089766e-01,6.097383685187427460e-01,8.743985604973446568e-01,8.791738960725791197e-01,4.330767311053763668e-01,4.347495722558400999e-01,7.226616309310499031e-02,1.001445323261862086e+00,1.002167984892793129e+00,1.002530882427757009e+00,1.000936951236020445e+00,9.970855189911095318e-01,-1.589907323230489722e-01,3.862689981505140757e-01,1.445323261862085928e-01,2.167984892793128893e-01,2.530882427757008557e-01,9.369512360204446111e-02,-2.914481008890468239e-01
9.816973199846747988e-01,5.046179302537147082e-01,6.116559729797141909e-01,6.106886537651111668e-01,8.738424759807534858e-01,8.785990111025973048e-01,4.334721765702553853e-01,4.351424127518681573e-01,7.141055347120646435e-02,1.001428211069424146e+00,1.002142316604136107e+00,1.002500899211636209e+00,1.000915468143678044e+00,9.970735874613122496e-01,-1.581475955986627047e-01,3.853156608177519260e-01,1.428211069424145663e-01,2.142316604136107472e-01,2.500899211636209429e-01,9.154681436780442993e-02,-2.926412538687750420e-01
9.781890579768819372e-01,5.055128557948410650e-01,6.126034688351593704e-01,6.116397959562329678e-01,8.732844142723109604e-01,8.780221940606639519e-01,4.338663968464103182e-01,4.355340189680702578e-01,7.056414093032964407e-02,1.001411282818606585e+00,1.002116924227909989e+00,1.002471238721957203e+00,1.000894273533534440e+00,9.970619358531348508e-01,-1.573077737804501053e-01,3.843630513404986404e-01,1.411282818606585110e-01,2.116924227909988687e-01,2.471238721957202955e-01,8.942735335344398351e-02,-2.938064146865149162e-01
9.746870067572808161e-01,5.064093684609508594e-01,6.135518246499970241e-01,6.125917923856750713e-01,8.727243724675366465e-01,8.774434423013062201e-01,4.342593828577683834e-01,4.359243819905316286e-01,6.972686053628794622e-02,1.001394537210725799e+00,1.002091805816088588e+00,1.002441898669294229e+00,1.000873365210234400e+00,9.970505616371205804e-01,-1.564712589469694493e-01,3.834112050282577622e-01,1.394537210725799170e-01,2.091805816088587733e-01,2.441898669294229052e-01,8.733652102344002799e-02,-2.949438362879419628e-01
9.711911553307155387e-01,5.073074710667649923e-01,6.145010377176380878e-01,6.135446403275166549e-01,8.721623476933331176e-01,8.768627532056104679e-01,4.346511255175175559e-01,4.363134928935592516e-01,6.889864672880371965e-02,1.001377972934575977e+00,1.002066959401864077e+00,1.002412876742564185e+00,1.000852740957112186e+00,9.970394622667029250e-01,-1.556380431306766121e-01,3.824601567665095181e-01,1.377972934575977249e-01,2.066959401864076895e-01,2.412876742564185051e-01,8.527409571121857823e-02,-2.960537733297075036e-01
9.677014927214944162e-01,5.082071664319962601e-01,6.154511053116290542e-01,6.144983370363227282e-01,8.715983371082909326e-01,8.762801241815292297e-01,4.350416157284323071e-01,4.367013427399885073e-01,6.807943335976578136e-02,1.001361588667195379e+00,1.002042383000792958e+00,1.002384170610365999e+00,1.000832398537516710e+00,9.970286351795405455e-01,-1.548081183189847498e-01,3.815099410149896952e-01,1.361588667195379188e-01,2.042383000792957759e-01,2.384170610365998755e-01,8.323985375167097800e-02,-2.971364820459454492e-01
9.642180079733562170e-01,5.091084573813583480e-01,6.164020246856291019e-01,6.154528797471201518e-01,8.710323379029926150e-01,8.756955526641876375e-01,4.354308443832000663e-01,4.370879225814942592e-01,6.726915373078654059e-02,1.001345383074615736e+00,1.002018074611923604e+00,1.002355777922290470e+00,1.000812335696114497e+00,9.970180777988220111e-01,-1.539814764549196635e-01,3.805605918068322158e-01,1.345383074615735808e-01,2.018074611923603712e-01,2.355777922290469562e-01,8.123356961144967414e-02,-2.981922201177988896e-01
9.607406901494366380e-01,5.100113467445741566e-01,6.173537930733891121e-01,6.164082656753728795e-01,8.704643473003187415e-01,8.751090361161942832e-01,4.358188023647540099e-01,4.374732234589059909e-01,6.646774063004826094e-02,1.001329354812600991e+00,1.001994032218901376e+00,1.002327696310215011e+00,1.000792550160170880e+00,9.970077875345544349e-01,-1.531581094382020447e-01,3.796121427471893517e-01,1.329354812600991309e-01,1.994032218901375941e-01,2.327696310215010556e-01,7.925501601708795363e-02,-2.992212465445565073e-01
9.572695283322334436e-01,5.109158373563851274e-01,6.183064076887300198e-01,6.173644920169595318e-01,8.698943625557522541e-01,8.745205720279511930e-01,4.362054805466057394e-01,4.378572364025262176e-01,6.567512636842906537e-02,1.001313502527368504e+00,1.001970253791052867e+00,1.002299923389562197e+00,1.000773039640800777e+00,9.969977617848139184e-01,-1.523380091258362823e-01,3.786646270126353131e-01,1.313502527368504147e-01,1.970253791052867243e-01,2.299923389562197329e-01,7.730396408007766951e-02,-3.002238215186081582e-01
9.538045116235704945e-01,5.118219320565602359e-01,6.192598657255230510e-01,6.183215559481496371e-01,8.693223809576838823e-01,8.739301579179681312e-01,4.365908697931824012e-01,4.382399524324525064e-01,6.489124281490160628e-02,1.001297824856298035e+00,1.001946737284447053e+00,1.002272456760539887e+00,1.000753801834197043e+00,9.969879979369753453e-01,-1.515211673332152731e-01,3.777180773503790445e-01,1.297824856298035456e-01,1.946737284447053185e-01,2.272456760539887100e-01,7.538018341970431635e-02,-3.012002063024654674e-01
9.503456291445668835e-01,5.127296336899044293e-01,6.202141643576700725e-01,6.192794546255826482e-01,8.687483998277166775e-01,8.733377913331761278e-01,4.369749609601666362e-01,4.386213625589041598e-01,6.411602143119937702e-02,1.001282320428624084e+00,1.001923480642936015e+00,1.002245294009353138e+00,1.000734834422833508e+00,9.969784933689140871e-01,-1.507075758347866945e-01,3.767725260778968521e-01,1.282320428624084130e-01,1.923480642936015172e-01,2.245294009353138165e-01,7.348344228335079720e-02,-3.021506631085912886e-01
9.468928700355996320e-01,5.136389451062680633e-01,6.211693007390847177e-01,6.202381851862464046e-01,8.681724165209721011e-01,8.727434698492444465e-01,4.373577448948391400e-01,4.390014577825512299e-01,6.334939330574276828e-02,1.001266987866114899e+00,1.001900481799172349e+00,1.002218432709390594e+00,1.000716135076641145e+00,9.969692454501796197e-01,-1.498972263649291092e-01,3.758280050825014706e-01,1.266987866114899219e-01,1.900481799172348829e-01,2.218432709390594226e-01,7.161350766411445079e-02,-3.030754549820380284e-01
9.434462234562712712e-01,5.145498691605554509e-01,6.221252720036749562e-01,6.211977447474562597e-01,8.675944284263938933e-01,8.721471910708975539e-01,4.377392124364246628e-01,4.393802290948480849e-01,6.259128918682357878e-02,1.001251825783736393e+00,1.001877738675604812e+00,1.002191870422383335e+00,1.000697701454156485e+00,9.969602515431414957e-01,-1.490901106189458092e-01,3.748845458211619852e-01,1.251825783736393305e-01,1.877738675604812002e-01,2.191870422383335182e-01,6.977014541564852124e-02,-3.039748456858504255e-01
9.400056785853758701e-01,5.154624087127340770e-01,6.230820752653251082e-01,6.221581304068357632e-01,8.670144329670539385e-01,8.715489526322349745e-01,4.381193544164400100e-01,4.397576674783705286e-01,6.184163951504324103e-02,1.001236832790300957e+00,1.001855249185451324e+00,1.002165604699539969e+00,1.000679531203648276e+00,9.969515090041078942e-01,-1.482862202537128804e-01,3.739421793206774702e-01,1.236832790300956830e-01,1.855249185451324223e-01,2.165604699539969147e-01,6.795312036482759055e-02,-3.048490995892105815e-01
9.365712246208639513e-01,5.163765666278434807e-01,6.240397076178800795e-01,6.231193392422975652e-01,8.664324276004566894e-01,8.709487521970507018e-01,4.384981616590460929e-01,4.401337639071560837e-01,6.110037445500283992e-02,1.001222007489100063e+00,1.001833011233649984e+00,1.002139633082652637e+00,1.000661621964212822e+00,9.969430151844173027e-01,-1.474855468886422105e-01,3.730009361776417398e-01,1.222007489100063182e-01,1.833011233649983751e-01,2.139633082652636631e-01,6.616219642128218226e-02,-3.056984815582697301e-01
9.331428507798098515e-01,5.172923457760042476e-01,6.249981661351292628e-01,6.240813683120249866e-01,8.658484098188437006e-01,8.703465874591554963e-01,4.388756249814019239e-01,4.405085093470483271e-01,6.036742392624451503e-02,1.001207348478524883e+00,1.001811022717787436e+00,1.002113953105180144e+00,1.000643971366848684e+00,9.969347674315031105e-01,-1.466880821064773521e-01,3.720608465588854386e-01,1.207348478524883362e-01,1.811022717787436065e-01,2.113953105180144121e-01,6.439713668486835019e-02,-3.065232568496889520e-01
9.297205462983764157e-01,5.182097490324272249e-01,6.259574478707915501e-01,6.250442146544546995e-01,8.652623771494990512e-01,8.697424561426991829e-01,4.392517351940220527e-01,4.408818947560448342e-01,5.964271763344312222e-02,1.001192854352668915e+00,1.001789281529003262e+00,1.002088562293300456e+00,1.000626577035500064e+00,9.969267630899283361e-01,-1.458938174540831967e-01,3.711219402019489411e-01,1.192854352668915041e-01,1.789281529003261539e-01,2.088562293300455508e-01,6.265770355000643832e-02,-3.073236910071663885e-01
9.263043004317834672e-01,5.191287792774219589e-01,6.269175498585016770e-01,6.260078752882596298e-01,8.646743271550523247e-01,8.691363560024952806e-01,4.396264831011366669e-01,4.412539110846479540e-01,5.892618509584986869e-02,1.001178523701917067e+00,1.001767785552875489e+00,1.002063458166941645e+00,1.000609436588076884e+00,9.969189995023951534e-01,-1.451027444434065117e-01,3.701842464155861712e-01,1.178523701917066902e-01,1.767785552875489330e-01,2.063458166941645189e-01,6.094365880768837229e-02,-3.081000497604846622e-01
9.228941024542713922e-01,5.200494393964064654e-01,6.278784691117964556e-01,6.269723472123333030e-01,8.640842574337844750e-01,8.685282848243447429e-01,4.399998595010548574e-01,4.416245492762199687e-01,5.821775567598758139e-02,1.001164355113519644e+00,1.001746532670279688e+00,1.002038638240782209e+00,1.000592547637448426e+00,9.969114740107279937e-01,-1.443148545521814596e-01,3.692477940805379277e-01,1.164355113519643936e-01,1.746532670279687949e-01,2.038638240782209010e-01,5.925476374484262010e-02,-3.088525989272006278e-01
9.194899416590689434e-01,5.209717322799160000e-01,6.288402026241025622e-01,6.279376274057745233e-01,8.634921656199304740e-01,8.679182404253630301e-01,4.403718551865301589e-01,4.419938002673415300e-01,5.751735860760215369e-02,1.001150347172152122e+00,1.001725520758228072e+00,1.002014100025228505e+00,1.000575907792409902e+00,9.969041839568253405e-01,-1.435301392248238550e-01,3.683126116505235914e-01,1.150347172152121900e-01,1.725520758228071827e-01,2.014100025228504620e-01,5.759077924099020862e-02,-3.095816043174659526e-01
9.160918073583594889e-01,5.218956608236119399e-01,6.298027473687242139e-01,6.289037128278730515e-01,8.628980493839831789e-01,8.673062206543058483e-01,4.407424609451291442e-01,4.423616549881730919e-01,5.682492302287139169e-02,1.001136498460457380e+00,1.001704747690686181e+00,1.001989841027363548e+00,1.000559514658624805e+00,9.968971266835879863e-01,-1.427485898731422620e-01,3.673787271532096832e-01,1.136498460457380233e-01,1.704747690686181372e-01,1.989841027363548065e-01,5.595146586248045395e-02,-3.102873316412013693e-01
9.126996888832477062e-01,5.228212279282911101e-01,6.307661002988332877e-01,6.298706004180956164e-01,8.623019064329974226e-01,8.666922233918974428e-01,4.411116675596039038e-01,4.427281043628200075e-01,5.614037797887579812e-02,1.001122807559577499e+00,1.001684211339366248e+00,1.001965858751872718e+00,1.000543365839538845e+00,9.968902995358208674e-01,-1.419701978773775242e-01,3.664461681911162505e-01,1.122807559577498893e-01,1.684211339366248339e-01,1.965858751872717747e-01,5.433658395388452078e-02,-3.109700464179132595e-01
9.093135755837260525e-01,5.237484364998946651e-01,6.317302583474578848e-01,6.308382870960735911e-01,8.617037345108922164e-01,8.660762465511584463e-01,4.414794658082651369e-01,4.430931393097018445e-01,5.546365248333521430e-02,1.001109273049666681e+00,1.001663909574500133e+00,1.001942150701940593e+00,1.000527458937271685e+00,9.968836998611049216e-01,-1.411949545867250133e-01,3.655149619433324393e-01,1.109273049666681388e-01,1.663909574500133104e-01,1.942150701940592583e-01,5.274589372716853575e-02,-3.116300138895078398e-01
9.059334568286403488e-01,5.246772894495175255e-01,6.326952184274744484e-01,6.318067697615904477e-01,8.611035313987537299e-01,8.654582880777349496e-01,4.418458464653603479e-01,4.434567507419234222e-01,5.479467551961642729e-02,1.001095893510392409e+00,1.001643840265588503e+00,1.001918714380126030e+00,1.000511791553480245e+00,9.968773250106464090e-01,-1.404228513204487105e-01,3.645851351664489148e-01,1.095893510392409453e-01,1.643840265588503158e-01,1.918714380126029795e-01,5.117915534802452981e-02,-3.122674989353591002e-01
9.025593220056564725e-01,5.256077896934174820e-01,6.336609774315978827e-01,6.327760452945710989e-01,8.605012949151376045e-01,8.648383459502280157e-01,4.422108003014533217e-01,4.438189295676511215e-01,5.413337607101773030e-02,1.001082667521420388e+00,1.001624001282130472e+00,1.001895547289207045e+00,1.000496361290198699e+00,9.968711723400958125e-01,-1.396538793683740898e-01,3.636567141963842897e-01,1.082667521420388468e-01,1.624001282130471679e-01,1.895547289207044628e-01,4.963612901986991233e-02,-3.128827659904187541e-01
8.991911605212292713e-01,5.265399401530238555e-01,6.346275322323751134e-01,6.337461105550712404e-01,8.598970229163707124e-01,8.642164181805237488e-01,4.425743180838071500e-01,4.441796666904907487e-01,5.347968314433623055e-02,1.001069593662886614e+00,1.001604390494330143e+00,1.001872646933004374e+00,1.000481165750651158e+00,9.968652392103440896e-01,-1.388880299919184325e-01,3.627297249497439813e-01,1.069593662886614283e-01,1.604390494330143468e-01,1.872646933004373793e-01,4.811657506511579641e-02,-3.134760789655910429e-01
8.958289618005665922e-01,5.274737437549473773e-01,6.355948796821776492e-01,6.347169623832674690e-01,8.592907132968522488e-01,8.635925028141236970e-01,4.429363905767695342e-01,4.445389530098697861e-01,5.283352579272421884e-02,1.001056670515854563e+00,1.001585005773781623e+00,1.001850010817179726e+00,1.000466202540043259e+00,9.968595229882930564e-01,-1.381252944248344550e-01,3.618041929256423095e-01,1.056670515854563064e-01,1.585005773781622551e-01,1.850010817179725819e-01,4.662025400432590061e-02,-3.140477011706943600e-01
8.924727152875975289e-01,5.284092034309888497e-01,6.365630166131958090e-01,6.356885975994494009e-01,8.586823639893553795e-01,8.629665979304759205e-01,4.432970085421612527e-01,4.448967794214232496e-01,5.219483313784265693e-02,1.001043896662756838e+00,1.001565844994135368e+00,1.001827636450006498e+00,1.000451469266324889e+00,9.968540210475972385e-01,-1.373656638738948721e-01,3.608801432076086946e-01,1.043896662756838012e-01,1.565844994135368040e-01,1.827636450006497881e-01,4.514692663248887072e-02,-3.145978952402761486e-01
8.891224104449386711e-01,5.293463221181486933e-01,6.375319398374336144e-01,6.366610130040110116e-01,8.580719729653267791e-01,8.623387016433056163e-01,4.436561627396669039e-01,4.452531368173812121e-01,5.156353439131852734e-02,1.001031270687826380e+00,1.001546906031739459e+00,1.001805521343119842e+00,1.000436963540931812e+00,9.968487307693849608e-01,-1.366091295197983946e-01,3.599576004653398664e-01,1.031270687826379984e-01,1.546906031739458953e-01,1.805521343119842470e-01,4.369635409318117780e-02,-3.151269230615039163e-01
8.857780367538619082e-01,5.302851027586357180e-01,6.385016461467044602e-01,6.376342053774440854e-01,8.574595382351869466e-01,8.617088121009476298e-01,4.440138439272289239e-01,4.456080160869612672e-01,5.093955887551467748e-02,1.001018791177510359e+00,1.001528186766265538e+00,1.001783663012240755e+00,1.000422682979503097e+00,9.968436495429515709e-01,-1.358556825178597049e-01,3.590365889568114532e-01,1.018791177510358636e-01,1.528186766265537955e-01,1.783663012240754853e-01,4.226829795030973003e-02,-3.156350457048429092e-01
8.824395837142595678e-01,5.312255482998771150e-01,6.394721323126280055e-01,6.386081714803319986e-01,8.568450578486294100e-01,8.610769274866767464e-01,4.443700428614441589e-01,4.459614081167631583e-01,5.032283604362000617e-02,1.001006456720872295e+00,1.001509685081308554e+00,1.001762058977874847e+00,1.000408625202571677e+00,9.968387747664280152e-01,-1.351053139988326879e-01,3.581171325302843211e-01,1.006456720872295207e-01,1.509685081308553833e-01,1.762058977874847443e-01,4.086252025716774483e-02,-3.161225233571984816e-01
8.791070408446142181e-01,5.321676616945267835e-01,6.404433950866272873e-01,6.395829080533439459e-01,8.562285298949190437e-01,8.604430460190405361e-01,4.447247502979622125e-01,4.463133037911666823e-01,4.971329549907015088e-02,1.000994265909981307e+00,1.001491398864972071e+00,1.001740706765992028e+00,1.000394787836236254e+00,9.968341038474292093e-01,-1.343580150696925546e-01,3.571992546266316571e-01,9.942659099813067058e-02,1.491398864972071081e-01,1.740706765992028338e-01,3.947878362362544635e-02,-3.165896152570790711e-01
8.757803976819626968e-01,5.331114459004754336e-01,6.414154311999276104e-01,6.405584118172313879e-01,8.556099525031903852e-01,8.598071659521903110e-01,4.450779569918883460e-01,4.466636939927333128e-01,4.911086701430535106e-02,1.000982217340286029e+00,1.001473326010429155e+00,1.001719603908678202e+00,1.000381168512806118e+00,9.968296342036732094e-01,-1.336137768143422777e-01,3.562829782814580515e-01,9.822173402860290281e-02,1.473326010429154564e-01,1.719603908678202231e-01,3.811685128061181871e-02,-3.170365796326790608e-01
8.724596437818656902e-01,5.340569038808593572e-01,6.423882373635552145e-01,6.415346794728239432e-01,8.549893238427447306e-01,8.591692855762126380e-01,4.454296536981869337e-01,4.470125696026099327e-01,4.851548054887785955e-02,1.000970309610977660e+00,1.001455464416466379e+00,1.001698747944766543e+00,1.000367764871425980e+00,9.968253632635813988e-01,-1.328725902943652670e-01,3.553683261275521477e-01,9.703096109776598865e-02,1.455464416466378808e-01,1.698747944766543228e-01,3.677648714259795781e-02,-3.174636736418601224e-01
8.691447687183739834e-01,5.350040386040697538e-01,6.433618102683378304e-01,6.425117077010268352e-01,8.543666421233466757e-01,8.585294032174616286e-01,4.457798311720889695e-01,4.473599215009365637e-01,4.792706626691629196e-02,1.000958541325338347e+00,1.001437811988007409e+00,1.001678136420446341e+00,1.000354574558676601e+00,9.968212884668528062e-01,-1.321344465498237308e-01,3.544553203973052069e-01,9.585413253383467946e-02,1.437811988007409170e-01,1.678136420446341148e-01,3.545745586766013702e-02,-3.178711533147193791e-01
8.658357620839953750e-01,5.359528530437623894e-01,6.443361465849052339e-01,6.434894931628192261e-01,8.537419055955205449e-01,8.578875172388901182e-01,4.461284801695015179e-01,4.477057405672566492e-01,4.734555455395817597e-02,1.000946911091079139e+00,1.001420366636618819e+00,1.001657766889849421e+00,1.000341595229154779e+00,9.968174072650178852e-01,-1.313993365999129026e-01,3.535439829252481347e-01,9.469110910791389557e-02,1.420366636618819456e-01,1.657766889849421332e-01,3.415952291547785791e-02,-3.182592734982114813e-01
8.625326134896624808e-01,5.369033501788667007e-01,6.453112429636920222e-01,6.444680324992531073e-01,8.531151125508442679e-01,8.572436260403804020e-01,4.464755914474206056e-01,4.480500176809300017e-01,4.677087603316041481e-02,1.000935417520663284e+00,1.001403126280994815e+00,1.001637636915614138e+00,1.000328824546029116e+00,9.968137171219679793e-01,-1.306672514438676214e-01,3.526343351503929413e-01,9.354175206632842077e-02,1.403126280994815289e-01,1.637636915614137934e-01,3.288245460291161493e-02,-3.186282878032020704e-01
8.592353125646996492e-01,5.378555329935951201e-01,6.462870960349396121e-01,6.454473223314538544e-01,8.524862613222449204e-01,8.565977280590753029e-01,4.468211557643450571e-01,4.483927437215500245e-01,4.620296158089830241e-02,1.000924059231617980e+00,1.001386088847426858e+00,1.001617744069429161e+00,1.000316260181580041e+00,9.968102155144660248e-01,-1.299381820614839977e-01,3.517263981193021194e-01,9.240592316179796484e-02,1.386088847426858450e-01,1.617744069429161158e-01,3.162601815800414329e-02,-3.189784485533975200e-01
8.559438489567916530e-01,5.388094044774525138e-01,6.472637024087003477e-01,6.464273592606208929e-01,8.518553502842911573e-01,8.559498217697087963e-01,4.471651638806948825e-01,4.487339095693616553e-01,4.564174234176383849e-02,1.000912834846835242e+00,1.001369252270252863e+00,1.001598085932555060e+00,1.000303899817712061e+00,9.968068999326319402e-01,-1.292121194139455032e-01,3.508201924882768941e-01,9.128348468352420753e-02,1.369252270252863113e-01,1.598085932555060040e-01,3.038998177120610933e-02,-3.193100067368059847e-01
8.526582123319499384e-01,5.397649676252453954e-01,6.482410586748420522e-01,6.474081398680292532e-01,8.512223778534863117e-01,8.552999056849361903e-01,4.475076065592303864e-01,4.490735061056850275e-01,4.508714974297316214e-02,1.000901742994859456e+00,1.001352614492289295e+00,1.001578660096325679e+00,1.000291741146449365e+00,9.968037678804092527e-01,-1.284890544445737581e-01,3.499157385266443709e-01,9.017429948594557487e-02,1.352614492289294645e-01,1.578660096325679163e-01,2.917411464493646633e-02,-3.196232119590747267e-01
8.493783923744804287e-01,5.407222254370916970e-01,6.492191614030536906e-01,6.483896607150330116e-01,8.505873424885598277e-01,8.546479783556631959e-01,4.478484745654751076e-01,4.494115242133388533e-01,4.453911550819546900e-02,1.000890782310163818e+00,1.001336173465245949e+00,1.001559464162629975e+00,1.000279781870411444e+00,9.968008168760121857e-01,-1.277689780794534213e-01,3.490130561191023828e-01,8.907823101638179253e-02,1.336173465245948933e-01,1.559464162629975448e-01,2.797818704114440891e-02,-3.199183123987814348e-01
8.461043787869497734e-01,5.416811809184302051e-01,6.501980071428516972e-01,6.493719183430686215e-01,8.499502426907580288e-01,8.539940383713754413e-01,4.481877586681405345e-01,4.497479547770698582e-01,4.399757167081302239e-02,1.000879951433416348e+00,1.001319927150124300e+00,1.001540495744372317e+00,1.000268019703267175e+00,9.967980444523489858e-01,-1.270518812281717647e-01,3.481121647689995879e-01,8.799514334163482943e-02,1.319927150124300397e-01,1.540495744372316622e-01,2.680197032671749469e-02,-3.201955547651014200e-01
8.428361612901584810e-01,5.426418370800288882e-01,6.511775924235878588e-01,6.503549092736597981e-01,8.493110770041334412e-01,8.533380843604662092e-01,4.485254496395534862e-01,4.500827886839818270e-01,4.346245058662522032e-02,1.000869249011732576e+00,1.001303873517598753e+00,1.001521752465915238e+00,1.000256452370170912e+00,9.967954481574299308e-01,-1.263377547845518090e-01,3.472130836009101329e-01,8.692490117325757382e-02,1.303873517598752585e-01,1.521752465915238162e-01,2.564523701709120473e-02,-3.204551842570069198e-01
8.395737296231007285e-01,5.436041969379961092e-01,6.521579137544573079e-01,6.513386300084229585e-01,8.486698440158334522e-01,8.526801149905649524e-01,4.488615382560859346e-01,4.504160168239705331e-01,4.293368494600449670e-02,1.000858673698920009e+00,1.001288010548380125e+00,1.001503231963500884e+00,1.000245077608177713e+00,9.967930255547500229e-01,-1.256265896273116855e-01,3.463158313639544406e-01,8.586736989200094428e-02,1.288010548380125186e-01,1.503231963500883950e-01,2.450776081777128468e-02,-3.206974445249977101e-01
8.363170735429374947e-01,5.445682635137888417e-01,6.531389676245074050e-01,6.523230770290739944e-01,8.480265423563891902e-01,8.520201289688635882e-01,4.491960152985873256e-01,4.507476300901585575e-01,4.241120778551985687e-02,1.000848224155710398e+00,1.001272336233565596e+00,1.001484931885656904e+00,1.000233893166645016e+00,9.967907742236615798e-01,-1.249183766206504731e-01,3.454204264345155373e-01,8.482241557103975538e-02,1.272336233565596331e-01,1.484931885656903816e-01,2.338931666450161373e-02,-3.209225776338420211e-01
8.330661828249632528e-01,5.455340398342226615e-01,6.541207505026491731e-01,6.533082467974357099e-01,8.473811707000000748e-01,8.513581250424425706e-01,4.495288715528190648e-01,4.510776193793347155e-01,4.189495249903563145e-02,1.000837899049980662e+00,1.001256848574971103e+00,1.001466849893579480e+00,1.000222896807606121e+00,9.967886917597179597e-01,-1.242131066151176133e-01,3.445268868194764633e-01,8.378990499806615588e-02,1.256848574971103361e-01,1.466849893579480479e-01,2.228968076061210724e-02,-3.211308240282040316e-01
8.298210472625733303e-01,5.465015289314809621e-01,6.551032588376671795e-01,6.542941357554460380e-01,8.467337277648210314e-01,8.506941019985969632e-01,4.498600978098918346e-01,4.514059755923954809e-01,4.138485284829840349e-02,1.000827697056966059e+00,1.001241545585448867e+00,1.001448983661504144e+00,1.000212086306139003e+00,9.967867757750074054e-01,-1.235107704481195473e-01,3.436352301592494052e-01,8.276970569660591082e-02,1.241545585448866618e-01,1.448983661504144038e-01,2.120863061390032556e-02,-3.213224224992594635e-01
8.265816566672319343e-01,5.474707338431247239e-01,6.560864890582328579e-01,6.552807403251682539e-01,8.460842123132454873e-01,8.500280586651595138e-01,4.501896848667043538e-01,4.517326896347890197e-01,4.088084297302339853e-02,1.000817616859460468e+00,1.001226425289190702e+00,1.001431330877052384e+00,1.000201459450704933e+00,9.967850238984639066e-01,-1.228113589446417492e-01,3.427454737310408617e-01,8.176168594604682482e-02,1.226425289190702372e-01,1.431330877052383599e-01,2.014594507049327632e-02,-3.214976101536093367e-01
8.233480008684408435e-01,5.484416576121019515e-01,6.570704375729167213e-01,6.562680569088004123e-01,8.454326231521892554e-01,8.493599939108253949e-01,4.505176235263855800e-01,4.520577524169615558e-01,4.038285740049120387e-02,1.000807657148009788e+00,1.001211485722014682e+00,1.001413889241568711e+00,1.000191014043480431e+00,9.967834337761651842e-01,-1.221148629179146100e-01,3.418576344518461929e-01,8.076571480097882727e-02,1.211485722014682409e-01,1.413889241568710986e-01,1.910140434804308285e-02,-3.216566223834815830e-01
8.201200697137063234e-01,5.494143032867572218e-01,6.580551007702031274e-01,6.572560818886875600e-01,8.447789591333720871e-01,8.486899066454733909e-01,4.508439045987384652e-01,4.523811548548069550e-01,3.989083105466638413e-02,1.000797816621093350e+00,1.001196724931640025e+00,1.001396656470434188e+00,1.000180747900665468e+00,9.967820030716095792e-01,-1.214212731700395620e-01,3.409717288817907255e-01,7.978166210933501645e-02,1.196724931640025247e-01,1.396656470434187725e-01,1.807479006654677534e-02,-3.217996928390420841e-01
8.168978530685087058e-01,5.503886739208412315e-01,6.590404750185049343e-01,6.582448116273339478e-01,8.441232191535981144e-01,8.480177958204877520e-01,4.511685189006860441e-01,4.527028878701185310e-01,3.940469926484956725e-02,1.000788093985296889e+00,1.001182140977945556e+00,1.001379630293367073e+00,1.000170658852779226e+00,9.967807294659785100e-01,-1.207305804925934839e-01,3.400877732274226739e-01,7.880939852968893433e-02,1.182140977945556060e-01,1.379630293367073435e-01,1.706588527792263221e-02,-3.219270534021489993e-01
8.136813408162693051e-01,5.513647725735204563e-01,6.600265566661797090e-01,6.592342424674160206e-01,8.434654021550358483e-01,8.473436604290776053e-01,4.514914572567201856e-01,4.530229423910421827e-01,3.892439777387340927e-02,1.000778487955477525e+00,1.001167731933216176e+00,1.001362808454708153e+00,1.000160744744938546e+00,9.967796106583847182e-01,-1.200427756673456692e-01,3.392057833446862625e-01,7.784879554775248067e-02,1.167731933216176188e-01,1.362808454708153150e-01,1.607447449385457361e-02,-3.220389341615281786e-01
8.104705228583188870e-01,5.523426023093868098e-01,6.610133420415467143e-01,6.602243707317970722e-01,8.428055071254951791e-01,8.466674995065965881e-01,4.518127104993518439e-01,4.533413093525343607e-01,3.844986274585448366e-02,1.000768997254917192e+00,1.001153495882375566e+00,1.001346188713688523e+00,1.000151003437121711e+00,9.967786443661011964e-01,-1.193578494668346285e-01,3.383257747426097750e-01,7.689972549171919525e-02,1.153495882375565884e-01,1.346188713688523109e-01,1.510034371217106042e-02,-3.221355633898803639e-01
8.072653891138665827e-01,5.533221661984669693e-01,6.620008274529048942e-01,6.612151927235428994e-01,8.421435330987051548e-01,8.459893121308597053e-01,4.521322694695645850e-01,4.536579796968204237e-01,3.798103077351197565e-02,1.000759620615470302e+00,1.001139430923205342e+00,1.001329768844682500e+00,1.000141432804416253e+00,9.967778283247775706e-01,-1.186757926549397435e-01,3.374477625863292474e-01,7.596206154703022406e-02,1.139430923205342339e-01,1.329768844682499562e-01,1.414328044162527220e-02,-3.222171675222429421e-01
8.040659295199683587e-01,5.543034673162322568e-01,6.629890091885521919e-01,6.622067047259376782e-01,8.414794791545878727e-01,8.453090974224600762e-01,4.524501250172686118e-01,4.539729443738559911e-01,3.751783888506408926e-02,1.000750356777701189e+00,1.001125535166552005e+00,1.001313546637447649e+00,1.000132030737252542e+00,9.967771602886393856e-01,-1.179965959876159015e-01,3.365717617006422913e-01,7.503567777011888040e-02,1.125535166552005251e-01,1.313546637447648990e-01,1.320307372525419964e-02,-3.222839711360614423e-01
8.008721340314941539e-01,5.552865087436084091e-01,6.639778835168048676e-01,6.631989030025017273e-01,8.408133444195338146e-01,8.446268545450830167e-01,4.527662680017587316e-01,4.542861943417904058e-01,3.706022455071268651e-02,1.000741204491014225e+00,1.001111806736521448e+00,1.001297519897348165e+00,1.000122795141624721e+00,9.967766380306776197e-01,-1.173202502133378483e-01,3.356977865731309851e-01,7.412044910142245868e-02,1.111806736521447903e-01,1.297519897348164974e-01,1.227951416247208272e-02,-3.223361969322380283e-01
7.976839926210970155e-01,5.562712935669850145e-01,6.649674466860191480e-01,6.641917837970098271e-01,8.401451280666727417e-01,8.439425827058203433e-01,4.530806892921733775e-01,4.545977205674334165e-01,3.660812568872829492e-02,1.000732162513774615e+00,1.001098243770661922e+00,1.001281686445565589e+00,1.000113723939293875e+00,9.967762593428173279e-01,-1.166467460738073308e-01,3.348258513577406226e-01,7.321625137746146095e-02,1.098243770661921914e-01,1.281686445565588528e-01,1.137239392938749205e-02,-3.223740657182672109e-01
7.945014952791822349e-01,5.572578248782252830e-01,6.659576949246129862e-01,6.651853433335105370e-01,8.394748293161456987e-01,8.432562811554812354e-01,4.533933797679554067e-01,4.549075140267224704e-01,3.616148067114506592e-02,1.000723229613422971e+00,1.001084844420134345e+00,1.001266044119295540e+00,1.000104815067981878e+00,9.967760220360790679e-01,-1.159760743045217257e-01,3.339559698780759645e-01,7.232296134229709850e-02,1.084844420134345455e-01,1.266044119295539616e-01,1.048150679818782294e-02,-3.223977963920932055e-01
7.913246320138758172e-01,5.582461057746755939e-01,6.669486244410892661e-01,6.661795778163467352e-01,8.388024474353734661e-01,8.425679491889040973e-01,4.537043303193163957e-01,4.552155657051941695e-01,3.572022832907685574e-02,1.000714404566581450e+00,1.001071606849872397e+00,1.001250590771931126e+00,1.000096066481548363e+00,9.967759239407222305e-01,-1.153082256353704926e-01,3.330881556308198932e-01,7.144045665814502399e-02,1.071606849872397405e-01,1.250590771931126000e-01,9.606648154836250342e-03,-3.224076059277769524e-01
7.881533928509916187e-01,5.592361393591757102e-01,6.679402314240594496e-01,6.671744834301770455e-01,8.381279817393243459e-01,8.418775861452635345e-01,4.540135318477007687e-01,4.555218665984555049e-01,3.528430795766460820e-02,1.000705686159153229e+00,1.001058529238729955e+00,1.001235324273234584e+00,1.000087476150159471e+00,9.967759629063800420e-01,-1.146431907911606013e-01,3.322224217891171505e-01,7.056861591532292977e-02,1.058529238729954969e-01,1.235324273234583714e-01,8.747615015947118877e-03,-3.224037093619958050e-01
7.849877678340013709e-01,5.602279287400679930e-01,6.689325120422688897e-01,6.681700563399985970e-01,8.374514315907810591e-01,8.411851914083782189e-01,4.543209752662539791e-01,4.558264077126596980e-01,3.485365932066637751e-02,1.000697073186413322e+00,1.001045609779620094e+00,1.001220242509493819e+00,1.000079042060439294e+00,9.967761368021789137e-01,-1.139809604921870334e-01,3.313587812060543314e-01,6.970731864133217215e-02,1.045609779620093605e-01,1.220242509493818517e-01,7.904206043929384862e-03,-3.223863197821086324e-01
7.818277470240042604e-01,5.612214770312072831e-01,6.699254624446229212e-01,6.691662926911703391e-01,8.367727964006044239e-01,8.404907644070167549e-01,4.546266515002915232e-01,4.561291800649825978e-01,3.442822265469901166e-02,1.000688564453094065e+00,1.001032846679640986e+00,1.001205343383669177e+00,1.000070762215611531e+00,9.967764435168444681e-01,-1.133215254548316647e-01,3.304972464180558900e-01,6.885644530940648878e-02,1.032846679640986309e-01,1.205343383669177371e-01,7.076221561153062112e-03,-3.223556483155531893e-01
7.786733204996931779e-01,5.622167873519708925e-01,6.709190787602139494e-01,6.701631886094375767e-01,8.360920756279960342e-01,8.397943046152007707e-01,4.549305514877697298e-01,4.564301746841013530e-01,3.400793867314249458e-02,1.000680158773462836e+00,1.001020238160194253e+00,1.001190624815527785e+00,1.000062634635629832e+00,9.967768809588007928e-01,-1.126648763921240803e-01,3.296378296483652992e-01,6.801587734628355975e-02,1.020238160194253396e-01,1.190624815527785429e-01,6.263463562983240251e-03,-3.223119041199207224e-01
7.755244783573258527e-01,5.632138628272682634e-01,6.719133570983495396e-01,6.711607402009578394e-01,8.354092687807601614e-01,8.390958115525067873e-01,4.552326661797596041e-01,4.567293826106752497e-01,3.359274856971689038e-02,1.000671854971394437e+00,1.001007782457091544e+00,1.001176084741767225e+00,1.000054657357297483e+00,9.967774470562550393e-01,-1.120110040142479058e-01,3.287805428103067751e-01,6.718549713944366175e-02,1.007782457091543904e-01,1.176084741767224884e-01,5.465735729748288918e-03,-3.222552943744960707e-01
7.723812107106926561e-01,5.642127065875507386e-01,6.729082935485816153e-01,6.721589435523275258e-01,8.347243754155617701e-01,8.383952847843659795e-01,4.555329865409202816e-01,4.570267948978288253e-01,3.318259402174152106e-02,1.000663651880434823e+00,1.000995477820652235e+00,1.001161721116124559e+00,1.000046828434371760e+00,9.967781397572688107e-01,-1.113598990290924490e-01,3.279253975111099395e-01,6.636518804348234823e-02,9.954778206522352235e-02,1.161721116124558861e-01,4.682843437175954193e-03,-3.221860242731189317e-01
7.692435076910857372e-01,5.652133217688214417e-01,6.739038841807365454e-01,6.731577947306097709e-01,8.340373951381855333e-01,8.376927239223626032e-01,4.558315035499773127e-01,4.573224026116360919e-01,3.277741719308600865e-02,1.000655548343861723e+00,1.000983322515792473e+00,1.001147531909481359e+00,1.000039145937665630e+00,9.967789570298268842e-01,-1.107115521427501359e-01,3.270724050548904360e-01,6.555483438617226710e-02,9.833225157924729842e-02,1.147531909481358525e-01,3.914593766563001509e-03,-3.221042970173115805e-01
7.661113594472686028e-01,5.662157115126450480e-01,6.749001250449466749e-01,6.741572897833629785e-01,8.333483276037899623e-01,8.369881286245302032e-01,4.561282082001998361e-01,4.576161968316077022e-01,3.237716073682347928e-02,1.000647543214736368e+00,1.000971314822104663e+00,1.001133515109949856e+00,1.000031607955128354e+00,9.967798968618837296e-01,-1.100659540601248848e-01,3.262215764465001278e-01,6.475432147363680002e-02,9.713148221046630226e-02,1.133515109949856381e-01,3.160795512835434806e-03,-3.220103138116270358e-01
7.629847561454441429e-01,5.672198789661577756e-01,6.758970121716824098e-01,6.751574247386709082e-01,8.326571725171625360e-01,8.362814985956449343e-01,4.564230914998814725e-01,4.579081686511784488e-01,3.198176779759412391e-02,1.000639635355951906e+00,1.000959453033927860e+00,1.001119668722957101e+00,1.000024212591927419e+00,9.967809572614129143e-01,-1.094230954853875476e-01,3.253729223946071891e-01,6.396353559519063481e-02,9.594530339278595221e-02,1.119668722957101181e-01,2.421259192741942456e-03,-3.219042738587085672e-01
7.598636879692246549e-01,5.682258272820771561e-01,6.768945415717854130e-01,6.761581956051735398e-01,8.319639296329705003e-01,8.355728335875185486e-01,4.567161444728214392e-01,4.581983091781984263e-01,3.159118201368971146e-02,1.000631823640273810e+00,1.000947735460410604e+00,1.001105990771313570e+00,1.000016957970511600e+00,9.967821362564360799e-01,-1.087829671224764816e-01,3.245264533155097775e-01,6.318236402738097723e-02,9.477354604106036362e-02,1.105990771313569709e-01,1.695797051159964042e-03,-3.217863743563920131e-01
7.567481451196009790e-01,5.692335596187119151e-01,6.778927092365033547e-01,6.771595983720993805e-01,8.312685987560120005e-01,8.348621333992874982e-01,4.570073581588093292e-01,4.584866095354245830e-01,3.120534751886711727e-02,1.000624106950377401e+00,1.000936160425565991e+00,1.001092479295274451e+00,1.000009842230670243e+00,9.967834318950499206e-01,-1.081455596756102921e-01,3.236821793362058552e-01,6.241069503774010485e-02,9.361604255659905505e-02,1.092479295274451090e-01,9.842230670242813062e-04,-3.216568104950079388e-01
7.536381178149103022e-01,5.702430791399722976e-01,6.788915111375254385e-01,6.781616290092982169e-01,8.305711797414626618e-01,8.341493978777014817e-01,4.572967236141086689e-01,4.587730608610143812e-01,3.082420894390021718e-02,1.000616484178878052e+00,1.000924726268316967e+00,1.001079132352593604e+00,1.000002863529580788e+00,9.967848422454400614e-01,-1.075108638498452063e-01,3.228401102981713344e-01,6.164841788780517362e-02,9.247262683169665820e-02,1.079132352593603628e-01,2.863529580787727014e-04,-3.215157754559938574e-01
7.505335962908084024e-01,5.712543890153790604e-01,6.798909432270184849e-01,6.791642834672755313e-01,8.298716724951227253e-01,8.334346269174084387e-01,4.575842319119449164e-01,4.590576543090212347e-01,3.044771141787929250e-02,1.000608954228357605e+00,1.000913431342536297e+00,1.001065948018565077e+00,9.999960200418496203e-01,9.967863653958889403e-01,-1.068788703514644139e-01,3.220002557605297633e-01,6.089542283576054871e-02,9.134313425362972083e-02,1.065948018565077149e-01,-3.979958150379658832e-04,-3.213634604111059723e-01
7.474345708002354538e-01,5.722674924200745750e-01,6.808910014376647890e-01,6.801675576772274745e-01,8.291700769736608523e-01,8.327178204612378787e-01,4.578698741429934049e-01,4.593403810498910556e-01,3.007580056926546092e-02,1.000601516011385250e+00,1.000902274017077875e+00,1.001052924386058196e+00,9.999893099595413837e-01,9.967879994547729217e-01,-1.062495698885433798e-01,3.211626250034544383e-01,6.015160113852502377e-02,9.022740170778753566e-02,1.052924386058196049e-01,-1.069004045861632335e-03,-3.212000545227078341e-01
7.443410316133884930e-01,5.732823925348318195e-01,6.818916816827006455e-01,6.811714475510779465e-01,8.284663931848548213e-01,8.319989785004823224e-01,4.581536414158683956e-01,4.596212322709615217e-01,2.970842252670999675e-02,1.000594168450534172e+00,1.000891252675801368e+00,1.001040059565545537e+00,9.999827314922046240e-01,9.967897425505540809e-01,-1.056229531712985364e-01,3.203272270319000858e-01,5.941684505341715550e-02,8.912526758013683548e-02,1.040059565545536913e-01,-1.726850779537603131e-03,-3.210257449445919065e-01
7.412529690176881125e-01,5.742990925460651486e-01,6.828929798559566500e-01,6.821759489815149013e-01,8.277606211878330011e-01,8.312781010751759680e-01,4.584355248576157393e-01,4.599001991769615105e-01,2.934552391964549006e-02,1.000586910478392877e+00,1.000880365717589315e+00,1.001027351685119582e+00,9.999762828668835590e-01,9.967915928317606644e-01,-1.049990109128069588e-01,3.194940705785574986e-01,5.869104783928769109e-02,8.803657175893153664e-02,1.027351685119581859e-01,-2.371713311644096933e-03,-3.208407168239335583e-01
7.381703733177511495e-01,5.753175956458396190e-01,6.838948918318975556e-01,6.831810578420299818e-01,8.270527610933101625e-01,8.305551882743705816e-01,4.587155156142042611e-01,4.601772729905129200e-01,2.898705187865800725e-02,1.000579741037573189e+00,1.000869611556359784e+00,1.001014798890506263e+00,9.999699623281298466e-01,9.967935484669646629e-01,-1.043777338291679291e-01,3.186631641075877153e-01,5.797410375731892884e-02,8.696115563597839326e-02,1.014798890506263263e-01,-3.003767187015338180e-03,-3.206451533035337143e-01
7.350932348353567125e-01,5.763379050318815366e-01,6.848974134656647950e-01,6.841867699869574881e-01,8.263428130638247326e-01,8.298302402364101660e-01,4.589936048510208644e-01,4.604524449526337104e-01,2.863295403564721300e-02,1.000572659080712912e+00,1.000858988621069479e+00,1.001002399345064742e+00,9.999637681379976994e-01,9.967956076447469504e-01,-1.037591126401490871e-01,3.178345158177864338e-01,5.726590807129117167e-02,8.589886210694785973e-02,1.002399345064741709e-01,-3.623186200230055221e-03,-3.204392355253049551e-01
7.320215439094193144e-01,5.773600239075881158e-01,6.859005405931191124e-01,6.851930812515155678e-01,8.256307773139700545e-01,8.291032571492015224e-01,4.592697837533650795e-01,4.607257063232422789e-01,2.828317852378319300e-02,1.000565663570475605e+00,1.000848495355713519e+00,1.000990151229788516e+00,9.999576985760433301e-01,9.967977685736615356e-01,-1.031431380695199546e-01,3.170081336461386123e-01,5.656635704756052263e-02,8.484953557135188618e-02,9.901512297885162184e-02,-4.230142395666991462e-03,-3.202231426338464360e-01
7.289552908959553434e-01,5.783839554820378037e-01,6.869042690308854171e-01,6.861999874518476261e-01,8.249166541106263129e-01,8.283742392504838126e-01,4.595440435269466661e-01,4.609970483816628883e-01,2.793767397726662494e-02,1.000558753479545260e+00,1.000838130219317890e+00,1.000978052743292324e+00,9.999517519393057441e-01,9.968000294821872664e-01,-1.025298008456727583e-01,3.161840252709142707e-01,5.587534795452597791e-02,8.381302193178896687e-02,9.780527432923236120e-02,-4.824806069425591204e-03,-3.199970517812733561e-01
7.258944661680550858e-01,5.794097029700002732e-01,6.879085945763966370e-01,6.872074843850657366e-01,8.242004437731893507e-01,8.276431868280946791e-01,4.598163753983835478e-01,4.612664624271335390e-01,2.759638953090049265e-02,1.000551927790618079e+00,1.000827891685927007e+00,1.000966102101796151e+00,9.999459265422910859e-01,9.968023886186785365e-01,-1.019190917018027859e-01,3.153621981152019971e-01,5.519277906180786175e-02,8.278916859270069040e-02,9.661021017961513024e-02,-5.407345770891414105e-03,-3.197611381321463497e-01
7.228390601158509732e-01,5.804372695919465253e-01,6.889135130079407920e-01,6.882155678292940504e-01,8.234821466737961559e-01,8.269101002202341455e-01,4.600867706157003023e-01,4.615339397793128962e-01,2.725927481948017123e-02,1.000545185496389600e+00,1.000817778244584400e+00,1.000954297539100812e+00,9.999402207169423296e-01,9.968048442513036678e-01,-1.013110013765540357e-01,3.145426593500946777e-01,5.451854963895996775e-02,8.177782445843995163e-02,9.542975391008123864e-02,-5.977928305767044037e-03,-3.195155748696332232e-01
7.197890631464887168e-01,5.814666585740588811e-01,6.899190200847084009e-01,6.892242335437149814e-01,8.227617632375487933e-01,8.261749798157254077e-01,4.603552204488294275e-01,4.617994717787913816e-01,2.692627997700900583e-02,1.000538525599540263e+00,1.000807788399310283e+00,1.000942637306561522e+00,9.999346328126114125e-01,9.968073946679856245e-01,-1.007055206143053494e-01,3.137254158981541141e-01,5.385255995402626894e-02,8.077883993102830118e-02,9.426373065615223368e-02,-6.536718738858748878e-03,-3.192605332014375463e-01
7.167444656840966655e-01,5.824978731482411964e-01,6.909251115468401094e-01,6.902334772686141706e-01,8.220392939427368928e-01,8.254378260542740708e-01,4.606217161901129953e-01,4.620630497876010434e-01,2.659735563574644815e-02,1.000531947112714981e+00,1.000797920669072472e+00,1.000931119673049263e+00,9.999291611960167137e-01,9.968100381763285167e-01,-1.001026401656629761e-01,3.129104744365036606e-01,5.319471127149810741e-02,7.979206690724716111e-02,9.311196730492632412e-02,-7.083880398328634698e-03,-3.189961823671483288e-01
7.137052581697544973e-01,5.835309165521291863e-01,6.919317831154772058e-01,6.912432947254293358e-01,8.213147393210552538e-01,8.246986394267228349e-01,4.608862491548048057e-01,4.623246651897273685e-01,2.627245292509526597e-02,1.000525449058501826e+00,1.000788173587752850e+00,1.000919742924913258e+00,9.999238042512037516e-01,9.968127731035457684e-01,-9.950235078780411691e-02,3.120978414002150703e-01,5.254490585018256610e-02,7.881735877528495138e-02,9.197429249132582640e-02,-7.619574879624835262e-03,-3.187226896454231628e-01
7.106714310614661301e-01,5.845657920291000842e-01,6.929390304928113586e-01,6.922536816167976781e-01,8.205880999578213375e-01,8.239574204753051800e-01,4.611488106815745391e-01,4.625843093916224835e-01,2.595152347033483423e-02,1.000519030469406712e+00,1.000778545704110067e+00,1.000908505365932788e+00,9.999185603794925603e-01,9.968155977963788494e-01,-9.890464324491396453e-02,3.112875229855386339e-01,5.190304694067116031e-02,7.785457041100674047e-02,9.085053659327879672e-02,-8.143962050743969172e-03,-3.184402203621150562e-01
7.076429748341264148e-01,5.856025028282835221e-01,6.939468493621371303e-01,6.932646336266059528e-01,8.198593764921889848e-01,8.232141697938957225e-01,4.614093921330129633e-01,4.628419738227189661e-01,2.563451939120636042e-02,1.000512690387824088e+00,1.000769035581736244e+00,1.000897405317267452e+00,9.999134279994261743e-01,9.968185106210126767e-01,-9.830950830863449674e-02,3.104795251530174105e-01,5.126903878240884893e-02,7.690355817362437563e-02,8.974053172674523182e-02,-8.657200057382574698e-03,-3.181489378987323313e-01
7.046198799794936019e-01,5.866410522045711895e-01,6.949552353879039357e-01,6.942761464200412069e-01,8.191285696173593589e-01,8.224688880282565728e-01,4.616679848961364740e-01,4.630976499359444887e-01,2.532139330035674055e-02,1.000506427866007186e+00,1.000759641799010780e+00,1.000886441117400105e+00,9.999084055467106769e-01,9.968215099629866849e-01,-9.771693675833394155e-02,3.096738536309059375e-01,5.064278660071863669e-02,7.596417990107795504e-02,8.864411174001052274e-02,-9.159445328932314112e-03,-3.178490037013315117e-01
7.016021370061584772e-01,5.876814434186272695e-01,6.959641842157706648e-01,6.952882156436427374e-01,8.183956800807911103e-01,8.217215758762825839e-01,4.619245803828954666e-01,4.633513292082381829e-01,2.501209830164700942e-02,1.000500241966032933e+00,1.000750362949049510e+00,1.000875611122076014e+00,9.999034914741515845e-01,9.968245942271003468e-01,-9.712691938158070359e-02,3.088705139181087134e-01,5.002419660329326945e-02,7.503629490495100640e-02,8.756111220760143254e-02,-9.650852584841551618e-03,-3.175405772899653201e-01
6.985897364395148301e-01,5.887236797368986529e-01,6.969736914726600840e-01,6.963008369253552710e-01,8.176607086844053240e-01,8.209722340882424918e-01,4.621791700306802642e-01,4.636030031410669494e-01,2.470658798833126613e-02,1.000494131759766647e+00,1.000741197639649860e+00,1.000864913704238690e+00,9.998986842515877882e-01,9.968277618373161397e-01,-9.653944697440661193e-02,3.080695112876178920e-01,4.941317597666472494e-02,7.411976396498598518e-02,8.649137042386900731e-02,-1.013157484122118035e-02,-3.172238162683860274e-01
6.955826688217290332e-01,5.897677644316252632e-01,6.979837527668157904e-01,6.973140058745826986e-01,8.169236562847900229e-01,8.202208634670177245e-01,4.624317453028309877e-01,4.638526632609433209e-01,2.440481644111185469e-02,1.000488096328822296e+00,1.000732144493233333e+00,1.000854347253958831e+00,9.998939823658161696e-01,9.968310112366565168e-01,-9.595451034185355221e-02,3.072708507894115204e-01,4.880963288222961438e-02,7.321444932333331934e-02,8.543472539588314874e-02,-1.060176341838303671e-02,-3.168988763343483228e-01
6.925809247117125089e-01,5.908137007808499375e-01,6.989943636878588329e-01,6.983277180822433650e-01,8.161845237934001185e-01,8.194674648683376583e-01,4.626822976891460382e-01,4.641003011199433814e-01,2.410673822607685077e-02,1.000482134764521636e+00,1.000723202146782231e+00,1.000843910178361051e+00,9.998893843205168830e-01,9.968343408870975475e-01,-9.537210029824554069e-02,3.064745372536451518e-01,4.821347645216356170e-02,7.232021467822313809e-02,8.439101783610514218e-02,-1.106156794831170131e-02,-3.165659112902452499e-01
6.895844946850890889e-01,5.918614920684293068e-01,7.000055198068459994e-01,6.993419691208269118e-01,8.154433121767564741e-01,8.187120392010123204e-01,4.629308187063916891e-01,4.643459082962262952e-01,2.381230839252427428e-02,1.000476246167850469e+00,1.000714369251775704e+00,1.000833600901547715e+00,9.998848886361751953e-01,9.968377492694613373e-01,-9.479220766747419036e-02,3.056805752939316667e-01,4.762461678504692486e-02,7.143692517757038729e-02,8.336009015477152673e-02,-1.151113638248046911e-02,-3.162250730538662680e-01
6.865933693341674804e-01,5.929111415840437882e-01,7.010172166763299906e-01,7.003567545444517872e-01,8.147000224566411930e-01,8.179545874271615391e-01,4.631772998988142320e-01,4.645894763945538908e-01,2.352148247067968254e-02,1.000470429649413573e+00,1.000705644474120470e+00,1.000823417864515008e+00,9.998804938499944450e-01,9.968412348833010084e-01,-9.421482328345559543e-02,3.048889693100597098e-01,4.704296494135729034e-02,7.056444741204703774e-02,8.234178645150080911e-02,-1.195061500055549786e-02,-3.158765116698991626e-01
6.836075392679106244e-01,5.939626526232080206e-01,7.020294498304190389e-01,7.013720698889236438e-01,8.139546557102893543e-01,8.171951105624414291e-01,4.634217328386493473e-01,4.648309970468110786e-01,2.323421646931136605e-02,1.000464684329386289e+00,1.000697026494079322e+00,1.000813359525070556e+00,9.998761985158118870e-01,9.968447962467862355e-01,-9.363993799037784171e-02,3.040997234914742942e-01,4.646843293862890079e-02,6.970264940793224895e-02,8.133595250705560886e-02,-1.238014841881129868e-02,-3.155203753213764450e-01
6.806269951119072736e-01,5.950160284872809680e-01,7.030422147848396364e-01,7.023879106717951792e-01,8.132072130705800816e-01,8.164336096762674355e-01,4.636641091266357484e-01,4.650704619125265449e-01,2.295046687324858725e-02,1.000459009337465011e+00,1.000688514006197405e+00,1.000803424357742610e+00,9.998720012040039906e-01,9.968484318965815660e-01,-9.306754264318274628e-02,3.033128418198730580e-01,4.590093374650106028e-02,6.885140061974048820e-02,8.034243577426103400e-02,-1.279987959960093846e-02,-3.151568103418433964e-01
6.776517275083420166e-01,5.960712724834764664e-01,7.040555070369985957e-01,7.034042723924273099e-01,8.124576957262226173e-01,8.156700858920344910e-01,4.639044203925267729e-01,4.653078626793949457e-01,2.267019064080767060e-02,1.000453403812816111e+00,1.000680105719224278e+00,1.000793610853691451e+00,9.998679005013977328e-01,9.968521403877274034e-01,-9.249762810775982724e-02,3.025283280725516999e-01,4.534038128161110848e-02,6.801057192242776495e-02,7.936108536914510125e-02,-1.320994986022672180e-02,-3.147859612272596586e-01
6.746817271159655238e-01,5.971283879248738824e-01,7.050693220660473326e-01,7.044211505320512323e-01,8.117061049219399527e-01,8.149045403873336202e-01,4.641426582956033609e-01,4.655431910637982118e-01,2.239334520113041641e-02,1.000447866904022654e+00,1.000671800356033980e+00,1.000783917520612354e+00,9.998638950111701229e-01,9.968559202935113328e-01,-9.193018526132708257e-02,3.017461858252380447e-01,4.478669040226535003e-02,6.718003560339802505e-02,7.839175206123538686e-02,-1.361049888298770938e-02,-3.144079706488667192e-01
6.717169846100656816e-01,5.981873781304278825e-01,7.060836553329471466e-01,7.054385405538313725e-01,8.109524419586509048e-01,8.141369743941651027e-01,4.643788145251879218e-01,4.657764388113283527e-01,2.211988845144008051e-02,1.000442397769028879e+00,1.000663596653543097e+00,1.000774342882639889e+00,9.998599833527496150e-01,9.968597702053434428e-01,-9.136520499282428653e-02,3.009664184550399080e-01,4.423977690288793951e-02,6.635966535430970481e-02,7.743428826398890408e-02,-1.400166472503849846e-02,-3.140229794656557161e-01
6.687574906824385046e-01,5.992482464249793139e-01,7.070985022805347242e-01,7.064564379029303343e-01,8.101967081936477522e-01,8.133673891991494154e-01,4.646128808011580902e-01,4.660075976973104273e-01,2.184977875421881960e-02,1.000436995575084476e+00,1.000655493362626602e+00,1.000764885480247113e+00,9.998561641617152995e-01,9.968636887326254303e-01,-9.080267820305139292e-02,3.001890291434340940e-01,4.369955750844756182e-02,6.554933626266024049e-02,7.648854802471127812e-02,-1.438358382847004791e-02,-3.136311267374569667e-01
6.658032360413579376e-01,6.003109961392657512e-01,7.081138583335903069e-01,7.074748380065740694e-01,8.094389050407709840e-01,8.125957861437327345e-01,4.648448488744607587e-01,4.662366595273250702e-01,2.158297493431088690e-02,1.000431659498686177e+00,1.000647489248029265e+00,1.000755543870142983e+00,9.998524360896906549e-01,9.968676745026182617e-01,-9.024259580515045509e-02,2.994140208790811997e-01,4.316594986861765904e-02,6.474892480292648855e-02,7.555438701429828541e-02,-1.475639103093451254e-02,-3.132325497381738266e-01
6.628542114115483219e-01,6.013756306099313775e-01,7.091297188989054145e-01,7.084937362741182687e-01,8.086790339705820507e-01,8.118221666243921053e-01,4.650747105276267779e-01,4.664636161377327950e-01,2.131943627595647012e-02,1.000426388725519145e+00,1.000639583088278606e+00,1.000746316625167331e+00,9.998487978042361890e-01,9.968717261603076141e-01,-8.968494872484852887e-02,2.986413964608621852e-01,4.263887255191445291e-02,6.395830882786057714e-02,7.463166251673314378e-02,-1.512021957638109981e-02,-3.128273839692385927e-01
6.599104075341535314e-01,6.024421531795380869e-01,7.101460793653529002e-01,7.095131280971171961e-01,8.079170965105316737e-01,8.110465320928339494e-01,4.653024575752859882e-01,4.666884593961970751e-01,2.105912251975936705e-02,1.000421182450395241e+00,1.000631773675592751e+00,1.000737202334184062e+00,9.998452479887427469e-01,9.968758423682680947e-01,-8.912972790068254825e-02,2.978711585005612839e-01,4.211824503952410481e-02,6.317736755927505499e-02,7.372023341840616695e-02,-1.547520112572531303e-02,-3.124157631731905305e-01
6.569718151667087724e-01,6.035105671965756979e-01,7.111629351039574498e-01,7.105330088493911900e-01,8.071530942451258239e-01,8.102688840561917960e-01,4.655280818646815311e-01,4.669111812022079810e-01,2.080199385959302996e-02,1.000416039877191965e+00,1.000624059815787836e+00,1.000728199601970569e+00,9.998417853423158252e-01,9.968800218065241303e-01,-8.857692428447182242e-02,2.971033094258072604e-01,4.160398771919648908e-02,6.240598157878363139e-02,7.281996019705694323e-02,-1.582146576841747532e-02,-3.119978193475869688e-01
6.540384250831119406e-01,6.045808760154722794e-01,7.121802814679675242e-01,7.115533738870981617e-01,8.063870288160890354e-01,8.094892240772186831e-01,4.657515752761862693e-01,4.671317734876067052e-01,2.054801093944865625e-02,1.000410960218788947e+00,1.000616440328183421e+00,1.000719307049106943e+00,9.998384085796656606e-01,9.968842631724109671e-01,-8.802652884142785072e-02,2.963378514827333388e-01,4.109602187889471736e-02,6.164403281834207604e-02,7.193070491069430972e-02,-1.615914203343393751e-02,-3.115736827589032920e-01
6.511102280735938663e-01,6.056530829966051410e-01,7.131981137929279679e-01,7.125742185488040947e-01,8.056189019225231673e-01,8.087075537744772280e-01,4.659729297238164869e-01,4.673502282171094757e-01,2.029713485022885400e-02,1.000405942697004669e+00,1.000608914045506781e+00,1.000710523311862943e+00,9.998351164309914330e-01,9.968885651804331172e-01,-8.747853255049645171e-02,2.955747867390746686e-01,4.059426970046686733e-02,6.089140455067809654e-02,7.105233118629428191e-02,-1.648835690085670436e-02,-3.111434819566882837e-01
6.481872149446898934e-01,6.067271915063108256e-01,7.142164273967543942e-01,7.135955381555552091e-01,8.048487153210642786e-01,8.079238748225257005e-01,4.661921371557486427e-01,4.675665373888310272e-01,2.004932712649067778e-02,1.000400986542529846e+00,1.000601479813794770e+00,1.000701847042082537e+00,9.998319076418629159e-01,9.968929265621209179e-01,-8.693292640471217414e-02,2.948141170864955196e-01,4.009865425298464459e-02,6.014798137947696688e-02,7.018470420825373424e-02,-1.680923581370841191e-02,-3.107073437879082078e-01
6.452693765192105690e-01,6.078032049168963225e-01,7.152352175798084577e-01,7.146173280109525683e-01,8.040764708260356164e-01,8.071381889521002106e-01,4.664091895548340139e-01,4.677806930348094583e-01,1.980454974314140373e-02,1.000396090994862819e+00,1.000594136492294339e+00,1.000693276907067109e+00,9.998287809731037923e-01,9.968973460658872021e-01,-8.638970141133230085e-02,2.940558442436524422e-01,3.960909948628188459e-02,5.941364922943392912e-02,6.932769070671085387e-02,-1.712190268962077155e-02,-3.102653934112797884e-01
6.423567036362132221e-01,6.088811266066490591e-01,7.162544796249739054e-01,7.156395834012255763e-01,8.033021703095972743e-01,8.063504979502944536e-01,4.666240789391140620e-01,4.679926872215293687e-01,1.956276511209035715e-02,1.000391255302241822e+00,1.000586882953362622e+00,1.000684811589456880e+00,9.998257352006699739e-01,9.969018224568799713e-01,-8.584884859223283760e-02,2.932999697587155841e-01,3.912553022418219228e-02,5.868829533626218620e-02,6.848115894568795881e-02,-1.742647993300261433e-02,-3.098177543120028687e-01
6.394491871509733194e-01,6.099609599598478926e-01,7.172742087977339587e-01,7.166622995953084718e-01,8.025258157018931859e-01,8.055608036607339040e-01,4.668367973623358536e-01,4.682025120504458848e-01,1.932393607886002604e-02,1.000386478721577266e+00,1.000579718082365899e+00,1.000676449787111899e+00,9.998227691155294750e-01,9.969063545168379559e-01,-8.531035898406891249e-02,2.925464950120524321e-01,3.864787215772658158e-02,5.797180823658987237e-02,6.764497871118990702e-02,-1.772308844705250408e-02,-3.093645483162044130e-01
6.365468179349553779e-01,6.110427083667734349e-01,7.182944003462504723e-01,7.176854718449173776e-01,8.017474089911940105e-01,8.047691079837485661e-01,4.670473369144671483e-01,4.684101596585087957e-01,1.908802591915975330e-02,1.000381760518383123e+00,1.000572640777574795e+00,1.000668190212990583e+00,9.998198815235390668e-01,9.969109410439419561e-01,-8.477422363860327714e-02,2.917954212189905472e-01,3.817605183831229709e-02,5.726407775747954787e-02,6.681902129905825660e-02,-1.801184764609331523e-02,-3.089058956058043925e-01
6.336495868757840988e-01,6.121263752237191547e-01,7.193150495014428714e-01,7.187090953846276831e-01,8.009669522240367989e-01,8.039754128765402852e-01,4.672556897222109318e-01,4.686156222186844689e-01,1.885499833542469972e-02,1.000377099966708538e+00,1.000565649950062808e+00,1.000660031595028476e+00,9.998170712453212650e-01,9.969155808526662943e-01,-8.424043362295491333e-02,2.910467494322077076e-01,3.770999667085384033e-02,5.656499500628076049e-02,6.600315950284763034e-02,-1.829287546787350394e-02,-3.084419147333705702e-01
6.307574848772166121e-01,6.132119639330014804e-01,7.203361514770694196e-01,7.197331654319545358e-01,8.001844475053621064e-01,8.031797203533469487e-01,4.674618479495201151e-01,4.688188919404804866e-01,1.862481745332335292e-02,1.000372496349066553e+00,1.000558744523599719e+00,1.000651972676014134e+00,9.998143371161396509e-01,9.969202727736307112e-01,-8.370898001973718638e-02,2.903004805446528502e-01,3.724963490665533783e-02,5.587445235997190451e-02,6.519726760141342226e-02,-1.856628838603491261e-02,-3.079727226369288751e-01
6.278705028591136106e-01,6.142994779029707919e-01,7.213577014698092649e-01,7.207576771874317778e-01,7.993998969986462200e-01,8.023820324856036912e-01,4.676658037981122340e-01,4.690199610704671729e-01,1.839744781823619488e-02,1.000367948956364827e+00,1.000551923434547019e+00,1.000644012213464329e+00,9.998116779857707526e-01,9.969250156534474883e-01,-8.317985392751776896e-02,2.895566152917860570e-01,3.679489563648274952e-02,5.519234345470191982e-02,6.440122134643289087e-02,-1.883220142292474364e-02,-3.074984346552511738e-01
6.249886317574098182e-01,6.153889205480221891e-01,7.223796946593449286e-01,7.217826258346948798e-01,7.986133029260317207e-01,8.015823514020983254e-01,4.678675495079828162e-01,4.692188218927998422e-01,1.817285439170800848e-02,1.000363457087834140e+00,1.000545185631751322e+00,1.000636148979501039e+00,9.998090927183815868e-01,9.969298083545756750e-01,-8.265304646078273920e-02,2.888151542542427563e-01,3.634570878341403244e-02,5.451856317513215089e-02,6.361489795010388804e-02,-1.909072816184131938e-02,-3.070191645424324989e-01
6.221118625240871225e-01,6.164802952886060394e-01,7.234021262084473491e-01,7.228080065405625421e-01,7.978246675684523836e-01,8.007806792891256631e-01,4.680670773579191923e-01,4.694154667297412709e-01,1.795100254787707766e-02,1.000359020050957559e+00,1.000538530076436228e+00,1.000628381760723329e+00,9.998065801923982088e-01,9.969346497551649922e-01,-8.212854875043763825e-02,2.880760978604352540e-01,3.590200509575591781e-02,5.385300764362277448e-02,6.283817607233288527e-02,-1.934198076017912271e-02,-3.065350244835007842e-01
6.192401861271445984e-01,6.175736055512389688e-01,7.244249912630603694e-01,7.238338144551214048e-01,7.970339932657568571e-01,7.999770183906355081e-01,4.682643796660134194e-01,4.696098879421822803e-01,1.773185806988314406e-02,1.000354637161397608e+00,1.000531955742096413e+00,1.000620709358083005e+00,9.998041393003817001e-01,9.969395387489085048e-01,-8.160635194379849133e-02,2.873394463889258899e-01,3.546371613976084802e-02,5.319557420964127203e-02,6.207093580830047586e-02,-1.958606996182998827e-02,-3.060461251091495249e-01
6.163735935505723074e-01,6.186688547685139650e-01,7.254482849523877785e-01,7.248600447118102030e-01,7.962412824168269010e-01,7.991713710083782063e-01,4.684594487901748705e-01,4.698020779301622096e-01,1.751538714625701376e-02,1.000350307742925215e+00,1.000525461614387712e+00,1.000613130586755162e+00,9.998017689488954973e-01,9.969444742448878571e-01,-8.108644720501097247e-02,2.866051999708322251e-01,3.503077429252154928e-02,5.254616143877122170e-02,6.131305867551617439e-02,-1.982310511045026757e-02,-3.055525755112142861e-01
6.135120757943202108e-01,6.197660463791120344e-01,7.264720023889804645e-01,7.258866924275065857e-01,7.954465374796936272e-01,7.983637395020461991e-01,4.686522771286422140e-01,4.699920291333897771e-01,1.730155636729356974e-02,1.000346031127345769e+00,1.000519046691018765e+00,1.000605644276010953e+00,9.997994680583786042e-01,9.969494551674223937e-01,-8.056882571511432556e-02,2.858733585924323473e-01,3.460311273457694625e-02,5.190466910187652161e-02,6.056442760109526091e-02,-2.005319416213957595e-02,-3.050544832577606336e-01
6.106556238742719689e-01,6.208651838278125279e-01,7.274961386688252318e-01,7.269137527026139356e-01,7.946497609716488553e-01,7.975541262894104699e-01,4.688428571204943385e-01,4.701797340317612761e-01,1.709033272141140258e-02,1.000341806654428289e+00,1.000512709981642434e+00,1.000598249269091244e+00,9.997972355630168062e-01,9.969544804559190565e-01,-8.005347867233329751e-02,2.851439220974108513e-01,3.418066544282893915e-02,5.127099816424340872e-02,5.982492690912444289e-02,-2.027644369831937965e-02,-3.045519544080943497e-01
6.078042288222160749e-01,6.219662705655040202e-01,7.285206888714348406e-01,7.279412206211494096e-01,7.938509554693529147e-01,7.967425338464555473e-01,4.690311812461614438e-01,4.703651851458798272e-01,1.688168359150011427e-02,1.000337633671829929e+00,1.000506450507745004e+00,1.000590944423074724e+00,9.997950704106092212e-01,9.969595490647140679e-01,-7.954039729236737910e-02,2.844168901892811796e-01,3.376336718299288719e-02,5.064505077450043302e-02,5.909444230747240567e-02,-2.049295893907787658e-02,-3.040450935285932133e-01
6.049578816858180996e-01,6.230693100491948577e-01,7.295456480599383786e-01,7.289690912508345333e-01,7.930501236089402273e-01,7.959289647075069585e-01,4.692172420279341893e-01,4.705483750375726859e-01,1.667557675125817124e-02,1.000333511535025144e+00,1.000500267302537827e+00,1.000583728608752221e+00,9.997929715624426228e-01,9.969646599629283790e-01,-7.902957280837295817e-02,2.836922624337938070e-01,3.335115350251438571e-02,5.002673025378268079e-02,5.837286087522208788e-02,-2.070284375573772095e-02,-3.035340037071621033e-01
6.021165735285916032e-01,6.241743057420245933e-01,7.305710112811737433e-01,7.299973596431846845e-01,7.922472680861193384e-01,7.951134214653582388e-01,4.694010320304733974e-01,4.707292963104084960e-01,1.647198036152299275e-02,1.000329439607230420e+00,1.000494159410845629e+00,1.000576600710494368e+00,9.997909379931569918e-01,9.969698121343079089e-01,-7.852099647138591210e-02,2.829700382612000964e-01,3.294396072304195400e-02,4.941594108456293100e-02,5.766007104943682293e-02,-2.090620068430082412e-02,-3.030187865692091087e-01
5.992802954298710461e-01,6.252812611132745335e-01,7.315967735657805671e-01,7.310260208336015753e-01,7.914423916562707273e-01,7.942959067713917243e-01,4.695825438613180358e-01,4.709079416102128768e-01,1.627086296659521411e-02,1.000325417259331884e+00,1.000488125888997937e+00,1.000569559626125260e+00,9.997889686906180629e-01,9.969750045770774394e-01,-7.801465955039142697e-02,2.822502169685147111e-01,3.254172593318838125e-02,4.881258889979367410e-02,5.695596261252600101e-02,-2.110313093819371488e-02,-3.024995422922560628e-01
5.964490384847829230e-01,6.263901796383786191e-01,7.326229299282944751e-01,7.320550698414657331e-01,7.906354971345397331e-01,7.934764233356954577e-01,4.697617701713923677e-01,4.710843036255834559e-01,1.607219349055893920e-02,1.000321443869811144e+00,1.000482165804716717e+00,1.000562604266790556e+00,9.997870626557845419e-01,9.969802363037848503e-01,-7.751055333257469981e-02,2.815327977218244904e-01,3.214438698111443671e-02,4.821658047167165506e-02,5.626042667905561956e-02,-2.129373442154580687e-02,-3.019763696215149729e-01
5.936227938042193397e-01,6.275010647989341939e-01,7.336494753672424540e-01,7.330845016702307593e-01,7.898265873959261496e-01,7.926549739271772088e-01,4.699387036555118802e-01,4.712583750884037359e-01,1.587594123360001191e-02,1.000317518824672014e+00,1.000476278237008021e+00,1.000555733556829141e+00,9.997852189025784320e-01,9.969855063411501295e-01,-7.700866912347838211e-02,2.808177795585952707e-01,3.175188246720139773e-02,4.762782370080209660e-02,5.557335568291410510e-02,-2.147810974215680346e-02,-3.014493658849870528e-01
5.908015525148080371e-01,6.286139200827134399e-01,7.346764048652391077e-01,7.341143113075183635e-01,7.890156653753709337e-01,7.918315613736734981e-01,4.701133370528893241e-01,4.714301487743564056e-01,1.568207586832344111e-02,1.000313641517366570e+00,1.000470462276049632e+00,1.000548946433642339e+00,9.997834364577532495e-01,9.969908137299134943e-01,-7.650899824717365127e-02,2.801051613898237203e-01,3.136415173665696443e-02,4.704622760496324219e-02,5.489464336423388602e-02,-2.165635422467504512e-02,-3.009186270086505743e-01
5.879853057588861898e-01,6.297287489836737029e-01,7.357037133890848013e-01,7.351444937252146206e-01,7.882027340678369187e-01,7.910061885620536248e-01,4.702856631476380889e-01,4.715996175034337101e-01,1.549056743607238849e-02,1.000309811348721434e+00,1.000464717023082262e+00,1.000542241847566460e+00,9.997817143607654611e-01,9.969961575246861774e-01,-7.601153204651985018e-02,2.793949420021183405e-01,3.098113487214337880e-02,4.647170230822617043e-02,5.422418475664603221e-02,-2.182856392345389196e-02,-3.003842475313822646e-01
5.851740446944715401e-01,6.308455550019690383e-01,7.367313958898633608e-01,7.361750438795674478e-01,7.873877965283879732e-01,7.901788584383219183e-01,4.704556747692754115e-01,4.717667741404494297e-01,1.530138634324947067e-02,1.000306027726864944e+00,1.000459041590297415e+00,1.000535618761740908e+00,9.997800516636421442e-01,9.970015367937961059e-01,-7.551626188319576771e-02,2.786871200601455101e-01,3.060277268649436166e-02,4.590415902974154250e-02,5.356187617409080559e-02,-2.199483363578558226e-02,-2.998463206203894060e-01
5.823677604952357534e-01,6.319643416439606476e-01,7.377594473030427702e-01,7.372059567112847489e-01,7.865708558722632748e-01,7.893495740077138834e-01,4.706233647932248632e-01,4.719316115955474733e-01,1.511450335764252979e-02,1.000302290067152766e+00,1.000453435100729260e+00,1.000529076151980723e+00,9.997784474308509806e-01,9.970069506191404640e-01,-7.502317913804619487e-02,2.779816941084952697e-01,3.022900671527661842e-02,4.534351007292602986e-02,5.290761519807229973e-02,-2.215525691490194404e-02,-2.993049380859535979e-01
5.795664443504748853e-01,6.330851124222284243e-01,7.387878625485752027e-01,7.382372271456344448e-01,7.857519152749472546e-01,7.885183383347880159e-01,4.707887261413156721e-01,4.720941228247090837e-01,1.492988960475579753e-02,1.000298597792095068e+00,1.000447896688142713e+00,1.000522613006647576e+00,9.997769007391723584e-01,9.970123980960357013e-01,-7.453227521107977371e-02,2.772786625739150357e-01,2.985977920950677600e-02,4.478966881427126623e-02,5.226130066475764835e-02,-2.230992608276416433e-02,-2.987601903964298700e-01
5.767700874650840692e-01,6.342078708555815014e-01,7.398166365309997161e-01,7.392688500925449491e-01,7.849309779722362101e-01,7.876851545435151758e-01,4.709517517822829347e-01,4.722543008302603207e-01,1.474751656414824072e-02,1.000294950331283017e+00,1.000442425496924415e+00,1.000516228326518764e+00,9.997754106775658123e-01,9.970178783330645444e-01,-7.404354152176649551e-02,2.765780237673993724e-01,2.949503312830170643e-02,4.424254969244145741e-02,5.162283265187639358e-02,-2.245893224341877215e-02,-2.982121666935455551e-01
5.739786810595282063e-01,6.353326204690695755e-01,7.408457641395447268e-01,7.403008204467069753e-01,7.841080472603011442e-01,7.868500258173616313e-01,4.711124347322649952e-01,4.724121386613765461e-01,1.456735606578004293e-02,1.000291347121315511e+00,1.000437020681973488e+00,1.000509921124660861e+00,9.997739763470433472e-01,9.970233904519315571e-01,-7.355696950912264664e-02,2.758797758862335248e-01,2.913471213155105488e-02,4.370206819734878678e-02,5.099211246608614800e-02,-2.260236529566528318e-02,-2.976609548068442912e-01
5.711922163698146537e-01,6.364593647939941201e-01,7.418752402482324815e-01,7.413331330876764547e-01,7.832831264957458295e-01,7.860129553993696616e-01,4.712707680553001599e-01,4.725676294145860212e-01,1.438938028636870155e-02,1.000287787605727452e+00,1.000431681408590956e+00,1.000503690426302272e+00,9.997725968605413183e-01,9.970289335873131487e-01,-7.307255063191446520e-02,2.751839170159783854e-01,2.877876057274519894e-02,4.316814085909559395e-02,5.036904263022723427e-02,-2.274031394586817356e-02,-2.971066412686851343e-01
5.684106846474661356e-01,6.375881073679190436e-01,7.429050597159837510e-01,7.423657828799787861e-01,7.824562190956619867e-01,7.851739465922321637e-01,4.714267448638209679e-01,4.727207662342720051e-01,1.421356174575577613e-02,1.000284271234915145e+00,1.000426406852372718e+00,1.000497535268702665e+00,9.997712713427890918e-01,9.970345068867095817e-01,-7.259027636871029365e-02,2.744904451326442563e-01,2.842712349151454987e-02,4.264068523727182480e-02,4.975352687026646237e-02,-2.287286572109081817e-02,-2.965493113290418314e-01
5.656340771594932093e-01,6.387188517346820138e-01,7.439352173867248563e-01,7.433987646732130861e-01,7.816273285376790225e-01,7.843330027583649278e-01,4.715803583191485182e-01,4.728715423131732987e-01,1.403987330328556986e-02,1.000280797466065685e+00,1.000421196199098528e+00,1.000491454701027738e+00,9.997699989301811474e-01,9.970401095102974232e-01,-7.211013821824520387e-02,2.737993581045107816e-01,2.807974660656853416e-02,4.211961990985280124e-02,4.914547010277381389e-02,-2.300010698188525993e-02,-2.959890489702576843e-01
5.628623851883662876e-01,6.398516014444057820e-01,7.449657080894942496e-01,7.444320733021598802e-01,7.807964583600118802e-01,7.834901273199720295e-01,4.717316016319837990e-01,4.730199508928824570e-01,1.386828815419672255e-02,1.000277365763083903e+00,1.000416048644625855e+00,1.000485447784221549e+00,9.997687787706522888e-01,9.970457406307866588e-01,-7.163212769926086132e-02,2.731106536940786644e-01,2.773657630839032606e-02,4.160486446258548909e-02,4.854477842215487726e-02,-2.312212293477111658e-02,-2.954259369213341202e-01
5.600956000319896599e-01,6.409863600535089523e-01,7.459965266385512050e-01,7.454657035868866854e-01,7.799636121615017847e-01,7.826453237591096679e-01,4.718804680628970738e-01,4.731659852643429476e-01,1.369877982602771445e-02,1.000273975596520648e+00,1.000410963394780861e+00,1.000479513590881719e+00,9.997676100235485253e-01,9.970513994332718122e-01,-7.115623635091172794e-02,2.724243295601984638e-01,2.739755965206480681e-02,4.109633947808610799e-02,4.795135908817194093e-02,-2.323899764514747446e-02,-2.948600566728187822e-01
5.573337130036719600e-01,6.421231311247175277e-01,7.470276678334858422e-01,7.464996503328579225e-01,7.791287936016558779e-01,7.817985956177433415e-01,4.720269509228176563e-01,4.733096387683448092e-01,1.353132217503736322e-02,1.000270626443500843e+00,1.000405939665251154e+00,1.000473651205130432e+00,9.997664918594992844e-01,9.970570851150887259e-01,-7.068245573276625560e-02,2.717403832597873325e-01,2.706264435008431946e-02,4.059396652511537695e-02,4.736512051304320181e-02,-2.335081405007155553e-02,-2.942914884911274065e-01
5.545767154321012971e-01,6.432619182270755687e-01,7.480591264593289269e-01,7.475339083310429400e-01,7.782920064006810801e-01,7.809499464978021388e-01,4.721710435735196332e-01,4.734509047960174244e-01,1.336588938264122485e-02,1.000267317787652877e+00,1.000400976681479204e+00,1.000467859722492081e+00,9.997654234602934009e-01,9.970627968856706769e-01,-7.021077742503049890e-02,2.710588122497837871e-01,2.673177876528765040e-02,4.009766814792037337e-02,4.678597224920810760e-02,-2.345765397065990854e-02,-2.937203114329323128e-01
5.518245986613157239e-01,6.444027249359571830e-01,7.490908972866635596e-01,7.485684723580279254e-01,7.774532543395142881e-01,7.800993800612278095e-01,4.723127394281065872e-01,4.735897767893210708e-01,1.320245595186462020e-02,1.000264049119037324e+00,1.000396073678555986e+00,1.000462138249768262e+00,9.997644040187544379e-01,9.970685339664070446e-01,-6.974119302850259605e-02,2.703796138890445233e-01,2.640491190373239760e-02,3.960736785559859641e-02,4.621382497682624546e-02,-2.355959812455621361e-02,-2.931466033592955434e-01
5.490773540506783679e-01,6.455455548330769622e-01,7.501229750717384182e-01,7.496033371761263719e-01,7.766125412598480215e-01,7.792469000300197290e-01,4.724520319514948219e-01,4.737262482415364739e-01,1.304099670381347886e-02,1.000260819934076340e+00,1.000391229901114398e+00,1.000456485904912096e+00,9.997634327386131226e-01,9.970742955904978722e-01,-6.927369416492680509e-02,2.697027854401252145e-01,2.608199340763395213e-02,3.912299011143982597e-02,4.564859049120961743e-02,-2.365672613868774476e-02,-2.925704409502127845e-01
5.463349729748487871e-01,6.466904115065016390e-01,7.511553545565811119e-01,7.506384975334922105e-01,7.757698710641527384e-01,7.783925101862753104e-01,4.725889146608940883e-01,4.738603126977524727e-01,1.288148677416331607e-02,1.000257629735483267e+00,1.000386444603224900e+00,1.000450901816906324e+00,9.997625088343855548e-01,9.970800810028160877e-01,-6.880827247700446736e-02,2.690283240711804358e-01,2.576297354832668418e-02,3.864446032249002627e-02,4.509018169063239156e-02,-2.374911656144451655e-02,-2.919918997183912346e-01
5.435974468237554369e-01,6.478372985506614112e-01,7.521880304691128671e-01,7.516739481642336074e-01,7.749252477156941543e-01,7.775362143722261976e-01,4.727233811262865348e-01,4.739919637553507981e-01,1.272390160966748764e-02,1.000254478032193362e+00,1.000381717048290042e+00,1.000445385125640074e+00,9.997616315312489732e-01,9.970858894597649513e-01,-6.834491962849301161e-02,2.683562268576187848e-01,2.544780321933615141e-02,3.817170482900422712e-02,4.453851256400742642e-02,-2.383684687510267963e-02,-2.914110540235048674e-01
5.408647670025705789e-01,6.489862195663610445e-01,7.532209975232645460e-01,7.527096837885277614e-01,7.740786752385467873e-01,7.766780164902699068e-01,4.728554249709036039e-01,4.741211950644904638e-01,1.256821696468534560e-02,1.000251364339293625e+00,1.000377046508940548e+00,1.000439934981787182e+00,9.997608000649202964e-01,9.970917202291400550e-01,-6.788362730434792380e-02,2.676864907841010610e-01,2.513643392936248944e-02,3.770465089405483639e-02,4.399349817871822665e-02,-2.391999350797036072e-02,-2.908279770859945046e-01
5.381369249316816372e-01,6.501371781607910849e-01,7.542542504190932195e-01,7.537456991127363670e-01,7.732301577176032836e-01,7.758179205029961389e-01,4.729850398717004856e-01,4.742480003285871049e-01,1.241440889773074915e-02,1.000248288177954636e+00,1.000372432266931844e+00,1.000434550546685175e+00,9.997600136815334437e-01,9.970975725899920983e-01,-6.742438721084853537e-02,2.670191127459768388e-01,2.482881779546364243e-02,3.724322669318436141e-02,4.345505466851751208e-02,-2.399863184665562699e-02,-2.902427410007901720e-01
5.354139120466649970e-01,6.512901779475394060e-01,7.552877838429007396e-01,7.547819888295227431e-01,7.723796992985790810e-01,7.749559304332105381e-01,4.731122195598291280e-01,4.743723733047932600e-01,1.226245376804187617e-02,1.000245249075360832e+00,1.000367873613041247e+00,1.000429230992213148e+00,9.997592716375166555e-01,9.971034458324857797e-01,-6.696719107576636076e-02,2.663540895512158113e-01,2.452490753608316254e-02,3.678736130412474381e-02,4.292309922131476441e-02,-2.407283624833445046e-02,-2.896554167514220346e-01
5.326957197982582493e-01,6.524452225466026434e-01,7.563215924673517554e-01,7.558185476179699602e-01,7.715273041880132965e-01,7.740920503639517891e-01,4.732369578211076400e-01,4.744943078044744911e-01,1.211232823217263561e-02,1.000242246564643445e+00,1.000363369846965167e+00,1.000423975500674523e+00,9.997585731994762526e-01,9.971093392577674575e-01,-6.651203064832637846e-02,2.656914179222140682e-01,2.422465646434446285e-02,3.633698469651669427e-02,4.239755006745227206e-02,-2.414268005237474313e-02,-2.890660742232542546e-01
5.299823396523353214e-01,6.536023155843971866e-01,7.573556709515942842e-01,7.568553701436993020e-01,7.706729766532652848e-01,7.732262844385056066e-01,4.733592484964893043e-01,4.746137976936829483e-01,1.196400924060659655e-02,1.000239280184812118e+00,1.000358920277218289e+00,1.000418783264676481e+00,9.997579176440734017e-01,9.971152521778288147e-01,-6.605889769946127199e-02,2.650310944971319138e-01,2.392801848121184349e-02,3.589202772182886747e-02,4.187832646764810818e-02,-2.420823559265983249e-02,-2.884747822171185305e-01
5.272737630898769456e-01,6.547614606937708359e-01,7.583900139413802810e-01,7.578924510589908348e-01,7.698167210225067558e-01,7.723586368604132835e-01,4.734790854825274842e-01,4.747308368936297152e-01,1.181747403439347387e-02,1.000236349480687847e+00,1.000354524221031882e+00,1.000413653487011389e+00,9.997573042579070979e-01,9.971211839153710788e-01,-6.560778402178503443e-02,2.643731158318340380e-01,2.363494806878474463e-02,3.545242210318821918e-02,4.136534870113894868e-02,-2.426957420929021225e-02,-2.878816084628921246e-01
5.245699816069466781e-01,6.559226615140141270e-01,7.594246160691884295e-01,7.589297850029040893e-01,7.689585416847093402e-01,7.714891118934764647e-01,4.735964627318391407e-01,4.748454193811534330e-01,1.167270014180915409e-02,1.000233454002836142e+00,1.000350181004254324e+00,1.000408585380541782e+00,9.997567323373969250e-01,9.971271338036744591e-01,-6.515868142984425349e-02,2.637174784013281981e-01,2.334540028361420383e-02,3.501810042543240797e-02,4.085853805417816176e-02,-2.432676626030749745e-02,-2.872866196325540855e-01
5.218709867146618109e-01,6.570859216908717659e-01,7.604594719543458226e-01,7.599673666014002960e-01,7.680984430896283799e-01,7.706177138617571476e-01,4.737113742535650207e-01,4.749575391891878162e-01,1.152966537503937426e-02,1.000230593307500859e+00,1.000345889961251178e+00,1.000403578168081564e+00,9.997562011886651501e-01,9.971331011864636995e-01,-6.471158176001655382e-02,2.630641786016640893e-01,2.305933075008592681e-02,3.458899612511778798e-02,4.035781680815642147e-02,-2.437988113348499297e-02,-2.866898813536300494e-01
5.191767699391682811e-01,6.582512448765541757e-01,7.614945762031530840e-01,7.610051904674649537e-01,7.672364297477820561e-01,7.697444471495726859e-01,4.738238141138285675e-01,4.750671904072249485e-01,1.138834782688767297e-02,1.000227766956537812e+00,1.000341650434806606e+00,1.000398631082280998e+00,9.997557101274204827e-01,9.971390854177777374e-01,-6.426647687081767091e-02,2.624132127512020518e-01,2.277669565378115379e-02,3.416504348066062846e-02,3.986310822809979726e-02,-2.442898725795172865e-02,-2.860914582222262581e-01
5.164873228216129153e-01,6.594186347297489315e-01,7.625299234090090472e-01,7.620432512012326187e-01,7.663725062304261870e-01,7.688693162014862414e-01,4.739337764361910010e-01,4.751743671817768577e-01,1.124872586750788259e-02,1.000224974517350152e+00,1.000337461776025227e+00,1.000393743365513011e+00,9.997552584788441665e-01,9.971450858618410296e-01,-6.382335864285619553e-02,2.617645770923199833e-01,2.249745173501516149e-02,3.374617760252274223e-02,3.937433655130107013e-02,-2.447415211558334747e-02,-2.854914138158970438e-01
5.138026369181190045e-01,6.605880949156317516e-01,7.635655081525363208e-01,7.630815433901115830e-01,7.655066771695248073e-01,7.679923255222932399e-01,4.740412554021045111e-01,4.752790637168344823e-01,1.111077814116173158e-02,1.000222215562823314e+00,1.000333323344234859e+00,1.000388914269757956e+00,9.997548455774747378e-01,9.971511018929333225e-01,-6.338221897891921364e-02,2.611182677929588247e-01,2.222155628233135616e-02,3.333233442348593201e-02,3.889142697579561769e-02,-2.451544225252622056e-02,-2.848898107066677454e-01
5.111227037997565503e-01,6.617596291058790436e-01,7.646013250017087426e-01,7.641200616089099951e-01,7.646389472577161950e-01,7.671134796770027187e-01,4.741462452513620085e-01,4.753812742743233066e-01,1.097448356300149107e-02,1.000219489671259954e+00,1.000329234506890153e+00,1.000384143056491926e+00,9.997544707670953379e-01,9.971571328952628654e-01,-6.294304980411484507e-02,2.604742809481839783e-01,2.194896712599536670e-02,3.292345068901525451e-02,3.841430564919257051e-02,-2.455292329046621091e-02,-2.842867104737134554e-01
5.084475150525189502e-01,6.629332409786783398e-01,7.656373685119793882e-01,7.651588004199627591e-01,7.637693212482743466e-01,7.662327832908142344e-01,4.742487402825453224e-01,4.754809931745567209e-01,1.083982131587858840e-02,1.000216796426317556e+00,1.000325194639476445e+00,1.000379428996573505e+00,9.997541334006205815e-01,9.971631782628386231e-01,-6.250584306598420958e-02,2.598326125815860754e-01,2.167964263175559125e-02,3.251946394764448911e-02,3.794289965735053727e-02,-2.458665993794184601e-02,-2.836821737161376866e-01
5.057770622772939095e-01,6.641089342187407318e-01,7.666736332264089127e-01,7.661977543732603202e-01,7.628978039550667889e-01,7.653502410490898855e-01,4.743487348534692338e-01,4.755782147966862716e-01,1.070677084717786172e-02,1.000214135416943595e+00,1.000321203125415392e+00,1.000374771370134086e+00,9.997538328399867558e-01,9.971692373993469305e-01,-6.207059073440954894e-02,2.591932586468973509e-01,2.141354169435949473e-02,3.212031254153924209e-02,3.747713701340860126e-02,-2.461671600132442350e-02,-2.830762600653069505e-01
5.031113370898399051e-01,6.652867125173115292e-01,7.677101136757963351e-01,7.672369180065767846e-01,7.620244002525069504e-01,7.644658576973216713e-01,4.744462233816235663e-01,4.756729335791483604e-01,1.057531186567820490e-02,1.000211506237313586e+00,1.000317259355970378e+00,1.000370169466465065e+00,9.997535684560374669e-01,9.971753097180242609e-01,-6.163728480192730980e-02,2.585562150292600170e-01,2.115062373135856433e-02,3.172593559703784649e-02,3.701694664650645450e-02,-2.464315439625330839e-02,-2.824690281975739126e-01
5.004503311207564309e-01,6.664665795721830266e-01,7.687468043788090455e-01,7.682762858456001487e-01,7.611491150755027579e-01,7.635796380410952988e-01,4.745412003446114468e-01,4.757651440201093318e-01,1.044542433843940847e-02,1.000208908486768689e+00,1.000313362730153255e+00,1.000365622583912151e+00,9.997533396284192797e-01,9.971813946415365448e-01,-6.120591728366304302e-02,2.579214775469564902e-01,2.089084867686885616e-02,3.133627301532548870e-02,3.656225839121507448e-02,-2.466603715807202946e-02,-2.818605358463455168e-01
4.977940360154615718e-01,6.676485390877048287e-01,7.697836998421150323e-01,7.693158524040640822e-01,7.602719534194011253e-01,7.626915869460471065e-01,4.746336602805861782e-01,4.758548406779061768e-01,1.031708848771595299e-02,1.000206341769754426e+00,1.000309512654631527e+00,1.000361130029764567e+00,9.997531457454699177e-01,9.971874916018573787e-01,-6.077648021735287953e-02,2.572890419524989647e-01,2.063417697544256413e-02,3.095126546315274396e-02,3.611300297645669843e-02,-2.468542545300822511e-02,-2.812508398142621324e-01
4.951424434341622494e-01,6.688325947747963962e-01,7.708207945605155542e-01,7.703556121838787130e-01,7.593929203399271133e-01,7.618017093378188775e-01,4.747235977886828939e-01,4.759420181714848486e-01,1.019028478789728645e-02,1.000203805695757842e+00,1.000305708543636873e+00,1.000356691120147579e+00,9.997529862041104609e-01,9.971936000401443456e-01,-6.034896566355161390e-02,2.566589039343097345e-01,2.038056957578415762e-02,3.057085436368733866e-02,3.566911201475786442e-02,-2.470137958895390895e-02,-2.806399959855654380e-01
4.924955450518302413e-01,6.700187503509584808e-01,7.718580830170790330e-01,7.713955596752642974e-01,7.585120209531189817e-01,7.609100102020059930e-01,4.748110075294490473e-01,4.760266711808351370e-01,1.006499396247541832e-02,1.000201299879249550e+00,1.000301949818874325e+00,1.000352305179917911e+00,9.997528604097403182e-01,9.971997194066226644e-01,-5.992336570562303150e-02,2.560310591179146278e-01,2.012998792495501732e-02,3.019498188743252598e-02,3.523051799179111043e-02,-2.471395902596817962e-02,-2.800280593377335592e-01
4.898533325581755360e-01,6.712070095402845604e-01,7.728955596832755015e-01,7.724356893568847804e-01,7.576292604352589111e-01,7.600164945841019204e-01,4.748958842252703483e-01,4.761087944474224898e-01,9.941196981039512881e-03,1.000198823939620896e+00,1.000298235909431233e+00,1.000347971542555836e+00,9.997527677761295362e-01,9.972058491604632868e-01,-5.949967244981601427e-02,2.554055030674446947e-01,1.988239396208957288e-02,2.982359094312325709e-02,3.479715425558360664e-02,-2.472322238704638409e-02,-2.794150839536713171e-01
4.872157976576194649e-01,6.723973760734727190e-01,7.739332190191122729e-01,7.734759956959826876e-01,7.567446440227993953e-01,7.591211675894377064e-01,4.749782226607943136e-01,4.761883827746163367e-01,9.818875056297818316e-03,1.000196377501125999e+00,1.000294566251688888e+00,1.000343689550062587e+00,9.997527077253161032e-01,9.972119887696683227e-01,-5.907787802532535326e-02,2.547822312868981420e-01,1.963775011259993875e-02,2.945662516888880589e-02,3.436895500625869460e-02,-2.472922746838968067e-02,-2.788011230331677304e-01
4.845829320692687237e-01,6.735898536878378584e-01,7.749710554732701651e-01,7.745164731485146836e-01,7.558581770122851928e-01,7.582240343831170293e-01,4.750580176833504864e-01,4.762654310281153602e-01,9.698009641127000938e-03,1.000193960192822473e+00,1.000290940289233710e+00,1.000339458552856664e+00,9.997526796875015886e-01,9.972181377109544664e-01,-5.865797458433730932e-02,2.541612392214532279e-01,1.939601928224732319e-02,2.909402892337098478e-02,3.394585528566640420e-02,-2.473203124984113543e-02,-2.781862289045533565e-01
4.819547275268933895e-01,6.747844461273212469e-01,7.760090634832411682e-01,7.755571161592881291e-01,7.549698647602699486e-01,7.573251001899463652e-01,4.751352642033666585e-01,4.763399341363689365e-01,9.578582425649235024e-03,1.000191571648513023e+00,1.000287357472769534e+00,1.000335277909670362e+00,9.997526831009476700e-01,9.972242954696360906e-01,-5.823995430213160795e-02,2.535425222588102989e-01,1.915716485130225522e-02,2.873574727695338282e-02,3.352779096703617512e-02,-2.473168990523300081e-02,-2.775704530363909406e-01
4.793311757788938365e-01,6.759811571425056176e-01,7.770472374754668898e-01,7.765979191620994149e-01,7.540797126832291530e-01,7.564243702943597158e-01,4.752099571947823731e-01,4.764118870909960779e-01,9.460575334336357792e-03,1.000189211506686826e+00,1.000283817260030128e+00,1.000331146987447406e+00,9.997527174118741033e-01,9.972304615395124472e-01,-5.782380937705359353e-02,2.529260757305742402e-01,1.892115066868260698e-02,2.838172600301280823e-02,3.311469874474060049e-02,-2.472825881258966518e-02,-2.769538460487552811e-01
4.767122685882796418e-01,6.771799904906247169e-01,7.780855718654774433e-01,7.776388765798711855e-01,7.531877262574687704e-01,7.555218500403406701e-01,4.752820916954591524e-01,4.764812849471992129e-01,9.343970523142204956e-03,1.000186879410462915e+00,1.000280319115694372e+00,1.000327065161245699e+00,9.997527820743602467e-01,9.972366354227562013e-01,-5.740953203068602934e-02,2.523118949132325817e-01,1.868794104629145636e-02,2.803191156943718454e-02,3.270651612456987323e-02,-2.472179256397533109e-02,-2.763364577243798692e-01
4.740979977326422734e-01,6.783809499355757389e-01,7.791240610580316694e-01,7.786799828247926714e-01,7.522939110190287604e-01,7.546175448313373613e-01,4.753516628075863393e-01,4.765481228241764677e-01,9.228750376662452071e-03,1.000184575007533327e+00,1.000276862511299880e+00,1.000323031814133401e+00,9.997528765502424752e-01,9.972428166297993002e-01,-5.699711450779103294e-02,2.516999750297357341e-01,1.845750075333274509e-02,2.768625112998801541e-02,3.230318141334009852e-02,-2.471234497575247602e-02,-2.757183370200699812e-01
4.714883550041306659e-01,6.795840392479306491e-01,7.801626994472582455e-01,7.797212322984595767e-01,7.513982725635821591e-01,7.537114601301744266e-01,4.754186656980841086e-01,4.766123959055286186e-01,9.114897505322249599e-03,1.000182297950106491e+00,1.000273446925159737e+00,1.000319046337093454e+00,9.997530003090171480e-01,9.972490046792250595e-01,-5.658654907642294424e-02,2.510903112505455392e-01,1.822979501064914132e-02,2.734469251597371198e-02,3.190463370934537579e-02,-2.469996909828520160e-02,-2.750995320774940467e-01
4.688833322094230205e-01,6.807892622049489528e-01,7.812014814167974608e-01,7.807626193920154112e-01,7.505008165463297187e-01,7.528036014589595259e-01,4.754830955990027586e-01,4.766740994396633235e-01,9.002394742591512955e-03,1.000180047894851931e+00,1.000270071842277675e+00,1.000315108128923880e+00,9.997531528277416868e-01,9.972551990976563641e-01,-5.617782802794019092e-02,2.504828986948874903e-01,1.800478948519312894e-02,2.700718422776748895e-02,3.151081289238799599e-02,-2.468471722583132077e-02,-2.744800902343635940e-01
4.662829211697034903e-01,6.819966225905885748e-01,7.822404013399437694e-01,7.818041384862931542e-01,7.496015486818906615e-01,7.518939743989851987e-01,4.755449478079181169e-01,4.767332287401953028e-01,8.891225142228169342e-03,1.000177824502844537e+00,1.000266736754266805e+00,1.000311216596143193e+00,9.997533335909398744e-01,9.972613994196507514e-01,-5.577094367707369910e-02,2.498777324319625959e-01,1.778245028445368803e-02,2.667367542668053204e-02,3.112165961431934136e-02,-2.466664090601256021e-02,-2.738600580349248581e-01
4.636871137206346472e-01,6.832061241955185160e-01,7.832794535797897861e-01,7.828457839519585848e-01,7.487004747441883268e-01,7.509825845906263897e-01,4.756042176883237826e-01,4.767897791863429102e-01,8.781371975549017925e-03,1.000175627439511050e+00,1.000263441159266575e+00,1.000307371152892477e+00,9.997535420905034886e-01,9.972676051875911662e-01,-5.536588836196570246e-02,2.492748074820601845e-01,1.756274395110501985e-02,2.634411592665752977e-02,3.073711528924771841e-02,-2.464579094965113626e-02,-2.732394812408833751e-01
4.610959017123337222e-01,6.844177708171300667e-01,7.843186324893700601e-01,7.838875501496539444e-01,7.477976005663307113e-01,7.500694377332326468e-01,4.756609006700185382e-01,4.768437462233209301e-01,8.672818728728458326e-03,1.000173456374574554e+00,1.000260184561861942e+00,1.000303571220840793e+00,9.997537778255983776e-01,9.972738159515792677e-01,-5.496265444413729606e-02,2.486741188178866746e-01,1.734563745745543173e-02,2.601845618619424982e-02,3.035712208407925772e-02,-2.462221744016224179e-02,-2.726184048420732253e-01
4.585092770093446291e-01,6.856315662595494631e-01,7.853579324118072913e-01,7.849294314301420439e-01,7.468929320404879002e-01,7.491545395850164324e-01,4.757149922494914862e-01,4.768951253627289888e-01,8.565549100124792564e-03,1.000171310982002515e+00,1.000256966473003661e+00,1.000299816229093697e+00,9.997540403025713118e-01,9.972800312693343994e-01,-5.456123430871011315e-02,2.480756613654452603e-01,1.713109820025149332e-02,2.569664730036613776e-02,2.998162290936967622e-02,-2.459596974286881732e-02,-2.719968730665600631e-01
4.559272314906146484e-01,6.868475143336491007e-01,7.863973476804578810e-01,7.859714221344527019e-01,7.459864751177637254e-01,7.482378959629356618e-01,4.757664879903018007e-01,4.769439121829370798e-01,8.459546997634357149e-03,1.000169190939952601e+00,1.000253786409929013e+00,1.000296105614097764e+00,9.997543290348568368e-01,9.972862507060866744e-01,-5.416162036424471832e-02,2.474794300054357910e-01,1.691909399526014823e-02,2.537864099290132458e-02,2.961056140977635920e-02,-2.456709651431632224e-02,-2.713749293913325644e-01
4.533497570494675610e-01,6.880656188570601905e-01,7.874368726190584811e-01,7.870135165940282951e-01,7.450782358080637602e-01,7.473195127425725781e-01,4.758153835234552598e-01,4.769901023294657594e-01,8.354796536073176572e-03,1.000167095930721395e+00,1.000250643896082092e+00,1.000292438819549989e+00,9.997546435428850131e-01,9.972924738344766116e-01,-5.376380504281955824e-02,2.468854195742059277e-01,1.670959307213948364e-02,2.506438960820922546e-02,2.924388195499894039e-02,-2.453564571149868812e-02,-2.707526165523388428e-01
4.507768455935792229e-01,6.892858836541840839e-01,7.884765015418747636e-01,7.880557091308708628e-01,7.441682201799579843e-01,7.463993958580076304e-01,4.758616745477770027e-01,4.770336915153637891e-01,8.251282034586200631e-03,1.000165025640691763e+00,1.000247538461037644e+00,1.000288815296306977e+00,9.997549833539908226e-01,9.972987002344523288e-01,-5.336778080019333181e-02,2.462936248649532089e-01,1.650256406917627316e-02,2.475384610376440975e-02,2.888152963069767765e-02,-2.450166460091773857e-02,-2.701299765547671150e-01
4.482084890449509196e-01,6.905083125562047064e-01,7.895162287538493029e-01,7.890979940576906548e-01,7.432564343605401191e-01,7.454775513016878019e-01,4.759053568302802906e-01,4.770746755215800605e-01,8.148988014083974676e-03,1.000162979760281790e+00,1.000244469640422462e+00,1.000285234502294784e+00,9.997553480023245731e-01,9.973049294931720654e-01,-5.297354011567034782e-02,2.457040406285609380e-01,1.629797602817895097e-02,2.444696404224622199e-02,2.852345022947844200e-02,-2.446519976754268910e-02,-2.695070506827934587e-01
4.456446793398849415e-01,6.917329094011007706e-01,7.905560485507507895e-01,7.901403656780541240e-01,7.423428845352809669e-01,7.445539851242917173e-01,4.759464262065301599e-01,4.771130501973330773e-01,8.047899194706791340e-03,1.000160957983894150e+00,1.000241436975841225e+00,1.000281695902419221e+00,9.997557370287620815e-01,9.973111612049018193e-01,-5.258107549220530919e-02,2.451166615749894584e-01,1.609579838941499474e-02,2.414369758412249212e-02,2.816959024192211558e-02,-2.442629712379185136e-02,-2.688838795098180690e-01
4.430854084289592709e-01,6.929596780336569894e-01,7.915959552193251314e-01,7.911828182865341397e-01,7.414275769478786415e-01,7.436287034345893110e-01,4.759848785810046889e-01,4.771488114604752750e-01,7.948000493316122531e-03,1.000158960009866371e+00,1.000238440014799446e+00,1.000278198968479471e+00,9.997561499808175212e-01,9.973173949709204233e-01,-5.219037945646465282e-02,2.445314823740780130e-01,1.589600098663712657e-02,2.384400147994458763e-02,2.781989684794705653e-02,-2.438500191824788388e-02,-2.682605029079576653e-01
4.405306682770013804e-01,6.941886223054771765e-01,7.926359430374453341e-01,7.922253461688598675e-01,7.405105179001029159e-01,7.427017123992960546e-01,4.760207099274499920e-01,4.771819552978530110e-01,7.849277021013114850e-03,1.000156985540420207e+00,1.000235478310630421e+00,1.000274743179080161e+00,9.997565864125568247e-01,9.973236303994216234e-01,-5.180144455877512544e-02,2.439484976567518615e-01,1.569855404202069593e-02,2.354783106304214613e-02,2.747431790801613261e-02,-2.434135874431753166e-02,-2.676369600578376584e-01
4.379804508630644744e-01,6.954197460749955706e-01,7.936760062742639343e-01,7.932679436020684260e-01,7.395917137516361262e-01,7.417730182429242980e-01,4.760539162892331033e-01,4.772124777656630013e-01,7.751714080684438991e-03,1.000155034281613675e+00,1.000232551422420624e+00,1.000271328019545436e+00,9.997570458845110863e-01,9.973298671054180442e-01,-5.141426337317012152e-02,2.433677020159199789e-01,1.550342816136751622e-02,2.325514224206237657e-02,2.713280195454359500e-02,-2.429541154889136578e-02,-2.670132894581955796e-01
4.354347481804012876e-01,6.966530532074892701e-01,7.947161391903652117e-01,7.943106048546558773e-01,7.386711709199097475e-01,7.408426272476281715e-01,4.760844937796893106e-01,4.772403749898036507e-01,7.655297164574850419e-03,1.000153105943291543e+00,1.000229658914937314e+00,1.000267952981832575e+00,9.997575279635901868e-01,9.973361047106472643e-01,-5.102882849749112992e-02,2.427890900074620995e-01,1.531059432915427010e-02,2.296589149373140515e-02,2.679529818325754320e-02,-2.424720364098131853e-02,-2.663895289352735674e-01
4.328935522364381061e-01,6.978885475750905565e-01,7.957563360379182882e-01,7.953533241867308812e-01,7.377488958799350849e-01,7.399105457530449348e-01,4.761124385824652694e-01,4.772656431662225529e-01,7.560011951886714578e-03,1.000151200239037808e+00,1.000226800358556600e+00,1.000264617564450509e+00,9.997580322230015248e-01,9.973423428434788907e-01,-5.064513255326480445e-02,2.422126561512931708e-01,1.512002390378075489e-02,2.268003585566003011e-02,2.646175644505088798e-02,-2.419677769984751592e-02,-2.657657156521109343e-01
4.303568550527523406e-01,6.991262330567985517e-01,7.967965910608315605e-01,7.963960958501679066e-01,7.368248951641310773e-01,7.389767801561312188e-01,4.761377469518582872e-01,4.772882785612596046e-01,7.465844306406363082e-03,1.000149316886128181e+00,1.000223975329192161e+00,1.000261321272373660e+00,9.997585582421649741e-01,9.973485811388209665e-01,-5.026316818580340434e-02,2.416383949323064884e-01,1.493168861281812809e-02,2.239753291921608991e-02,2.613212723736602072e-02,-2.414417578350258609e-02,-2.651418861179033470e-01
4.278246486650449931e-01,7.003661135384917635e-01,7.978368984949070208e-01,7.974389140887606642e-01,7.358991753621461074e-01,7.380413369109946053e-01,4.761604152131503898e-01,4.773082775119847354e-01,7.372780274156762181e-03,1.000147455605483238e+00,1.000221183408224634e+00,1.000258063616962234e+00,9.997591056066311710e-01,9.973548192380307098e-01,-4.988292806426239401e-02,2.410663008012776110e-01,1.474556054832376617e-02,2.211834082246344479e-02,2.580636169622341214e-02,-2.408943933688290073e-02,-2.645180761969290195e-01
4.252969251231162318e-01,7.016081929129402983e-01,7.988772525679960212e-01,7.984817731383779815e-01,7.349717431206768126e-01,7.371042225287208760e-01,4.761804397629387231e-01,4.773256364265325846e-01,7.280806081076855209e-03,1.000145616121621561e+00,1.000218424182432342e+00,1.000254844115878949e+00,9.997596739080003569e-01,9.973610567888223644e-01,-4.950440488157204638e-02,2.404963681758925664e-01,1.456161216215612342e-02,2.184241824323418513e-02,2.548441158789493954e-02,-2.403260919996430545e-02,-2.638943211177635639e-01
4.227736764908414102e-01,7.028524750798178511e-01,7.999176475001549269e-01,7.995246672271185684e-01,7.340426051432814569e-01,7.361654435771968208e-01,4.761978170694611268e-01,4.773403517844317379e-01,7.189908130727085470e-03,1.000143798162614450e+00,1.000215697243921786e+00,1.000251662293009103e+00,9.997602627438412215e-01,9.973672934451787153e-01,-4.912759135449407816e-02,2.399285914416432464e-01,1.437981626144502201e-02,2.156972439217863524e-02,2.516622930091028110e-02,-2.397372561587785000e-02,-2.632706554821284683e-01
4.202548948461453104e-01,7.040989639457140292e-01,8.009580775038027678e-01,8.005675905754682242e-01,7.331117681901889727e-01,7.352250066809270512e-01,4.762125436729171546e-01,4.773524201369290232e-01,7.100073002021063152e-03,1.000142001460040397e+00,1.000213002190060596e+00,1.000248517678381743e+00,9.997608717176135196e-01,9.973735288672639365e-01,-4.875248022362189265e-02,2.393629649526375913e-01,1.420014600403973759e-02,2.130021900605960639e-02,2.485176783817433233e-02,-2.391282823864804286e-02,-2.626471132736063474e-01
4.177405722809772737e-01,7.053476634241467869e-01,8.019985367838781132e-01,8.016105373964561576e-01,7.321792390781041160e-01,7.342829185208481491e-01,4.762246161857840998e-01,4.773618381073101435e-01,7.011287446983184568e-03,1.000140225748939571e+00,1.000210338623409578e+00,1.000245409808089736e+00,9.997615004385871362e-01,9.973797627213358830e-01,-4.837906425339443678e-02,2.387994830326856388e-01,1.402257489395708490e-02,2.103386234095783180e-02,2.454098080897360035e-02,-2.384995614128637698e-02,-2.620237278664117042e-01
4.152307009012861094e-01,7.065985774355746374e-01,8.030390195379977225e-01,8.026535018958130818e-01,7.312450246800068498e-01,7.333391858341371528e-01,4.762340312931291342e-01,4.773686023912148690e-01,6.923538388532087494e-03,1.000138470767770738e+00,1.000207706151655884e+00,1.000242338224213823e+00,9.997621485217665915e-01,9.973859946796600484e-01,-4.800733623210932943e-02,2.382381399760550300e-01,1.384707677707375240e-02,2.077061516558842413e-02,2.423382242138227838e-02,-2.378514782334084643e-02,-2.614005320339951588e-01
4.127252728269963367e-01,7.078517099074088659e-01,8.040795199566150853e-01,8.036964782721294220e-01,7.303091319249493951e-01,7.323938154140150480e-01,4.762407857529160626e-01,4.773727097569473998e-01,6.836812918289726648e-03,1.000136736258365744e+00,1.000205104387548616e+00,1.000239302474743353e+00,9.997628155878128808e-01,9.973922244204250775e-01,-4.763728897190797756e-02,2.376789300483397871e-01,1.367362583657438790e-02,2.051043875486158186e-02,2.393024747433525334e-02,-2.371844121871191646e-02,-2.607775579574922453e-01
4.102242801919826487e-01,7.091070647740257415e-01,8.051200322231807371e-01,8.047394607170148539e-01,7.293715677978466205e-01,7.314468141095467058e-01,4.762448763963081921e-01,4.773741570457828431e-01,6.751098294415915774e-03,1.000135021965888216e+00,1.000202532948832435e+00,1.000236302113502784e+00,9.997635012629687568e-01,9.973984516276591661e-01,-4.726891530881547482e-02,2.371218474873244830e-01,1.350219658882156892e-02,2.025329488324345562e-02,2.363021135027842945e-02,-2.364987370312432446e-02,-2.601548372340833915e-01
4.077277151440450442e-01,7.103646459767792853e-01,8.061605505143016881e-01,8.057824434152575099e-01,7.284323393392634349e-01,7.304981888254360456e-01,4.762463001279647612e-01,4.773729411722679727e-01,6.666381939468092599e-03,1.000133327638789371e+00,1.000199991458184057e+00,1.000233336700075970e+00,9.997642051789842332e-01,9.974046759911465720e-01,-4.690220810271097246e-02,2.365668865039979030e-01,1.333276387893711501e-02,1.999914581840567251e-02,2.333367000759700716e-02,-2.357948210157667646e-02,-2.595324008853427955e-01
4.052355698448855126e-01,7.116244574640131493e-01,8.072010689999030708e-01,8.068254205449845173e-01,7.274914536451976277e-01,7.295479465218158710e-01,4.762450539263352600e-01,4.773690591245173254e-01,6.582651438286315354e-03,1.000131653028765832e+00,1.000197479543148527e+00,1.000230405799729994e+00,9.997649269730397581e-01,9.974108972063456813e-01,-4.653716023740778890e-02,2.360140412830249446e-01,1.316530287658324028e-02,1.974795431485265595e-02,2.304057997299935323e-02,-2.350730269602419042e-02,-2.589102793654318724e-01
4.027478364700809443e-01,7.128865031910736061e-01,8.082415818433887900e-01,8.078683862778234248e-01,7.265489178668576020e-01,7.285960942140341512e-01,4.762411348439455350e-01,4.773625079645046343e-01,6.499894535902986034e-03,1.000129997890718103e+00,1.000194996836077044e+00,1.000227508983345448e+00,9.997656662876779343e-01,9.974171149743096265e-01,-4.617376462049912339e-02,2.354633059839634224e-01,1.299978907181031929e-02,1.949968360770437670e-02,2.275089833454480015e-02,-2.343337123220656792e-02,-2.582885025690373482e-01
4.002645072090615930e-01,7.141507871203212066e-01,8.092820832018045030e-01,8.089113347790635178e-01,7.256047392104367777e-01,7.276426389724350852e-01,4.762345400076820612e-01,4.773532848283491004e-01,6.418099135477484292e-03,1.000128361982709491e+00,1.000192542974064347e+00,1.000224645827340497e+00,9.997664227707271367e-01,9.974233290016045750e-01,-4.581201418350620835e-02,2.349146747417759640e-01,1.283619827094906185e-02,1.925429740643469501e-02,2.246458273404972061e-02,-2.335772292728632848e-02,-2.576670998395425016e-01
3.977855742650837634e-01,7.154173132211439912e-01,8.103225672260002677e-01,8.099542602078183551e-01,7.246589249368822205e-01,7.266875879221360579e-01,4.762252666190692207e-01,4.773413869265966114e-01,6.337253296255203686e-03,1.000126745065925027e+00,1.000190117598887651e+00,1.000221815913602708e+00,9.997671960752329001e-01,9.974295390002330119e-01,-4.545190188183308860e-02,2.343681416677479701e-01,1.267450659250268785e-02,1.901175988876513401e-02,2.218159136027075817e-02,-2.328039247670998790e-02,-2.570460999766988053e-01
3.953110298552071633e-01,7.166860854699693695e-01,8.113630280607931899e-01,8.109971567171883056e-01,7.237114823616609405e-01,7.257309482428002667e-01,4.762133119545426396e-01,4.773268115444964099e-01,6.257345231550979006e-03,1.000125146904631057e+00,1.000187720356946475e+00,1.000219018829415107e+00,9.997679858593857549e-01,9.974357446875538047e-01,-4.509342069472145609e-02,2.338237008502736525e-01,1.251469046310571542e-02,1.877203569464747090e-02,2.190188294151074189e-02,-2.320141406142450791e-02,-2.564255312446195312e-01
3.928408662102700344e-01,7.179571078502769987e-01,8.124034598451326250e-01,8.120400184544244171e-01,7.227624188545195283e-01,7.247727271684042405e-01,4.761986733657168069e-01,4.773095560422717099e-01,6.178363306756676568e-03,1.000123567266135050e+00,1.000185350899202685e+00,1.000216254167388241e+00,9.997687917864515050e-01,9.974419457862064853e-01,-4.473656362535558678e-02,2.332813463555690747e-01,1.235672661350495360e-02,1.853508992026853264e-02,2.162541673882412141e-02,-2.312082135484949674e-02,-2.558054213793514720e-01
3.903750755748640611e-01,7.192303843526109963e-01,8.134438567122631580e-01,8.130828395610925075e-01,7.218117418392415718e-01,7.238129319870016953e-01,4.761813482796483643e-01,4.772896178553863722e-01,6.100296037372646488e-03,1.000122005920747403e+00,1.000183008881121216e+00,1.000213521525391558e+00,9.997696135247055027e-01,9.974481420240357554e-01,-4.438132370066592142e-02,2.327410722284635192e-01,1.220059207474033514e-02,1.830088811212160493e-02,2.135215253915578870e-02,-2.303864752944972949e-02,-2.551857975964244574e-01
3.879136502073112780e-01,7.205059189745925963e-01,8.144842127898912487e-01,8.141256141732374774e-01,7.208594587933991882e-01,7.228515700404822830e-01,4.761613341990934556e-01,4.772669944948056409e-01,6.023132087063028280e-03,1.000120462641741259e+00,1.000180693962611889e+00,1.000210820506483467e+00,9.997704507473605950e-01,9.974543331340155472e-01,-4.402769397155613385e-02,2.322028724931883004e-01,1.204626417412590911e-02,1.806939626118886366e-02,2.108205064834667297e-02,-2.295492526394049548e-02,-2.545666865984452798e-01
3.854565823796383128e-01,7.217837157209328058e-01,8.155245222003499883e-01,8.151683364215492889e-01,7.199055772481012250e-01,7.218886487243262318e-01,4.761386287027608022e-01,4.772416835472517160e-01,5.946860265734472614e-03,1.000118937205314751e+00,1.000178405807972126e+00,1.000208150718844946e+00,9.997713031325021760e-01,9.974605188541751932e-01,-4.367566751269255643e-02,2.316667411539755916e-01,1.189372053147508268e-02,1.784058079721262402e-02,2.081507188449460699e-02,-2.286968674978240301e-02,-2.539481145824806774e-01
3.830038643775537377e-01,7.230637786034447290e-01,8.165647790607654111e-01,8.162110004315279443e-01,7.189501047877370210e-01,7.209241754873552122e-01,4.761132294455590053e-01,4.772136826754547756e-01,5.871469527638339958e-03,1.000117429390552815e+00,1.000176144085829222e+00,1.000205511775713818e+00,9.997721703630230161e-01,9.974666989275272622e-01,-4.332523742260746547e-02,2.311326721959111596e-01,1.174293905528145388e-02,1.761440858292218081e-02,2.055117757138180679e-02,-2.278296369769838847e-02,-2.533301072472737836e-01
3.805554885004220900e-01,7.243461116410564449e-01,8.176049774832236938e-01,8.172536003236500202e-01,7.179930490497156148e-01,7.199581578314770969e-01,4.760851341588385743e-01,4.771829896183976127e-01,5.796948969495850472e-03,1.000115938979389885e+00,1.000173908469084827e+00,1.000202903295317691e+00,9.997730521265550951e-01,9.974728731019949501e-01,-4.297639682371962033e-02,2.306006595855512598e-01,1.159389793898846222e-02,1.739084690848269332e-02,2.029032953176912457e-02,-2.269478734449048574e-02,-2.527126898005049860e-01
3.781114470612412237e-01,7.256307188598234426e-01,8.186451115749376894e-01,8.182961302135358661e-01,7.170344177242010675e-01,7.189906033114289441e-01,4.760543406506291819e-01,4.771496021915562769e-01,5.723287828646324814e-03,1.000114465756573034e+00,1.000171698634859441e+00,1.000200324900809790e+00,9.997739481154077623e-01,9.974790411303400273e-01,-4.262913886219157900e-02,2.300706972716996812e-01,1.144657565730344828e-02,1.716986348594407019e-02,2.003249008097895967e-02,-2.260518845922376840e-02,-2.520958869659972734e-01
3.756717323866172187e-01,7.269176042929412773e-01,8.196851754384155697e-01,8.193385842121170271e-01,7.160742185538429005e-01,7.180215195345127643e-01,4.760208468058709785e-01,4.771135182871341640e-01,5.650475481218019715e-03,1.000113009509624451e+00,1.000169514264436454e+00,1.000197776220204560e+00,9.997748580265019003e-01,9.974852027700938928e-01,-4.228345670801785666e-02,2.295427791860541467e-01,1.130095096244509989e-02,1.695142644364544537e-02,1.977762202045596496e-02,-2.251419734980997234e-02,-2.514797229906107212e-01
3.732363368167406215e-01,7.282067719807582273e-01,8.207251631716283580e-01,8.203809564258033316e-01,7.151124593335037583e-01,7.170509141603296221e-01,4.759846505866415778e-01,4.770747358742916111e-01,5.578501440321499347e-03,1.000111570028806351e+00,1.000167355043209749e+00,1.000195256886314832e+00,9.997757815613083077e-01,9.974913577834875200e-01,-4.193934355501740402e-02,2.290168992438149087e-01,1.115700288063514733e-02,1.673550432097492546e-02,1.952568863148318457e-02,-2.242184386916923344e-02,-2.508642216512479983e-01
3.708052527053626868e-01,7.294982259707881722e-01,8.217650688681791271e-01,8.214232409566522009e-01,7.141491479099814077e-01,7.160787949005077424e-01,4.759457500323762691e-01,4.770332529993697168e-01,5.507355354265323043e-03,1.000110147107085234e+00,1.000165220660627963e+00,1.000192766536688094e+00,9.997767184257839723e-01,9.974975059373822894e-01,-4.159679262075807737e-02,2.284930513445009859e-01,1.101471070852344525e-02,1.652206606279627010e-02,1.927665366880937370e-02,-2.232815742160276784e-02,-2.502494062617710568e-01
3.683784724197705085e-01,7.307919703177229165e-01,8.228048866174723086e-01,8.224654319025370697e-01,7.131842921817272973e-01,7.151051695184267309e-01,4.759041432600841226e-01,4.769890677861087225e-01,5.437027004793760533e-03,1.000108740540095909e+00,1.000163110810143863e+00,1.000190304813546538e+00,9.997776683303126743e-01,9.975036470032041525e-01,-4.125579714660272679e-02,2.279712293724837080e-01,1.087405400959085000e-02,1.631108101438627500e-02,1.903048135465379431e-02,-2.223316696873256504e-02,-2.496352996795847545e-01
3.659559883407643710e-01,7.320880090834452902e-01,8.238446105048831125e-01,8.235075233573169173e-01,7.122179000985610076e-01,7.141300458289382425e-01,4.758598284645582099e-01,4.769421784358609528e-01,5.367506305346418476e-03,1.000107350126106853e+00,1.000161025189160391e+00,1.000187871363724224e+00,9.997786309896423695e-01,9.975097807568750197e-01,-4.091635039763329151e-02,2.274514271976113555e-01,1.073501261068532386e-02,1.610251891603908803e-02,1.878713637242235279e-02,-2.213690103576304580e-02,-2.490219243124980331e-01
3.635377928626322142e-01,7.333863463370418057e-01,8.248842346119277247e-01,8.245495094110056877e-01,7.112499796613805936e-01,7.131534316980815413e-01,4.758128039185797742e-01,4.768925832277984278e-01,5.298783299339453884e-03,1.000105975665986691e+00,1.000158963498980258e+00,1.000185465838608012e+00,9.997796061228265696e-01,9.975159069787480348e-01,-4.057844566268267728e-02,2.269336386759830682e-01,1.059756659866906148e-02,1.589634989802579668e-02,1.854658386080121346e-02,-2.203938771734303970e-02,-2.484093021251965183e-01
3.611238783931274288e-01,7.346869861548152025e-01,8.259237530164340590e-01,8.255913841499430417e-01,7.102805389218687093e-01,7.121753350427952878e-01,4.757630679731179590e-01,4.768402805191144234e-01,5.230848158468344965e-03,1.000104616963169324e+00,1.000156925444753986e+00,1.000183087894078060e+00,9.997805934531653893e-01,9.975220254535426267e-01,-4.024207625427186213e-02,2.264178576503819984e-01,1.046169631693238955e-02,1.569254447539858432e-02,1.830878940780600317e-02,-2.194065468346106940e-02,-2.477974546457373251e-01
3.587142373534437656e-01,7.359899326202975489e-01,8.269631597927127320e-01,8.266331416569646651e-01,7.093095859821944016e-01,7.111957638306255491e-01,4.757106190575232096e-01,4.767852687452205362e-01,5.163691181031729305e-03,1.000103273823620631e+00,1.000154910735431057e+00,1.000180737190448310e+00,9.997815927081458165e-01,9.975281359702793393e-01,-3.990723550862768088e-02,2.259040779510913532e-01,1.032738236206309779e-02,1.549107354310574891e-02,1.807371904483101588e-02,-2.184072918541835051e-02,-2.471864029720660660e-01
3.563088621781913545e-01,7.372951898242631197e-01,8.280024490117288138e-01,8.276747760115733543e-01,7.083371289947116844e-01,7.102147260794289263e-01,4.756554556797157329e-01,4.767275464199369206e-01,5.097302790276379662e-03,1.000101946055805602e+00,1.000152919083708181e+00,1.000178413392408316e+00,9.997826036193838695e-01,9.975342383222159937e-01,-3.957391678569998489e-02,2.253922933963115882e-01,1.019460558056017874e-02,1.529190837081806364e-02,1.784133924083164402e-02,-2.173963806161305357e-02,-2.465761677784006345e-01
3.539077453153753883e-01,7.386027618647404980e-01,8.290416147412732473e-01,8.287162812901111009e-01,7.073631761616531177e-01,7.092322298570717942e-01,4.755975764263674632e-01,4.766671121356774177e-01,5.031673532762974757e-03,1.000100633470655254e+00,1.000150950205982880e+00,1.000176116168968177e+00,9.997836259225710842e-01,9.975403323067882910e-01,-3.924211346901762543e-02,2.248824977928669533e-01,1.006334706552536318e-02,1.509502059828804477e-02,1.761161689681767228e-02,-2.163740774289157898e-02,-2.459667693211708972e-01
3.515108792263688109e-01,7.399126528470266750e-01,8.300806510461350429e-01,8.297576515659302876e-01,7.063877357348208319e-01,7.082482832811257678e-01,4.755369799630796424e-01,4.766039645636293565e-01,4.966794076752305970e-03,1.000099335881535101e+00,1.000149003822302651e+00,1.000173845193399469e+00,9.997846593574150065e-01,9.975464177255458642e-01,-3.891181896574569948e-02,2.243746849367117546e-01,9.933588153510086727e-03,1.490038223026513009e-02,1.738451933994689114e-02,-2.153406425849935246e-02,-2.453582274454135792e-01
3.491182563858910015e-01,7.412248668836989296e-01,8.311195519882745852e-01,8.307988809095662175e-01,7.054108160152712248e-01,7.072628945185592819e-01,4.754736650345536275e-01,4.765381024539274701e-01,4.902655210612076944e-03,1.000098053104212292e+00,1.000147079656318327e+00,1.000171600143179740e+00,9.997857036675835696e-01,9.975524943840895498e-01,-3.858302670671520662e-02,2.238688486136214961e-01,9.805310421229229689e-03,1.470796563183274230e-02,1.716001431797398169e-02,-2.142963324164304240e-02,-2.447505615910450238e-01
3.467298692819837935e-01,7.425394080946280395e-01,8.321583116269960501e-01,8.318399633889099754e-01,7.044324253529991031e-01,7.062760717854242865e-01,4.754076304647570916e-01,4.764695246358213176e-01,4.839247841243684602e-03,1.000096784956824969e+00,1.000145177435237231e+00,1.000169380699939436e+00,9.997867586006529139e-01,9.975585620920160990e-01,-3.825573014630539309e-02,2.233649825994844518e-01,9.678495682496901509e-03,1.451774352372314780e-02,1.693806999394364965e-02,-2.132413993470860802e-02,-2.441437907983901034e-01
3.443457104159877158e-01,7.438562806069912714e-01,8.331969240191204884e-01,8.328808930693811785e-01,7.034525721466142745e-01,7.052878233465399438e-01,4.753388751570828408e-01,4.763982300178390417e-01,4.776562992529056161e-03,1.000095531259850512e+00,1.000143296889775879e+00,1.000167186549404619e+00,9.997878239080514318e-01,9.975646206628542290e-01,-3.792992276241979183e-02,2.228630806613747239e-01,9.553125985051202917e-03,1.432968897758790661e-02,1.671865494046187450e-02,-2.121760919485682351e-02,-2.435379337145771039e-01
3.419657723025182339e-01,7.451754885552854812e-01,8.342353832191606866e-01,8.339216640141018377e-01,7.024712648430170292e-01,7.042981575151714413e-01,4.752673980945046894e-01,4.763242175879425222e-01,4.714591803797118022e-03,1.000094291836076010e+00,1.000141437754114015e+00,1.000165017381345889e+00,9.997888993450072537e-01,9.975706699140095557e-01,-3.760559805654181686e-02,2.223631365574310070e-01,9.429183607601032691e-03,1.414377541140154904e-02,1.650173813458888361e-02,-2.111006549927463283e-02,-2.429330085990444310e-01
3.395900474694422133e-01,7.464970360813398820e-01,8.352736832794940280e-01,8.349622702840692190e-01,7.014885119370682931e-01,7.033070826527056951e-01,4.751931983397242876e-01,4.762474864136792552e-01,4.653325528309897388e-03,1.000093066510566286e+00,1.000139599765849319e+00,1.000162872889522436e+00,9.997899846704941806e-01,9.975767096667033096e-01,-3.728274955367005816e-02,2.218651440379493522e-01,9.306651056628645335e-03,1.395997658493186577e-02,1.628728895224362816e-02,-2.100153295058193592e-02,-2.423290333296690413e-01
3.372185284578552711e-01,7.478209273343289221e-01,8.363118182505372422e-01,8.360027059383308146e-01,7.005043219712572267e-01,7.023146071683227243e-01,4.751162750353151165e-01,4.761680356423270144e-01,4.592755531767874974e-03,1.000091855110635253e+00,1.000137782665952990e+00,1.000160752771632744e+00,9.997910796471823902e-01,9.975827397459199330e-01,-3.696137080222697963e-02,2.213690968455503116e-01,9.185511063525275688e-03,1.377826659529901576e-02,1.607527716327439293e-02,-2.089203528176097890e-02,-2.417260254080066950e-01
3.348512078220569066e-01,7.491471664707858302e-01,8.373497821809212649e-01,8.370429650341582040e-01,6.995187035353631622e-01,7.013207395186630277e-01,4.750366274038584358e-01,4.760858645010334067e-01,4.532873290834401464e-03,1.000090657465816602e+00,1.000135986198725124e+00,1.000158656729261297e+00,9.997921840413855898e-01,9.975887599803473504e-01,-3.664145537411375025e-02,2.208749887159645597e-01,9.065746581660150127e-03,1.359861987251242965e-02,1.586567292612972579e-02,-2.078159586144101567e-02,-2.411240019652649558e-01
3.324880781295289633e-01,7.504757576546149389e-01,8.383875691176660983e-01,8.380830416272219141e-01,6.985316652661158754e-01,7.003254882074915200e-01,4.749542547480752330e-01,4.760009722969489321e-01,4.473670391679110923e-03,1.000089473407833607e+00,1.000134210111750299e+00,1.000156584467826848e+00,9.997932976230090585e-01,9.975947702023225672e-01,-3.632299686464510180e-02,2.203828133782900767e-01,8.947340783360679950e-03,1.342101117502991769e-02,1.565844678268479839e-02,-2.067023769909415165e-02,-2.405229797677432835e-01
3.301291319609107600e-01,7.518067050571053400e-01,8.394251731063556710e-01,8.391229297717656133e-01,6.975432158468505284e-01,6.993288617853574696e-01,4.748691564509507357e-01,4.759133584173548259e-01,4.415138528539926978e-03,1.000088302770570703e+00,1.000132454155856276e+00,1.000154535696533342e+00,9.997944201655020180e-01,9.976007702477766026e-01,-3.600598889256365759e-02,2.198925645557158470e-01,8.830277057070290425e-03,1.324541558562764010e-02,1.545356965333422039e-02,-2.055798344979820058e-02,-2.399229752223397405e-01
3.277743619099759975e-01,7.531400128569439856e-01,8.404625881913139196e-01,8.401626235207828586e-01,6.965533640071602806e-01,6.983308688492506633e-01,4.747813319758545925e-01,4.758230223297846284e-01,4.357269502303556807e-03,1.000087145390046173e+00,1.000130718085069148e+00,1.000152510128319960e+00,9.997955514458078952e-01,9.976067599561824206e-01,-3.569042509989513862e-02,2.194042359658344987e-01,8.714539004617272155e-03,1.307180850691480600e-02,1.525101283199603586e-02,-2.044485541921048366e-02,-2.393240043817579377e-01
3.254237605836107772e-01,7.544756852402282332e-01,8.414998084157800928e-01,8.412021169261907350e-01,6.955621185225435710e-01,6.973315180422535731e-01,4.746907808666536166e-01,4.757299635821397588e-01,4.300055219104303821e-03,1.000086001104382172e+00,1.000129001656573147e+00,1.000150507479811157e+00,9.997966912443140286e-01,9.976127391704985303e-01,-3.537629915208135439e-02,2.189178213212573942e-01,8.600110438217178910e-03,1.290016565731466613e-02,1.505074798111571965e-02,-2.033087556859713985e-02,-2.387260829501469672e-01
3.230773206017887311e-01,7.558137264004796130e-01,8.425368278220848328e-01,8.422414040390072687e-01,6.945694882140498461e-01,6.963308180531900815e-01,4.745975027478201991e-01,4.756341818027997603e-01,4.243487688940866809e-03,1.000084869753778749e+00,1.000127304630668235e+00,1.000148527471269144e+00,9.997978393448061496e-01,9.976187077371198031e-01,-3.506360473775605585e-02,2.184333143300178637e-01,8.486975377874905746e-03,1.273046306682346085e-02,1.485274712691442289e-02,-2.021606551938504026e-02,-2.381292262880196908e-01
3.207350345975485961e-01,7.571541405386567058e-01,8.435736404518267006e-01,8.432804789095259546e-01,6.935754819479196254e-01,6.953287776162710987e-01,4.745014973245337830e-01,4.755356767007256069e-01,4.187559024311083081e-03,1.000083751180486313e+00,1.000125626770729248e+00,1.000146569826546150e+00,9.997989955344189772e-01,9.976246655058231827e-01,-3.475233556891675624e-02,2.179507086959728279e-01,8.375118048631335910e-03,1.256267707292479940e-02,1.465698265461501393e-02,-2.010044655810228065e-02,-2.375334494176817302e-01
3.183968952169720090e-01,7.584969318631681334e-01,8.446102403460481467e-01,8.443193355874927253e-01,6.925801086352224578e-01,6.943254055107352940e-01,4.744027643827761209e-01,4.754344480655581240e-01,4.132261438864268631e-03,1.000082645228777212e+00,1.000123967843165929e+00,1.000144634273035571e+00,9.998001596035898109e-01,9.976306123297168371e-01,-3.444248538074009408e-02,2.174699981194839205e-01,8.264522877721169891e-03,1.239678431659285707e-02,1.446342730355709705e-02,-1.998403964101891361e-02,-2.369387670283162883e-01
3.160628951191577496e-01,7.598421045898865467e-01,8.456466215454125912e-01,8.453579681222821440e-01,6.915833772314907701e-01,6.933207105604872744e-01,4.743013037894220352e-01,4.753304957677099152e-01,4.077587246070953249e-03,1.000081551744921526e+00,1.000122327617382068e+00,1.000142720541628005e+00,9.998013313460136775e-01,9.976365480651913087e-01,-3.413404793162128081e-02,2.169911762976758640e-01,8.155174492152639232e-03,1.223276173820675439e-02,1.427205416280052930e-02,-1.986686539863224965e-02,-2.363451934808691313e-01
3.137330269762024226e-01,7.611896629421607274e-01,8.466827780903808387e-01,8.463963705630741519e-01,6.905852967363507178e-01,6.923147016337313220e-01,4.741971154923229070e-01,4.752238197584509605e-01,4.023528857910056537e-03,1.000080470577158209e+00,1.000120705865737314e+00,1.000140828366662182e+00,9.998025105585959249e-01,9.976424725718683328e-01,-3.382701700306861570e-02,2.165142369248923560e-01,8.047057715820926660e-03,1.207058657373138999e-02,1.408283666621823471e-02,-1.974894414040750945e-02,-2.357527428131667158e-01
3.114072834731735906e-01,7.625396111508299102e-01,8.477187040213882696e-01,8.474345369590302601e-01,6.895858761931487058e-01,6.913073876426030218e-01,4.740901995203846142e-01,4.751144200699888853e-01,3.970078783572867330e-03,1.000079401575671545e+00,1.000119102363507206e+00,1.000138957485882774e+00,9.998036970414093672e-01,9.976483857125526544e-01,-3.352138639975552753e-02,2.160391736931976669e-01,7.940157567154493279e-03,1.191023635072063769e-02,1.389574858827735682e-02,-1.963029585906328478e-02,-2.351614287447345575e-01
3.090856573080902336e-01,7.638919534542363277e-01,8.487543933790223649e-01,8.484724613594710751e-01,6.885851246885749122e-01,6.902987775427954498e-01,4.739805559836394733e-01,4.750022968155425684e-01,3.917229628184091920e-03,1.000078344592563617e+00,1.000117516888845426e+00,1.000137107640392653e+00,9.998048905976476552e-01,9.976542873531822897e-01,-3.321714994945414862e-02,2.155659802927365198e-01,7.834459256361725465e-03,1.175168888454258820e-02,1.371076403926529963e-02,-1.951094023523447518e-02,-2.345712646817710301e-01
3.067681411918972145e-01,7.652466940982388666e-01,8.497898402041992316e-01,8.495101378140531567e-01,6.875830513522841470e-01,6.892888803331836955e-01,4.738681850733121315e-01,4.748874501894107536e-01,3.864974091539391272e-03,1.000077299481830773e+00,1.000115949222746270e+00,1.000135278574611375e+00,9.998060910335841989e-01,9.976601773627827852e-01,-3.291430150292973256e-02,2.150946504123149028e-01,7.729948183077262058e-03,1.159492227462699532e-02,1.352785746113749354e-02,-1.939089664158011317e-02,-2.339822637217214840e-01
3.044547278484441843e-01,7.666038373362262792e-01,8.508250385383419045e-01,8.505475603729460987e-01,6.865796653565123808e-01,6.882777050554447218e-01,4.737530870618798517e-01,4.747698804670330008e-01,3.813304966859491340e-03,1.000076266099337197e+00,1.000114399149005795e+00,1.000133470036228545e+00,9.998072981585258701e-01,9.976660556134184787e-01,-3.261283493401816169e-02,2.146251777395467020e-01,7.626609933719663559e-03,1.143991490057949534e-02,1.334700362285445863e-02,-1.927018414741299424e-02,-2.333944386581521258e-01
3.021454100144611576e-01,7.679633874291307283e-01,8.518599824235574269e-01,8.515847230870100537e-01,6.855749759156900547e-01,6.872652607936745595e-01,4.736352623031256925e-01,4.746495880050458083e-01,3.762215139560473164e-03,1.000075244302791155e+00,1.000112866454186733e+00,1.000131681776163406e+00,9.998085117847728132e-01,9.976719219801463145e-01,-3.231274413950697977e-02,2.141575559614793123e-01,7.524430279115534859e-03,1.128664541867330229e-02,1.316817761634059281e-02,-1.914882152271868421e-02,-2.328078019853685454e-01
2.998401804395374182e-01,7.693253486454409984e-01,8.528946659028145971e-01,8.526216200079729246e-01,6.845689922860529464e-01,6.862515566740020612e-01,4.735147112321873575e-01,4.745265732413329607e-01,3.711697586040206727e-03,1.000074233951720792e+00,1.000111350927581189e+00,1.000129913548521099e+00,9.998097317275764784e-01,9.976777763409711008e-01,-3.201402303913405967e-02,2.136917787649131595e-01,7.423395172079239046e-03,1.113509275811885857e-02,1.299135485210989316e-02,-1.902682724235216227e-02,-2.322223659028899156e-01
2.975390318860973160e-01,7.706897252612155969e-01,8.539290830201218263e-01,8.536582451886083334e-01,6.835617237652487077e-01,6.852366018641989909e-01,4.733914343655978296e-01,4.744008366950681621e-01,3.661745372480592915e-03,1.000073234907449704e+00,1.000109852361174445e+00,1.000128165110550693e+00,9.998109578050961010e-01,9.976836185767988807e-01,-3.171666557550786164e-02,2.132278398368264716e-01,7.323490744970406752e-03,1.098523611744450790e-02,1.281651105506931287e-02,-1.890421949038989524e-02,-2.316381423201119283e-01
2.952419571293782852e-01,7.720565215600969644e-01,8.549632278207051073e-01,8.546945926829130347e-01,6.825531796919412919e-01,6.842204055732870049e-01,4.732654323013220643e-01,4.742723789667532830e-01,3.612351653665530314e-03,1.000072247033073403e+00,1.000108370549609882e+00,1.000126436222603665e+00,9.998121898383597328e-01,9.976894485713930782e-01,-3.142066571410580961e-02,2.127657328647042656e-01,7.224703307340263336e-03,1.083705496098819054e-02,1.264362226036652714e-02,-1.878101616402672036e-02,-2.310551428606921753e-01
2.929489489574077510e-01,7.734257418333242429e-01,8.559970943511857611e-01,8.557306565462846626e-01,6.815433694454114955e-01,6.832029770511418576e-01,4.731367057187866321e-01,4.741412007382497240e-01,3.563509671814385667e-03,1.000071270193436224e+00,1.000106905290154335e+00,1.000124726648093931e+00,9.998134276512236074e-01,9.976952662113313108e-01,-3.112601744320738634e-02,2.123054515369017514e-01,7.127019343622365000e-03,1.069052901543354750e-02,1.247266480939313027e-02,-1.865723487763926158e-02,-2.304733788668689165e-01
2.906600001709813696e-01,7.747973903797468198e-01,8.570306766597586279e-01,8.567664308356991443e-01,6.805323024451543912e-01,6.821843255880939427e-01,4.730052553789027558e-01,4.740073027728037292e-01,3.515212755430763281e-03,1.000070304255108677e+00,1.000105456382663016e+00,1.000123036153456324e+00,9.998146710703308404e-01,9.977010713859602031e-01,-3.083271477391809345e-02,2.118469895431244754e-01,7.030425510867743810e-03,1.054563826630161572e-02,1.230361534563240156e-02,-1.853289296691595922e-02,-2.298928614039796869e-01
2.883751035836394916e-01,7.761714715058380953e-01,8.580639687963701467e-01,8.578019096098893348e-01,6.795199881504739858e-01,6.811644605145255049e-01,4.728710821240839635e-01,4.738706859150652595e-01,3.467454318166398198e-03,1.000069349086363246e+00,1.000104023629545091e+00,1.000121364508107513e+00,9.998159199250740148e-01,9.977068639873539757e-01,-3.054075174003746673e-02,2.113903405746842545e-01,6.934908636324621511e-03,1.040236295450913673e-02,1.213645081075132026e-02,-1.840800749259852154e-02,-2.293136012646024291e-01
2.860942520216440688e-01,7.775479895257091378e-01,8.590969648128959912e-01,8.588370869295223198e-01,6.785064360600751021e-01,6.801433912004655191e-01,4.727341868782581891e-01,4.737313510911022596e-01,3.420227857699951503e-03,1.000068404557153956e+00,1.000102606835731045e+00,1.000119711484407148e+00,9.998171740475562119e-01,9.977126439102730338e-01,-3.025012239803112971e-02,2.109354983249534243e-01,6.840455715395599157e-03,1.026068357310450097e-02,1.197114844071478501e-02,-1.828259524437880756e-02,-2.287356089726966246e-01
2.838174383239580045e-01,7.789269487611215625e-01,8.601296587633199264e-01,8.598719568573774952e-01,6.774916557116514859e-01,6.791211270551807955e-01,4.725945706468723806e-01,4.735892993084062086e-01,3.373526954630670909e-03,1.000067470539092618e+00,1.000101205808638927e+00,1.000118076857617222e+00,9.998184332725509327e-01,9.977184110521198912e-01,-2.996082082705423325e-02,2.104824564895604322e-01,6.747053909261779836e-03,1.012058086389266975e-02,1.180768576172219753e-02,-1.815667274490673222e-02,-2.281588947880108798e-01
2.815446553422213949e-01,7.803083535415016314e-01,8.611620447039113335e-01,8.609065134585240919e-01,6.764756566814712491e-01,6.780976775267645307e-01,4.724522345168922222e-01,4.734445316558943961e-01,3.327345271386524146e-03,1.000066546905427733e+00,1.000099820358141489e+00,1.000116460405866547e+00,9.998196974374664592e-01,9.977241653129000909e-01,-2.967284112888411013e-02,2.100312087669245487e-01,6.654690542773344930e-03,9.982035814148915165e-03,1.164604058665474895e-02,-1.803025625335408222e-02,-2.275834687099909104e-01
2.792758959407291020e-01,7.816922082039537978e-01,8.621941166934034007e-01,8.619407508004999219e-01,6.754584485839604246e-01,6.770730521017216397e-01,4.723071796567949177e-01,4.732970493039039828e-01,3.281676551146770447e-03,1.000065633531022957e+00,1.000098450296534436e+00,1.000114861910110564e+00,9.998209663823078852e-01,9.977299065951813484e-01,-2.938617742778866851e-02,2.095817488585205168e-01,6.563353102295721442e-03,9.845029653443582163e-03,1.148619101105641249e-02,-1.790336176921147882e-02,-2.270093404818651628e-01
2.770111529964085495e-01,7.830785170932742512e-01,8.632258687931713137e-01,8.629746629534882363e-01,6.744400410712818594e-01,6.760472603045509787e-01,4.721594073165568672e-01,4.731468535041807311e-01,3.236514616778739424e-03,1.000064730292335557e+00,1.000097095438503336e+00,1.000113281154095368e+00,9.998222399496401458e-01,9.977356348040536949e-01,-2.910082387061389830e-02,2.091340704690938523e-01,6.473029233555749329e-03,9.709543850333623993e-03,1.132811540953682083e-02,-1.777600503598542048e-02,-2.264365195946305143e-01
2.747504193987975185e-01,7.844672845619644619e-01,8.642572950674104471e-01,8.640082439904964717e-01,6.734204438329124409e-01,6.750203116973253481e-01,4.720089188276337389e-01,4.729939455898617418e-01,3.191853369788681585e-03,1.000063837067395767e+00,1.000095755601093650e+00,1.000111717924321075e+00,9.998235179845521570e-01,9.977413498470899533e-01,-2.881677462665210160e-02,2.086881673072179533e-01,6.383706739576666678e-03,9.575560109365000017e-03,1.117179243210753015e-02,-1.764820154478430325e-02,-2.258650152910046671e-01
2.724936880500212766e-01,7.858585149702450590e-01,8.652883895833138883e-01,8.650414879875332197e-01,6.723996665952178819e-01,6.739922158792680529e-01,4.718557156029365429e-01,4.728383269754518059e-01,3.147686789286440693e-03,1.000062953735785687e+00,1.000094430603678530e+00,1.000110172010004739e+00,9.998248003346206225e-01,9.977470516343071028e-01,-2.853402388763888464e-02,2.082440330853433663e-01,6.295373578568685957e-03,9.443060367853028936e-03,1.101720100047387518e-02,-1.751996653793774783e-02,-2.252948365692897248e-01
2.702409518647712616e-01,7.872522126860692637e-01,8.663191464112509621e-01,8.660743890237866394e-01,6.713777191210233974e-01,6.729629824863266885e-01,4.716997991367991583e-01,4.726799991567937065e-01,3.104008930963875548e-03,1.000062080178619306e+00,1.000093120267928848e+00,1.000108643203045045e+00,9.998260868498756171e-01,9.977527400781280864e-01,-2.825256586769857650e-02,2.078016615203767126e-01,6.208017861930592574e-03,9.312026792884786630e-03,1.086432030450446007e-02,-1.739131501243829092e-02,-2.247259921871913591e-01
2.679922037702817672e-01,7.886483820851368787e-01,8.673495596249444217e-01,8.671069411818019823e-01,6.703546112091830489e-01,6.719326211907448165e-01,4.715411710049418059e-01,4.725189637110325247e-01,3.060813926086767504e-03,1.000061216278521625e+00,1.000091824417782549e+00,1.000107131297987451e+00,9.998273773827653921e-01,9.977584150933438423e-01,-2.797239480323843869e-02,2.073610463338463050e-01,6.121627852162525585e-03,9.182441778254890608e-03,1.071312979874505800e-02,-1.726226172346079224e-02,-2.241584906656157727e-01
2.657474367063090703e-01,7.900470275509076101e-01,8.683796233016489730e-01,8.681391385476588951e-01,6.693303526941457582e-01,6.709011417006298661e-01,4.713798328644276947e-01,4.723552222965733960e-01,3.018095980500087958e-03,1.000060361919610008e+00,1.000090542879414901e+00,1.000105636091988437e+00,9.998286717881218477e-01,9.977640765970768877e-01,-2.769350495302221743e-02,2.069221812521263304e-01,6.036191961000803019e-03,9.054287941490102298e-03,1.056360919884369309e-02,-1.713282118781522811e-02,-2.235923402923112313e-01
2.635066436251070066e-01,7.914481534746155011e-01,8.694093315223281326e-01,8.691709752111490550e-01,6.683049534455185459e-01,6.698685537595195916e-01,4.712157864536126173e-01,4.721887766530338260e-01,2.975849373646441507e-03,1.000059516987472863e+00,1.000089275481209405e+00,1.000104157384781312e+00,9.998299699231265603e-01,9.977697245087426836e-01,-2.741589059801299855e-02,2.064850600070020636e-01,5.951698747286293667e-03,8.927548120940542731e-03,1.041573847813115350e-02,-1.700300768734397394e-02,-2.230275491257316389e-01
2.612698174914072080e-01,7.928517642552821432e-01,8.704386783718324194e-01,8.702024452659536946e-01,6.672784233676279930e-01,6.688348671459446448e-01,4.710490335920903271e-01,4.720196286011891229e-01,2.934068457597597580e-03,1.000058681369151881e+00,1.000088022053727821e+00,1.000102694978642903e+00,9.998312716472780304e-01,9.977753587500165500e-01,-2.713954604138250210e-02,2.060496763356683692e-01,5.868136915188060243e-03,8.802205372782090365e-03,1.026949786429032230e-02,-1.687283527219696211e-02,-2.224641249983450031e-01
2.590369512823964548e-01,7.942578642997304428e-01,8.714676579390768785e-01,8.712335428098205714e-01,6.662507723990784836e-01,6.678000916729900371e-01,4.708795761806306990e-01,4.718477800429125013e-01,2.892747656098774468e-03,1.000057854953122050e+00,1.000086782429682852e+00,1.000101248678360255e+00,9.998325768223588206e-01,9.977809792447956960e-01,-2.686446560850726598e-02,2.056160239811285761e-01,5.785495312204957941e-03,8.678242968285232450e-03,1.012486783602550844e-02,-1.674231776411794215e-02,-2.219020755204303974e-01
2.568080379876931385e-01,7.956664580225990546e-01,8.724962643172172738e-01,8.722642619447417145e-01,6.652220105123078930e-01,6.667642371878522711e-01,4.707074162011111729e-01,4.716732329611084684e-01,2.851881463625668793e-03,1.000057037629272561e+00,1.000085556443908841e+00,1.000099818291195541e+00,9.998338853124022485e-01,9.977865859191641373e-01,-2.659064364672273154e-02,2.051840966925932985e-01,5.703762927256050830e-03,8.555644390884076245e-03,9.981829119554141982e-03,-1.661146875977514981e-02,-2.213414080835862663e-01
2.545830706093272777e-01,7.970775498463557041e-01,8.735244916038286123e-01,8.732945967771295059e-01,6.641921477131417229e-01,6.657273135713958068e-01,4.705325557164439232e-01,4.714959894196403822e-01,2.811464444454051317e-03,1.000056229288889043e+00,1.000084343933333564e+00,1.000098403626855426e+00,9.998351969836603015e-01,9.977921787013587229e-01,-2.631807452553614618e-02,2.047538882255473813e-01,5.622928888904255018e-03,8.434393333356382527e-03,9.840362685542558552e-03,-1.648030163396985159e-02,-2.207821298641277075e-01
2.523620421617167597e-01,7.984911442013111760e-01,8.745523339010811137e-01,8.743245414179938724e-01,6.631611940403441263e-01,6.646893307377064186e-01,4.703549968704952566e-01,4.713160515632522363e-01,2.771491231741651969e-03,1.000055429824634912e+00,1.000083144736952256e+00,1.000097004497460196e+00,9.998365117045744377e-01,9.977977575217362727e-01,-2.604675263641872268e-02,2.043253923422420071e-01,5.542982463491163969e-03,8.314473695225643723e-03,9.700449746019579322e-03,-1.634882954255623133e-02,-2.202242478263727321e-01
2.501449456716473563e-01,7.999072455256333036e-01,8.755797853159177357e-01,8.753540899831192545e-01,6.621291595651663808e-01,6.636502986336411114e-01,4.701747418880002360e-01,4.711334216174832279e-01,2.731956526622323668e-03,1.000054639130532497e+00,1.000081958695798745e+00,1.000095620717508016e+00,9.998378293457409471e-01,9.978033223127367179e-01,-2.577667239280177075e-02,2.038986028116665239e-01,5.463913053249669360e-03,8.195869579874504041e-03,9.562071750801592884e-03,-1.621706542590528599e-02,-2.196677687263282053e-01
2.479317741782487428e-01,8.013258582653610684e-01,8.766068399602299221e-01,8.763832365932402446e-01,6.610960543908939169e-01,6.626102272383778136e-01,4.699917930744698102e-01,4.709481018885780523e-01,2.692855097312232566e-03,1.000053857101946164e+00,1.000080785652919468e+00,1.000094252103846282e+00,9.998391497798813088e-01,9.978088730088514602e-01,-2.550782823002179650e-02,2.034735134102045317e-01,5.385710194616422086e-03,8.078565291946837590e-03,9.425210384628179838e-03,-1.608502201186912117e-02,-2.191126991148539815e-01
2.457225207329745142e-01,8.027469868744180337e-01,8.776334919510349053e-01,8.774119753742187777e-01,6.600618886523906825e-01,6.615691265629605189e-01,4.698061528160940026e-01,4.707600947633893140e-01,2.654181778227970596e-03,1.000053083635564555e+00,1.000079625453346832e+00,1.000092898475642311e+00,9.998404728818149900e-01,9.978144095465936170e-01,-2.524021460526559499e-02,2.030501179214510565e-01,5.308363556455475418e-03,7.962545334683213127e-03,9.289847564231124011e-03,-1.595271181850099751e-02,-2.185590453406383027e-01
2.435171783995784267e-01,8.041706358146271105e-01,8.786597354106508995e-01,8.784403004572193252e-01,6.590266725156408434e-01,6.605270066498439840e-01,4.696178235796364953e-01,4.705694027092748866e-01,2.615931469116362235e-03,1.000052318629382375e+00,1.000078477944073452e+00,1.000091559654348261e+00,9.998417985284244747e-01,9.978199318644593863e-01,-2.497382599750277640e-02,2.026284101367854251e-01,5.231862938237519245e-03,7.847794407345176637e-03,9.155965434826107696e-03,-1.582014715755253320e-02,-2.180068135540613738e-01
2.413157402540944130e-01,8.055968095557237696e-01,8.796855644668738483e-01,8.794682059788849759e-01,6.579904161772894833e-01,6.594838775724356505e-01,4.694268079123255499e-01,4.703760282739898324e-01,2.578099134195963732e-03,1.000051561982683967e+00,1.000077342974025951e+00,1.000090235463675592e+00,9.998431265986296168e-01,9.978254399029022892e-01,-2.470865690749406499e-02,2.022083838555652768e-01,5.156198268396749995e-03,7.734297402595124993e-03,9.023546367559198700e-03,-1.568734013703831920e-02,-2.174560097097710809e-01
2.391181993848143783e-01,8.070255125753704739e-01,8.807109732531526181e-01,8.804956860815132957e-01,6.569531298641798633e-01,6.584397494346346802e-01,4.692331084417375453e-01,4.701799740855703846e-01,2.540679801309938222e-03,1.000050813596026211e+00,1.000076220394039206e+00,1.000088925729561762e+00,9.998444569733557774e-01,9.978309336042969768e-01,-2.444470185764790332e-02,2.017900328852023362e-01,5.081359602621127181e-03,7.622039403920588541e-03,8.892572956176181265e-03,-1.555430266442225928e-02,-2.169066395703023176e-01
2.369245488922659959e-01,8.084567493591707787e-01,8.817359559087646348e-01,8.815227349132306323e-01,6.559148238328897929e-01,6.573946323703699912e-01,4.690367278756749636e-01,4.699812428522136543e-01,2.503668561090219985e-03,1.000050073371221870e+00,1.000075110056832806e+00,1.000087630280145135e+00,9.998457895355088443e-01,9.978364129129138060e-01,-2.418195539210437131e-02,2.013733510415091077e-01,5.007337122187038858e-03,7.511005683280558287e-03,8.763028014513452035e-03,-1.542104644911557187e-02,-2.163587087086193961e-01
2.347347818891905025e-01,8.098905244006834314e-01,8.827605065789907446e-01,8.825493466281684185e-01,6.548755083692652246e-01,6.563485365431359631e-01,4.688376690020378823e-01,4.697798373621508428e-01,2.467060566132880679e-03,1.000049341211322718e+00,1.000074011816983965e+00,1.000086348945731007e+00,9.998471241699423695e-01,9.978418777748810919e-01,-2.392041207650369428e-02,2.009583321490460706e-01,4.934121132271762633e-03,7.401181698396541719e-03,8.634894573100737603e-03,-1.528758300576305018e-02,-2.158122225118908055e-01
2.325488915005229362e-01,8.113268422014362491e-01,8.837846194152907398e-01,8.835755153866369227e-01,6.538351937879522957e-01,6.553014721455253655e-01,4.686359346886909139e-01,4.695757604835142374e-01,2.430851030184493292e-03,1.000048617020603769e+00,1.000072925530905543e+00,1.000085081558767630e+00,9.998484607634330334e-01,9.978473281381623483e-01,-2.366006649812028503e-02,2.005449700411126579e-01,4.861702060376948964e-03,7.292553090554321216e-03,8.508155876763012770e-03,-1.515392365669665509e-02,-2.152671861837651690e-01
2.303668708633692663e-01,8.127657072709403296e-01,8.848082885754768867e-01,8.846012353552997753e-01,6.527938904319274815e-01,6.542534493987617328e-01,4.684315278833225960e-01,4.693690151641983777e-01,2.395035227339335510e-03,1.000047900704546855e+00,1.000071851056820282e+00,1.000083827953815119e+00,9.998497992046515570e-01,9.978527639525213155e-01,-2.340091326568185387e-02,2.001332585601052760e-01,4.790070454685491086e-03,7.185105682028236629e-03,8.382795381511876087e-03,-1.502007953484429947e-02,-2.147236047478684462e-01
2.281887131269846325e-01,8.142071241267042625e-01,8.858315082238891192e-01,8.856265007073486073e-01,6.517516086720256396e-01,6.532044785522286290e-01,4.682244516132993417e-01,4.691596044317152270e-01,2.359608491247327123e-03,1.000047192169824850e+00,1.000070788254737497e+00,1.000082587967519254e+00,9.998511393841360562e-01,9.978581851694952043e-01,-2.314294700936482194e-02,1.997231915577565853e-01,4.719216982485008316e-03,7.078825473749716934e-03,8.258796751925423507e-03,-1.488606158639438348e-02,-2.141814830504795708e-01
2.260144114527526948e-01,8.156510972942484505e-01,8.868542725315684550e-01,8.866513056226762446e-01,6.507083589064663887e-01,6.521545698829973592e-01,4.680147089855142828e-01,4.689475313930437372e-01,2.324566214332563982e-03,1.000046491324286579e+00,1.000069736986429980e+00,1.000081361438583949e+00,9.998524811942655077e-01,9.978635917423660517e-01,-2.288616238075185522e-02,1.993147628952675887e-01,4.649132428657942739e-03,6.973698642998016339e-03,8.136143858394895290e-03,-1.475188057344922754e-02,-2.136408257633948260e-01
2.238439590141636515e-01,8.170976313071190988e-01,8.878765756764305239e-01,8.876756442880506803e-01,6.496641515603788219e-01,6.511037336953536814e-01,4.678023031862290071e-01,4.687327992344729188e-01,2.289903847022284594e-03,1.000045798076940384e+00,1.000068697115410687e+00,1.000080148207743491e+00,9.998538245292328819e-01,9.978689836261309676e-01,-2.263055405271432313e-02,1.989079664435699502e-01,4.579807694038429133e-03,6.869711541068745930e-03,8.014820774349118437e-03,-1.461754707671181208e-02,-2.131016373869032421e-01
2.216773489967922561e-01,8.185467307069026477e-01,8.888984118434393178e-01,8.886995108972876034e-01,6.486189970853244446e-01,6.500519803203215208e-01,4.675872374809103560e-01,4.685154112214396926e-01,2.255616896986130555e-03,1.000045112337939690e+00,1.000067668506909646e+00,1.000078948117737010e+00,9.998551692850191630e-01,9.978743607774752666e-01,-2.237611671948251668e-02,1.985027960835287208e-01,4.511233793969005035e-03,6.766850690964609782e-03,7.894811773700993740e-03,-1.448307149808369942e-02,-2.125639222524733363e-01
2.195145745982782781e-01,8.199984000432395392e-01,8.899197752247794968e-01,8.897228996514237043e-01,6.475729059588182235e-01,6.489993201151859070e-01,4.673695152140608933e-01,4.682953706983601916e-01,2.221700928385623216e-03,1.000044434018567685e+00,1.000066651027851528e+00,1.000077761013280053e+00,9.998565153593668153e-01,9.978797231547432700e-01,-2.212284509646556679e-02,1.980992457060973266e-01,4.443401856768502967e-03,6.665102785152754450e-03,7.776101328005324831e-03,-1.434846406331846680e-02,-2.120276845256729992e-01
2.173556290283027437e-01,8.214526438738393166e-01,8.909406600200290294e-01,8.907458047588887595e-01,6.465258886838489705e-01,6.479457634630141349e-01,4.671491398090437119e-01,4.680726810884558442e-01,2.188151561133629304e-03,1.000043763031222666e+00,1.000065644546834109e+00,1.000076586741041718e+00,9.998578626517569123e-01,9.978850707179136581e-01,-2.187073392024664609e-02,1.976973092125670350e-01,4.376303122266556045e-03,6.564454683410936298e-03,7.658674104171758756e-03,-1.421373482430876578e-02,-2.114929282086341900e-01
2.152005055085686180e-01,8.229094667644941685e-01,8.919610604363313877e-01,8.917682204356774944e-01,6.454779557883966179e-01,6.468913207721749270e-01,4.669261147679012458e-01,4.678473458935731299e-01,2.154964470163772596e-03,1.000043099289403381e+00,1.000064648934104961e+00,1.000075425149617336e+00,9.998592110633819363e-01,9.978904034285708269e-01,-2.161977794855297896e-02,1.972969805147454514e-01,4.309928940338103587e-03,6.464893410496053150e-03,7.542514961733637335e-03,-1.407889366180636870e-02,-2.109596571429173117e-01
2.130491972727783789e-01,8.243688732890938065e-01,8.929809706885672993e-01,8.927901409055213344e-01,6.444291178249494934e-01,6.458360024758563744e-01,4.667004436711688076e-01,4.676193686939978944e-01,2.122135384709587791e-03,1.000042442707694157e+00,1.000063664061541235e+00,1.000074276089502279e+00,9.998605604971207983e-01,9.978957212498783536e-01,-2.136997196018838169e-02,1.968982535350983221e-01,4.244270769415692257e-03,6.366406154123538386e-03,7.427608950227870821e-03,-1.394395028792017044e-02,-2.104278750121646446e-01
2.109016975666129223e-01,8.258308680296395643e-01,8.940003849995259433e-01,8.938115604000598236e-01,6.433793853700189302e-01,6.447798190315824352e-01,4.664721301776814100e-01,4.673887531482635027e-01,2.089660087593352839e-03,1.000041793201751794e+00,1.000062689802627691e+00,1.000073139413069523e+00,9.998619108575174108e-01,9.979010241465540165e-01,-2.112131075494110347e-02,1.965011222070108809e-01,4.179320175179412900e-03,6.268980262769119349e-03,7.313941306952287391e-03,-1.380891424825891889e-02,-2.098975853445983475e-01
2.087579996477106903e-01,8.272954555762587203e-01,8.950192976000755918e-01,8.948324731590107106e-01,6.423287690236537673e-01,6.437227809207278773e-01,4.662411780243760906e-01,4.671555029929538305e-01,2.057534414524417148e-03,1.000041150688290470e+00,1.000061726032435816e+00,1.000072014974542567e+00,9.998632620507528213e-01,9.979063120848431501e-01,-2.087378915357873677e-02,1.961055804749054499e-01,4.115068829046997223e-03,6.172603243581598065e-03,7.201497454256688968e-03,-1.367379492471787472e-02,-2.093687915156849932e-01
2.066180967856465767e-01,8.287626405272190411e-01,8.960377027293344732e-01,8.958528734303410346e-01,6.412772794089522943e-01,6.426648986480317793e-01,4.660075910260874643e-01,4.669196220424998156e-01,2.025754253406960182e-03,1.000040515085068193e+00,1.000060772627602290e+00,1.000070902629973446e+00,9.998646139846253389e-01,9.979115850324942194e-01,-2.062740199775609656e-02,1.957116222944306205e-01,4.051508506819345712e-03,6.077262760229018568e-03,7.090262997344609630e-03,-1.353860153746611061e-02,-2.088414967505780595e-01
2.044819822619101668e-01,8.302324274889432143e-01,8.970555946348405252e-01,8.968727554704362115e-01,6.402249271715731993e-01,6.416061827411099205e-01,4.657713730753378356e-01,4.666811141889707359e-01,1.994315543656948863e-03,1.000039886310873039e+00,1.000059829466309669e+00,1.000069802237216310e+00,9.998659665685235565e-01,9.979168429587315092e-01,-2.038214415002238822e-02,1.953192416326863801e-01,3.988631087303851075e-03,5.982946630966878843e-03,6.980223721630984812e-03,-1.340334314764435319e-02,-2.083157041268490772e-01
2.023496493698853094e-01,8.317048210760233928e-01,8.980729675727204819e-01,8.978921135442700097e-01,6.391717229792462929e-01,6.405466437499655052e-01,4.655325281421224259e-01,4.664399834018598812e-01,1.963214275528327602e-03,1.000039264285510487e+00,1.000058896428265953e+00,1.000068713655906549e+00,9.998673197134068102e-01,9.979220858342350287e-01,-2.013801049365488566e-02,1.949284324682932223e-01,3.926428551048743998e-03,5.889642826595320457e-03,6.871365590654932021e-03,-1.326802865931897557e-02,-2.077914165764971344e-01
2.002210914148288001e-01,8.331798259112354055e-01,8.990898158078599600e-01,8.989109419255731925e-01,6.381176775212804575e-01,6.394862922464994437e-01,4.652910602736878287e-01,4.661962337278642843e-01,1.932446489448173604e-03,1.000038648929788998e+00,1.000057973394683497e+00,1.000067636747435484e+00,9.998686733317798669e-01,9.979273136311114234e-01,-1.989499593275270012e-02,1.945391887916405327e-01,3.864892978899803211e-03,5.797339468349704816e-03,6.763674743548442336e-03,-1.313266682201330582e-02,-2.072686368888576602e-01
1.980963017138490656e-01,8.346574466255535230e-01,9.001061336140706581e-01,8.999292348970020505e-01,6.370628015080713746e-01,6.384251388240180791e-01,4.650469735943052463e-01,4.659498692906587913e-01,1.902008275360783608e-03,1.000038040165507125e+00,1.000057060248260798e+00,1.000066571374928159e+00,9.998700273376721626e-01,9.979325263228731036e-01,-1.965309539202125463e-02,1.941515046050396320e-01,3.804016550712496780e-03,5.706024826079847401e-03,6.657137492815934365e-03,-1.299726623278374404e-02,-2.067473677126896447e-01
1.959752735958857350e-01,8.361376878581648908e-01,9.011219152742595551e-01,9.009469867503062668e-01,6.360071056706083636e-01,6.373631940967415810e-01,4.648002723050389529e-01,4.657008942906650795e-01,1.871895772080527922e-03,1.000037437915441529e+00,1.000056156873162516e+00,1.000065517403220916e+00,9.998713816466150428e-01,9.979377238844133746e-01,-1.941230381685347950e-02,1.937653739228161753e-01,3.743791544152941242e-03,5.615687316251616323e-03,6.551740322091603730e-03,-1.286183533849571958e-02,-2.062276115586625380e-01
1.938580004016883240e-01,8.376205542564841844e-01,9.021371550805954431e-01,9.019641917864964498e-01,6.349506007599792223e-01,6.363004686993094516e-01,4.645509606835076521e-01,4.654493130048143468e-01,1.842105166653409086e-03,1.000036842103332990e+00,1.000055263154999707e+00,1.000064474698838302e+00,9.998727361756202248e-01,9.979429062919839000e-01,-1.917261617315175332e-02,1.933807907715704988e-01,3.684210333299020590e-03,5.526315499970735345e-03,6.447469883830159176e-03,-1.272638243797752367e-02,-2.057093708016100031e-01
1.917444754837953624e-01,8.391060504761680416e-01,9.031518473346770159e-01,9.029808443160108888e-01,6.338932975468751785e-01,6.352369732862862550e-01,4.642990430836422266e-01,4.651951297863052281e-01,1.812632693727126527e-03,1.000036252653874635e+00,1.000054378980811842e+00,1.000063443129971530e+00,9.998740908431578145e-01,9.979480735231712751e-01,-1.893402744740877233e-02,1.929977491901860021e-01,3.625265387463549871e-03,5.437898081184222576e-03,6.344312997152989908e-03,-1.259091568421855101e-02,-2.051926476828724866e-01
1.896346922065139662e-01,8.405941811811298292e-01,9.041659863476982917e-01,9.039969386588820877e-01,6.328352068210941761e-01,6.341727185316662352e-01,4.640445239354357709e-01,4.649383490643554939e-01,1.783474634929638550e-03,1.000035669492698620e+00,1.000053504239047930e+00,1.000062422566457165e+00,9.998754455691364340e-01,9.979532255568748234e-01,-1.869653264651746291e-02,1.926162432301612715e-01,3.566949269862007554e-03,5.350423904793011332e-03,6.242256645716537378e-03,-1.245544308635659903e-02,-2.046774443125176646e-01
1.875286439458982990e-01,8.420849510435541863e-01,9.051795664406150355e-01,9.050124691449022984e-01,6.317763393910434955e-01,6.331077151283764914e-01,4.637874077446905718e-01,4.646789753439487525e-01,1.754627318255987242e-03,1.000035092546365023e+00,1.000052638819547646e+00,1.000061412879754030e+00,9.998768002748804617e-01,9.979583623732836140e-01,-1.846012679780256391e-02,1.922362669555224279e-01,3.509254636502312508e-03,5.263881954764570992e-03,6.141287975403031396e-03,-1.231997251195382503e-02,-2.041637626716386045e-01
1.854263240897289222e-01,8.435783647439119015e-01,9.061925819443099606e-01,9.060274301137891673e-01,6.307167060832415961e-01,6.320419737877793764e-01,4.635276990927573726e-01,4.644170132055757683e-01,1.726087117463390858e-03,1.000034521742349192e+00,1.000051782613524010e+00,1.000060413942924331e+00,9.998781548831120469e-01,9.979634839538563673e-01,-1.822480494890463612e-02,1.918578144432385724e-01,3.452174234919169749e-03,5.178261352400959083e-03,6.041394292433110991e-03,-1.218451168879530755e-02,-2.036516046143632686e-01
1.833277260374923667e-01,8.450744269709743461e-01,9.072050271997578186e-01,9.070418159153499360e-01,6.296563177418190715e-01,6.309755052391748942e-01,4.632654026362712507e-01,4.641524673049700067e-01,1.697850451474424566e-03,1.000033957009029528e+00,1.000050935513544292e+00,1.000059425630610566e+00,9.998795093179273508e-01,9.979685902812975851e-01,-1.799056216781138098e-02,1.914808797831223097e-01,3.395700902952825118e-03,5.093551354429237676e-03,5.942563061056560514e-03,-1.204906820726492356e-02,-2.031409718702414935e-01
1.812328432003609269e-01,8.465731424218280177e-01,9.082168965581891573e-01,9.080556209096459774e-01,6.285951852280190488e-01,6.299083202293009887e-01,4.630005231068806126e-01,4.638853423728377390e-01,1.669913783788202176e-03,1.000033398275675722e+00,1.000050097413513583e+00,1.000058447819016205e+00,9.998808635047800042e-01,9.979736813395374551e-01,-1.775739354270503001e-02,1.911054570780412742e-01,3.339827567572228872e-03,5.009741351358343309e-03,5.844781901620521580e-03,-1.191364952199958083e-02,-2.026318660462544941e-01
1.791416690011702340e-01,8.480745158018900831e-01,9.092281843812539677e-01,9.090688394671561090e-01,6.275333194196965891e-01,6.288404295218347206e-01,4.627330653109716363e-01,4.636156432145837059e-01,1.642273621899426788e-03,1.000032845472438092e+00,1.000049268208657027e+00,1.000057480385885267e+00,9.998822173704591254e-01,9.979787571137108682e-01,-1.752529418193252836e-02,1.907315404441540241e-01,3.284547243809221584e-03,4.926820865702730146e-03,5.748038588526682702e-03,-1.177826295408745949e-02,-2.021242886289131846e-01
1.770541968744003825e-01,8.495785518249222568e-01,9.102388850411849974e-01,9.100814659689394626e-01,6.264707312108176440e-01,6.277718438968910020e-01,4.624630341293873848e-01,4.633433747100302313e-01,1.614926516725255501e-03,1.000032298530334485e+00,1.000048447795501838e+00,1.000056523210481663e+00,9.998835708430712232e-01,9.979838175901364350e-01,-1.729425921398778862e-02,1.903591240108816751e-01,3.229853033448470967e-03,4.844779550183808681e-03,5.652321048166264461e-03,-1.164291569287767558e-02,-2.016182409863565006e-01
1.749704202661543917e-01,8.510852552130461213e-01,9.112489929209598438e-01,9.110934948067979100e-01,6.254074315109579008e-01,6.267025741505223291e-01,4.621904345171418127e-01,4.630685418131320619e-01,1.587869062039842663e-03,1.000031757381240727e+00,1.000047636071861090e+00,1.000055576173569882e+00,9.998849238520197691e-01,9.979888627562967240e-01,-1.706428378740841578e-02,1.899882019210593909e-01,3.175738124072680080e-03,4.763607186109020120e-03,5.557617356988231450e-03,-1.150761479802309140e-02,-2.011137243703275956e-01
1.728903326341377777e-01,8.525946306967576716e-01,9.122585024144627130e-01,9.121049203834374897e-01,6.243434312448000734e-01,6.256326310942170732e-01,4.619152715031272782e-01,4.627911495516853768e-01,1.561097893916420709e-03,1.000031221957878413e+00,1.000046832936817509e+00,1.000054639157395231e+00,9.998862763279872112e-01,9.979938926008169453e-01,-1.683536307074582836e-02,1.896187683312325067e-01,3.122195787841341996e-03,4.683293681750910764e-03,5.463915739523095283e-03,-1.137236720127887679e-02,-2.006107399183054696e-01
1.708139274476383473e-01,8.541066830149425249e-01,9.132674079266456246e-01,9.131157371126296107e-01,6.232787413516315267e-01,6.245620255543974375e-01,4.616375501898192235e-01,4.625112030270317476e-01,1.534609690176917934e-03,1.000030692193803583e+00,1.000046038290705264e+00,1.000053712045664067e+00,9.998876282029153240e-01,9.979989071134455214e-01,-1.660749225249875602e-02,1.892508174114713171e-01,3.069219380358312321e-03,4.603829070526366252e-03,5.371204566406717618e-03,-1.123717970846760394e-02,-2.001092886554478589e-01
1.687411981875053257e-01,8.556214169148903537e-01,9.142757038736887276e-01,9.141259394193713694e-01,6.222133727848413454e-01,6.234907683719173033e-01,4.613572757529735280e-01,4.622287074137577667e-01,1.508401169848892906e-03,1.000030168023396948e+00,1.000045252035095533e+00,1.000052794723526928e+00,9.998889794099888872e-01,9.980039062850363241e-01,-1.638066654104688297e-02,1.888843433458353149e-01,3.016802339694812929e-03,4.525203509553321624e-03,5.279472352692771153e-03,-1.110205900111127519e-02,-1.996093714963675936e-01
1.666721383461287065e-01,8.571388371523102068e-01,9.152833846831601727e-01,9.151355217400450881e-01,6.211473365114170697e-01,6.224188704015588547e-01,4.610744534413199203e-01,4.619436679593876827e-01,1.482469092629775309e-03,1.000029649381852570e+00,1.000044474072778966e+00,1.000051887077556545e+00,9.998903298836145925e-01,9.980088901075273577e-01,-1.615488116462091353e-02,1.885193403321760164e-01,2.964938185257004477e-03,4.447407277896608946e-03,5.188707755654498044e-03,-1.096701163854074679e-02,-1.991109892472642251e-01
1.646067414274197116e-01,8.586589484913450532e-01,9.162904447941747632e-01,9.161444785225777432e-01,6.200806435114406545e-01,6.213463425115299810e-01,4.607890885762497835e-01,4.616560899840728149e-01,1.456810258358283124e-03,1.000029136205167202e+00,1.000043704307750803e+00,1.000050988995731416e+00,9.998916795594059437e-01,9.980138585739219970e-01,-1.593013137115145347e-02,1.881558025824570102e-01,2.913620516720172304e-03,4.370430775080258456e-03,5.098899573141579822e-03,-1.083204405940563220e-02,-1.986141426078003036e-01
1.625450009467890311e-01,8.601817557045872142e-01,9.172968786575534939e-01,9.171528042265985059e-01,6.190133047775846498e-01,6.202731955829605681e-01,4.605011865514999636e-01,4.613659788802751405e-01,1.431421506492910108e-03,1.000028628430129851e+00,1.000042942645194888e+00,1.000050100367417594e+00,9.998930283741630509e-01,9.980188116782715557e-01,-1.570641242842100646e-02,1.877937243226762420e-01,2.862843012985116786e-03,4.294264519488777410e-03,5.010036741759371637e-03,-1.069716258369490802e-02,-1.981188321728444279e-01
1.604869104311279493e-01,8.617072635730926855e-01,9.183026807359798704e-01,9.181604933235972821e-01,6.179453313146081594e-01,6.191994405093989018e-01,4.602107528328296948e-01,4.610733401124459951e-01,1.406299715597401174e-03,1.000028125994312012e+00,1.000042188991467906e+00,1.000049221083349593e+00,9.998943762658574208e-01,9.980237494156553035e-01,-1.548371962375535114e-02,1.874330997932229514e-01,2.812599431201157074e-03,4.218899146790633381e-03,4.922108334959318654e-03,-1.056237341425791953e-02,-1.976250584344696470e-01
1.584324634187870284e-01,8.632354768863967909e-01,9.193078455041577834e-01,9.191675402970813646e-01,6.168767341388521341e-01,6.181250881963074040e-01,4.599177929576946378e-01,4.607781792166996127e-01,1.381441802833122210e-03,1.000027628836056559e+00,1.000041443254084950e+00,1.000048351035613514e+00,9.998957231736141926e-01,9.980286717821639231e-01,-1.526204826409090567e-02,1.870739232487396153e-01,2.762883605655908070e-03,4.144325408494964336e-03,4.835103561351417056e-03,-1.042768263858073752e-02,-1.971328217836076924e-01
1.563816534595559027e-01,8.647664004425289486e-01,9.203123674489676054e-01,9.201739396427309758e-01,6.158075242777354408e-01,6.170501495605592579e-01,4.596223125349144789e-01,4.604805018004820005e-01,1.356844723458217224e-03,1.000027136894469093e+00,1.000040705341703751e+00,1.000047490117629057e+00,9.998970690376938197e-01,9.980335787748805254e-01,-1.504139367596899271e-02,1.867161889583701662e-01,2.713689446909306469e-03,4.070534170375061933e-03,4.749011762905652745e-03,-1.029309623061802625e-02,-1.966421225119474592e-01
1.543344741146432941e-01,8.663000390480276591e-01,9.213162410696216220e-01,9.211796858685556977e-01,6.147377127692500443e-01,6.159746355299339227e-01,4.593243172443371436e-01,4.601803135422351532e-01,1.332505470333491225e-03,1.000026650109406612e+00,1.000039975164110029e+00,1.000046638224132867e+00,9.998984137994776367e-01,9.980384703918637745e-01,-1.482175120536111286e-02,1.863598912057301549e-01,2.665010940661183270e-03,3.997516411002877135e-03,4.663822413286666801e-03,-1.015862005223633346e-02,-1.961529608136225455e-01
1.522909189566572508e-01,8.678363975179557155e-01,9.223194608778190196e-01,9.221847734950490150e-01,6.136673106614561890e-01,6.148985570426128699e-01,4.590238128364960701e-01,4.598776201910561023e-01,1.308421073434888962e-03,1.000026168421468631e+00,1.000039252632203057e+00,1.000045795251159886e+00,9.998997574014496514e-01,9.980433466321291247e-01,-1.460311621765148990e-02,1.860050242892644368e-01,2.616842146863085361e-03,3.925263220305730272e-03,4.579525115988580808e-03,-1.002425985503485606e-02,-1.956653367870875293e-01
1.502509815695833861e-01,8.693754806759154130e-01,9.233220213978997615e-01,9.231891970553415261e-01,6.125963290119788018e-01,6.138219250466756538e-01,4.587208051322655411e-01,4.595724275663504721e-01,1.284588599372495999e-03,1.000025691771987413e+00,1.000038537657981230e+00,1.000044961096028473e+00,9.999010997871806694e-01,9.980482074956342764e-01,-1.438548409764350139e-02,1.856515825218300053e-01,2.569177198741279256e-03,3.853765798123021113e-03,4.496109602847297992e-03,-9.890021281933059072e-03,-1.951792504365723602e-01
1.482146555487666717e-01,8.709172933540633155e-01,9.243239171669981324e-01,9.241929510953552640e-01,6.115247788875017854e-01,6.127447504995959804e-01,4.584153000225082430e-01,4.592647415574835357e-01,1.261005150916012047e-03,1.000025220103018420e+00,1.000037830154527407e+00,1.000044135657322197e+00,9.999024409013129722e-01,9.980530529832585263e-01,-1.416885024940956264e-02,1.852995602314287948e-01,2.522010301841959290e-03,3.783015452740734474e-03,4.413565732219737470e-03,-9.755909868702783427e-03,-1.946947016741473746e-01
1.461819345008903426e-01,8.724618403931257982e-01,9.253251427351949499e-01,9.251960301739553527e-01,6.104526713632653090e-01,6.116670443677377778e-01,4.581073034677208833e-01,4.589545681234240559e-01,1.237667866526531539e-03,1.000024753357330543e+00,1.000037130035995814e+00,1.000043318834875183e+00,9.999037806895443303e-01,9.980578830967907766e-01,-1.395321009628568316e-02,1.849489517607903755e-01,2.475335733054251364e-03,3.713003599581377046e-03,4.331883487518339848e-03,-9.621931045566967100e-03,-1.942116903209223366e-01
1.441528120439556915e-01,8.740091266424142580e-01,9.263256926656695533e-01,9.261984288631022189e-01,6.093800175225604354e-01,6.105888176258509326e-01,4.577968214976732009e-01,4.586419132923847952e-01,1.214573919894614733e-03,1.000024291478397886e+00,1.000036437217596941e+00,1.000042510529753237e+00,9.999051190986111282e-01,9.980626978389088855e-01,-1.373855908078182655e-02,1.845997514676692708e-01,2.429147839788647900e-03,3.643721759694074080e-03,4.251052975323688088e-03,-9.488090138887184111e-03,-1.937302161091114527e-01
1.421272818072623068e-01,8.755591569598398793e-01,9.273255615348505732e-01,9.272001417480020269e-01,6.083068284562261896e-01,6.095100812565686921e-01,4.574838602110434249e-01,4.583267831614585841e-01,1.191720519484520567e-03,1.000023834410389778e+00,1.000035751615584445e+00,1.000041710644241411e+00,9.999064560762760401e-01,9.980674972131670097e-01,-1.352489266455239071e-02,1.842519537249483474e-01,2.383441038977807125e-03,3.575161558444506227e-03,4.171064424141057714e-03,-9.354392372395992084e-03,-1.932502786832990260e-01
1.401053374313876443e-01,8.771119362119297325e-01,9.283247439325663652e-01,9.282011634272571143e-01,6.072331152621454065e-01,6.084308462499035119e-01,4.571684257750487368e-01,4.580091838962489503e-01,1.169104908084551584e-03,1.000023382098161662e+00,1.000035073147242493e+00,1.000040919081824686e+00,9.999077915713088238e-01,9.980722812239761765e-01,-1.331220632833070294e-02,1.839055529206453654e-01,2.338209816166170185e-03,3.507314724249255278e-03,4.091908182468628752e-03,-9.220842869117618079e-03,-1.927718776023823466e-01
1.380869725681685978e-01,8.786674692738409842e-01,9.293232344621941143e-01,9.292014885130150947e-01,6.061588890447423550e-01,6.073511236027446802e-01,4.568505244250720132e-01,4.576891217304970838e-01,1.146724362363422912e-03,1.000022934487247328e+00,1.000034401730870881e+00,1.000040135747175984e+00,9.999091255334755513e-01,9.980770498765932919e-01,-1.310049557186363130e-02,1.835605434579311301e-01,2.293448724732805033e-03,3.440173087088105319e-03,4.013574717598444863e-03,-9.087446652444874928e-03,-1.922950123406708123e-01
1.360721808806792943e-01,8.802257610293771073e-01,9.303210277408082707e-01,9.302011116311174055e-01,6.050841609144789190e-01,6.062709243183553864e-01,4.565301624642822409e-01,4.573666029657035281e-01,1.124576192432511510e-03,1.000022491523848700e+00,1.000033737285773050e+00,1.000039360546136624e+00,9.999104579135199566e-01,9.980818031770997134e-01,-1.288975591383433386e-02,1.832169197553794038e-01,2.249152384870001242e-03,3.373728577305001863e-03,3.936054613662420820e-03,-8.954208648004335913e-03,-1.918196822900286591e-01
1.340609560432124425e-01,8.817868163710027574e-01,9.313181183993284318e-01,9.312000274212468565e-01,6.040089419873532206e-01,6.051902594058711227e-01,4.562073462632531551e-01,4.570416339707469855e-01,1.102657741414014327e-03,1.000022053154828283e+00,1.000033079732242314e+00,1.000038593385705665e+00,9.999117886631525565e-01,9.980865411323920355e-01,-1.267998289183294366e-02,1.828746762469727893e-01,2.205315482828318352e-03,3.307973224231375298e-03,3.859338570566528404e-03,-8.821133684744353332e-03,-1.913458867607964464e-01
1.320532917412602369e-01,8.833506401998590940e-01,9.323145010826662249e-01,9.321982305370746236e-01,6.029332433843973549e-01,6.041091398797971967e-01,4.558820822595754385e-01,4.567142211814962938e-01,1.080966385014852293e-03,1.000021619327700284e+00,1.000032428991550537e+00,1.000037834174022144e+00,9.999131177350344402e-01,9.980912637501638818e-01,-1.247117206227943073e-02,1.825338073820243490e-01,2.161932770028407447e-03,3.242899155053713400e-03,3.783417402214439562e-03,-8.688226496555984113e-03,-1.908736249836118226e-01
1.300491816714923754e-01,8.849172374257795459e-01,9.333101704498711904e-01,9.331957156464057990e-01,6.018570762311762357e-01,6.030275767595087988e-01,4.555543769574657564e-01,4.563843711004209047e-01,1.059499531106265942e-03,1.000021189990622172e+00,1.000031784985933259e+00,1.000037082820350420e+00,9.999144450827619490e-01,9.980959710388900286e-01,-1.226331900039428872e-02,1.821943076254634031e-01,2.118999062217241658e-03,3.178498593325862487e-03,3.708282035042032021e-03,-8.555491723805097593e-03,-1.904028961109971441e-01
1.280486195417387396e-01,8.864866129673050210e-01,9.343051211742755546e-01,9.341924774313244972e-01,6.007804516572866627e-01,6.019455810687491804e-01,4.552242369273705735e-01,4.560520902961944234e-01,1.038254619309033049e-03,1.000020765092386243e+00,1.000031147638579254e+00,1.000036339235067739e+00,9.999157706608561291e-01,9.981006630078158581e-01,-1.205641930009778914e-02,1.818561714577448807e-01,2.076509238624346665e-03,3.114763857925417767e-03,3.633923506773939494e-03,-8.422933914387087384e-03,-1.899336992184141870e-01
1.260515990709676348e-01,8.880587717516988944e-01,9.352993479436394475e-01,9.351885105883388505e-01,5.997033807958573881e-01,6.008631638351306092e-01,4.548916688055668067e-01,4.557173854032963711e-01,1.017229120584219396e-03,1.000020344582411624e+00,1.000030516873617437e+00,1.000035603329646916e+00,9.999170944247458559e-01,9.981053396669383737e-01,-1.185046857396889960e-02,1.815193933750627597e-01,2.034458241162440117e-03,3.051687361743660176e-03,3.560332964691603763e-03,-8.290557525414410378e-03,-1.894660333061626289e-01
1.240581139892669160e-01,8.896337187149635506e-01,9.362928454602933437e-01,9.361838098285233389e-01,5.986258747830499605e-01,5.997803360896346581e-01,4.545566792937579259e-01,4.553802631216080643e-01,9.964205368294088653e-04,1.000019928410736503e+00,1.000029892616104865e+00,1.000034875016645231e+00,9.999184163307562878e-01,9.981100010269960965e-01,-1.164546245319235049e-02,1.811839678892708805e-01,1.992841073650275519e-03,2.989261610486515508e-03,3.487501664523051659e-03,-8.158366924371218687e-03,-1.889998973003903515e-01
1.220681580378251141e-01,8.912114588018545946e-01,9.372856084412810596e-01,9.371783698776617877e-01,5.975479447575596792e-01,5.986971088661136031e-01,4.542192751586652810e-01,4.550407302160044964e-01,9.758264004803050102e-04,1.000019516528009689e+00,1.000029274792014311e+00,1.000034154209687998e+00,9.999197363360944335e-01,9.981146470994526343e-01,-1.144139658749386904e-02,1.808498895279751217e-01,1.951652800968872725e-03,2.927479201431104627e-03,3.415420968799764978e-03,-8.026366390556649577e-03,-1.885352900547365707e-01
1.200817249689096755e-01,8.927919969658973942e-01,9.382776316185014176e-01,9.381721854763884760e-01,5.964696018601182148e-01,5.976134932007932665e-01,4.538794632316169864e-01,4.546987935159437222e-01,9.554442741176629849e-04,1.000019108885482400e+00,1.000028663328223599e+00,1.000033440823456354e+00,9.999210543988360511e-01,9.981192778964839141e-01,-1.123826664513466640e-02,1.805171528346122545e-01,1.910888548239952911e-03,2.866332822359929366e-03,3.344082345635435161e-03,-7.894560116394888638e-03,-1.880722103516085930e-01
1.180988085458496428e-01,8.943753381694021787e-01,9.392689097388481345e-01,9.391652513803296909e-01,5.953908572329961180e-01,5.965295001317753032e-01,4.535372504081304212e-01,4.543544599150504126e-01,9.352717500794668513e-04,1.000018705435001598e+00,1.000028058152502286e+00,1.000032734773672605e+00,9.999223704779138799e-01,9.981238934309640820e-01,-1.103606831266932056e-02,1.801857523686529738e-01,1.870543500159804751e-03,2.805815250228604896e-03,3.273477367260468895e-03,-7.762952208612006189e-03,-1.876106569035917992e-01
1.161194025430143384e-01,8.959614873834798043e-01,9.402594375643510416e-01,9.401575623602422827e-01,5.943117220195072159e-01,5.954451406985414863e-01,4.531926436474938424e-01,4.540077363706961355e-01,9.153064500782647590e-04,1.000018306129001555e+00,1.000027459193502333e+00,1.000032035977088452e+00,9.999236845331036516e-01,9.981284937164539572e-01,-1.083479729516531945e-02,1.798556827052769647e-01,1.830612900155514922e-03,2.745919350233272382e-03,3.203597708845151715e-03,-7.631546689634838287e-03,-1.871506283546042759e-01
1.141435007457951567e-01,8.975504495880568534e-01,9.412492098723135303e-01,9.411491132021533312e-01,5.932322073635127868e-01,5.943604259414585478e-01,4.528456499723407802e-01,4.536586299035761938e-01,8.955460248236383645e-04,1.000017910920496522e+00,1.000026866380744783e+00,1.000031344351469897e+00,9.999249965250116556e-01,9.981330787671853777e-01,-1.063444931590198407e-02,1.795269384358819109e-01,1.791092049652220908e-03,2.686638074478331362e-03,3.134435146989744680e-03,-7.500347498834436522e-03,-1.866921232814622300e-01
1.121710969505846922e-01,8.991422297718921763e-01,9.422382214554514412e-01,9.421398987074977027e-01,5.921523244089280658e-01,5.932753669012837960e-01,4.524962764682235461e-01,4.533071475972816344e-01,8.759881536496594723e-04,1.000017519763072960e+00,1.000026279644609550e+00,1.000030659815584366e+00,9.999263064150619718e-01,9.981376485980490987e-01,-1.043502011644803322e-02,1.791995141677218961e-01,1.751976307295954882e-03,2.627964460955034554e-03,3.065981558436625676e-03,-7.369358493802824484e-03,-1.862351401950901320e-01
1.102021849647576435e-01,9.007368329325924350e-01,9.432264671220295105e-01,9.431299136932551619e-01,5.910720842992283064e-01,5.921899746186719549e-01,4.521445302831805790e-01,4.529532965978685377e-01,8.566305441473472332e-04,1.000017132610882875e+00,1.000025698916324313e+00,1.000029982289189823e+00,9.999276141654859229e-01,9.981422032245841347e-01,-1.023650545652648840e-02,1.788734045243063897e-01,1.713261088287509892e-03,2.569891632431264838e-03,2.998228918982270841e-03,-7.238583451407709646e-03,-1.857796775415865298e-01
1.082367586066541598e-01,9.023342640766253142e-01,9.442139416959977050e-01,9.441191529920862635e-01,5.899914981769572853e-01,5.911042601336831126e-01,4.517904186273022371e-01,4.525970841134231426e-01,8.374709318020540170e-04,1.000016749418636053e+00,1.000025124127954079e+00,1.000029311693020340e+00,9.999289197393085304e-01,9.981467426629628825e-01,-1.003890111399773598e-02,1.785486041452225003e-01,1.674941863605283743e-03,2.512412795407925614e-03,2.931169302033964641e-03,-7.108026069146955450e-03,-1.853257337037117480e-01
1.062748117055556385e-01,9.039345282193395059e-01,9.452006400171261147e-01,9.451076114524670224e-01,5.889105771832358061e-01,5.900182344852914484e-01,4.514339487722907052e-01,4.522385174136220876e-01,8.185070796355843701e-04,1.000016370141592725e+00,1.000024555212388977e+00,1.000028647948773219e+00,9.999302231003357466e-01,9.981512669299786866e-01,-9.842202884818896519e-03,1.782251076861783856e-01,1.637014159272531799e-03,2.455521238897695468e-03,2.864794877321941158e-03,-6.977689966425337786e-03,-1.848733070021313374e-01
1.043163381016678493e-01,9.055376303849775876e-01,9.461865569411394006e-01,9.460952839388239166e-01,5.878293324572718692e-01,5.889319087108955131e-01,4.510751280510178485e-01,4.518776038292917629e-01,7.997367778531676210e-04,1.000015994735557134e+00,1.000023992103335591e+00,1.000027990979098558e+00,9.999315242131457948e-01,9.981557760430357362e-01,-9.646406582921035824e-03,1.779029098193044833e-01,1.599473555713437634e-03,2.399210333559054220e-03,2.799097909855774446e-03,-6.847578685420518951e-03,-1.844223956964263778e-01
1.023613316461020606e-01,9.071435756066924538e-01,9.471716873398495773e-01,9.470821653316662259e-01,5.867477751358727289e-01,5.878452938458292865e-01,4.507139638570795692e-01,4.515143507519610022e-01,7.811578434951013368e-04,1.000015623156869982e+00,1.000023434735304750e+00,1.000027340707584589e+00,9.999328230430735154e-01,9.981602700201351874e-01,-9.451508040192350274e-03,1.775820052327542198e-01,1.562315686998161368e-03,2.343473530475037592e-03,2.734070758458884143e-03,-6.717695692648462114e-03,-1.839729979864812570e-01
1.004097862008550557e-01,9.087523689265631921e-01,9.481560261012885737e-01,9.480682505277182592e-01,5.856659163529561729e-01,5.867584009228751230e-01,4.503504636443450004e-01,4.511487656334127738e-01,7.627681200930387434e-04,1.000015255362401767e+00,1.000022883043602873e+00,1.000026697058747915e+00,9.999341195562023721e-01,9.981647488798630619e-01,-9.257503106449457148e-03,1.772623886312274244e-01,1.525536240176705860e-03,2.288304360287263250e-03,2.669705874791539202e-03,-6.588044379762791891e-03,-1.835251120136938141e-01
9.846169563878981457e-02,9.103640153956107373e-01,9.491395681298391285e-01,9.490535344400508055e-01,5.845837672390657991e-01,5.856712409717768075e-01,4.499846349265040901e-01,4.507808559852301555e-01,7.445654773308254572e-04,1.000014891309546572e+00,1.000022336964319969e+00,1.000026059958019964e+00,9.999354137193512404e-01,9.981692126413813648e-01,-9.064387649315006415e-03,1.769440547355826954e-01,1.489130954657191808e-03,2.233696431996889942e-03,2.605995801996385808e-03,-6.458628064875959751e-03,-1.830787358618635174e-01
9.651705384361641826e-02,9.119785200738140807e-01,9.501223083463649077e-01,9.500380119982111404e-01,5.835013389208854040e-01,5.845838250187554985e-01,4.496164852766107445e-01,4.504106293783413650e-01,7.265478107098849881e-04,1.000014530956214287e+00,1.000021796434321208e+00,1.000025429331736548e+00,9.999367055000645266e-01,9.981736613244137635e-01,-8.872157554165885363e-03,1.766269982832260332e-01,1.453095621428701634e-03,2.179643432120847990e-03,2.542933173654837731e-03,-6.329449993547342501e-03,-1.826338675586236526e-01
9.457585470987250886e-02,9.135958880301258134e-01,9.511042416883400685e-01,9.510216781483521453e-01,5.824186425207555917e-01,5.834961640860254484e-01,4.492460223266229735e-01,4.500380934425589619e-01,7.087130412190173782e-04,1.000014174260824396e+00,1.000021261391236482e+00,1.000024805107124992e+00,9.999379948665998441e-01,9.981780949492345956e-01,-8.680808724116469838e-03,1.763112140278707829e-01,1.417426082439554591e-03,2.126139123648229656e-03,2.480510712499217618e-03,-6.200513340015589847e-03,-1.821905050765404432e-01
9.263809214290485983e-02,9.152161243424882242e-01,9.520853631099774894e-01,9.520045278533605382e-01,5.813356891561924922e-01,5.824082691913128329e-01,4.488732537669397060e-01,4.496632558661180501e-01,6.910591150086263729e-04,1.000013821182300200e+00,1.000020731773450189e+00,1.000024187212293914e+00,9.999392817879184658e-01,9.981825135366596546e-01,-8.490337079955063981e-03,1.759966967398156890e-01,1.382118230019990790e-03,2.073177345018883955e-03,2.418721229391351812e-03,-6.071821208153416194e-03,-1.817486463340345360e-01
9.070376005884983606e-02,9.168392340978490651e-01,9.530656675823551138e-01,9.529865560929838830e-01,5.802524899394068125e-01,5.813201513473740256e-01,4.484981873459343293e-01,4.492861243952088190e-01,6.735840030692288654e-04,1.000013471680061494e+00,1.000020207520092130e+00,1.000023575576222123e+00,9.999405662336749989e-01,9.981869171080347547e-01,-8.300738560010579789e-03,1.756834412056921813e-01,1.347168006149424002e-03,2.020752009213033773e-03,2.357557622212347326e-03,-5.943376632500108059e-03,-1.813082891965245302e-01
8.877285238461363193e-02,9.184652223921778713e-01,9.540451500935430706e-01,9.539677578639566002e-01,5.791690559768245539e-01,5.802318215615172026e-01,4.481208308694846210e-01,4.489067068335079180e-01,6.562857009142836944e-04,1.000013125714018347e+00,1.000019688571027521e+00,1.000022970128745525e+00,9.999418481742045062e-01,9.981913056852221855e-01,-8.112009120205912818e-03,1.753714422287554198e-01,1.312571401834716767e-03,1.968857102752075150e-03,2.297012874552528672e-03,-5.815182579549382780e-03,-1.808694314777814505e-01
8.684536305785472976e-02,9.200940943304813935e-01,9.550238056487284632e-01,9.549481281801255328e-01,5.780853983686106146e-01,5.791432908351248354e-01,4.477411922005009592e-01,4.485250110417062785e-01,6.391622282671999321e-04,1.000012783244565329e+00,1.000019174866848104e+00,1.000022370800547789e+00,9.999431275805140684e-01,9.981956792905932740e-01,-7.924144733913127472e-03,1.750606946287669163e-01,1.278324456532864417e-03,1.917486684810398856e-03,2.237080054778850524e-03,-5.687241948593158014e-03,-1.804320709406725953e-01
8.492128602696302764e-02,9.217258550268203621e-01,9.560016292703391594e-01,9.559276620725737361e-01,5.770015282081917274e-01,5.780545701631770728e-01,4.473592792584491495e-01,4.481410449370328841e-01,6.222116287525095938e-04,1.000012444232575071e+00,1.000018666348862606e+00,1.000021777523150579e+00,9.999444044242739027e-01,9.982000379470173934e-01,-7.737141391890529907e-03,1.747511932421751679e-01,1.244423257507065728e-03,1.866634886260598591e-03,2.177752315057901455e-03,-5.559557572609730158e-03,-1.799962052982606586e-01
8.300061525104251992e-02,9.233605096043248084e-01,9.569786159981676921e-01,9.569063545897428247e-01,5.759174565817831715e-01,5.769656705337777858e-01,4.469751000188727508e-01,4.477548164927761531e-01,6.054319695911476295e-04,1.000012108639391828e+00,1.000018162959087631e+00,1.000021190228900014e+00,9.999456786778030404e-01,9.982043816778497503e-01,-7.550995102382282789e-03,1.744429329218742108e-01,1.210863939182793558e-03,1.816295908763088107e-03,2.119022890001431847e-03,-5.432132219695962050e-03,-1.795618322150249746e-01
8.108334469989153526e-02,9.249980631952107180e-01,9.579547608894919408e-01,9.578842007975564288e-01,5.748331945679164834e-01,5.758766029276821685e-01,4.465886625129111276e-01,4.473663337378030458e-01,5.888213412997667746e-04,1.000011776426825927e+00,1.000017664640239001e+00,1.000020608850958670e+00,9.999469503140645532e-01,9.982087105069237243e-01,-7.365701890765146212e-03,1.741359085374083460e-01,1.177642682592683343e-03,1.766464023900127245e-03,2.060885095866993311e-03,-5.304968593544678868e-03,-1.791289493076275718e-01
7.916946835398319671e-02,9.266385209407959067e-01,9.589300590191971452e-01,9.588611957795394325e-01,5.737487532369676124e-01,5.747873783178251150e-01,4.461999748268138388e-01,4.469756047560740631e-01,5.723778573940314224e-04,1.000011447557147770e+00,1.000017171335721766e+00,1.000020033323293589e+00,9.999482193066512314e-01,9.982130244585387668e-01,-7.181257799775998818e-03,1.738301149750790253e-01,1.144755714777012656e-03,1.717133572176621215e-03,2.003332329358897823e-03,-5.178069334876855834e-03,-1.786975541461233163e-01
7.725898020444788017e-02,9.282818879915160082e-01,9.599045054798953647e-01,9.598373346369389880e-01,5.726641436506894056e-01,5.736980076688522612e-01,4.458090451014541378e-01,4.465826376861560809e-01,5.560996540958680753e-04,1.000011121993081842e+00,1.000016682989622874e+00,1.000019463580667178e+00,9.999494856297793666e-01,9.982173235574525183e-01,-6.997658889286618653e-03,1.735255471377648573e-01,1.112199308184180779e-03,1.668298962287373399e-03,1.946358066717834845e-03,-5.051437022063343107e-03,-1.782676442547481699e-01
7.535187425305345243e-02,9.299281695069407938e-01,9.608780953820444948e-01,9.608126124888427544e-01,5.715793768617429826e-01,5.726085019366528028e-01,4.454158815318381981e-01,4.461874407207322424e-01,5.399848900445809773e-04,1.000010799697800934e+00,1.000016199546701401e+00,1.000018899558626773e+00,9.999507492582773160e-01,9.982216078288693728e-01,-6.814901236322223887e-03,1.732221999450402339e-01,1.079969780093392728e-03,1.619954670140089092e-03,1.889955862677261678e-03,-4.925074172268395500e-03,-1.778392171130627197e-01
7.344814451218661944e-02,9.315773706557907152e-01,9.618508238540656174e-01,9.617870244722966921e-01,5.704944639132334405e-01,5.715188720678938683e-01,4.450204923666120638e-01,4.457900221061096846e-01,5.240317460117940038e-04,1.000010480634920151e+00,1.000015720952380338e+00,1.000018341193493088e+00,9.999520101675757333e-01,9.982258772984305972e-01,-6.632980934952664026e-03,1.729200683333195765e-01,1.048063492015138820e-03,1.572095238033810460e-03,1.834119349308771518e-03,-4.798983242426668738e-03,-1.774122701569402771e-01
7.154778500483383041e-02,9.332294966159524474e-01,9.628226860424600186e-01,9.627605657424217478e-01,5.694094158382462245e-01,5.704291289995563341e-01,4.446228859075663786e-01,4.453903901417230471e-01,5.082384246201709964e-04,1.000010164768492471e+00,1.000015247152738596e+00,1.000017788422353560e+00,9.999532683337007954e-01,9.982301319922077809e-01,-6.451894096264716369e-03,1.726191472555523299e-01,1.016476849247105463e-03,1.524715273859555964e-03,1.778842235355959644e-03,-4.673166629920455506e-03,-1.769868007792219089e-01
6.965078976456373638e-02,9.348845525744956531e-01,9.637936771119246515e-01,9.637332314725293170e-01,5.683242436593854974e-01,5.693392836584734162e-01,4.442230705091377296e-01,4.449885531796373139e-01,4.926031500658670540e-04,1.000009852063001414e+00,1.000014778094501899e+00,1.000017241183049688e+00,9.999545237332622127e-01,9.982343719366914003e-01,-6.271636848299745257e-03,1.723194316815290783e-01,9.852063001414279597e-04,1.477809450189937479e-03,1.724118304968769166e-03,-4.547626673778726314e-03,-1.765628063308599671e-01
6.775715283550631796e-02,9.365425437276890808e-01,9.647637922454662673e-01,9.647050168542359305e-01,5.672389583883145070e-01,5.682493469608710379e-01,4.438210545779077143e-01,4.445845196240467700e-01,4.771241678446349948e-04,1.000009542483356828e+00,1.000014313725035242e+00,1.000016699414168819e+00,9.999557763434469004e-01,9.982385971587810491e-01,-6.092205335933928087e-03,1.720209165978262844e-01,9.542483356828057595e-04,1.431372503524208639e-03,1.669941416881925988e-03,-4.422365655309956622e-03,-1.761402841218950854e-01
6.586686827233645403e-02,9.382034752810169964e-01,9.657330266445156575e-01,9.656759170975758311e-01,5.661535710252981746e-01,5.671593298119095294e-01,4.434168465721000651e-01,4.441782979307720147e-01,4.617997444815840073e-04,1.000009235994889556e+00,1.000013853992334445e+00,1.000016163055034601e+00,9.999570261420069883e-01,9.982428076857779997e-01,-5.913595720988871693e-03,1.717235970077507501e-01,9.235994889555954046e-04,1.385399233444495337e-03,1.616305503460147008e-03,-4.297385799301167708e-03,-1.757192314222000284e-01
6.397993014025371572e-02,9.398673524491952813e-01,9.667013755290390087e-01,9.666459274311144378e-01,5.650680925587477921e-01,5.660692431052281037e-01,4.430104550010747211e-01,4.437698966067543105e-01,4.466281672644775713e-04,1.000008932563345221e+00,1.000013398845017942e+00,1.000015632045697211e+00,9.999582731072541586e-01,9.982470035453755441e-01,-5.735804181950831734e-03,1.714274679313712857e-01,8.932563345220856377e-04,1.339884501794230687e-03,1.563204569721143855e-03,-4.172689274584140406e-03,-1.752996454624455858e-01
6.209633251496438078e-02,9.415341804561880856e-01,9.676688341376494806e-01,9.676150431020583698e-01,5.639825339647669411e-01,5.649790977224911082e-01,4.426018884248191787e-01,4.433593242095478781e-01,4.316077439805866400e-04,1.000008632154879562e+00,1.000012948232319454e+00,1.000015106326924696e+00,9.999595172180494318e-01,9.982511847656502235e-01,-5.558826914069981383e-03,1.711325244057015083e-01,8.632154879562037308e-04,1.294823231945407827e-03,1.510632692469648930e-03,-4.048278195056820294e-03,-1.748815234349776482e-01
6.021606948266255976e-02,9.432039645352241486e-01,9.686353977277173399e-01,9.685832593763659126e-01,5.628969062067014084e-01,5.638889045329361638e-01,4.421911554534394551e-01,4.429465893468093052e-01,4.167368026570031619e-04,1.000008334736053106e+00,1.000012502104079770e+00,1.000014585840193870e+00,9.999607584537949512e-01,9.982553513750548335e-01,-5.382660129263968501e-03,1.708387614843177582e-01,8.334736053106084341e-04,1.250210407977014881e-03,1.458584019387032527e-03,-3.924154620504882729e-03,-1.744648624945166482e-01
5.833913514001198841e-02,9.448767099288130078e-01,9.696010615754787620e-01,9.695505715388561541e-01,5.618112202346888795e-01,5.627986743929249691e-01,4.417782647466458323e-01,4.425317006757854554e-01,4.020136913043916623e-04,1.000008040273826060e+00,1.000012060410739201e+00,1.000014070527680321e+00,9.999619967944255450e-01,9.982595034024071001e-01,-5.207300056021811098e-03,1.705461742378178991e-01,8.040273826059873841e-04,1.206041073920083306e-03,1.407052768032102108e-03,-3.800320557445502345e-03,-1.740496597592899874e-01
5.646552359412715383e-02,9.465524218887618746e-01,9.705658209761437449e-01,9.705169748933165641e-01,5.607254869852125179e-01,5.617084181454958802e-01,4.413632250132392132e-01,4.421146669027988807e-01,3.874367776641239689e-04,1.000007748735553204e+00,1.000011623103330027e+00,1.000013560332250417e+00,9.999632322203999557e-01,9.982636408768830183e-01,-5.032742939376747167e-03,1.702547577535774848e-01,7.748735553203545123e-04,1.162310333002736229e-03,1.356033225041741730e-03,-3.676777960004429247e-03,-1.736359123116981706e-01
5.459522896255508684e-02,9.482311056761916213e-01,9.715296712440025795e-01,9.714824647626092435e-01,5.596397173806563208e-01,5.606181466199189334e-01,4.409460450105935347e-01,4.416954967827303458e-01,3.730044489587384265e-04,1.000007460088979228e+00,1.000011190133468730e+00,1.000013055197453316e+00,9.999644647126945118e-01,9.982677638280091914e-01,-4.858985040867567703e-03,1.699645071357439585e-01,7.460088979227563755e-04,1.119013346873032333e-03,1.305519745331551462e-03,-3.553528730548816128e-03,-1.732236171990808593e-01
5.272824537325604410e-02,9.499127665615539895e-01,9.724926077125315427e-01,9.724470364887772833e-01,5.585539223288625843e-01,5.595278706312525330e-01,4.405267335441370169e-01,4.412741991185006318e-01,3.587151116457168790e-04,1.000007174302232960e+00,1.000010761453349328e+00,1.000012555067510522e+00,9.999656942527931358e-01,9.982718722856541715e-01,-4.686022638408600914e-03,1.696754175053317715e-01,7.174302232959561820e-04,1.076145334932832043e-03,1.255506751052237746e-03,-3.430574720686418999e-03,-1.728127714345828458e-01
5.086456696458641069e-02,9.515974098246472446e-01,9.734546257344974807e-01,9.734106854331484593e-01,5.574681127226914779e-01,5.584376009799035812e-01,4.401052994668306906e-01,4.408507827605492868e-01,3.445671911744874779e-04,1.000006891343823590e+00,1.000010337015735162e+00,1.000012059887309013e+00,9.999669208226802386e-01,9.982759662800196887e-01,-4.513852026319897272e-03,1.693874840002422832e-01,6.891343823589579642e-04,1.033701573516232486e-03,1.205988730901275119e-03,-3.307917731976139919e-03,-1.724033719980311297e-01
4.900418788527960423e-02,9.532850407546334948e-01,9.744157206820609485e-01,9.743734069764387051e-01,5.563822994395836163e-01,5.573473484511890508e-01,4.396817516786460933e-01,4.404252566063118768e-01,3.305591317466393861e-04,1.000006611182634897e+00,1.000009916773952456e+00,1.000011569602391903e+00,9.999681444048330592e-01,9.982800458416338785e-01,-4.342469515231656661e-03,1.691007017751319230e-01,6.611182634896906052e-04,9.916773952456381380e-04,1.156960239190318873e-03,-3.185559516694080884e-03,-1.719954158366121533e-01
4.714710229442764522e-02,9.549756646500549007e-01,9.753758879468783505e-01,9.753351965188543637e-01,5.552964933411246307e-01,5.562571238148997788e-01,4.392560991260400782e-01,4.399976295996956277e-01,3.166893960793015620e-04,1.000006333787921475e+00,1.000009500681882324e+00,1.000011084158950236e+00,9.999693649822132269e-01,9.982841110013431773e-01,-4.171871432011747295e-03,1.688150660015707294e-01,6.333787921475320104e-04,9.500681882324002459e-04,1.108415895023640019e-03,-3.063501778677313325e-03,-1.715888998656822650e-01
4.529330436146250527e-02,9.566692868188505505e-01,9.763351229402026377e-01,9.762960494801931066e-01,5.542107052726115146e-01,5.551669378248673681e-01,4.388283508014274581e-01,4.395679107305519584e-01,3.029564651716233387e-04,1.000006059129303404e+00,1.000009088693955217e+00,1.000010603503815876e+00,9.999705825382610991e-01,9.982881617903054394e-01,-4.002054119682035664e-03,1.685305718679866449e-01,6.059129303404020561e-04,9.088693955217053144e-04,1.060350381587582547e-03,-2.941746173890091853e-03,-1.711838209694560575e-01
4.344278826613856559e-02,9.583659125783731136e-01,9.772934210929838938e-01,9.772559612999432987e-01,5.531249460626227465e-01,5.540768012185328661e-01,4.383985157426538160e-01,4.391361090341489581e-01,2.893588380743461171e-04,1.000005787176761585e+00,1.000008680765142266e+00,1.000010127584451292e+00,9.999717970568847702e-01,9.982921982399809435e-01,-3.833013937482652837e-03,1.682472145795584906e-01,5.787176761584689189e-04,8.680765142266011480e-04,1.012758445129158247e-03,-2.820294311522975050e-03,-1.707801760019056481e-01
4.159554819851396523e-02,9.600655472554050496e-01,9.782507778559670353e-01,9.782149274373833636e-01,5.520392265225895212e-01,5.529867247165185518e-01,4.379666030324637083e-01,4.387022335906409221e-01,2.758950316624073020e-04,1.000005517900633301e+00,1.000008276850949951e+00,1.000009656348943787e+00,9.999730085224565190e-01,9.982962203821256209e-01,-3.664747260640574111e-03,1.679649893584890807e-01,5.517900633300598656e-04,8.276850949950897984e-04,9.656348943787307348e-04,-2.699147754348096839e-03,-1.703779617874379149e-01
3.975157835893261549e-02,9.617681961861760387e-01,9.792071886997902874e-01,9.791729433716785946e-01,5.509535574463705343e-01,5.518967190222013874e-01,4.375326217979704779e-01,4.382662935245364988e-01,2.625635804105219445e-04,1.000005251271608220e+00,1.000007876907412330e+00,1.000009189745996396e+00,9.999742169198032604e-01,9.983002282487851708e-01,-3.497250480479455192e-03,1.676838914435943018e-01,5.251271608219809650e-04,7.876907412329714475e-04,9.189745996396325722e-04,-2.578308019673958285e-03,-1.699771751214829152e-01
3.791087295800488199e-02,9.634738647163793024e-01,9.801626491150806642e-01,9.801300046019782997e-01,5.498679496098287656e-01,5.508067948212896914e-01,4.370965812101215708e-01,4.378282980041662276e-01,2.493630361717283773e-04,1.000004987260723510e+00,1.000007480891085043e+00,1.000008727724920776e+00,9.999754222342002175e-01,9.983042218722865124e-01,-3.330520004188785178e-03,1.674039160907792589e-01,4.987260723510189564e-04,7.480891085043239741e-04,8.727724920776225304e-04,-2.457776579978254716e-03,-1.695778127713487571e-01
3.607342621659137549e-02,9.651825582011885896e-01,9.811171546125501131e-01,9.810861066475097259e-01,5.487824137704105931e-01,5.497169627814022519e-01,4.366584904831640745e-01,4.373882562411462449e-01,2.362919679588423025e-04,1.000004725839359176e+00,1.000007088759038876e+00,1.000008270235628771e+00,9.999766244513629276e-01,9.983082012852300124e-01,-3.164552254990206197e-03,1.671250585725888860e-01,4.725839359176475796e-04,7.088759038875735996e-04,8.270235628771160918e-04,-2.337554863707236308e-03,-1.691798714769987555e-01
3.423923236578274576e-02,9.668942820052747189e-01,9.820707007230885521e-01,9.820412450476734278e-01,5.476969606667281276e-01,5.486272335516493293e-01,4.362183588741083140e-01,4.369461774898433237e-01,2.233489617287763725e-04,1.000004466979234508e+00,1.000006700468851761e+00,1.000007817228625751e+00,9.999778235574418028e-01,9.983121665204852668e-01,-2.999343671839142713e-03,1.668473141785067893e-01,4.466979234507562069e-04,6.700468851761343103e-04,7.817228625750516358e-04,-2.217644255819717358e-03,-1.687833479514733170e-01
3.240828564688325031e-02,9.686090415028227874e-01,9.830232829978573506e-01,9.829954153621350832e-01,5.466116010181436558e-01,5.475376177622173213e-01,4.357761956821897265e-01,4.365020710468360265e-01,2.105326201697060179e-04,1.000004210652403414e+00,1.000006315978605009e+00,1.000007368655003059e+00,9.999790195390144687e-01,9.983161176111821078e-01,-2.834890709534506736e-03,1.665706782147593212e-01,4.210652403413561728e-04,6.315978605009320290e-04,7.368655003059387809e-04,-2.098046098553130179e-03,-1.683882388817892206e-01
3.058058031139143651e-02,9.703268420775487124e-01,9.839748970083807000e-01,9.839486131709177519e-01,5.455263455243570814e-01,5.464481260239556493e-01,4.353320102483296261e-01,4.360559462503767469e-01,1.978415624910134351e-04,1.000003956831249763e+00,1.000005935246874644e+00,1.000006924466429359e+00,9.999802123830779932e-01,9.983200545907034984e-01,-2.671189838568035352e-03,1.662951460045772323e-01,3.956831249762871039e-04,5.935246874644306558e-04,6.924466429358844266e-04,-1.978761692200681210e-03,-1.679945409296501602e-01
2.875611062098304416e-02,9.720476891227163296e-01,9.849255383466364311e-01,9.849008340744914713e-01,5.444412048649960312e-01,5.453587689279657535e-01,4.348858119545953582e-01,4.356078124798500317e-01,1.852744242160027138e-04,1.000003705488484274e+00,1.000005558232726521e+00,1.000006484615145519e+00,9.999814020770441125e-01,9.983239774926814247e-01,-2.508237545188443836e-03,1.660207128877441152e-01,3.705488484273544714e-04,5.558232726521339373e-04,6.484615145518901613e-04,-1.859792295588746924e-03,-1.676022507318575272e-01
2.693487084749190963e-02,9.737715880411543790e-01,9.858752026251447198e-01,9.858520736938639617e-01,5.433561896992079587e-01,5.442695570451935305e-01,4.344376102236572890e-01,4.351576791552317913e-01,1.728298569773175004e-04,1.000003456597139628e+00,1.000005184895709220e+00,1.000006049053955293e+00,9.999825886087312377e-01,9.983278863509876810e-01,-2.346030331138404708e-03,1.657473742210754386e-01,3.456597139628314608e-04,5.184895709220427307e-04,6.049053955292649221e-04,-1.741139126876234400e-03,-1.672113649012318959e-01
2.511685527289353459e-02,9.754985442452731581e-01,9.868238854770569057e-01,9.868023276706673341e-01,5.422713106652561343e-01,5.431805009260244343e-01,4.339874145182470722e-01,4.347055557365463452e-01,1.605065283150662668e-04,1.000003210130566256e+00,1.000004815195849384e+00,1.000005617736219543e+00,9.999837719663583480e-01,9.983317811997287627e-01,-2.184564713809089911e-03,1.654751253781067133e-01,3.210130566255742224e-04,4.815195849383613336e-04,5.617736219543090215e-04,-1.622803364165203988e-03,-1.668218800271237257e-01
2.330205818928532402e-02,9.772285631570819531e-01,9.877715825562419782e-01,9.877515916672454654e-01,5.411865783801176333e-01,5.420916110998807991e-01,4.335352343406131959e-01,4.342514517233220794e-01,1.483031214775597749e-04,1.000002966062429444e+00,1.000004449093644388e+00,1.000005190615849804e+00,9.999849521385393292e-01,9.983356620732404263e-01,-2.023837226090127641e-03,1.652039617490875245e-01,2.966062429443638848e-04,4.449093644387502877e-04,5.190615849803847937e-04,-1.504786146067083052e-03,-1.664337926759573705e-01
2.149047389887037696e-02,9.789616502082055804e-01,9.887182895373725078e-01,9.886998613667402624e-01,5.401020034390843216e-01,5.410028980748226024e-01,4.330810792319756408e-01,4.337953766540469380e-01,1.362183352246966776e-04,1.000002724366704454e+00,1.000004086550056792e+00,1.000004767647299397e+00,9.999861291142750908e-01,9.983395290060794736e-01,-1.863844416276348162e-03,1.649338787411423202e-01,2.724366704454084243e-04,4.086550056792148666e-04,4.767647299397381744e-04,-1.387088572490924321e-03,-1.660470993920526439e-01
1.968209671393794657e-02,9.806978108399019289e-01,9.896640021160089118e-01,9.896471324731752617e-01,5.390175964153665067e-01,5.399143723371504500e-01,4.326249587719798728e-01,4.333373401056218599e-01,1.242508836338821138e-04,1.000002485017672749e+00,1.000003727526509012e+00,1.000004348785558550e+00,9.999873028829491250e-01,9.983433820330193109e-01,-1.704582848075810158e-03,1.646648717781112048e-01,2.485017672748668360e-04,3.727526509011980238e-04,4.348785558550005703e-04,-1.269711705087495091e-03,-1.656617966980689083e-01
1.787692095684700888e-02,9.824370505030786127e-01,9.906087160086833876e-01,9.905934007115395623e-01,5.379333678596995849e-01,5.388260443510117792e-01,4.321668825781499468e-01,4.328773516928142717e-01,1.123994959085326958e-04,1.000002247989918214e+00,1.000003371984877321e+00,1.000003933986146842e+00,9.999884734343199577e-01,9.983472211890430659e-01,-1.546049100550316632e-03,1.643969363006080875e-01,2.247989918213733063e-04,3.371984877320599594e-04,3.933986146842372023e-04,-1.152656568004228888e-03,-1.652778810956934130e-01
1.607494096000783301e-02,9.841793746583102909e-01,9.915524269529814028e-01,9.915386618278699826e-01,5.368493282999539096e-01,5.377379245580100608e-01,4.317068603053406672e-01,4.324154210677101373e-01,1.006629161890455618e-04,1.000002013258323830e+00,1.000003019887485634e+00,1.000003523205106770e+00,9.999896407585163738e-01,9.983510465093383690e-01,-1.388239767988876149e-03,1.641300677659637552e-01,2.013258323829703045e-04,3.019887485633532265e-04,3.523205106770177508e-04,-1.035924148362621366e-03,-1.648953490661630994e-01
1.427615106586377358e-02,9.859247887758559870e-01,9.924951307076229634e-01,9.924829115893314402e-01,5.357654882407467678e-01,5.366500233768162209e-01,4.312449016451882500e-01,4.319515579191648968e-01,8.903990336625917002e-05,1.000001780798067230e+00,1.000002671197101067e+00,1.000003116398996195e+00,9.999908048460292020e-01,9.983548580292899155e-01,-1.231151459938278209e-03,1.638642616482586245e-01,1.780798067230193737e-04,2.671197101067335211e-04,3.116398996194646998e-04,-9.195153970797953491e-04,-1.645141970710084500e-01
1.248054562687439528e-02,9.876732983356759643e-01,9.934368230525426613e-01,9.934261457842974430e-01,5.346818581630576883e-01,5.355623512027838373e-01,4.307810163255613167e-01,4.314857719722544060e-01,7.752923089735976731e-05,1.000001550584618037e+00,1.000002325876926834e+00,1.000002713524884568e+00,9.999919656877090945e-01,9.983586557844768006e-01,-1.074780801099174633e-03,1.635995134382784710e-01,1.550584618037476048e-04,2.325876926834169467e-04,2.713524884567775075e-04,-8.034312290905454290e-04,-1.641344215523199424e-01
1.068811900549726523e-02,9.894249088274489345e-01,9.943774997889677225e-01,9.943683602224281382e-01,5.335984485238470798e-01,5.344749184075664461e-01,4.303152141100107797e-01,4.310180729877247652e-01,6.612968662417229027e-05,1.000001322593732533e+00,1.000001983890598689e+00,1.000002314540343606e+00,9.999931232747574228e-01,9.983624398106637488e-01,-9.191244312672012086e-04,1.633358186434696879e-01,1.322593732533405841e-04,1.983890598689086460e-04,2.314540343606452666e-04,-6.876725242577208519e-04,-1.637560189336251248e-01
8.898865574169967374e-03,9.911796257505894880e-01,9.953171567394956121e-01,9.953095507347475834e-01,5.325152697556770898e-01,5.333877353387386222e-01,4.298475047972182828e-01,4.305484707614411488e-01,5.484007259383917365e-05,1.000001096801451883e+00,1.000001645202177825e+00,1.000001919403443074e+00,9.999942775987222809e-01,9.983662101437973391e-01,-7.641790053076880215e-04,1.630731727879980719e-01,1.096801451883067102e-04,1.645202177824600653e-04,1.919403443073619542e-04,-5.722401277719058044e-04,-1.633789856202660928e-01
7.112779715292782967e-03,9.929374546142651914e-01,9.962557897481703062e-01,9.962497131737202416e-01,5.314323322663360161e-01,5.323008123194192809e-01,4.293778982204453643e-01,4.300769751238367467e-01,4.365920488183570278e-05,1.000000873184097694e+00,1.000001309776146430e+00,1.000001528072742563e+00,9.999954286514913804e-01,9.983699668199995658e-01,-6.099411930745829262e-04,1.628115714126654456e-01,8.731840976938798349e-05,1.309776146429797450e-04,1.528072742562613939e-04,-4.571348508619621498e-04,-1.630033180000434179e-01
5.329855821211149092e-03,9.946984009374142399e-01,9.971933946805568993e-01,9.971888434133256984e-01,5.303496464384654940e-01,5.312141596478986427e-01,4.289064042469808991e-01,4.296035959393606496e-01,3.258591341729521795e-05,1.000000651718268241e+00,1.000000977577402583e+00,1.000001140507288167e+00,9.999965764252893852e-01,9.983737098755637307e-01,-4.564076793407642347e-04,1.625510100749814335e-01,6.517182682408417804e-05,9.775774025833072756e-05,1.140507288166503486e-04,-3.423574710614829542e-04,-1.626290124436269302e-01
3.550088294198117111e-03,9.964624702487622221e-01,9.981299674238156561e-01,9.981269373491321595e-01,5.292672226291906812e-01,5.301277875972676412e-01,4.284330327775890956e-01,4.291283431059251252e-01,2.161904181061143144e-05,1.000000432380836246e+00,1.000000648571254258e+00,1.000000756666603596e+00,9.999977209126685862e-01,9.983774393469473374e-01,-3.035751637952763260e-04,1.622914843489632331e-01,4.323808362460823673e-05,6.485712542581012485e-05,7.566666035963010017e-05,-2.279087331413798267e-04,-1.622560653052662616e-01
1.773471546436145019e-03,9.982296680868396610e-01,9.990655038867745086e-01,9.990639908983695028e-01,5.281850711697538836e-01,5.290417064150506610e-01,4.279577937459561610e-01,4.286512265543530042e-01,1.075744718328777041e-05,1.000000215148943772e+00,1.000000322723415547e+00,1.000000376510686184e+00,9.999988621065066807e-01,9.983811552707694270e-01,-1.514403609292537967e-04,1.620329898252719225e-01,2.151489437718367981e-05,3.227234155467328947e-05,3.765106861841616137e-05,-1.137893493319275251e-04,-1.618844729230572987e-01
0.000000000000000000e+00,1.000000000000000000e+00,1.000000000000000000e+00,1.000000000000000000e+00,5.271032023651504028e-01,5.279559263228419397e-01,4.274806971181370208e-01,4.281722562478248451e-01,0.000000000000000000e+00,1.000000000000000000e+00,1.000000000000000000e+00,1.000000000000000000e+00,1.000000000000000000e+00,9.983848576838020294e-01,0.000000000000000000e+00,1.617755221112843478e-01,0.000000000000000000e+00,0.000000000000000000e+00,0.000000000000000000e+00,0.000000000000000000e+00,-1.615142316197970551e-01
