eta_g,beta_s,chi2_growth,max_abs_delta_mu_pct,max_abs_delta_slip_pct,max_abs_delta_Sigma_pct,max_abs_delta_Weyl_pct,max_abs_delta_EG_pct,stable
0,-0.06,12.2020932,0,5.989845195,2.994922597,2.994922597,2.994922597,True
0,-0.058,12.2020932,0,5.790183688,2.895091844,2.895091844,2.895091844,True
0,-0.056,12.2020932,0,5.590522182,2.795261091,2.795261091,2.795261091,True
0,-0.054,12.2020932,0,5.390860675,2.695430338,2.695430338,2.695430338,True
0,-0.052,12.2020932,0,5.191199169,2.595599584,2.595599584,2.595599584,True
0,-0.05,12.2020932,0,4.991537662,2.495768831,2.495768831,2.495768831,True
0,-0.048,12.2020932,0,4.791876156,2.395938078,2.395938078,2.395938078,True
0,-0.046,12.2020932,0,4.592214649,2.296107325,2.296107325,2.296107325,True
0,-0.044,12.2020932,0,4.392553143,2.196276571,2.196276571,2.196276571,True
0,-0.042,12.2020932,0,4.192891636,2.096445818,2.096445818,2.096445818,True
0,-0.04,12.2020932,0,3.99323013,1.996615065,1.996615065,1.996615065,True
0,-0.038,12.2020932,0,3.793568623,1.896784312,1.896784312,1.896784312,True
0,-0.036,12.2020932,0,3.593907117,1.796953558,1.796953558,1.796953558,True
0,-0.034,12.2020932,0,3.39424561,1.697122805,1.697122805,1.697122805,True
0,-0.032,12.2020932,0,3.194584104,1.597292052,1.597292052,1.597292052,True
0,-0.03,12.2020932,0,2.994922597,1.497461299,1.497461299,1.497461299,True
0,-0.028,12.2020932,0,2.795261091,1.397630545,1.397630545,1.397630545,True
0,-0.026,12.2020932,0,2.595599584,1.297799792,1.297799792,1.297799792,True
0,-0.024,12.2020932,0,2.395938078,1.197969039,1.197969039,1.197969039,True
0,-0.022,12.2020932,0,2.196276571,1.098138286,1.098138286,1.098138286,True
0,-0.02,12.2020932,0,1.996615065,0.9983075324,0.9983075324,0.9983075324,True
0,-0.018,12.2020932,0,1.796953558,0.8984767792,0.8984767792,0.8984767792,True
0,-0.016,12.2020932,0,1.597292052,0.7986460259,0.7986460259,0.7986460259,True
0,-0.014,12.2020932,0,1.397630545,0.6988152727,0.6988152727,0.6988152727,True
0,-0.012,12.2020932,0,1.197969039,0.5989845195,0.5989845195,0.5989845195,True
0,-0.01,12.2020932,0,0.9983075324,0.4991537662,0.4991537662,0.4991537662,True
0,-0.008,12.2020932,0,0.7986460259,0.399323013,0.399323013,0.399323013,True
0,-0.006,12.2020932,0,0.5989845195,0.2994922597,0.2994922597,0.2994922597,True
0,-0.004,12.2020932,0,0.399323013,0.1996615065,0.1996615065,0.1996615065,True
0,-0.002,12.2020932,0,0.1996615065,0.09983075324,0.09983075324,0.09983075324,True
0,0,12.2020932,0,0,0,0,0,True
0,0.002,12.2020932,0,0.1996615065,0.09983075324,0.09983075324,0.09983075324,True
0,0.004,12.2020932,0,0.399323013,0.1996615065,0.1996615065,0.1996615065,True
0,0.006,12.2020932,0,0.5989845195,0.2994922597,0.2994922597,0.2994922597,True
0,0.008,12.2020932,0,0.7986460259,0.399323013,0.399323013,0.399323013,True
0,0.01,12.2020932,0,0.9983075324,0.4991537662,0.4991537662,0.4991537662,True
0,0.012,12.2020932,0,1.197969039,0.5989845195,0.5989845195,0.5989845195,True
0,0.014,12.2020932,0,1.397630545,0.6988152727,0.6988152727,0.6988152727,True
0,0.016,12.2020932,0,1.597292052,0.7986460259,0.7986460259,0.7986460259,True
0,0.018,12.2020932,0,1.796953558,0.8984767792,0.8984767792,0.8984767792,True
0,0.02,12.2020932,0,1.996615065,0.9983075324,0.9983075324,0.9983075324,True
0,0.022,12.2020932,0,2.196276571,1.098138286,1.098138286,1.098138286,True
0,0.024,12.2020932,0,2.395938078,1.197969039,1.197969039,1.197969039,True
0,0.026,12.2020932,0,2.595599584,1.297799792,1.297799792,1.297799792,True
0,0.028,12.2020932,0,2.795261091,1.397630545,1.397630545,1.397630545,True
0,0.03,12.2020932,0,2.994922597,1.497461299,1.497461299,1.497461299,True
0,0.032,12.2020932,0,3.194584104,1.597292052,1.597292052,1.597292052,True
0,0.034,12.2020932,0,3.39424561,1.697122805,1.697122805,1.697122805,True
0,0.036,12.2020932,0,3.593907117,1.796953558,1.796953558,1.796953558,True
0,0.038,12.2020932,0,3.793568623,1.896784312,1.896784312,1.896784312,True
0,0.04,12.2020932,0,3.99323013,1.996615065,1.996615065,1.996615065,True
0,0.042,12.2020932,0,4.192891636,2.096445818,2.096445818,2.096445818,True
0,0.044,12.2020932,0,4.392553143,2.196276571,2.196276571,2.196276571,True
0,0.046,12.2020932,0,4.592214649,2.296107325,2.296107325,2.296107325,True
0,0.048,12.2020932,0,4.791876156,2.395938078,2.395938078,2.395938078,True
0,0.05,12.2020932,0,4.991537662,2.495768831,2.495768831,2.495768831,True
0,0.052,12.2020932,0,5.191199169,2.595599584,2.595599584,2.595599584,True
0,0.054,12.2020932,0,5.390860675,2.695430338,2.695430338,2.695430338,True
0,0.056,12.2020932,0,5.590522182,2.795261091,2.795261091,2.795261091,True
0,0.058,12.2020932,0,5.790183688,2.895091844,2.895091844,2.895091844,True
0,0.06,12.2020932,0,5.989845195,2.994922597,2.994922597,2.994922597,True
0.002,-0.06,12.23886673,0.1996615065,5.989845195,2.801240798,2.876295534,2.917710797,True
0.002,-0.058,12.23886673,0.1996615065,5.790183688,2.701210722,2.776342699,2.817800583,True
0.002,-0.056,12.23886673,0.1996615065,5.590522182,2.601180645,2.676389863,2.717890369,True
0.002,-0.054,12.23886673,0.1996615065,5.390860675,2.501150568,2.576437027,2.617980155,True
0.002,-0.052,12.23886673,0.1996615065,5.191199169,2.401120491,2.476484191,2.518069941,True
0.002,-0.05,12.23886673,0.1996615065,4.991537662,2.301090414,2.376531355,2.418159727,True
0.002,-0.048,12.23886673,0.1996615065,4.791876156,2.201060337,2.27657852,2.318249512,True
0.002,-0.046,12.23886673,0.1996615065,4.592214649,2.101030261,2.176625684,2.218339298,True
0.002,-0.044,12.23886673,0.1996615065,4.392553143,2.001000184,2.076672848,2.118429084,True
0.002,-0.042,12.23886673,0.1996615065,4.192891636,1.900970107,1.976720012,2.01851887,True
0.002,-0.04,12.23886673,0.1996615065,3.99323013,1.80094003,1.876767176,1.918608656,True
0.002,-0.038,12.23886673,0.1996615065,3.793568623,1.700909953,1.776814341,1.818698442,True
0.002,-0.036,12.23886673,0.1996615065,3.593907117,1.600879876,1.676861505,1.718788227,True
0.002,-0.034,12.23886673,0.1996615065,3.39424561,1.5008498,1.576908669,1.618878013,True
0.002,-0.032,12.23886673,0.1996615065,3.194584104,1.400819723,1.476955833,1.518967799,True
0.002,-0.03,12.23886673,0.1996615065,2.994922597,1.300789646,1.377002997,1.419057585,True
0.002,-0.028,12.23886673,0.1996615065,2.795261091,1.200759569,1.277050161,1.319147371,True
0.002,-0.026,12.23886673,0.1996615065,2.595599584,1.100729492,1.177097326,1.219237157,True
0.002,-0.024,12.23886673,0.1996615065,2.395938078,1.000699415,1.07714449,1.119326943,True
0.002,-0.022,12.23886673,0.1996615065,2.196276571,0.9006693386,0.9771916541,1.019416728,True
0.002,-0.02,12.23886673,0.1996615065,1.996615065,0.8006392618,0.8772388182,0.9195065142,True
0.002,-0.018,12.23886673,0.1996615065,1.796953558,0.700609185,0.7772859824,0.8195963,True
0.002,-0.016,12.23886673,0.1996615065,1.597292052,0.6005791081,0.6773331466,0.7196860859,True
0.002,-0.014,12.23886673,0.1996615065,1.397630545,0.5005490313,0.5773803108,0.6197758717,True
0.002,-0.012,12.23886673,0.1996615065,1.197969039,0.4005189545,0.477427475,0.5198656576,True
0.002,-0.01,12.23886673,0.1996615065,0.9983075324,0.3004888777,0.3774746392,0.4199554434,True
0.002,-0.008,12.23886673,0.1996615065,0.7986460259,0.2004588008,0.2775218034,0.3200452293,True
0.002,-0.006,12.23886673,0.1996615065,0.5989845195,0.100428724,0.1775689676,0.2201350151,True
0.002,-0.004,12.23886673,0.1996615065,0.399323013,0.0003986471717,0.07761613175,0.1202248009,True
0.002,-0.002,12.23886673,0.1996615065,0.1996615065,0.09963142966,0.02233670406,0.05409383843,True
0.002,0,12.23886673,0.1996615065,0,0.1996615065,0.1222895399,0.07959562737,True
0.002,0.002,12.23886673,0.1996615065,0.1996615065,0.2996915833,0.2222423757,0.1795058415,True
0.002,0.004,12.23886673,0.1996615065,0.399323013,0.3997216601,0.3221952115,0.2794160557,True
0.002,0.006,12.23886673,0.1996615065,0.5989845195,0.499751737,0.4221480473,0.3793262698,True
0.002,0.008,12.23886673,0.1996615065,0.7986460259,0.5997818138,0.5221008831,0.479236484,True
0.002,0.01,12.23886673,0.1996615065,0.9983075324,0.6998118906,0.6220537189,0.5791466982,True
0.002,0.012,12.23886673,0.1996615065,1.197969039,0.7998419675,0.7220065547,0.6790569123,True
0.002,0.014,12.23886673,0.1996615065,1.397630545,0.8998720443,0.8219593906,0.7789671265,True
0.002,0.016,12.23886673,0.1996615065,1.597292052,0.9999021211,0.9219122264,0.8788773406,True
0.002,0.018,12.23886673,0.1996615065,1.796953558,1.099932198,1.021865062,0.9787875548,True
0.002,0.02,12.23886673,0.1996615065,1.996615065,1.199962275,1.121817898,1.078697769,True
0.002,0.022,12.23886673,0.1996615065,2.196276571,1.299992352,1.221770734,1.178607983,True
0.002,0.024,12.23886673,0.1996615065,2.395938078,1.400022428,1.32172357,1.278518197,True
0.002,0.026,12.23886673,0.1996615065,2.595599584,1.500052505,1.421676405,1.378428411,True
0.002,0.028,12.23886673,0.1996615065,2.795261091,1.600082582,1.521629241,1.478338626,True
0.002,0.03,12.23886673,0.1996615065,2.994922597,1.700112659,1.621582077,1.57824884,True
0.002,0.032,12.23886673,0.1996615065,3.194584104,1.800142736,1.721534913,1.678159054,True
0.002,0.034,12.23886673,0.1996615065,3.39424561,1.900172813,1.821487749,1.778069268,True
0.002,0.036,12.23886673,0.1996615065,3.593907117,2.000202889,1.921440584,1.877979482,True
0.002,0.038,12.23886673,0.1996615065,3.793568623,2.100232966,2.02139342,1.977889696,True
0.002,0.04,12.23886673,0.1996615065,3.99323013,2.200263043,2.121346256,2.077799911,True
0.002,0.042,12.23886673,0.1996615065,4.192891636,2.30029312,2.221299092,2.177710125,True
0.002,0.044,12.23886673,0.1996615065,4.392553143,2.400323197,2.321251928,2.277620339,True
0.002,0.046,12.23886673,0.1996615065,4.592214649,2.500353274,2.421204764,2.377530553,True
0.002,0.048,12.23886673,0.1996615065,4.791876156,2.60038335,2.521157599,2.477440767,True
0.002,0.05,12.23886673,0.1996615065,4.991537662,2.700413427,2.621110435,2.577350981,True
0.002,0.052,12.23886673,0.1996615065,5.191199169,2.800443504,2.721063271,2.677261195,True
0.002,0.054,12.23886673,0.1996615065,5.390860675,2.900473581,2.821016107,2.77717141,True
0.002,0.056,12.23886673,0.1996615065,5.590522182,3.000503658,2.920968943,2.877081624,True
0.002,0.058,12.23886673,0.1996615065,5.790183688,3.100533735,3.020921778,2.976991838,True
0.002,0.06,12.23886673,0.1996615065,5.989845195,3.200563811,3.120874614,3.076902052,True
0.004,-0.06,12.2757274,0.399323013,5.989845195,2.607558999,2.757824812,2.840573088,True
0.004,-0.058,12.2757274,0.399323013,5.790183688,2.507329599,2.657750055,2.740583489,True
0.004,-0.056,12.2757274,0.399323013,5.590522182,2.407100199,2.557675297,2.64059389,True
0.004,-0.054,12.2757274,0.399323013,5.390860675,2.306870798,2.45760054,2.540604291,True
0.004,-0.052,12.2757274,0.399323013,5.191199169,2.206641398,2.357525782,2.440614692,True
0.004,-0.05,12.2757274,0.399323013,4.991537662,2.106411997,2.257451025,2.340625094,True
0.004,-0.048,12.2757274,0.399323013,4.791876156,2.006182597,2.157376267,2.240635495,True
0.004,-0.046,12.2757274,0.399323013,4.592214649,1.905953197,2.05730151,2.140645896,True
0.004,-0.044,12.2757274,0.399323013,4.392553143,1.805723796,1.957226752,2.040656297,True
0.004,-0.042,12.2757274,0.399323013,4.192891636,1.705494396,1.857151995,1.940666698,True
0.004,-0.04,12.2757274,0.399323013,3.99323013,1.605264995,1.757077238,1.840677099,True
0.004,-0.038,12.2757274,0.399323013,3.793568623,1.505035595,1.65700248,1.740687501,True
0.004,-0.036,12.2757274,0.399323013,3.593907117,1.404806194,1.556927723,1.640697902,True
0.004,-0.034,12.2757274,0.399323013,3.39424561,1.304576794,1.456852965,1.540708303,True
0.004,-0.032,12.2757274,0.399323013,3.194584104,1.204347394,1.356778208,1.440718704,True
0.004,-0.03,12.2757274,0.399323013,2.994922597,1.104117993,1.25670345,1.340729105,True
0.004,-0.028,12.2757274,0.399323013,2.795261091,1.003888593,1.156628693,1.240739506,True
0.004,-0.026,12.2757274,0.399323013,2.595599584,0.9036591924,1.056553935,1.140749908,True
0.004,-0.024,12.2757274,0.399323013,2.395938078,0.803429792,0.9564791776,1.040760309,True
0.004,-0.022,12.2757274,0.399323013,2.196276571,0.7032003916,0.8564044201,0.94077071,True
0.004,-0.02,12.2757274,0.399323013,1.996615065,0.6029709912,0.7563296627,0.8407811112,True
0.004,-0.018,12.2757274,0.399323013,1.796953558,0.5027415908,0.6562549052,0.7407915124,True
0.004,-0.016,12.2757274,0.399323013,1.597292052,0.4025121903,0.5561801477,0.6408019136,True
0.004,-0.014,12.2757274,0.399323013,1.397630545,0.3022827899,0.4561053902,0.5408123147,True
0.004,-0.012,12.2757274,0.399323013,1.197969039,0.2020533895,0.3560306327,0.4408227159,True
0.004,-0.01,12.2757274,0.399323013,0.9983075324,0.1018239891,0.2559558752,0.3408331171,True
0.004,-0.008,12.2757274,0.399323013,0.7986460259,0.001594588687,0.1558811177,0.2408435183,True
0.004,-0.006,12.2757274,0.399323013,0.5989845195,0.09863481173,0.05591864597,0.1588689549,True
0.004,-0.004,12.2757274,0.399323013,0.399323013,0.1988642121,0.04426839723,0.1080399703,True
0.004,-0.002,12.2757274,0.399323013,0.1996615065,0.2990936126,0.1443431547,0.09036788059,True
0.004,0,12.2757274,0.399323013,0,0.399323013,0.2444179122,0.159114877,True
0.004,0.002,12.2757274,0.399323013,0.1996615065,0.4995524134,0.3444926697,0.2591044758,True
0.004,0.004,12.2757274,0.399323013,0.399323013,0.5997818138,0.4445674272,0.3590940747,True
0.004,0.006,12.2757274,0.399323013,0.5989845195,0.7000112142,0.5446421847,0.4590836735,True
0.004,0.008,12.2757274,0.399323013,0.7986460259,0.8002406146,0.6447169421,0.5590732723,True
0.004,0.01,12.2757274,0.399323013,0.9983075324,0.900470015,0.7447916996,0.6590628711,True
0.004,0.012,12.2757274,0.399323013,1.197969039,1.000699415,0.8448664571,0.75905247,True
0.004,0.014,12.2757274,0.399323013,1.397630545,1.100928816,0.9449412146,0.8590420688,True
0.004,0.016,12.2757274,0.399323013,1.597292052,1.201158216,1.045015972,0.9590316676,True
0.004,0.018,12.2757274,0.399323013,1.796953558,1.301387617,1.14509073,1.059021266,True
0.004,0.02,12.2757274,0.399323013,1.996615065,1.401617017,1.245165487,1.159010865,True
0.004,0.022,12.2757274,0.399323013,2.196276571,1.501846418,1.345240245,1.259000464,True
0.004,0.024,12.2757274,0.399323013,2.395938078,1.602075818,1.445315002,1.358990063,True
0.004,0.026,12.2757274,0.399323013,2.595599584,1.702305218,1.54538976,1.458979662,True
0.004,0.028,12.2757274,0.399323013,2.795261091,1.802534619,1.645464517,1.558969261,True
0.004,0.03,12.2757274,0.399323013,2.994922597,1.902764019,1.745539274,1.658958859,True
0.004,0.032,12.2757274,0.399323013,3.194584104,2.00299342,1.845614032,1.758948458,True
0.004,0.034,12.2757274,0.399323013,3.39424561,2.10322282,1.945688789,1.858938057,True
0.004,0.036,12.2757274,0.399323013,3.593907117,2.20345222,2.045763547,1.958927656,True
0.004,0.038,12.2757274,0.399323013,3.793568623,2.303681621,2.145838304,2.058917255,True
0.004,0.04,12.2757274,0.399323013,3.99323013,2.403911021,2.245913062,2.158906853,True
0.004,0.042,12.2757274,0.399323013,4.192891636,2.504140422,2.345987819,2.258896452,True
0.004,0.044,12.2757274,0.399323013,4.392553143,2.604369822,2.446062577,2.358886051,True
0.004,0.046,12.2757274,0.399323013,4.592214649,2.704599223,2.546137334,2.45887565,True
0.004,0.048,12.2757274,0.399323013,4.791876156,2.804828623,2.646212092,2.558865249,True
0.004,0.05,12.2757274,0.399323013,4.991537662,2.905058023,2.746286849,2.658854848,True
0.004,0.052,12.2757274,0.399323013,5.191199169,3.005287424,2.846361607,2.758844446,True
0.004,0.054,12.2757274,0.399323013,5.390860675,3.105516824,2.946436364,2.858834045,True
0.004,0.056,12.2757274,0.399323013,5.590522182,3.205746225,3.046511122,2.958823644,True
0.004,0.058,12.2757274,0.399323013,5.790183688,3.305975625,3.146585879,3.058813243,True
0.004,0.06,12.2757274,0.399323013,5.989845195,3.406205025,3.246660637,3.158802842,True
0.006,-0.06,12.31267474,0.5989845195,5.989845195,2.413877201,2.639510075,2.763509251,True
0.006,-0.058,12.31267474,0.5989845195,5.790183688,2.313448477,2.539313556,2.663440343,True
0.006,-0.056,12.31267474,0.5989845195,5.590522182,2.213019753,2.439117037,2.563371436,True
0.006,-0.054,12.31267474,0.5989845195,5.390860675,2.112591029,2.338920519,2.463302529,True
0.006,-0.052,12.31267474,0.5989845195,5.191199169,2.012162305,2.238724,2.363233621,True
0.006,-0.05,12.31267474,0.5989845195,4.991537662,1.911733581,2.138527482,2.263164714,True
0.006,-0.048,12.31267474,0.5989845195,4.791876156,1.811304857,2.038330963,2.163095806,True
0.006,-0.046,12.31267474,0.5989845195,4.592214649,1.710876133,1.938134444,2.063026899,True
0.006,-0.044,12.31267474,0.5989845195,4.392553143,1.610447409,1.837937926,1.962957991,True
0.006,-0.042,12.31267474,0.5989845195,4.192891636,1.510018685,1.737741407,1.862889084,True
0.006,-0.04,12.31267474,0.5989845195,3.99323013,1.409589961,1.637544888,1.762820176,True
0.006,-0.038,12.31267474,0.5989845195,3.793568623,1.309161237,1.53734837,1.662751269,True
0.006,-0.036,12.31267474,0.5989845195,3.593907117,1.208732513,1.437151851,1.562682361,True
0.006,-0.034,12.31267474,0.5989845195,3.39424561,1.108303789,1.336955333,1.462613454,True
0.006,-0.032,12.31267474,0.5989845195,3.194584104,1.007875065,1.236758814,1.362544546,True
0.006,-0.03,12.31267474,0.5989845195,2.994922597,0.9074463406,1.136562295,1.262475639,True
0.006,-0.028,12.31267474,0.5989845195,2.795261091,0.8070176165,1.036365777,1.162406732,True
0.006,-0.026,12.31267474,0.5989845195,2.595599584,0.7065888925,0.936169258,1.062337824,True
0.006,-0.024,12.31267474,0.5989845195,2.395938078,0.6061601685,0.8359727394,0.9622689166,True
0.006,-0.022,12.31267474,0.5989845195,2.196276571,0.5057314445,0.7357762207,0.8622000091,True
0.006,-0.02,12.31267474,0.5989845195,1.996615065,0.4053027205,0.6355797021,0.7621311017,True
0.006,-0.018,12.31267474,0.5989845195,1.796953558,0.3048739965,0.5353831835,0.6620621942,True
0.006,-0.016,12.31267474,0.5989845195,1.597292052,0.2044452725,0.4351866648,0.5619932867,True
0.006,-0.014,12.31267474,0.5989845195,1.397630545,0.1040165485,0.3349901462,0.4619243793,True
0.006,-0.012,12.31267474,0.5989845195,1.197969039,0.003587824545,0.2347936276,0.3618554718,True
0.006,-0.01,12.31267474,0.5989845195,0.9983075324,0.09684089946,0.1345971089,0.2734908973,True
0.006,-0.008,12.31267474,0.5989845195,0.7986460259,0.1972696235,0.04476684662,0.208020457,True
0.006,-0.006,12.31267474,0.5989845195,0.5989845195,0.2976983475,0.06579592833,0.1618392233,True
0.006,-0.004,12.31267474,0.5989845195,0.399323013,0.3981270715,0.165992447,0.1418721625,True
0.006,-0.002,12.31267474,0.5989845195,0.1996615065,0.4985557955,0.2661889656,0.1384890655,True
0.006,0,12.31267474,0.5989845195,0,0.5989845195,0.3663854842,0.238557973,True
0.006,0.002,12.31267474,0.5989845195,0.1996615065,0.6994132435,0.4665820029,0.3386268804,True
0.006,0.004,12.31267474,0.5989845195,0.399323013,0.7998419675,0.5667785215,0.4386957879,True
0.006,0.006,12.31267474,0.5989845195,0.5989845195,0.9002706915,0.6669750401,0.5387646954,True
0.006,0.008,12.31267474,0.5989845195,0.7986460259,1.000699415,0.7671715588,0.6388336028,True
0.006,0.01,12.31267474,0.5989845195,0.9983075324,1.101128139,0.8673680774,0.7389025103,True
0.006,0.012,12.31267474,0.5989845195,1.197969039,1.201556863,0.967564596,0.8389714178,True
0.006,0.014,12.31267474,0.5989845195,1.397630545,1.301985587,1.067761115,0.9390403252,True
0.006,0.016,12.31267474,0.5989845195,1.597292052,1.402414311,1.167957633,1.039109233,True
0.006,0.018,12.31267474,0.5989845195,1.796953558,1.502843035,1.268154152,1.13917814,True
0.006,0.02,12.31267474,0.5989845195,1.996615065,1.603271759,1.368350671,1.239247048,True
0.006,0.022,12.31267474,0.5989845195,2.196276571,1.703700483,1.468547189,1.339315955,True
0.006,0.024,12.31267474,0.5989845195,2.395938078,1.804129207,1.568743708,1.439384863,True
0.006,0.026,12.31267474,0.5989845195,2.595599584,1.904557931,1.668940226,1.53945377,True
0.006,0.028,12.31267474,0.5989845195,2.795261091,2.004986655,1.769136745,1.639522677,True
0.006,0.03,12.31267474,0.5989845195,2.994922597,2.105415379,1.869333264,1.739591585,True
0.006,0.032,12.31267474,0.5989845195,3.194584104,2.205844103,1.969529782,1.839660492,True
0.006,0.034,12.31267474,0.5989845195,3.39424561,2.306272827,2.069726301,1.9397294,True
0.006,0.036,12.31267474,0.5989845195,3.593907117,2.406701551,2.16992282,2.039798307,True
0.006,0.038,12.31267474,0.5989845195,3.793568623,2.507130275,2.270119338,2.139867215,True
0.006,0.04,12.31267474,0.5989845195,3.99323013,2.607558999,2.370315857,2.239936122,True
0.006,0.042,12.31267474,0.5989845195,4.192891636,2.707987723,2.470512375,2.34000503,True
0.006,0.044,12.31267474,0.5989845195,4.392553143,2.808416447,2.570708894,2.440073937,True
0.006,0.046,12.31267474,0.5989845195,4.592214649,2.908845171,2.670905413,2.540142845,True
0.006,0.048,12.31267474,0.5989845195,4.791876156,3.009273895,2.771101931,2.640211752,True
0.006,0.05,12.31267474,0.5989845195,4.991537662,3.109702619,2.87129845,2.74028066,True
0.006,0.052,12.31267474,0.5989845195,5.191199169,3.210131343,2.971494969,2.840349567,True
0.006,0.054,12.31267474,0.5989845195,5.390860675,3.310560067,3.071691487,2.940418475,True
0.006,0.056,12.31267474,0.5989845195,5.590522182,3.410988791,3.171888006,3.040487382,True
0.006,0.058,12.31267474,0.5989845195,5.790183688,3.511417515,3.272084525,3.140556289,True
0.006,0.06,12.31267474,0.5989845195,5.989845195,3.611846239,3.372281043,3.240625197,True
0.008,-0.06,12.34970829,0.7986460259,5.989845195,2.220195402,2.521350967,2.686519071,True
0.008,-0.058,12.34970829,0.7986460259,5.790183688,2.119567354,2.421032847,2.586370931,True
0.008,-0.056,12.34970829,0.7986460259,5.590522182,2.018939306,2.320714727,2.48622279,True
0.008,-0.054,12.34970829,0.7986460259,5.390860675,1.918311259,2.220396608,2.38607465,True
0.008,-0.052,12.34970829,0.7986460259,5.191199169,1.817683211,2.120078488,2.28592651,True
0.008,-0.05,12.34970829,0.7986460259,4.991537662,1.717055164,2.019760369,2.185778369,True
0.008,-0.048,12.34970829,0.7986460259,4.791876156,1.616427116,1.919442249,2.085630229,True
0.008,-0.046,12.34970829,0.7986460259,4.592214649,1.515799069,1.819124129,1.985482089,True
0.008,-0.044,12.34970829,0.7986460259,4.392553143,1.415171021,1.71880601,1.885333949,True
0.008,-0.042,12.34970829,0.7986460259,4.192891636,1.314542973,1.61848789,1.785185808,True
0.008,-0.04,12.34970829,0.7986460259,3.99323013,1.213914926,1.518169771,1.685037668,True
0.008,-0.038,12.34970829,0.7986460259,3.793568623,1.113286878,1.417851651,1.584889528,True
0.008,-0.036,12.34970829,0.7986460259,3.593907117,1.012658831,1.317533531,1.484741387,True
0.008,-0.034,12.34970829,0.7986460259,3.39424561,0.912030783,1.217215412,1.384593247,True
0.008,-0.032,12.34970829,0.7986460259,3.194584104,0.8114027354,1.116897292,1.284445107,True
0.008,-0.03,12.34970829,0.7986460259,2.994922597,0.7107746879,1.016579172,1.184296966,True
0.008,-0.028,12.34970829,0.7986460259,2.795261091,0.6101466403,0.9162610528,1.084148826,True
0.008,-0.026,12.34970829,0.7986460259,2.595599584,0.5095185927,0.8159429332,0.9840006858,True
0.008,-0.024,12.34970829,0.7986460259,2.395938078,0.4088905451,0.7156248136,0.8838525455,True
0.008,-0.022,12.34970829,0.7986460259,2.196276571,0.3082624975,0.615306694,0.7837044052,True
0.008,-0.02,12.34970829,0.7986460259,1.996615065,0.2076344499,0.5149885744,0.6835562649,True
0.008,-0.018,12.34970829,0.7986460259,1.796953558,0.1070064023,0.4146704548,0.5834081246,True
0.008,-0.016,12.34970829,0.7986460259,1.597292052,0.006378354748,0.3143523351,0.4832599843,True
0.008,-0.014,12.34970829,0.7986460259,1.397630545,0.09424969284,0.2140342155,0.3911772971,True
0.008,-0.012,12.34970829,0.7986460259,1.197969039,0.1948777404,0.1137665797,0.3176012102,True
0.008,-0.01,12.34970829,0.7986460259,0.9983075324,0.295505788,0.04432135897,0.2592932539,True
0.008,-0.008,12.34970829,0.7986460259,0.7986460259,0.3961338356,0.08692014331,0.2154926358,True
0.008,-0.006,12.34970829,0.7986460259,0.5989845195,0.4967618832,0.1872382629,0.1939655216,True
0.008,-0.004,12.34970829,0.7986460259,0.399323013,0.5973899308,0.2875563825,0.1802159741,True
0.008,-0.002,12.34970829,0.7986460259,0.1996615065,0.6980179784,0.3878745022,0.2177769978,True
0.008,0,12.34970829,0.7986460259,0,0.7986460259,0.4881926218,0.3179251381,True
0.008,0.002,12.34970829,0.7986460259,0.1996615065,0.8992740735,0.5885107414,0.4180732784,True
0.008,0.004,12.34970829,0.7986460259,0.399323013,0.9999021211,0.688828861,0.5182214187,True
0.008,0.006,12.34970829,0.7986460259,0.5989845195,1.100530169,0.7891469806,0.618369559,True
0.008,0.008,12.34970829,0.7986460259,0.7986460259,1.201158216,0.8894651002,0.7185176993,True
0.008,0.01,12.34970829,0.7986460259,0.9983075324,1.301786264,0.9897832198,0.8186658396,True
0.008,0.012,12.34970829,0.7986460259,1.197969039,1.402414311,1.090101339,0.9188139799,True
0.008,0.014,12.34970829,0.7986460259,1.397630545,1.503042359,1.190419459,1.01896212,True
0.008,0.016,12.34970829,0.7986460259,1.597292052,1.603670407,1.290737579,1.119110261,True
0.008,0.018,12.34970829,0.7986460259,1.796953558,1.704298454,1.391055698,1.219258401,True
0.008,0.02,12.34970829,0.7986460259,1.996615065,1.804926502,1.491373818,1.319406541,True
0.008,0.022,12.34970829,0.7986460259,2.196276571,1.905554549,1.591691938,1.419554681,True
0.008,0.024,12.34970829,0.7986460259,2.395938078,2.006182597,1.692010057,1.519702822,True
0.008,0.026,12.34970829,0.7986460259,2.595599584,2.106810645,1.792328177,1.619850962,True
0.008,0.028,12.34970829,0.7986460259,2.795261091,2.207438692,1.892646296,1.719999102,True
0.008,0.03,12.34970829,0.7986460259,2.994922597,2.30806674,1.992964416,1.820147243,True
0.008,0.032,12.34970829,0.7986460259,3.194584104,2.408694787,2.093282536,1.920295383,True
0.008,0.034,12.34970829,0.7986460259,3.39424561,2.509322835,2.193600655,2.020443523,True
0.008,0.036,12.34970829,0.7986460259,3.593907117,2.609950882,2.293918775,2.120591664,True
0.008,0.038,12.34970829,0.7986460259,3.793568623,2.71057893,2.394236894,2.220739804,True
0.008,0.04,12.34970829,0.7986460259,3.99323013,2.811206978,2.494555014,2.320887944,True
0.008,0.042,12.34970829,0.7986460259,4.192891636,2.911835025,2.594873134,2.421036084,True
0.008,0.044,12.34970829,0.7986460259,4.392553143,3.012463073,2.695191253,2.521184225,True
0.008,0.046,12.34970829,0.7986460259,4.592214649,3.11309112,2.795509373,2.621332365,True
0.008,0.048,12.34970829,0.7986460259,4.791876156,3.213719168,2.895827493,2.721480505,True
0.008,0.05,12.34970829,0.7986460259,4.991537662,3.314347216,2.996145612,2.821628646,True
0.008,0.052,12.34970829,0.7986460259,5.191199169,3.414975263,3.096463732,2.921776786,True
0.008,0.054,12.34970829,0.7986460259,5.390860675,3.515603311,3.196781851,3.021924926,True
0.008,0.056,12.34970829,0.7986460259,5.590522182,3.616231358,3.297099971,3.122073067,True
0.008,0.058,12.34970829,0.7986460259,5.790183688,3.716859406,3.397418091,3.222221207,True
0.008,0.06,12.34970829,0.7986460259,5.989845195,3.817487454,3.49773621,3.322369347,True
0.01,-0.06,12.38682758,0.9983075324,5.989845195,2.026513603,2.403347135,2.609602333,True
0.01,-0.058,12.38682758,0.9983075324,5.790183688,1.925686232,2.302907574,2.509375035,True
0.01,-0.056,12.38682758,0.9983075324,5.590522182,1.82485886,2.202468013,2.409147737,True
0.01,-0.054,12.38682758,0.9983075324,5.390860675,1.724031489,2.102028452,2.30892044,True
0.01,-0.052,12.38682758,0.9983075324,5.191199169,1.623204118,2.001588892,2.208693142,True
0.01,-0.05,12.38682758,0.9983075324,4.991537662,1.522376747,1.901149331,2.108465845,True
0.01,-0.048,12.38682758,0.9983075324,4.791876156,1.421549376,1.80070977,2.008238547,True
0.01,-0.046,12.38682758,0.9983075324,4.592214649,1.320722005,1.700270209,1.90801125,True
0.01,-0.044,12.38682758,0.9983075324,4.392553143,1.219894633,1.599830648,1.807783952,True
0.01,-0.042,12.38682758,0.9983075324,4.192891636,1.119067262,1.499391088,1.707556655,True
0.01,-0.04,12.38682758,0.9983075324,3.99323013,1.018239891,1.398951527,1.607329357,True
0.01,-0.038,12.38682758,0.9983075324,3.793568623,0.9174125198,1.298511966,1.507102059,True
0.01,-0.036,12.38682758,0.9983075324,3.593907117,0.8165851487,1.198072405,1.406874762,True
0.01,-0.034,12.38682758,0.9983075324,3.39424561,0.7157577775,1.097632844,1.306647464,True
0.01,-0.032,12.38682758,0.9983075324,3.194584104,0.6149304063,0.9971932835,1.206420167,True
0.01,-0.03,12.38682758,0.9983075324,2.994922597,0.5141030352,0.8967537227,1.106192869,True
0.01,-0.028,12.38682758,0.9983075324,2.795261091,0.413275664,0.7963141619,1.005965572,True
0.01,-0.026,12.38682758,0.9983075324,2.595599584,0.3124482928,0.6958746011,0.9057382741,True
0.01,-0.024,12.38682758,0.9983075324,2.395938078,0.2116209216,0.5954350403,0.8055109765,True
0.01,-0.022,12.38682758,0.9983075324,2.196276571,0.1107935505,0.4949954795,0.7052836789,True
0.01,-0.02,12.38682758,0.9983075324,1.996615065,0.009966179293,0.3945559187,0.6050563814,True
0.01,-0.018,12.38682758,0.9983075324,1.796953558,0.09086119188,0.2941163579,0.5104452372,True
0.01,-0.016,12.38682758,0.9983075324,1.597292052,0.1916885631,0.1936767971,0.4313503251,True
0.01,-0.014,12.38682758,0.9983075324,1.397630545,0.2925159342,0.09935985892,0.3655594313,True
0.01,-0.012,12.38682758,0.9983075324,1.197969039,0.3933433054,0.05242144506,0.3113093807,True
0.01,-0.01,12.38682758,0.9983075324,0.9983075324,0.4941706766,0.1076418853,0.2690010387,True
0.01,-0.008,12.38682758,0.9983075324,0.7986460259,0.5949980477,0.2080814461,0.2463093829,True
0.01,-0.006,12.38682758,0.9983075324,0.5989845195,0.6958254189,0.3085210069,0.2311866307,True
0.01,-0.004,12.38682758,0.9983075324,0.399323013,0.7966527901,0.4089605677,0.219330772,True
0.01,-0.002,12.38682758,0.9983075324,0.1996615065,0.8974801613,0.5094001285,0.2969892967,True
0.01,0,12.38682758,0.9983075324,0,0.9983075324,0.6098396893,0.3972165942,True
0.01,0.002,12.38682758,0.9983075324,0.1996615065,1.099134904,0.7102792501,0.4974438918,True
0.01,0.004,12.38682758,0.9983075324,0.399323013,1.199962275,0.8107188109,0.5976711894,True
0.01,0.006,12.38682758,0.9983075324,0.5989845195,1.300789646,0.9111583716,0.6978984869,True
0.01,0.008,12.38682758,0.9983075324,0.7986460259,1.401617017,1.011597932,0.7981257845,True
0.01,0.01,12.38682758,0.9983075324,0.9983075324,1.502444388,1.112037493,0.898353082,True
0.01,0.012,12.38682758,0.9983075324,1.197969039,1.603271759,1.212477054,0.9985803796,True
0.01,0.014,12.38682758,0.9983075324,1.397630545,1.704099131,1.312916615,1.098807677,True
0.01,0.016,12.38682758,0.9983075324,1.597292052,1.804926502,1.413356176,1.199034975,True
0.01,0.018,12.38682758,0.9983075324,1.796953558,1.905753873,1.513795736,1.299262272,True
0.01,0.02,12.38682758,0.9983075324,1.996615065,2.006581244,1.614235297,1.39948957,True
0.01,0.022,12.38682758,0.9983075324,2.196276571,2.107408615,1.714674858,1.499716867,True
0.01,0.024,12.38682758,0.9983075324,2.395938078,2.208235986,1.815114419,1.599944165,True
0.01,0.026,12.38682758,0.9983075324,2.595599584,2.309063358,1.91555398,1.700171463,True
0.01,0.028,12.38682758,0.9983075324,2.795261091,2.409890729,2.01599354,1.80039876,True
0.01,0.03,12.38682758,0.9983075324,2.994922597,2.5107181,2.116433101,1.900626058,True
0.01,0.032,12.38682758,0.9983075324,3.194584104,2.611545471,2.216872662,2.000853355,True
0.01,0.034,12.38682758,0.9983075324,3.39424561,2.712372842,2.317312223,2.101080653,True
0.01,0.036,12.38682758,0.9983075324,3.593907117,2.813200214,2.417751784,2.20130795,True
0.01,0.038,12.38682758,0.9983075324,3.793568623,2.914027585,2.518191344,2.301535248,True
0.01,0.04,12.38682758,0.9983075324,3.99323013,3.014854956,2.618630905,2.401762545,True
0.01,0.042,12.38682758,0.9983075324,4.192891636,3.115682327,2.719070466,2.501989843,True
0.01,0.044,12.38682758,0.9983075324,4.392553143,3.216509698,2.819510027,2.602217141,True
0.01,0.046,12.38682758,0.9983075324,4.592214649,3.317337069,2.919949588,2.702444438,True
0.01,0.048,12.38682758,0.9983075324,4.791876156,3.418164441,3.020389148,2.802671736,True
0.01,0.05,12.38682758,0.9983075324,4.991537662,3.518991812,3.120828709,2.902899033,True
0.01,0.052,12.38682758,0.9983075324,5.191199169,3.619819183,3.22126827,3.003126331,True
0.01,0.054,12.38682758,0.9983075324,5.390860675,3.720646554,3.321707831,3.103353628,True
0.01,0.056,12.38682758,0.9983075324,5.590522182,3.821473925,3.422147392,3.203580926,True
0.01,0.058,12.38682758,0.9983075324,5.790183688,3.922301296,3.522586952,3.303808224,True
0.01,0.06,12.38682758,0.9983075324,5.989845195,4.023128668,3.623026513,3.404035521,True
0.012,-0.06,12.42403216,1.197969039,5.989845195,1.832831804,2.285498227,2.532758822,True
0.012,-0.058,12.42403216,1.197969039,5.790183688,1.731805109,2.184937384,2.432452442,True
0.012,-0.056,12.42403216,1.197969039,5.590522182,1.630778414,2.084376542,2.332146063,True
0.012,-0.054,12.42403216,1.197969039,5.390860675,1.52975172,1.983815699,2.231839683,True
0.012,-0.052,12.42403216,1.197969039,5.191199169,1.428725025,1.883254856,2.131533304,True
0.012,-0.05,12.42403216,1.197969039,4.991537662,1.32769833,1.782694014,2.031226924,True
0.012,-0.048,12.42403216,1.197969039,4.791876156,1.226671635,1.682133171,1.930920545,True
0.012,-0.046,12.42403216,1.197969039,4.592214649,1.125644941,1.581572329,1.830614166,True
0.012,-0.044,12.42403216,1.197969039,4.392553143,1.024618246,1.481011486,1.730307786,True
0.012,-0.042,12.42403216,1.197969039,4.192891636,0.923591551,1.380450644,1.630001407,True
0.012,-0.04,12.42403216,1.197969039,3.99323013,0.8225648562,1.279889801,1.529695027,True
0.012,-0.038,12.42403216,1.197969039,3.793568623,0.7215381615,1.179328959,1.429388648,True
0.012,-0.036,12.42403216,1.197969039,3.593907117,0.6205114667,1.078768116,1.329082268,True
0.012,-0.034,12.42403216,1.197969039,3.39424561,0.519484772,0.9782072736,1.228775889,True
0.012,-0.032,12.42403216,1.197969039,3.194584104,0.4184580772,0.877646431,1.128469509,True
0.012,-0.03,12.42403216,1.197969039,2.994922597,0.3174313825,0.7770855885,1.02816313,True
0.012,-0.028,12.42403216,1.197969039,2.795261091,0.2164046877,0.6765247459,0.9278567505,True
0.012,-0.026,12.42403216,1.197969039,2.595599584,0.1153779929,0.5759639034,0.827550371,True
0.012,-0.024,12.42403216,1.197969039,2.395938078,0.01435129818,0.4754030609,0.7272439915,True
0.012,-0.022,12.42403216,1.197969039,2.196276571,0.08667539658,0.3748422183,0.6307675277,True
0.012,-0.02,12.42403216,1.197969039,1.996615065,0.1877020913,0.2742813758,0.5475504472,True
0.012,-0.018,12.42403216,1.197969039,1.796953558,0.2887287861,0.1737205332,0.4762197629,True
0.012,-0.016,12.42403216,1.197969039,1.597292052,0.3897554809,0.09109845406,0.4152387094,True
0.012,-0.014,12.42403216,1.197969039,1.397630545,0.4907821756,0.06076310445,0.3636355327,True
0.012,-0.012,12.42403216,1.197969039,1.197969039,0.5918088704,0.1279619944,0.3223651712,True
0.012,-0.01,12.42403216,1.197969039,0.9983075324,0.6928355651,0.228522837,0.2987520278,True
0.012,-0.008,12.42403216,1.197969039,0.7986460259,0.7938622599,0.3290836795,0.2825208252,True
0.012,-0.006,12.42403216,1.197969039,0.5989845195,0.8948889546,0.4296445221,0.2695489124,True
0.012,-0.004,12.42403216,1.197969039,0.399323013,0.9959156494,0.5302053646,0.275819803,True
0.012,-0.002,12.42403216,1.197969039,0.1996615065,1.096942344,0.6307662071,0.3761261825,True
0.012,0,12.42403216,1.197969039,0,1.197969039,0.7313270497,0.476432562,True
0.012,0.002,12.42403216,1.197969039,0.1996615065,1.298995734,0.8318878922,0.5767389414,True
0.012,0.004,12.42403216,1.197969039,0.399323013,1.400022428,0.9324487348,0.6770453209,True
0.012,0.006,12.42403216,1.197969039,0.5989845195,1.501049123,1.033009577,0.7773517003,True
0.012,0.008,12.42403216,1.197969039,0.7986460259,1.602075818,1.13357042,0.8776580798,True
0.012,0.01,12.42403216,1.197969039,0.9983075324,1.703102513,1.234131262,0.9779644593,True
0.012,0.012,12.42403216,1.197969039,1.197969039,1.804129207,1.334692105,1.078270839,True
0.012,0.014,12.42403216,1.197969039,1.397630545,1.905155902,1.435252948,1.178577218,True
0.012,0.016,12.42403216,1.197969039,1.597292052,2.006182597,1.53581379,1.278883598,True
0.012,0.018,12.42403216,1.197969039,1.796953558,2.107209292,1.636374633,1.379189977,True
0.012,0.02,12.42403216,1.197969039,1.996615065,2.208235986,1.736935475,1.479496357,True
0.012,0.022,12.42403216,1.197969039,2.196276571,2.309262681,1.837496318,1.579802736,True
0.012,0.024,12.42403216,1.197969039,2.395938078,2.410289376,1.93805716,1.680109115,True
0.012,0.026,12.42403216,1.197969039,2.595599584,2.511316071,2.038618003,1.780415495,True
0.012,0.028,12.42403216,1.197969039,2.795261091,2.612342766,2.139178845,1.880721874,True
0.012,0.03,12.42403216,1.197969039,2.994922597,2.71336946,2.239739688,1.981028254,True
0.012,0.032,12.42403216,1.197969039,3.194584104,2.814396155,2.34030053,2.081334633,True
0.012,0.034,12.42403216,1.197969039,3.39424561,2.91542285,2.440861373,2.181641013,True
0.012,0.036,12.42403216,1.197969039,3.593907117,3.016449545,2.541422216,2.281947392,True
0.012,0.038,12.42403216,1.197969039,3.793568623,3.117476239,2.641983058,2.382253772,True
0.012,0.04,12.42403216,1.197969039,3.99323013,3.218502934,2.742543901,2.482560151,True
0.012,0.042,12.42403216,1.197969039,4.192891636,3.319529629,2.843104743,2.582866531,True
0.012,0.044,12.42403216,1.197969039,4.392553143,3.420556324,2.943665586,2.68317291,True
0.012,0.046,12.42403216,1.197969039,4.592214649,3.521583018,3.044226428,2.783479289,True
0.012,0.048,12.42403216,1.197969039,4.791876156,3.622609713,3.144787271,2.883785669,True
0.012,0.05,12.42403216,1.197969039,4.991537662,3.723636408,3.245348113,2.984092048,True
0.012,0.052,12.42403216,1.197969039,5.191199169,3.824663103,3.345908956,3.084398428,True
0.012,0.054,12.42403216,1.197969039,5.390860675,3.925689797,3.446469798,3.184704807,True
0.012,0.056,12.42403216,1.197969039,5.590522182,4.026716492,3.547030641,3.285011187,True
0.012,0.058,12.42403216,1.197969039,5.790183688,4.127743187,3.647591484,3.385317566,True
0.012,0.06,12.42403216,1.197969039,5.989845195,4.228769882,3.748152326,3.485623946,True
0.014,-0.06,12.46132157,1.397630545,5.989845195,1.639150005,2.167803892,2.455988326,True
0.014,-0.058,12.46132157,1.397630545,5.790183688,1.537923987,2.067121927,2.355602939,True
0.014,-0.056,12.46132157,1.397630545,5.590522182,1.436697968,1.966439961,2.255217553,True
0.014,-0.054,12.46132157,1.397630545,5.390860675,1.33547195,1.865757996,2.154832167,True
0.014,-0.052,12.46132157,1.397630545,5.191199169,1.234245932,1.765076031,2.054446781,True
0.014,-0.05,12.46132157,1.397630545,4.991537662,1.133019913,1.664394066,1.954061395,True
0.014,-0.048,12.46132157,1.397630545,4.791876156,1.031793895,1.5637121,1.853676008,True
0.014,-0.046,12.46132157,1.397630545,4.592214649,0.9305678765,1.463030135,1.753290622,True
0.014,-0.044,12.46132157,1.397630545,4.392553143,0.8293418582,1.36234817,1.652905236,True
0.014,-0.042,12.46132157,1.397630545,4.192891636,0.7281158398,1.261666205,1.55251985,True
0.014,-0.04,12.46132157,1.397630545,3.99323013,0.6268898215,1.16098424,1.452134463,True
0.014,-0.038,12.46132157,1.397630545,3.793568623,0.5256638031,1.060302274,1.351749077,True
0.014,-0.036,12.46132157,1.397630545,3.593907117,0.4244377848,0.9596203092,1.251363691,True
0.014,-0.034,12.46132157,1.397630545,3.39424561,0.3232117664,0.858938344,1.150978305,True
0.014,-0.032,12.46132157,1.397630545,3.194584104,0.2219857481,0.7582563788,1.050592919,True
0.014,-0.03,12.46132157,1.397630545,2.994922597,0.1207597298,0.6575744135,0.9502075324,True
0.014,-0.028,12.46132157,1.397630545,2.795261091,0.01953371141,0.5568924483,0.8498221462,True
0.014,-0.026,12.46132157,1.397630545,2.595599584,0.08169230693,0.4562104831,0.7519188261,True
0.014,-0.024,12.46132157,1.397630545,2.395938078,0.1829183253,0.3555285179,0.6654162182,True
0.014,-0.022,12.46132157,1.397630545,2.196276571,0.2841443436,0.2548465527,0.5897151239,True
0.014,-0.02,12.46132157,1.397630545,1.996615065,0.385370362,0.1576229543,0.5235064193,True
0.014,-0.018,12.46132157,1.397630545,1.796953558,0.4865963803,0.08600766644,0.4658070039,True
0.014,-0.016,12.46132157,1.397630545,1.597292052,0.5878223986,0.06920502051,0.4160871621,True
0.014,-0.014,12.46132157,1.397630545,1.397630545,0.689048417,0.1478813082,0.3755862781,True
0.014,-0.012,12.46132157,1.397630545,1.197969039,0.7902744353,0.2485632734,0.3512145083,True
0.014,-0.01,12.46132157,1.397630545,0.9983075324,0.8915004537,0.3492452386,0.3340597856,True
0.014,-0.008,12.46132157,1.397630545,0.7986460259,0.992726472,0.4499272038,0.3201441851,True
0.014,-0.006,12.46132157,1.397630545,0.5989845195,1.09395249,0.5506091691,0.3083474046,True
0.014,-0.004,12.46132157,1.397630545,0.399323013,1.195178509,0.6512911343,0.3548024884,True
0.014,-0.002,12.46132157,1.397630545,0.1996615065,1.296404527,0.7519730995,0.4551878746,True
0.014,0,12.46132157,1.397630545,0,1.397630545,0.8526550647,0.5555732608,True
0.014,0.002,12.46132157,1.397630545,0.1996615065,1.498856564,0.9533370299,0.655958647,True
0.014,0.004,12.46132157,1.397630545,0.399323013,1.600082582,1.054018995,0.7563440333,True
0.014,0.006,12.46132157,1.397630545,0.5989845195,1.7013086,1.15470096,0.8567294195,True
0.014,0.008,12.46132157,1.397630545,0.7986460259,1.802534619,1.255382926,0.9571148057,True
0.014,0.01,12.46132157,1.397630545,0.9983075324,1.903760637,1.356064891,1.057500192,True
0.014,0.012,12.46132157,1.397630545,1.197969039,2.004986655,1.456746856,1.157885578,True
0.014,0.014,12.46132157,1.397630545,1.397630545,2.106212674,1.557428821,1.258270964,True
0.014,0.016,12.46132157,1.397630545,1.597292052,2.207438692,1.658110786,1.358656351,True
0.014,0.018,12.46132157,1.397630545,1.796953558,2.30866471,1.758792752,1.459041737,True
0.014,0.02,12.46132157,1.397630545,1.996615065,2.409890729,1.859474717,1.559427123,True
0.014,0.022,12.46132157,1.397630545,2.196276571,2.511116747,1.960156682,1.659812509,True
0.014,0.024,12.46132157,1.397630545,2.395938078,2.612342766,2.060838647,1.760197895,True
0.014,0.026,12.46132157,1.397630545,2.595599584,2.713568784,2.161520613,1.860583282,True
0.014,0.028,12.46132157,1.397630545,2.795261091,2.814794802,2.262202578,1.960968668,True
0.014,0.03,12.46132157,1.397630545,2.994922597,2.916020821,2.362884543,2.061354054,True
0.014,0.032,12.46132157,1.397630545,3.194584104,3.017246839,2.463566508,2.16173944,True
0.014,0.034,12.46132157,1.397630545,3.39424561,3.118472857,2.564248473,2.262124826,True
0.014,0.036,12.46132157,1.397630545,3.593907117,3.219698876,2.664930439,2.362510213,True
0.014,0.038,12.46132157,1.397630545,3.793568623,3.320924894,2.765612404,2.462895599,True
0.014,0.04,12.46132157,1.397630545,3.99323013,3.422150912,2.866294369,2.563280985,True
0.014,0.042,12.46132157,1.397630545,4.192891636,3.523376931,2.966976334,2.663666371,True
0.014,0.044,12.46132157,1.397630545,4.392553143,3.624602949,3.067658299,2.764051758,True
0.014,0.046,12.46132157,1.397630545,4.592214649,3.725828967,3.168340265,2.864437144,True
0.014,0.048,12.46132157,1.397630545,4.791876156,3.827054986,3.26902223,2.96482253,True
0.014,0.05,12.46132157,1.397630545,4.991537662,3.928281004,3.369704195,3.065207916,True
0.014,0.052,12.46132157,1.397630545,5.191199169,4.029507022,3.47038616,3.165593302,True
0.014,0.054,12.46132157,1.397630545,5.390860675,4.130733041,3.571068126,3.265978689,True
0.014,0.056,12.46132157,1.397630545,5.590522182,4.231959059,3.671750091,3.366364075,True
0.014,0.058,12.46132157,1.397630545,5.790183688,4.333185077,3.772432056,3.466749461,True
0.014,0.06,12.46132157,1.397630545,5.989845195,4.434411096,3.873114021,3.567134847,True
0.016,-0.06,12.49869537,1.597292052,5.989845195,1.445468206,2.050263781,2.379290632,True
0.016,-0.058,12.49869537,1.597292052,5.790183688,1.344042864,1.949460851,2.278826314,True
0.016,-0.056,12.49869537,1.597292052,5.590522182,1.242617522,1.848657922,2.178361996,True
0.016,-0.054,12.49869537,1.597292052,5.390860675,1.14119218,1.747854993,2.077897678,True
0.016,-0.052,12.49869537,1.597292052,5.191199169,1.039766838,1.647052064,1.97743336,True
0.016,-0.05,12.49869537,1.597292052,4.991537662,0.9383414964,1.546249135,1.876969042,True
0.016,-0.048,12.49869537,1.597292052,4.791876156,0.8369161544,1.445446206,1.776504724,True
0.016,-0.046,12.49869537,1.597292052,4.592214649,0.7354908125,1.344643276,1.676040406,True
0.016,-0.044,12.49869537,1.597292052,4.392553143,0.6340654706,1.243840347,1.575576088,True
0.016,-0.042,12.49869537,1.597292052,4.192891636,0.5326401286,1.143037418,1.47511177,True
0.016,-0.04,12.49869537,1.597292052,3.99323013,0.4312147867,1.042234489,1.374647452,True
0.016,-0.038,12.49869537,1.597292052,3.793568623,0.3297894448,0.9414315597,1.274183134,True
0.016,-0.036,12.49869537,1.597292052,3.593907117,0.2283641028,0.8406286305,1.173718816,True
0.016,-0.034,12.49869537,1.597292052,3.39424561,0.1269387609,0.7398257014,1.073254498,True
0.016,-0.032,12.49869537,1.597292052,3.194584104,0.02551341899,0.6390227722,0.9727901795,True
0.016,-0.03,12.49869537,1.597292052,2.994922597,0.07591192294,0.538219843,0.8737906055,True
0.016,-0.028,12.49869537,1.597292052,2.795261091,0.1773372649,0.4374169139,0.7845438357,True
0.016,-0.026,12.49869537,1.597292052,2.595599584,0.2787626068,0.3366139847,0.7052365933,True
0.016,-0.024,12.49869537,1.597292052,2.395938078,0.3801879487,0.2358110555,0.6347477744,True
0.016,-0.022,12.49869537,1.597292052,2.196276571,0.4816132907,0.1468007975,0.5721796933,True
0.016,-0.02,12.49869537,1.597292052,1.996615065,0.5830386326,0.08833141504,0.5168707773,True
0.016,-0.018,12.49869537,1.597292052,1.796953558,0.6844639745,0.07769346114,0.4685712225,True
0.016,-0.016,12.49869537,1.597292052,1.597292052,0.7858893164,0.1674006612,0.428665001,True
0.016,-0.014,12.49869537,1.597292052,1.397630545,0.8873146584,0.2682035903,0.4036512467,True
0.016,-0.012,12.49869537,1.597292052,1.197969039,0.9887400003,0.3690065195,0.3857078061,True
0.016,-0.01,12.49869537,1.597292052,0.9983075324,1.090165342,0.4698094487,0.3709786874,True
0.016,-0.008,12.49869537,1.597292052,0.7986460259,1.191590684,0.5706123779,0.3583712706,True
0.016,-0.006,12.49869537,1.597292052,0.5989845195,1.293016026,0.671415307,0.3473252096,True
0.016,-0.004,12.49869537,1.597292052,0.399323013,1.394441368,0.7722182362,0.4337102732,True
0.016,-0.002,12.49869537,1.597292052,0.1996615065,1.49586671,0.8730211654,0.5341745912,True
0.016,0,12.49869537,1.597292052,0,1.597292052,0.9738240946,0.6346389093,True
0.016,0.002,12.49869537,1.597292052,0.1996615065,1.698717394,1.074627024,0.7351032273,True
0.016,0.004,12.49869537,1.597292052,0.399323013,1.800142736,1.175429953,0.8355675454,True
0.016,0.006,12.49869537,1.597292052,0.5989845195,1.901568078,1.276232882,0.9360318634,True
0.016,0.008,12.49869537,1.597292052,0.7986460259,2.00299342,1.377035811,1.036496181,True
0.016,0.01,12.49869537,1.597292052,0.9983075324,2.104418762,1.47783874,1.1369605,True
0.016,0.012,12.49869537,1.597292052,1.197969039,2.205844103,1.57864167,1.237424818,True
0.016,0.014,12.49869537,1.597292052,1.397630545,2.307269445,1.679444599,1.337889136,True
0.016,0.016,12.49869537,1.597292052,1.597292052,2.408694787,1.780247528,1.438353454,True
0.016,0.018,12.49869537,1.597292052,1.796953558,2.510120129,1.881050457,1.538817772,True
0.016,0.02,12.49869537,1.597292052,1.996615065,2.611545471,1.981853386,1.63928209,True
0.016,0.022,12.49869537,1.597292052,2.196276571,2.712970813,2.082656315,1.739746408,True
0.016,0.024,12.49869537,1.597292052,2.395938078,2.814396155,2.183459245,1.840210726,True
0.016,0.026,12.49869537,1.597292052,2.595599584,2.915821497,2.284262174,1.940675044,True
0.016,0.028,12.49869537,1.597292052,2.795261091,3.017246839,2.385065103,2.041139362,True
0.016,0.03,12.49869537,1.597292052,2.994922597,3.118672181,2.485868032,2.14160368,True
0.016,0.032,12.49869537,1.597292052,3.194584104,3.220097523,2.586670961,2.242067998,True
0.016,0.034,12.49869537,1.597292052,3.39424561,3.321522865,2.68747389,2.342532316,True
0.016,0.036,12.49869537,1.597292052,3.593907117,3.422948207,2.78827682,2.442996634,True
0.016,0.038,12.49869537,1.597292052,3.793568623,3.524373549,2.889079749,2.543460952,True
0.016,0.04,12.49869537,1.597292052,3.99323013,3.62579889,2.989882678,2.64392527,True
0.016,0.042,12.49869537,1.597292052,4.192891636,3.727224232,3.090685607,2.744389588,True
0.016,0.044,12.49869537,1.597292052,4.392553143,3.828649574,3.191488536,2.844853906,True
0.016,0.046,12.49869537,1.597292052,4.592214649,3.930074916,3.292291466,2.945318224,True
0.016,0.048,12.49869537,1.597292052,4.791876156,4.031500258,3.393094395,3.045782542,True
0.016,0.05,12.49869537,1.597292052,4.991537662,4.1329256,3.493897324,3.14624686,True
0.016,0.052,12.49869537,1.597292052,5.191199169,4.234350942,3.594700253,3.246711178,True
0.016,0.054,12.49869537,1.597292052,5.390860675,4.335776284,3.695503182,3.347175497,True
0.016,0.056,12.49869537,1.597292052,5.590522182,4.437201626,3.796306111,3.447639815,True
0.016,0.058,12.49869537,1.597292052,5.790183688,4.538626968,3.897109041,3.548104133,True
0.016,0.06,12.49869537,1.597292052,5.989845195,4.64005231,3.99791197,3.648568451,True
0.018,-0.06,12.53615309,1.796953558,5.989845195,1.251786407,1.932877545,2.30266553,True
0.018,-0.058,12.53615309,1.796953558,5.790183688,1.150161742,1.83195381,2.202122355,True
0.018,-0.056,12.53615309,1.796953558,5.590522182,1.048537076,1.731030075,2.10157918,True
0.018,-0.054,12.53615309,1.796953558,5.390860675,0.9469124106,1.630106341,2.001036005,True
0.018,-0.052,12.53615309,1.796953558,5.191199169,0.845287745,1.529182606,1.90049283,True
0.018,-0.05,12.53615309,1.796953558,4.991537662,0.7436630795,1.428258871,1.799949655,True
0.018,-0.048,12.53615309,1.796953558,4.791876156,0.642038414,1.327335136,1.699406479,True
0.018,-0.046,12.53615309,1.796953558,4.592214649,0.5404137485,1.226411402,1.598863304,True
0.018,-0.044,12.53615309,1.796953558,4.392553143,0.438789083,1.125487667,1.498320129,True
0.018,-0.042,12.53615309,1.796953558,4.192891636,0.3371644175,1.024563932,1.397776954,True
0.018,-0.04,12.53615309,1.796953558,3.99323013,0.2355397519,0.9236401973,1.297233779,True
0.018,-0.038,12.53615309,1.796953558,3.793568623,0.1339150864,0.8227164625,1.196690604,True
0.018,-0.036,12.53615309,1.796953558,3.593907117,0.03229042091,0.7217927278,1.096147428,True
0.018,-0.034,12.53615309,1.796953558,3.39424561,0.06933424461,0.620868993,0.9963305764,True
0.018,-0.032,12.53615309,1.796953558,3.194584104,0.1709589101,0.5199452582,0.904702399,True
0.018,-0.03,12.53615309,1.796953558,2.994922597,0.2725835756,0.4190215234,0.822317956,True
0.018,-0.028,12.53615309,1.796953558,2.795261091,0.3742082412,0.3180977887,0.748200486,True
0.018,-0.026,12.53615309,1.796953558,2.595599584,0.4758329067,0.2187258021,0.6815442662,True
0.018,-0.024,12.53615309,1.796953558,2.395938078,0.5774575722,0.1391589747,0.6217000785,True
0.018,-0.022,12.53615309,1.796953558,2.196276571,0.6790822377,0.09624657023,0.5682208771,True
0.018,-0.02,12.53615309,1.796953558,1.996615065,0.7807069032,0.08620178831,0.5210365818,True
0.018,-0.018,12.53615309,1.796953558,1.796953558,0.8823315687,0.1865208852,0.4816020224,True
0.018,-0.016,12.53615309,1.796953558,1.597292052,0.9839562342,0.2874446199,0.4560311845,True
0.018,-0.014,12.53615309,1.796953558,1.397630545,1.0855809,0.3883683547,0.4374039137,True
0.018,-0.012,12.53615309,1.796953558,1.197969039,1.187205565,0.4892920895,0.4219626757,True
0.018,-0.01,12.53615309,1.796953558,0.9983075324,1.288830231,0.5902158242,0.4086416318,True
0.018,-0.008,12.53615309,1.796953558,0.7986460259,1.390454896,0.691139559,0.3968898849,True
0.018,-0.006,12.53615309,1.796953558,0.5989845195,1.492079562,0.7920632938,0.4120001992,True
0.018,-0.004,12.53615309,1.796953558,0.399323013,1.593704227,0.8929870286,0.5125433743,True
0.018,-0.002,12.53615309,1.796953558,0.1996615065,1.695328893,0.9939107633,0.6130865495,True
0.018,0,12.53615309,1.796953558,0,1.796953558,1.094834498,0.7136297247,True
0.018,0.002,12.53615309,1.796953558,0.1996615065,1.898578224,1.195758233,0.8141728999,True
0.018,0.004,12.53615309,1.796953558,0.399323013,2.000202889,1.296681968,0.914716075,True
0.018,0.006,12.53615309,1.796953558,0.5989845195,2.101827555,1.397605702,1.01525925,True
0.018,0.008,12.53615309,1.796953558,0.7986460259,2.20345222,1.498529437,1.115802425,True
0.018,0.01,12.53615309,1.796953558,0.9983075324,2.305076886,1.599453172,1.216345601,True
0.018,0.012,12.53615309,1.796953558,1.197969039,2.406701551,1.700376907,1.316888776,True
0.018,0.014,12.53615309,1.796953558,1.397630545,2.508326217,1.801300641,1.417431951,True
0.018,0.016,12.53615309,1.796953558,1.597292052,2.609950882,1.902224376,1.517975126,True
0.018,0.018,12.53615309,1.796953558,1.796953558,2.711575548,2.003148111,1.618518301,True
0.018,0.02,12.53615309,1.796953558,1.996615065,2.813200214,2.104071846,1.719061476,True
0.018,0.022,12.53615309,1.796953558,2.196276571,2.914824879,2.204995581,1.819604652,True
0.018,0.024,12.53615309,1.796953558,2.395938078,3.016449545,2.305919315,1.920147827,True
0.018,0.026,12.53615309,1.796953558,2.595599584,3.11807421,2.40684305,2.020691002,True
0.018,0.028,12.53615309,1.796953558,2.795261091,3.219698876,2.507766785,2.121234177,True
0.018,0.03,12.53615309,1.796953558,2.994922597,3.321323541,2.60869052,2.221777352,True
0.018,0.032,12.53615309,1.796953558,3.194584104,3.422948207,2.709614254,2.322320527,True
0.018,0.034,12.53615309,1.796953558,3.39424561,3.524572872,2.810537989,2.422863703,True
0.018,0.036,12.53615309,1.796953558,3.593907117,3.626197538,2.911461724,2.523406878,True
0.018,0.038,12.53615309,1.796953558,3.793568623,3.727822203,3.012385459,2.623950053,True
0.018,0.04,12.53615309,1.796953558,3.99323013,3.829446869,3.113309193,2.724493228,True
0.018,0.042,12.53615309,1.796953558,4.192891636,3.931071534,3.214232928,2.825036403,True
0.018,0.044,12.53615309,1.796953558,4.392553143,4.0326962,3.315156663,2.925579578,True
0.018,0.046,12.53615309,1.796953558,4.592214649,4.134320865,3.416080398,3.026122754,True
0.018,0.048,12.53615309,1.796953558,4.791876156,4.235945531,3.517004133,3.126665929,True
0.018,0.05,12.53615309,1.796953558,4.991537662,4.337570196,3.617927867,3.227209104,True
0.018,0.052,12.53615309,1.796953558,5.191199169,4.439194862,3.718851602,3.327752279,True
0.018,0.054,12.53615309,1.796953558,5.390860675,4.540819527,3.819775337,3.428295454,True
0.018,0.056,12.53615309,1.796953558,5.590522182,4.642444193,3.920699072,3.52883863,True
0.018,0.058,12.53615309,1.796953558,5.790183688,4.744068858,4.021622806,3.629381805,True
0.018,0.06,12.53615309,1.796953558,5.989845195,4.845693524,4.122546541,3.72992498,True
0.02,-0.06,12.5736943,1.996615065,5.989845195,1.058104608,1.815644838,2.226112811,True
0.02,-0.058,12.5736943,1.996615065,5.790183688,0.9562806191,1.714600456,2.125490853,True
0.02,-0.056,12.5736943,1.996615065,5.590522182,0.85445663,1.613556073,2.024868895,True
0.02,-0.054,12.5736943,1.996615065,5.390860675,0.7526326409,1.512511691,1.924246938,True
0.02,-0.052,12.5736943,1.996615065,5.191199169,0.6508086518,1.411467309,1.82362498,True
0.02,-0.05,12.5736943,1.996615065,4.991537662,0.5489846627,1.310422926,1.723003022,True
0.02,-0.048,12.5736943,1.996615065,4.791876156,0.4471606736,1.209378544,1.622381064,True
0.02,-0.046,12.5736943,1.996615065,4.592214649,0.3453366845,1.108334162,1.521759106,True
0.02,-0.044,12.5736943,1.996615065,4.392553143,0.2435126954,1.007289779,1.421137148,True
0.02,-0.042,12.5736943,1.996615065,4.192891636,0.1416887063,0.9062453969,1.320515191,True
0.02,-0.04,12.5736943,1.996615065,3.99323013,0.03986471717,0.8052010145,1.219893233,True
0.02,-0.038,12.5736943,1.996615065,3.793568623,0.06195927193,0.7041566321,1.119518256,True
0.02,-0.036,12.5736943,1.996615065,3.593907117,0.163783261,0.6031122498,1.02575992,True
0.02,-0.034,12.5736943,1.996615065,3.39424561,0.2656072501,0.5020678674,0.9406768821,True
0.02,-0.032,12.5736943,1.996615065,3.194584104,0.3674312392,0.401023485,0.8634027824,True
0.02,-0.03,12.5736943,1.996615065,2.994922597,0.4692552283,0.2999791027,0.7932072099,True
0.02,-0.028,12.5736943,1.996615065,2.795261091,0.5710792174,0.2060940044,0.7294865547,True
0.02,-0.026,12.5736943,1.996615065,2.595599584,0.6729032065,0.1336141336,0.6717632351,True
0.02,-0.024,12.5736943,1.996615065,2.395938078,0.7747271956,0.10434113,0.6197325943,True
0.02,-0.022,12.5736943,1.996615065,2.196276571,0.8765511847,0.1041984268,0.5734504786,True
0.02,-0.02,12.5736943,1.996615065,1.996615065,0.9783751738,0.2052428092,0.5343989677,True
0.02,-0.018,12.5736943,1.996615065,1.796953558,1.080199163,0.3062871915,0.5083371014,True
0.02,-0.016,12.5736943,1.996615065,1.597292052,1.182023152,0.4073315739,0.4891048391,True
0.02,-0.014,12.5736943,1.996615065,1.397630545,1.283847141,0.5083759563,0.4730345255,True
0.02,-0.012,12.5736943,1.996615065,1.197969039,1.38567113,0.6094203386,0.4590742804,True
0.02,-0.01,12.5736943,1.996615065,0.9983075324,1.487495119,0.710464721,0.4466898008,True
0.02,-0.008,12.5736943,1.996615065,0.7986460259,1.589319108,0.8115091034,0.4355461388,True
0.02,-0.006,12.5736943,1.996615065,0.5989845195,1.691143098,0.9125534857,0.4906800499,True
0.02,-0.004,12.5736943,1.996615065,0.399323013,1.792967087,1.013597868,0.5913020077,True
0.02,-0.002,12.5736943,1.996615065,0.1996615065,1.894791076,1.11464225,0.6919239655,True
0.02,0,12.5736943,1.996615065,0,1.996615065,1.215686633,0.7925459233,True
0.02,0.002,12.5736943,1.996615065,0.1996615065,2.098439054,1.316731015,0.8931678811,True
0.02,0.004,12.5736943,1.996615065,0.399323013,2.200263043,1.417775398,0.9937898389,True
0.02,0.006,12.5736943,1.996615065,0.5989845195,2.302087032,1.51881978,1.094411797,True
0.02,0.008,12.5736943,1.996615065,0.7986460259,2.403911021,1.619864162,1.195033755,True
0.02,0.01,12.5736943,1.996615065,0.9983075324,2.50573501,1.720908545,1.295655712,True
0.02,0.012,12.5736943,1.996615065,1.197969039,2.607558999,1.821952927,1.39627767,True
0.02,0.014,12.5736943,1.996615065,1.397630545,2.709382989,1.922997309,1.496899628,True
0.02,0.016,12.5736943,1.996615065,1.597292052,2.811206978,2.024041692,1.597521586,True
0.02,0.018,12.5736943,1.996615065,1.796953558,2.913030967,2.125086074,1.698143544,True
0.02,0.02,12.5736943,1.996615065,1.996615065,3.014854956,2.226130456,1.798765501,True
0.02,0.022,12.5736943,1.996615065,2.196276571,3.116678945,2.327174839,1.899387459,True
0.02,0.024,12.5736943,1.996615065,2.395938078,3.218502934,2.428219221,2.000009417,True
0.02,0.026,12.5736943,1.996615065,2.595599584,3.320326923,2.529263604,2.100631375,True
0.02,0.028,12.5736943,1.996615065,2.795261091,3.422150912,2.630307986,2.201253333,True
0.02,0.03,12.5736943,1.996615065,2.994922597,3.523974901,2.731352368,2.30187529,True
0.02,0.032,12.5736943,1.996615065,3.194584104,3.62579889,2.832396751,2.402497248,True
0.02,0.034,12.5736943,1.996615065,3.39424561,3.72762288,2.933441133,2.503119206,True
0.02,0.036,12.5736943,1.996615065,3.593907117,3.829446869,3.034485515,2.603741164,True
0.02,0.038,12.5736943,1.996615065,3.793568623,3.931270858,3.135529898,2.704363122,True
0.02,0.04,12.5736943,1.996615065,3.99323013,4.033094847,3.23657428,2.804985079,True
0.02,0.042,12.5736943,1.996615065,4.192891636,4.134918836,3.337618662,2.905607037,True
0.02,0.044,12.5736943,1.996615065,4.392553143,4.236742825,3.438663045,3.006228995,True
0.02,0.046,12.5736943,1.996615065,4.592214649,4.338566814,3.539707427,3.106850953,True
0.02,0.048,12.5736943,1.996615065,4.791876156,4.440390803,3.64075181,3.207472911,True
0.02,0.05,12.5736943,1.996615065,4.991537662,4.542214792,3.741796192,3.308094868,True
0.02,0.052,12.5736943,1.996615065,5.191199169,4.644038781,3.842840574,3.408716826,True
0.02,0.054,12.5736943,1.996615065,5.390860675,4.745862771,3.943884957,3.509338784,True
0.02,0.056,12.5736943,1.996615065,5.590522182,4.84768676,4.044929339,3.609960742,True
0.02,0.058,12.5736943,1.996615065,5.790183688,4.949510749,4.145973721,3.7105827,True
0.02,0.06,12.5736943,1.996615065,5.989845195,5.051334738,4.247018104,3.811204658,True
0.022,-0.06,12.61131854,2.196276571,5.989845195,0.8644228093,1.698565315,2.149632265,True
0.022,-0.058,12.61131854,2.196276571,5.790183688,0.7623994966,1.597400442,2.048931599,True
0.022,-0.056,12.61131854,2.196276571,5.590522182,0.6603761839,1.49623557,1.948230932,True
0.022,-0.054,12.61131854,2.196276571,5.390860675,0.5583528712,1.395070698,1.847530266,True
0.022,-0.052,12.61131854,2.196276571,5.191199169,0.4563295585,1.293905825,1.7468296,True
0.022,-0.05,12.61131854,2.196276571,4.991537662,0.3543062458,1.192740953,1.646128934,True
0.022,-0.048,12.61131854,2.196276571,4.791876156,0.2522829332,1.091576081,1.545428268,True
0.022,-0.046,12.61131854,2.196276571,4.592214649,0.1502596205,0.9904112084,1.444727602,True
0.022,-0.044,12.61131854,2.196276571,4.392553143,0.04823630778,0.8892463361,1.344026935,True
0.022,-0.042,12.61131854,2.196276571,4.192891636,0.05378700491,0.7880814638,1.243344875,True
0.022,-0.04,12.61131854,2.196276571,3.99323013,0.1558103176,0.6869165914,1.147637863,True
0.022,-0.038,12.61131854,2.196276571,3.793568623,0.2578336303,0.5857517191,1.060131161,True
0.022,-0.036,12.61131854,2.196276571,3.593907117,0.359856943,0.4845868468,0.9800510126,True
0.022,-0.034,12.61131854,2.196276571,3.39424561,0.4618802557,0.3834219745,0.9067279913,True
0.022,-0.032,12.61131854,2.196276571,3.194584104,0.5639035683,0.2826050839,0.8395994592,True
0.022,-0.03,12.61131854,2.196276571,2.994922597,0.665926881,0.1965361221,0.7782038319,True
0.022,-0.028,12.61131854,2.196276571,2.795261091,0.7679501937,0.1295496275,0.7221801112,True
0.022,-0.026,12.61131854,2.196276571,2.595599584,0.8699735064,0.1125403717,0.671327177,True
0.022,-0.024,12.61131854,2.196276571,2.395938078,0.9719968191,0.1224023871,0.6257930441,True
0.022,-0.022,12.61131854,2.196276571,2.196276571,1.074020132,0.2235672594,0.5870559736,True
0.022,-0.02,12.61131854,2.196276571,1.996615065,1.176043444,0.3247321317,0.5605540176,True
0.022,-0.018,12.61131854,2.196276571,1.796953558,1.278066757,0.425897004,0.540783736,True
0.022,-0.016,12.61131854,2.196276571,1.597292052,1.38009007,0.5270618764,0.5241472508,True
0.022,-0.014,12.61131854,2.196276571,1.397630545,1.482113383,0.6282267487,0.5096142505,True
0.022,-0.012,12.61131854,2.196276571,1.197969039,1.584136695,0.729391621,0.4966563715,True
0.022,-0.01,12.61131854,2.196276571,0.9983075324,1.686160008,0.8305564933,0.4849467941,True
0.022,-0.008,12.61131854,2.196276571,0.7986460259,1.788183321,0.9317213656,0.4742587414,True
0.022,-0.006,12.61131854,2.196276571,0.5989845195,1.890206633,1.032886238,0.5692857218,True
0.022,-0.004,12.61131854,2.196276571,0.399323013,1.992229946,1.13405111,0.6699863879,True
0.022,-0.002,12.61131854,2.196276571,0.1996615065,2.094253259,1.235215983,0.7706870541,True
0.022,0,12.61131854,2.196276571,0,2.196276571,1.336380855,0.8713877203,True
0.022,0.002,12.61131854,2.196276571,0.1996615065,2.298299884,1.437545727,0.9720883865,True
0.022,0.004,12.61131854,2.196276571,0.399323013,2.400323197,1.5387106,1.072789053,True
0.022,0.006,12.61131854,2.196276571,0.5989845195,2.502346509,1.639875472,1.173489719,True
0.022,0.008,12.61131854,2.196276571,0.7986460259,2.604369822,1.741040344,1.274190385,True
0.022,0.01,12.61131854,2.196276571,0.9983075324,2.706393135,1.842205216,1.374891051,True
0.022,0.012,12.61131854,2.196276571,1.197969039,2.808416447,1.943370089,1.475591717,True
0.022,0.014,12.61131854,2.196276571,1.397630545,2.91043976,2.044534961,1.576292383,True
0.022,0.016,12.61131854,2.196276571,1.597292052,3.012463073,2.145699833,1.67699305,True
0.022,0.018,12.61131854,2.196276571,1.796953558,3.114486386,2.246864706,1.777693716,True
0.022,0.02,12.61131854,2.196276571,1.996615065,3.216509698,2.348029578,1.878394382,True
0.022,0.022,12.61131854,2.196276571,2.196276571,3.318533011,2.44919445,1.979095048,True
0.022,0.024,12.61131854,2.196276571,2.395938078,3.420556324,2.550359323,2.079795714,True
0.022,0.026,12.61131854,2.196276571,2.595599584,3.522579636,2.651524195,2.18049638,True
0.022,0.028,12.61131854,2.196276571,2.795261091,3.624602949,2.752689067,2.281197047,True
0.022,0.03,12.61131854,2.196276571,2.994922597,3.726626262,2.85385394,2.381897713,True
0.022,0.032,12.61131854,2.196276571,3.194584104,3.828649574,2.955018812,2.482598379,True
0.022,0.034,12.61131854,2.196276571,3.39424561,3.930672887,3.056183684,2.583299045,True
0.022,0.036,12.61131854,2.196276571,3.593907117,4.0326962,3.157348557,2.683999711,True
0.022,0.038,12.61131854,2.196276571,3.793568623,4.134719512,3.258513429,2.784700377,True
0.022,0.04,12.61131854,2.196276571,3.99323013,4.236742825,3.359678301,2.885401044,True
0.022,0.042,12.61131854,2.196276571,4.192891636,4.338766138,3.460843174,2.98610171,True
0.022,0.044,12.61131854,2.196276571,4.392553143,4.44078945,3.562008046,3.086802376,True
0.022,0.046,12.61131854,2.196276571,4.592214649,4.542812763,3.663172918,3.187503042,True
0.022,0.048,12.61131854,2.196276571,4.791876156,4.644836076,3.76433779,3.288203708,True
0.022,0.05,12.61131854,2.196276571,4.991537662,4.746859389,3.865502663,3.388904374,True
0.022,0.052,12.61131854,2.196276571,5.191199169,4.848882701,3.966667535,3.489605041,True
0.022,0.054,12.61131854,2.196276571,5.390860675,4.950906014,4.067832407,3.590305707,True
0.022,0.056,12.61131854,2.196276571,5.590522182,5.052929327,4.16899728,3.691006373,True
0.022,0.058,12.61131854,2.196276571,5.790183688,5.154952639,4.270162152,3.791707039,True
0.022,0.06,12.61131854,2.196276571,5.989845195,5.256975952,4.371327024,3.892407705,True
0.024,-0.06,12.64902539,2.395938078,5.989845195,0.6707410104,1.58163863,2.073223684,True
0.024,-0.058,12.64902539,2.395938078,5.790183688,0.5685183741,1.480353425,1.972444384,True
0.024,-0.056,12.64902539,2.395938078,5.590522182,0.4662957378,1.37906822,1.871665083,True
0.024,-0.054,12.64902539,2.395938078,5.390860675,0.3640731015,1.277783015,1.770885783,True
0.024,-0.052,12.64902539,2.395938078,5.191199169,0.2618504653,1.17649781,1.670106482,True
0.024,-0.05,12.64902539,2.395938078,4.991537662,0.159627829,1.075212605,1.569327182,True
0.024,-0.048,12.64902539,2.395938078,4.791876156,0.05740519273,0.9739274004,1.468547881,True
0.024,-0.046,12.64902539,2.395938078,4.592214649,0.04528973463,0.8726421954,1.367768581,True
0.024,-0.044,12.64902539,2.395938078,4.392553143,0.1470400798,0.7713569904,1.270287844,True
0.024,-0.042,12.64902539,2.395938078,4.192891636,0.2492627161,0.6700717854,1.180566157,True
0.024,-0.04,12.64902539,2.395938078,3.99323013,0.3514853524,0.5687865805,1.097942503,True
0.024,-0.038,12.64902539,2.395938078,3.793568623,0.4537079886,0.4675013755,1.021804074,True
0.024,-0.036,12.64902539,2.395938078,3.593907117,0.5559306249,0.3662161705,0.9516259491,True
0.024,-0.034,12.64902539,2.395938078,3.39424561,0.6581532612,0.2685602737,0.8869645159,True
0.024,-0.032,12.64902539,2.395938078,3.194584104,0.7603758975,0.1891372755,0.8274554875,True
0.024,-0.03,12.64902539,2.395938078,2.994922597,0.8625985337,0.1320375157,0.7728262687,True
0.024,-0.028,12.64902539,2.395938078,2.795261091,0.96482117,0.120801946,0.7229551622,True
0.024,-0.026,12.64902539,2.395938078,2.595599584,1.067043806,0.1402098544,0.6780495079,True
0.024,-0.024,12.64902539,2.395938078,2.395938078,1.169266443,0.2414950594,0.639574144,True
0.024,-0.022,12.64902539,2.395938078,2.196276571,1.271489079,0.3427802643,0.61267414,True
0.024,-0.02,12.64902539,2.395938078,1.996615065,1.373711715,0.4440654693,0.5924163615,True
0.024,-0.018,12.64902539,2.395938078,1.796953558,1.475934351,0.5453506743,0.5752709377,True
0.024,-0.016,12.64902539,2.395938078,1.597292052,1.578156988,0.6466358793,0.5602166823,True
0.024,-0.014,12.64902539,2.395938078,1.397630545,1.680379624,0.7479210842,0.5467359843,True
0.024,-0.012,12.64902539,2.395938078,1.197969039,1.78260226,0.8492062892,0.5345083641,True
0.024,-0.01,12.64902539,2.395938078,0.9983075324,1.884824896,0.9504914942,0.5233078822,True
0.024,-0.008,12.64902539,2.395938078,0.7986460259,1.987047533,1.051776699,0.5470381279,True
0.024,-0.006,12.64902539,2.395938078,0.5989845195,2.089270169,1.153061904,0.6478174284,True
0.024,-0.004,12.64902539,2.395938078,0.399323013,2.191492805,1.254347109,0.7485967289,True
0.024,-0.002,12.64902539,2.395938078,0.1996615065,2.293715442,1.355632314,0.8493760293,True
0.024,0,12.64902539,2.395938078,0,2.395938078,1.456917519,0.9501553298,True
0.024,0.002,12.64902539,2.395938078,0.1996615065,2.498160714,1.558202724,1.05093463,True
0.024,0.004,12.64902539,2.395938078,0.399323013,2.60038335,1.659487929,1.151713931,True
0.024,0.006,12.64902539,2.395938078,0.5989845195,2.702605987,1.760773134,1.252493231,True
0.024,0.008,12.64902539,2.395938078,0.7986460259,2.804828623,1.862058339,1.353272532,True
0.024,0.01,12.64902539,2.395938078,0.9983075324,2.907051259,1.963343544,1.454051832,True
0.024,0.012,12.64902539,2.395938078,1.197969039,3.009273895,2.064628749,1.554831133,True
0.024,0.014,12.64902539,2.395938078,1.397630545,3.111496532,2.165913954,1.655610433,True
0.024,0.016,12.64902539,2.395938078,1.597292052,3.213719168,2.267199159,1.756389734,True
0.024,0.018,12.64902539,2.395938078,1.796953558,3.315941804,2.368484364,1.857169034,True
0.024,0.02,12.64902539,2.395938078,1.996615065,3.418164441,2.469769569,1.957948334,True
0.024,0.022,12.64902539,2.395938078,2.196276571,3.520387077,2.571054774,2.058727635,True
0.024,0.024,12.64902539,2.395938078,2.395938078,3.622609713,2.672339979,2.159506935,True
0.024,0.026,12.64902539,2.395938078,2.595599584,3.724832349,2.773625184,2.260286236,True
0.024,0.028,12.64902539,2.395938078,2.795261091,3.827054986,2.874910389,2.361065536,True
0.024,0.03,12.64902539,2.395938078,2.994922597,3.929277622,2.976195594,2.461844837,True
0.024,0.032,12.64902539,2.395938078,3.194584104,4.031500258,3.077480799,2.562624137,True
0.024,0.034,12.64902539,2.395938078,3.39424561,4.133722894,3.178766004,2.663403438,True
0.024,0.036,12.64902539,2.395938078,3.593907117,4.235945531,3.280051209,2.764182738,True
0.024,0.038,12.64902539,2.395938078,3.793568623,4.338168167,3.381336414,2.864962039,True
0.024,0.04,12.64902539,2.395938078,3.99323013,4.440390803,3.482621619,2.965741339,True
0.024,0.042,12.64902539,2.395938078,4.192891636,4.54261344,3.583906824,3.06652064,True
0.024,0.044,12.64902539,2.395938078,4.392553143,4.644836076,3.685192029,3.16729994,True
0.024,0.046,12.64902539,2.395938078,4.592214649,4.747058712,3.786477234,3.268079241,True
0.024,0.048,12.64902539,2.395938078,4.791876156,4.849281348,3.887762439,3.368858541,True
0.024,0.05,12.64902539,2.395938078,4.991537662,4.951503985,3.989047643,3.469637841,True
0.024,0.052,12.64902539,2.395938078,5.191199169,5.053726621,4.090332848,3.570417142,True
0.024,0.054,12.64902539,2.395938078,5.390860675,5.155949257,4.191618053,3.671196442,True
0.024,0.056,12.64902539,2.395938078,5.590522182,5.258171893,4.292903258,3.771975743,True
0.024,0.058,12.64902539,2.395938078,5.790183688,5.36039453,4.394188463,3.872755043,True
0.024,0.06,12.64902539,2.395938078,5.989845195,5.462617166,4.495473668,3.973534344,True
0.026,-0.06,12.6868144,2.595599584,5.989845195,0.4770592115,1.464864442,1.996886863,True
0.026,-0.058,12.6868144,2.595599584,5.790183688,0.3746372516,1.363459061,1.896029002,True
0.026,-0.056,12.6868144,2.595599584,5.590522182,0.2722152917,1.262053681,1.795171141,True
0.026,-0.054,12.6868144,2.595599584,5.390860675,0.1697933319,1.1606483,1.69431328,True
0.026,-0.052,12.6868144,2.595599584,5.191199169,0.06737137202,1.059242919,1.593455419,True
0.026,-0.05,12.6868144,2.595599584,4.991537662,0.03846153642,0.9578375386,1.492597558,True
0.026,-0.048,12.6868144,2.595599584,4.791876156,0.1374725477,0.8564321579,1.393688761,True
0.026,-0.046,12.6868144,2.595599584,4.592214649,0.2398945076,0.7550267772,1.301906201,True
0.026,-0.044,12.6868144,2.595599584,4.392553143,0.3423164674,0.6536213965,1.216941412,True
0.026,-0.042,12.6868144,2.595599584,4.192891636,0.4447384273,0.5522160158,1.138228401,True
0.026,-0.04,12.6868144,2.595599584,3.99323013,0.5471603871,0.4508106351,1.065277032,True
0.026,-0.038,12.6868144,2.595599584,3.793568623,0.649582347,0.3494052544,0.9976604332,True
0.026,-0.036,12.6868144,2.595599584,3.593907117,0.7520043069,0.2574606845,0.9350275451,True
0.026,-0.034,12.6868144,2.595599584,3.39424561,0.8544262667,0.1833249394,0.8770821239,True
0.026,-0.032,12.6868144,2.595599584,3.194584104,0.9568482266,0.1398246743,0.8236201772,True
0.026,-0.03,12.6868144,2.595599584,2.994922597,1.059270186,0.1291034337,0.7745780821,True
0.026,-0.028,12.6868144,2.595599584,2.795261091,1.161692146,0.1576216491,0.7302105326,True
0.026,-0.026,12.6868144,2.595599584,2.595599584,1.264114106,0.2590270297,0.691954756,True
0.026,-0.024,12.6868144,2.595599584,2.395938078,1.366536066,0.3604324104,0.6646885652,True
0.026,-0.022,12.6868144,2.595599584,2.196276571,1.468958026,0.4618377911,0.6439869943,True
0.026,-0.02,12.6868144,2.595599584,1.996615065,1.571379986,0.5632431718,0.6263783329,True
0.026,-0.018,12.6868144,2.595599584,1.796953558,1.673801946,0.6646485525,0.6108482808,True
0.026,-0.016,12.6868144,2.595599584,1.597292052,1.776223905,0.7660539332,0.5968911666,True
0.026,-0.014,12.6868144,2.595599584,1.397630545,1.878645865,0.8674593139,0.5841849422,True
0.026,-0.012,12.6868144,2.595599584,1.197969039,1.981067825,0.9688646946,0.5725121624,True
0.026,-0.01,12.6868144,2.595599584,0.9983075324,2.083489785,1.070270075,0.5617163188,True
0.026,-0.008,12.6868144,2.595599584,0.7986460259,2.185911745,1.171675456,0.6254175212,True
0.026,-0.006,12.6868144,2.595599584,0.5989845195,2.288333705,1.273080837,0.7262753821,True
0.026,-0.004,12.6868144,2.595599584,0.399323013,2.390755665,1.374486217,0.827133243,True
0.026,-0.002,12.6868144,2.595599584,0.1996615065,2.493177624,1.475891598,0.927991104,True
0.026,0,12.6868144,2.595599584,0,2.595599584,1.577296979,1.028848965,True
0.026,0.002,12.6868144,2.595599584,0.1996615065,2.698021544,1.67870236,1.129706826,True
0.026,0.004,12.6868144,2.595599584,0.399323013,2.800443504,1.78010774,1.230564687,True
0.026,0.006,12.6868144,2.595599584,0.5989845195,2.902865464,1.881513121,1.331422548,True
0.026,0.008,12.6868144,2.595599584,0.7986460259,3.005287424,1.982918502,1.432280409,True
0.026,0.01,12.6868144,2.595599584,0.9983075324,3.107709384,2.084323882,1.533138269,True
0.026,0.012,12.6868144,2.595599584,1.197969039,3.210131343,2.185729263,1.63399613,True
0.026,0.014,12.6868144,2.595599584,1.397630545,3.312553303,2.287134644,1.734853991,True
0.026,0.016,12.6868144,2.595599584,1.597292052,3.414975263,2.388540024,1.835711852,True
0.026,0.018,12.6868144,2.595599584,1.796953558,3.517397223,2.489945405,1.936569713,True
0.026,0.02,12.6868144,2.595599584,1.996615065,3.619819183,2.591350786,2.037427574,True
0.026,0.022,12.6868144,2.595599584,2.196276571,3.722241143,2.692756166,2.138285435,True
0.026,0.024,12.6868144,2.595599584,2.395938078,3.824663103,2.794161547,2.239143296,True
0.026,0.026,12.6868144,2.595599584,2.595599584,3.927085062,2.895566928,2.340001157,True
0.026,0.028,12.6868144,2.595599584,2.795261091,4.029507022,2.996972309,2.440859018,True
0.026,0.03,12.6868144,2.595599584,2.994922597,4.131928982,3.098377689,2.541716879,True
0.026,0.032,12.6868144,2.595599584,3.194584104,4.234350942,3.19978307,2.642574739,True
0.026,0.034,12.6868144,2.595599584,3.39424561,4.336772902,3.301188451,2.7434326,True
0.026,0.036,12.6868144,2.595599584,3.593907117,4.439194862,3.402593831,2.844290461,True
0.026,0.038,12.6868144,2.595599584,3.793568623,4.541616822,3.503999212,2.945148322,True
0.026,0.04,12.6868144,2.595599584,3.99323013,4.644038781,3.605404593,3.046006183,True
0.026,0.042,12.6868144,2.595599584,4.192891636,4.746460741,3.706809973,3.146864044,True
0.026,0.044,12.6868144,2.595599584,4.392553143,4.848882701,3.808215354,3.247721905,True
0.026,0.046,12.6868144,2.595599584,4.592214649,4.951304661,3.909620735,3.348579766,True
0.026,0.048,12.6868144,2.595599584,4.791876156,5.053726621,4.011026116,3.449437627,True
0.026,0.05,12.6868144,2.595599584,4.991537662,5.156148581,4.112431496,3.550295488,True
0.026,0.052,12.6868144,2.595599584,5.191199169,5.258570541,4.213836877,3.651153349,True
0.026,0.054,12.6868144,2.595599584,5.390860675,5.360992501,4.315242258,3.75201121,True
0.026,0.056,12.6868144,2.595599584,5.590522182,5.46341446,4.416647638,3.85286907,True
0.026,0.058,12.6868144,2.595599584,5.790183688,5.56583642,4.518053019,3.953726931,True
0.026,0.06,12.6868144,2.595599584,5.989845195,5.66825838,4.6194584,4.054584792,True
0.028,-0.06,12.72468513,2.795261091,5.989845195,0.2833774125,1.348242409,1.920621594,True
0.028,-0.058,12.72468513,2.795261091,5.790183688,0.1807561291,1.246717009,1.819685247,True
0.028,-0.056,12.72468513,2.795261091,5.590522182,0.07813484566,1.145191609,1.718748899,True
0.028,-0.054,12.72468513,2.795261091,5.390860675,0.03306869131,1.043666209,1.617812551,True
0.028,-0.052,12.72468513,2.795261091,5.191199169,0.1271077212,0.9421408094,1.51782599,True
0.028,-0.05,12.72468513,2.795261091,4.991537662,0.2297290047,0.8406154096,1.424099285,True
0.028,-0.048,12.72468513,2.795261091,4.791876156,0.3323502881,0.7390900097,1.336952957,True
0.028,-0.046,12.72468513,2.795261091,4.592214649,0.4349715716,0.6375646099,1.255855611,True
0.028,-0.044,12.72468513,2.795261091,4.392553143,0.537592855,0.5360392101,1.180348977,True
0.028,-0.042,12.72468513,2.795261091,4.192891636,0.6402141385,0.4345138102,1.110023774,True
0.028,-0.04,12.72468513,2.795261091,3.99323013,0.7428354219,0.3341860317,1.044540474,True
0.028,-0.038,12.72468513,2.795261091,3.793568623,0.8454567053,0.2485288935,0.9835999871,True
0.028,-0.036,12.72468513,2.795261091,3.593907117,0.9480779888,0.178722179,0.9269724817,True
0.028,-0.034,12.72468513,2.795261091,3.39424561,1.050699272,0.147751171,0.8745021044,True
0.028,-0.032,12.72468513,2.795261091,3.194584104,1.153320556,0.137427368,0.8261705394,True
0.028,-0.03,12.72468513,2.795261091,2.994922597,1.255941839,0.1746385888,0.7822684045,True
0.028,-0.028,12.72468513,2.795261091,2.795261091,1.358563123,0.2761639886,0.7441979237,True
0.028,-0.026,12.72468513,2.795261091,2.595599584,1.461184406,0.3776893884,0.7165942525,True
0.028,-0.024,12.72468513,2.795261091,2.395938078,1.563805689,0.4792147882,0.6954861966,True
0.028,-0.022,12.72468513,2.795261091,2.196276571,1.666426973,0.5807401881,0.6774500867,True
0.028,-0.02,12.72468513,2.795261091,1.996615065,1.769048256,0.6822655879,0.6614848651,True
0.028,-0.018,12.72468513,2.795261091,1.796953558,1.87166954,0.7837909877,0.6470868297,True
0.028,-0.016,12.72468513,2.795261091,1.597292052,1.974290823,0.8853163876,0.6339402186,True
0.028,-0.014,12.72468513,2.795261091,1.397630545,2.076912107,0.9868417874,0.6218308416,True
0.028,-0.012,12.72468513,2.795261091,1.197969039,2.17953339,1.088367187,0.6105994116,True
0.028,-0.01,12.72468513,2.795261091,0.9983075324,2.282154674,1.189892587,0.6027870989,True
0.028,-0.008,12.72468513,2.795261091,0.7986460259,2.384775957,1.291417987,0.7037234466,True
0.028,-0.006,12.72468513,2.795261091,0.5989845195,2.48739724,1.392943387,0.8046597943,True
0.028,-0.004,12.72468513,2.795261091,0.399323013,2.590018524,1.494468787,0.9055961421,True
0.028,-0.002,12.72468513,2.795261091,0.1996615065,2.692639807,1.595994186,1.00653249,True
0.028,0,12.72468513,2.795261091,0,2.795261091,1.697519586,1.107468838,True
0.028,0.002,12.72468513,2.795261091,0.1996615065,2.897882374,1.799044986,1.208405185,True
0.028,0.004,12.72468513,2.795261091,0.399323013,3.000503658,1.900570386,1.309341533,True
0.028,0.006,12.72468513,2.795261091,0.5989845195,3.103124941,2.002095786,1.410277881,True
0.028,0.008,12.72468513,2.795261091,0.7986460259,3.205746225,2.103621186,1.511214228,True
0.028,0.01,12.72468513,2.795261091,0.9983075324,3.308367508,2.205146585,1.612150576,True
0.028,0.012,12.72468513,2.795261091,1.197969039,3.410988791,2.306671985,1.713086924,True
0.028,0.014,12.72468513,2.795261091,1.397630545,3.513610075,2.408197385,1.814023272,True
0.028,0.016,12.72468513,2.795261091,1.597292052,3.616231358,2.509722785,1.914959619,True
0.028,0.018,12.72468513,2.795261091,1.796953558,3.718852642,2.611248185,2.015895967,True
0.028,0.02,12.72468513,2.795261091,1.996615065,3.821473925,2.712773585,2.116832315,True
0.028,0.022,12.72468513,2.795261091,2.196276571,3.924095209,2.814298984,2.217768663,True
0.028,0.024,12.72468513,2.795261091,2.395938078,4.026716492,2.915824384,2.31870501,True
0.028,0.026,12.72468513,2.795261091,2.595599584,4.129337776,3.017349784,2.419641358,True
0.028,0.028,12.72468513,2.795261091,2.795261091,4.231959059,3.118875184,2.520577706,True
0.028,0.03,12.72468513,2.795261091,2.994922597,4.334580342,3.220400584,2.621514053,True
0.028,0.032,12.72468513,2.795261091,3.194584104,4.437201626,3.321925984,2.722450401,True
0.028,0.034,12.72468513,2.795261091,3.39424561,4.539822909,3.423451383,2.823386749,True
0.028,0.036,12.72468513,2.795261091,3.593907117,4.642444193,3.524976783,2.924323097,True
0.028,0.038,12.72468513,2.795261091,3.793568623,4.745065476,3.626502183,3.025259444,True
0.028,0.04,12.72468513,2.795261091,3.99323013,4.84768676,3.728027583,3.126195792,True
0.028,0.042,12.72468513,2.795261091,4.192891636,4.950308043,3.829552983,3.22713214,True
0.028,0.044,12.72468513,2.795261091,4.392553143,5.052929327,3.931078383,3.328068487,True
0.028,0.046,12.72468513,2.795261091,4.592214649,5.15555061,4.032603782,3.429004835,True
0.028,0.048,12.72468513,2.795261091,4.791876156,5.258171893,4.134129182,3.529941183,True
0.028,0.05,12.72468513,2.795261091,4.991537662,5.360793177,4.235654582,3.630877531,True
0.028,0.052,12.72468513,2.795261091,5.191199169,5.46341446,4.337179982,3.731813878,True
0.028,0.054,12.72468513,2.795261091,5.390860675,5.566035744,4.438705382,3.832750226,True
0.028,0.056,12.72468513,2.795261091,5.590522182,5.668657027,4.540230782,3.933686574,True
0.028,0.058,12.72468513,2.795261091,5.790183688,5.771278311,4.641756181,4.034622922,True
0.028,0.06,12.72468513,2.795261091,5.989845195,5.873899594,4.743281581,4.135559269,True
0.03,-0.06,12.76263715,2.994922597,5.989845195,0.08969561364,1.23177219,1.844427675,True
0.03,-0.058,12.76263715,2.994922597,5.790183688,0.02873561861,1.130126927,1.743412913,True
0.03,-0.056,12.76263715,2.994922597,5.590522182,0.1159456004,1.028481664,1.642697729,True
0.03,-0.054,12.76263715,2.994922597,5.390860675,0.2187662075,0.9268364016,1.547114759,True
0.03,-0.052,12.76263715,2.994922597,5.191199169,0.3215868145,0.8251911389,1.457909989,True
0.03,-0.05,12.76263715,2.994922597,4.991537662,0.4244074215,0.7235458762,1.374583403,True
0.03,-0.048,12.76263715,2.994922597,4.791876156,0.5272280285,0.6219006134,1.296692626,True
0.03,-0.046,12.76263715,2.994922597,4.592214649,0.6300486356,0.5202553507,1.22385475,True
0.03,-0.044,12.76263715,2.994922597,4.392553143,0.7328692426,0.418610088,1.155738306,True
0.03,-0.042,12.76263715,2.994922597,4.192891636,0.8356898496,0.3217772415,1.092048866,True
0.03,-0.04,12.76263715,2.994922597,3.99323013,0.9385104567,0.2412478728,1.032549078,True
0.03,-0.038,12.76263715,2.994922597,3.793568623,1.041331064,0.1750731488,0.9770472075,True
0.03,-0.036,12.76263715,2.994922597,3.593907117,1.144151671,0.1557698203,0.9254306589,True
0.03,-0.034,12.76263715,2.994922597,3.39424561,1.246972278,0.1457654811,0.8777175505,True
0.03,-0.032,12.76263715,2.994922597,3.194584104,1.349792885,0.1912614884,0.8342206184,True
0.03,-0.03,12.76263715,2.994922597,2.994922597,1.452613492,0.2929067511,0.7963054429,True
0.03,-0.028,12.76263715,2.994922597,2.795261091,1.555434099,0.3945520139,0.7683864299,True
0.03,-0.026,12.76263715,2.994922597,2.595599584,1.658254706,0.4961972766,0.746901739,True
0.03,-0.024,12.76263715,2.994922597,2.395938078,1.761075313,0.5978425393,0.7284746045,True
0.03,-0.022,12.76263715,2.994922597,2.196276571,1.86389592,0.6994878021,0.7121070198,True
0.03,-0.02,12.76263715,2.994922597,1.996615065,1.966716527,0.8011330648,0.6972998174,True
0.03,-0.018,12.76263715,2.994922597,1.796953558,2.069537134,0.9027783275,0.6837438265,True
0.03,-0.016,12.76263715,2.994922597,1.597292052,2.172357741,1.00442359,0.6712269294,True
0.03,-0.014,12.76263715,2.994922597,1.397630545,2.275178348,1.106068853,0.6595920288,True
0.03,-0.012,12.76263715,2.994922597,1.197969039,2.377998955,1.207714116,0.6487221118,True
0.03,-0.01,12.76263715,2.994922597,0.9983075324,2.480819562,1.309359378,0.6809413532,True
0.03,-0.008,12.76263715,2.994922597,0.7986460259,2.583640169,1.411004641,0.7819561143,True
0.03,-0.006,12.76263715,2.994922597,0.5989845195,2.686460776,1.512649904,0.8829708754,True
0.03,-0.004,12.76263715,2.994922597,0.399323013,2.789281383,1.614295167,0.9839856365,True
0.03,-0.002,12.76263715,2.994922597,0.1996615065,2.89210199,1.715940429,1.085000398,True
0.03,0,12.76263715,2.994922597,0,2.994922597,1.817585692,1.186015159,True
0.03,0.002,12.76263715,2.994922597,0.1996615065,3.097743204,1.919230955,1.28702992,True
0.03,0.004,12.76263715,2.994922597,0.399323013,3.200563811,2.020876218,1.388044681,True
0.03,0.006,12.76263715,2.994922597,0.5989845195,3.303384418,2.12252148,1.489059442,True
0.03,0.008,12.76263715,2.994922597,0.7986460259,3.406205025,2.224166743,1.590074203,True
0.03,0.01,12.76263715,2.994922597,0.9983075324,3.509025632,2.325812006,1.691088964,True
0.03,0.012,12.76263715,2.994922597,1.197969039,3.611846239,2.427457268,1.792103725,True
0.03,0.014,12.76263715,2.994922597,1.397630545,3.714666847,2.529102531,1.893118486,True
0.03,0.016,12.76263715,2.994922597,1.597292052,3.817487454,2.630747794,1.994133248,True
0.03,0.018,12.76263715,2.994922597,1.796953558,3.920308061,2.732393057,2.095148009,True
0.03,0.02,12.76263715,2.994922597,1.996615065,4.023128668,2.834038319,2.19616277,True
0.03,0.022,12.76263715,2.994922597,2.196276571,4.125949275,2.935683582,2.297177531,True
0.03,0.024,12.76263715,2.994922597,2.395938078,4.228769882,3.037328845,2.398192292,True
0.03,0.026,12.76263715,2.994922597,2.595599584,4.331590489,3.138974108,2.499207053,True
0.03,0.028,12.76263715,2.994922597,2.795261091,4.434411096,3.24061937,2.600221814,True
0.03,0.03,12.76263715,2.994922597,2.994922597,4.537231703,3.342264633,2.701236575,True
0.03,0.032,12.76263715,2.994922597,3.194584104,4.64005231,3.443909896,2.802251336,True
0.03,0.034,12.76263715,2.994922597,3.39424561,4.742872917,3.545555159,2.903266098,True
0.03,0.036,12.76263715,2.994922597,3.593907117,4.845693524,3.647200421,3.004280859,True
0.03,0.038,12.76263715,2.994922597,3.793568623,4.948514131,3.748845684,3.10529562,True
0.03,0.04,12.76263715,2.994922597,3.99323013,5.051334738,3.850490947,3.206310381,True
0.03,0.042,12.76263715,2.994922597,4.192891636,5.154155345,3.952136209,3.307325142,True
0.03,0.044,12.76263715,2.994922597,4.392553143,5.256975952,4.053781472,3.408339903,True
0.03,0.046,12.76263715,2.994922597,4.592214649,5.359796559,4.155426735,3.509354664,True
0.03,0.048,12.76263715,2.994922597,4.791876156,5.462617166,4.257071998,3.610369425,True
0.03,0.05,12.76263715,2.994922597,4.991537662,5.565437773,4.35871726,3.711384186,True
0.03,0.052,12.76263715,2.994922597,5.191199169,5.66825838,4.460362523,3.812398948,True
0.03,0.054,12.76263715,2.994922597,5.390860675,5.771078987,4.562007786,3.913413709,True
0.03,0.056,12.76263715,2.994922597,5.590522182,5.873899594,4.663653049,4.01442847,True
0.03,0.058,12.76263715,2.994922597,5.790183688,5.976720201,4.765298311,4.115443231,True
0.03,0.06,12.76263715,2.994922597,5.989845195,6.079540808,4.866943574,4.216457992,True
0.032,-0.06,12.80067004,3.194584104,5.989845195,0.1039861853,1.115453446,1.768319439,True
0.032,-0.058,12.80067004,3.194584104,5.790183688,0.2070061159,1.013688477,1.670944782,True
0.032,-0.056,12.80067004,3.194584104,5.590522182,0.3100260465,0.9119235069,1.579773128,True
0.032,-0.054,12.80067004,3.194584104,5.390860675,0.4130459771,0.8101585371,1.494331068,True
0.032,-0.052,12.80067004,3.194584104,5.191199169,0.5160659077,0.7083935674,1.414199397,True
0.032,-0.05,12.80067004,3.194584104,4.991537662,0.6190858384,0.6066285977,1.339008156,True
0.032,-0.048,12.80067004,3.194584104,4.791876156,0.722105769,0.5048636279,1.268432591,True
0.032,-0.046,12.80067004,3.194584104,4.592214649,0.8251256996,0.4031497971,1.202190036,True
0.032,-0.044,12.80067004,3.194584104,4.392553143,0.9281456302,0.311524397,1.140038189,True
0.032,-0.042,12.80067004,3.194584104,4.192891636,1.031165561,0.2352564415,1.081776078,True
0.032,-0.04,12.80067004,3.194584104,3.99323013,1.134185491,0.1754447201,1.027249984,True
0.032,-0.038,12.80067004,3.194584104,3.793568623,1.237205422,0.1638521189,0.9763756873,True
0.032,-0.036,12.80067004,3.194584104,3.593907117,1.340225353,0.1541102097,0.9292018723,True
0.032,-0.034,12.80067004,3.194584104,3.39424561,1.443245283,0.2074911603,0.8860608862,True
0.032,-0.032,12.80067004,3.194584104,3.194584104,1.546265214,0.30925613,0.8482775426,True
0.032,-0.03,12.80067004,3.194584104,2.994922597,1.649285145,0.4110210997,0.8200623716,True
0.032,-0.028,12.80067004,3.194584104,2.795261091,1.752305075,0.5127860695,0.7982271828,True
0.032,-0.026,12.80067004,3.194584104,2.595599584,1.855325006,0.6145510392,0.7794360798,True
0.032,-0.024,12.80067004,3.194584104,2.395938078,1.958344936,0.716316009,0.762693724,True
0.032,-0.022,12.80067004,3.194584104,2.196276571,2.061364867,0.8180809787,0.7475076911,True
0.032,-0.02,12.80067004,3.194584104,1.996615065,2.164384798,0.9198459484,0.7335719551,True
0.032,-0.018,12.80067004,3.194584104,1.796953558,2.267404728,1.021610918,0.7206746476,True
0.032,-0.016,12.80067004,3.194584104,1.597292052,2.370424659,1.123375888,0.7086615737,True
0.032,-0.014,12.80067004,3.194584104,1.397630545,2.473444589,1.225140858,0.6974174328,True
0.032,-0.012,12.80067004,3.194584104,1.197969039,2.57646452,1.326905827,0.6868443818,True
0.032,-0.01,12.80067004,3.194584104,0.9983075324,2.679484451,1.428670797,0.759022632,True
0.032,-0.008,12.80067004,3.194584104,0.7986460259,2.782504381,1.530435767,0.8601157333,True
0.032,-0.006,12.80067004,3.194584104,0.5989845195,2.885524312,1.632200737,0.9612088345,True
0.032,-0.004,12.80067004,3.194584104,0.399323013,2.988544243,1.733965706,1.062301936,True
0.032,-0.002,12.80067004,3.194584104,0.1996615065,3.091564173,1.835730676,1.163395037,True
0.032,0,12.80067004,3.194584104,0,3.194584104,1.937495646,1.264488138,True
0.032,0.002,12.80067004,3.194584104,0.1996615065,3.297604034,2.039260616,1.36558124,True
0.032,0.004,12.80067004,3.194584104,0.399323013,3.400623965,2.141025585,1.466674341,True
0.032,0.006,12.80067004,3.194584104,0.5989845195,3.503643896,2.242790555,1.567767442,True
0.032,0.008,12.80067004,3.194584104,0.7986460259,3.606663826,2.344555525,1.668860543,True
0.032,0.01,12.80067004,3.194584104,0.9983075324,3.709683757,2.446320495,1.769953645,True
0.032,0.012,12.80067004,3.194584104,1.197969039,3.812703687,2.548085464,1.871046746,True
0.032,0.014,12.80067004,3.194584104,1.397630545,3.915723618,2.649850434,1.972139847,True
0.032,0.016,12.80067004,3.194584104,1.597292052,4.018743549,2.751615404,2.073232949,True
0.032,0.018,12.80067004,3.194584104,1.796953558,4.121763479,2.853380374,2.17432605,True
0.032,0.02,12.80067004,3.194584104,1.996615065,4.22478341,2.955145343,2.275419151,True
0.032,0.022,12.80067004,3.194584104,2.196276571,4.327803341,3.056910313,2.376512252,True
0.032,0.024,12.80067004,3.194584104,2.395938078,4.430823271,3.158675283,2.477605354,True
0.032,0.026,12.80067004,3.194584104,2.595599584,4.533843202,3.260440252,2.578698455,True
0.032,0.028,12.80067004,3.194584104,2.795261091,4.636863132,3.362205222,2.679791556,True
0.032,0.03,12.80067004,3.194584104,2.994922597,4.739883063,3.463970192,2.780884657,True
0.032,0.032,12.80067004,3.194584104,3.194584104,4.842902994,3.565735162,2.881977759,True
0.032,0.034,12.80067004,3.194584104,3.39424561,4.945922924,3.667500131,2.98307086,True
0.032,0.036,12.80067004,3.194584104,3.593907117,5.048942855,3.769265101,3.084163961,True
0.032,0.038,12.80067004,3.194584104,3.793568623,5.151962785,3.871030071,3.185257063,True
0.032,0.04,12.80067004,3.194584104,3.99323013,5.254982716,3.972795041,3.286350164,True
0.032,0.042,12.80067004,3.194584104,4.192891636,5.358002647,4.07456001,3.387443265,True
0.032,0.044,12.80067004,3.194584104,4.392553143,5.461022577,4.17632498,3.488536366,True
0.032,0.046,12.80067004,3.194584104,4.592214649,5.564042508,4.27808995,3.589629468,True
0.032,0.048,12.80067004,3.194584104,4.791876156,5.667062439,4.37985492,3.690722569,True
0.032,0.05,12.80067004,3.194584104,4.991537662,5.770082369,4.481619889,3.79181567,True
0.032,0.052,12.80067004,3.194584104,5.191199169,5.8731023,4.583384859,3.892908772,True
0.032,0.054,12.80067004,3.194584104,5.390860675,5.97612223,4.685149829,3.994001873,True
0.032,0.056,12.80067004,3.194584104,5.590522182,6.079142161,4.786914799,4.095094974,True
0.032,0.058,12.80067004,3.194584104,5.790183688,6.182162092,4.888679768,4.196188075,True
0.032,0.06,12.80067004,3.194584104,5.989845195,6.285182022,4.990444738,4.297281177,True
0.034,-0.06,12.83878336,3.39424561,5.989845195,0.2976679842,0.9992858407,1.702516786,True
0.034,-0.058,12.83878336,3.39424561,5.790183688,0.4008872384,0.8974013195,1.615055333,True
0.034,-0.056,12.83878336,3.39424561,5.590522182,0.5041064926,0.7955167982,1.532790391,True
0.034,-0.054,12.83878336,3.39424561,5.390860675,0.6073257468,0.693632277,1.455369394,True
0.034,-0.052,12.83878336,3.39424561,5.191199169,0.710545001,0.5917477558,1.382479718,True
0.034,-0.05,12.83878336,3.39424561,4.991537662,0.8137642552,0.4898632346,1.313842834,True
0.034,-0.048,12.83878336,3.39424561,4.791876156,0.9169835094,0.3895739428,1.249217763,True
0.034,-0.046,12.83878336,3.39424561,4.592214649,1.020202764,0.3029587076,1.188397249,True
0.034,-0.044,12.83878336,3.39424561,4.392553143,1.123422018,0.2302982255,1.131209454,True
0.034,-0.042,12.83878336,3.39424561,4.192891636,1.226641272,0.1831225107,1.077532615,True
0.034,-0.04,12.83878336,3.39424561,3.99323013,1.329860526,0.1719787622,1.027309025,True
0.034,-0.038,12.83878336,3.39424561,3.793568623,1.43307978,0.1624541856,0.9806130629,True
0.034,-0.036,12.83878336,3.39424561,3.593907117,1.536299035,0.2233284139,0.9377874409,True
0.034,-0.034,12.83878336,3.39424561,3.39424561,1.639518289,0.3252129351,0.9001151147,True
0.034,-0.032,12.83878336,3.39424561,3.194584104,1.742737543,0.4270974563,0.8716208331,True
0.034,-0.03,12.83878336,3.39424561,2.994922597,1.845956797,0.5289819775,0.8494569476,True
0.034,-0.028,12.83878336,3.39424561,2.795261091,1.949176051,0.6308664987,0.8303268137,True
0.034,-0.026,12.83878336,3.39424561,2.595599584,2.052395306,0.7327510199,0.813238128,True
0.034,-0.024,12.83878336,3.39424561,2.395938078,2.15561456,0.8346355411,0.7976986286,True
0.034,-0.022,12.83878336,3.39424561,2.196276571,2.258833814,0.9365200623,0.7834040725,True
0.034,-0.02,12.83878336,3.39424561,1.996615065,2.362053068,1.038404584,0.7701497276,True
0.034,-0.018,12.83878336,3.39424561,1.796953558,2.465272322,1.140289105,0.7577818872,True
0.034,-0.016,12.83878336,3.39424561,1.597292052,2.568491577,1.242173626,0.7461867241,True
0.034,-0.014,12.83878336,3.39424561,1.397630545,2.671710831,1.344058147,0.7352650979,True
0.034,-0.012,12.83878336,3.39424561,1.197969039,2.774930085,1.445942668,0.7358597747,True
0.034,-0.01,12.83878336,3.39424561,0.9983075324,2.878149339,1.54782719,0.8370311432,True
0.034,-0.008,12.83878336,3.39424561,0.7986460259,2.981368593,1.649711711,0.9382025116,True
0.034,-0.006,12.83878336,3.39424561,0.5989845195,3.084587848,1.751596232,1.03937388,True
0.034,-0.004,12.83878336,3.39424561,0.399323013,3.187807102,1.853480753,1.140545248,True
0.034,-0.002,12.83878336,3.39424561,0.1996615065,3.291026356,1.955365274,1.241716617,True
0.034,0,12.83878336,3.39424561,0,3.39424561,2.057249796,1.342887985,True
0.034,0.002,12.83878336,3.39424561,0.1996615065,3.497464864,2.159134317,1.444059354,True
0.034,0.004,12.83878336,3.39424561,0.399323013,3.600684119,2.261018838,1.545230722,True
0.034,0.006,12.83878336,3.39424561,0.5989845195,3.703903373,2.362903359,1.646402091,True
0.034,0.008,12.83878336,3.39424561,0.7986460259,3.807122627,2.46478788,1.747573459,True
0.034,0.01,12.83878336,3.39424561,0.9983075324,3.910341881,2.566672402,1.848744828,True
0.034,0.012,12.83878336,3.39424561,1.197969039,4.013561135,2.668556923,1.949916196,True
0.034,0.014,12.83878336,3.39424561,1.397630545,4.11678039,2.770441444,2.051087564,True
0.034,0.016,12.83878336,3.39424561,1.597292052,4.219999644,2.872325965,2.152258933,True
0.034,0.018,12.83878336,3.39424561,1.796953558,4.323218898,2.974210487,2.253430301,True
0.034,0.02,12.83878336,3.39424561,1.996615065,4.426438152,3.076095008,2.35460167,True
0.034,0.022,12.83878336,3.39424561,2.196276571,4.529657406,3.177979529,2.455773038,True
0.034,0.024,12.83878336,3.39424561,2.395938078,4.632876661,3.27986405,2.556944407,True
0.034,0.026,12.83878336,3.39424561,2.595599584,4.736095915,3.381748571,2.658115775,True
0.034,0.028,12.83878336,3.39424561,2.795261091,4.839315169,3.483633093,2.759287143,True
0.034,0.03,12.83878336,3.39424561,2.994922597,4.942534423,3.585517614,2.860458512,True
0.034,0.032,12.83878336,3.39424561,3.194584104,5.045753678,3.687402135,2.96162988,True
0.034,0.034,12.83878336,3.39424561,3.39424561,5.148972932,3.789286656,3.062801249,True
0.034,0.036,12.83878336,3.39424561,3.593907117,5.252192186,3.891171177,3.163972617,True
0.034,0.038,12.83878336,3.39424561,3.793568623,5.35541144,3.993055699,3.265143986,True
0.034,0.04,12.83878336,3.39424561,3.99323013,5.458630694,4.09494022,3.366315354,True
0.034,0.042,12.83878336,3.39424561,4.192891636,5.561849949,4.196824741,3.467486722,True
0.034,0.044,12.83878336,3.39424561,4.392553143,5.665069203,4.298709262,3.568658091,True
0.034,0.046,12.83878336,3.39424561,4.592214649,5.768288457,4.400593783,3.669829459,True
0.034,0.048,12.83878336,3.39424561,4.791876156,5.871507711,4.502478305,3.771000828,True
0.034,0.05,12.83878336,3.39424561,4.991537662,5.974726965,4.604362826,3.872172196,True
0.034,0.052,12.83878336,3.39424561,5.191199169,6.07794622,4.706247347,3.973343565,True
0.034,0.054,12.83878336,3.39424561,5.390860675,6.181165474,4.808131868,4.074514933,True
0.034,0.056,12.83878336,3.39424561,5.590522182,6.284384728,4.91001639,4.175686301,True
0.034,0.058,12.83878336,3.39424561,5.790183688,6.387603982,5.011900911,4.27685767,True
0.034,0.06,12.83878336,3.39424561,5.989845195,6.490823236,5.113785432,4.378029038,True
0.036,-0.06,12.87697669,3.593907117,5.989845195,0.4913497831,0.8832690363,1.652410681,True
0.036,-0.058,12.87697669,3.593907117,5.790183688,0.5947683609,0.7812651188,1.57286458,True
0.036,-0.056,12.87697669,3.593907117,5.590522182,0.6981869387,0.6792612013,1.497778241,True
0.036,-0.054,12.87697669,3.593907117,5.390860675,0.8016055165,0.5772572838,1.426872833,True
0.036,-0.052,12.87697669,3.593907117,5.191199169,0.9050240942,0.4752533664,1.359915,True
0.036,-0.05,12.87697669,3.593907117,4.991537662,1.008442672,0.3781396784,1.296695288,True
0.036,-0.048,12.87697669,3.593907117,4.791876156,1.11186125,0.2957433592,1.237034653,True
0.036,-0.046,12.87697669,3.593907117,4.592214649,1.215279828,0.2261834646,1.180788803,True
0.036,-0.044,12.87697669,3.593907117,4.392553143,1.318698405,0.1909145397,1.127862112,True
0.036,-0.042,12.87697669,3.593907117,4.192891636,1.422116983,0.1801340585,1.078217642,True
0.036,-0.04,12.87697669,3.593907117,3.99323013,1.525535561,0.1707973464,1.031945932,True
0.036,-0.038,12.87697669,3.593907117,3.793568623,1.628954139,0.238774056,0.9893985974,True
0.036,-0.036,12.87697669,3.593907117,3.593907117,1.732372717,0.3407779735,0.9518197361,True
0.036,-0.034,12.87697669,3.593907117,3.39424561,1.835791294,0.442781891,0.9230590705,True
0.036,-0.032,12.87697669,3.593907117,3.194584104,1.939209872,0.5447858085,0.9005859166,True
0.036,-0.03,12.87697669,3.593907117,2.994922597,2.04262845,0.646789726,0.8811395283,True
0.036,-0.028,12.87697669,3.593907117,2.795261091,2.146047028,0.7487936435,0.8637253415,True
0.036,-0.026,12.87697669,3.593907117,2.595599584,2.249465605,0.850797561,0.847854281,True
0.036,-0.024,12.87697669,3.593907117,2.395938078,2.352884183,0.9528014784,0.8332264396,True
0.036,-0.022,12.87697669,3.593907117,2.196276571,2.456302761,1.054805396,0.8196385796,True
0.036,-0.02,12.87697669,3.593907117,1.996615065,2.559721339,1.156809313,0.806937372,True
0.036,-0.018,12.87697669,3.593907117,1.796953558,2.663139917,1.258813231,0.795004989,True
0.036,-0.016,12.87697669,3.593907117,1.597292052,2.766558494,1.360817148,0.7837566041,True
0.036,-0.014,12.87697669,3.593907117,1.397630545,2.869977072,1.462821066,0.7731118587,True
0.036,-0.012,12.87697669,3.593907117,1.197969039,2.97339565,1.564824983,0.8137175308,True
0.036,-0.01,12.87697669,3.593907117,0.9983075324,3.076814228,1.666828901,0.9149670936,True
0.036,-0.008,12.87697669,3.593907117,0.7986460259,3.180232806,1.768832818,1.016216656,True
0.036,-0.006,12.87697669,3.593907117,0.5989845195,3.283651383,1.870836736,1.117466219,True
0.036,-0.004,12.87697669,3.593907117,0.399323013,3.387069961,1.972840653,1.218715782,True
0.036,-0.002,12.87697669,3.593907117,0.1996615065,3.490488539,2.074844571,1.319965345,True
0.036,0,12.87697669,3.593907117,0,3.593907117,2.176848488,1.421214908,True
0.036,0.002,12.87697669,3.593907117,0.1996615065,3.697325695,2.278852406,1.52246447,True
0.036,0.004,12.87697669,3.593907117,0.399323013,3.800744272,2.380856323,1.623714033,True
0.036,0.006,12.87697669,3.593907117,0.5989845195,3.90416285,2.482860241,1.724963596,True
0.036,0.008,12.87697669,3.593907117,0.7986460259,4.007581428,2.584864158,1.826213159,True
0.036,0.01,12.87697669,3.593907117,0.9983075324,4.111000006,2.686868076,1.927462722,True
0.036,0.012,12.87697669,3.593907117,1.197969039,4.214418583,2.788871993,2.028712284,True
0.036,0.014,12.87697669,3.593907117,1.397630545,4.317837161,2.890875911,2.129961847,True
0.036,0.016,12.87697669,3.593907117,1.597292052,4.421255739,2.992879828,2.23121141,True
0.036,0.018,12.87697669,3.593907117,1.796953558,4.524674317,3.094883746,2.332460973,True
0.036,0.02,12.87697669,3.593907117,1.996615065,4.628092895,3.196887663,2.433710535,True
0.036,0.022,12.87697669,3.593907117,2.196276571,4.731511472,3.298891581,2.534960098,True
0.036,0.024,12.87697669,3.593907117,2.395938078,4.83493005,3.400895498,2.636209661,True
0.036,0.026,12.87697669,3.593907117,2.595599584,4.938348628,3.502899416,2.737459224,True
0.036,0.028,12.87697669,3.593907117,2.795261091,5.041767206,3.604903333,2.838708787,True
0.036,0.03,12.87697669,3.593907117,2.994922597,5.145185784,3.706907251,2.939958349,True
0.036,0.032,12.87697669,3.593907117,3.194584104,5.248604361,3.808911168,3.041207912,True
0.036,0.034,12.87697669,3.593907117,3.39424561,5.352022939,3.910915086,3.142457475,True
0.036,0.036,12.87697669,3.593907117,3.593907117,5.455441517,4.012919003,3.243707038,True
0.036,0.038,12.87697669,3.593907117,3.793568623,5.558860095,4.114922921,3.344956601,True
0.036,0.04,12.87697669,3.593907117,3.99323013,5.662278673,4.216926838,3.446206163,True
0.036,0.042,12.87697669,3.593907117,4.192891636,5.76569725,4.318930755,3.547455726,True
0.036,0.044,12.87697669,3.593907117,4.392553143,5.869115828,4.420934673,3.648705289,True
0.036,0.046,12.87697669,3.593907117,4.592214649,5.972534406,4.52293859,3.749954852,True
0.036,0.048,12.87697669,3.593907117,4.791876156,6.075952984,4.624942508,3.851204415,True
0.036,0.05,12.87697669,3.593907117,4.991537662,6.179371561,4.726946425,3.952453977,True
0.036,0.052,12.87697669,3.593907117,5.191199169,6.282790139,4.828950343,4.05370354,True
0.036,0.054,12.87697669,3.593907117,5.390860675,6.386208717,4.93095426,4.154953103,True
0.036,0.056,12.87697669,3.593907117,5.590522182,6.489627295,5.032958178,4.256202666,True
0.036,0.058,12.87697669,3.593907117,5.790183688,6.593045873,5.134962095,4.357452228,True
0.036,0.06,12.87697669,3.593907117,5.989845195,6.69646445,5.236966013,4.458701791,True
0.038,-0.06,12.9152496,3.793568623,5.989845195,0.685031582,0.7674026981,1.614239425,True
0.038,-0.058,12.9152496,3.793568623,5.790183688,0.7886494834,0.6652795392,1.541173308,True
0.038,-0.056,12.9152496,3.793568623,5.590522182,0.8922673848,0.5631563802,1.471999646,True
0.038,-0.054,12.9152496,3.793568623,5.390860675,0.9958852861,0.4611050158,1.406511546,True
0.038,-0.052,12.9152496,3.793568623,5.191199169,1.099503187,0.3684188007,1.344525332,True
0.038,-0.05,12.9152496,3.793568623,4.991537662,1.203121089,0.2896264303,1.285887484,True
0.038,-0.048,12.9152496,3.793568623,4.791876156,1.30673899,0.222771517,1.230475052,True
0.038,-0.046,12.9152496,3.793568623,4.592214649,1.410356892,0.198786745,1.178214027,True
0.038,-0.044,12.9152496,3.793568623,4.392553143,1.513974793,0.1883101577,1.129083237,True
0.038,-0.042,12.9152496,3.793568623,4.192891636,1.617592694,0.1791342959,1.083189884,True
0.038,-0.04,12.9152496,3.793568623,3.99323013,1.721210596,0.2538288911,1.040892752,True
0.038,-0.038,12.9152496,3.793568623,3.793568623,1.824828497,0.35595205,1.003391075,True
0.038,-0.036,12.9152496,3.793568623,3.593907117,1.928446398,0.4580752089,0.9743758121,True
0.038,-0.034,12.9152496,3.793568623,3.39424561,2.0320643,0.5601983678,0.9516102652,True
0.038,-0.032,12.9152496,3.793568623,3.194584104,2.135682201,0.6623215267,0.9318673804,True
0.038,-0.03,12.9152496,3.793568623,2.994922597,2.239300103,0.7644446856,0.9141470889,True
0.038,-0.028,12.9152496,3.793568623,2.795261091,2.342918004,0.8665678445,0.8979652709,True
0.038,-0.026,12.9152496,3.793568623,2.595599584,2.446535905,0.9686910034,0.8830242961,True
0.038,-0.024,12.9152496,3.793568623,2.395938078,2.550153807,1.070814162,0.8691192626,True
0.038,-0.022,12.9152496,3.793568623,2.196276571,2.653771708,1.172937321,0.8561021809,True
0.038,-0.02,12.9152496,3.793568623,1.996615065,2.757389609,1.27506048,0.8438606187,True
0.038,-0.018,12.9152496,3.793568623,1.796953558,2.861007511,1.377183639,0.8322993179,True
0.038,-0.016,12.9152496,3.793568623,1.597292052,2.964625412,1.479306798,0.82134547,True
0.038,-0.014,12.9152496,3.793568623,1.397630545,3.068243314,1.581429957,0.81093883,True
0.038,-0.012,12.9152496,3.793568623,1.197969039,3.171861215,1.683553116,0.8915030045,True
0.038,-0.01,12.9152496,3.793568623,0.9983075324,3.275479116,1.785676275,0.9928306891,True
0.038,-0.008,12.9152496,3.793568623,0.7986460259,3.379097018,1.887799434,1.094158374,True
0.038,-0.006,12.9152496,3.793568623,0.5989845195,3.482714919,1.989922593,1.195486058,True
0.038,-0.004,12.9152496,3.793568623,0.399323013,3.58633282,2.092045751,1.296813743,True
0.038,-0.002,12.9152496,3.793568623,0.1996615065,3.689950722,2.19416891,1.398141427,True
0.038,0,12.9152496,3.793568623,0,3.793568623,2.296292069,1.499469112,True
0.038,0.002,12.9152496,3.793568623,0.1996615065,3.897186525,2.398415228,1.600796796,True
0.038,0.004,12.9152496,3.793568623,0.399323013,4.000804426,2.500538387,1.702124481,True
0.038,0.006,12.9152496,3.793568623,0.5989845195,4.104422327,2.602661546,1.803452165,True
0.038,0.008,12.9152496,3.793568623,0.7986460259,4.208040229,2.704784705,1.90477985,True
0.038,0.01,12.9152496,3.793568623,0.9983075324,4.31165813,2.806907864,2.006107535,True
0.038,0.012,12.9152496,3.793568623,1.197969039,4.415276031,2.909031023,2.107435219,True
0.038,0.014,12.9152496,3.793568623,1.397630545,4.518893933,3.011154182,2.208762904,True
0.038,0.016,12.9152496,3.793568623,1.597292052,4.622511834,3.113277341,2.310090588,True
0.038,0.018,12.9152496,3.793568623,1.796953558,4.726129736,3.2154005,2.411418273,True
0.038,0.02,12.9152496,3.793568623,1.996615065,4.829747637,3.317523658,2.512745957,True
0.038,0.022,12.9152496,3.793568623,2.196276571,4.933365538,3.419646817,2.614073642,True
0.038,0.024,12.9152496,3.793568623,2.395938078,5.03698344,3.521769976,2.715401326,True
0.038,0.026,12.9152496,3.793568623,2.595599584,5.140601341,3.623893135,2.816729011,True
0.038,0.028,12.9152496,3.793568623,2.795261091,5.244219242,3.726016294,2.918056696,True
0.038,0.03,12.9152496,3.793568623,2.994922597,5.347837144,3.828139453,3.01938438,True
0.038,0.032,12.9152496,3.793568623,3.194584104,5.451455045,3.930262612,3.120712065,True
0.038,0.034,12.9152496,3.793568623,3.39424561,5.555072947,4.032385771,3.222039749,True
0.038,0.036,12.9152496,3.793568623,3.593907117,5.658690848,4.13450893,3.323367434,True
0.038,0.038,12.9152496,3.793568623,3.793568623,5.762308749,4.236632089,3.424695118,True
0.038,0.04,12.9152496,3.793568623,3.99323013,5.865926651,4.338755248,3.526022803,True
0.038,0.042,12.9152496,3.793568623,4.192891636,5.969544552,4.440878406,3.627350487,True
0.038,0.044,12.9152496,3.793568623,4.392553143,6.073162453,4.543001565,3.728678172,True
0.038,0.046,12.9152496,3.793568623,4.592214649,6.176780355,4.645124724,3.830005857,True
0.038,0.048,12.9152496,3.793568623,4.791876156,6.280398256,4.747247883,3.931333541,True
0.038,0.05,12.9152496,3.793568623,4.991537662,6.384016158,4.849371042,4.032661226,True
0.038,0.052,12.9152496,3.793568623,5.191199169,6.487634059,4.951494201,4.13398891,True
0.038,0.054,12.9152496,3.793568623,5.390860675,6.59125196,5.05361736,4.235316595,True
0.038,0.056,12.9152496,3.793568623,5.590522182,6.694869862,5.155740519,4.336644279,True
0.038,0.058,12.9152496,3.793568623,5.790183688,6.798487763,5.257863678,4.437971964,True
0.038,0.06,12.9152496,3.793568623,5.989845195,6.902105664,5.359986837,4.539299648,True
0.04,-0.06,12.95360169,3.99323013,5.989845195,0.8787133809,0.6516864921,1.585375657,True
0.04,-0.058,12.95360169,3.99323013,5.790183688,0.9825306059,0.5494442462,1.517724557,True
0.04,-0.056,12.95360169,3.99323013,5.590522182,1.086347831,0.4485757955,1.453527887,True
0.04,-0.054,12.95360169,3.99323013,5.390860675,1.190165056,0.3600914826,1.392633412,True
0.04,-0.052,12.95360169,3.99323013,5.191199169,1.293982281,0.2844186033,1.334902077,True
0.04,-0.05,12.95360169,3.99323013,4.991537662,1.397799506,0.219951573,1.280234712,True
0.04,-0.048,12.95360169,3.99323013,4.791876156,1.501616731,0.2067187956,1.228564806,True
0.04,-0.046,12.95360169,3.99323013,4.592214649,1.605433956,0.1964993463,1.179896663,True
0.04,-0.044,12.95360169,3.99323013,4.392553143,1.709251181,0.1874632769,1.134344361,True
0.04,-0.042,12.95360169,3.99323013,4.192891636,1.813068406,0.2684937204,1.092268378,True
0.04,-0.04,12.95360169,3.99323013,3.99323013,1.916885631,0.3707359663,1.05483158,True
0.04,-0.038,12.95360169,3.99323013,3.793568623,2.020702855,0.4729782121,1.025572009,True
0.04,-0.036,12.95360169,3.99323013,3.593907117,2.12452008,0.5752204579,1.002529319,True
0.04,-0.034,12.95360169,3.99323013,3.39424561,2.228337305,0.6774627038,0.9825039742,True
0.04,-0.032,12.95360169,3.99323013,3.194584104,2.33215453,0.7797049496,0.9644954889,True
0.04,-0.03,12.95360169,3.99323013,2.994922597,2.435971755,0.8819471954,0.9480225451,True
0.04,-0.028,12.95360169,3.99323013,2.795261091,2.53978898,0.9841894413,0.9327851462,True
0.04,-0.026,12.95360169,3.99323013,2.595599584,2.643606205,1.086431687,0.9185813632,True
0.04,-0.024,12.95360169,3.99323013,2.395938078,2.74742343,1.188673933,0.9052668817,True
0.04,-0.022,12.95360169,3.99323013,2.196276571,2.851240655,1.290916179,0.8927277906,True
0.04,-0.02,12.95360169,3.99323013,1.996615065,2.95505788,1.393158425,0.8808706023,True
0.04,-0.018,12.95360169,3.99323013,1.796953558,3.058875105,1.49540067,0.86962355,True
0.04,-0.016,12.95360169,3.99323013,1.597292052,3.16269233,1.597642916,0.8589262898,True
0.04,-0.014,12.95360169,3.99323013,1.397630545,3.266509555,1.699885162,0.8678106666,True
0.04,-0.012,12.95360169,3.99323013,1.197969039,3.37032678,1.802127408,0.9692164005,True
0.04,-0.01,12.95360169,3.99323013,0.9983075324,3.474144005,1.904369654,1.070622134,True
0.04,-0.008,12.95360169,3.99323013,0.7986460259,3.57796123,2.0066119,1.172027868,True
0.04,-0.006,12.95360169,3.99323013,0.5989845195,3.681778455,2.108854145,1.273433602,True
0.04,-0.004,12.95360169,3.99323013,0.399323013,3.78559568,2.211096391,1.374839336,True
0.04,-0.002,12.95360169,3.99323013,0.1996615065,3.889412905,2.313338637,1.47624507,True
0.04,0,12.95360169,3.99323013,0,3.99323013,2.415580883,1.577650804,True
0.04,0.002,12.95360169,3.99323013,0.1996615065,4.097047355,2.517823129,1.679056538,True
0.04,0.004,12.95360169,3.99323013,0.399323013,4.20086458,2.620065375,1.780462272,True
0.04,0.006,12.95360169,3.99323013,0.5989845195,4.304681805,2.72230762,1.881868006,True
0.04,0.008,12.95360169,3.99323013,0.7986460259,4.40849903,2.824549866,1.98327374,True
0.04,0.01,12.95360169,3.99323013,0.9983075324,4.512316255,2.926792112,2.084679474,True
0.04,0.012,12.95360169,3.99323013,1.197969039,4.616133479,3.029034358,2.186085208,True
0.04,0.014,12.95360169,3.99323013,1.397630545,4.719950704,3.131276604,2.287490941,True
0.04,0.016,12.95360169,3.99323013,1.597292052,4.823767929,3.23351885,2.388896675,True
0.04,0.018,12.95360169,3.99323013,1.796953558,4.927585154,3.335761095,2.490302409,True
0.04,0.02,12.95360169,3.99323013,1.996615065,5.031402379,3.438003341,2.591708143,True
0.04,0.022,12.95360169,3.99323013,2.196276571,5.135219604,3.540245587,2.693113877,True
0.04,0.024,12.95360169,3.99323013,2.395938078,5.239036829,3.642487833,2.794519611,True
0.04,0.026,12.95360169,3.99323013,2.595599584,5.342854054,3.744730079,2.895925345,True
0.04,0.028,12.95360169,3.99323013,2.795261091,5.446671279,3.846972325,2.997331079,True
0.04,0.03,12.95360169,3.99323013,2.994922597,5.550488504,3.94921457,3.098736813,True
0.04,0.032,12.95360169,3.99323013,3.194584104,5.654305729,4.051456816,3.200142547,True
0.04,0.034,12.95360169,3.99323013,3.39424561,5.758122954,4.153699062,3.301548281,True
0.04,0.036,12.95360169,3.99323013,3.593907117,5.861940179,4.255941308,3.402954015,True
0.04,0.038,12.95360169,3.99323013,3.793568623,5.965757404,4.358183554,3.504359749,True
0.04,0.04,12.95360169,3.99323013,3.99323013,6.069574629,4.4604258,3.605765483,True
0.04,0.042,12.95360169,3.99323013,4.192891636,6.173391854,4.562668045,3.707171216,True
0.04,0.044,12.95360169,3.99323013,4.392553143,6.277209079,4.664910291,3.80857695,True
0.04,0.046,12.95360169,3.99323013,4.592214649,6.381026304,4.767152537,3.909982684,True
0.04,0.048,12.95360169,3.99323013,4.791876156,6.484843529,4.869394783,4.011388418,True
0.04,0.05,12.95360169,3.99323013,4.991537662,6.588660754,4.971637029,4.112794152,True
0.04,0.052,12.95360169,3.99323013,5.191199169,6.692477979,5.073879275,4.214199886,True
0.04,0.054,12.95360169,3.99323013,5.390860675,6.796295204,5.17612152,4.31560562,True
0.04,0.056,12.95360169,3.99323013,5.590522182,6.900112429,5.278363766,4.417011354,True
0.04,0.058,12.95360169,3.99323013,5.790183688,7.003929654,5.380606012,4.518417088,True
0.04,0.06,12.95360169,3.99323013,5.989845195,7.107746879,5.482848258,4.619822822,True
0.042,-0.06,12.99203252,4.192891636,5.989845195,1.07239518,0.5361200856,1.563929477,True
0.042,-0.058,12.99203252,4.192891636,5.790183688,1.176411728,0.4377825617,1.500884899,True
0.042,-0.056,12.99203252,4.192891636,5.590522182,1.280428277,0.3529204712,1.440960449,True
0.042,-0.054,12.99203252,4.192891636,5.390860675,1.384444825,0.2799755853,1.384039825,True
0.042,-0.052,12.99203252,4.192891636,5.191199169,1.488461374,0.2261383568,1.330033921,True
0.042,-0.05,12.99203252,4.192891636,4.991537662,1.592477923,0.2146937899,1.278900099,True
0.042,-0.048,12.99203252,4.192891636,4.791876156,1.696494471,0.2046941107,1.23064831,True
0.042,-0.046,12.99203252,4.192891636,4.592214649,1.80051102,0.1957825903,1.185402249,True
0.042,-0.044,12.99203252,4.192891636,4.392553143,1.904527568,0.2827693431,1.143524722,True
0.042,-0.042,12.99203252,4.192891636,4.192891636,2.008544117,0.3851305217,1.1061407,True
0.042,-0.04,12.99203252,4.192891636,3.99323013,2.112560665,0.4874917003,1.076644929,True
0.042,-0.038,12.99203252,4.192891636,3.793568623,2.216577214,0.5898528789,1.053336635,True
0.042,-0.036,12.99203252,4.192891636,3.593907117,2.320593762,0.6922140575,1.033046967,True
0.042,-0.034,12.99203252,4.192891636,3.39424561,2.424610311,0.7945752361,1.014768264,True
0.042,-0.032,12.99203252,4.192891636,3.194584104,2.528626859,0.8969364147,0.9980173973,True
0.042,-0.03,12.99203252,4.192891636,2.994922597,2.632643408,0.9992975933,0.9824994684,True
0.042,-0.028,12.99203252,4.192891636,2.795261091,2.736659957,1.101658772,0.9680146868,True
0.042,-0.026,12.99203252,4.192891636,2.595599584,2.840676505,1.20401995,0.9544181216,True
0.042,-0.024,12.99203252,4.192891636,2.395938078,2.944693054,1.306381129,0.9415954405,True
0.042,-0.022,12.99203252,4.192891636,2.196276571,3.048709602,1.408742308,0.929456266,True
0.042,-0.02,12.99203252,4.192891636,1.996615065,3.152726151,1.511103486,0.9179339775,True
0.042,-0.018,12.99203252,4.192891636,1.796953558,3.256742699,1.613464665,0.906958253,True
0.042,-0.016,12.99203252,4.192891636,1.597292052,3.360759248,1.715825843,0.8964840522,True
0.042,-0.014,12.99203252,4.192891636,1.397630545,3.464775796,1.818187022,0.9453742112,True
0.042,-0.012,12.99203252,4.192891636,1.197969039,3.568792345,1.920548201,1.046857922,True
0.042,-0.01,12.99203252,4.192891636,0.9983075324,3.672808893,2.022909379,1.148341633,True
0.042,-0.008,12.99203252,4.192891636,0.7986460259,3.776825442,2.125270558,1.249825345,True
0.042,-0.006,12.99203252,4.192891636,0.5989845195,3.880841991,2.227631736,1.351309056,True
0.042,-0.004,12.99203252,4.192891636,0.399323013,3.984858539,2.329992915,1.452792767,True
0.042,-0.002,12.99203252,4.192891636,0.1996615065,4.088875088,2.432354094,1.554276478,True
0.042,0,12.99203252,4.192891636,0,4.192891636,2.534715272,1.655760189,True
0.042,0.002,12.99203252,4.192891636,0.1996615065,4.296908185,2.637076451,1.7572439,True
0.042,0.004,12.99203252,4.192891636,0.399323013,4.400924733,2.739437629,1.858727611,True
0.042,0.006,12.99203252,4.192891636,0.5989845195,4.504941282,2.841798808,1.960211322,True
0.042,0.008,12.99203252,4.192891636,0.7986460259,4.60895783,2.944159987,2.061695033,True
0.042,0.01,12.99203252,4.192891636,0.9983075324,4.712974379,3.046521165,2.163178745,True
0.042,0.012,12.99203252,4.192891636,1.197969039,4.816990927,3.148882344,2.264662456,True
0.042,0.014,12.99203252,4.192891636,1.397630545,4.921007476,3.251243522,2.366146167,True
0.042,0.016,12.99203252,4.192891636,1.597292052,5.025024025,3.353604701,2.467629878,True
0.042,0.018,12.99203252,4.192891636,1.796953558,5.129040573,3.455965879,2.569113589,True
0.042,0.02,12.99203252,4.192891636,1.996615065,5.233057122,3.558327058,2.6705973,True
0.042,0.022,12.99203252,4.192891636,2.196276571,5.33707367,3.660688237,2.772081011,True
0.042,0.024,12.99203252,4.192891636,2.395938078,5.441090219,3.763049415,2.873564722,True
0.042,0.026,12.99203252,4.192891636,2.595599584,5.545106767,3.865410594,2.975048433,True
0.042,0.028,12.99203252,4.192891636,2.795261091,5.649123316,3.967771772,3.076532145,True
0.042,0.03,12.99203252,4.192891636,2.994922597,5.753139864,4.070132951,3.178015856,True
0.042,0.032,12.99203252,4.192891636,3.194584104,5.857156413,4.17249413,3.279499567,True
0.042,0.034,12.99203252,4.192891636,3.39424561,5.961172961,4.274855308,3.380983278,True
0.042,0.036,12.99203252,4.192891636,3.593907117,6.06518951,4.377216487,3.482466989,True
0.042,0.038,12.99203252,4.192891636,3.793568623,6.169206059,4.479577665,3.5839507,True
0.042,0.04,12.99203252,4.192891636,3.99323013,6.273222607,4.581938844,3.685434411,True
0.042,0.042,12.99203252,4.192891636,4.192891636,6.377239156,4.684300023,3.786918122,True
0.042,0.044,12.99203252,4.192891636,4.392553143,6.481255704,4.786661201,3.888401833,True
0.042,0.046,12.99203252,4.192891636,4.592214649,6.585272253,4.88902238,3.989885545,True
0.042,0.048,12.99203252,4.192891636,4.791876156,6.689288801,4.991383558,4.091369256,True
0.042,0.05,12.99203252,4.192891636,4.991537662,6.79330535,5.093744737,4.192852967,True
0.042,0.052,12.99203252,4.192891636,5.191199169,6.897321898,5.196105916,4.294336678,True
0.042,0.054,12.99203252,4.192891636,5.390860675,7.001338447,5.298467094,4.395820389,True
0.042,0.056,12.99203252,4.192891636,5.590522182,7.105354995,5.400828273,4.4973041,True
0.042,0.058,12.99203252,4.192891636,5.790183688,7.209371544,5.503189451,4.598787811,True
0.042,0.06,12.99203252,4.192891636,5.989845195,7.313388093,5.60555063,4.700271522,True
0.044,-0.06,13.03054168,4.392553143,5.989845195,1.266076979,0.4284248385,1.548509221,True
0.044,-0.058,13.03054168,4.392553143,5.790183688,1.370292851,0.3467162221,1.489457711,True
0.044,-0.056,13.03054168,4.392553143,5.590522182,1.474508723,0.2761809097,1.433264148,True
0.044,-0.054,13.03054168,4.392553143,5.390860675,1.578724595,0.2338117536,1.379858776,True
0.044,-0.052,13.03054168,4.392553143,5.191199169,1.682940467,0.2227008061,1.329206218,True
0.044,-0.05,13.03054168,4.392553143,4.991537662,1.787156339,0.2128945118,1.281328629,True
0.044,-0.048,13.03054168,4.392553143,4.791876156,1.891372212,0.2040905615,1.236361155,True
0.044,-0.046,13.03054168,4.392553143,4.592214649,1.995588084,0.2966565555,1.194663476,True
0.044,-0.044,13.03054168,4.392553143,4.392553143,2.099803956,0.399136513,1.157320152,True
0.044,-0.042,13.03054168,4.392553143,4.192891636,2.204019828,0.5016164705,1.127596088,True
0.044,-0.04,13.03054168,4.392553143,3.99323013,2.3082357,0.604096428,1.104034717,True
0.044,-0.038,13.03054168,4.392553143,3.793568623,2.412451572,0.7065763856,1.083491886,True
0.044,-0.036,13.03054168,4.392553143,3.593907117,2.516667444,0.8090563431,1.064955985,True
0.044,-0.034,13.03054168,4.392553143,3.39424561,2.620883316,0.9115363006,1.047941491,True
0.044,-0.032,13.03054168,4.392553143,3.194584104,2.725099189,1.014016258,1.032158052,True
0.044,-0.03,13.03054168,4.392553143,2.994922597,2.829315061,1.116496216,1.017409284,True
0.044,-0.028,13.03054168,4.392553143,2.795261091,2.933530933,1.218976173,1.003542719,True
0.044,-0.026,13.03054168,4.392553143,2.595599584,3.037746805,1.321456131,0.990452781,True
0.044,-0.024,13.03054168,4.392553143,2.395938078,3.141962677,1.423936088,0.9780471602,True
0.044,-0.022,13.03054168,4.392553143,2.196276571,3.246178549,1.526416046,0.966258234,True
0.044,-0.02,13.03054168,4.392553143,1.996615065,3.350394421,1.628896003,0.9550198469,True
0.044,-0.018,13.03054168,4.392553143,1.796953558,3.454610294,1.731375961,0.9442843013,True
0.044,-0.016,13.03054168,4.392553143,1.597292052,3.558826166,1.833855918,0.9340079252,True
0.044,-0.014,13.03054168,4.392553143,1.397630545,3.663042038,1.936335876,1.022866156,True
0.044,-0.012,13.03054168,4.392553143,1.197969039,3.76725791,2.038815833,1.124427773,True
0.044,-0.01,13.03054168,4.392553143,0.9983075324,3.871473782,2.141295791,1.225989389,True
0.044,-0.008,13.03054168,4.392553143,0.7986460259,3.975689654,2.243775748,1.327551005,True
0.044,-0.006,13.03054168,4.392553143,0.5989845195,4.079905526,2.346255706,1.429112622,True
0.044,-0.004,13.03054168,4.392553143,0.399323013,4.184121398,2.448735664,1.530674238,True
0.044,-0.002,13.03054168,4.392553143,0.1996615065,4.288337271,2.551215621,1.632235854,True
0.044,0,13.03054168,4.392553143,0,4.392553143,2.653695579,1.73379747,True
0.044,0.002,13.03054168,4.392553143,0.1996615065,4.496769015,2.756175536,1.835359087,True
0.044,0.004,13.03054168,4.392553143,0.399323013,4.600984887,2.858655494,1.936920703,True
0.044,0.006,13.03054168,4.392553143,0.5989845195,4.705200759,2.961135451,2.038482319,True
0.044,0.008,13.03054168,4.392553143,0.7986460259,4.809416631,3.063615409,2.140043936,True
0.044,0.01,13.03054168,4.392553143,0.9983075324,4.913632503,3.166095366,2.241605552,True
0.044,0.012,13.03054168,4.392553143,1.197969039,5.017848375,3.268575324,2.343167168,True
0.044,0.014,13.03054168,4.392553143,1.397630545,5.122064248,3.371055281,2.444728785,True
0.044,0.016,13.03054168,4.392553143,1.597292052,5.22628012,3.473535239,2.546290401,True
0.044,0.018,13.03054168,4.392553143,1.796953558,5.330495992,3.576015196,2.647852017,True
0.044,0.02,13.03054168,4.392553143,1.996615065,5.434711864,3.678495154,2.749413634,True
0.044,0.022,13.03054168,4.392553143,2.196276571,5.538927736,3.780975111,2.85097525,True
0.044,0.024,13.03054168,4.392553143,2.395938078,5.643143608,3.883455069,2.952536866,True
0.044,0.026,13.03054168,4.392553143,2.595599584,5.74735948,3.985935026,3.054098483,True
0.044,0.028,13.03054168,4.392553143,2.795261091,5.851575353,4.088414984,3.155660099,True
0.044,0.03,13.03054168,4.392553143,2.994922597,5.955791225,4.190894942,3.257221715,True
0.044,0.032,13.03054168,4.392553143,3.194584104,6.060007097,4.293374899,3.358783332,True
0.044,0.034,13.03054168,4.392553143,3.39424561,6.164222969,4.395854857,3.460344948,True
0.044,0.036,13.03054168,4.392553143,3.593907117,6.268438841,4.498334814,3.561906564,True
0.044,0.038,13.03054168,4.392553143,3.793568623,6.372654713,4.600814772,3.663468181,True
0.044,0.04,13.03054168,4.392553143,3.99323013,6.476870585,4.703294729,3.765029797,True
0.044,0.042,13.03054168,4.392553143,4.192891636,6.581086457,4.805774687,3.866591413,True
0.044,0.044,13.03054168,4.392553143,4.392553143,6.68530233,4.908254644,3.968153029,True
0.044,0.046,13.03054168,4.392553143,4.592214649,6.789518202,5.010734602,4.069714646,True
0.044,0.048,13.03054168,4.392553143,4.791876156,6.893734074,5.113214559,4.171276262,True
0.044,0.05,13.03054168,4.392553143,4.991537662,6.997949946,5.215694517,4.272837878,True
0.044,0.052,13.03054168,4.392553143,5.191199169,7.102165818,5.318174474,4.374399495,True
0.044,0.054,13.03054168,4.392553143,5.390860675,7.20638169,5.420654432,4.475961111,True
0.044,0.056,13.03054168,4.392553143,5.590522182,7.310597562,5.523134389,4.577522727,True
0.044,0.058,13.03054168,4.392553143,5.790183688,7.414813435,5.625614347,4.679084344,True
0.044,0.06,13.03054168,4.392553143,5.989845195,7.519029307,5.728094304,4.78064596,True
0.046,-0.06,13.06912877,4.592214649,5.989845195,1.459758778,0.3413321919,1.538085777,True
0.046,-0.058,13.06912877,4.592214649,5.790183688,1.564173973,0.2729447459,1.482550707,True
0.046,-0.056,13.06912877,4.592214649,5.590522182,1.668589169,0.2415563863,1.429686032,True
0.046,-0.054,13.06912877,4.592214649,5.390860675,1.773004365,0.2307301674,1.379470123,True
0.046,-0.052,13.06912877,4.592214649,5.191199169,1.877419561,0.2210936457,1.331934139,True
0.046,-0.05,13.06912877,4.592214649,4.991537662,1.981834756,0.2123884213,1.28721878,True
0.046,-0.048,13.06912877,4.592214649,4.791876156,2.086249952,0.3101561511,1.245680504,True
0.046,-0.046,13.06912877,4.592214649,4.592214649,2.190665148,0.4127547341,1.20837061,True
0.046,-0.044,13.06912877,4.592214649,4.392553143,2.295080343,0.5153533171,1.178424361,True
0.046,-0.042,13.06912877,4.592214649,4.192891636,2.399495539,0.6179519001,1.154618746,True
0.046,-0.04,13.06912877,4.592214649,3.99323013,2.503910735,0.720550483,1.133836092,True
0.046,-0.038,13.06912877,4.592214649,3.793568623,2.608325931,0.823149066,1.115055222,True
0.046,-0.036,13.06912877,4.592214649,3.593907117,2.712741126,0.925747649,1.0977941,True
0.046,-0.034,13.06912877,4.592214649,3.39424561,2.817156322,1.028346232,1.081759828,True
0.046,-0.032,13.06912877,4.592214649,3.194584104,2.921571518,1.130944815,1.066755475,True
0.046,-0.03,13.06912877,4.592214649,2.994922597,3.025986713,1.233543398,1.052633807,True
0.046,-0.028,13.06912877,4.592214649,2.795261091,3.130401909,1.336141981,1.039289188,True
0.046,-0.026,13.06912877,4.592214649,2.595599584,3.234817105,1.438740564,1.026627023,True
0.046,-0.024,13.06912877,4.592214649,2.395938078,3.339232301,1.541339147,1.014585218,True
0.046,-0.022,13.06912877,4.592214649,2.196276571,3.443647496,1.64393773,1.00309482,True
0.046,-0.02,13.06912877,4.592214649,1.996615065,3.548062692,1.746536313,0.9921088753,True
0.046,-0.018,13.06912877,4.592214649,1.796953558,3.652477888,1.849134896,0.9815829031,True
0.046,-0.016,13.06912877,4.592214649,1.597292052,3.756893083,1.951733479,0.9986472535,True
0.046,-0.014,13.06912877,4.592214649,1.397630545,3.861308279,2.054332062,1.100286703,True
0.046,-0.012,13.06912877,4.592214649,1.197969039,3.965723475,2.156930645,1.201926153,True
0.046,-0.01,13.06912877,4.592214649,0.9983075324,4.070138671,2.259529228,1.303565603,True
0.046,-0.008,13.06912877,4.592214649,0.7986460259,4.174553866,2.362127811,1.405205053,True
0.046,-0.006,13.06912877,4.592214649,0.5989845195,4.278969062,2.464726394,1.506844502,True
0.046,-0.004,13.06912877,4.592214649,0.399323013,4.383384258,2.567324977,1.608483952,True
0.046,-0.002,13.06912877,4.592214649,0.1996615065,4.487799453,2.66992356,1.710123402,True
0.046,0,13.06912877,4.592214649,0,4.592214649,2.772522143,1.811762851,True
0.046,0.002,13.06912877,4.592214649,0.1996615065,4.696629845,2.875120726,1.913402301,True
0.046,0.004,13.06912877,4.592214649,0.399323013,4.801045041,2.977719309,2.015041751,True
0.046,0.006,13.06912877,4.592214649,0.5989845195,4.905460236,3.080317892,2.116681201,True
0.046,0.008,13.06912877,4.592214649,0.7986460259,5.009875432,3.182916475,2.21832065,True
0.046,0.01,13.06912877,4.592214649,0.9983075324,5.114290628,3.285515058,2.3199601,True
0.046,0.012,13.06912877,4.592214649,1.197969039,5.218705823,3.388113641,2.42159955,True
0.046,0.014,13.06912877,4.592214649,1.397630545,5.323121019,3.490712224,2.523239,True
0.046,0.016,13.06912877,4.592214649,1.597292052,5.427536215,3.593310807,2.624878449,True
0.046,0.018,13.06912877,4.592214649,1.796953558,5.531951411,3.69590939,2.726517899,True
0.046,0.02,13.06912877,4.592214649,1.996615065,5.636366606,3.798507972,2.828157349,True
0.046,0.022,13.06912877,4.592214649,2.196276571,5.740781802,3.901106555,2.929796799,True
0.046,0.024,13.06912877,4.592214649,2.395938078,5.845196998,4.003705138,3.031436248,True
0.046,0.026,13.06912877,4.592214649,2.595599584,5.949612194,4.106303721,3.133075698,True
0.046,0.028,13.06912877,4.592214649,2.795261091,6.054027389,4.208902304,3.234715148,True
0.046,0.03,13.06912877,4.592214649,2.994922597,6.158442585,4.311500887,3.336354598,True
0.046,0.032,13.06912877,4.592214649,3.194584104,6.262857781,4.41409947,3.437994047,True
0.046,0.034,13.06912877,4.592214649,3.39424561,6.367272976,4.516698053,3.539633497,True
0.046,0.036,13.06912877,4.592214649,3.593907117,6.471688172,4.619296636,3.641272947,True
0.046,0.038,13.06912877,4.592214649,3.793568623,6.576103368,4.721895219,3.742912397,True
0.046,0.04,13.06912877,4.592214649,3.99323013,6.680518564,4.824493802,3.844551846,True
0.046,0.042,13.06912877,4.592214649,4.192891636,6.784933759,4.927092385,3.946191296,True
0.046,0.044,13.06912877,4.592214649,4.392553143,6.889348955,5.029690968,4.047830746,True
0.046,0.046,13.06912877,4.592214649,4.592214649,6.993764151,5.132289551,4.149470196,True
0.046,0.048,13.06912877,4.592214649,4.791876156,7.098179346,5.234888134,4.251109645,True
0.046,0.05,13.06912877,4.592214649,4.991537662,7.202594542,5.337486717,4.352749095,True
0.046,0.052,13.06912877,4.592214649,5.191199169,7.307009738,5.4400853,4.454388545,True
0.046,0.054,13.06912877,4.592214649,5.390860675,7.411424934,5.542683883,4.556027995,True
0.046,0.056,13.06912877,4.592214649,5.590522182,7.515840129,5.645282466,4.657667444,True
0.046,0.058,13.06912877,4.592214649,5.790183688,7.620255325,5.747881049,4.759306894,True
0.046,0.06,13.06912877,4.592214649,5.989845195,7.724670521,5.850479632,4.860946344,True
0.048,-0.06,13.10779337,4.791876156,5.989845195,1.653440577,0.2701928367,1.531874708,True
0.048,-0.058,13.10779337,4.791876156,5.790183688,1.758055096,0.2493568045,1.479500949,True
0.048,-0.056,13.10779337,4.791876156,5.590522182,1.862669615,0.238776444,1.429684059,True
0.048,-0.054,13.10779337,4.791876156,5.390860675,1.967284134,0.2292896771,1.382460284,True
0.048,-0.052,13.10779337,4.791876156,5.191199169,2.071898654,0.2206732862,1.337972915,True
0.048,-0.05,13.10779337,4.791876156,4.991537662,2.176513173,0.3232689212,1.296580546,True
0.048,-0.048,13.10779337,4.791876156,4.791876156,2.281127692,0.4259859765,1.259292528,True
0.048,-0.046,13.10779337,4.791876156,4.592214649,2.385742212,0.5287030318,1.229129245,True
0.048,-0.044,13.10779337,4.791876156,4.392553143,2.490356731,0.6314200871,1.20508758,True
0.048,-0.042,13.10779337,4.791876156,4.192891636,2.59497125,0.7341371424,1.184074844,True
0.048,-0.04,13.10779337,4.791876156,3.99323013,2.69958577,0.8368541977,1.165063061,True
0.048,-0.038,13.10779337,4.791876156,3.793568623,2.804200289,0.9395712529,1.147564634,True
0.048,-0.036,13.10779337,4.791876156,3.593907117,2.908814808,1.042288308,1.13129136,True
0.048,-0.034,13.10779337,4.791876156,3.39424561,3.013429327,1.145005364,1.116043881,True
0.048,-0.032,13.10779337,4.791876156,3.194584104,3.118043847,1.247722419,1.101683111,True
0.048,-0.03,13.10779337,4.791876156,2.994922597,3.222658366,1.350439474,1.088094227,True
0.048,-0.028,13.10779337,4.791876156,2.795261091,3.327272885,1.453156529,1.075189767,True
0.048,-0.026,13.10779337,4.791876156,2.595599584,3.431887405,1.555873585,1.062903929,True
0.048,-0.024,13.10779337,4.791876156,2.395938078,3.536501924,1.65859064,1.051172005,True
0.048,-0.022,13.10779337,4.791876156,2.196276571,3.641116443,1.761307695,1.039946491,True
0.048,-0.02,13.10779337,4.791876156,1.996615065,3.745730963,1.864024751,1.029182042,True
0.048,-0.018,13.10779337,4.791876156,1.796953558,3.850345482,1.966741806,1.01884667,True
0.048,-0.016,13.10779337,4.791876156,1.597292052,3.954960001,2.069458861,1.075918841,True
0.048,-0.014,13.10779337,4.791876156,1.397630545,4.059574521,2.172175916,1.177636053,True
0.048,-0.012,13.10779337,4.791876156,1.197969039,4.16418904,2.274892972,1.279353264,True
0.048,-0.01,13.10779337,4.791876156,0.9983075324,4.268803559,2.377610027,1.381070476,True
0.048,-0.008,13.10779337,4.791876156,0.7986460259,4.373418078,2.480327082,1.482787687,True
0.048,-0.006,13.10779337,4.791876156,0.5989845195,4.478032598,2.583044138,1.584504899,True
0.048,-0.004,13.10779337,4.791876156,0.399323013,4.582647117,2.685761193,1.686222111,True
0.048,-0.002,13.10779337,4.791876156,0.1996615065,4.687261636,2.788478248,1.787939322,True
0.048,0,13.10779337,4.791876156,0,4.791876156,2.891195303,1.889656534,True
0.048,0.002,13.10779337,4.791876156,0.1996615065,4.896490675,2.993912359,1.991373745,True
0.048,0.004,13.10779337,4.791876156,0.399323013,5.001105194,3.096629414,2.093090957,True
0.048,0.006,13.10779337,4.791876156,0.5989845195,5.105719714,3.199346469,2.194808169,True
0.048,0.008,13.10779337,4.791876156,0.7986460259,5.210334233,3.302063525,2.29652538,True
0.048,0.01,13.10779337,4.791876156,0.9983075324,5.314948752,3.40478058,2.398242592,True
0.048,0.012,13.10779337,4.791876156,1.197969039,5.419563271,3.507497635,2.499959803,True
0.048,0.014,13.10779337,4.791876156,1.397630545,5.524177791,3.610214691,2.601677015,True
0.048,0.016,13.10779337,4.791876156,1.597292052,5.62879231,3.712931746,2.703394227,True
0.048,0.018,13.10779337,4.791876156,1.796953558,5.733406829,3.815648801,2.805111438,True
0.048,0.02,13.10779337,4.791876156,1.996615065,5.838021349,3.918365856,2.90682865,True
0.048,0.022,13.10779337,4.791876156,2.196276571,5.942635868,4.021082912,3.008545861,True
0.048,0.024,13.10779337,4.791876156,2.395938078,6.047250387,4.123799967,3.110263073,True
0.048,0.026,13.10779337,4.791876156,2.595599584,6.151864907,4.226517022,3.211980285,True
0.048,0.028,13.10779337,4.791876156,2.795261091,6.256479426,4.329234078,3.313697496,True
0.048,0.03,13.10779337,4.791876156,2.994922597,6.361093945,4.431951133,3.415414708,True
0.048,0.032,13.10779337,4.791876156,3.194584104,6.465708465,4.534668188,3.517131919,True
0.048,0.034,13.10779337,4.791876156,3.39424561,6.570322984,4.637385243,3.618849131,True
0.048,0.036,13.10779337,4.791876156,3.593907117,6.674937503,4.740102299,3.720566343,True
0.048,0.038,13.10779337,4.791876156,3.793568623,6.779552022,4.842819354,3.822283554,True
0.048,0.04,13.10779337,4.791876156,3.99323013,6.884166542,4.945536409,3.924000766,True
0.048,0.042,13.10779337,4.791876156,4.192891636,6.988781061,5.048253465,4.025717977,True
0.048,0.044,13.10779337,4.791876156,4.392553143,7.09339558,5.15097052,4.127435189,True
0.048,0.046,13.10779337,4.791876156,4.592214649,7.1980101,5.253687575,4.2291524,True
0.048,0.048,13.10779337,4.791876156,4.791876156,7.302624619,5.356404631,4.330869612,True
0.048,0.05,13.10779337,4.791876156,4.991537662,7.407239138,5.459121686,4.432586824,True
0.048,0.052,13.10779337,4.791876156,5.191199169,7.511853658,5.561838741,4.534304035,True
0.048,0.054,13.10779337,4.791876156,5.390860675,7.616468177,5.664555796,4.636021247,True
0.048,0.056,13.10779337,4.791876156,5.590522182,7.721082696,5.767272852,4.737738458,True
0.048,0.058,13.10779337,4.791876156,5.790183688,7.825697215,5.869989907,4.83945567,True
0.048,0.06,13.10779337,4.791876156,5.989845195,7.930311735,5.972706962,4.941172882,True
0.05,-0.06,13.14653508,4.991537662,5.989845195,1.847122375,0.2571975414,1.529296681,True
0.05,-0.058,13.14653508,4.991537662,5.790183688,1.951936218,0.24683389,1.479840299,True
0.05,-0.056,13.14653508,4.991537662,5.590522182,2.056750061,0.2374808471,1.432901255,True
0.05,-0.054,13.14653508,4.991537662,5.390860675,2.161563904,0.2331602794,1.38862144,True
0.05,-0.052,13.14653508,4.991537662,5.191199169,2.266377747,0.3359956542,1.34735919,True
0.05,-0.05,13.14653508,4.991537662,4.991537662,2.37119159,0.438831029,1.310087874,True
0.05,-0.048,13.14653508,4.991537662,4.791876156,2.476005433,0.5416664038,1.279712661,True
0.05,-0.046,13.14653508,4.991537662,4.592214649,2.580819276,0.6445017786,1.255442599,True
0.05,-0.044,13.14653508,4.991537662,4.392553143,2.685633119,0.7473371534,1.234211124,True
0.05,-0.042,13.14653508,4.991537662,4.192891636,2.790446961,0.8501725282,1.214977006,True
0.05,-0.04,13.14653508,4.991537662,3.99323013,2.895260804,0.953007903,1.197253613,True
0.05,-0.038,13.14653508,4.991537662,3.793568623,3.000074647,1.055843278,1.180751012,True
0.05,-0.036,13.14653508,4.991537662,3.593907117,3.10488849,1.158678653,1.165274455,True
0.05,-0.034,13.14653508,4.991537662,3.39424561,3.209702333,1.261514027,1.150679115,True
0.05,-0.032,13.14653508,4.991537662,3.194584104,3.314516176,1.364349402,1.136857683,True
0.05,-0.03,13.14653508,4.991537662,2.994922597,3.419330019,1.467184777,1.123723857,True
0.05,-0.028,13.14653508,4.991537662,2.795261091,3.524143862,1.570020152,1.111203494,True
0.05,-0.026,13.14653508,4.991537662,2.595599584,3.628957705,1.672855527,1.099240323,True
0.05,-0.024,13.14653508,4.991537662,2.395938078,3.733771547,1.775690901,1.087785914,True
0.05,-0.022,13.14653508,4.991537662,2.196276571,3.83858539,1.878526276,1.076794006,True
0.05,-0.02,13.14653508,4.991537662,1.996615065,3.943399233,1.981361651,1.066231256,True
0.05,-0.018,13.14653508,4.991537662,1.796953558,4.048213076,2.084197026,1.056059885,True
0.05,-0.016,13.14653508,4.991537662,1.597292052,4.153026919,2.187032401,1.153119502,True
0.05,-0.014,13.14653508,4.991537662,1.397630545,4.257840762,2.289867775,1.254914404,True
0.05,-0.012,13.14653508,4.991537662,1.197969039,4.362654605,2.39270315,1.356709306,True
0.05,-0.01,13.14653508,4.991537662,0.9983075324,4.467468448,2.495538525,1.458504208,True
0.05,-0.008,13.14653508,4.991537662,0.7986460259,4.572282291,2.5983739,1.56029911,True
0.05,-0.006,13.14653508,4.991537662,0.5989845195,4.677096133,2.701209275,1.662094012,True
0.05,-0.004,13.14653508,4.991537662,0.399323013,4.781909976,2.804044649,1.763888914,True
0.05,-0.002,13.14653508,4.991537662,0.1996615065,4.886723819,2.906880024,1.865683816,True
0.05,0,13.14653508,4.991537662,0,4.991537662,3.009715399,1.967478718,True
0.05,0.002,13.14653508,4.991537662,0.1996615065,5.096351505,3.112550774,2.06927362,True
0.05,0.004,13.14653508,4.991537662,0.399323013,5.201165348,3.215386149,2.171068523,True
0.05,0.006,13.14653508,4.991537662,0.5989845195,5.305979191,3.318221523,2.272863425,True
0.05,0.008,13.14653508,4.991537662,0.7986460259,5.410793034,3.421056898,2.374658327,True
0.05,0.01,13.14653508,4.991537662,0.9983075324,5.515606877,3.523892273,2.476453229,True
0.05,0.012,13.14653508,4.991537662,1.197969039,5.620420719,3.626727648,2.578248131,True
0.05,0.014,13.14653508,4.991537662,1.397630545,5.725234562,3.729563023,2.680043033,True
0.05,0.016,13.14653508,4.991537662,1.597292052,5.830048405,3.832398397,2.781837935,True
0.05,0.018,13.14653508,4.991537662,1.796953558,5.934862248,3.935233772,2.883632837,True
0.05,0.02,13.14653508,4.991537662,1.996615065,6.039676091,4.038069147,2.985427739,True
0.05,0.022,13.14653508,4.991537662,2.196276571,6.144489934,4.140904522,3.087222641,True
0.05,0.024,13.14653508,4.991537662,2.395938078,6.249303777,4.243739896,3.189017543,True
0.05,0.026,13.14653508,4.991537662,2.595599584,6.35411762,4.346575271,3.290812445,True
0.05,0.028,13.14653508,4.991537662,2.795261091,6.458931463,4.449410646,3.392607347,True
0.05,0.03,13.14653508,4.991537662,2.994922597,6.563745305,4.552246021,3.494402249,True
0.05,0.032,13.14653508,4.991537662,3.194584104,6.668559148,4.655081396,3.596197151,True
0.05,0.034,13.14653508,4.991537662,3.39424561,6.773372991,4.75791677,3.697992054,True
0.05,0.036,13.14653508,4.991537662,3.593907117,6.878186834,4.860752145,3.799786956,True
0.05,0.038,13.14653508,4.991537662,3.793568623,6.983000677,4.96358752,3.901581858,True
0.05,0.04,13.14653508,4.991537662,3.99323013,7.08781452,5.066422895,4.00337676,True
0.05,0.042,13.14653508,4.991537662,4.192891636,7.192628363,5.16925827,4.105171662,True
0.05,0.044,13.14653508,4.991537662,4.392553143,7.297442206,5.272093644,4.206966564,True
0.05,0.046,13.14653508,4.991537662,4.592214649,7.402256049,5.374929019,4.308761466,True
0.05,0.048,13.14653508,4.991537662,4.791876156,7.507069891,5.477764394,4.410556368,True
0.05,0.05,13.14653508,4.991537662,4.991537662,7.611883734,5.580599769,4.51235127,True
0.05,0.052,13.14653508,4.991537662,5.191199169,7.716697577,5.683435144,4.614146172,True
0.05,0.054,13.14653508,4.991537662,5.390860675,7.82151142,5.786270518,4.715941074,True
0.05,0.056,13.14653508,4.991537662,5.590522182,7.926325263,5.889105893,4.817735976,True
0.05,0.058,13.14653508,4.991537662,5.790183688,8.031139106,5.991941268,4.919530878,True
0.05,0.06,13.14653508,4.991537662,5.989845195,8.135952949,6.094776643,5.02132578,True
0.052,-0.06,13.18535349,5.191199169,5.989845195,2.040804174,0.2548979129,1.529934338,True
0.052,-0.058,13.18535349,5.191199169,5.790183688,2.145817341,0.2456654198,1.483254229,True
0.052,-0.056,13.18535349,5.191199169,5.590522182,2.250830507,0.2453835944,1.439165209,True
0.052,-0.054,13.18535349,5.191199169,5.390860675,2.355843674,0.3483371362,1.398019135,True
0.052,-0.052,13.18535349,5.191199169,5.191199169,2.46085684,0.4512906781,1.360755784,True
0.052,-0.05,13.18535349,5.191199169,4.991537662,2.565870007,0.5542442199,1.330173532,True
0.052,-0.048,13.18535349,5.191199169,4.791876156,2.670883173,0.6571977617,1.305681754,True
0.052,-0.046,13.18535349,5.191199169,4.592214649,2.77589634,0.7601513035,1.284239332,True
0.052,-0.044,13.18535349,5.191199169,4.392553143,2.880909506,0.8631048454,1.26479159,True
0.052,-0.042,13.18535349,5.191199169,4.192891636,2.985922673,0.9660583872,1.246852064,True
0.052,-0.04,13.18535349,5.191199169,3.99323013,3.090935839,1.069011929,1.230132121,True
0.052,-0.038,13.18535349,5.191199169,3.793568623,3.195949006,1.171965471,1.214435111,True
0.052,-0.036,13.18535349,5.191199169,3.593907117,3.300962172,1.274919013,1.199620332,True
0.052,-0.034,13.18535349,5.191199169,3.39424561,3.405975339,1.377872555,1.185576234,True
0.052,-0.032,13.18535349,5.191199169,3.194584104,3.510988505,1.480826096,1.17221855,True
0.052,-0.03,13.18535349,5.191199169,2.994922597,3.616001672,1.583779638,1.159474897,True
0.052,-0.028,13.18535349,5.191199169,2.795261091,3.721014838,1.68673318,1.147290605,True
0.052,-0.026,13.18535349,5.191199169,2.595599584,3.826028004,1.789686722,1.135615988,True
0.052,-0.024,13.18535349,5.191199169,2.395938078,3.931041171,1.892640264,1.124407497,True
0.052,-0.022,13.18535349,5.191199169,2.196276571,4.036054337,1.995593806,1.113624718,True
0.052,-0.02,13.18535349,5.191199169,1.996615065,4.141067504,2.098547347,1.103239591,True
0.052,-0.018,13.18535349,5.191199169,1.796953558,4.24608067,2.201500889,1.128376913,True
0.052,-0.016,13.18535349,5.191199169,1.597292052,4.351093837,2.304454431,1.230249434,True
0.052,-0.014,13.18535349,5.191199169,1.397630545,4.456107003,2.407407973,1.332121956,True
0.052,-0.012,13.18535349,5.191199169,1.197969039,4.56112017,2.510361515,1.433994477,True
0.052,-0.01,13.18535349,5.191199169,0.9983075324,4.666133336,2.613315056,1.535866998,True
0.052,-0.008,13.18535349,5.191199169,0.7986460259,4.771146503,2.716268598,1.63773952,True
0.052,-0.006,13.18535349,5.191199169,0.5989845195,4.876159669,2.81922214,1.739612041,True
0.052,-0.004,13.18535349,5.191199169,0.399323013,4.981172836,2.922175682,1.841484562,True
0.052,-0.002,13.18535349,5.191199169,0.1996615065,5.086186002,3.025129224,1.943357084,True
0.052,0,13.18535349,5.191199169,0,5.191199169,3.128082766,2.045229605,True
0.052,0.002,13.18535349,5.191199169,0.1996615065,5.296212335,3.231036307,2.147102126,True
0.052,0.004,13.18535349,5.191199169,0.399323013,5.401225502,3.333989849,2.248974648,True
0.052,0.006,13.18535349,5.191199169,0.5989845195,5.506238668,3.436943391,2.350847169,True
0.052,0.008,13.18535349,5.191199169,0.7986460259,5.611251835,3.539896933,2.452719691,True
0.052,0.01,13.18535349,5.191199169,0.9983075324,5.716265001,3.642850475,2.554592212,True
0.052,0.012,13.18535349,5.191199169,1.197969039,5.821278167,3.745804017,2.656464733,True
0.052,0.014,13.18535349,5.191199169,1.397630545,5.926291334,3.848757558,2.758337255,True
0.052,0.016,13.18535349,5.191199169,1.597292052,6.0313045,3.9517111,2.860209776,True
0.052,0.018,13.18535349,5.191199169,1.796953558,6.136317667,4.054664642,2.962082297,True
0.052,0.02,13.18535349,5.191199169,1.996615065,6.241330833,4.157618184,3.063954819,True
0.052,0.022,13.18535349,5.191199169,2.196276571,6.346344,4.260571726,3.16582734,True
0.052,0.024,13.18535349,5.191199169,2.395938078,6.451357166,4.363525268,3.267699861,True
0.052,0.026,13.18535349,5.191199169,2.595599584,6.556370333,4.466478809,3.369572383,True
0.052,0.028,13.18535349,5.191199169,2.795261091,6.661383499,4.569432351,3.471444904,True
0.052,0.03,13.18535349,5.191199169,2.994922597,6.766396666,4.672385893,3.573317426,True
0.052,0.032,13.18535349,5.191199169,3.194584104,6.871409832,4.775339435,3.675189947,True
0.052,0.034,13.18535349,5.191199169,3.39424561,6.976422999,4.878292977,3.777062468,True
0.052,0.036,13.18535349,5.191199169,3.593907117,7.081436165,4.981246519,3.87893499,True
0.052,0.038,13.18535349,5.191199169,3.793568623,7.186449332,5.08420006,3.980807511,True
0.052,0.04,13.18535349,5.191199169,3.99323013,7.291462498,5.187153602,4.082680032,True
0.052,0.042,13.18535349,5.191199169,4.192891636,7.396475665,5.290107144,4.184552554,True
0.052,0.044,13.18535349,5.191199169,4.392553143,7.501488831,5.393060686,4.286425075,True
0.052,0.046,13.18535349,5.191199169,4.592214649,7.606501998,5.496014228,4.388297596,True
0.052,0.048,13.18535349,5.191199169,4.791876156,7.711515164,5.59896777,4.490170118,True
0.052,0.05,13.18535349,5.191199169,4.991537662,7.816528331,5.701921311,4.592042639,True
0.052,0.052,13.18535349,5.191199169,5.191199169,7.921541497,5.804874853,4.693915161,True
0.052,0.054,13.18535349,5.191199169,5.390860675,8.026554663,5.907828395,4.795787682,True
0.052,0.056,13.18535349,5.191199169,5.590522182,8.13156783,6.010781937,4.897660203,True
0.052,0.058,13.18535349,5.191199169,5.790183688,8.236580996,6.113735479,4.999532725,True
0.052,0.06,13.18535349,5.191199169,5.989845195,8.341594163,6.216689021,5.101405246,True
0.054,-0.06,13.2242482,5.390860675,5.989845195,2.234485973,0.2538416827,1.533516481,True
0.054,-0.058,13.2242482,5.390860675,5.790183688,2.339698463,0.2572225938,1.489602403,True
0.054,-0.056,13.2242482,5.390860675,5.590522182,2.444910953,0.3602941506,1.448560643,True
0.054,-0.054,13.2242482,5.390860675,5.390860675,2.550123443,0.4633657073,1.411299555,True
0.054,-0.052,13.2242482,5.390860675,5.191199169,2.655335934,0.566437264,1.380512005,True
0.054,-0.05,13.2242482,5.390860675,4.991537662,2.760548424,0.6695088207,1.355804004,True
0.054,-0.048,13.2242482,5.390860675,4.791876156,2.865760914,0.7725803775,1.334158276,True
0.054,-0.046,13.2242482,5.390860675,4.592214649,2.970973404,0.8756519342,1.314505871,True
0.054,-0.044,13.2242482,5.390860675,4.392553143,3.076185894,0.9787234909,1.296362513,True
0.054,-0.042,13.2242482,5.390860675,4.192891636,3.181398384,1.081795048,1.27943509,True
0.054,-0.04,13.2242482,5.390860675,3.99323013,3.286610874,1.184866604,1.263527596,True
0.054,-0.038,13.2242482,5.390860675,3.793568623,3.391823364,1.287938161,1.24849811,True
0.054,-0.036,13.2242482,5.390860675,3.593907117,3.497035854,1.391009718,1.234242459,True
0.054,-0.034,13.2242482,5.390860675,3.39424561,3.602248344,1.494081275,1.220671311,True
0.054,-0.032,13.2242482,5.390860675,3.194584104,3.707460834,1.597152831,1.207717605,True
0.054,-0.03,13.2242482,5.390860675,2.994922597,3.812673324,1.700224388,1.195320662,True
0.054,-0.028,13.2242482,5.390860675,2.795261091,3.917885814,1.803295945,1.183430604,True
0.054,-0.026,13.2242482,5.390860675,2.595599584,4.023098304,1.906367501,1.17201128,True
0.054,-0.024,13.2242482,5.390860675,2.395938078,4.128310794,2.009439058,1.16101761,True
0.054,-0.022,13.2242482,5.390860675,2.196276571,4.233523284,2.112510615,1.150428367,True
0.054,-0.02,13.2242482,5.390860675,1.996615065,4.338735775,2.215582172,1.140207466,True
0.054,-0.018,13.2242482,5.390860675,1.796953558,4.443948265,2.318653728,1.205358766,True
0.054,-0.016,13.2242482,5.390860675,1.597292052,4.549160755,2.421725285,1.307308836,True
0.054,-0.014,13.2242482,5.390860675,1.397630545,4.654373245,2.524796842,1.409258905,True
0.054,-0.012,13.2242482,5.390860675,1.197969039,4.759585735,2.627868399,1.511208975,True
0.054,-0.01,13.2242482,5.390860675,0.9983075324,4.864798225,2.730939955,1.613159045,True
0.054,-0.008,13.2242482,5.390860675,0.7986460259,4.970010715,2.834011512,1.715109114,True
0.054,-0.006,13.2242482,5.390860675,0.5989845195,5.075223205,2.937083069,1.817059184,True
0.054,-0.004,13.2242482,5.390860675,0.399323013,5.180435695,3.040154625,1.919009254,True
0.054,-0.002,13.2242482,5.390860675,0.1996615065,5.285648185,3.143226182,2.020959323,True
0.054,0,13.2242482,5.390860675,0,5.390860675,3.246297739,2.122909393,True
0.054,0.002,13.2242482,5.390860675,0.1996615065,5.496073165,3.349369296,2.224859463,True
0.054,0.004,13.2242482,5.390860675,0.399323013,5.601285655,3.452440852,2.326809532,True
0.054,0.006,13.2242482,5.390860675,0.5989845195,5.706498145,3.555512409,2.428759602,True
0.054,0.008,13.2242482,5.390860675,0.7986460259,5.811710635,3.658583966,2.530709672,True
0.054,0.01,13.2242482,5.390860675,0.9983075324,5.916923125,3.761655523,2.632659741,True
0.054,0.012,13.2242482,5.390860675,1.197969039,6.022135615,3.864727079,2.734609811,True
0.054,0.014,13.2242482,5.390860675,1.397630545,6.127348106,3.967798636,2.836559881,True
0.054,0.016,13.2242482,5.390860675,1.597292052,6.232560596,4.070870193,2.93850995,True
0.054,0.018,13.2242482,5.390860675,1.796953558,6.337773086,4.173941749,3.04046002,True
0.054,0.02,13.2242482,5.390860675,1.996615065,6.442985576,4.277013306,3.14241009,True
0.054,0.022,13.2242482,5.390860675,2.196276571,6.548198066,4.380084863,3.244360159,True
0.054,0.024,13.2242482,5.390860675,2.395938078,6.653410556,4.48315642,3.346310229,True
0.054,0.026,13.2242482,5.390860675,2.595599584,6.758623046,4.586227976,3.448260299,True
0.054,0.028,13.2242482,5.390860675,2.795261091,6.863835536,4.689299533,3.550210369,True
0.054,0.03,13.2242482,5.390860675,2.994922597,6.969048026,4.79237109,3.652160438,True
0.054,0.032,13.2242482,5.390860675,3.194584104,7.074260516,4.895442647,3.754110508,True
0.054,0.034,13.2242482,5.390860675,3.39424561,7.179473006,4.998514203,3.856060578,True
0.054,0.036,13.2242482,5.390860675,3.593907117,7.284685496,5.10158576,3.958010647,True
0.054,0.038,13.2242482,5.390860675,3.793568623,7.389897986,5.204657317,4.059960717,True
0.054,0.04,13.2242482,5.390860675,3.99323013,7.495110476,5.307728874,4.161910787,True
0.054,0.042,13.2242482,5.390860675,4.192891636,7.600322966,5.41080043,4.263860856,True
0.054,0.044,13.2242482,5.390860675,4.392553143,7.705535456,5.513871987,4.365810926,True
0.054,0.046,13.2242482,5.390860675,4.592214649,7.810747947,5.616943544,4.467760996,True
0.054,0.048,13.2242482,5.390860675,4.791876156,7.915960437,5.7200151,4.569711065,True
0.054,0.05,13.2242482,5.390860675,4.991537662,8.021172927,5.823086657,4.671661135,True
0.054,0.052,13.2242482,5.390860675,5.191199169,8.126385417,5.926158214,4.773611205,True
0.054,0.054,13.2242482,5.390860675,5.390860675,8.231597907,6.029229771,4.875561274,True
0.054,0.056,13.2242482,5.390860675,5.590522182,8.336810397,6.132301327,4.977511344,True
0.054,0.058,13.2242482,5.390860675,5.790183688,8.442022887,6.235372884,5.079461414,True
0.054,0.06,13.2242482,5.390860675,5.989845195,8.547235377,6.338444441,5.181411483,True
0.056,-0.06,13.26321881,5.590522182,5.989845195,2.428167772,0.2686780583,1.539929316,True
0.056,-0.058,13.26321881,5.590522182,5.790183688,2.533579586,0.3718674781,1.498982579,True
0.056,-0.056,13.26321881,5.590522182,5.590522182,2.638991399,0.4750568979,1.461717393,True
0.056,-0.054,13.26321881,5.590522182,5.390860675,2.744403213,0.5782463177,1.430728575,True
0.056,-0.052,13.26321881,5.590522182,5.191199169,2.849815027,0.6814357376,1.405809119,True
0.056,-0.05,13.26321881,5.590522182,4.991537662,2.95522684,0.7846251574,1.383967145,True
0.056,-0.048,13.26321881,5.590522182,4.791876156,3.060638654,0.8878145772,1.364121042,True
0.056,-0.046,13.26321881,5.590522182,4.592214649,3.166050468,0.991003997,1.345780049,True
0.056,-0.044,13.26321881,5.590522182,4.392553143,3.271462281,1.094193417,1.328651109,True
0.056,-0.042,13.26321881,5.590522182,4.192891636,3.376874095,1.197382837,1.312540809,True
0.056,-0.04,13.26321881,5.590522182,3.99323013,3.482285909,1.300572257,1.297311366,True
0.056,-0.038,13.26321881,5.590522182,3.793568623,3.587697722,1.403761676,1.282850081,True
0.056,-0.036,13.26321881,5.590522182,3.593907117,3.693109536,1.506951096,1.269074347,True
0.056,-0.034,13.26321881,5.590522182,3.39424561,3.79852135,1.610140516,1.255912917,True
0.056,-0.032,13.26321881,5.590522182,3.194584104,3.903933163,1.713329936,1.243312893,True
0.056,-0.03,13.26321881,5.590522182,2.994922597,4.009344977,1.816519356,1.231223331,True
0.056,-0.028,13.26321881,5.590522182,2.795261091,4.114756791,1.919708775,1.219595488,True
0.056,-0.026,13.26321881,5.590522182,2.595599584,4.220168604,2.022898195,1.208406835,True
0.056,-0.024,13.26321881,5.590522182,2.395938078,4.325580418,2.126087615,1.197614621,True
0.056,-0.022,13.26321881,5.590522182,2.196276571,4.430992231,2.229277035,1.187193832,True
0.056,-0.02,13.26321881,5.590522182,1.996615065,4.536404045,2.332466455,1.180242808,True
0.056,-0.018,13.26321881,5.590522182,1.796953558,4.641815859,2.435655875,1.282270355,True
0.056,-0.016,13.26321881,5.590522182,1.597292052,4.747227672,2.538845294,1.384297902,True
0.056,-0.014,13.26321881,5.590522182,1.397630545,4.852639486,2.642034714,1.48632545,True
0.056,-0.012,13.26321881,5.590522182,1.197969039,4.9580513,2.745224134,1.588352997,True
0.056,-0.01,13.26321881,5.590522182,0.9983075324,5.063463113,2.848413554,1.690380544,True
0.056,-0.008,13.26321881,5.590522182,0.7986460259,5.168874927,2.951602974,1.792408091,True
0.056,-0.006,13.26321881,5.590522182,0.5989845195,5.274286741,3.054792394,1.894435638,True
0.056,-0.004,13.26321881,5.590522182,0.399323013,5.379698554,3.157981813,1.996463186,True
0.056,-0.002,13.26321881,5.590522182,0.1996615065,5.485110368,3.261171233,2.098490733,True
0.056,0,13.26321881,5.590522182,0,5.590522182,3.364360653,2.20051828,True
0.056,0.002,13.26321881,5.590522182,0.1996615065,5.695933995,3.467550073,2.302545827,True
0.056,0.004,13.26321881,5.590522182,0.399323013,5.801345809,3.570739493,2.404573374,True
0.056,0.006,13.26321881,5.590522182,0.5989845195,5.906757623,3.673928912,2.506600922,True
0.056,0.008,13.26321881,5.590522182,0.7986460259,6.012169436,3.777118332,2.608628469,True
0.056,0.01,13.26321881,5.590522182,0.9983075324,6.11758125,3.880307752,2.710656016,True
0.056,0.012,13.26321881,5.590522182,1.197969039,6.222993063,3.983497172,2.812683563,True
0.056,0.014,13.26321881,5.590522182,1.397630545,6.328404877,4.086686592,2.914711111,True
0.056,0.016,13.26321881,5.590522182,1.597292052,6.433816691,4.189876012,3.016738658,True
0.056,0.018,13.26321881,5.590522182,1.796953558,6.539228504,4.293065431,3.118766205,True
0.056,0.02,13.26321881,5.590522182,1.996615065,6.644640318,4.396254851,3.220793752,True
0.056,0.022,13.26321881,5.590522182,2.196276571,6.750052132,4.499444271,3.322821299,True
0.056,0.024,13.26321881,5.590522182,2.395938078,6.855463945,4.602633691,3.424848847,True
0.056,0.026,13.26321881,5.590522182,2.595599584,6.960875759,4.705823111,3.526876394,True
0.056,0.028,13.26321881,5.590522182,2.795261091,7.066287573,4.809012531,3.628903941,True
0.056,0.03,13.26321881,5.590522182,2.994922597,7.171699386,4.91220195,3.730931488,True
0.056,0.032,13.26321881,5.590522182,3.194584104,7.2771112,5.01539137,3.832959036,True
0.056,0.034,13.26321881,5.590522182,3.39424561,7.382523014,5.11858079,3.934986583,True
0.056,0.036,13.26321881,5.590522182,3.593907117,7.487934827,5.22177021,4.03701413,True
0.056,0.038,13.26321881,5.590522182,3.793568623,7.593346641,5.32495963,4.139041677,True
0.056,0.04,13.26321881,5.590522182,3.99323013,7.698758455,5.428149049,4.241069224,True
0.056,0.042,13.26321881,5.590522182,4.192891636,7.804170268,5.531338469,4.343096772,True
0.056,0.044,13.26321881,5.590522182,4.392553143,7.909582082,5.634527889,4.445124319,True
0.056,0.046,13.26321881,5.590522182,4.592214649,8.014993895,5.737717309,4.547151866,True
0.056,0.048,13.26321881,5.590522182,4.791876156,8.120405709,5.840906729,4.649179413,True
0.056,0.05,13.26321881,5.590522182,4.991537662,8.225817523,5.944096149,4.75120696,True
0.056,0.052,13.26321881,5.590522182,5.191199169,8.331229336,6.047285568,4.853234508,True
0.056,0.054,13.26321881,5.590522182,5.390860675,8.43664115,6.150474988,4.955262055,True
0.056,0.056,13.26321881,5.590522182,5.590522182,8.542052964,6.253664408,5.057289602,True
0.056,0.058,13.26321881,5.590522182,5.790183688,8.647464777,6.356853828,5.159317149,True
0.056,0.06,13.26321881,5.590522182,5.989845195,8.752876591,6.460043248,5.261344697,True
0.058,-0.06,13.30226491,5.790183688,5.989845195,2.621849571,0.3830578972,1.549285653,True
0.058,-0.058,13.30226491,5.790183688,5.790183688,2.727460708,0.4863650286,1.512012715,True
0.058,-0.056,13.30226491,5.790183688,5.590522182,2.833071846,0.5896721601,1.480825198,True
0.058,-0.054,13.30226491,5.790183688,5.390860675,2.938682983,0.6929792915,1.455696937,True
0.058,-0.052,13.30226491,5.790183688,5.191199169,3.04429412,0.796286423,1.433665198,True
0.058,-0.05,13.30226491,5.790183688,4.991537662,3.149905257,0.8995935544,1.413632084,True
0.058,-0.048,13.30226491,5.790183688,4.791876156,3.255516395,1.002900686,1.395101025,True
0.058,-0.046,13.30226491,5.790183688,4.592214649,3.361127532,1.106207817,1.377778372,True
0.058,-0.044,13.30226491,5.790183688,4.392553143,3.466738669,1.209514949,1.361476,True
0.058,-0.042,13.30226491,5.790183688,4.192891636,3.572349806,1.31282208,1.34604994,True
0.058,-0.04,13.30226491,5.790183688,3.99323013,3.677960943,1.416129212,1.331392447,True
0.058,-0.038,13.30226491,5.790183688,3.793568623,3.783572081,1.519436343,1.317423209,True
0.058,-0.036,13.30226491,5.790183688,3.593907117,3.889183218,1.622743475,1.30406749,True
0.058,-0.034,13.30226491,5.790183688,3.39424561,3.994794355,1.726050606,1.291269481,True
0.058,-0.032,13.30226491,5.790183688,3.194584104,4.100405492,1.829357737,1.278977694,True
0.058,-0.03,13.30226491,5.790183688,2.994922597,4.20601663,1.932664869,1.267163006,True
0.058,-0.028,13.30226491,5.790183688,2.795261091,4.311627767,2.035972,1.255774888,True
0.058,-0.026,13.30226491,5.790183688,2.595599584,4.417238904,2.139279132,1.244786995,True
0.058,-0.024,13.30226491,5.790183688,2.395938078,4.522850041,2.242586263,1.234173841,True
0.058,-0.022,13.30226491,5.790183688,2.196276571,4.628461179,2.345893395,1.223910852,True
0.058,-0.02,13.30226491,5.790183688,1.996615065,4.734072316,2.449200526,1.257006922,True
0.058,-0.018,13.30226491,5.790183688,1.796953558,4.839683453,2.552507658,1.359111876,True
0.058,-0.016,13.30226491,5.790183688,1.597292052,4.94529459,2.655814789,1.46121683,True
0.058,-0.014,13.30226491,5.790183688,1.397630545,5.050905727,2.759121921,1.563321784,True
0.058,-0.012,13.30226491,5.790183688,1.197969039,5.156516865,2.862429052,1.665426738,True
0.058,-0.01,13.30226491,5.790183688,0.9983075324,5.262128002,2.965736183,1.767531693,True
0.058,-0.008,13.30226491,5.790183688,0.7986460259,5.367739139,3.069043315,1.869636647,True
0.058,-0.006,13.30226491,5.790183688,0.5989845195,5.473350276,3.172350446,1.971741601,True
0.058,-0.004,13.30226491,5.790183688,0.399323013,5.578961414,3.275657578,2.073846555,True
0.058,-0.002,13.30226491,5.790183688,0.1996615065,5.684572551,3.378964709,2.175951509,True
0.058,0,13.30226491,5.790183688,0,5.790183688,3.482271841,2.278056463,True
0.058,0.002,13.30226491,5.790183688,0.1996615065,5.895794825,3.585578972,2.380161418,True
0.058,0.004,13.30226491,5.790183688,0.399323013,6.001405963,3.688886104,2.482266372,True
0.058,0.006,13.30226491,5.790183688,0.5989845195,6.1070171,3.792193235,2.584371326,True
0.058,0.008,13.30226491,5.790183688,0.7986460259,6.212628237,3.895500367,2.68647628,True
0.058,0.01,13.30226491,5.790183688,0.9983075324,6.318239374,3.998807498,2.788581234,True
0.058,0.012,13.30226491,5.790183688,1.197969039,6.423850511,4.102114629,2.890686188,True
0.058,0.014,13.30226491,5.790183688,1.397630545,6.529461649,4.205421761,2.992791143,True
0.058,0.016,13.30226491,5.790183688,1.597292052,6.635072786,4.308728892,3.094896097,True
0.058,0.018,13.30226491,5.790183688,1.796953558,6.740683923,4.412036024,3.197001051,True
0.058,0.02,13.30226491,5.790183688,1.996615065,6.84629506,4.515343155,3.299106005,True
0.058,0.022,13.30226491,5.790183688,2.196276571,6.951906198,4.618650287,3.401210959,True
0.058,0.024,13.30226491,5.790183688,2.395938078,7.057517335,4.721957418,3.503315913,True
0.058,0.026,13.30226491,5.790183688,2.595599584,7.163128472,4.82526455,3.605420868,True
0.058,0.028,13.30226491,5.790183688,2.795261091,7.268739609,4.928571681,3.707525822,True
0.058,0.03,13.30226491,5.790183688,2.994922597,7.374350747,5.031878812,3.809630776,True
0.058,0.032,13.30226491,5.790183688,3.194584104,7.479961884,5.135185944,3.91173573,True
0.058,0.034,13.30226491,5.790183688,3.39424561,7.585573021,5.238493075,4.013840684,True
0.058,0.036,13.30226491,5.790183688,3.593907117,7.691184158,5.341800207,4.115945638,True
0.058,0.038,13.30226491,5.790183688,3.793568623,7.796795296,5.445107338,4.218050593,True
0.058,0.04,13.30226491,5.790183688,3.99323013,7.902406433,5.54841447,4.320155547,True
0.058,0.042,13.30226491,5.790183688,4.192891636,8.00801757,5.651721601,4.422260501,True
0.058,0.044,13.30226491,5.790183688,4.392553143,8.113628707,5.755028733,4.524365455,True
0.058,0.046,13.30226491,5.790183688,4.592214649,8.219239844,5.858335864,4.626470409,True
0.058,0.048,13.30226491,5.790183688,4.791876156,8.324850982,5.961642996,4.728575363,True
0.058,0.05,13.30226491,5.790183688,4.991537662,8.430462119,6.064950127,4.830680318,True
0.058,0.052,13.30226491,5.790183688,5.191199169,8.536073256,6.168257258,4.932785272,True
0.058,0.054,13.30226491,5.790183688,5.390860675,8.641684393,6.27156439,5.034890226,True
0.058,0.056,13.30226491,5.790183688,5.590522182,8.747295531,6.374871521,5.13699518,True
0.058,0.058,13.30226491,5.790183688,5.790183688,8.852906668,6.478178653,5.239100134,True
0.058,0.06,13.30226491,5.790183688,5.989845195,8.958517805,6.581485784,5.341205088,True
0.06,-0.06,13.34138613,5.989845195,5.989845195,2.81553137,0.4972908756,1.562184129,True
0.06,-0.058,13.34138613,5.989845195,5.790183688,2.921341831,0.6007155675,1.53080097,True
0.06,-0.056,13.34138613,5.989845195,5.590522182,3.027152292,0.7041402594,1.505467357,True
0.06,-0.054,13.34138613,5.989845195,5.390860675,3.132962752,0.8075649514,1.483251765,True
0.06,-0.052,13.34138613,5.989845195,5.191199169,3.238773213,0.9109896433,1.46303791,True
0.06,-0.05,13.34138613,5.989845195,4.991537662,3.344583674,1.014414335,1.444323992,True
0.06,-0.048,13.34138613,5.989845195,4.791876156,3.450394135,1.117839027,1.426817932,True
0.06,-0.046,13.34138613,5.989845195,4.592214649,3.556204596,1.221263719,1.410330744,True
0.06,-0.044,13.34138613,5.989845195,4.392553143,3.662015057,1.324688411,1.39471542,True
0.06,-0.042,13.34138613,5.989845195,4.192891636,3.767825517,1.428113103,1.379872416,True
0.06,-0.04,13.34138613,5.989845195,3.99323013,3.873635978,1.531537795,1.365707822,True
0.06,-0.038,13.34138613,5.989845195,3.793568623,3.979446439,1.634962487,1.352163709,True
0.06,-0.036,13.34138613,5.989845195,3.593907117,4.0852569,1.738387179,1.339176302,True
0.06,-0.034,13.34138613,5.989845195,3.39424561,4.191067361,1.841811871,1.326703206,True
0.06,-0.032,13.34138613,5.989845195,3.194584104,4.296877821,1.945236563,1.314691356,True
0.06,-0.03,13.34138613,5.989845195,2.994922597,4.402688282,2.048661255,1.303120035,True
0.06,-0.028,13.34138613,5.989845195,2.795261091,4.508498743,2.152085947,1.291948426,True
0.06,-0.026,13.34138613,5.989845195,2.595599584,4.614309204,2.255510639,1.281149896,True
0.06,-0.024,13.34138613,5.989845195,2.395938078,4.720119665,2.35893533,1.270699681,True
0.06,-0.022,13.34138613,5.989845195,2.196276571,4.825930126,2.462360022,1.260575476,True
0.06,-0.02,13.34138613,5.989845195,1.996615065,4.931740586,2.565784714,1.333701232,True
0.06,-0.018,13.34138613,5.989845195,1.796953558,5.037551047,2.669209406,1.435883522,True
0.06,-0.016,13.34138613,5.989845195,1.597292052,5.143361508,2.772634098,1.538065813,True
0.06,-0.014,13.34138613,5.989845195,1.397630545,5.249171969,2.87605879,1.640248104,True
0.06,-0.012,13.34138613,5.989845195,1.197969039,5.35498243,2.979483482,1.742430395,True
0.06,-0.01,13.34138613,5.989845195,0.9983075324,5.46079289,3.082908174,1.844612685,True
0.06,-0.008,13.34138613,5.989845195,0.7986460259,5.566603351,3.186332866,1.946794976,True
0.06,-0.006,13.34138613,5.989845195,0.5989845195,5.672413812,3.289757558,2.048977267,True
0.06,-0.004,13.34138613,5.989845195,0.399323013,5.778224273,3.39318225,2.151159558,True
0.06,-0.002,13.34138613,5.989845195,0.1996615065,5.884034734,3.496606942,2.253341848,True
0.06,0,13.34138613,5.989845195,0,5.989845195,3.600031634,2.355524139,True
0.06,0.002,13.34138613,5.989845195,0.1996615065,6.095655655,3.703456326,2.45770643,True
0.06,0.004,13.34138613,5.989845195,0.399323013,6.201466116,3.806881018,2.559888721,True
0.06,0.006,13.34138613,5.989845195,0.5989845195,6.307276577,3.91030571,2.662071011,True
0.06,0.008,13.34138613,5.989845195,0.7986460259,6.413087038,4.013730402,2.764253302,True
0.06,0.01,13.34138613,5.989845195,0.9983075324,6.518897499,4.117155093,2.866435593,True
0.06,0.012,13.34138613,5.989845195,1.197969039,6.624707959,4.220579785,2.968617883,True
0.06,0.014,13.34138613,5.989845195,1.397630545,6.73051842,4.324004477,3.070800174,True
0.06,0.016,13.34138613,5.989845195,1.597292052,6.836328881,4.427429169,3.172982465,True
0.06,0.018,13.34138613,5.989845195,1.796953558,6.942139342,4.530853861,3.275164756,True
0.06,0.02,13.34138613,5.989845195,1.996615065,7.047949803,4.634278553,3.377347046,True
0.06,0.022,13.34138613,5.989845195,2.196276571,7.153760264,4.737703245,3.479529337,True
0.06,0.024,13.34138613,5.989845195,2.395938078,7.259570724,4.841127937,3.581711628,True
0.06,0.026,13.34138613,5.989845195,2.595599584,7.365381185,4.944552629,3.683893919,True
0.06,0.028,13.34138613,5.989845195,2.795261091,7.471191646,5.047977321,3.786076209,True
0.06,0.03,13.34138613,5.989845195,2.994922597,7.577002107,5.151402013,3.8882585,True
0.06,0.032,13.34138613,5.989845195,3.194584104,7.682812568,5.254826705,3.990440791,True
0.06,0.034,13.34138613,5.989845195,3.39424561,7.788623028,5.358251397,4.092623082,True
0.06,0.036,13.34138613,5.989845195,3.593907117,7.894433489,5.461676089,4.194805372,True
0.06,0.038,13.34138613,5.989845195,3.793568623,8.00024395,5.565100781,4.296987663,True
0.06,0.04,13.34138613,5.989845195,3.99323013,8.106054411,5.668525473,4.399169954,True
0.06,0.042,13.34138613,5.989845195,4.192891636,8.211864872,5.771950164,4.501352244,True
0.06,0.044,13.34138613,5.989845195,4.392553143,8.317675333,5.875374856,4.603534535,True
0.06,0.046,13.34138613,5.989845195,4.592214649,8.423485793,5.978799548,4.705716826,True
0.06,0.048,13.34138613,5.989845195,4.791876156,8.529296254,6.08222424,4.807899117,True
0.06,0.05,13.34138613,5.989845195,4.991537662,8.635106715,6.185648932,4.910081407,True
0.06,0.052,13.34138613,5.989845195,5.191199169,8.740917176,6.289073624,5.012263698,True
0.06,0.054,13.34138613,5.989845195,5.390860675,8.846727637,6.392498316,5.114445989,True
0.06,0.056,13.34138613,5.989845195,5.590522182,8.952538098,6.495923008,5.21662828,True
0.06,0.058,13.34138613,5.989845195,5.790183688,9.058348558,6.5993477,5.31881057,True
0.06,0.06,13.34138613,5.989845195,5.989845195,9.164159019,6.702772392,5.420992861,True
0.062,-0.06,13.38058206,6.189506701,5.989845195,3.009213169,0.611377314,1.580656522,True
0.062,-0.058,13.38058206,6.189506701,5.790183688,3.115222953,0.7149194156,1.555120346,True
0.062,-0.056,13.38058206,6.189506701,5.590522182,3.221232738,0.8184615172,1.532726249,True
0.062,-0.054,13.38058206,6.189506701,5.390860675,3.327242522,0.9220036188,1.512337506,True
0.062,-0.052,13.38058206,6.189506701,5.191199169,3.433252307,1.02554572,1.493447569,True
0.062,-0.05,13.38058206,6.189506701,4.991537662,3.539262091,1.129087822,1.475765559,True
0.062,-0.048,13.38058206,6.189506701,4.791876156,3.645271875,1.232629924,1.459098917,True
0.062,-0.046,13.38058206,6.189506701,4.592214649,3.75128166,1.336172025,1.443304587,True
0.062,-0.044,13.38058206,6.189506701,4.392553143,3.857291444,1.439714127,1.428278639,True
0.062,-0.042,13.38058206,6.189506701,4.192891636,3.963301229,1.543256229,1.413935106,True
0.062,-0.04,13.38058206,6.189506701,3.99323013,4.069311013,1.64679833,1.400207053,True
0.062,-0.038,13.38058206,6.189506701,3.793568623,4.175320797,1.750340432,1.38703927,True
0.062,-0.036,13.38058206,6.189506701,3.593907117,4.281330582,1.853882533,1.374378505,True
0.062,-0.034,13.38058206,6.189506701,3.39424561,4.387340366,1.957424635,1.362191548,True
0.062,-0.032,13.38058206,6.189506701,3.194584104,4.493350151,2.060966737,1.350434623,True
0.062,-0.03,13.38058206,6.189506701,2.994922597,4.599359935,2.164508838,1.339080666,True
0.062,-0.028,13.38058206,6.189506701,2.795261091,4.705369719,2.26805094,1.328103484,True
0.062,-0.026,13.38058206,6.189506701,2.595599584,4.811379504,2.371593042,1.317477801,True
0.062,-0.024,13.38058206,6.189506701,2.395938078,4.917389288,2.475135143,1.307179309,True
0.062,-0.022,13.38058206,6.189506701,2.196276571,5.023399073,2.578677245,1.308066374,True
0.062,-0.02,13.38058206,6.189506701,1.996615065,5.129408857,2.682219346,1.410325931,True
0.062,-0.018,13.38058206,6.189506701,1.796953558,5.235418641,2.785761448,1.512585488,True
0.062,-0.016,13.38058206,6.189506701,1.597292052,5.341428426,2.88930355,1.614845046,True
0.062,-0.014,13.38058206,6.189506701,1.397630545,5.44743821,2.992845651,1.717104603,True
0.062,-0.012,13.38058206,6.189506701,1.197969039,5.553447995,3.096387753,1.81936416,True
0.062,-0.01,13.38058206,6.189506701,0.9983075324,5.659457779,3.199929854,1.921623717,True
0.062,-0.008,13.38058206,6.189506701,0.7986460259,5.765467563,3.303471956,2.023883274,True
0.062,-0.006,13.38058206,6.189506701,0.5989845195,5.871477348,3.407014058,2.126142831,True
0.062,-0.004,13.38058206,6.189506701,0.399323013,5.977487132,3.510556159,2.228402388,True
0.062,-0.002,13.38058206,6.189506701,0.1996615065,6.083496917,3.614098261,2.330661945,True
0.062,0,13.38058206,6.189506701,0,6.189506701,3.717640363,2.432921502,True
0.062,0.002,13.38058206,6.189506701,0.1996615065,6.295516485,3.821182464,2.535181059,True
0.062,0.004,13.38058206,6.189506701,0.399323013,6.40152627,3.924724566,2.637440617,True
0.062,0.006,13.38058206,6.189506701,0.5989845195,6.507536054,4.028266667,2.739700174,True
0.062,0.008,13.38058206,6.189506701,0.7986460259,6.613545839,4.131808769,2.841959731,True
0.062,0.01,13.38058206,6.189506701,0.9983075324,6.719555623,4.235350871,2.944219288,True
0.062,0.012,13.38058206,6.189506701,1.197969039,6.825565407,4.338892972,3.046478845,True
0.062,0.014,13.38058206,6.189506701,1.397630545,6.931575192,4.442435074,3.148738402,True
0.062,0.016,13.38058206,6.189506701,1.597292052,7.037584976,4.545977176,3.250997959,True
0.062,0.018,13.38058206,6.189506701,1.796953558,7.143594761,4.649519277,3.353257516,True
0.062,0.02,13.38058206,6.189506701,1.996615065,7.249604545,4.753061379,3.455517073,True
0.062,0.022,13.38058206,6.189506701,2.196276571,7.35561433,4.85660348,3.55777663,True
0.062,0.024,13.38058206,6.189506701,2.395938078,7.461624114,4.960145582,3.660036188,True
0.062,0.026,13.38058206,6.189506701,2.595599584,7.567633898,5.063687684,3.762295745,True
0.062,0.028,13.38058206,6.189506701,2.795261091,7.673643683,5.167229785,3.864555302,True
0.062,0.03,13.38058206,6.189506701,2.994922597,7.779653467,5.270771887,3.966814859,True
0.062,0.032,13.38058206,6.189506701,3.194584104,7.885663252,5.374313988,4.069074416,True
0.062,0.034,13.38058206,6.189506701,3.39424561,7.991673036,5.47785609,4.171333973,True
0.062,0.036,13.38058206,6.189506701,3.593907117,8.09768282,5.581398192,4.27359353,True
0.062,0.038,13.38058206,6.189506701,3.793568623,8.203692605,5.684940293,4.375853087,True
0.062,0.04,13.38058206,6.189506701,3.99323013,8.309702389,5.788482395,4.478112644,True
0.062,0.042,13.38058206,6.189506701,4.192891636,8.415712174,5.892024497,4.580372202,True
0.062,0.044,13.38058206,6.189506701,4.392553143,8.521721958,5.995566598,4.682631759,True
0.062,0.046,13.38058206,6.189506701,4.592214649,8.627731742,6.0991087,4.784891316,True
0.062,0.048,13.38058206,6.189506701,4.791876156,8.733741527,6.202650801,4.887150873,True
0.062,0.05,13.38058206,6.189506701,4.991537662,8.839751311,6.306192903,4.98941043,True
0.062,0.052,13.38058206,6.189506701,5.191199169,8.945761096,6.409735005,5.091669987,True
0.062,0.054,13.38058206,6.189506701,5.390860675,9.05177088,6.513277106,5.193929544,True
0.062,0.056,13.38058206,6.189506701,5.590522182,9.157780664,6.616819208,5.296189101,True
0.062,0.058,13.38058206,6.189506701,5.790183688,9.263790449,6.72036131,5.398448658,True
0.062,0.06,13.38058206,6.189506701,5.989845195,9.369800233,6.823903411,5.500708215,True
0.064,-0.06,13.41985231,6.389168208,5.989845195,3.202894968,0.7253175319,1.60465593,True
0.064,-0.058,13.41985231,6.389168208,5.790183688,3.309104076,0.8289768927,1.582088122,True
0.064,-0.056,13.41985231,6.389168208,5.590522182,3.415313184,0.9326362535,1.561529927,True
0.064,-0.054,13.41985231,6.389168208,5.390860675,3.521522292,1.036295614,1.542470444,True
0.064,-0.052,13.41985231,6.389168208,5.191199169,3.6277314,1.139954975,1.524618204,True
0.064,-0.05,13.41985231,6.389168208,4.991537662,3.733940508,1.243614336,1.507778697,True
0.064,-0.048,13.41985231,6.389168208,4.791876156,3.840149616,1.347273697,1.491811331,True
0.064,-0.046,13.41985231,6.389168208,4.592214649,3.946358724,1.450933058,1.476608936,True
0.064,-0.044,13.41985231,6.389168208,4.392553143,4.052567832,1.554592418,1.462092339,True
0.064,-0.042,13.41985231,6.389168208,4.192891636,4.15877694,1.658251779,1.448189035,True
0.064,-0.04,13.41985231,6.389168208,3.99323013,4.264986048,1.76191114,1.434843159,True
0.064,-0.038,13.41985231,6.389168208,3.793568623,4.371195156,1.865570501,1.422007644,True
0.064,-0.036,13.41985231,6.389168208,3.593907117,4.477404264,1.969229862,1.409643189,True
0.064,-0.034,13.41985231,6.389168208,3.39424561,4.583613372,2.072889223,1.397714589,True
0.064,-0.032,13.41985231,6.389168208,3.194584104,4.68982248,2.176548583,1.386187716,True
0.064,-0.03,13.41985231,6.389168208,2.994922597,4.796031588,2.280207944,1.375036145,True
0.064,-0.028,13.41985231,6.389168208,2.795261091,4.902240696,2.383867305,1.364234379,True
0.064,-0.026,13.41985231,6.389168208,2.595599584,5.008449804,2.487526666,1.353763272,True
0.064,-0.024,13.41985231,6.389168208,2.395938078,5.114658912,2.591186027,1.343606003,True
0.064,-0.022,13.41985231,6.389168208,2.196276571,5.22086802,2.694845387,1.384544459,True
0.064,-0.02,13.41985231,6.389168208,1.996615065,5.327077128,2.798504748,1.486881213,True
0.064,-0.018,13.41985231,6.389168208,1.796953558,5.433286236,2.902164109,1.589217966,True
0.064,-0.016,13.41985231,6.389168208,1.597292052,5.539495344,3.00582347,1.69155472,True
0.064,-0.014,13.41985231,6.389168208,1.397630545,5.645704452,3.109482831,1.793891473,True
0.064,-0.012,13.41985231,6.389168208,1.197969039,5.75191356,3.213142192,1.896228227,True
0.064,-0.01,13.41985231,6.389168208,0.9983075324,5.858122668,3.316801552,1.99856498,True
0.064,-0.008,13.41985231,6.389168208,0.7986460259,5.964331776,3.420460913,2.100901734,True
0.064,-0.006,13.41985231,6.389168208,0.5989845195,6.070540884,3.524120274,2.203238487,True
0.064,-0.004,13.41985231,6.389168208,0.399323013,6.176749992,3.627779635,2.305575241,True
0.064,-0.002,13.41985231,6.389168208,0.1996615065,6.2829591,3.731438996,2.407911994,True
0.064,0,13.41985231,6.389168208,0,6.389168208,3.835098356,2.510248748,True
0.064,0.002,13.41985231,6.389168208,0.1996615065,6.495377316,3.938757717,2.612585501,True
0.064,0.004,13.41985231,6.389168208,0.399323013,6.601586424,4.042417078,2.714922254,True
0.064,0.006,13.41985231,6.389168208,0.5989845195,6.707795532,4.146076439,2.817259008,True
0.064,0.008,13.41985231,6.389168208,0.7986460259,6.81400464,4.2497358,2.919595761,True
0.064,0.01,13.41985231,6.389168208,0.9983075324,6.920213748,4.353395161,3.021932515,True
0.064,0.012,13.41985231,6.389168208,1.197969039,7.026422855,4.457054521,3.124269268,True
0.064,0.014,13.41985231,6.389168208,1.397630545,7.132631963,4.560713882,3.226606022,True
0.064,0.016,13.41985231,6.389168208,1.597292052,7.238841071,4.664373243,3.328942775,True
0.064,0.018,13.41985231,6.389168208,1.796953558,7.345050179,4.768032604,3.431279529,True
0.064,0.02,13.41985231,6.389168208,1.996615065,7.451259287,4.871691965,3.533616282,True
0.064,0.022,13.41985231,6.389168208,2.196276571,7.557468395,4.975351325,3.635953036,True
0.064,0.024,13.41985231,6.389168208,2.395938078,7.663677503,5.079010686,3.738289789,True
0.064,0.026,13.41985231,6.389168208,2.595599584,7.769886611,5.182670047,3.840626543,True
0.064,0.028,13.41985231,6.389168208,2.795261091,7.876095719,5.286329408,3.942963296,True
0.064,0.03,13.41985231,6.389168208,2.994922597,7.982304827,5.389988769,4.04530005,True
0.064,0.032,13.41985231,6.389168208,3.194584104,8.088513935,5.49364813,4.147636803,True
0.064,0.034,13.41985231,6.389168208,3.39424561,8.194723043,5.59730749,4.249973557,True
0.064,0.036,13.41985231,6.389168208,3.593907117,8.300932151,5.700966851,4.35231031,True
0.064,0.038,13.41985231,6.389168208,3.793568623,8.407141259,5.804626212,4.454647064,True
0.064,0.04,13.41985231,6.389168208,3.99323013,8.513350367,5.908285573,4.556983817,True
0.064,0.042,13.41985231,6.389168208,4.192891636,8.619559475,6.011944934,4.65932057,True
0.064,0.044,13.41985231,6.389168208,4.392553143,8.725768583,6.115604294,4.761657324,True
0.064,0.046,13.41985231,6.389168208,4.592214649,8.831977691,6.219263655,4.863994077,True
0.064,0.048,13.41985231,6.389168208,4.791876156,8.938186799,6.322923016,4.966330831,True
0.064,0.05,13.41985231,6.389168208,4.991537662,9.044395907,6.426582377,5.068667584,True
0.064,0.052,13.41985231,6.389168208,5.191199169,9.150605015,6.530241738,5.171004338,True
0.064,0.054,13.41985231,6.389168208,5.390860675,9.256814123,6.633901099,5.273341091,True
0.064,0.056,13.41985231,6.389168208,5.590522182,9.363023231,6.737560459,5.375677845,True
0.064,0.058,13.41985231,6.389168208,5.790183688,9.469232339,6.84121982,5.478014598,True
0.064,0.06,13.41985231,6.389168208,5.989845195,9.575441447,6.944879181,5.580351352,True
0.066,-0.06,13.4591965,6.588829714,5.989845195,3.396576767,0.8391118474,1.631336925,True
0.066,-0.058,13.4591965,6.588829714,5.790183688,3.502985198,0.9428883172,1.6106143,True
0.066,-0.056,13.4591965,6.588829714,5.590522182,3.60939363,1.046664787,1.591391374,True
0.066,-0.054,13.4591965,6.588829714,5.390860675,3.715802061,1.150441257,1.573374355,True
0.066,-0.052,13.4591965,6.588829714,5.191199169,3.822210493,1.254217727,1.556368322,True
0.066,-0.05,13.4591965,6.588829714,4.991537662,3.928618925,1.357994197,1.540233698,True
0.066,-0.048,13.4591965,6.588829714,4.791876156,4.035027356,1.461770667,1.524861176,True
0.066,-0.046,13.4591965,6.588829714,4.592214649,4.141435788,1.565547136,1.51017674,True
0.066,-0.044,13.4591965,6.588829714,4.392553143,4.247844219,1.669323606,1.496103698,True
0.066,-0.042,13.4591965,6.588829714,4.192891636,4.354252651,1.773100076,1.482585501,True
0.066,-0.04,13.4591965,6.588829714,3.99323013,4.460661083,1.876876546,1.469585541,True
0.066,-0.038,13.4591965,6.588829714,3.793568623,4.567069514,1.980653016,1.457048492,True
0.066,-0.036,13.4591965,6.588829714,3.593907117,4.673477946,2.084429486,1.444947882,True
0.066,-0.034,13.4591965,6.588829714,3.39424561,4.779886377,2.188205956,1.433252662,True
0.066,-0.032,13.4591965,6.588829714,3.194584104,4.886294809,2.291982426,1.421932492,True
0.066,-0.03,13.4591965,6.588829714,2.994922597,4.99270324,2.395758895,1.410969025,True
0.066,-0.028,13.4591965,6.588829714,2.795261091,5.099111672,2.499535365,1.400333902,True
0.066,-0.026,13.4591965,6.588829714,2.595599584,5.205520104,2.603311835,1.390003072,True
0.066,-0.024,13.4591965,6.588829714,2.395938078,5.311928535,2.707088305,1.379975865,True
0.066,-0.022,13.4591965,6.588829714,2.196276571,5.418336967,2.810864775,1.460953387,True
0.066,-0.02,13.4591965,6.588829714,1.996615065,5.524745398,2.914641245,1.563367267,True
0.066,-0.018,13.4591965,6.588829714,1.796953558,5.63115383,3.018417715,1.665781148,True
0.066,-0.016,13.4591965,6.588829714,1.597292052,5.737562261,3.122194184,1.768195028,True
0.066,-0.014,13.4591965,6.588829714,1.397630545,5.843970693,3.225970654,1.870608908,True
0.066,-0.012,13.4591965,6.588829714,1.197969039,5.950379125,3.329747124,1.973022788,True
0.066,-0.01,13.4591965,6.588829714,0.9983075324,6.056787556,3.433523594,2.075436668,True
0.066,-0.008,13.4591965,6.588829714,0.7986460259,6.163195988,3.537300064,2.177850548,True
0.066,-0.006,13.4591965,6.588829714,0.5989845195,6.269604419,3.641076534,2.280264428,True
0.066,-0.004,13.4591965,6.588829714,0.399323013,6.376012851,3.744853004,2.382678308,True
0.066,-0.002,13.4591965,6.588829714,0.1996615065,6.482421282,3.848629474,2.485092188,True
0.066,0,13.4591965,6.588829714,0,6.588829714,3.952405943,2.587506068,True
0.066,0.002,13.4591965,6.588829714,0.1996615065,6.695238146,4.056182413,2.689919948,True
0.066,0.004,13.4591965,6.588829714,0.399323013,6.801646577,4.159958883,2.792333828,True
0.066,0.006,13.4591965,6.588829714,0.5989845195,6.908055009,4.263735353,2.894747708,True
0.066,0.008,13.4591965,6.588829714,0.7986460259,7.01446344,4.367511823,2.997161588,True
0.066,0.01,13.4591965,6.588829714,0.9983075324,7.120871872,4.471288293,3.099575468,True
0.066,0.012,13.4591965,6.588829714,1.197969039,7.227280303,4.575064763,3.201989348,True
0.066,0.014,13.4591965,6.588829714,1.397630545,7.333688735,4.678841232,3.304403228,True
0.066,0.016,13.4591965,6.588829714,1.597292052,7.440097167,4.782617702,3.406817108,True
0.066,0.018,13.4591965,6.588829714,1.796953558,7.546505598,4.886394172,3.509230988,True
0.066,0.02,13.4591965,6.588829714,1.996615065,7.65291403,4.990170642,3.611644868,True
0.066,0.022,13.4591965,6.588829714,2.196276571,7.759322461,5.093947112,3.714058748,True
0.066,0.024,13.4591965,6.588829714,2.395938078,7.865730893,5.197723582,3.816472628,True
0.066,0.026,13.4591965,6.588829714,2.595599584,7.972139325,5.301500052,3.918886508,True
0.066,0.028,13.4591965,6.588829714,2.795261091,8.078547756,5.405276522,4.021300388,True
0.066,0.03,13.4591965,6.588829714,2.994922597,8.184956188,5.509052991,4.123714268,True
0.066,0.032,13.4591965,6.588829714,3.194584104,8.291364619,5.612829461,4.226128149,True
0.066,0.034,13.4591965,6.588829714,3.39424561,8.397773051,5.716605931,4.328542029,True
0.066,0.036,13.4591965,6.588829714,3.593907117,8.504181482,5.820382401,4.430955909,True
0.066,0.038,13.4591965,6.588829714,3.793568623,8.610589914,5.924158871,4.533369789,True
0.066,0.04,13.4591965,6.588829714,3.99323013,8.716998346,6.027935341,4.635783669,True
0.066,0.042,13.4591965,6.588829714,4.192891636,8.823406777,6.131711811,4.738197549,True
0.066,0.044,13.4591965,6.588829714,4.392553143,8.929815209,6.23548828,4.840611429,True
0.066,0.046,13.4591965,6.588829714,4.592214649,9.03622364,6.33926475,4.943025309,True
0.066,0.048,13.4591965,6.588829714,4.791876156,9.142632072,6.44304122,5.045439189,True
0.066,0.05,13.4591965,6.588829714,4.991537662,9.249040503,6.54681769,5.147853069,True
0.066,0.052,13.4591965,6.588829714,5.191199169,9.355448935,6.65059416,5.250266949,True
0.066,0.054,13.4591965,6.588829714,5.390860675,9.461857367,6.75437063,5.352680829,True
0.066,0.056,13.4591965,6.588829714,5.590522182,9.568265798,6.8581471,5.455094709,True
0.066,0.058,13.4591965,6.588829714,5.790183688,9.67467423,6.96192357,5.557508589,True
0.066,0.06,13.4591965,6.588829714,5.989845195,9.781082661,7.065700039,5.659922469,True
0.068,-0.06,13.49861424,6.788491221,5.989845195,3.590258566,0.9527605776,1.659589825,True
0.068,-0.058,13.49861424,6.788491221,5.790183688,3.696866321,1.056654007,1.640209183,True
0.068,-0.056,13.49861424,6.788491221,5.590522182,3.803474076,1.160547436,1.622032571,True
0.068,-0.054,13.49861424,6.788491221,5.390860675,3.910081831,1.264440865,1.604866093,True
0.068,-0.052,13.49861424,6.788491221,5.191199169,4.016689586,1.368334294,1.588569792,True
0.068,-0.05,13.49861424,6.788491221,4.991537662,4.123297341,1.472227723,1.573034235,True
0.068,-0.048,13.49861424,6.788491221,4.791876156,4.229905097,1.576121152,1.558186101,True
0.068,-0.046,13.49861424,6.788491221,4.592214649,4.336512852,1.680014581,1.543948714,True
0.068,-0.044,13.49861424,6.788491221,4.392553143,4.443120607,1.78390801,1.530269889,True
0.068,-0.042,13.49861424,6.788491221,4.192891636,4.549728362,1.887801439,1.517103623,True
0.068,-0.04,13.49861424,6.788491221,3.99323013,4.656336117,1.991694868,1.504405855,True
0.068,-0.038,13.49861424,6.788491221,3.793568623,4.762943872,2.095588298,1.492141653,True
0.068,-0.036,13.49861424,6.788491221,3.593907117,4.869551628,2.199481727,1.480282913,True
0.068,-0.034,13.49861424,6.788491221,3.39424561,4.976159383,2.303375156,1.468802402,True
0.068,-0.032,13.49861424,6.788491221,3.194584104,5.082767138,2.407268585,1.457673822,True
0.068,-0.03,13.49861424,6.788491221,2.994922597,5.189374893,2.511162014,1.446871861,True
0.068,-0.028,13.49861424,6.788491221,2.795261091,5.295982648,2.615055443,1.436390387,True
0.068,-0.026,13.49861424,6.788491221,2.595599584,5.402590403,2.718948872,1.426194761,True
0.068,-0.024,13.49861424,6.788491221,2.395938078,5.509198159,2.822842301,1.434802412,True
0.068,-0.022,13.49861424,6.788491221,2.196276571,5.615805914,2.92673573,1.537293349,True
0.068,-0.02,13.49861424,6.788491221,1.996615065,5.722413669,3.030629159,1.639784286,True
0.068,-0.018,13.49861424,6.788491221,1.796953558,5.829021424,3.134522588,1.742275223,True
0.068,-0.016,13.49861424,6.788491221,1.597292052,5.935629179,3.238416018,1.84476616,True
0.068,-0.014,13.49861424,6.788491221,1.397630545,6.042236934,3.342309447,1.947257097,True
0.068,-0.012,13.49861424,6.788491221,1.197969039,6.14884469,3.446202876,2.049748034,True
0.068,-0.01,13.49861424,6.788491221,0.9983075324,6.255452445,3.550096305,2.152238971,True
0.068,-0.008,13.49861424,6.788491221,0.7986460259,6.3620602,3.653989734,2.254729908,True
0.068,-0.006,13.49861424,6.788491221,0.5989845195,6.468667955,3.757883163,2.357220845,True
0.068,-0.004,13.49861424,6.788491221,0.399323013,6.57527571,3.861776592,2.459711782,True
0.068,-0.002,13.49861424,6.788491221,0.1996615065,6.681883465,3.965670021,2.562202719,True
0.068,0,13.49861424,6.788491221,0,6.788491221,4.06956345,2.664693656,True
0.068,0.002,13.49861424,6.788491221,0.1996615065,6.895098976,4.173456879,2.767184593,True
0.068,0.004,13.49861424,6.788491221,0.399323013,7.001706731,4.277350308,2.86967553,True
0.068,0.006,13.49861424,6.788491221,0.5989845195,7.108314486,4.381243738,2.972166467,True
0.068,0.008,13.49861424,6.788491221,0.7986460259,7.214922241,4.485137167,3.074657404,True
0.068,0.01,13.49861424,6.788491221,0.9983075324,7.321529996,4.589030596,3.177148341,True
0.068,0.012,13.49861424,6.788491221,1.197969039,7.428137751,4.692924025,3.279639278,True
0.068,0.014,13.49861424,6.788491221,1.397630545,7.534745507,4.796817454,3.382130215,True
0.068,0.016,13.49861424,6.788491221,1.597292052,7.641353262,4.900710883,3.484621152,True
0.068,0.018,13.49861424,6.788491221,1.796953558,7.747961017,5.004604312,3.587112089,True
0.068,0.02,13.49861424,6.788491221,1.996615065,7.854568772,5.108497741,3.689603026,True
0.068,0.022,13.49861424,6.788491221,2.196276571,7.961176527,5.21239117,3.792093963,True
0.068,0.024,13.49861424,6.788491221,2.395938078,8.067784282,5.316284599,3.8945849,True
0.068,0.026,13.49861424,6.788491221,2.595599584,8.174392038,5.420178028,3.997075837,True
0.068,0.028,13.49861424,6.788491221,2.795261091,8.280999793,5.524071458,4.099566774,True
0.068,0.03,13.49861424,6.788491221,2.994922597,8.387607548,5.627964887,4.202057711,True
0.068,0.032,13.49861424,6.788491221,3.194584104,8.494215303,5.731858316,4.304548648,True
0.068,0.034,13.49861424,6.788491221,3.39424561,8.600823058,5.835751745,4.407039585,True
0.068,0.036,13.49861424,6.788491221,3.593907117,8.707430813,5.939645174,4.509530522,True
0.068,0.038,13.49861424,6.788491221,3.793568623,8.814038569,6.043538603,4.612021459,True
0.068,0.04,13.49861424,6.788491221,3.99323013,8.920646324,6.147432032,4.714512396,True
0.068,0.042,13.49861424,6.788491221,4.192891636,9.027254079,6.251325461,4.817003333,True
0.068,0.044,13.49861424,6.788491221,4.392553143,9.133861834,6.35521889,4.91949427,True
0.068,0.046,13.49861424,6.788491221,4.592214649,9.240469589,6.459112319,5.021985207,True
0.068,0.048,13.49861424,6.788491221,4.791876156,9.347077344,6.563005748,5.124476144,True
0.068,0.05,13.49861424,6.788491221,4.991537662,9.4536851,6.666899177,5.226967081,True
0.068,0.052,13.49861424,6.788491221,5.191199169,9.560292855,6.770792607,5.329458018,True
0.068,0.054,13.49861424,6.788491221,5.390860675,9.66690061,6.874686036,5.431948955,True
0.068,0.056,13.49861424,6.788491221,5.590522182,9.773508365,6.978579465,5.534439892,True
0.068,0.058,13.49861424,6.788491221,5.790183688,9.88011612,7.082472894,5.636930829,True
0.068,0.06,13.49861424,6.788491221,5.989845195,9.986723875,7.186366323,5.739421766,True
0.07,-0.06,13.53810515,6.988152727,5.989845195,3.783940365,1.066264038,1.68892277,True
0.07,-0.058,13.53810515,6.988152727,5.790183688,3.890747443,1.170274277,1.670591473,True
0.07,-0.056,13.53810515,6.988152727,5.590522182,3.997554522,1.274284516,1.653270371,True
0.07,-0.054,13.53810515,6.988152727,5.390860675,4.104361601,1.378294755,1.636817771,True
0.07,-0.052,13.53810515,6.988152727,5.191199169,4.21116868,1.482304994,1.621125947,True
0.07,-0.05,13.53810515,6.988152727,4.991537662,4.317975758,1.586315232,1.606118259,True
0.07,-0.048,13.53810515,6.988152727,4.791876156,4.424782837,1.690325471,1.591721799,True
0.07,-0.046,13.53810515,6.988152727,4.592214649,4.531589916,1.79433571,1.577887761,True
0.07,-0.044,13.53810515,6.988152727,4.392553143,4.638396995,1.898345949,1.564559425,True
0.07,-0.042,13.53810515,6.988152727,4.192891636,4.745204073,2.002356188,1.55170516,True
0.07,-0.04,13.53810515,6.988152727,3.99323013,4.852011152,2.106366427,1.539283874,True
0.07,-0.038,13.53810515,6.988152727,3.793568623,4.958818231,2.210376665,1.527267184,True
0.07,-0.036,13.53810515,6.988152727,3.593907117,5.06562531,2.314386904,1.515627587,True
0.07,-0.034,13.53810515,6.988152727,3.39424561,5.172432388,2.418397143,1.504338519,True
0.07,-0.032,13.53810515,6.988152727,3.194584104,5.279239467,2.522407382,1.493387411,True
0.07,-0.03,13.53810515,6.988152727,2.994922597,5.386046546,2.626417621,1.482745896,True
0.07,-0.028,13.53810515,6.988152727,2.795261091,5.492853625,2.730427859,1.472399835,True
0.07,-0.026,13.53810515,6.988152727,2.595599584,5.599660703,2.834438098,1.462329075,True
0.07,-0.024,13.53810515,6.988152727,2.395938078,5.706467782,2.938448337,1.510996609,True
0.07,-0.022,13.53810515,6.988152727,2.196276571,5.813274861,3.042458576,1.613564533,True
0.07,-0.02,13.53810515,6.988152727,1.996615065,5.92008194,3.146468815,1.716132458,True
0.07,-0.018,13.53810515,6.988152727,1.796953558,6.026889018,3.250479053,1.818700382,True
0.07,-0.016,13.53810515,6.988152727,1.597292052,6.133696097,3.354489292,1.921268307,True
0.07,-0.014,13.53810515,6.988152727,1.397630545,6.240503176,3.458499531,2.023836231,True
0.07,-0.012,13.53810515,6.988152727,1.197969039,6.347310255,3.56250977,2.126404156,True
0.07,-0.01,13.53810515,6.988152727,0.9983075324,6.454117333,3.666520009,2.228972081,True
0.07,-0.008,13.53810515,6.988152727,0.7986460259,6.560924412,3.770530247,2.331540005,True
0.07,-0.006,13.53810515,6.988152727,0.5989845195,6.667731491,3.874540486,2.43410793,True
0.07,-0.004,13.53810515,6.988152727,0.399323013,6.77453857,3.978550725,2.536675854,True
0.07,-0.002,13.53810515,6.988152727,0.1996615065,6.881345648,4.082560964,2.639243779,True
0.07,0,13.53810515,6.988152727,0,6.988152727,4.186571203,2.741811703,True
0.07,0.002,13.53810515,6.988152727,0.1996615065,7.094959806,4.290581442,2.844379628,True
0.07,0.004,13.53810515,6.988152727,0.399323013,7.201766885,4.39459168,2.946947552,True
0.07,0.006,13.53810515,6.988152727,0.5989845195,7.308573963,4.498601919,3.049515477,True
0.07,0.008,13.53810515,6.988152727,0.7986460259,7.415381042,4.602612158,3.152083401,True
0.07,0.01,13.53810515,6.988152727,0.9983075324,7.522188121,4.706622397,3.254651326,True
0.07,0.012,13.53810515,6.988152727,1.197969039,7.628995199,4.810632636,3.35721925,True
0.07,0.014,13.53810515,6.988152727,1.397630545,7.735802278,4.914642874,3.459787175,True
0.07,0.016,13.53810515,6.988152727,1.597292052,7.842609357,5.018653113,3.562355099,True
0.07,0.018,13.53810515,6.988152727,1.796953558,7.949416436,5.122663352,3.664923024,True
0.07,0.02,13.53810515,6.988152727,1.996615065,8.056223514,5.226673591,3.767490948,True
0.07,0.022,13.53810515,6.988152727,2.196276571,8.163030593,5.33068383,3.870058873,True
0.07,0.024,13.53810515,6.988152727,2.395938078,8.269837672,5.434694068,3.972626797,True
0.07,0.026,13.53810515,6.988152727,2.595599584,8.376644751,5.538704307,4.075194722,True
0.07,0.028,13.53810515,6.988152727,2.795261091,8.483451829,5.642714546,4.177762646,True
0.07,0.03,13.53810515,6.988152727,2.994922597,8.590258908,5.746724785,4.280330571,True
0.07,0.032,13.53810515,6.988152727,3.194584104,8.697065987,5.850735024,4.382898495,True
0.07,0.034,13.53810515,6.988152727,3.39424561,8.803873066,5.954745262,4.48546642,True
0.07,0.036,13.53810515,6.988152727,3.593907117,8.910680144,6.058755501,4.588034344,True
0.07,0.038,13.53810515,6.988152727,3.793568623,9.017487223,6.16276574,4.690602269,True
0.07,0.04,13.53810515,6.988152727,3.99323013,9.124294302,6.266775979,4.793170193,True
0.07,0.042,13.53810515,6.988152727,4.192891636,9.231101381,6.370786218,4.895738118,True
0.07,0.044,13.53810515,6.988152727,4.392553143,9.337908459,6.474796457,4.998306043,True
0.07,0.046,13.53810515,6.988152727,4.592214649,9.444715538,6.578806695,5.100873967,True
0.07,0.048,13.53810515,6.988152727,4.791876156,9.551522617,6.682816934,5.203441892,True
0.07,0.05,13.53810515,6.988152727,4.991537662,9.658329696,6.786827173,5.306009816,True
0.07,0.052,13.53810515,6.988152727,5.191199169,9.765136774,6.890837412,5.408577741,True
0.07,0.054,13.53810515,6.988152727,5.390860675,9.871943853,6.994847651,5.511145665,True
0.07,0.056,13.53810515,6.988152727,5.590522182,9.978750932,7.098857889,5.61371359,True
0.07,0.058,13.53810515,6.988152727,5.790183688,10.08555801,7.202868128,5.716281514,True
0.07,0.06,13.53810515,6.988152727,5.989845195,10.19236509,7.306878367,5.818849439,True
0.072,-0.06,13.57766884,7.187814233,5.989845195,3.977622163,1.179622545,1.719049754,True
0.072,-0.058,13.57766884,7.187814233,5.790183688,4.084628566,1.283749444,1.701579584,True
0.072,-0.056,13.57766884,7.187814233,5.590522182,4.191634968,1.387876343,1.684975858,True
0.072,-0.054,13.57766884,7.187814233,5.390860675,4.29864137,1.492003243,1.669132145,True
0.072,-0.052,13.57766884,7.187814233,5.191199169,4.405647773,1.596130142,1.653971104,True
0.072,-0.05,13.57766884,7.187814233,4.991537662,4.512654175,1.700257041,1.639421898,True
0.072,-0.048,13.57766884,7.187814233,4.791876156,4.619660577,1.804383941,1.625435273,True
0.072,-0.046,13.57766884,7.187814233,4.592214649,4.72666698,1.90851084,1.611950518,True
0.072,-0.044,13.57766884,7.187814233,4.392553143,4.833673382,2.012637739,1.598943908,True
0.072,-0.042,13.57766884,7.187814233,4.192891636,4.940679784,2.116764639,1.586369818,True
0.072,-0.04,13.57766884,7.187814233,3.99323013,5.047686187,2.220891538,1.574199575,True
0.072,-0.038,13.57766884,7.187814233,3.793568623,5.154692589,2.325018437,1.562405389,True
0.072,-0.036,13.57766884,7.187814233,3.593907117,5.261698991,2.429145337,1.550967916,True
0.072,-0.034,13.57766884,7.187814233,3.39424561,5.368705394,2.533272236,1.539865242,True
0.072,-0.032,13.57766884,7.187814233,3.194584104,5.475711796,2.637399136,1.529067983,True
0.072,-0.03,13.57766884,7.187814233,2.994922597,5.582718198,2.741526035,1.518576277,True
0.072,-0.028,13.57766884,7.187814233,2.795261091,5.689724601,2.845652934,1.508358286,True
0.072,-0.026,13.57766884,7.187814233,2.595599584,5.796731003,2.949779834,1.498402169,True
0.072,-0.024,13.57766884,7.187814233,2.395938078,5.903737405,3.053906733,1.587122286,True
0.072,-0.022,13.57766884,7.187814233,2.196276571,6.010743808,3.158033632,1.689767129,True
0.072,-0.02,13.57766884,7.187814233,1.996615065,6.11775021,3.262160532,1.792411972,True
0.072,-0.018,13.57766884,7.187814233,1.796953558,6.224756612,3.366287431,1.895056815,True
0.072,-0.016,13.57766884,7.187814233,1.597292052,6.331763015,3.47041433,1.997701658,True
0.072,-0.014,13.57766884,7.187814233,1.397630545,6.438769417,3.57454123,2.1003465,True
0.072,-0.012,13.57766884,7.187814233,1.197969039,6.545775819,3.678668129,2.202991343,True
0.072,-0.01,13.57766884,7.187814233,0.9983075324,6.652782222,3.782795028,2.305636186,True
0.072,-0.008,13.57766884,7.187814233,0.7986460259,6.759788624,3.886921928,2.408281029,True
0.072,-0.006,13.57766884,7.187814233,0.5989845195,6.866795026,3.991048827,2.510925872,True
0.072,-0.004,13.57766884,7.187814233,0.399323013,6.973801429,4.095175726,2.613570715,True
0.072,-0.002,13.57766884,7.187814233,0.1996615065,7.080807831,4.199302626,2.716215557,True
0.072,0,13.57766884,7.187814233,0,7.187814233,4.303429525,2.8188604,True
0.072,0.002,13.57766884,7.187814233,0.1996615065,7.294820636,4.407556425,2.921505243,True
0.072,0.004,13.57766884,7.187814233,0.399323013,7.401827038,4.511683324,3.024150086,True
0.072,0.006,13.57766884,7.187814233,0.5989845195,7.50883344,4.615810223,3.126794929,True
0.072,0.008,13.57766884,7.187814233,0.7986460259,7.615839843,4.719937123,3.229439771,True
0.072,0.01,13.57766884,7.187814233,0.9983075324,7.722846245,4.824064022,3.332084614,True
0.072,0.012,13.57766884,7.187814233,1.197969039,7.829852647,4.928190921,3.434729457,True
0.072,0.014,13.57766884,7.187814233,1.397630545,7.93685905,5.032317821,3.5373743,True
0.072,0.016,13.57766884,7.187814233,1.597292052,8.043865452,5.13644472,3.640019143,True
0.072,0.018,13.57766884,7.187814233,1.796953558,8.150871854,5.240571619,3.742663985,True
0.072,0.02,13.57766884,7.187814233,1.996615065,8.257878257,5.344698519,3.845308828,True
0.072,0.022,13.57766884,7.187814233,2.196276571,8.364884659,5.448825418,3.947953671,True
0.072,0.024,13.57766884,7.187814233,2.395938078,8.471891061,5.552952317,4.050598514,True
0.072,0.026,13.57766884,7.187814233,2.595599584,8.578897464,5.657079217,4.153243357,True
0.072,0.028,13.57766884,7.187814233,2.795261091,8.685903866,5.761206116,4.2558882,True
0.072,0.03,13.57766884,7.187814233,2.994922597,8.792910269,5.865333015,4.358533042,True
0.072,0.032,13.57766884,7.187814233,3.194584104,8.899916671,5.969459915,4.461177885,True
0.072,0.034,13.57766884,7.187814233,3.39424561,9.006923073,6.073586814,4.563822728,True
0.072,0.036,13.57766884,7.187814233,3.593907117,9.113929476,6.177713714,4.666467571,True
0.072,0.038,13.57766884,7.187814233,3.793568623,9.220935878,6.281840613,4.769112414,True
0.072,0.04,13.57766884,7.187814233,3.99323013,9.32794228,6.385967512,4.871757256,True
0.072,0.042,13.57766884,7.187814233,4.192891636,9.434948683,6.490094412,4.974402099,True
0.072,0.044,13.57766884,7.187814233,4.392553143,9.541955085,6.594221311,5.077046942,True
0.072,0.046,13.57766884,7.187814233,4.592214649,9.648961487,6.69834821,5.179691785,True
0.072,0.048,13.57766884,7.187814233,4.791876156,9.75596789,6.80247511,5.282336628,True
0.072,0.05,13.57766884,7.187814233,4.991537662,9.862974292,6.906602009,5.38498147,True
0.072,0.052,13.57766884,7.187814233,5.191199169,9.969980694,7.010728908,5.487626313,True
0.072,0.054,13.57766884,7.187814233,5.390860675,10.0769871,7.114855808,5.590271156,True
0.072,0.056,13.57766884,7.187814233,5.590522182,10.1839935,7.218982707,5.692915999,True
0.072,0.058,13.57766884,7.187814233,5.790183688,10.2909999,7.323109606,5.795560842,True
0.072,0.06,13.57766884,7.187814233,5.989845195,10.3980063,7.427236506,5.898205685,True
0.074,-0.06,13.61730494,7.38747574,5.989845195,4.171303962,1.29283641,1.749792224,True
0.074,-0.058,13.61730494,7.38747574,5.790183688,4.278509688,1.397079821,1.733042331,True
0.074,-0.056,13.61730494,7.38747574,5.590522182,4.385715414,1.501323232,1.717050951,True
0.074,-0.054,13.61730494,7.38747574,5.390860675,4.49292114,1.605566643,1.701742576,True
0.074,-0.052,13.61730494,7.38747574,5.191199169,4.600126866,1.709810054,1.687045674,True
0.074,-0.05,13.61730494,7.38747574,4.991537662,4.707332592,1.814053465,1.672910143,True
0.074,-0.048,13.61730494,7.38747574,4.791876156,4.814538318,1.918296876,1.659276694,True
0.074,-0.046,13.61730494,7.38747574,4.592214649,4.921744044,2.022540287,1.646119636,True
0.074,-0.044,13.61730494,7.38747574,4.392553143,5.02894977,2.126783698,1.633396957,True
0.074,-0.042,13.61730494,7.38747574,4.192891636,5.136155496,2.231027109,1.621077499,True
0.074,-0.04,13.61730494,7.38747574,3.99323013,5.243361222,2.33527052,1.6091355,True
0.074,-0.038,13.61730494,7.38747574,3.793568623,5.350566948,2.439513931,1.597554298,True
0.074,-0.036,13.61730494,7.38747574,3.593907117,5.457772673,2.543757342,1.586300344,True
0.074,-0.034,13.61730494,7.38747574,3.39424561,5.564978399,2.648000753,1.575362393,True
0.074,-0.032,13.61730494,7.38747574,3.194584104,5.672184125,2.752244164,1.564717495,True
0.074,-0.03,13.61730494,7.38747574,2.994922597,5.779389851,2.856487575,1.554359012,True
0.074,-0.028,13.61730494,7.38747574,2.795261091,5.886595577,2.960730986,1.544261823,True
0.074,-0.026,13.61730494,7.38747574,2.595599584,5.993801303,3.064974397,1.56045794,True
0.074,-0.024,13.61730494,7.38747574,2.395938078,6.101007029,3.169217809,1.663179632,True
0.074,-0.022,13.61730494,7.38747574,2.196276571,6.208212755,3.27346122,1.765901324,True
0.074,-0.02,13.61730494,7.38747574,1.996615065,6.315418481,3.377704631,1.868623016,True
0.074,-0.018,13.61730494,7.38747574,1.796953558,6.422624207,3.481948042,1.971344708,True
0.074,-0.016,13.61730494,7.38747574,1.597292052,6.529829933,3.586191453,2.0740664,True
0.074,-0.014,13.61730494,7.38747574,1.397630545,6.637035659,3.690434864,2.176788092,True
0.074,-0.012,13.61730494,7.38747574,1.197969039,6.744241384,3.794678275,2.279509784,True
0.074,-0.01,13.61730494,7.38747574,0.9983075324,6.85144711,3.898921686,2.382231476,True
0.074,-0.008,13.61730494,7.38747574,0.7986460259,6.958652836,4.003165097,2.484953168,True
0.074,-0.006,13.61730494,7.38747574,0.5989845195,7.065858562,4.107408508,2.587674861,True
0.074,-0.004,13.61730494,7.38747574,0.399323013,7.173064288,4.211651919,2.690396553,True
0.074,-0.002,13.61730494,7.38747574,0.1996615065,7.280270014,4.31589533,2.793118245,True
0.074,0,13.61730494,7.38747574,0,7.38747574,4.420138741,2.895839937,True
0.074,0.002,13.61730494,7.38747574,0.1996615065,7.494681466,4.524382152,2.998561629,True
0.074,0.004,13.61730494,7.38747574,0.399323013,7.601887192,4.628625563,3.101283321,True
0.074,0.006,13.61730494,7.38747574,0.5989845195,7.709092918,4.732868974,3.204005013,True
0.074,0.008,13.61730494,7.38747574,0.7986460259,7.816298644,4.837112385,3.306726705,True
0.074,0.01,13.61730494,7.38747574,0.9983075324,7.92350437,4.941355796,3.409448397,True
0.074,0.012,13.61730494,7.38747574,1.197969039,8.030710095,5.045599207,3.512170089,True
0.074,0.014,13.61730494,7.38747574,1.397630545,8.137915821,5.149842618,3.614891781,True
0.074,0.016,13.61730494,7.38747574,1.597292052,8.245121547,5.254086029,3.717613473,True
0.074,0.018,13.61730494,7.38747574,1.796953558,8.352327273,5.35832944,3.820335165,True
0.074,0.02,13.61730494,7.38747574,1.996615065,8.459532999,5.462572851,3.923056857,True
0.074,0.022,13.61730494,7.38747574,2.196276571,8.566738725,5.566816262,4.025778549,True
0.074,0.024,13.61730494,7.38747574,2.395938078,8.673944451,5.671059674,4.128500241,True
0.074,0.026,13.61730494,7.38747574,2.595599584,8.781150177,5.775303085,4.231221934,True
0.074,0.028,13.61730494,7.38747574,2.795261091,8.888355903,5.879546496,4.333943626,True
0.074,0.03,13.61730494,7.38747574,2.994922597,8.995561629,5.983789907,4.436665318,True
0.074,0.032,13.61730494,7.38747574,3.194584104,9.102767355,6.088033318,4.53938701,True
0.074,0.034,13.61730494,7.38747574,3.39424561,9.209973081,6.192276729,4.642108702,True
0.074,0.036,13.61730494,7.38747574,3.593907117,9.317178807,6.29652014,4.744830394,True
0.074,0.038,13.61730494,7.38747574,3.793568623,9.424384532,6.400763551,4.847552086,True
0.074,0.04,13.61730494,7.38747574,3.99323013,9.531590258,6.505006962,4.950273778,True
0.074,0.042,13.61730494,7.38747574,4.192891636,9.638795984,6.609250373,5.05299547,True
0.074,0.044,13.61730494,7.38747574,4.392553143,9.74600171,6.713493784,5.155717162,True
0.074,0.046,13.61730494,7.38747574,4.592214649,9.853207436,6.817737195,5.258438854,True
0.074,0.048,13.61730494,7.38747574,4.791876156,9.960413162,6.921980606,5.361160546,True
0.074,0.05,13.61730494,7.38747574,4.991537662,10.06761889,7.026224017,5.463882238,True
0.074,0.052,13.61730494,7.38747574,5.191199169,10.17482461,7.130467428,5.56660393,True
0.074,0.054,13.61730494,7.38747574,5.390860675,10.28203034,7.234710839,5.669325622,True
0.074,0.056,13.61730494,7.38747574,5.590522182,10.38923607,7.33895425,5.772047315,True
0.074,0.058,13.61730494,7.38747574,5.790183688,10.49644179,7.443197661,5.874769007,True
0.074,0.06,13.61730494,7.38747574,5.989845195,10.60364752,7.547441072,5.977490699,True
0.076,-0.06,13.65701308,7.587137246,5.989845195,4.364985761,1.405905946,1.781015536,True
0.076,-0.058,13.65701308,7.587137246,5.790183688,4.472390811,1.51026572,1.764880657,True
0.076,-0.056,13.65701308,7.587137246,5.590522182,4.57979586,1.614625495,1.749430667,True
0.076,-0.054,13.65701308,7.587137246,5.390860675,4.68720091,1.718985269,1.734589453,True
0.076,-0.052,13.65701308,7.587137246,5.191199169,4.794605959,1.823345043,1.720310132,True
0.076,-0.05,13.65701308,7.587137246,4.991537662,4.902011009,1.927704817,1.706533185,True
0.076,-0.048,13.65701308,7.587137246,4.791876156,5.009416058,2.032064591,1.693229913,True
0.076,-0.046,13.65701308,7.587137246,4.592214649,5.116821108,2.136424366,1.680362792,True
0.076,-0.044,13.65701308,7.587137246,4.392553143,5.224226157,2.24078414,1.667898396,True
0.076,-0.042,13.65701308,7.587137246,4.192891636,5.331631207,2.345143914,1.655817312,True
0.076,-0.04,13.65701308,7.587137246,3.99323013,5.439036256,2.449503688,1.644090702,True
0.076,-0.038,13.65701308,7.587137246,3.793568623,5.546441306,2.553863462,1.632690035,True
0.076,-0.036,13.65701308,7.587137246,3.593907117,5.653846355,2.658223237,1.621614146,True
0.076,-0.034,13.65701308,7.587137246,3.39424561,5.761251405,2.762583011,1.61082585,True
0.076,-0.032,13.65701308,7.587137246,3.194584104,5.868656454,2.866942785,1.600324618,True
0.076,-0.03,13.65701308,7.587137246,2.994922597,5.976061504,2.971302559,1.590090153,True
0.076,-0.028,13.65701308,7.587137246,2.795261091,6.083466553,3.075662333,1.580106575,True
0.076,-0.026,13.65701308,7.587137246,2.595599584,6.190871603,3.180022108,1.63637036,True
0.076,-0.024,13.65701308,7.587137246,2.395938078,6.298276652,3.284381882,1.739168832,True
0.076,-0.022,13.65701308,7.587137246,2.196276571,6.405681702,3.388741656,1.841967305,True
0.076,-0.02,13.65701308,7.587137246,1.996615065,6.513086751,3.49310143,1.944765777,True
0.076,-0.018,13.65701308,7.587137246,1.796953558,6.620491801,3.597461204,2.04756425,True
0.076,-0.016,13.65701308,7.587137246,1.597292052,6.72789685,3.701820979,2.150362722,True
0.076,-0.014,13.65701308,7.587137246,1.397630545,6.8353019,3.806180753,2.253161194,True
0.076,-0.012,13.65701308,7.587137246,1.197969039,6.942706949,3.910540527,2.355959667,True
0.076,-0.01,13.65701308,7.587137246,0.9983075324,7.050111999,4.014900301,2.458758139,True
0.076,-0.008,13.65701308,7.587137246,0.7986460259,7.157517048,4.119260075,2.561556612,True
0.076,-0.006,13.65701308,7.587137246,0.5989845195,7.264922098,4.22361985,2.664355084,True
0.076,-0.004,13.65701308,7.587137246,0.399323013,7.372327147,4.327979624,2.767153557,True
0.076,-0.002,13.65701308,7.587137246,0.1996615065,7.479732197,4.432339398,2.869952029,True
0.076,0,13.65701308,7.587137246,0,7.587137246,4.536699172,2.972750502,True
0.076,0.002,13.65701308,7.587137246,0.1996615065,7.694542296,4.641058946,3.075548974,True
0.076,0.004,13.65701308,7.587137246,0.399323013,7.801947345,4.745418721,3.178347447,True
0.076,0.006,13.65701308,7.587137246,0.5989845195,7.909352395,4.849778495,3.281145919,True
0.076,0.008,13.65701308,7.587137246,0.7986460259,8.016757444,4.954138269,3.383944392,True
0.076,0.01,13.65701308,7.587137246,0.9983075324,8.124162494,5.058498043,3.486742864,True
0.076,0.012,13.65701308,7.587137246,1.197969039,8.231567543,5.162857817,3.589541336,True
0.076,0.014,13.65701308,7.587137246,1.397630545,8.338972593,5.267217592,3.692339809,True
0.076,0.016,13.65701308,7.587137246,1.597292052,8.446377643,5.371577366,3.795138281,True
0.076,0.018,13.65701308,7.587137246,1.796953558,8.553782692,5.47593714,3.897936754,True
0.076,0.02,13.65701308,7.587137246,1.996615065,8.661187742,5.580296914,4.000735226,True
0.076,0.022,13.65701308,7.587137246,2.196276571,8.768592791,5.684656688,4.103533699,True
0.076,0.024,13.65701308,7.587137246,2.395938078,8.875997841,5.789016463,4.206332171,True
0.076,0.026,13.65701308,7.587137246,2.595599584,8.98340289,5.893376237,4.309130644,True
0.076,0.028,13.65701308,7.587137246,2.795261091,9.09080794,5.997736011,4.411929116,True
0.076,0.03,13.65701308,7.587137246,2.994922597,9.198212989,6.102095785,4.514727589,True
0.076,0.032,13.65701308,7.587137246,3.194584104,9.305618039,6.206455559,4.617526061,True
0.076,0.034,13.65701308,7.587137246,3.39424561,9.413023088,6.310815334,4.720324534,True
0.076,0.036,13.65701308,7.587137246,3.593907117,9.520428138,6.415175108,4.823123006,True
0.076,0.038,13.65701308,7.587137246,3.793568623,9.627833187,6.519534882,4.925921478,True
0.076,0.04,13.65701308,7.587137246,3.99323013,9.735238237,6.623894656,5.028719951,True
0.076,0.042,13.65701308,7.587137246,4.192891636,9.842643286,6.72825443,5.131518423,True
0.076,0.044,13.65701308,7.587137246,4.392553143,9.950048336,6.832614205,5.234316896,True
0.076,0.046,13.65701308,7.587137246,4.592214649,10.05745339,6.936973979,5.337115368,True
0.076,0.048,13.65701308,7.587137246,4.791876156,10.16485843,7.041333753,5.439913841,True
0.076,0.05,13.65701308,7.587137246,4.991537662,10.27226348,7.145693527,5.542712313,True
0.076,0.052,13.65701308,7.587137246,5.191199169,10.37966853,7.250053301,5.645510786,True
0.076,0.054,13.65701308,7.587137246,5.390860675,10.48707358,7.354413076,5.748309258,True
0.076,0.056,13.65701308,7.587137246,5.590522182,10.59447863,7.45877285,5.851107731,True
0.076,0.058,13.65701308,7.587137246,5.790183688,10.70188368,7.563132624,5.953906203,True
0.076,0.06,13.65701308,7.587137246,5.989845195,10.80928873,7.667492398,6.056704676,True
0.078,-0.06,13.69679286,7.786798753,5.989845195,4.55866756,1.518831466,1.812622806,True
0.078,-0.058,13.69679286,7.786798753,5.790183688,4.666271933,1.623307455,1.797033424,True
0.078,-0.056,13.69679286,7.786798753,5.590522182,4.773876306,1.727783444,1.782051176,True
0.078,-0.054,13.69679286,7.786798753,5.390860675,4.881480679,1.832259433,1.76763305,True
0.078,-0.052,13.69679286,7.786798753,5.191199169,4.989085053,1.936735422,1.753716308,True
0.078,-0.05,13.69679286,7.786798753,4.991537662,5.096689426,2.041211411,1.740272347,True
0.078,-0.048,13.69679286,7.786798753,4.791876156,5.204293799,2.1456874,1.727264859,True
0.078,-0.046,13.69679286,7.786798753,4.592214649,5.311898172,2.25016339,1.71466153,True
0.078,-0.044,13.69679286,7.786798753,4.392553143,5.419502545,2.354639379,1.702442111,True
0.078,-0.042,13.69679286,7.786798753,4.192891636,5.527106918,2.459115368,1.690574509,True
0.078,-0.04,13.69679286,7.786798753,3.99323013,5.634711291,2.563591357,1.679036566,True
0.078,-0.038,13.69679286,7.786798753,3.793568623,5.742315664,2.668067346,1.667820554,True
0.078,-0.036,13.69679286,7.786798753,3.593907117,5.849920037,2.772543335,1.656897678,True
0.078,-0.034,13.69679286,7.786798753,3.39424561,5.95752441,2.877019324,1.646252368,True
0.078,-0.032,13.69679286,7.786798753,3.194584104,6.065128783,2.981495314,1.635883474,True
0.078,-0.03,13.69679286,7.786798753,2.994922597,6.172733157,3.085971303,1.625765791,True
0.078,-0.028,13.69679286,7.786798753,2.795261091,6.28033753,3.190447292,1.615888712,True
0.078,-0.026,13.69679286,7.786798753,2.595599584,6.387941903,3.294923281,1.712214889,True
0.078,-0.024,13.69679286,7.786798753,2.395938078,6.495546276,3.39939927,1.815090073,True
0.078,-0.022,13.69679286,7.786798753,2.196276571,6.603150649,3.503875259,1.917965257,True
0.078,-0.02,13.69679286,7.786798753,1.996615065,6.710755022,3.608351248,2.020840441,True
0.078,-0.018,13.69679286,7.786798753,1.796953558,6.818359395,3.712827238,2.123715625,True
0.078,-0.016,13.69679286,7.786798753,1.597292052,6.925963768,3.817303227,2.226590809,True
0.078,-0.014,13.69679286,7.786798753,1.397630545,7.033568141,3.921779216,2.329465994,True
0.078,-0.012,13.69679286,7.786798753,1.197969039,7.141172514,4.026255205,2.432341178,True
0.078,-0.01,13.69679286,7.786798753,0.9983075324,7.248776887,4.130731194,2.535216362,True
0.078,-0.008,13.69679286,7.786798753,0.7986460259,7.356381261,4.235207183,2.638091546,True
0.078,-0.006,13.69679286,7.786798753,0.5989845195,7.463985634,4.339683172,2.74096673,True
0.078,-0.004,13.69679286,7.786798753,0.399323013,7.571590007,4.444159162,2.843841915,True
0.078,-0.002,13.69679286,7.786798753,0.1996615065,7.67919438,4.548635151,2.946717099,True
0.078,0,13.69679286,7.786798753,0,7.786798753,4.65311114,3.049592283,True
0.078,0.002,13.69679286,7.786798753,0.1996615065,7.894403126,4.757587129,3.152467467,True
0.078,0.004,13.69679286,7.786798753,0.399323013,8.002007499,4.862063118,3.255342651,True
0.078,0.006,13.69679286,7.786798753,0.5989845195,8.109611872,4.966539107,3.358217836,True
0.078,0.008,13.69679286,7.786798753,0.7986460259,8.217216245,5.071015096,3.46109302,True
0.078,0.01,13.69679286,7.786798753,0.9983075324,8.324820618,5.175491086,3.563968204,True
0.078,0.012,13.69679286,7.786798753,1.197969039,8.432424991,5.279967075,3.666843388,True
0.078,0.014,13.69679286,7.786798753,1.397630545,8.540029365,5.384443064,3.769718572,True
0.078,0.016,13.69679286,7.786798753,1.597292052,8.647633738,5.488919053,3.872593757,True
0.078,0.018,13.69679286,7.786798753,1.796953558,8.755238111,5.593395042,3.975468941,True
0.078,0.02,13.69679286,7.786798753,1.996615065,8.862842484,5.697871031,4.078344125,True
0.078,0.022,13.69679286,7.786798753,2.196276571,8.970446857,5.80234702,4.181219309,True
0.078,0.024,13.69679286,7.786798753,2.395938078,9.07805123,5.90682301,4.284094493,True
0.078,0.026,13.69679286,7.786798753,2.595599584,9.185655603,6.011298999,4.386969677,True
0.078,0.028,13.69679286,7.786798753,2.795261091,9.293259976,6.115774988,4.489844862,True
0.078,0.03,13.69679286,7.786798753,2.994922597,9.400864349,6.220250977,4.592720046,True
0.078,0.032,13.69679286,7.786798753,3.194584104,9.508468722,6.324726966,4.69559523,True
0.078,0.034,13.69679286,7.786798753,3.39424561,9.616073096,6.429202955,4.798470414,True
0.078,0.036,13.69679286,7.786798753,3.593907117,9.723677469,6.533678944,4.901345598,True
0.078,0.038,13.69679286,7.786798753,3.793568623,9.831281842,6.638154934,5.004220783,True
0.078,0.04,13.69679286,7.786798753,3.99323013,9.938886215,6.742630923,5.107095967,True
0.078,0.042,13.69679286,7.786798753,4.192891636,10.04649059,6.847106912,5.209971151,True
0.078,0.044,13.69679286,7.786798753,4.392553143,10.15409496,6.951582901,5.312846335,True
0.078,0.046,13.69679286,7.786798753,4.592214649,10.26169933,7.05605889,5.415721519,True
0.078,0.048,13.69679286,7.786798753,4.791876156,10.36930371,7.160534879,5.518596704,True
0.078,0.05,13.69679286,7.786798753,4.991537662,10.47690808,7.265010868,5.621471888,True
0.078,0.052,13.69679286,7.786798753,5.191199169,10.58451245,7.369486858,5.724347072,True
0.078,0.054,13.69679286,7.786798753,5.390860675,10.69211683,7.473962847,5.827222256,True
0.078,0.056,13.69679286,7.786798753,5.590522182,10.7997212,7.578438836,5.93009744,True
0.078,0.058,13.69679286,7.786798753,5.790183688,10.90732557,7.682914825,6.032972625,True
0.078,0.06,13.69679286,7.786798753,5.989845195,11.01492995,7.787390814,6.135847809,True
0.08,-0.06,13.73664394,7.986460259,5.989845195,4.752349359,1.631613278,1.844548952,True
0.08,-0.058,13.73664394,7.986460259,5.790183688,4.860153056,1.736205334,1.829431566,True
0.08,-0.056,13.73664394,7.986460259,5.590522182,4.967956752,1.84079739,1.814876751,True
0.08,-0.054,13.73664394,7.986460259,5.390860675,5.075760449,1.945389446,1.800823823,True
0.08,-0.052,13.73664394,7.986460259,5.191199169,5.183564146,2.049981503,1.787244585,True
0.08,-0.05,13.73664394,7.986460259,4.991537662,5.291367843,2.154573559,1.774100727,True
0.08,-0.048,13.73664394,7.986460259,4.791876156,5.399171539,2.259165615,1.761362645,True
0.08,-0.046,13.73664394,7.986460259,4.592214649,5.506975236,2.363757671,1.749007355,True
0.08,-0.044,13.73664394,7.986460259,4.392553143,5.614778933,2.468349727,1.737003123,True
0.08,-0.042,13.73664394,7.986460259,4.192891636,5.722582629,2.572941784,1.725332533,True
0.08,-0.04,13.73664394,7.986460259,3.99323013,5.830386326,2.67753384,1.713978944,True
0.08,-0.038,13.73664394,7.986460259,3.793568623,5.938190023,2.782125896,1.702924232,True
0.08,-0.036,13.73664394,7.986460259,3.593907117,6.045993719,2.886717952,1.692146823,True
0.08,-0.034,13.73664394,7.986460259,3.39424561,6.153797416,2.991310008,1.681639046,True
0.08,-0.032,13.73664394,7.986460259,3.194584104,6.261601113,3.095902065,1.67139012,True
0.08,-0.03,13.73664394,7.986460259,2.994922597,6.369404809,3.200494121,1.661382064,True
0.08,-0.028,13.73664394,7.986460259,2.795261091,6.477208506,3.305086177,1.685039884,True
0.08,-0.026,13.73664394,7.986460259,2.595599584,6.585012203,3.409678233,1.787991711,True
0.08,-0.024,13.73664394,7.986460259,2.395938078,6.692815899,3.514270289,1.890943539,True
0.08,-0.022,13.73664394,7.986460259,2.196276571,6.800619596,3.618862346,1.993895366,True
0.08,-0.02,13.73664394,7.986460259,1.996615065,6.908423293,3.723454402,2.096847193,True
0.08,-0.018,13.73664394,7.986460259,1.796953558,7.016226989,3.828046458,2.199799021,True
0.08,-0.016,13.73664394,7.986460259,1.597292052,7.124030686,3.932638514,2.302750848,True
0.08,-0.014,13.73664394,7.986460259,1.397630545,7.231834383,4.03723057,2.405702676,True
0.08,-0.012,13.73664394,7.986460259,1.197969039,7.339638079,4.141822627,2.508654503,True
0.08,-0.01,13.73664394,7.986460259,0.9983075324,7.447441776,4.246414683,2.611606331,True
0.08,-0.008,13.73664394,7.986460259,0.7986460259,7.555245473,4.351006739,2.714558158,True
0.08,-0.006,13.73664394,7.986460259,0.5989845195,7.663049169,4.455598795,2.817509985,True
0.08,-0.004,13.73664394,7.986460259,0.399323013,7.770852866,4.560190851,2.920461813,True
0.08,-0.002,13.73664394,7.986460259,0.1996615065,7.878656563,4.664782907,3.02341364,True
0.08,0,13.73664394,7.986460259,0,7.986460259,4.769374964,3.126365468,True
0.08,0.002,13.73664394,7.986460259,0.1996615065,8.094263956,4.87396702,3.229317295,True
0.08,0.004,13.73664394,7.986460259,0.399323013,8.202067653,4.978559076,3.332269123,True
0.08,0.006,13.73664394,7.986460259,0.5989845195,8.309871349,5.083151132,3.43522095,True
0.08,0.008,13.73664394,7.986460259,0.7986460259,8.417675046,5.187743188,3.538172778,True
0.08,0.01,13.73664394,7.986460259,0.9983075324,8.525478743,5.292335245,3.641124605,True
0.08,0.012,13.73664394,7.986460259,1.197969039,8.633282439,5.396927301,3.744076432,True
0.08,0.014,13.73664394,7.986460259,1.397630545,8.741086136,5.501519357,3.84702826,True
0.08,0.016,13.73664394,7.986460259,1.597292052,8.848889833,5.606111413,3.949980087,True
0.08,0.018,13.73664394,7.986460259,1.796953558,8.95669353,5.710703469,4.052931915,True
0.08,0.02,13.73664394,7.986460259,1.996615065,9.064497226,5.815295526,4.155883742,True
0.08,0.022,13.73664394,7.986460259,2.196276571,9.172300923,5.919887582,4.25883557,True
0.08,0.024,13.73664394,7.986460259,2.395938078,9.28010462,6.024479638,4.361787397,True
0.08,0.026,13.73664394,7.986460259,2.595599584,9.387908316,6.129071694,4.464739224,True
0.08,0.028,13.73664394,7.986460259,2.795261091,9.495712013,6.23366375,4.567691052,True
0.08,0.03,13.73664394,7.986460259,2.994922597,9.60351571,6.338255807,4.670642879,True
0.08,0.032,13.73664394,7.986460259,3.194584104,9.711319406,6.442847863,4.773594707,True
0.08,0.034,13.73664394,7.986460259,3.39424561,9.819123103,6.547439919,4.876546534,True
0.08,0.036,13.73664394,7.986460259,3.593907117,9.9269268,6.652031975,4.979498362,True
0.08,0.038,13.73664394,7.986460259,3.793568623,10.0347305,6.756624031,5.082450189,True
0.08,0.04,13.73664394,7.986460259,3.99323013,10.14253419,6.861216088,5.185402017,True
0.08,0.042,13.73664394,7.986460259,4.192891636,10.25033789,6.965808144,5.288353844,True
0.08,0.044,13.73664394,7.986460259,4.392553143,10.35814159,7.0704002,5.391305671,True
0.08,0.046,13.73664394,7.986460259,4.592214649,10.46594528,7.174992256,5.494257499,True
0.08,0.048,13.73664394,7.986460259,4.791876156,10.57374898,7.279584312,5.597209326,True
0.08,0.05,13.73664394,7.986460259,4.991537662,10.68155268,7.384176369,5.700161154,True
0.08,0.052,13.73664394,7.986460259,5.191199169,10.78935637,7.488768425,5.803112981,True
0.08,0.054,13.73664394,7.986460259,5.390860675,10.89716007,7.593360481,5.906064809,True
0.08,0.056,13.73664394,7.986460259,5.590522182,11.00496377,7.697952537,6.009016636,True
0.08,0.058,13.73664394,7.986460259,5.790183688,11.11276746,7.802544593,6.111968463,True
0.08,0.06,13.73664394,7.986460259,5.989845195,11.22057116,7.90713665,6.214920291,True
