{
  "params": {
    "steps": 1500,
    "dt": 0.08,
    "tau": 4.0,
    "eta": 0.01,
    "eta_loss": 0.0002,
    "beta": 2.0,
    "seed": 42,
    "fields": [
      "H",
      "B",
      "S",
      "V",
      "R"
    ]
  },
  "final": {
    "step": 1499,
    "t": 119.92,
    "loss": 0.003326239207539952,
    "lambda_norm": 1.9811531195070184,
    "lambda_star_norm": 1.981152432059427,
    "tracking_error": 9.908585064105395e-07,
    "mean_defect_norm": 0.2916116929252068,
    "target_defect_norm": 0.21511624764298953,
    "stability": 0.8811858023639001,
    "cov_trace": 0.09729192206231205,
    "cov_log_kappa": 0.8935289331152831,
    "lambda_H": 1.244979805410967,
    "lambda_star_H": 1.2449796677590312,
    "mean_d_H": 0.13639944908006396,
    "target_d_H": 0.1,
    "lambda_B": 0.4208942678359088,
    "lambda_star_B": 0.42089405072116304,
    "mean_d_B": 0.11480848769282713,
    "target_d_B": 0.085,
    "lambda_S": 1.0864285576578503,
    "lambda_star_S": 1.0864284175079755,
    "mean_d_S": 0.1600692442634503,
    "target_d_S": 0.12,
    "lambda_V": 0.23914249754015282,
    "lambda_star_V": 0.2391423933664204,
    "mean_d_V": 0.12853450235327826,
    "target_d_V": 0.095,
    "lambda_R": 0.9799616509485851,
    "lambda_star_R": 0.9799607100875127,
    "mean_d_R": 0.10539591852044879,
    "target_d_R": 0.075
  },
  "min_loss": 0.0025020435850025553,
  "max_lambda_R": 2.8754618477835985,
  "mean_tracking_error_last_100": 2.7546253901475796e-05,
  "mean_loss_last_100": 0.0033262003799073452
}