dataset,sample_id,label,cv_count,misclassification_rate,boundary_entropy,true_class_confidence,boundary_hardness,hybrid_hardness,mean_fold_accuracy,same_label_fraction,label_entropy,label_margin,knn_density,local_spread,centroid_distance,pca_reconstruction_error,isolation_anomaly,feature_norm,H,B,S,V,R_resp,R_rob,D_H,D_B,D_S,D_V,D_R_rob,defect_mean,defect_max,defect_std,local_defect_mean,local_defect_max,local_defect_std,defect_tail_rank,hotspot_neighbor_fraction,maat_scalar_cost,maat_robustness_loss,label_disagreement,density_anomaly
wine,0,0,25.0,0.0,0.07682743285071267,0.9845060627801859,0.06712957286646148,0.015802010206561898,0.9802285714285714,1.0,0.0,1.0,0.6700804919612152,0.14551123144557954,0.2044295327129461,0.099491051516697,0.3055117203726493,0.49162037212855547,1.0,1.0,0.9722220495628049,0.6700804919612152,0.8750690522750768,0.8750690522750768,-0.0,-0.0,0.028171054559255632,0.40035743655748235,0.13345247885249417,0.11239619399384644,0.40035743655748235,0.15213462939924144,0.18136869341594358,0.32212393773051295,0.06515954758614799,0.12921348314606743,0.0,0.11239619399384644,0.12493094772492319,0.0,0.3299195080387848
wine,1,0,25.0,0.0,0.16619192871230049,0.9641075794762909,0.1623397922311899,0.038486517394346983,0.9802285714285714,1.0,0.0,1.0,0.5750641680453225,0.203551340773938,0.3056947642442067,0.07456113694069012,0.24396397259663583,0.3470857057987218,1.0,1.0,0.9745023240109589,0.5750641680453225,0.8315826810525984,0.8315826810525984,-0.0,-0.0,0.02582837521339507,0.5532736478106632,0.184424549270221,0.15270531445885588,0.5532736478106632,0.21175300865938865,0.24310522407895732,0.5870735862751787,0.10909389666454676,0.34831460674157305,0.0,0.15270531445885588,0.16841731894740164,0.0,0.42493583195467755
wine,2,0,25.0,0.0,0.1329168993532337,0.9717967712968669,0.12688809730358158,0.030025497369679074,0.9802285714285714,1.0,0.0,1.0,0.6099480522726524,0.18111747034945277,0.19876323948785465,0.06916998376165698,0.19572452362141327,0.3323929534099228,1.0,1.0,0.9986382964279131,0.6099480522726524,0.8480685335841727,0.8480685335841727,-0.0,-0.0,0.0013626315328966814,0.4943814856498832,0.164793828549961,0.1321075891465482,0.4943814856498832,0.19199470851857775,0.16419482740053912,0.27455182412538676,0.05422916707861281,0.2640449438202247,0.0,0.1321075891465482,0.15193146641582733,0.0,0.39005194772734764
wine,3,0,25.0,0.0,0.2346828784048733,0.9463035099221564,0.2353110352495419,0.056205746221419446,0.9802285714285714,1.0,0.0,1.0,0.5857257333906364,0.19654585301459848,0.32427953646508295,0.041308390368584115,0.5907858465872485,0.6921314453691019,1.0,1.0,0.9851141677211035,0.5857257333906364,0.8366903658228317,0.8366903658228317,-0.0,-0.0,0.01499773821082509,0.5349036307227669,0.17830121024092235,0.14564051583490287,0.5349036307227669,0.20595259096303367,0.1770762258704808,0.32212393773051295,0.0657614112816923,0.3146067415730337,0.0,0.14564051583490287,0.16330963417716826,0.0,0.4142742666093636
wine,4,0,25.0,0.0,0.8076081233811414,0.6183963466248718,0.8457138325558505,0.23191499230973273,0.9802285714285714,1.0,0.0,1.0,0.5482217691833947,0.22180311756171397,0.33330069248136956,0.022411290069911858,0.1484713232342967,0.17895455864204626,1.0,1.0,0.935281370410915,0.5482217691833947,0.818437321916979,0.818437321916979,-0.0,-0.0,0.06690786404331292,0.6010753856074761,0.20035846186915873,0.17366834230398956,0.6010753856074761,0.22587975965256882,0.3245108267717099,1.5076611375634303,0.35113966162358656,0.4157303370786517,0.07692307692307693,0.17366834230398956,0.18156267808302096,0.0,0.4517782308166053
wine,5,0,25.0,0.0,0.033210343794552226,0.9942229352437485,0.02065929877103121,0.0047668822597587935,0.9802285714285714,1.0,0.0,1.0,0.9030730194893736,0.0357932488852005,0.14692454029351143,0.023584670056063697,0.23167464496021895,0.4786956802485518,1.0,1.0,0.46545321213929713,0.9030730194893736,0.9665870132043698,0.805192507036501,-0.0,-0.0,0.7647436982955358,0.10195186561250807,0.21667389097701092,0.21667389097701095,0.7647436982955358,0.2854599120227335,0.17450754020984963,0.32212393773051295,0.06314559698740568,0.47752808988764045,0.0,0.21667389097701095,0.19480749296349897,0.0,0.09692698051062643
wine,6,0,25.0,0.0,0.07650629349775329,0.9853922811988126,0.06678742638035289,0.015595639040570004,0.9802285714285714,1.0,0.0,1.0,0.8128951150930318,0.07373835254919969,0.1311188990865725,0.1111518939609415,0.20964533563878945,0.3469682615979477,1.0,1.0,0.6845169880708173,0.8128951150930318,0.9332790233068029,0.863683625905704,-0.0,-0.0,0.37904181634272927,0.20715318748246506,0.14654875095629852,0.14654875095629855,0.37904181634272927,0.14190066666026324,0.18439741272670454,0.27444431735656194,0.0540949988243411,0.3258426966292135,0.0,0.14654875095629855,0.13631637409429598,0.0,0.1871048849069682
wine,7,0,25.0,0.0,0.20268876210515857,0.9555437907040343,0.20122404352080742,0.04778674475000776,0.9802285714285714,1.0,0.0,1.0,0.678321804829617,0.1409077228433974,0.18451102096411173,0.10331231466288403,0.24080833898406329,0.3384511901916281,1.0,1.0,0.9626508263380698,0.678321804829617,0.8786419327907564,0.8786419327907564,-0.0,-0.0,0.03806452240787798,0.3881334652551477,0.12937782175171586,0.11111516188294832,0.3881334652551477,0.14635724749868623,0.1778707395954497,0.27455182412538676,0.05782661187707811,0.08426966292134831,0.0,0.11111516188294832,0.12135806720924358,0.0,0.321678195170383
wine,8,0,25.0,0.0,0.06980189786272835,0.9866129108052389,0.059644466830652915,0.01394134815170743,0.9802285714285714,1.0,0.0,1.0,0.7053344058921341,0.1262498217772799,0.21064838753190765,0.06973976325690234,0.2290771218655236,0.38073957995063323,1.0,1.0,0.9229499974131371,0.7053344058921341,0.8901537443827863,0.8901537443827863,-0.0,-0.0,0.08018021993034825,0.349083254032191,0.11636108467739696,0.10912491172798724,0.349083254032191,0.128286130304782,0.24133119278773704,0.5724504333462912,0.10913633297233431,0.016853932584269662,0.0,0.10912491172798724,0.10984625561721373,0.0,0.29466559410786586
wine,9,0,25.0,0.0,0.28099652239455797,0.9195580885565873,0.2846542577600512,0.07044618673439305,0.9802285714285714,1.0,0.0,1.0,0.936297398020411,0.022990647992776395,0.11118614199034474,0.03783393279700146,0.16571590472792377,0.32120143751420377,1.0,1.0,0.39348690652517787,0.936297398020411,0.9782982398811018,0.7790871216737856,-0.0,-0.0,0.9327074860742743,0.06582212004317256,0.24963240152936175,0.24963240152936175,0.9327074860742743,0.3535563498207053,0.19469976185401267,0.32212393773051295,0.06289378373103953,0.6179775280898876,0.0,0.24963240152936175,0.22091287832621442,0.0,0.06370260197958899
wine,10,0,25.0,0.0,0.09662476695760645,0.9796032415170413,0.0882219374009587,0.020886369027353375,0.9802285714285714,1.0,0.0,1.0,0.705601546075599,0.12610806665175334,0.1880806901958337,0.08647363473516309,0.31897448470436635,0.5069099565101686,1.0,1.0,0.922499282272771,0.705601546075599,0.8902661099112401,0.8902661099112401,-0.0,-0.0,0.08066868109185393,0.34870458314173075,0.11623486104724363,0.10912162505616567,0.34870458314173075,0.12812120828444248,0.17136103616130877,0.3218022498689029,0.0614707038356258,0.011235955056179775,0.0,0.10912162505616567,0.10973389008875989,0.0,0.294398453924401
wine,11,0,25.0,0.0,0.6387543452217388,0.7722394298748507,0.6658145884083744,0.1713442168554342,0.9802285714285714,1.0,0.0,1.0,0.8575964659171078,0.054311882126224995,0.1778487611960543,0.07724769180236883,0.11040317091344626,0.2164664231948572,1.0,1.0,0.5731410089152803,0.8575964659171078,0.9500817901573834,0.8373096888372348,-0.0,-0.0,0.5566235036849109,0.15362160957298526,0.17756127831447402,0.17756127831447405,0.5566235036849109,0.20362578105710497,0.23590765726466276,0.5870735862751787,0.11765605967206944,0.42696629213483145,0.0,0.17756127831447405,0.16269031116276522,0.0,0.1424035340828922
wine,12,0,25.0,0.0,0.28738235967369546,0.9246240218986742,0.29145782065504966,0.0710652535444078,0.9802285714285714,1.0,0.0,1.0,0.9592881104168816,0.014466147231367878,0.10981971534498744,0.08776552220847762,0.10096568024983915,0.2319255587038182,1.0,1.0,0.3477701700873959,0.9592881104168816,0.9862409262824869,0.7599943215635644,-0.0,-0.0,1.0562134481714849,0.041563821254762746,0.274444317356562,0.27444431735656194,1.0562134481714849,0.40398902609312515,0.20290280711705305,0.3318085665931121,0.06265133171997964,0.6629213483146067,0.0,0.27444431735656194,0.2400056784364356,0.0,0.040711889583118444
wine,13,0,25.0,0.0,0.2987253158195324,0.9240562636937163,0.3035427692968719,0.07363411857523744,0.9802285714285714,1.0,0.0,1.0,0.34221658906275265,0.3993272373449209,0.4468312663096181,0.3750291761637235,0.6566126673297655,0.7003329852572789,1.0,1.0,0.2959720388785848,0.34221658906275265,0.6994666611351954,0.5641413528040642,-0.0,-0.0,1.2174902923680346,1.07231144101713,0.5724504333462911,0.5724504333462912,1.2174902923680346,0.5140693424029895,0.21160512667876916,0.659816486655736,0.14486763737969,0.7921348314606742,0.0,0.5724504333462912,0.4358586471959358,0.0,0.6577834109372473
wine,14,0,25.0,0.0,0.11962137372572139,0.9741432067003647,0.11272285304902374,0.026756259996408214,0.9802285714285714,1.0,0.0,1.0,0.43951963289299023,0.30606323200629226,0.42648665846731315,0.14201222643993278,0.5662836130392598,0.8058151807176134,1.0,1.0,0.6280496170491888,0.43951963289299023,0.7603136014736454,0.7248415136626833,-0.0,-0.0,0.4651361075947996,0.8220728918808119,0.3218022498689029,0.3218022498689029,0.8220728918808119,0.30916943124150253,0.21557090433250117,0.659816486655736,0.17415494317079128,0.6966292134831461,0.0,0.3218022498689029,0.27515848633731665,0.0,0.5604803671070098
wine,15,0,25.0,0.0,0.07141699414071027,0.9861155723990893,0.061365213637751645,0.01437109075322501,0.9802285714285714,1.0,0.0,1.0,0.8194209070897538,0.07082204455458559,0.16779644062242008,0.04133713472288975,0.21706566232409974,0.35572270871937434,1.0,1.0,0.6681871356338696,0.8194209070897538,0.9357697749515744,0.8602036631569984,-0.0,-0.0,0.4031870015137852,0.19915739907435187,0.15058610014703422,0.15058610014703427,0.4031870015137852,0.14934438962730884,0.17775595694256335,0.27455182412538676,0.06016054272734262,0.34269662921348315,0.0,0.15058610014703427,0.13979633684300163,0.0,0.1805790929102462
wine,16,0,25.0,0.0,0.1689677506045259,0.9626036610691461,0.16529719280429378,0.03932480565278082,0.9802285714285714,1.0,0.0,1.0,0.8033207961909701,0.07806872976313448,0.19185584587512708,0.0,0.2026426371063422,0.3728450236122415,1.0,1.0,0.7083861162429856,0.8033207961909701,0.9296004743950995,0.8685398766807993,-0.0,-0.0,0.344765972019066,0.21900114768860926,0.14094177992691884,0.1409417799269188,0.344765972019066,0.13218678968437608,0.1792160905503599,0.27455182412538676,0.05571773988856488,0.29213483146067415,0.0,0.1409417799269188,0.13146012331920065,0.0,0.19667920380902992
wine,17,0,25.0,0.0,0.3114271941712141,0.9220288941117452,0.3170755332043729,0.07672447094583387,0.9802285714285714,1.0,0.0,1.0,0.8388898681493228,0.06228694119965056,0.17392970005684427,0.025175807862132672,0.23410653745459167,0.2647533036834069,1.0,1.0,0.6194713260813587,0.8388898681493228,0.9431229570785341,0.8490466239815307,-0.0,-0.0,0.47888886456710666,0.17567584674564884,0.16364117782818885,0.16364117782818888,0.47888886456710666,0.17497588828875002,0.18794459004474273,0.27455182412538676,0.05307608850842494,0.37640449438202245,0.0,0.16364117782818888,0.15095337601846925,0.0,0.16111013185067724
wine,18,0,25.0,0.0,0.14812173717023275,0.9683421762639388,0.14308755022953779,0.03388266090536919,0.9802285714285714,1.0,0.0,1.0,0.6314297444780778,0.16797374802186527,0.3413229968657229,0.12228803094542662,0.4942945518232448,0.6861268977496868,1.0,1.0,0.9985985726890008,0.6314297444780778,0.8579098985110024,0.8579098985110024,-0.0,-0.0,0.0014024102286856986,0.4597685951967208,0.153256198398907,0.1228854407648627,0.4597685951967208,0.17853427260412938,0.1808758600047139,0.3218022498689029,0.0622926562072311,0.21348314606741572,0.0,0.1228854407648627,0.1420901014889976,0.0,0.36857025552192224
wine,19,0,25.0,0.0,0.23718232397445008,0.9456800123604555,0.23797398051292912,0.05684834720652207,0.9802285714285714,1.0,0.0,1.0,0.6577516278516299,0.15251739781144488,0.19000672717016315,0.14425068023136642,0.20372529674275947,0.280355921240353,1.0,1.0,0.9840723944059679,0.6577516278516299,0.8696689751577787,0.8696689751577787,-0.0,-0.0,0.016055813085357005,0.41892788418584664,0.1396426280619489,0.11492526506663052,0.41892788418584664,0.16076028247122076,0.25869801436714546,0.8437598444321924,0.1978158074494908,0.15730337078651685,0.0,0.11492526506663052,0.13033102484222125,0.0,0.3422483721483701
wine,20,0,25.0,0.0,0.30981717488794136,0.9183835335892121,0.31536019550046784,0.07693209988598292,0.9802285714285714,1.0,0.0,1.0,0.7296613232196458,0.11358780693140971,0.22357895739023598,0.12220782089964174,0.23850454331340293,0.42724392963528013,1.0,1.0,0.8779203675653733,0.7296613232196458,0.9002720672197377,0.894631349939037,-0.0,-0.0,0.13019938699403383,0.31517479328853454,0.1113435450706421,0.1113435450706421,0.31517479328853454,0.11549674504720922,0.20935231184560948,0.40087152850982316,0.0827490878404467,0.09550561797752809,0.0,0.1113435450706421,0.10536865006096297,0.0,0.27033867678035417
wine,21,0,25.0,0.0,0.7312007273311036,0.6701009611845553,0.7643082937132291,0.2072571152523428,0.9802285714285714,0.8461538461538461,0.39078665545522084,0.6923076923076923,0.5406284100478174,0.22713256801703835,0.3110272001491446,0.10601417053334597,0.06635618038650755,0.1359265690678583,0.6092133445447792,0.6923076923076923,0.9210279634122219,0.5406284100478174,0.6109267520944095,0.6109267520944095,0.49558675317021605,0.3677247801253174,0.08226488117664801,0.6150230937129869,0.4927782090028402,0.41067554343760176,0.6150230937129869,0.18188293690751234,0.3011581079188756,0.8437598444321924,0.21199796528963022,0.7471910112359551,0.0,0.41067554343760176,0.3890732479055905,0.15384615384615385,0.45937158995218264
wine,22,0,25.0,0.0,0.3342276343559483,0.8933717805353651,0.34136745015272346,0.08611419141079167,0.9802285714285714,1.0,0.0,1.0,0.8673376054659049,0.05024362972822557,0.11534175325682834,0.07031807502101828,0.14951413577367254,0.24535443648823416,1.0,1.0,0.5493770635379811,0.8673376054659049,0.9536654716611891,0.8308347926658958,-0.0,-0.0,0.598970254394153,0.14232698299510954,0.18532430934731556,0.18532430934731564,0.598970254394153,0.21983718393267704,0.21034930166830546,0.28144758253477586,0.05043656071337837,0.4438202247191011,0.0,0.18532430934731564,0.16916520733410423,0.0,0.13266239453409512
wine,23,0,25.0,0.0,0.5963892153476864,0.7358396110639014,0.6206781696345118,0.16766587896825869,0.9802285714285714,0.9230769230769231,0.24684720518702505,0.8461538461538463,0.8460487188961532,0.05920932051017994,0.20847481692682412,0.0757104764621264,0.06176692847159971,0.10128007109292515,0.7531527948129749,0.8461538461538463,0.6016552002739799,0.8460487188961532,0.8139091527882125,0.7546904736001648,0.28348715700839167,0.16705408466316607,0.508070754781243,0.16717833368630264,0.28144758253477586,0.28144758253477586,0.508070754781243,0.12450345830600981,0.29512649857788414,0.7583988386952285,0.17340577595624185,0.6741573033707865,0.0,0.28144758253477586,0.24530952639983516,0.07692307692307687,0.15395128110384682
wine,24,0,25.0,0.08,0.6460113547995063,0.6710662451245759,0.6735463108018107,0.24596921809851927,0.9802285714285714,0.9230769230769231,0.24684720518702505,0.8461538461538463,0.7804183297167625,0.08868427561340317,0.22040686878309682,0.07894021550338048,0.10701672322867967,0.14565559036807152,0.7531527948129749,0.8461538461538463,0.7645302674796821,0.7804183297167625,0.7922944772773642,0.7852603014634751,0.28348715700839167,0.16705408466316607,0.26849366318720597,0.247925182917054,0.24174002194395444,0.24174002194395441,0.28348715700839167,0.04018662974083291,0.26114909352166304,0.7583988386952285,0.16638804973248558,0.5842696629213483,0.0,0.24174002194395441,0.21473969853652486,0.07692307692307687,0.2195816702832375
wine,25,0,25.0,0.12,0.770586634353506,0.5794108733441128,0.8062706056059725,0.31605061458361333,0.9802285714285714,0.6923076923076923,0.5618376711211266,0.3846153846153846,0.22768278464713165,0.5398505592991135,0.6577311246336512,0.009687584457783428,0.44475074551361143,0.5753501255449301,0.4381623288788734,0.3846153846153846,0.06265164333018994,0.22768278464713165,0.3372852072620102,0.2214272606994691,0.8251658233873442,0.9555114450274365,2.7701653676538225,1.4798019141851182,1.5076611375634303,1.5076611375634303,2.7701653676538225,0.6878026176401604,1.456589686125977,8.01179721132592,2.710538161610988,0.9213483146067416,0.15384615384615385,1.5076611375634303,0.7785727393005308,0.3076923076923077,0.7723172153528683
wine,26,0,25.0,0.0,0.09185524652391625,0.9816135442987342,0.08314042172319397,0.01953411644911983,0.9802285714285714,1.0,0.0,1.0,0.8172613675890265,0.07178398952980328,0.12738368991115576,0.1261680214920318,0.10129519004234484,0.18011103776661994,1.0,1.0,0.673594292734968,0.8172613675890265,0.9349469948462535,0.8613701988028759,-0.0,-0.0,0.3951272888705438,0.201796323913188,0.14923090319593296,0.14923090319593296,0.3951272888705438,0.14681136255778487,0.22048405897698842,0.3318085665931121,0.06467789858401551,0.33707865168539325,0.0,0.14923090319593296,0.1386298011971241,0.0,0.18273863241097354
wine,27,0,25.0,0.0,0.6543856373919607,0.735378789327309,0.6824683919366354,0.18042538472203248,0.9802285714285714,0.9230769230769231,0.24684720518702505,0.8461538461538463,0.7497238087870227,0.10350797253498929,0.256836015321203,0.0724021069620755,0.11578997720629089,0.1240449912187718,0.7531527948129749,0.8461538461538463,0.8356237623909271,0.7497238087870227,0.7817680354505261,0.7817680354505261,0.28348715700839167,0.16705408466316607,0.1795768121850043,0.2880503952249228,0.2461972122988268,0.23287313227606235,0.2880503952249228,0.05090478507665619,0.3043594458913271,0.7583988386952285,0.17081721708991848,0.5393258426966292,0.0,0.23287313227606235,0.2182319645494739,0.07692307692307687,0.2502761912129773
wine,28,0,25.0,0.0,0.2105877971559593,0.9488980128132364,0.20963978908850192,0.050535631574707134,0.9802285714285714,1.0,0.0,1.0,0.7446472792845934,0.10602851627246844,0.18654841301601519,0.044678760236162,0.1665644222583433,0.2721660522203496,1.0,1.0,0.8466985947190501,0.7446472792845934,0.9063936807416002,0.8910864946047439,-0.0,-0.0,0.16641049805058927,0.2948446233404195,0.11531378034775218,0.11531378034775219,0.2948446233404195,0.11084830537436327,0.18329898147593657,0.27455182412538676,0.05501610882426282,0.16853932584269662,0.0,0.11531378034775219,0.10891350539525613,0.0,0.2553527207154066
wine,29,0,25.0,0.0,0.27798145678754516,0.9280664657534362,0.2814419634917843,0.06847976843933287,0.9802285714285714,1.0,0.0,1.0,0.9450629278745676,0.01970919327252683,0.12228083235169587,0.040595768876237816,0.09244099914624491,0.2120222911155827,1.0,1.0,0.37564308619064374,0.9450629278745676,0.9813416747160082,0.7718964290992686,-0.0,-0.0,0.9791158252594234,0.05650376336197504,0.25890489715534964,0.2589048971553496,0.9791158252594234,0.372487178695702,0.2068601833844975,0.32212393773051295,0.05518309213914213,0.6292134831460674,0.0,0.2589048971553496,0.2281035709007314,0.0,0.05493707212543242
wine,30,0,25.0,0.0,0.38437330249880114,0.8884240204264583,0.394793366318207,0.09784520345515436,0.9802285714285714,1.0,0.0,1.0,0.673271369772386,0.14372135249097215,0.259831247373021,0.1034068482833478,0.24268391113428212,0.39182999798501267,1.0,1.0,0.9686681237074105,0.673271369772386,0.8764558597775064,0.8764558597775064,-0.0,-0.0,0.03183321934970054,0.39560680658008057,0.13186893552669354,0.11186179229129493,0.39560680658008057,0.1498947714568421,0.16970931232694145,0.27455182412538676,0.0514629675462362,0.11235955056179775,0.0,0.11186179229129493,0.1235441402224936,0.0,0.326728630227614
wine,31,0,25.0,0.0,0.06294220611892012,0.9879661307629868,0.05233605257278062,0.0122327168212463,0.9802285714285714,1.0,0.0,1.0,0.8498542159942817,0.057586332514229656,0.14161154172290044,0.08455024209151427,0.20963970476631638,0.3680712481949914,1.0,1.0,0.5922236781765595,0.8498542159942817,0.9472140785765502,0.8422820590197495,-0.0,-0.0,0.5238708807020068,0.16269045480236166,0.17164033387609215,0.17164033387609212,0.5238708807020068,0.19134642242744443,0.17213048685779525,0.27455182412538676,0.05918876188687363,0.4044943820224719,0.0,0.17164033387609212,0.1577179409802505,0.0,0.15014578400571832
wine,32,0,25.0,0.0,0.3635574579992046,0.8902888999780696,0.37261586616044523,0.09300459561429741,0.9802285714285714,0.9230769230769231,0.24684720518702505,0.8461538461538463,0.7230232714228376,0.11699404910974351,0.14609986356260696,0.05468655245895752,0.08793454589195637,0.08057488054675793,0.7531527948129749,0.8461538461538463,0.8909600712160771,0.7230232714228376,0.7723750450801521,0.7723750450801521,0.28348715700839167,0.16705408466316607,0.11545566596544996,0.32431387003454326,0.25828503723536694,0.2297191629813836,0.32431387003454326,0.07699119916846922,0.6873729561707906,5.992616658278608,1.5356134863918547,0.5224719101123596,0.07692307692307693,0.2297191629813836,0.2276249549198479,0.07692307692307687,0.2769767285771624
wine,33,0,25.0,0.0,0.37478972013411893,0.8987012831580666,0.38458287981073996,0.09417001802754305,0.9802285714285714,1.0,0.0,1.0,0.4823480779808532,0.2707019875445433,0.39544374941359484,0.07564034017447209,0.4750697573477503,0.4747598484501529,1.0,1.0,0.7711342392777835,0.4823480779808532,0.7842481762711989,0.7809489310118487,-0.0,-0.0,0.2598928099675771,0.7290892720716512,0.24724552050980703,0.24724552050980705,0.7290892720716512,0.2663058578680355,0.28223314969314245,1.5076611375634303,0.3576613258415464,0.6067415730337079,0.07692307692307693,0.24724552050980705,0.2190510689881513,0.0,0.5176519220191468
wine,34,0,25.0,0.0,0.3450924831619582,0.9067571037198011,0.35294301635730435,0.08643545518617154,0.9802285714285714,1.0,0.0,1.0,0.9201737002547997,0.029130385186550003,0.12082978716619901,0.015414478409861309,0.026319422416847992,0.06362877846460037,1.0,1.0,0.42758757307557593,0.9201737002547997,0.9726500321231656,0.7919973397261151,-0.0,-0.0,0.8495961622844822,0.0831928221356188,0.2331972461050253,0.23319724610502526,0.8495961622844822,0.31975329936047203,0.2000783408639631,0.3318085665931121,0.06998835343720863,0.5449438202247191,0.0,0.23319724610502526,0.20800266027388492,0.0,0.07982629974520028
wine,35,0,25.0,0.0,0.2495050868972265,0.9395110198882645,0.2511028293890452,0.060491850429052973,0.9802285714285714,1.0,0.0,1.0,0.8845844809098834,0.04317825300782147,0.08402465509769107,0.014420841038799858,0.0024884858709220284,0.0682760434077618,1.0,1.0,0.508152350406238,0.8845844809098834,0.959945193959558,0.81881033116424,-0.0,-0.0,0.6769739739908989,0.1226372573261706,0.1999028078292673,0.19990280782926734,0.6769739739908989,0.2503953386281045,0.2087686647156715,0.3318085665931121,0.06476476915418539,0.46629213483146065,0.0,0.19990280782926734,0.18118966883576004,0.0,0.1154155190901166
wine,36,0,25.0,0.0,0.2926990137857659,0.9228715303666174,0.29712226042406753,0.07249761438989738,0.9802285714285714,1.0,0.0,1.0,0.7019416945033193,0.12805548217299767,0.23119318848856463,0.09427997008118373,0.10272502823712286,0.17094968350066628,1.0,1.0,0.9285817035572755,0.7019416945033193,0.8887242144556868,0.8887242144556868,-0.0,-0.0,0.07409690684556897,0.3539049346687662,0.11796831155625535,0.1091940306141181,0.3539049346687662,0.13041387603290805,0.19784403263998657,0.3318085665931121,0.06942822479763268,0.033707865168539325,0.0,0.1091940306141181,0.11127578554431317,0.0,0.29805830549668066
wine,37,0,25.0,0.0,0.5171007284469327,0.8353300431446569,0.5362030751561572,0.13503842825282064,0.9802285714285714,0.9230769230769231,0.24684720518702505,0.8461538461538463,0.9057245348174386,0.034749744276176366,0.18207323449374477,0.038612892307166226,0.03868730733628967,0.0,0.7531527948129749,0.8461538461538463,0.4594739825192044,0.9057245348174386,0.8326123576426265,0.7176246870446842,0.28348715700839167,0.16705408466316607,0.7776729600751766,0.09902006462571408,0.3318085665931121,0.3318085665931121,0.7776729600751766,0.23768236870395484,0.6910425039869792,5.992616658278608,1.534312840684003,0.7078651685393258,0.07692307692307693,0.3318085665931121,0.2823753129553158,0.07692307692307687,0.09427546518256136
wine,38,0,25.0,0.0,0.5719242899254742,0.745957695023543,0.5946128861711742,0.16075933096112355,0.9802285714285714,0.6923076923076923,0.5618376711211266,0.3846153846153846,0.7466944628885869,0.10500965651764427,0.2740781234545944,0.0009763747589655601,0.08877999524369574,0.12914424732522536,0.4381623288788734,0.3846153846153846,0.8422604594798746,0.7466944628885869,0.5011120810358191,0.5011120810358191,0.8251658233873442,0.9555114450274365,0.17166597827466196,0.292099196411143,0.6909254882753079,0.5870735862751787,0.9555114450274365,0.30423443531081085,0.2972222176102777,0.7583988386952285,0.15581373149656752,0.797752808988764,0.0,0.5870735862751787,0.49888791896418094,0.3076923076923077,0.2533055371114131
wine,39,0,25.0,0.0,0.6052313020189515,0.8023851186711233,0.6300986559640828,0.15937993048446797,0.9802285714285714,1.0,0.0,1.0,0.4032629200722749,0.33853869383609647,0.41108698612491185,0.305427070784126,0.44396693556806555,0.5695260932511141,1.0,1.0,0.4989149735652607,0.4032629200722749,0.7388043267549554,0.6697360975056714,-0.0,-0.0,0.6953195914060589,0.9081665226332338,0.40087152850982316,0.40087152850982316,0.9081665226332338,0.3648133324169007,0.23274012113471843,0.8437598444321924,0.19785624362664864,0.7303370786516854,0.0,0.40087152850982316,0.3302639024943286,0.0,0.5967370799277252
wine,40,0,25.0,0.0,0.255556121966656,0.9372727505619277,0.25754968919382015,0.06215949128761799,0.9802285714285714,1.0,0.0,1.0,0.8073871120671279,0.0762219904660844,0.1641726139815817,0.07959441498316626,0.1807695900877616,0.29245822685989703,1.0,1.0,0.6982662639498194,0.8073871120671279,0.9311663448857223,0.8665142679859912,-0.0,-0.0,0.3591547819829751,0.21395203295583254,0.1432767037347019,0.14327670373470192,0.3591547819829751,0.1361284499984084,0.17830461917755758,0.32212393773051295,0.0629364801646034,0.29775280898876405,0.0,0.14327670373470192,0.13348573201400882,0.0,0.19261288793287212
wine,41,0,25.0,0.0,0.4355328251735011,0.8719700043530149,0.44929945768582674,0.11156523178834599,0.9802285714285714,0.9230769230769231,0.24684720518702505,0.8461538461538463,0.5058770716981444,0.25252127897753596,0.3407562502086843,0.10450511323223903,0.11933614463369996,0.11677668965742098,0.7531527948129749,0.8461538461538463,0.8395016209472905,0.5058770716981444,0.6856868282606312,0.6856868282606312,0.28348715700839167,0.16705408466316607,0.17494687161793568,0.6814615805177063,0.37733427406308795,0.3368567935740575,0.6814615805177063,0.18883166392302067,0.3601497937833026,0.8437598444321924,0.21859836273138641,0.7134831460674157,0.0,0.3368567935740575,0.3143131717393688,0.07692307692307687,0.49412292830185556
wine,42,0,25.0,0.0,0.14175010730680157,0.9696606206594275,0.13629912411960102,0.03228615108968452,0.9802285714285714,1.0,0.0,1.0,0.7344544111900883,0.11115054447913726,0.16438082676363086,0.10467246080943506,0.27564707455556087,0.4350021315835988,1.0,1.0,0.8681905071362804,0.7344544111900883,0.9022390387120871,0.8936037222233466,-0.0,-0.0,0.1413441101360141,0.30862735310921147,0.11249286581130645,0.1124928658113064,0.30862735310921147,0.11367534572067703,0.18834367981025715,0.32212393773051295,0.06110084559358552,0.1348314606741573,0.0,0.1124928658113064,0.10639627777665339,0.0,0.26554558880991175
wine,43,0,25.0,0.4,0.9524214182570351,0.44477913954510184,1.0,0.5777555501315286,0.9802285714285714,0.6153846153846154,0.6064727741416684,0.23076923076923078,0.517105180959702,0.24413371805974216,0.33747143284325226,0.059596731302069494,0.07221038108942465,0.042460997335228984,0.39352722585833155,0.23076923076923078,0.8686070371417578,0.517105180959702,0.36078116657118814,0.36078116657118814,0.9326050245515902,1.466337068793427,0.14086445720831917,0.6595089803694651,1.0194836912381608,0.8437598444321924,1.466337068793427,0.4368947339917328,0.3420821027051751,1.4041720625222869,0.34374442837728797,0.848314606741573,0.07692307692307693,0.8437598444321924,0.6392188334288118,0.3846153846153846,0.48289481904029796
wine,44,0,25.0,0.0,0.36728456670808507,0.8950634543438347,0.3765867813919072,0.09308672503073832,0.9802285714285714,0.9230769230769231,0.24684720518702505,0.8461538461538463,0.7664805430084368,0.09532834563836028,0.1798290066551251,0.030570717127882688,0.09271931950071689,0.15944500242581355,0.7531527948129749,0.8461538461538463,0.797580096506461,0.7664805430084368,0.7875494875246372,0.7875494875246372,0.28348715700839167,0.16705408466316607,0.22617301487548302,0.2659459651954052,0.23882906895565423,0.23629785813962007,0.28348715700839167,0.04002364257359534,0.2672927192704274,0.7449792280412403,0.181882060609474,0.5617977528089888,0.0,0.23629785813962007,0.21245051247536284,0.07692307692307687,0.23351945699156318
wine,45,0,25.0,0.0,0.3355700417506292,0.9178609406093646,0.34279767030102887,0.08264669620230378,0.9802285714285714,1.0,0.0,1.0,0.4960493990717947,0.2600135331845863,0.2829026118930945,0.16968019834159206,0.2440517699435826,0.27202286124574415,1.0,1.0,0.8120801098001996,0.4960493990717947,0.7916046001190564,0.7916046001190564,-0.0,-0.0,0.20815628629737087,0.7010797623136408,0.23369325410454694,0.2285858605431117,0.7010797623136408,0.25620184677853586,0.2768593454630671,0.8437598444321924,0.19240091353863797,0.5,0.0,0.2285858605431117,0.20839539988094358,0.0,0.5039506009282053
wine,46,0,25.0,0.0,0.0955070885938782,0.9812475153301652,0.08703114679487059,0.02038930057538911,0.9802285714285714,1.0,0.0,1.0,0.6063601899418666,0.1833612127060237,0.1967115715575067,0.06949859261394035,0.21080950749662378,0.4063961502837508,1.0,1.0,0.9975556689306139,0.6063601899418666,0.8464024142164783,0.8464024142164783,-0.0,-0.0,0.0024473233236090076,0.5002810966410339,0.16676036554701132,0.13389775710233084,0.5002810966410339,0.19414074161803577,0.1829322934341164,0.32212393773051295,0.0661018375088735,0.2696629213483146,0.0,0.13389775710233084,0.15359758578352167,0.0,0.3936398100581334
wine,47,0,25.0,0.0,0.13131981546458146,0.9704587475648795,0.12518654115517597,0.02988158162810958,0.9802285714285714,1.0,0.0,1.0,0.9105056096624755,0.03287786788213724,0.16196812001092672,0.002866980800912911,0.19040827177771066,0.34191256570220147,1.0,1.0,0.44879063407748415,0.9105056096624755,0.9692315484144072,0.7995241800989384,-0.0,-0.0,0.801198793802717,0.09375521875440324,0.22373850313928004,0.22373850313928006,0.801198793802717,0.3001579174656541,0.18478212834727653,0.32212393773051295,0.06220918993177093,0.4943820224719101,0.0,0.22373850313928006,0.20047581990106156,0.0,0.08949439033752449
wine,48,0,25.0,0.0,0.05998213674517376,0.9891837561577197,0.049182352082535415,0.01139808864579753,0.9802285714285714,1.0,0.0,1.0,0.853394060141645,0.05608466479147093,0.058247348245703046,0.030787103379875096,0.06699894091187712,0.16984160000137552,1.0,1.0,0.5834799071463769,0.853394060141645,0.948527380536339,0.8400282280856901,-0.0,-0.0,0.5387452629017652,0.15853386848020196,0.17431978284549174,0.17431978284549177,0.5387452629017652,0.19689078139374247,0.17220626701688177,0.32212393773051295,0.0640900496247299,0.42134831460674155,0.0,0.17431978284549177,0.1599717719143099,0.0,0.14660593985835502
wine,49,0,25.0,0.0,0.05680402916651767,0.9896103524000491,0.04579635055238393,0.01063724809097804,0.9802285714285714,1.0,0.0,1.0,0.7913274048868466,0.08358185866347667,0.15955502622291604,0.06798449341728137,0.22868664545166034,0.39708114952691625,1.0,1.0,0.7380076439820269,0.7913274048868466,0.924951019519648,0.8741868445360511,-0.0,-0.0,0.30380109673608174,0.23404348422708743,0.13446114524079225,0.13446114524079228,0.30380109673608174,0.12227204142349081,0.1866683639287605,0.32212393773051295,0.05968134860283667,0.2752808988764045,0.0,0.13446114524079228,0.1258131554639489,0.0,0.2086725951131534
wine,50,0,25.0,0.0,0.3727937462228287,0.8854521323886568,0.38245634049433674,0.09576821422689875,0.9802285714285714,0.9230769230769231,0.24684720518702505,0.8461538461538463,0.3501374529493907,0.3909630521604752,0.4389479324730823,0.14887778052661388,0.5231002901054814,0.589054959825968,0.7531527948129749,0.8461538461538463,0.32004450137196194,0.3501374529493907,0.6065365793689415,0.5169461923121509,0.28348715700839167,0.16705408466316607,1.139295226069873,1.0494294788815133,0.6598164866557359,0.659816486655736,1.139295226069873,0.3914426380535468,0.27322057064003685,1.1565588454401174,0.263179551338045,0.8033707865168539,0.0,0.659816486655736,0.4830538076878491,0.07692307692307687,0.6498625470506093
wine,51,0,25.0,0.0,0.0886025309656816,0.9819954651186188,0.0796749317783925,0.018763814331411586,0.9802285714285714,1.0,0.0,1.0,0.7860816503029642,0.08602484651492547,0.14682236238445087,0.11833665160768814,0.1724942123698309,0.36763125568260613,1.0,1.0,0.7508213212556143,0.7860816503029642,0.9229026354912163,0.8764982712597991,-0.0,-0.0,0.2865875766234341,0.24069461115559113,0.1318205469447563,0.1318205469447563,0.2865875766234341,0.11879369387890513,0.18968628537150833,0.27455182412538676,0.05638228840167289,0.25842696629213485,0.0,0.1318205469447563,0.12350172874020093,0.0,0.21391834969703583
wine,52,0,25.0,0.0,0.12200161634579107,0.9728279119850624,0.11525879777531768,0.02747903159319981,0.9802285714285714,1.0,0.0,1.0,0.7061329847608205,0.12582624667684755,0.2304722335411982,0.10151425882288628,0.345394530153919,0.5502348174888727,1.0,1.0,0.9215995277218122,0.7061329847608205,0.8904895613868824,0.8904895613868824,-0.0,-0.0,0.08164450149527243,0.3479516955432244,0.11598389851440813,0.109116019110581,0.3479516955432244,0.1277943219691027,0.19173726954305795,0.32212393773051295,0.06447049980762974,0.0056179775280898875,0.0,0.109116019110581,0.1095104386131176,0.0,0.29386701523917946
wine,53,0,25.0,0.0,0.06895978090080673,0.9871951192430665,0.05874726330589405,0.013667686747059092,0.9802285714285714,1.0,0.0,1.0,0.9296591199347403,0.02550199486354868,0.12964539852189116,0.01929518165558156,0.20190526435892517,0.33237670690281956,1.0,1.0,0.40732986320164905,0.9296591199347403,0.9759807339424639,0.7844540261964328,-0.0,-0.0,0.898131947099882,0.07293729773077952,0.24276731120766534,0.24276731120766537,0.898131947099882,0.33947517559836266,0.17366550249090057,0.27455182412538676,0.0517132813955615,0.5898876404494382,0.0,0.24276731120766537,0.21554597380356721,0.0,0.07034088006525974
wine,54,0,25.0,0.0,0.07830484158015326,0.9847431937693639,0.06870362537876203,0.016088824623978475,0.9802285714285714,1.0,0.0,1.0,0.8296964452715637,0.06628680914039758,0.11098297399353524,0.0452222092776174,0.10597160922994205,0.22536173493518927,1.0,1.0,0.6424500569870478,0.8296964452715637,0.9396650554320828,0.8544558949417915,-0.0,-0.0,0.4424661975499541,0.18669537367498187,0.157290392806234,0.157290392806234,0.4424661975499541,0.16227780368824232,0.1835289876638813,0.32212393773051295,0.06805743010248329,0.3595505617977528,0.0,0.157290392806234,0.14554410505820847,0.0,0.17030355472843628
wine,55,0,25.0,0.0,0.2056824951849206,0.9507584840852833,0.20441360980768114,0.04917668410319873,0.9802285714285714,1.0,0.0,1.0,0.7496883759469015,0.10352549589546559,0.1574107553456673,0.05408375916074396,0.1809492487796231,0.29461157295953333,1.0,1.0,0.83570185480778,0.7496883759469015,0.9084344437652304,0.8896783776349194,-0.0,-0.0,0.17948336251115712,0.2880976575327639,0.11689525501098022,0.11689525501098023,0.2880976575327639,0.11005138356045209,0.15999125317996193,0.32212393773051295,0.05376477397863351,0.1797752808988764,0.0,0.11689525501098023,0.11032162236508058,0.0,0.2503116240530985
wine,56,0,25.0,0.0,0.04741443099801983,0.9910379012117262,0.03579253759791954,0.008363696059963236,0.9802285714285714,1.0,0.0,1.0,1.0,0.0,0.10947135963489243,0.03460717805869562,0.10026000028023187,0.34332084761702514,1.0,1.0,0.27568517050420577,1.0,1.0,0.724608378446542,-0.0,-0.0,1.2884957509220518,-0.0,0.32212393773051295,0.32212393773051295,1.2884957509220518,0.4990322584980127,0.16583722295847547,0.24963240152936175,0.04884907455855781,0.702247191011236,0.0,0.32212393773051295,0.275391621553458,0.0,0.0
wine,57,0,25.0,0.0,0.024808494112404378,0.995958842037613,0.011707847262304968,0.00266207500273581,0.9802285714285714,1.0,0.0,1.0,0.959384655220336,0.014430905695107526,0.06478800991691969,0.05930099636897441,0.1309492117616302,0.23445942359711758,1.0,1.0,0.3475856698851777,0.959384655220336,0.9862740109700692,0.7599126214214658,-0.0,-0.0,1.056744112317644,0.04146318418390312,0.27455182412538676,0.27455182412538676,1.056744112317644,0.40420601134529516,0.18977390234620042,0.3318085665931121,0.06335210018016701,0.6685393258426966,0.0,0.27455182412538676,0.24008737857853424,0.0,0.040615344779664
wine,58,0,25.0,0.0,0.2736020672911993,0.9252470873433603,0.27677609892654925,0.06795464220873124,0.9802285714285714,1.0,0.0,1.0,0.8482509461737877,0.058269009725590286,0.16719528057016142,0.05636461598458253,0.3095997449173644,0.4568449965385388,1.0,1.0,0.5961934598219744,0.8482509461737877,0.9466180564579363,0.8432918247014274,-0.0,-0.0,0.517190067570266,0.16457875987628853,0.1704422068616387,0.17044220686163863,0.517190067570266,0.1888753825548956,0.18527514369522563,0.32212393773051295,0.06464126326178042,0.398876404494382,0.0,0.17044220686163863,0.15670817529857262,0.0,0.1517490538262123
wine,59,1,25.0,0.0,0.5944636398485117,0.7354268066082272,0.6186266337990305,0.16730799351145628,0.9802285714285714,0.9230769230769231,0.24684720518702505,0.8461538461538463,0.09611980830675677,0.7648399866023201,0.8473489475991657,0.057651120112968635,0.8405618216587674,0.9275385929453304,0.7531527948129749,0.8461538461538463,0.002798071776955348,0.09611980830675677,0.3941986267004433,0.11441976276040035,0.28348715700839167,0.16705408466316607,5.878824750117433,2.342159862427585,2.167881463554144,2.167881463554144,5.878824750117433,2.0666748723040507,0.8230586935809845,6.226950176267953,1.59017859840643,0.9438202247191011,0.07692307692307693,2.167881463554144,0.8855802372395997,0.07692307692307687,0.9038801916932432
wine,60,1,25.0,0.0,0.5668906924239614,0.7576601493705674,0.5892500189867046,0.15786072306622712,0.9802285714285714,0.7692307692307693,0.4917150007886506,0.5384615384615385,0.30505831511789333,0.44068660607980853,0.5756949825999913,0.13982080004021968,0.44349527481501594,0.5255230889292828,0.5082849992113494,0.5384615384615385,0.195847411348696,0.30505831511789333,0.43706726720612354,0.35759436852881993,0.676712966648116,0.6190392084062233,1.6304194364777103,1.187252323542716,1.0283559837686913,1.0283559837686913,1.6304194364777103,0.368489207973389,0.9404033102669247,6.8628963272903105,1.7394365582634927,0.8876404494382022,0.07692307692307693,1.0283559837686913,0.6424056314711801,0.23076923076923073,0.6949416848821066
wine,61,1,25.0,0.52,0.8106679251477918,0.4734495819657959,0.8489737893721078,0.6285864070309588,0.9802285714285714,0.6153846153846154,0.6064727741416684,0.23076923076923078,0.41997073143535185,0.323264986126311,0.47436692041550843,0.1003428208199385,0.3320220277877617,0.35253156691654675,0.39352722585833155,0.23076923076923078,0.558546789300422,0.41997073143535185,0.3366075894214237,0.3366075894214237,0.9326050245515902,1.466337068793427,0.5824168872578337,0.867570257191665,1.088837450178894,0.9875533375946819,1.466337068793427,0.29018722673590697,1.366536664938217,6.8628963272903105,2.228602647614109,0.8651685393258427,0.15384615384615385,0.9875533375946819,0.6633924105785762,0.3846153846153846,0.5800292685646482
wine,62,1,25.0,0.0,0.8216117017400575,0.686327790150062,0.8606334463755113,0.22454543882512196,0.9802285714285714,0.8461538461538461,0.39078665545522084,0.6923076923076923,0.4727151080395894,0.2783918008354167,0.3773021853806191,0.1010993357681226,0.24554351738489846,0.2614559160272632,0.6092133445447792,0.6923076923076923,0.7406854074741859,0.4727151080395894,0.5841925521312732,0.5841925521312732,0.49558675317021605,0.3677247801253174,0.30017929515036434,0.7492623805352643,0.5375246379435992,0.49005556938495226,0.7492623805352643,0.15523524015422469,0.3339745358167605,0.9875533375946819,0.2621156738853451,0.7696629213483146,0.0,0.49005556938495226,0.4158074478687268,0.15384615384615385,0.5272848919604106
wine,63,1,25.0,0.0,0.4126739299360404,0.8660718291502097,0.4249452618834479,0.10746993262975217,0.9802285714285714,0.9230769230769231,0.24684720518702505,0.8461538461538463,0.48436162763639135,0.2691130881017913,0.38364188669558086,0.1667066241254251,0.31775750956826165,0.3932261512227404,0.7531527948129749,0.8461538461538463,0.7773344886659819,0.48436162763639135,0.6758246864603564,0.6758246864603564,0.28348715700839167,0.16705408466316607,0.25188453390397614,0.724923486715972,0.39182157612917656,0.36383416768413646,0.724923486715972,0.19436026088278666,0.8301127667567536,5.992616658278608,1.527986714919614,0.7247191011235955,0.07692307692307693,0.36383416768413646,0.3241753135396436,0.07692307692307687,0.5156383723636087
wine,64,1,25.0,0.0,0.14247404784512407,0.9701749967089374,0.13707042078273515,0.03236553721856985,0.9802285714285714,1.0,0.0,1.0,0.4426836676813078,0.30334418464214596,0.3382838141312094,0.07864847075753698,0.27493684127909873,0.3477643897574683,1.0,1.0,0.6391610814062731,0.4426836676813078,0.7621337014385241,0.729333153041112,-0.0,-0.0,0.4475987727944365,0.8148998324447867,0.3156246513098058,0.31562465130980577,0.8148998324447867,0.30526405496483894,0.7734459993453945,5.992616658278608,1.5388082555681666,0.6910112359550562,0.07692307692307693,0.31562465130980577,0.270666846958888,0.0,0.5573163323186923
wine,65,1,25.0,0.0,0.783062047176888,0.6882444494600753,0.8195620898820036,0.21581699197066498,0.9802285714285714,0.46153846153846156,0.6282340759682773,0.0,0.5184859993204495,0.24311464612681818,0.219462946007233,0.08993706163350595,0.07900686760802102,0.06749707961383282,0.3717659240317227,1e-09,0.8720126416427829,0.5184859993204495,0.000577655444756632,0.000577655444756632,0.9894908592352097,20.72326583694641,0.1369513578814728,0.6568422539520518,7.45653298337789,5.992616658278608,20.72326583694641,7.834866285994595,0.3370466408085458,0.7583988386952285,0.21182174742733564,0.9662921348314607,0.0,5.992616658278608,0.9994223445552434,0.5384615384615384,0.4815140006795505
wine,66,1,25.0,0.0,0.803176384516875,0.5907259224780433,0.8409921942210075,0.23519518683984766,0.9802285714285714,0.6153846153846154,0.6064727741416684,0.23076923076923078,0.34707954073498454,0.39417418287333766,0.5569602500312385,0.11701532402932288,0.3694376407176669,0.5475229454009245,0.39352722585833155,0.23076923076923078,0.3106488864273493,0.34707954073498454,0.31588371249946967,0.31456679349457495,0.9326050245515902,1.466337068793427,1.169091987132491,1.0582013012829612,1.1565588454401172,1.1565588454401174,1.466337068793427,0.17660642552739214,0.3645010788862049,0.7583988386952285,0.23035822459693686,0.898876404494382,0.0,1.1565588454401174,0.685433206505425,0.3846153846153846,0.6529204592650155
wine,67,1,25.0,0.0,0.48970354994492515,0.8616057948821443,0.5070137270822767,0.1250087557242043,0.9802285714285714,1.0,0.0,1.0,0.6684173092410076,0.14644795362709007,0.29115333768607377,0.14048258964429378,0.20383204926405124,0.3267432046829495,1.0,1.0,0.973996770025688,0.6684173092410076,0.8743444599615856,0.8743444599615856,-0.0,-0.0,0.026347291540492774,0.40284258606567575,0.13428086202189193,0.1126941479256121,0.40284258606567575,0.15330220085931237,0.2164861329547097,0.7583988386952285,0.16776091664292003,0.1404494382022472,0.0,0.1126941479256121,0.1256555400384144,0.0,0.3315826907589924
wine,68,1,25.0,0.0,0.9256620617556582,0.6030379416691133,0.9714901966604146,0.26010222491725726,0.9802285714285714,0.38461538461538464,0.9214632400757697,0.0,0.30040915032980414,0.44612232673850283,0.5320345735958428,0.1616374104260637,0.4171313352981791,0.35492782175625515,0.07853675992423026,1e-09,0.18493898069137016,0.30040915032980414,0.00028681071955936037,0.00028681071955936037,2.5441884845127465,20.72326583694641,1.687729342411745,1.202609899070702,8.156688073509953,6.8628963272903105,20.72326583694641,7.365543744068366,0.4407546800649284,1.0283559837686913,0.32515796036254924,0.9775280898876404,0.0,6.8628963272903105,0.9997131892804406,0.6153846153846154,0.6995908496701959
wine,69,1,25.0,0.0,0.3214942367927761,0.9205239384528515,0.3278011052239089,0.0791581260722594,0.9802285714285714,0.6153846153846154,0.6064727741416684,0.23076923076923078,0.04976489303797933,0.868492916037463,0.8342746007725295,0.9353876183845101,0.8063006676739675,0.8562091465276677,0.39352722585833155,0.23076923076923078,0.000575599364347557,0.04976489303797933,0.16533263490079642,0.040160491271640945,0.9326050245515902,1.466337068793427,7.460098687281836,3.000445502628742,3.214871570813899,3.214871570813899,7.460098687281836,2.2949529538557467,1.5297784969990547,8.024144890826094,2.7236850942896176,0.9550561797752809,0.23076923076923078,3.214871570813899,0.9598395087283591,0.3846153846153846,0.9502351069620206
wine,70,1,25.0,0.12,0.8909645484815729,0.5343069029561167,0.9345229669078633,0.34931480149363836,0.9802285714285714,0.5384615384615384,0.6282340759682773,0.07692307692307687,0.451584287582021,0.29578947377174114,0.3676522532732084,0.13161559746921744,0.25936767481963047,0.24143200586307526,0.3717659240317227,0.07692307692307687,0.6700802005121098,0.451584287582021,0.23461459034521087,0.23461459034521087,0.9894908592352097,2.564949357461537,0.4003578715039885,0.7949932400886599,1.4498111522618022,1.2399204961102395,2.564949357461537,0.7436795328319368,0.2511315910622884,0.9520116721215122,0.23563555271045036,0.9044943820224719,0.0,1.2399204961102395,0.7653854096547892,0.46153846153846156,0.5484157124179789
wine,71,1,25.0,0.0,0.6792355234809153,0.724342883763695,0.7089438180318312,0.18755712083079668,0.9802285714285714,0.5384615384615384,0.6282340759682773,0.07692307692307687,0.24711606658732732,0.51308501044876,0.5353350559624656,0.323203609295954,0.3243893472855205,0.47678044512603274,0.3717659240317227,0.07692307692307687,0.08677969769018952,0.24711606658732732,0.19190033670135176,0.1573661557738386,0.9894908592352097,2.564949357461537,2.444382582252599,1.3978971475131878,1.8491799866156335,1.8491799866156335,2.564949357461537,0.6015502503862167,0.28035769962866697,0.7583988386952285,0.2065923359371673,0.9325842696629213,0.0,1.8491799866156335,0.8426338442261614,0.46153846153846156,0.7528839334126727
wine,72,1,25.0,0.0,0.7376780707324438,0.7410484850675126,0.7712093485471025,0.1977777088145298,0.9802285714285714,1.0,0.0,1.0,0.49577418393654593,0.2602254160303819,0.2787099772832149,0.1955044854818703,0.12477641920569299,0.16157699731630623,1.0,1.0,0.8112876603929822,0.49577418393654593,0.7914581752732,0.7914581752732,-0.0,-0.0,0.20913258936893908,0.7016347302475098,0.2338782434158366,0.22892911260645707,0.7016347302475098,0.2563919165555072,0.21844900894806527,0.7583988386952285,0.18581952245855798,0.5056179775280899,0.0,0.22892911260645707,0.20854182472680005,0.0,0.5042258160634541
wine,73,1,25.0,0.96,0.6639851620934852,0.34621498663503814,0.6926958636390987,0.9322776084972576,0.9802285714285714,0.15384615384615385,0.39078665545522084,0.0,0.08745129373615018,0.7830379171193351,0.8688583403533319,0.4098237482910645,0.6405908002877653,0.8160644913409946,0.6092133445447792,1e-09,0.0021303821879053177,0.08745129373615018,0.00037628064705762845,0.00037628064705762845,0.49558675317021605,20.72326583694641,6.151453884415146,2.4366732836172345,7.88517529124462,7.5384310098787255,20.72326583694641,7.0924381376505075,0.45671462250094663,1.8491799866156335,0.555394226160278,0.9831460674157303,0.15384615384615385,7.5384310098787255,0.9996237193529424,0.8461538461538461,0.9125487062638498
wine,74,1,25.0,0.0,0.6284138231443382,0.7300836958936752,0.6547976474426915,0.17555640155491112,0.9802285714285714,0.6923076923076923,0.5618376711211266,0.3846153846153846,0.4131180667886652,0.3294639086404526,0.39399656604447814,0.22965922164671562,0.45027738194970984,0.3347745683063358,0.4381623288788734,0.3846153846153846,0.534045593741541,0.4131180667886652,0.41138200658041185,0.41138200658041185,0.8251658233873442,0.9555114450274365,0.627274062128272,0.8840218508742518,0.8882330397630107,0.836041244236063,0.9555114450274365,0.11225084597871923,0.36840958592145545,0.7583988386952285,0.2186029174716939,0.8426966292134831,0.0,0.836041244236063,0.5886179934195881,0.3076923076923077,0.5868819332113349
wine,75,1,25.0,0.0,0.5059762971997812,0.8374641474993534,0.5243509460847908,0.13227680420588178,0.9802285714285714,1.0,0.0,1.0,0.48713434861285054,0.2669354323126726,0.3216493792761387,0.06704263892566133,0.30472143234325877,0.3643942990703456,1.0,1.0,0.7857730748251268,0.48713434861285054,0.7868336372841352,0.7865683625466136,-0.0,-0.0,0.2410872371112452,0.719215324103053,0.24007564030357456,0.24007564030357456,0.719215324103053,0.262620824023499,0.2832791300385791,0.9875533375946819,0.24939411384297536,0.5730337078651685,0.0,0.24007564030357456,0.21343163745338645,0.0,0.5128656513871495
wine,76,1,25.0,0.0,0.7001917613912657,0.7627139844061138,0.7312708953489151,0.18624875925783013,0.9802285714285714,0.9230769230769231,0.24684720518702505,0.8461538461538463,0.530800601720411,0.234143695144652,0.4090781375872237,0.07923561261068689,0.3374825237456219,0.40446740087226524,0.7531527948129749,0.8461538461538463,0.9006060552626369,0.530800601720411,0.6967675939201052,0.6967675939201052,0.28348715700839167,0.16705408466316607,0.10468734755006387,0.6333688429143071,0.3613033615286215,0.30998015873291,0.6333688429143071,0.1846560003436152,0.3476994451553645,1.1565588454401174,0.3056699729725282,0.6853932584269663,0.0,0.30998015873291,0.30323240607989477,0.07692307692307687,0.469199398279589
wine,77,1,25.0,0.0,0.3953013633208222,0.8760134757550604,0.4064362795139267,0.10214218255336178,0.9802285714285714,0.8461538461538461,0.39078665545522084,0.6923076923076923,0.42886141444644155,0.315354693562867,0.2867540965118537,0.13043738797823123,0.18418457211697306,0.22209175555567562,0.6092133445447792,0.6923076923076923,0.5902864750110239,0.42886141444644155,0.565538071022356,0.565538071022356,0.49558675317021605,0.3677247801253174,0.5271473090579076,0.8466214554922182,0.5699776629292506,0.5614115921549819,0.8466214554922182,0.15775904119326803,0.30743271408598427,1.2399204961102395,0.3526495151286219,0.7865168539325843,0.07692307692307693,0.5614115921549819,0.434461928977644,0.15384615384615385,0.5711385855535585
wine,78,1,25.0,0.0,0.42072967537234596,0.8766330704670903,0.4335279689500777,0.1076103471435824,0.9802285714285714,0.6153846153846154,0.6064727741416684,0.23076923076923078,0.1561045788075871,0.6515368494556293,0.6266680476510902,0.5842946346821666,0.4816981472058292,0.5613811898704824,0.39352722585833155,0.23076923076923078,0.014361081962216827,0.1561045788075871,0.24202270435695727,0.1194507476246891,0.9326050245515902,1.466337068793427,4.243233372642118,1.8572291193631567,2.1248511463375728,2.1248511463375728,4.243233372642118,1.1326302495768361,1.5807232399978555,8.024144890826094,2.4858829829204723,0.9382022471910112,0.3076923076923077,2.1248511463375728,0.8805492523753109,0.3846153846153846,0.8438954211924129
wine,79,1,25.0,0.0,0.37830198409144117,0.8906815505016104,0.3883248963534329,0.09617016673015949,0.9802285714285714,0.7692307692307693,0.4917150007886506,0.5384615384615385,0.4115506660193943,0.3308944765144145,0.3037135969087381,0.1082839723219906,0.17086616841817895,0.23387984018956487,0.5082849992113494,0.5384615384615385,0.5284457630764713,0.4115506660193943,0.4829421335765971,0.4829421335765971,0.676712966648116,0.6190392084062233,0.6378151032020837,0.8878231412452837,0.7278584387665409,0.7098497716536494,0.8878231412452837,0.0964701322453742,0.3658973685487616,1.1226486697128288,0.35552117682047957,0.8146067415730337,0.0,0.7098497716536494,0.5170578664234029,0.23076923076923073,0.5884493339806057
wine,80,1,25.0,0.0,0.016800292643526768,0.9971485168188411,0.0031757942224745015,0.0007272855713470503,0.9802285714285714,1.0,0.0,1.0,0.6285431059561088,0.1697115786468643,0.2568786113948771,0.04054850886238375,0.2533531880552335,0.4220822321794561,1.0,1.0,0.9992420213781806,0.6285431059561088,0.8566005635145345,0.8566005635145345,-0.0,-0.0,0.0007582660328583935,0.46435066785246226,0.15478355595082074,0.12397849796722829,0.46435066785246226,0.18040328550452459,0.23600775714610572,0.7583988386952285,0.16907379128867062,0.2303370786516854,0.0,0.12397849796722829,0.1433994364854655,0.0,0.37145689404389115
wine,81,1,25.0,0.0,0.6219663222675734,0.7482699895973023,0.6479283872637739,0.17135262594193867,0.9802285714285714,0.6153846153846154,0.6064727741416684,0.23076923076923078,0.7763907151251113,0.0905896398474714,0.12272963087360567,0.0173008014578867,0.0,0.04203563128574519,0.39352722585833155,0.23076923076923078,0.7741892805074423,0.7763907151251113,0.41312138174923907,0.41312138174923907,0.9326050245515902,1.466337068793427,0.25593888683028254,0.25309938663937814,0.8840138266614651,0.7583988386952285,1.466337068793427,0.45936847900199146,0.2292961041472388,0.5870735862751787,0.122159156440777,0.8314606741573034,0.0,0.7583988386952285,0.5868786182507609,0.3846153846153846,0.22360928487488874
wine,82,1,25.0,0.0,0.05909516995455405,0.9889331643647524,0.04823736490513412,0.011242521284218807,0.9802285714285714,1.0,0.0,1.0,0.6368205362799854,0.1647514004394463,0.2850504550316867,0.09904387295750806,0.18720589424741566,0.3527226267108627,1.0,1.0,0.9968807573005862,0.6368205362799854,0.8603444340009864,0.8603444340009864,-0.0,-0.0,0.003124117677054472,0.45126739578856345,0.1504224652628544,0.12096279574569446,0.45126739578856345,0.174996543334852,0.1565904182220931,0.31562465130980577,0.06677427809091326,0.19101123595505617,0.0,0.12096279574569446,0.13965556599901363,0.0,0.36317946372001464
wine,83,1,25.0,1.0,0.8301152251998853,0.32911427530523013,0.8696932225895159,1.0,0.9802285714285714,0.3076923076923077,0.5618376711211266,0.0,0.5415331966101651,0.22649356888991895,0.48676680570602243,0.12112351208579795,0.18269034877219767,0.31682059567341103,0.4381623288788734,1e-09,0.922797104083327,0.5415331966101651,0.0006190894078005623,0.0006190894078005623,0.8251658233873442,20.72326583694641,0.08034589087198028,0.6133509095075755,7.387260856613777,5.925877863465418,20.72326583694641,7.867766914256184,0.23925220237780243,0.4378475651166416,0.09912257109725334,0.9606741573033708,0.0,5.925877863465418,0.9993809105921995,0.6923076923076923,0.4584668033898349
wine,84,1,25.0,0.0,0.2955393636313924,0.9286397881616019,0.3001484100069346,0.07223311554544638,0.9802285714285714,0.9230769230769231,0.24684720518702505,0.8461538461538463,0.4162731632403493,0.3265986401605004,0.3320236392170454,0.25881578121857945,0.2274806200917354,0.2986351423339233,0.7531527948129749,0.8461538461538463,0.5453247332850603,0.4162731632403493,0.6425450950498812,0.6167249357794513,0.28348715700839167,0.16705408466316607,0.6063738208715757,0.8764135918114814,0.4833321635886536,0.4833321635886537,0.8764135918114814,0.24884618080432258,0.7068364769037798,5.992616658278608,1.5392588775442515,0.7640449438202247,0.07692307692307693,0.4833321635886537,0.3832750642205487,0.07692307692307687,0.5837268367596506
wine,85,1,25.0,0.0,0.1104663108765587,0.977712370952332,0.1029689173974791,0.024205098445262467,0.9802285714285714,0.9230769230769231,0.24684720518702505,0.8461538461538463,0.698313466299214,0.1299975375407498,0.12434694333997606,0.018913268259634568,0.07867657902282375,0.14818649050340993,0.7531527948129749,0.8461538461538463,0.9344105313398702,0.698313466299214,0.763474050701363,0.763474050701363,0.28348715700839167,0.16705408466316607,0.06783939627405325,0.35908718491223124,0.26987614219459627,0.22946879301048767,0.35908718491223124,0.10136204688516845,0.24822647748342314,0.7583988386952285,0.20764127838362842,0.5168539325842697,0.0,0.22946879301048767,0.23652594929863702,0.07692307692307687,0.301686533700786
wine,86,1,25.0,0.0,0.04696483896176459,0.991683785205372,0.03531353577528524,0.008166133427309066,0.9802285714285714,1.0,0.0,1.0,0.7030326931385431,0.12747374859028085,0.18366894211484608,0.04849338754238578,0.11896842948137012,0.25433415678127824,1.0,1.0,0.9267895474531685,0.7030326931385431,0.8891844117490463,0.8891844117490463,-0.0,-0.0,0.07602876459156195,0.35235188307706733,0.11745062769235574,0.10916625507219699,0.35235188307706733,0.1297231793213248,0.16008643487195104,0.31562465130980577,0.06777983393425778,0.028089887640449437,0.0,0.10916625507219699,0.11081558825095372,0.0,0.2969673068614569
wine,87,1,25.0,0.0,0.09248961787400177,0.982330851047785,0.0838162900847622,0.019562738884810704,0.9802285714285714,1.0,0.0,1.0,0.4694017327601638,0.28107111097199333,0.37213978336263065,0.07552593610671583,0.27076706974201714,0.4504979757567411,1.0,1.0,0.7299333458796449,0.4694017327601638,0.7771679749164082,0.7650802183693154,-0.0,-0.0,0.3148020560226245,0.7562963041358027,0.26777459003960685,0.2677745900396068,0.7562963041358027,0.27722608457431575,0.3163704468726379,1.0017371035593103,0.33299017975979384,0.6404494382022472,0.0,0.2677745900396068,0.2349197816306846,0.0,0.5305982672398362
wine,88,1,25.0,0.0,0.12192641058238916,0.9748865608379034,0.1151786724731834,0.02714639797293604,0.9802285714285714,1.0,0.0,1.0,0.7659694644496682,0.09557469298830053,0.17655562692415178,0.04902777578961419,0.15746610259731483,0.18269100311435355,1.0,1.0,0.7987702862779922,0.7659694644496682,0.9149636042933736,0.884419560985225,-0.0,-0.0,0.2246818760817717,0.2666129736788527,0.12282371244015611,0.12282371244015611,0.2666129736788527,0.11065420536353475,0.16757716095671057,0.4378475651166416,0.09369233762768885,0.20786516853932585,0.0,0.12282371244015611,0.115580439014775,0.0,0.23403053555033182
wine,89,1,25.0,0.0,0.0331889712899637,0.9940567960908028,0.02063652819720736,0.004787722939269311,0.9802285714285714,1.0,0.0,1.0,0.6720534256563773,0.14440341897039372,0.2659208617174456,0.1365332123111871,0.22271580716870892,0.35867515309497466,1.0,1.0,0.9700475919871357,0.6720534256563773,0.8759270395335612,0.8759270395335612,-0.0,-0.0,0.03041014478403887,0.39741743915429384,0.1324724797180979,0.11206001273128612,0.39741743915429384,0.1507495429284778,0.14685435903243846,0.2677745900396068,0.04328576846925864,0.11797752808988764,0.0,0.11206001273128612,0.12407296046643879,0.0,0.32794657434362273
wine,90,1,25.0,0.0,0.10746776017074415,0.9774916346686444,0.09977421834250932,0.02358296343448201,0.9802285714285714,1.0,0.0,1.0,0.6807271827886963,0.13957593220738984,0.23095671776327015,0.08643882704429866,0.1315738220027391,0.25961479664144455,1.0,1.0,0.9596198736949465,0.6807271827886963,0.8796792834338926,0.8796792834338926,-0.0,-0.0,0.04121803783615433,0.3845936657443946,0.12819788858146489,0.11080191843240277,0.3845936657443946,0.1446793609116485,0.1489647204292894,0.3066605630758786,0.058932054977070464,0.07303370786516854,0.0,0.11080191843240277,0.12032071656610743,0.0,0.31927281721130374
wine,91,1,25.0,0.0,0.45171929816212175,0.8511368555349418,0.4665447588440717,0.11830626554787414,0.9802285714285714,1.0,0.0,1.0,0.7807399759279893,0.08853261818301224,0.2319382298887245,0.05883218550201065,0.13951361736895687,0.2475083181832797,1.0,1.0,0.7637555032934022,0.7807399759279893,0.920807410257709,0.8787497053107339,-0.0,-0.0,0.2695075629008164,0.24751312193052252,0.12925517120783478,0.12925517120783475,0.2695075629008164,0.11581837060903986,0.1569911255099074,0.3066605630758786,0.06764890551372234,0.24157303370786518,0.0,0.12925517120783475,0.12125029468926607,0.0,0.21926002407201073
wine,92,1,25.0,0.0,0.48755354937902956,0.8125109161883046,0.5047230855524428,0.13207865707901148,0.9802285714285714,0.9230769230769231,0.24684720518702505,0.8461538461538463,0.6106000052896107,0.18071127554283448,0.3486416487831167,0.14966111836807655,0.1858446158688092,0.3114428461888471,0.7531527948129749,0.8461538461538463,0.9988010376762404,0.6106000052896107,0.7300676018183756,0.7300676018183756,0.28348715700839167,0.16705408466316607,0.001199681654110641,0.4933131900183877,0.3146181438966484,0.25193445144814086,0.4933131900183877,0.1632550859300449,0.7309413174807342,5.925877863465418,1.5396540140103936,0.6235955056179775,0.15384615384615385,0.25193445144814086,0.2699323981816244,0.07692307692307687,0.38939999471038933
wine,93,1,25.0,0.0,0.12506777840178473,0.9730509870072389,0.11852553093533147,0.028115599735526572,0.9802285714285714,1.0,0.0,1.0,0.6377261166209139,0.1642130113865142,0.1885085084226295,0.03794030487372246,0.15885038143537786,0.25315460228131587,1.0,1.0,0.996526938275068,0.6377261166209139,0.8607520538067643,0.8607520538067643,-0.0,-0.0,0.003479106804485994,0.44984637209946643,0.14994879069982214,0.1206548539207549,0.44984637209946643,0.174396406863418,0.20750996972084235,0.7583988386952285,0.16388213567326565,0.1853932584269663,0.0,0.1206548539207549,0.13924794619323566,0.0,0.36227388337908606
wine,94,1,25.0,0.0,0.15196458216837222,0.9661403082085284,0.14718177256839815,0.03506159282789058,0.9802285714285714,1.0,0.0,1.0,0.5345165374565971,0.23147752018624815,0.27068971779218615,0.1753642529558381,0.3053907772211763,0.3159453275727975,1.0,1.0,0.908584596372587,0.5345165374565971,0.8115595303438592,0.8115595303438592,-0.0,-0.0,0.09586727894539279,0.6263926089459099,0.20879753631530323,0.18621148484132116,0.6263926089459099,0.23314418776874954,0.3267345012737612,0.836041244236063,0.25812433021810893,0.449438202247191,0.0,0.18621148484132116,0.1884404696561408,0.0,0.4654834625434029
wine,95,1,25.0,0.0,0.6588188646608171,0.689188975818807,0.6871916160391389,0.18848941812989436,0.9802285714285714,0.3076923076923077,0.5618376711211266,0.0,0.05087791144105254,0.8658098654111983,0.9182992854381715,1.0,0.588691739997774,0.8760170442178179,0.4381623288788734,1e-09,0.0006001203371149027,0.05087791144105254,0.00028144147860306186,0.00028144147860306186,0.8251658233873442,20.72326583694641,7.418380360999797,2.978326409514244,8.175586023282666,8.024144890826094,20.72326583694641,6.9129319633011965,1.6962439357679395,7.570006046181102,2.6588843126283526,1.0,0.3076923076923077,8.024144890826094,0.9997185585213969,0.6923076923076923,0.9491220885589474
wine,96,1,25.0,0.0,0.5592342450196511,0.7805183048024505,0.5810927297871107,0.15267491564836425,0.9802285714285714,0.38461538461538464,0.9214632400757697,0.0,0.15282932993257006,0.657208609589886,0.6184543696665095,0.5653735175521272,0.5567111764575424,0.5307061444087958,0.07853675992423026,1e-09,0.013270923484492336,0.15282932993257006,0.00022896014761513892,0.00022896014761513892,2.5441884845127465,20.72326583694641,4.322179841160982,1.8784334708492418,8.381962597436132,7.570006046181102,20.72326583694641,6.955123753980925,0.42007965517347484,1.2399204961102395,0.3248484672300142,0.9887640449438202,0.07692307692307693,7.570006046181102,0.9997710398523849,0.6153846153846154,0.84717067006743
wine,97,1,25.0,0.0,0.1656541270438009,0.9593008688850664,0.16176681059750095,0.03910709831870747,0.9802285714285714,1.0,0.0,1.0,0.7274268401785224,0.1147303874881026,0.21783974237748066,0.016214299082210913,0.08430545816763993,0.28825076447940695,1.0,1.0,0.8823678089280032,0.7274268401785224,0.8993521428845954,0.8950756534145536,-0.0,-0.0,0.1251462929775641,0.3182418483218115,0.11084703532484394,0.11084703532484393,0.3182418483218115,0.11643986233938998,0.2328855245100363,0.7583988386952285,0.1707326937908728,0.07865168539325842,0.0,0.11084703532484393,0.10492434658544636,0.0,0.27257315982147756
wine,98,1,25.0,0.0,0.5145719454655806,0.8113730548108073,0.5335088733922573,0.13816462847459415,0.9802285714285714,0.6923076923076923,0.5618376711211266,0.3846153846153846,0.4656868114495361,0.28409635655792315,0.41454793607033963,0.15410985503850075,0.3506753257523144,0.3701497716459303,0.4381623288788734,0.3846153846153846,0.7177237619156005,0.4656868114495361,0.42813941267759204,0.42813941267759204,0.8251658233873442,0.9555114450274365,0.3316705166706066,0.7642419492369154,0.8483064058838987,0.7449792280412403,0.9555114450274365,0.21569670997303925,0.8449166393137777,5.992616658278608,1.5182943835605895,0.8258426966292135,0.07692307692307693,0.7449792280412403,0.571860587322408,0.3076923076923077,0.534313188550464
wine,99,1,25.0,0.0,0.1833011915389776,0.9572547035279969,0.18056824695687604,0.04328226853907544,0.9802285714285714,0.9230769230769231,0.24684720518702505,0.8461538461538463,0.2600247089782055,0.4960348791129625,0.4454293919039968,0.30013612554620184,0.43316758394961113,0.49567865434894964,0.7531527948129749,0.8461538461538463,0.10609750456188007,0.2600247089782055,0.5492655336559656,0.3641355271760214,0.28348715700839167,0.16705408466316607,2.2433967533194696,1.3469786179505447,1.0102291532353929,1.010229153235393,2.2433967533194696,0.758050216967827,0.8041785788145914,5.992616658278608,1.5269964961761624,0.8820224719101124,0.07692307692307693,1.010229153235393,0.6358644728239786,0.07692307692307687,0.7399752910217945
wine,100,1,25.0,0.0,0.23647211227335813,0.9392943939546099,0.23721731075046448,0.05767370567078164,0.9802285714285714,0.9230769230769231,0.24684720518702505,0.8461538461538463,0.5933112737409265,0.1916426117637432,0.3075431484430742,0.08289313992096103,0.24479178527300038,0.33851907724014213,0.7531527948129749,0.8461538461538463,0.990925880874494,0.5933112737409265,0.7231110672720493,0.7231110672720493,0.28348715700839167,0.16705408466316607,0.00911553970503761,0.5220361041436015,0.3241924486050531,0.26117706682505,0.5220361041436015,0.17024116132166678,0.2708047942856572,0.7583988386952285,0.20277970025579461,0.6348314606741573,0.0,0.26117706682505,0.2768889327279507,0.07692307692307687,0.4066887262590735
wine,101,1,25.0,0.0,0.26047798266485406,0.9290256334568133,0.26279351038074744,0.06450296127405268,0.9802285714285714,1.0,0.0,1.0,0.6858746613957053,0.13674363925747995,0.24796949209149874,0.037655711405656586,0.1438071655191451,0.26931481062791607,1.0,1.0,0.9527860613849712,0.6858746613957053,0.8818910184758966,0.8818910184758966,-0.0,-0.0,0.048364890157025414,0.3770603772853425,0.12568679242844752,0.11022241197416308,0.3770603772853425,0.14111410985610687,0.24910027669755136,0.7583988386952285,0.17920855818824155,0.05056179775280899,0.0,0.11022241197416308,0.11810898152410343,0.0,0.3141253386042947
wine,102,1,25.0,0.0,0.26010072367186904,0.9390235355386624,0.2623915732228962,0.06288488446881196,0.9802285714285714,0.9230769230769231,0.24684720518702505,0.8461538461538463,0.664024177592991,0.14893477520199808,0.16446555496873688,0.07244821350071931,0.03991614725773406,0.08017243060748164,0.7531527948129749,0.8461538461538463,0.9784236110547748,0.664024177592991,0.7507674567804833,0.7507674567804833,0.28348715700839167,0.16705408466316607,0.02181256258762424,0.40943671813096827,0.2866593199341753,0.23368996846486514,0.40943671813096827,0.13077064527746385,0.2179533983566275,0.8437598444321924,0.19873394944876824,0.5561797752808989,0.0,0.23368996846486514,0.2492325432195167,0.07692307692307687,0.33597582240700896
wine,103,1,25.0,0.0,0.062102159644649504,0.9883700615836882,0.051441054975348295,0.011986889362989464,0.9802285714285714,1.0,0.0,1.0,0.6807473717646914,0.13956477655195393,0.17682618182444043,0.03339394630893045,0.13557424051514938,0.28541726329381817,1.0,1.0,0.9595939909550009,0.6807473717646914,0.8796879798440528,0.8796879798440528,-0.0,-0.0,0.04124501006725785,0.3845640082294171,0.12818800274313902,0.11079940420796279,0.3845640082294171,0.14466530438498432,0.15492536833749598,0.26117706682505,0.048432839039847554,0.06741573033707865,0.0,0.11079940420796279,0.12031202015594722,0.0,0.31925262823530864
wine,104,1,25.0,0.0,0.12401911725351558,0.9743685519792323,0.1174082722633795,0.0276838091155847,0.9802285714285714,1.0,0.0,1.0,0.850831909122047,0.05717080661937972,0.14450672672452344,0.05833849884515705,0.08622922050276141,0.16789198924896,1.0,1.0,0.5898056962102466,0.850831909122047,0.9475771721418319,0.8416628975799577,-0.0,-0.0,0.5279621247801064,0.16154069151443692,0.1723757040736359,0.17237570407363584,0.5279621247801064,0.19286568735664747,0.1982676891817792,0.7583988386952285,0.16850911418534473,0.4101123595505618,0.0,0.17237570407363584,0.15833710242004229,0.0,0.14916809087795302
wine,105,1,25.0,0.0,0.21543734872932596,0.9480642640908573,0.21480657109369505,0.0517246914491728,0.9802285714285714,1.0,0.0,1.0,0.4473793871505076,0.29934136006044815,0.38506051952823656,0.2182626029957198,0.32854483317983585,0.38710784323991315,1.0,1.0,0.6555413154948364,0.4473793871505076,0.7648189795679546,0.735900350269133,-0.0,-0.0,0.42229394878699517,0.8043483035165191,0.3066605630758785,0.3066605630758786,0.8043483035165191,0.29971505426586637,0.6158575356645358,5.925877863465418,1.535477665838308,0.6797752808988764,0.07692307692307693,0.3066605630758786,0.26409964973086697,0.0,0.5526206128494924
wine,106,1,25.0,0.0,0.030860348429251592,0.9943688830009922,0.018155579905063304,0.004230323682265413,0.9802285714285714,1.0,0.0,1.0,0.8437996832003233,0.06017273195629816,0.11916943267814792,0.0410856978868986,0.01673081379640644,0.16162046427364615,1.0,1.0,0.6072428749086575,0.8437996832003233,0.9449593342896899,0.8460586040743011,-0.0,-0.0,0.4988264445426605,0.16984015473600422,0.16716664981966622,0.16716664981966617,0.4988264445426605,0.18215089606592566,0.18009867717444697,0.7583988386952285,0.16883503700016964,0.38764044943820225,0.0,0.16716664981966617,0.1539413959256989,0.0,0.15620031679967672
wine,107,1,25.0,0.0,0.25876792649991687,0.9346483631135635,0.2609715919441252,0.06326525429498996,0.9802285714285714,1.0,0.0,1.0,0.7247033246881486,0.11612853849305374,0.2391354280097505,0.08742314189542466,0.09970443604085816,0.17878827712093678,1.0,1.0,0.88770946225599,0.7247033246881486,0.8982283355980271,0.8955869893008719,-0.0,-0.0,0.11911077166987773,0.3219929152023197,0.1102759217180493,0.11027592171804934,0.3219929152023197,0.11766367130531037,0.6874339526292161,5.925877863465418,1.5403172359922663,0.056179775280898875,0.15384615384615385,0.11027592171804934,0.10441301069912812,0.0,0.2752966753118514
wine,108,1,25.0,0.0,0.07135080236121132,0.9871167594307282,0.06129469196373025,0.014202840640960699,0.9802285714285714,1.0,0.0,1.0,0.6809680149274446,0.13944288185691645,0.17308912995300801,0.08442773302521615,0.14050902809906007,0.25022755070179636,1.0,1.0,0.9593106433405116,0.6809680149274446,0.8797830107761053,0.8797830107761053,-0.0,-0.0,0.041540332316716694,0.3842399417367556,0.12807998057891856,0.11077205092647817,0.3842399417367556,0.14451171380040675,0.1470313300094933,0.22946879301048767,0.03543397449576896,0.06179775280898876,0.0,0.11077205092647817,0.12021698922389468,0.0,0.31903198507255537
wine,109,1,25.0,0.0,0.3513794715889057,0.8898476726164521,0.359641264263277,0.09040800484484536,0.9802285714285714,0.7692307692307693,0.4917150007886506,0.5384615384615385,0.4225307441753712,0.3209721121680529,0.3647786366696767,0.12043593589271255,0.28953542559311457,0.3486581669555169,0.5082849992113494,0.5384615384615385,0.5676975454144861,0.4225307441753712,0.48719942269297434,0.48719942269297434,0.676712966648116,0.6190392084062233,0.5661664925518373,0.8614930675533335,0.7190817475358908,0.6884986965390801,0.8614930675533335,0.10078796303528346,0.7432380839387283,5.992616658278608,1.5329495217379567,0.8089887640449438,0.07692307692307693,0.6884986965390801,0.5128005773070257,0.23076923076923073,0.5774692558246288
wine,110,1,25.0,0.0,0.4541488798504073,0.87297751117958,0.4691332701233663,0.11548340078303182,0.9802285714285714,0.8461538461538461,0.39078665545522084,0.6923076923076923,0.083948306421659,0.7905378757496196,0.742058769580148,0.46162023677907166,0.680200686441552,0.7724398036738359,0.6092133445447792,0.6923076923076923,0.0019026841520617744,0.083948306421659,0.3283675011298671,0.09059657952914853,0.49558675317021605,0.3677247801253174,6.264489678136517,2.4775540693171227,2.401338820187293,2.401338820187293,6.264489678136517,2.1305971144423714,0.610121075361383,1.4041720625222869,0.4264621257820595,0.949438202247191,0.15384615384615385,2.401338820187293,0.9094034204708514,0.15384615384615385,0.916051693578341
wine,111,1,25.0,0.0,0.16041699182026445,0.9667162244614103,0.1561870913961757,0.036822398058304937,0.9802285714285714,1.0,0.0,1.0,0.731862187451635,0.1124663766246939,0.14239421096473368,0.06641436466563926,0.08520997919869847,0.16281281980715293,1.0,1.0,0.8734842372570398,0.731862187451635,0.9011763167805705,0.8941720599068419,-0.0,-0.0,0.13526519506937115,0.31216305125426125,0.11185706158090812,0.11185706158090811,0.31216305125426125,0.11462498389397077,0.1596028017353707,0.23368996846486514,0.04107104823932625,0.10674157303370786,0.0,0.11185706158090811,0.1058279400931581,0.0,0.268137812548365
wine,112,1,25.0,0.0,0.538453952532031,0.8405793901942819,0.5589531072543106,0.13890396055021692,0.9802285714285714,0.7692307692307693,0.4917150007886506,0.5384615384615385,0.31205473910013226,0.43261981159567847,0.5103329606561205,0.1776782205913528,0.3874448824066466,0.42791826662036425,0.5082849992113494,0.5384615384615385,0.21296667552326148,0.31205473910013226,0.44038338058922877,0.3672409512069364,0.676712966648116,0.6190392084062233,1.5466195784551846,1.164576660727718,1.0017371035593103,1.0017371035593103,1.5466195784551846,0.3392674465246927,0.24738658049450102,0.7259853368491822,0.18539054049247997,0.8764044943820225,0.0,1.0017371035593103,0.6327590487930637,0.23076923076923073,0.6879452608998677
wine,113,1,25.0,0.0,0.06465614159521739,0.9883690296146702,0.054162104083528256,0.012545820041144079,0.9802285714285714,1.0,0.0,1.0,0.5944014875799843,0.1909433485481354,0.20570776384447195,0.08558450969599121,0.22512699047475707,0.2841610048696048,1.0,1.0,0.9916424936375178,0.5944014875799843,0.8408011477865562,0.8408011477865562,-0.0,-0.0,0.008392626131467741,0.520200282923603,0.1734000943078676,0.14039860067258766,0.520200282923603,0.20109078938581593,0.5997153767892355,5.992616658278608,1.5581239507248652,0.28651685393258425,0.07692307692307693,0.14039860067258766,0.15919885221344376,0.0,0.40559851242001566
wine,114,1,25.0,0.0,0.08653595576216765,0.9835576278769149,0.07747317282968179,0.018071752879064075,0.9802285714285714,1.0,0.0,1.0,0.6750378853166582,0.14273453065699326,0.2144417811767498,0.10150095582569325,0.09874194886738975,0.24313099469466776,1.0,1.0,0.9666175063363783,0.6750378853166582,0.8772217326143014,0.8772217326143014,-0.0,-0.0,0.03395240848295823,0.3929864632895852,0.13099548776319503,0.1115868719071477,0.3929864632895852,0.1486558402988975,0.14509307692230414,0.23368996846486514,0.035138720247442745,0.10112359550561797,0.0,0.1115868719071477,0.12277826738569864,0.0,0.3249621146833418
wine,115,1,25.0,0.0,0.05440720954167449,0.9905531558809089,0.04324274444675048,0.009968059157208418,0.9802285714285714,1.0,0.0,1.0,0.24110256432119537,0.5212230570901958,0.5198206489413796,0.2695284761363534,0.6417319079272487,0.7168644619517616,1.0,1.0,0.07869720629173346,0.24110256432119537,0.6223966930784903,0.37114215595369215,-0.0,-0.0,2.542147622387922,1.4225328579279088,0.9911701200789577,0.9911701200789578,2.542147622387922,0.9546142087930357,0.22333778362996345,1.010229153235393,0.23642366022975572,0.8707865168539326,0.0,0.9911701200789578,0.6288578440463078,0.0,0.7588974356788046
wine,116,1,25.0,0.0,0.013819486050020327,0.9976376933138096,0.0,0.0,0.9802285714285714,1.0,0.0,1.0,0.8400873956037551,0.0617698769236553,0.16164188956845554,0.04402214486735499,0.11888078263928191,0.29094510992645733,1.0,1.0,0.616485299854869,0.8400873956037551,0.9435715176042176,0.8483240872526872,-0.0,-0.0,0.48372080117967275,0.1742493501713886,0.16449253783776538,0.16449253783776535,0.48372080117967275,0.17670170882695,0.18822761138600771,0.7583988386952285,0.1685002278666995,0.38202247191011235,0.0,0.16449253783776535,0.15167591274731285,0.0,0.15991260439624488
wine,117,1,25.0,0.0,0.06859306342068038,0.9873631321802318,0.05835655722747796,0.013561650128448012,0.9802285714285714,1.0,0.0,1.0,0.6317338232507509,0.1677911881118513,0.09036810332629121,0.07353867651552506,0.15071334288534372,0.1525520887938367,1.0,1.0,0.9985195031881607,0.6317338232507509,0.8580475914880663,0.8580475914880663,-0.0,-0.0,0.0014815938301326074,0.4592871392929638,0.15309571309765457,0.1227728892441502,0.4592871392929638,0.17833634354347927,0.20687440314993932,0.7583988386952285,0.16587313742844884,0.20224719101123595,0.0,0.1227728892441502,0.1419524085119337,0.0,0.3682661767492491
wine,118,1,25.0,0.32,0.7402244658120778,0.5214766556055541,0.7739223144938552,0.4620519457116946,0.9802285714285714,0.38461538461538464,0.6064727741416684,0.0,0.3718663201913268,0.36877343993901945,0.5037294288695832,0.05027904787912969,0.330068464778298,0.41789808835829373,0.39352722585833155,1e-09,0.3901221926202448,0.3718663201913268,0.0005269715995326964,0.0005269715995326964,0.9326050245515902,20.72326583694641,0.9412952745202711,0.9892208436166187,7.548363901704873,6.226950176267953,20.72326583694641,7.684937850832532,0.32237944658762324,0.9875533375946819,0.24407631464134605,0.9719101123595506,0.0,6.226950176267953,0.9994730284004673,0.6153846153846154,0.6281336798086732
wine,119,1,25.0,0.0,0.13985133485986723,0.9709471231468848,0.13427614464152815,0.03167313988624913,0.9802285714285714,1.0,0.0,1.0,0.5870433752309306,0.1956893538760348,0.22049753096646113,0.058907072089107206,0.14586604621609325,0.2621955594621716,1.0,1.0,0.986227403207765,0.5870433752309306,0.8373172989360476,0.8373172989360476,-0.0,-0.0,0.013868318914429079,0.5326565688159739,0.1775521896053246,0.14481541546714552,0.5326565688159739,0.20522310192634452,0.20628986749131845,0.7583988386952285,0.18042565928777218,0.30337078651685395,0.0,0.14481541546714552,0.16268270106395244,0.0,0.41295662476906936
wine,120,1,25.0,0.0,0.358965370551956,0.9041231421263967,0.36772339013874045,0.08987517049341853,0.9802285714285714,1.0,0.0,1.0,0.5536319894320714,0.2180515372740542,0.25457826107916265,0.0980393136756629,0.2776346241600266,0.21919762771209134,1.0,1.0,0.9446027222583862,0.5536319894320714,0.8211208099026335,0.8211208099026335,-0.0,-0.0,0.05699083960770924,0.5912550919693885,0.19708503065646285,0.16906619244671212,0.5912550919693885,0.22304984274625128,0.31516924464127644,0.836041244236063,0.26367952179124715,0.39325842696629215,0.0,0.16906619244671212,0.17887919009736652,0.0,0.44636801056792863
wine,121,1,25.0,0.0,0.8435937098309193,0.6456450594110347,0.8840533939982204,0.23560306592994304,0.9802285714285714,0.6923076923076923,0.5618376711211266,0.3846153846153846,0.0,1.0,1.0,0.3036404423585263,1.0,1.0,0.4381623288788734,0.3846153846153846,7.16838026786384e-05,1e-09,0.000552357891034661,0.00033152835673238076,0.8251658233873442,0.9555114450274365,9.543245739942487,20.72326583694641,8.01179721132592,8.01179721132592,20.72326583694641,7.285130180548683,1.0325669264803299,7.5384310098787255,1.9255034694523265,0.9943820224719101,0.15384615384615385,8.01179721132592,0.9996684716432677,0.3076923076923077,1.0
wine,122,1,25.0,0.0,0.2959768947740842,0.9296279244513463,0.3006145619800751,0.07217707671494865,0.9802285714285714,0.7692307692307693,0.625418115623811,0.6153846153846154,0.2921594470598135,0.4559192917994588,0.5047097068754447,0.06603061445333833,0.2995673627094428,0.44091914214333183,0.374581884376189,0.6153846153846154,0.16651224331478534,0.2921594470598135,0.40685324064232753,0.3254167307033108,0.9819448500555983,0.48550781578170077,1.792686438842954,1.2304555741710623,1.1226486697128288,1.1226486697128288,1.792686438842954,0.4210270711780807,0.3953991878629077,1.4041720625222869,0.35490877514497904,0.8932584269662921,0.07692307692307693,1.1226486697128288,0.6745832692966892,0.23076923076923073,0.7078405529401866
wine,123,1,25.0,0.0,0.7080922365282268,0.7518936773164293,0.73968817520512,0.18963911060977326,0.9802285714285714,0.6923076923076923,0.7193329040881773,0.4615384615384615,0.2609478192464166,0.49483696281694084,0.6073307520042017,0.12804020551874806,0.37529800643996664,0.5239827822771842,0.2806670959118227,0.4615384615384615,0.10758462627826751,0.2609478192464166,0.3233337383933674,0.24557028915513593,1.270586024032049,0.7731898882334818,2.2294775199173147,1.3434348179063025,1.404172062522287,1.4041720625222869,2.2294775199173147,0.46921249873363374,0.4764065100746325,1.2651466887847729,0.3731733777311247,0.9157303370786517,0.07692307692307693,1.4041720625222869,0.7544297108448641,0.3076923076923077,0.7390521807535835
wine,124,1,25.0,0.0,0.36111000462564957,0.9079286059190799,0.37000831413058727,0.08975991746215706,0.9802285714285714,0.8461538461538461,0.39078665545522084,0.6923076923076923,0.23010165409808103,0.5364443414856462,0.6141619290065334,0.026815946159326365,0.5048904440921299,0.6225060193102272,0.6092133445447792,0.6923076923076923,0.06534717108781225,0.23010165409808103,0.4595464708039201,0.2821978978375649,0.49558675317021605,0.3677247801253174,2.7280411284822104,1.4692340933613481,1.265146688784773,1.2651466887847729,2.7280411284822104,0.8460851478485535,0.6120567684438727,2.401338820187293,0.6287568133919422,0.9101123595505618,0.15384615384615385,1.2651466887847729,0.7178021021624351,0.15384615384615385,0.769898345901919
wine,125,1,25.0,0.0,0.1263219123427313,0.9731007056892925,0.11986170327624877,0.028382348961030077,0.9802285714285714,1.0,0.0,1.0,0.865155805089247,0.0511498869373081,0.13341647517357338,0.04664972770249919,0.09911474431674794,0.1907965848591945,1.0,1.0,0.5546729564022997,0.865155805089247,0.9528651470824814,0.8323056245931335,-0.0,-0.0,0.5893766066657786,0.14484566677972668,0.18355556836137632,0.18355556836137632,0.5893766066657786,0.21613628337873303,0.14537523753290446,0.23368996846486514,0.03597571838115635,0.43258426966292135,0.0,0.18355556836137632,0.1676943754068665,0.0,0.13484419491075295
wine,126,1,25.0,0.0,0.7274716091053481,0.7462828871528383,0.7603352375135822,0.1947407599898013,0.9802285714285714,1.0,0.0,1.0,0.5607195250607222,0.2131932437911859,0.25408388016481065,0.14584063531656338,0.23916705193834176,0.20034845888666047,1.0,1.0,0.9557430559327618,0.5607195250607222,0.8246099288816736,0.8246099288816736,-0.0,-0.0,0.04526617200066029,0.578534453807258,0.19284481793575262,0.16332908874873417,0.578534453807258,0.21934370664182268,0.21532684136828698,0.7449792280412403,0.18121773617635983,0.3707865168539326,0.0,0.16332908874873417,0.17539007111832638,0.0,0.4392804749392778
wine,127,1,25.0,0.0,0.1845833429476669,0.9608811469400833,0.18193426951094693,0.043005812527723536,0.9802285714285714,0.9230769230769231,0.24684720518702505,0.8461538461538463,0.3299959544563808,0.4125345211904237,0.5214770900698428,0.05213856111690398,0.4198866754438806,0.5235171597759664,0.7531527948129749,0.8461538461538463,0.26061130830115403,0.3299959544563808,0.5946759114343507,0.4838475811460309,0.28348715700839167,0.16705408466316607,1.3447252219053265,1.1086748838198446,0.7259853368491822,0.7259853368491822,1.3447252219053265,0.455521485454318,0.3018266977195032,1.1226486697128288,0.3320585051179857,0.8202247191011236,0.0,0.7259853368491822,0.5161524188539691,0.07692307692307687,0.6700040455436191
wine,128,1,25.0,0.0,0.1338591911791836,0.9726932441523968,0.12789202856945295,0.030093970680241545,0.9802285714285714,1.0,0.0,1.0,0.6995793300412096,0.12931866471213063,0.15749861163375584,0.05707174925613101,0.08059614846787215,0.21698748276725133,1.0,1.0,0.9324000355092389,0.6995793300412096,0.8877261020345613,0.8877261020345613,-0.0,-0.0,0.06999333373683891,0.35727608166980473,0.11909202722326821,0.10927228852598236,0.35727608166980473,0.13192877703560013,0.14181826961449365,0.23368996846486514,0.036520903523736895,0.03932584269662921,0.0,0.10927228852598236,0.11227389796543874,0.0,0.30042066995879035
wine,129,1,25.0,0.0,0.3338595563574174,0.905863070273226,0.34097529455842857,0.08411517370061816,0.9802285714285714,0.9230769230769231,0.24684720518702505,0.8461538461538463,0.4377971721181536,0.3075509306947512,0.35647217982570445,0.07143046877394955,0.11594035564677348,0.2774961330777665,0.7531527948129749,0.8461538461538463,0.6219786786177579,0.4377971721181536,0.6534340962945425,0.6454241605156356,0.28348715700839167,0.16705408466316607,0.47484946558007274,0.8259995532149357,0.4378475651166415,0.4378475651166416,0.8259995532149357,0.2232430743158749,1.2518866275435596,6.226950176267953,2.0953808808158843,0.7528089887640449,0.23076923076923078,0.4378475651166416,0.35457583948436444,0.07692307692307687,0.5622028278818464
wine,130,2,25.0,0.0,0.6491494829053357,0.7342808599517063,0.6768897176265233,0.17944842085678733,0.9802285714285714,0.7692307692307693,0.4917150007886506,0.5384615384615385,0.32576312746100716,0.4171971743704844,0.5123384775185591,0.30520341576835386,0.35645732490645293,0.39978544636269225,0.5082849992113494,0.5384615384615385,0.24889858644527724,0.32576312746100716,0.446739789671321,0.3859638093314687,0.676712966648116,0.6190392084062233,1.3907097488321212,1.1215847645995884,0.9520116721215122,0.9520116721215122,1.3907097488321212,0.28561200080883253,0.9002461083905108,7.570006046181102,1.9475930200663938,0.8595505617977528,0.15384615384615385,0.9520116721215122,0.6140361906685313,0.23076923076923073,0.6742368725389929
wine,131,2,25.0,0.0,0.16737031199643757,0.9625169755084475,0.16359525873269842,0.03898862421463807,0.9802285714285714,0.9230769230769231,0.24684720518702505,0.8461538461538463,0.6513463307574462,0.15621514341905784,0.24106615144995744,0.15978468336748713,0.22536200836585296,0.319766706874969,0.7531527948129749,0.8461538461538463,0.988999478087969,0.6513463307574462,0.7459587260859206,0.7459587260859206,0.28348715700839167,0.16705408466316607,0.011061475076481316,0.42871378014306816,0.29308500727154196,0.23668030083252986,0.42871378014306816,0.14000063884372174,0.32562380171322286,1.2399204961102395,0.33738878253182847,0.5674157303370787,0.07692307692307693,0.23668030083252986,0.2540412739140794,0.07692307692307687,0.3486536692425538
wine,132,2,25.0,0.0,0.20018783196264547,0.9520298014117847,0.19855951657205878,0.047779279233963697,0.9802285714285714,1.0,0.0,1.0,0.5368298258581409,0.22982713269616015,0.2574940381512948,0.1871812425674916,0.30308095105216637,0.423249438833859,1.0,1.0,0.9133946025839841,0.5368298258581409,0.8127286051404182,0.8127286051404182,-0.0,-0.0,0.09058728739695232,0.6220741325393176,0.20735804417977258,0.1840038928232085,0.6220741325393176,0.23190190970669863,0.18024352143961936,0.27045441768975237,0.05936540202362354,0.43820224719101125,0.0,0.1840038928232085,0.18727139485958177,0.0,0.4631701741418591
wine,133,2,25.0,0.0,0.3641996728807883,0.8834222013102873,0.3733000911332978,0.0941997315446608,0.9802285714285714,1.0,0.0,1.0,0.49212096984425724,0.2630487784524638,0.3350976984582841,0.27809476765079866,0.28093387874274117,0.36288060343492123,1.0,1.0,0.8006477661674155,0.49212096984425724,0.7895093732140438,0.7895093732140438,-0.0,-0.0,0.2223341712413797,0.7090307190446158,0.23634357301487188,0.2335416926601735,0.7090307190446158,0.2589620503869467,0.26163561684101155,0.9520116721215122,0.2141819616900258,0.550561797752809,0.0,0.2335416926601735,0.2104906267859562,0.0,0.5078790301557428
wine,134,2,25.0,0.0,0.5950301960984212,0.7536743835091498,0.6192302509773772,0.164629374058305,0.9802285714285714,0.6153846153846154,0.6064727741416684,0.23076923076923078,0.4477882034440114,0.2989946898666314,0.4015328016767157,0.1897662161259111,0.27190908952498893,0.3891742975970118,0.39352722585833155,0.23076923076923078,0.656960503528504,0.4477882034440114,0.34388120898786984,0.34388120898786984,0.9326050245515902,1.466337068793427,0.4201313786995605,0.8034349185230918,1.067459003956036,0.937993478904741,1.466337068793427,0.3412402284592161,0.31867178138816865,1.0283559837686913,0.3088145739908792,0.8539325842696629,0.0,0.937993478904741,0.6561187910121302,0.3846153846153846,0.5522117965559886
wine,135,2,25.0,0.0,0.2574096081336022,0.9296729664383392,0.259524420017768,0.06373222654710675,0.9802285714285714,0.9230769230769231,0.24684720518702505,0.8461538461538463,0.6316958951447078,0.16781395380340128,0.2387570767986319,0.08743151003045542,0.24326778479867148,0.42572076154894195,0.7531527948129749,0.8461538461538463,0.9985294826597242,0.6316958951447078,0.7383803998017311,0.7383803998017311,0.28348715700839167,0.16705408466316607,0.0014715996120295454,0.4593471792073369,0.3032961402929648,0.2429312321567778,0.4593471792073369,0.15243665108697618,0.30697294149634496,0.9875533375946819,0.29444004362035514,0.5955056179775281,0.0,0.2429312321567778,0.2616196001982689,0.07692307692307687,0.3683041048552922
wine,136,2,25.0,0.0,0.6010578469475408,0.7237394952964818,0.625652196897461,0.17054571315438757,0.9802285714285714,1.0,0.0,1.0,0.5023108795854632,0.25522350136874355,0.32759310910794115,0.16103118690579368,0.40703644208038764,0.5936148978753468,1.0,1.0,0.8297522826019417,0.5023108795854632,0.794921411260491,0.794921411260491,-0.0,-0.0,0.1866280774344158,0.6885360689236465,0.22951202297454884,0.2209352338665222,0.6885360689236465,0.2520023168017668,0.19280113537413582,0.40976282654200025,0.08689770132550348,0.4887640449438202,0.0,0.2209352338665222,0.20507858873950902,0.0,0.49768912041453683
wine,137,2,25.0,0.0,0.40977166636280943,0.862717042758381,0.42185314852458594,0.10735021015339459,0.9802285714285714,0.9230769230769231,0.24684720518702505,0.8461538461538463,0.4531059173142175,0.29451164716801675,0.409221099903741,0.14185581111331486,0.37428982323614884,0.6778171996466179,0.7531527948129749,0.8461538461538463,0.6753078260641922,0.4531059173142175,0.6609633613329744,0.6609633613329744,0.28348715700839167,0.16705408466316607,0.39258665344999427,0.7916293677734477,0.4140568698150017,0.40976282654200025,0.7916293677734477,0.21023253465738997,0.6474665557180134,5.925877863465418,1.5253622015463104,0.7415730337078652,0.07692307692307693,0.40976282654200025,0.3390366386670256,0.07692307692307687,0.5468940826857824
wine,138,2,25.0,0.0,0.2759066424340685,0.9249463213788214,0.2792314264341863,0.06850504145358609,0.9802285714285714,0.9230769230769231,0.24684720518702505,0.8461538461538463,0.6932522402417459,0.1327258872622215,0.20315500551771706,0.07287164561495045,0.23213479063178644,0.3985421141611495,0.7531527948129749,0.8461538461538463,0.9421949251009596,0.6932522402417459,0.761625077833944,0.761625077833944,0.28348715700839167,0.16705408466316607,0.0595430989534153,0.366361362985166,0.2723008682189078,0.22974931436580937,0.366361362985166,0.10607741502096196,0.6240378703665529,5.925877863465418,1.5317461101048908,0.5280898876404494,0.07692307692307693,0.22974931436580937,0.23837492216605605,0.07692307692307687,0.3067477597582541
wine,139,2,25.0,0.0,0.7973550599973238,0.6607882887256568,0.8347900713403705,0.22316096786223386,0.9802285714285714,0.9230769230769231,0.24684720518702505,0.8461538461538463,0.5774846178094777,0.20194906643852123,0.2556583613240214,0.04942192714910476,0.219468865684341,0.276814574150157,0.7531527948129749,0.8461538461538463,0.9771618171161113,0.5774846178094777,0.7166233395389303,0.7166233395389303,0.28348715700839167,0.16705408466316607,0.023103014127698895,0.5490734727686727,0.3332049048134101,0.27118452667626786,0.5490734727686727,0.17527563105003516,0.6476405917268805,5.925877863465418,1.5264455638955772,0.651685393258427,0.07692307692307693,0.27118452667626786,0.2833766604610697,0.07692307692307687,0.4225153821905223
wine,140,2,25.0,0.0,0.695590318301152,0.7226932243053704,0.7263684516907245,0.19138866443878252,0.9802285714285714,1.0,0.0,1.0,0.6767731572674475,0.14176797814127406,0.22024225104740575,0.06033292877071317,0.18088356594207494,0.32731197775999016,1.0,1.0,0.9645463133813285,0.6767731572674475,0.8779727599798804,0.8779727599798804,-0.0,-0.0,0.03609742976810487,0.3904191327245129,0.13013971090817095,0.11133125468015774,0.3904191327245129,0.14744031107210515,0.18231195301081765,0.27192688646342894,0.0600941104836932,0.0898876404494382,0.0,0.11133125468015774,0.12202724002011955,0.0,0.32322684273255253
wine,141,2,25.0,0.0,0.9135363732371989,0.6212388042627066,0.9585713136894973,0.25465391113014973,0.9802285714285714,1.0,0.0,1.0,0.5853384975692386,0.1967979508821767,0.22645217595816086,0.10448136256933721,0.2141706651882516,0.27269865777616464,1.0,1.0,0.9847787081269856,0.5853384975692386,0.836505940536864,0.836505940536864,-0.0,-0.0,0.01533832485030535,0.5355649707676151,0.1785216569225384,0.14588499050809178,0.5355649707676151,0.206166404554752,0.16040795290628132,0.27045441768975237,0.05665889715096256,0.3202247191011236,0.0,0.14588499050809178,0.163494059463136,0.0,0.4146615024307614
wine,142,2,25.0,0.0,0.5520695717438966,0.8069168540260647,0.5734593838180612,0.14705294578224834,0.9802285714285714,1.0,0.0,1.0,0.58607565822551,0.19631819594263603,0.27547378086397883,0.08877839110144788,0.28131326192224265,0.4221360742449224,1.0,1.0,0.9854140636116775,0.58607565822551,0.8368569514428611,0.8368569514428611,-0.0,-0.0,0.014693356991494317,0.5343063881392051,0.17810212937973496,0.14542037490208687,0.5343063881392051,0.20575915651670074,0.2015937609669422,0.40976282654200025,0.08393230299959764,0.3089887640449438,0.0,0.14542037490208687,0.1631430485571389,0.0,0.41392434177449
wine,143,2,25.0,0.0,0.6379860544832873,0.7469158636760013,0.6649960404040623,0.17506547314839072,0.9802285714285714,0.9230769230769231,0.24684720518702505,0.8461538461538463,0.5763989871957609,0.20266685744807802,0.28523841677722855,0.17895783262236042,0.17946043985736182,0.33348516311687443,0.7531527948129749,0.8461538461538463,0.9759871283877093,0.5763989871957609,0.7161739906195941,0.7161739906195941,0.28348715700839167,0.16705408466316607,0.02430588078335572,0.5509551719787842,0.33383213788344723,0.27192688646342894,0.5509551719787842,0.17557741946932418,0.6266140954130149,5.925877863465418,1.5308448426192567,0.6573033707865169,0.07692307692307693,0.27192688646342894,0.2838260093804059,0.07692307692307687,0.4236010128042391
wine,144,2,25.0,0.0,0.5879501711599079,0.8110908678460993,0.611687090564458,0.1542620017596947,0.9802285714285714,1.0,0.0,1.0,0.5064886120798369,0.2520597645040509,0.2911390552419617,0.20706848095965924,0.3454823119216766,0.4056505334053374,1.0,1.0,0.8411497111536045,0.5064886120798369,0.7971191236001711,0.7971191236001711,-0.0,-0.0,0.17298561921165956,0.6802534391002806,0.22675114636676016,0.21599804093574004,0.6802534391002806,0.2493227144886932,0.17506357618833557,0.27045441768975237,0.055883935786073285,0.47191011235955055,0.0,0.21599804093574004,0.20288087639982888,0.0,0.49351138792016314
wine,145,2,25.0,0.0,0.5100780023151178,0.8499114866267041,0.5287209617161159,0.13126245686677313,0.9802285714285714,0.9230769230769231,0.24684720518702505,0.8461538461538463,0.5785628625042873,0.20123755196080073,0.19044845169400254,0.10456476680161461,0.2546862127263769,0.33051955534626565,0.7531527948129749,0.8461538461538463,0.9782992559296506,0.5785628625042873,0.7170690742986734,0.7170690742986734,0.28348715700839167,0.16705408466316607,0.021939668093866195,0.5472080735946141,0.33258310508872385,0.27045441768975237,0.5472080735946141,0.17497063855715236,0.2699681667152017,1.2399204961102395,0.28467758501350743,0.6460674157303371,0.07692307692307693,0.27045441768975237,0.2829309257013266,0.07692307692307687,0.42143713749571265
wine,146,2,25.0,0.0,0.34864156401216334,0.8895179419124308,0.3567242581472716,0.08985963458630962,0.9802285714285714,0.9230769230769231,0.24684720518702505,0.8461538461538463,0.3889874666506556,0.3520294064074659,0.41335572459915176,0.1590557391788951,0.5957324203672881,0.7577328222123558,0.7531527948129749,0.8461538461538463,0.4486489752325368,0.3889874666506556,0.6281875782366069,0.5774889496474613,0.28348715700839167,0.16705408466316607,0.8015144893540485,0.9442081552898021,0.5490659715788521,0.5490659715788521,0.9442081552898021,0.295409135934651,0.6393662549853892,6.226950176267953,1.6141058775520016,0.7752808988764045,0.07692307692307693,0.5490659715788521,0.42251105035253866,0.07692307692307687,0.6110125333493444
wine,147,2,25.0,0.0,0.12396325120965578,0.9716743071346401,0.11734875177663978,0.02808538490845681,0.9802285714285714,1.0,0.0,1.0,0.7391404223254038,0.10878554479220422,0.13950627141326497,0.028261410748694937,0.2576807606239904,0.5139138948769761,1.0,1.0,0.8584395975944001,0.7391404223254038,0.904153812521405,0.8925019507202542,-0.0,-0.0,0.15263895919276987,0.30226735940632815,0.11372657964977445,0.11372657964977448,0.30226735940632815,0.11218669150178233,0.16381990334395063,0.24159643961551333,0.05199525255530566,0.15168539325842698,0.0,0.11372657964977448,0.10749804927974582,0.0,0.2608595776745962
wine,148,2,25.0,0.0,0.0434459091486003,0.9920318274672921,0.031564417333892376,0.007342790976908571,0.9802285714285714,1.0,0.0,1.0,0.9043261196238802,0.03529960973883899,0.0004329843029436051,0.006707773509424383,0.1423576597718316,0.3544856284632208,1.0,1.0,0.462622676029977,0.9043261196238802,0.9670338838667248,0.80424431153419,-0.0,-0.0,0.7708435117307972,0.10056523184891676,0.21785218589492847,0.2178521858949285,0.7708435117307972,0.2879148436039727,0.14204527255849891,0.23164760891610023,0.037314060241749776,0.48314606741573035,0.0,0.2178521858949285,0.19575568846581004,0.0,0.09567388037611979
wine,149,2,25.0,0.0,0.4856581621147483,0.8505814150339037,0.5027037126966631,0.12581687772604225,0.9802285714285714,1.0,0.0,1.0,0.6877235150799669,0.13573219682975257,0.1795375561006889,0.12068255659842426,0.32249431039834275,0.5024694397872828,1.0,1.0,0.9502184529674835,0.6877235150799669,0.8826827202668995,0.8826827202668995,-0.0,-0.0,0.051063370330024664,0.37436838943555123,0.12478946314518367,0.11004424458215192,0.37436838943555123,0.13984483550121582,0.1719073247168363,0.24889355364776278,0.051146011380197094,0.0449438202247191,0.0,0.11004424458215192,0.11731727973310047,0.0,0.3122764849200331
wine,150,2,25.0,0.0,0.8196452048580493,0.6640049776490037,0.8585383123101209,0.22754367202969406,0.9802285714285714,1.0,0.0,1.0,0.48288716814083177,0.2702759694931632,0.3832958623614876,0.32432212332537413,0.4825324466330733,0.5800548609325709,1.0,1.0,0.772800080717865,0.48288716814083177,0.7845402358071522,0.7815885813813621,-0.0,-0.0,0.2577348916352512,0.7279722589534557,0.2464267876471767,0.2464267876471767,0.7279722589534557,0.26588201800483047,0.22087638660726194,0.5603784731986674,0.12462754354223321,0.601123595505618,0.0,0.2464267876471767,0.2184114186186379,0.0,0.5171128318591682
wine,151,2,25.0,0.0,0.436011597871642,0.8602996337304506,0.44980954900538656,0.11346238607958788,0.9802285714285714,1.0,0.0,1.0,0.481268585401289,0.27155642775077027,0.3436099426284873,0.32489419554956883,0.46539843416470295,0.5750220896968525,1.0,1.0,0.7677858395449376,0.481268585401289,0.7836626914545339,0.7796629612459436,-0.0,-0.0,0.2642444394808785,0.7313297751101726,0.24889355364776278,0.24889355364776278,0.7313297751101726,0.267161509042606,0.19765396530804116,0.5603784731986674,0.11482190035501233,0.6123595505617978,0.0,0.24889355364776278,0.2203370387540564,0.0,0.518731414598711
wine,152,2,25.0,0.0,0.553270156667779,0.8203593574275118,0.5747385042659163,0.14525103437225298,0.9802285714285714,1.0,0.0,1.0,0.3459632637393569,0.3953519855013407,0.42122199264557064,0.31777932713302354,0.4541404160902124,0.4734225302343467,1.0,1.0,0.3072507132713548,0.3459632637393569,0.7020100482996057,0.5709929174327051,-0.0,-0.0,1.1800912090696727,1.0614226837249967,0.5603784731986674,0.5603784731986674,1.1800912090696727,0.5026205810254128,0.2698289811691118,0.9520116721215122,0.21089773770653542,0.7808988764044944,0.0,0.5603784731986674,0.4290070825672949,0.0,0.6540367362606432
wine,153,2,25.0,0.0,0.31138725353267904,0.9216873137319074,0.3170329798735469,0.07676819452706485,0.9802285714285714,1.0,0.0,1.0,0.5282547768972543,0.23598113945345892,0.2966113784803111,0.18754389116335374,0.4080319044655972,0.560704294441143,1.0,1.0,0.8949630125264808,0.5282547768972543,0.8083779850626406,0.8083779850626406,-0.0,-0.0,0.1109728883473118,0.6381765796546297,0.21272552655154328,0.19237499891069695,0.6381765796546297,0.23655687577620946,0.18065363688416317,0.46671805544299894,0.09443984063632249,0.4606741573033708,0.0,0.19237499891069695,0.19162201493735942,0.0,0.4717452231027457
wine,154,2,25.0,0.0,0.4438256623666609,0.8423332709695296,0.45813476572068246,0.11793136658249598,0.9802285714285714,0.8461538461538461,0.39078665545522084,0.6923076923076923,0.48981945737684673,0.2648378859048208,0.2970074590161205,0.1819676226150418,0.34760406821857726,0.4391124880490314,0.6092133445447792,0.6923076923076923,0.7938317944070832,0.48981945737684673,0.5911552251224924,0.5911552251224924,0.49558675317021605,0.3677247801253174,0.23088368601240766,0.7137184101064066,0.5256766478006466,0.46671805544299894,0.7137184101064066,0.16170108898084562,0.37339952272308113,1.2399204961102395,0.38190257201323247,0.7584269662921348,0.07692307692307693,0.46671805544299894,0.4088447748775076,0.15384615384615385,0.5101805426231533
wine,155,2,25.0,0.0,0.12177480017081868,0.9743308010637712,0.11501714455983894,0.027198584883636977,0.9802285714285714,0.9230769230769231,0.24684720518702505,0.8461538461538463,0.6354069243505848,0.16559350063541023,0.26274492903010127,0.10016103822251182,0.3787338379200947,0.6211039365267226,0.7531527948129749,0.8461538461538463,0.9973957339266574,0.6354069243505848,0.7398235007363039,0.7398235007363039,0.28348715700839167,0.16705408466316607,0.0026076630733092554,0.4534896595816354,0.3013436337510643,0.24159643961551333,0.4534896595816354,0.15026343139523593,0.6301079144374031,5.925877863465418,1.5306114569533815,0.5786516853932584,0.07692307692307693,0.24159643961551333,0.2601764992636961,0.07692307692307687,0.36459307564941523
wine,156,2,25.0,0.0,0.15882638050411307,0.9647452378923945,0.15449243121961798,0.03677711267975903,0.9802285714285714,1.0,0.0,1.0,0.7623339271308269,0.0973327034387347,0.16986380042240912,0.02777202952216208,0.23108209513134792,0.4801921936186741,1.0,1.0,0.8071865698423886,0.7623339271308269,0.9135137375554867,0.8856860286185256,-0.0,-0.0,0.2142004480365657,0.2713705947067017,0.12139276068581682,0.12139276068581686,0.2713705947067017,0.1100718149417356,0.1660130214282382,0.24159643961551333,0.05017425381330534,0.19662921348314608,0.0,0.12139276068581686,0.11431397138147437,0.0,0.23766607286917307
wine,157,2,25.0,0.0,0.5071409591298551,0.8530394705461561,0.5255917936583041,0.13013946204550214,0.9802285714285714,1.0,0.0,1.0,0.4195552999941424,0.3236382345293013,0.3168202627450011,0.11426591894846146,0.44393462009480733,0.5814528199492764,1.0,1.0,0.5570614005131266,0.4195552999941424,0.748622835732059,0.6953013451487718,-0.0,-0.0,0.5850798108157982,0.8685599381772815,0.36340993724827,0.3634099372482699,0.8685599381772815,0.33717877194972024,0.19868711720953222,0.40976282654200025,0.08063346069117777,0.7191011235955056,0.0,0.3634099372482699,0.30469865485122816,0.0,0.5804447000058576
wine,158,2,25.0,0.0,0.8113819784534748,0.6852743155992355,0.8497345520353637,0.22246913085285167,0.9802285714285714,1.0,0.0,1.0,0.11802237462923272,0.7210330210689183,0.7462691216718863,0.5853738705230921,0.7644352230717276,0.8321707006260941,1.0,1.0,0.005338062984127933,0.11802237462923272,0.4905178124942612,0.1584298498290971,-0.0,-0.0,5.232892428869727,2.1368810569892474,1.8424433714647435,1.8424433714647435,5.232892428869727,1.9168220321993437,0.2497896542807031,0.8082782283362079,0.20199519724832318,0.9269662921348315,0.0,1.8424433714647435,0.8415701501709029,0.0,0.8819776253707673
wine,159,2,25.0,0.0,0.6068989720948462,0.804952804925151,0.6318754156517317,0.15935043039204252,0.9802285714285714,1.0,0.0,1.0,0.27971542138503597,0.47107550470027165,0.5212372515402821,0.4481435522940915,0.5137730134731341,0.6058791843079063,1.0,1.0,0.14098096911914804,0.27971542138503597,0.6539915498796248,0.44562467000472467,-0.0,-0.0,1.9591303684995292,1.2739825448453024,0.8082782283362079,0.8082782283362079,1.9591303684995292,0.754714323136687,0.2962966060146131,1.8424433714647435,0.4510362205087817,0.8370786516853933,0.07692307692307693,0.8082782283362079,0.5543753299952754,0.0,0.7202845786149641
wine,160,2,25.0,0.0,0.4133017934009441,0.8643512629701068,0.42561419665052996,0.10787155451807022,0.9802285714285714,1.0,0.0,1.0,0.6126579417946773,0.1794321366093915,0.16117022449267832,0.0745702483855106,0.25467218946313763,0.4203202444319046,1.0,1.0,0.9992464452102201,0.6126579417946773,0.849322616859654,0.849322616859654,-0.0,-0.0,0.00075383885490522,0.48994850564992665,0.16331616854997552,0.13080370261096147,0.48994850564992665,0.19035452938544706,0.16510626506978487,0.2429312321567778,0.053053824672170714,0.25280898876404495,0.0,0.13080370261096147,0.15067738314034596,0.0,0.38734205820532275
wine,161,2,25.0,0.0,0.668403069497521,0.7539214627450925,0.6974027657372519,0.18064428843689437,0.9802285714285714,1.0,0.0,1.0,0.6664623558056468,0.14755233729097655,0.1701436832250095,0.04732248473147546,0.18079800132300652,0.2727469476109658,1.0,1.0,0.976013802466844,0.6664623558056468,0.8734912146298346,0.8734912146298346,-0.0,-0.0,0.024278550797273504,0.4057716213700849,0.13525720712336164,0.113061475858144,0.4057716213700849,0.15467390355249128,0.20296266635935709,0.27192688646342894,0.05710929105376628,0.14606741573033707,0.0,0.113061475858144,0.1265087853701654,0.0,0.33353764419435317
wine,162,2,25.0,0.0,0.5106182079666081,0.8206979077559621,0.5292965045878636,0.1358674438418917,0.9802285714285714,0.9230769230769231,0.24684720518702505,0.8461538461538463,0.7132990577086611,0.12204965590150393,0.18587839248619223,0.031733255500315805,0.16621162216653382,0.3366080699700004,0.7531527948129749,0.8461538461538463,0.9090716462053835,0.7132990577086611,0.7688967497206156,0.7688967497206156,0.28348715700839167,0.16705408466316607,0.09533136920289673,0.3378545107299143,0.26279858413382395,0.22930514114763856,0.3378545107299143,0.08679243377743007,0.6566260290729351,5.925877863465418,1.5237113560801085,0.5112359550561798,0.07692307692307693,0.22930514114763856,0.2311032502793844,0.07692307692307687,0.2867009422913389
wine,163,2,25.0,0.0,0.09795884065272484,0.9807616565301315,0.08964327870587319,0.02100032755591915,0.9802285714285714,1.0,0.0,1.0,0.7673665910096421,0.0949017179012676,0.10578862050207245,0.04112771203748195,0.09209906285510336,0.2796546129551463,1.0,1.0,0.7955127061335727,0.7673665910096421,0.9155195635847565,0.8839190666850336,-0.0,-0.0,0.22876845881950686,0.2647906374184566,0.12338977405949092,0.12338977405949088,0.2647906374184566,0.11094948764669095,0.18280330143397802,0.27045441768975237,0.05705573375540944,0.21910112359550563,0.0,0.12338977405949088,0.11608093331496638,0.0,0.2326334089903579
wine,164,2,25.0,0.0,0.020461596900134018,0.9965202565786229,0.007076600443912927,0.001624814945021039,0.9802285714285714,1.0,0.0,1.0,0.7494160005403869,0.10366023197204334,0.12738007558447725,0.07734154632604251,0.18988234945688992,0.44394394091196904,1.0,1.0,0.836301794958776,0.7494160005403869,0.9083244135265325,0.8897571723846978,-0.0,-0.0,0.17876573228729153,0.28846104171572523,0.11680669350075416,0.11680669350075419,0.28846104171572523,0.11008337298758286,0.14871336868251508,0.23164760891610023,0.044385702734822056,0.17415730337078653,0.0,0.11680669350075419,0.11024282761530224,0.0,0.25058399945961307
wine,165,2,25.0,0.0,0.1319087978291175,0.9713198630531968,0.12581405143863672,0.029878186631584563,0.9802285714285714,0.9230769230769231,0.24684720518702505,0.8461538461538463,0.7418839962061399,0.10740897708945592,0.17434308885073033,0.07782815120089841,0.2694038606579744,0.4956204561692123,0.7531527948129749,0.8461538461538463,0.8526269159908959,0.7418839962061399,0.7790335159705509,0.7790335159705509,0.28348715700839167,0.16705408466316607,0.15943320584262308,0.2985623873818508,0.2497012096844695,0.23164760891610023,0.2985623873818508,0.05810008986380341,0.6494416552723371,5.925877863465418,1.5274739351866156,0.5337078651685393,0.07692307692307693,0.23164760891610023,0.22096648402944907,0.07692307692307687,0.2581160037938601
wine,166,2,25.0,0.0,0.40466481000238375,0.8925631317690356,0.4164122302980301,0.1016489651247492,0.9802285714285714,1.0,0.0,1.0,0.6281928072269638,0.16992305752744694,0.2063123237422951,0.08081165082897784,0.3458473254482466,0.46599028780329055,1.0,1.0,0.999306861190114,0.6281928072269638,0.8564414008162575,0.8564414008162575,-0.0,-0.0,0.0006933791416527924,0.4649081417569517,0.15496938058565057,0.12411418029685102,0.4649081417569517,0.18062885772314455,0.17117857621816812,0.40493548459913703,0.0793683072737327,0.23595505617977527,0.0,0.12411418029685102,0.14355859918374247,0.0,0.3718071927730362
wine,167,2,25.0,0.0,0.06214021589954175,0.9875177290488515,0.05148160065673504,0.012126121878384168,0.9802285714285714,1.0,0.0,1.0,0.7037332958993513,0.12710072182344198,0.15213838761717544,0.0814328831471266,0.2167314052360196,0.43689788903080373,1.0,1.0,0.925629222674364,0.7037332958993513,0.8894796840443562,0.8894796840443562,-0.0,-0.0,0.07728153199952592,0.3513558356545528,0.11711861188485094,0.10915119590778592,0.3513558356545528,0.12928279842735296,0.14670058247781725,0.2429312321567778,0.04482705785853374,0.02247191011235955,0.0,0.10915119590778592,0.11052031595564382,0.0,0.2962667041006487
wine,168,2,25.0,0.0,0.16133819028431445,0.9662010513544432,0.15716854949085907,0.037103065594088123,0.9802285714285714,1.0,0.0,1.0,0.6129804358845102,0.17923210387120478,0.1781216784518836,0.06744433481822602,0.26829108358630877,0.3629257300139482,1.0,1.0,0.999306861190114,0.6129804358845102,0.8494716143455416,0.8494716143455416,-0.0,-0.0,0.0006933791416527924,0.48942225891492125,0.16314075297164035,0.13065127820564287,0.48942225891492125,0.19015822416731315,0.21188614219975987,0.5603784731986674,0.12867983120944615,0.24719101123595505,0.0,0.13065127820564287,0.15052838565445836,0.0,0.38701956411548977
wine,169,2,25.0,0.0,0.18074242083733905,0.9594703688121062,0.1778420958444211,0.042382153368051574,0.9802285714285714,1.0,0.0,1.0,0.4015769600077716,0.3401104134034005,0.3582520594540584,0.14689905271496304,0.45722623628859416,0.5666828240856824,1.0,1.0,0.49293110771486354,0.4015769600077716,0.7377732918061093,0.6670198425228808,-0.0,-0.0,0.7073858556476039,0.9123560827489443,0.4049354845991371,0.40493548459913703,0.9123560827489443,0.36793950148064813,0.2002956940329126,0.5603784731986674,0.11520819361692806,0.7359550561797753,0.0,0.40493548459913703,0.3329801574771192,0.0,0.5984230399922283
wine,170,2,25.0,0.0,0.3372773435828978,0.8930802243215237,0.34461665423200594,0.08682620010555706,0.9802285714285714,1.0,0.0,1.0,0.6570030914645748,0.15294746256120806,0.20159457769079683,0.03825816711202032,0.24855152063875693,0.3850431950300771,1.0,1.0,0.9846925866762484,0.6570030914645748,0.8693389488762193,0.8693389488762193,-0.0,-0.0,0.01542578126667396,0.42006655508306456,0.14002218502768823,0.11510290427548535,0.42006655508306456,0.1612803055947694,0.17334058399055297,0.27045441768975237,0.05625213212315796,0.16292134831460675,0.0,0.11510290427548535,0.13066105112378068,0.0,0.3429969085354252
wine,171,2,25.0,0.0,0.2585470284585445,0.9266881539218,0.260736243993314,0.06443950228513691,0.9802285714285714,1.0,0.0,1.0,0.5962790484280296,0.1897422577456826,0.2444819871175277,0.11260437451874727,0.3335858480262225,0.5811799508757642,1.0,1.0,0.9928068762007828,0.5962790484280296,0.8416855085380021,0.8416855085380021,-0.0,-0.0,0.00721911904724889,0.5170465194287197,0.17234883980957322,0.13932289565710837,0.5170465194287197,0.20001949667243452,0.17275453785001532,0.46671805544299894,0.09680139619276856,0.2808988764044944,0.0,0.13932289565710837,0.15831449146199794,0.0,0.4037209515719704
wine,172,2,25.0,0.0,0.038134613017871494,0.993232686755279,0.025905686035268365,0.005996325394271514,0.9802285714285714,1.0,0.0,1.0,0.6706362499150993,0.145198801750704,0.17265020505844783,0.07846296893600259,0.2284695628299457,0.433919590189066,1.0,1.0,0.971617088185695,0.6706362499150993,0.8753109098838796,0.8753109098838796,-0.0,-0.0,0.0287934943330965,0.39952839046839106,0.13317613015613033,0.11229960299152357,0.39952839046839106,0.15174444147267255,0.1560696888356583,0.23164760891610023,0.038392277122317346,0.12359550561797752,0.0,0.11229960299152357,0.1246890901161204,0.0,0.3293637500849007
wine,173,2,25.0,0.0,0.04227520827910561,0.9925391973820925,0.030317135787452425,0.007008734592970426,0.9802285714285714,1.0,0.0,1.0,0.6290222553408112,0.16942251856192578,0.25354455918556523,0.09119088260326635,0.322954975674137,0.6065968542486,1.0,1.0,0.9991486775190765,0.6290222553408112,0.856818175416356,0.856818175416356,-0.0,-0.0,0.0008516850617034366,0.46358864080776935,0.1545295469359231,0.12379397456107917,0.46358864080776935,0.18009430498575763,0.23168810372360318,0.5490659715788521,0.11932163158545833,0.2247191011235955,0.0,0.12379397456107917,0.14318182458364404,0.0,0.37097774465918876
wine,174,2,25.0,0.0,0.07782724605526606,0.9852184464141395,0.06819478823651985,0.015911341851598017,0.9802285714285714,1.0,0.0,1.0,0.8143550941935089,0.07308344233199315,0.0,0.0031709620195877228,0.1793089120740684,0.3186049537597799,1.0,1.0,0.6808664869932478,0.8143550941935089,0.9338374196368964,0.8629168390164618,-0.0,-0.0,0.3843890463955695,0.20535877444887468,0.147436955211111,0.14743695521111105,0.3843890463955695,0.14351065617879838,0.16280001262222416,0.27045441768975237,0.05614984777687256,0.33146067415730335,0.0,0.14743695521111105,0.13708316098353823,0.0,0.18564490580649107
wine,175,2,25.0,0.0,0.23602595523450043,0.945109712957124,0.23674196862346863,0.05668294144917065,0.9802285714285714,1.0,0.0,1.0,0.570348617648714,0.20669317885661123,0.26039800294069043,0.10500565456175692,0.4117307834518631,0.5689376485204662,1.0,1.0,0.9689000771741036,0.570348617648714,0.8293034353476192,0.8293034353476192,-0.0,-0.0,0.031593791939924024,0.5615074952006316,0.18716916506687722,0.15605409044148658,0.5615074952006316,0.21426933307865786,0.16441372992665693,0.24889355364776278,0.05000606633271742,0.3539325842696629,0.0,0.15605409044148658,0.1706965646523808,0.0,0.42965138235128597
wine,176,2,25.0,0.0,0.28072571796692436,0.9313790632913804,0.28436573882743316,0.06857140202840856,0.9802285714285714,1.0,0.0,1.0,0.5632754976081386,0.21145667327554868,0.22208888227445098,0.10870708828498711,0.30937680909502463,0.4559463977378143,1.0,1.0,0.9594590134102361,0.5632754976081386,0.8258609916063314,0.8258609916063314,-0.0,-0.0,0.041385681059336044,0.5739864319715429,0.19132881065718102,0.16134018473761197,0.5739864319715429,0.21800304420618777,0.18128241020231955,0.46671805544299894,0.09318944069131295,0.3651685393258427,0.0,0.16134018473761197,0.17413900839366858,0.0,0.43672450239186145
wine,177,2,25.0,0.0,0.1348420144014073,0.9723980974344724,0.12893914256794292,0.03035432778601059,0.9802285714285714,1.0,0.0,1.0,0.5296978949789114,0.23493848654483848,0.2771371152968059,0.05122811143143063,0.39219469987022487,0.6302604632949715,1.0,1.0,0.8981793225444213,0.5296978949789114,0.8091134409019163,0.8091134409019163,-0.0,-0.0,0.1073855395861147,0.6354484444268822,0.21181614814229405,0.1909300264310582,0.6354484444268822,0.2357630527821358,0.18843566779819246,0.40493548459913703,0.09502476545183053,0.4550561797752809,0.0,0.1909300264310582,0.19088655909808372,0.0,0.4703021050210886
