environment,z,C_hat_proj,mean_C_env,mean_mu,mean_eta_slip,mean_Sigma_lens,mean_R_LG,p16_R_LG,p84_R_LG
void,0.0,0.0,0.0,1.0,1.0,1.0,1.0,1.0,1.0
void,0.007518796992481203,4.6193112606928234e-05,4.6138650778018914e-05,1.0000009227730156,1.0000013841595234,1.0000016148534159,1.0000006920797617,1.0000006915583448,1.000000692812283
void,0.015037593984962405,9.394875189400146e-05,9.383798601218194e-05,1.0000018767597203,1.0000028151395803,1.000003284332152,1.00000140756979,1.000001406509319,1.0000014090596114
void,0.022556390977443608,0.00014331720028058675,0.00014314822883872133,1.0000028629645767,1.000004294446865,1.0000050101941569,1.0000021472234326,1.0000021456057022,1.000002149496129
void,0.03007518796992481,0.00019435025005661472,0.00019412111048429067,1.0000038824222097,1.0000058236333147,1.0000067942501718,1.0000029118166573,1.000002909622878,1.0000029148986258
void,0.03759398496240601,0.0002471012437865765,0.0002468099106223254,1.0000049361982126,1.0000074042973186,1.0000086383651463,1.0000037021486594,1.0000036993594392,1.000003706067143
void,0.045112781954887216,0.0003016251156251425,0.0003012694986399501,1.0000060253899727,1.0000090380849593,1.0000105444596814,1.0000045190424796,1.000004515637807,1.0000045238255924
void,0.05263157894736842,0.0003579784335592241,0.0003575563758302369,1.0000071511275166,1.000010726691275,1.0000125145115084,1.0000053633456374,1.0000053593048621,1.0000053690223905
void,0.06015037593984962,0.00041621944259134786,0.00041572871852466655,1.0000083145743706,1.0000124718615557,1.0000145505569977,1.000006235930778,1.000006231232592,1.0000062425311054
void,0.06766917293233082,0.00047640810887906873,0.00047584642218050034,1.0000095169284438,1.0000142753926653,1.0000166546927058,1.0000071376963326,1.0000071323187512,1.0000071452511206
void,0.07518796992481203,0.0005386061648450038,0.00053797114643763,1.0000107594229288,1.000016139134393,1.0000188290769496,1.0000080695671965,1.0000080634875383,1.000008078108309
void,0.08270676691729323,0.0006028771552719703,0.0006021663611593685,1.0000120433272233,1.0000180649908348,1.0000210759314225,1.0000090324954174,1.0000090256902834,1.0000090420557268
void,0.09022556390977443,0.0006692864843974726,0.000668497393471413,1.0000133699478695,1.0000200549218041,1.0000233975428388,1.000010027460902,1.0000100199061557,1.0000100380743178
void,0.09774436090225563,0.0007379014640215104,0.000737031475812934,1.0000147406295163,1.0000221109442744,1.0000257962646188,1.000011055472137,1.0000110471428811,1.000011067173636
void,0.10526315789473684,0.0008087913626414963,0.0008078377950135615,1.0000161567559003,1.0000242351338504,1.000028274518607,1.0000121175669252,1.000012108437481,1.0000121303925824
void,0.11278195488721804,0.0008820274556276322,0.000880987542409606,1.0000176197508484,1.0000264296262724,1.0000308347968272,1.000013214813136,1.0000132048570203,1.000013228800157
void,0.12030075187969924,0.0009576830764517324,0.0009565539650124819,1.0000191310793003,1.0000286966189504,1.0000334796632755,1.0000143483094752,1.0000143374993766,1.0000143634962282
void,0.12781954887218044,0.001035833668982076,0.001034612417741904,1.0000206922483548,1.0000310383725322,1.0000362117557497,1.0000155191862663,1.0000155074940222,1.0000155356123164
void,0.13533834586466165,0.0011165568408562912,0.001115240416735845,1.0000223048083348,1.000033457212502,1.000039033787716,1.0000167286062511,1.000016716002823,1.0000167463123935
void,0.14285714285714285,0.0011999324179437461,0.0011985176937487154,1.0000239703538751,1.0000359555308127,1.0000419485502168,1.0000179777654064,1.0000179642208546,1.0000179967937028
void,0.15037593984962405,0.001286042499908232,0.0012845262516485378,1.0000256905250329,1.0000385357875494,1.0000449589138127,1.0000192678937747,1.0000192533772332,1.000019288287588
void,0.15789473684210525,0.001374971516880974,0.0013733504210231397,1.0000274670084204,1.0000412005126307,1.0000480678305663,1.0000206002563152,1.0000205847359642,1.000020622060348
void,0.16541353383458646,0.001466806287253254,0.0014650769179046397,1.000029301538358,1.000043952307537,1.000051278336065,1.0000219761537685,1.0000219595968085,1.0000219994140993
void,0.17293233082706766,0.0015616360765969021,0.001559794902620471,1.0000311958980523,1.0000467938470787,1.0000545935514835,1.0000233969235393,1.0000233792961628,1.0000234216876625
void,0.18045112781954886,0.0016595526577199817,0.0016575960397782587,1.0000331519207957,1.0000497278811933,1.000058016685684,1.0000248639405966,1.0000248452079614,1.000024890257462
void,0.18796992481203006,0.0017606503718638382,0.001758574559390721,1.0000351714911877,1.0000527572367819,1.000061551037359,1.000026378618391,1.0000263587445883,1.000026406538444
void,0.19548872180451127,0.0018650261910464335,0.001862827319145497,1.0000372565463829,1.0000558848195742,1.0000651999972132,1.000027942409787,1.0000279213578156,1.0000279719850123
void,0.20300751879699247,0.001972779781555499,0.001970453867823444,1.0000394090773563,1.0000591136160346,1.0000689670501868,1.0000295568080173,1.0000295345397487,1.000029588091978
void,0.21052631578947367,0.0020840135685936336,0.0020815565098675146,1.0000416311301972,1.000062446695296,1.0000728557777157,1.000031223347648,1.000031199823799,1.0000312563955327
void,0.21804511278195488,0.0021988328020756324,0.0021962403711025167,1.000043924807422,1.0000658872111332,1.000076869860038,1.0000329436055664,1.0000329187856654,1.0000329784742321
void,0.22556390977443608,0.002317345623576824,0.0023146134656045103,1.000046292269312,1.0000694384039681,1.0000810130785354,1.000034719201984,1.0000346930443382,1.0000347559500031
void,0.23308270676691728,0.0024396631344289353,0.0024367867637163955,1.0000487357352743,1.0000731036029116,1.0000852893181185,1.0000365518014558,1.000036524263119,1.0000365904891624
void,0.24060150375939848,0.0025658994649580694,0.0025628742612042506,1.000051257485224,1.0000768862278362,1.00008970256965,1.0000384431139182,1.0000384141506558,1.000038483803456
void,0.24812030075187969,0.00269617184485699,0.0026929930495466544,1.000053859860991,1.0000807897914865,1.0000942569324094,1.0000403948957433,1.0000403644619973,1.0000404376511154
void,0.2556390977443609,0.002830600674681375,0.00282726338734664,1.000056545267747,1.0000848179016206,1.0000989566165954,1.0000424089508102,1.0000423769996636,1.0000424538379287
void,0.2631578947368421,0.0029693095984570286,0.0029658087728533064,1.0000593161754572,1.0000889742631855,1.0001038059458704,1.0000444871315928,1.0000444536147328,1.0000445342183306
void,0.2706766917293233,0.0031124255773819884,0.0031087560175770287,1.0000621751203516,1.0000932626805272,1.0001088093599397,1.0000466313402636,1.0000465962079446,1.0000466806965072
void,0.2781954887218045,0.003260078964604412,0.0032562353209791817,1.0000651247064196,1.0000976870596292,1.0001139714171718,1.0000488435298147,1.0000488067308195,1.000048895227517
void,0.2857142857142857,0.0034124035810535174,0.003408380346213676,1.0000681676069243,1.0001022514103863,1.000119296797253,1.0000511257051932,1.0000510871867938,1.0000511798184297
void,0.2932330827067669,0.0035695367922973435,0.003565328296894104,1.0000713065659377,1.0001069598489067,1.0001247903038815,1.0000534799244534,1.0000534396323717,1.000053536529478
void,0.3007518796992481,0.003731619586396846,0.0037272199948560386,1.000074544399897,1.0001118165998457,1.000130456867493,1.0000559082999227,1.0000558661782892,1.0000559674752252
void,0.3082706766917293,0.003898796652721836,0.0038941999588800597,1.0000778839991775,1.0001168259987663,1.0001363015480231,1.000058412999383,1.0000583689906946,1.0000584748257473
void,0.3157894736842105,0.004071216461689383,0.004066416484336134,1.0000813283296868,1.00012199249453,1.000142329537701,1.000060996247265,1.0000609502923428,1.0000610608078289
void,0.3233082706766917,0.004249031345380576,0.004244021723705337,1.0000848804344742,1.0001273206517112,1.0001485461638746,1.0000636603258555,1.0000636123638011,1.0000637277061735
void,0.3308270676691729,0.004432397578986138,0.004427171767929434,1.0000885434353586,1.000132815153038,1.000154956891864,1.0000664075765189,1.0000663575446702,1.0000664778646233
void,0.3383458646616541,0.004621475463025688,0.004616026728533218,1.0000923205345706,1.0001384808018559,1.0001615673278437,1.000069240400928,1.000069188234813,1.0000693136873928
void,0.3458646616541353,0.004816429406279472,0.004810750820458449,1.0000962150164092,1.0001443225246138,1.00016838322175,1.000072161262307,1.0000721068955982,1.0000722376403137
void,0.3533834586466165,0.005017428009364951,0.005011512445541918,1.0001002302489108,1.0001503453733664,1.0001754104702114,1.0000751726866832,1.00007511605115,1.0000752522520868
void,0.3609022556390977,0.005224644148883479,0.005218484276562905,1.0001043696855314,1.0001565545282969,1.0001826551194968,1.0000782772641483,1.000078218289609,1.0000783601155459
void,0.3684210526315789,0.005438255062055427,0.005431843341778529,1.0001086368668357,1.0001629553002533,1.0001901233684862,1.0000814776501268,1.0000814162643978,1.0000815638889247
void,0.37593984962406013,0.005658442431753747,0.005651771109857045,1.0001130354221972,1.0001695531332957,1.0001978215716512,1.0000847765666478,1.0000847126954966,1.0000848662971347
void,0.38345864661654133,0.005885392471838251,0.005878453575111527,1.0001175690715023,1.0001763536072534,1.0002057562420492,1.0000881768036267,1.0000881103707175,1.0000882701330431
void,0.39097744360902253,0.006119296012683494,0.006112081342926897,1.0001222416268587,1.0001833624402878,1.000213934054324,1.000091681220144,1.0000916121469872,1.0000917782587575
void,0.39849624060150374,0.006360348586784246,0.006352849715264489,1.0001270569943053,1.000190585491458,1.0002223618477086,1.000095292745729,1.0000952209516283,1.000095393606908
void,0.40601503759398494,0.0066087505143125475,0.006600958776118207,1.0001320191755225,1.0001980287632835,1.000231046629031,1.000099014381642,1.0000989397836393,1.0000991191819302
void,0.41353383458646614,0.006864706988489695,0.006856613476785883,1.0001371322695358,1.0002056984043037,1.0002399955757073,1.0001028492021518,1.0001027717149733,1.0001029580613487
void,0.42105263157894735,0.007128428160625675,0.0071200237208084265,1.0001424004744162,1.0002136007116242,1.000249216038731,1.000106800355812,1.0001067198918119,1.0001069133970484
void,0.42857142857142855,0.0074001292246668885,0.00739140444841788,1.0001478280889684,1.0002217421334527,1.0002587155456402,1.0001108710667261,1.000110787535829,1.0001109884165456
void,0.43609022556390975,0.007680030501080584,0.007670975720322955,1.0001534195144064,1.0002301292716098,1.0002685018034663,1.000115064635805,1.0001149779454486,1.0001151864242444
void,0.44360902255639095,0.007968357519891665,0.007958962800647923,1.000159179256013,1.0002387688840195,1.000278582701651,1.0001193844420098,1.0001192944970867,1.0001195108026835
void,0.45112781954887216,0.00826534110267392,0.008255596238827195,1.0001651119247765,1.0002476678871648,1.000288966314929,1.0001238339435823,1.0001237406463797,1.0001239650137645
void,0.45864661654135336,0.008571217443283333,0.008561111950243432,1.000171222239005,1.0002568333585073,1.0002996609061674,1.0001284166792535,1.0001283199293913,1.0001285525999635
void,0.46616541353383456,0.008886228187106465,0.008875751295382508,1.0001775150259076,1.0002662725388616,1.000310674929153,1.0001331362694308,1.000133035963802,1.0001332771855203
void,0.47368421052631576,0.00921062050858116,0.009199761157262806,1.000183995223145,1.0002759928347178,1.0003220170313216,1.000137996417359,1.000137892450067,1.0001381424775992
void,0.48120300751879697,0.009544647186730334,0.009533394016879953,1.0001906678803376,1.0002860018205064,1.0003336960564169,1.000143000910253,1.0001428931725478,1.000143152267424
void,0.48872180451127817,0.00988856667843297,0.009876908026391443,1.000197538160528,1.0002963072407918,1.0003457210470736,1.0001481536203958,1.0001480420006092,1.0001483104313753
void,0.49624060150375937,0.01024264318913843,0.010230567079747559,1.000204611341595,1.0003069170123924,1.0003581012473097,1.0001534585061964,1.000153342889678,1.0001536209320527
void,0.5037593984962405,0.010607146740711889,0.010594640880456824,1.000211892817609,1.0003178392264138,1.0003708461049206,1.0001589196132068,1.0001587998822592,1.00015908781929
void,0.5112781954887218,0.010982353236079639,0.01096940500615509,1.0002193881001231,1.0003290821501847,1.000383965273762,1.0001645410750923,1.0001644171089032,1.0001647152311277
void,0.518796992481203,0.011368544520323105,0.011355140969627522,1.0002271028193923,1.0003406542290887,1.0003974686159116,1.0001703271145446,1.00017019878912,1.0001705073947267
void,0.5263157894736842,0.011766008437850202,0.011752136275912543,1.0002350427255182,1.0003525640882776,1.0004113662036904,1.0001762820441387,1.000176149232236,1.0001764686272268
void,0.5338345864661653,0.012175038885251429,0.01216068447509563,1.0002432136895019,1.0003648205342528,1.0004256683215396,1.0001824102671266,1.0001822728381857,1.0001826033365402
void,0.5413533834586466,0.0125959358594264,0.01258108521037908,1.0002516217042074,1.0003774325563115,1.0004403854677284,1.0001887162781558,1.0001885740982301,1.0001889160220725
void,0.5488721804511278,0.013029005500544432,0.013013644260991962,1.00026027288522,1.0003904093278297,1.0004555283558871,1.0001952046639149,1.000195057595602,1.0001954112753664
void,0.556390977443609,0.013474560129380088,0.01345867357948164,1.0002691734715896,1.0004037602073845,1.0004711079163404,1.0002018801036923,1.0002017280060649,1.0002020937806628
void,0.5639097744360901,0.013932918278540953,0.013916491322904723,1.0002783298264581,1.000417494739687,1.0004871352972313,1.0002087473698436,1.0002085900983784,1.0002089683153692
void,0.5714285714285714,0.014404404717082125,0.014387421877412545,1.0002877484375483,1.0004316226563224,1.0005036218654138,1.0002158113281612,1.0002156487346696,1.0002160397504276
void,0.5789473684210527,0.014889350467976821,0.014871795875701171,1.000297435917514,1.000446153876271,1.0005205792070977,1.0002230769381355,1.0002229088706915,1.000223313050578
void,0.5864661654135338,0.01538809281788943,0.015369950206772922,1.0003073990041353,1.0004610985062032,1.0005380191282265,1.0002305492531016,1.000230375555973,1.000230793274504
void,0.593984962406015,0.015900975318672458,0.015882228017431558,1.0003176445603488,1.000476466840523,1.0005559536545645,1.0002382334202615,1.0002380539338371,1.0002384855748554
void,0.6015037593984962,0.01642834777998405,0.016408978704908515,1.0003281795740981,1.0004922693611473,1.0005743950314783,1.0002461346805736,1.0002459492412943,1.0002463951981382
void,0.6090225563909775,0.016970566252399576,0.01695055789999438,1.000339011158,1.0005085167369998,1.0005933557233841,1.0002542583685,1.0002540668087876,1.00025452748446
void,0.6165413533834586,0.01752799300036532,0.017507327440024482,1.0003501465488005,1.0005252198232006,1.0006128484128465,1.0002626099116003,1.0002624120597876,1.0002628878671262
void,0.6240601503759398,0.01810099646431979,0.018079655331044865,1.000361593106621,1.0005423896599313,1.0006328859992915,1.0002711948299656,1.0002709905102263,1.0002714818720697
void,0.631578947368421,0.018689951211284073,0.018667915698460893,1.0003733583139691,1.0005600374709538,1.0006534815973276,1.000280018735477,1.0002798077677564,1.0002803151171116
void,0.6390977443609023,0.019295237873200317,0.019272488725448424,1.000385449774509,1.0005781746617635,1.0006746485346325,1.0002890873308816,1.0002888695308294,1.0002893933110353
void,0.6466165413533834,0.019917243072276433,0.019893760578386533,1.0003978752115679,1.0005968128173517,1.0006964003493908,1.000298406408676,1.0002981815875769,1.0002987222524675
void,0.6541353383458646,0.020556359332573427,0.020532123318549093,1.000410642466371,1.0006159636995566,1.0007187507872513,1.0003079818497782,1.0003077498144872,1.000308307828552
void,0.6616541353383458,0.021212984977053494,0.021187974799274242,1.0004237594959855,1.0006356392439784,1.000741713797777,1.000317819621989,1.000317580174864,1.0003181560134056
void,0.6691729323308271,0.021887524009289047,0.02186171854781288,1.0004372343709562,1.0006558515564346,1.0007653035303608,1.0003279257782172,1.0003276787170563,1.0003282728663434
void,0.6766917293233082,0.022580385979016602,0.02255376363104105,1.0004510752726208,1.000676612908931,1.000789534329578,1.0003383064544658,1.0003380515724436,1.000338664529863
void,0.6842105263157894,0.023291985830706557,0.02326452450420828,1.0004652904900841,1.0006979357351262,1.000814420729945,1.000348967867563,1.0003487049531714,1.0003493372273735
void,0.6917293233082706,0.02402274373430786,0.023994420841881813,1.0004798884168375,1.0007198326252564,1.0008399774500583,1.0003599163126282,1.000359645149615,1.000360297260656
void,0.6992481203007519,0.024773084897318175,0.02474387735023828,1.0004948775470048,1.0007423163205071,1.0008662193860798,1.0003711581602535,1.0003708785275682,1.0003715510070466
void,0.706766917293233,0.025543439357324667,0.02551332355984915,1.000510266471197,1.0007653997067956,1.000893161604542,1.0003826998533978,1.0003824115251345,1.000383104916323
void,0.7142857142857142,0.026334241754158463,0.026303193598103774,1.000526063871962,1.000789095807943,1.0009208193344408,1.0003945479039715,1.0003942506493193,1.0003949655072883
void,0.7218045112781954,0.027145931080806648,0.027113925940415104,1.0005422785188083,1.0008134177782124,1.0009492079585869,1.0004067088891062,1.0004064024722978,1.0004071393640355
void,0.7293233082706767,0.027978950412232664,0.027945963139359768,1.0005589192627873,1.0008383788941808,1.000978343004186,1.0004191894470904,1.000418873627358,1.0004196331318793
void,0.7368421052631579,0.02883374661126477,0.028799751530913287,1.0005759950306183,1.0008639925459275,1.0010082401326181,1.0004319962729638,1.0004316708044954,1.0004324535129456
void,0.744360902255639,0.029710770010727992,0.02967574091695687,1.0005935148183391,1.0008902722275086,1.0010389151283847,1.0004451361137545,1.0004448007456546,1.0004456072614039
void,0.7518796992481203,0.03061047407101552,0.030574384223252395,1.0006114876844652,1.0009172315266976,1.0010703838872033,1.0004586157633488,1.0004582702396037,1.0004591011783315
void,0.7593984962406015,0.03153331501232086,0.031496137132108325,1.0006299227426423,1.0009448841139634,1.0011026624032102,1.0004724420569815,1.0004720861164278,1.0004729421061975
void,0.7669172932330827,0.03247975142078485,0.032441457688990934,1.0006488291537798,1.0009732437306695,1.0011357667552547,1.0004866218653348,1.0004862552416323,1.0004871369229564
void,0.7744360902255638,0.03345024382785025,0.03341080588237493,1.0006682161176474,1.0010023241764712,1.0011697130922572,1.0005011620882356,1.0005007845098457,1.0005016925357384
void,0.7819548872180451,0.03444525426216166,0.034404643196171654,1.0006880928639235,1.0010321392958852,1.0012045176176054,1.0005160696479427,1.0005156808381117,1.0005166158741283
void,0.7894736842105263,0.03546524577340195,0.0354234321341269,1.0007084686426824,1.0010627029640236,1.001240196572569,1.000531351482012,1.0005309511587595,1.0005319138830262
void,0.7969924812030075,0.03651068192751754,0.036467635715641336,1.0007293527143128,1.0010940290714692,1.0012767662187156,1.0005470145357347,1.000546602411848,1.0005475935150734
void,0.8045112781954886,0.03758202627285169,0.037537716942533245,1.0007507543388505,1.001126131508276,1.0013142428193054,1.0005630657541382,1.0005626415371713,1.0005636617226483
void,0.8120300751879699,0.03867974177678452,0.0386341382363427,1.000772682764727,1.0011590241470905,1.0013526426196557,1.000579512073545,1.000579075465827,1.0005801254494158
void,0.8195488721804511,0.039804290232562,0.03975736084585993,1.0007951472169172,1.001192720825376,1.001391981826461,1.000596360412688,1.0005959111113345,1.0005969916214303
void,0.8270676691729323,0.040956131636092415,0.040907844224656584,1.0008181568844932,1.0012272353267395,1.001432276586061,1.0006136176633698,1.0006131553603048,1.000614267137791
void,0.8345864661654134,0.04213572353259263,0.042086045378502225,1.00084172090757,1.0012625813613552,1.0014735429616515,1.0006312906806776,1.0006308150626602,1.000631958860839
void,0.8421052631578947,0.04334352033307853,0.043292418182660684,1.0008658483636534,1.0012987725454798,1.0015157969094388,1.00064938627274,1.0006488970213998,1.0006500736059096
void,0.849624060150376,0.044579972600819105,0.044527412669185404,1.0008905482533836,1.0013358223800757,1.0015590542537431,1.0006679111900378,1.0006674079819187,1.0006686181306286
void,0.8571428571428571,0.04584552630800444,0.04579147428446382,1.0009158294856892,1.001373744228534,1.0016033306610526,1.000686872114267,1.0006863546208788,1.0006875991237638
void,0.8646616541353382,0.04714062206302062,0.0470850431174033,1.000941700862348,1.0014125512935221,1.0016486416130483,1.000706275646761,1.0007057435346405,1.0007070231936361
void,0.8721804511278195,0.048465694308876504,0.048408553098803,1.0009681710619762,1.001452256592964,1.0016950023786182,1.000726128296482,1.0007255812272613,1.000726896856097
void,0.8796992481203008,0.04982117049348758,0.04976243117261593,1.0009952486234523,1.0014928729351784,1.0017424279848777,1.000746436467589,1.000745874098076,1.0007472265220836
void,0.8872180451127819,0.05120747021269265,0.051147096439976066,1.0010229419287995,1.0015344128931993,1.0017909331872348,1.0007672064465996,1.0007666284288652,1.000768018484767
void,0.894736842105263,0.052625004327058224,0.052562959277043936,1.001051259185541,1.0015768887783114,1.0018405324385316,1.0007884443891557,1.0007878503706336,1.0007892789063049
void,0.9022556390977443,0.05407417405371141,0.05401042042791041,1.0010802084085582,1.0016203126128373,1.0018912398573072,1.0008101563064187,1.0008095459300135,1.0008110138042214
void,0.9097744360902256,0.05555537003463798,0.05548987007399306,1.0011097974014798,1.0016646961022198,1.0019430691952296,1.0008323480511099,1.0008317209553172,1.0008332290374322
void,0.9172932330827067,0.057068971383083276,0.057001686881561514,1.0011400337376313,1.001710050606447,1.001996033803755,1.0008550253032236,1.000854381122259,1.0008559302919433
void,0.9248120300751879,0.058615344709901936,0.058546237029235004,1.0011709247405847,1.0017563871108772,1.0020501466000784,1.0008781935554385,1.0008775319193801,1.000879123066248
void,0.9323308270676691,0.060194843131915594,0.0601238732175093,1.0012024774643502,1.0018037161965254,1.0021054200324464,1.0009018580982625,1.000901178633202,1.000902812656453
void,0.9398496240601504,0.06180780526455327,0.061734933662584764,1.0012346986732517,1.0018520480098776,1.0021618660449096,1.000926024004939,1.0009253263331455,1.0009270041411709
void,0.9473684210526315,0.06345455420127302,0.0633797410769912,1.0012675948215397,1.0019013922323097,1.0022194960416073,1.000950696116155,1.0009499798562516,1.0009517023662133
void,0.9548872180451127,0.06513539648248108,0.0650586016397227,1.0013011720327945,1.0019517580491917,1.002278320850669,1.0009758790245957,1.000975143791745,1.0009769119291265
void,0.9624060150375939,0.06685062105688955,0.06677180395881992,1.0013354360791764,1.0020031541187646,1.0023383506878463,1.0010015770593825,1.0010008224654847,1.0010026371636127
void,0.9699248120300752,0.06860049823847271,0.06851961802955607,1.0013703923605912,1.0020555885408866,1.0023995951199764,1.0010277942704433,1.0010270199243485,1.001028882123888
void,0.9774436090225563,0.07038527866240048,0.07030229419160144,1.0014060458838319,1.0021090688257481,1.002462063028399,1.001054534412874,1.0010537399206028,1.0010556505690218
void,0.9849624060150375,0.0722051922435391,0.07212006208875188,1.001442401241775,1.0021636018626625,1.0025257625724502,1.0010818009313314,1.0010809858963088,1.0010829459473167
void,0.9924812030075187,0.07406044714131488,0.07397312963501301,1.0014794625927004,1.0022191938890503,1.002590701153169,1.0011095969445252,1.001108760967827,1.0011107713807845
void,1.0,0.07595122873493314,0.07586168199102754,1.0015172336398206,1.0022758504597307,1.002656885377349,1.0011379252298653,1.0011370679104747,1.0011391296497738
void,1.007518796992481,0.07787769861313115,0.0777858805550191,1.0015557176111005,1.0023335764166506,1.0027243210220882,1.0011667882083253,1.001165909143401,1.0011680231778208
void,1.0150375939849623,0.07983999358281496,0.07974586197259789,1.001594917239452,1.002392375859178,1.002793012999985,1.001196187929589,1.0011952867147462,1.001197454016779
void,1.0225563909774436,0.08183822470108679,0.08174173716992951,1.0016348347433985,1.0024522521150978,1.0028629653251364,1.001226126057549,1.001225202287149,1.0012274238323016
void,1.0300751879699248,0.08387247633531006,0.08377359041490794,1.001675471808298,1.0025132077124472,1.0029341810801065,1.0012566038562236,1.0012556571236755,1.0012579338897456
void,1.037593984962406,0.08594280525597868,0.08584147841109453,1.001716829568222,1.0025752443523328,1.0030066623840246,1.0012876221761666,1.001286652074238,1.0012889850405646
void,1.045112781954887,0.08804923976725224,0.08794542942927816,1.0017589085885856,1.0026383628828783,1.0030804103619895,1.001319181441439,1.0013181875625796,1.0013205777092689
void,1.0526315789473684,0.09019177888009422,0.0900854424815884,1.0018017088496318,1.0027025632744477,1.003155425115948,1.0013512816372236,1.0013502635738927,1.0013527118810246
void,1.0601503759398496,0.09237039153299528,0.09226148654313751,1.0018452297308629,1.0027678445962942,1.0032317056972238,1.001383922298147,1.001382879643155,1.001385387089966
void,1.0676691729323307,0.09458501586528224,0.09447349982618625,1.0018894699965237,1.0028342049947856,1.0033092500808738,1.0014171024973926,1.0014160348442485,1.0014186024082967
void,1.075187969924812,0.09683555854800237,0.096721389111817,1.0019344277822364,1.0029016416733545,1.0033880551420424,1.0014508208366772,1.0014497277799428,1.001452356436252
void,1.0827067669172932,0.09912189417732359,0.09900502914404928,1.001980100582881,1.0029701508743214,1.003468116634492,1.0014850754371607,1.001483956572814,1.0014866472930042
void,1.0902255639097744,0.10144386473532142,0.1013242620912622,1.0020264852418252,1.0030397278627379,1.003549429171477,1.001519863931369,1.0015187188571713,1.0015214726085726
void,1.0977443609022557,0.10380127912290092,0.10367889707966724,1.0020735779415932,1.0031103669123902,1.0036319862091283,1.001555183456195,1.0015540117720647,1.0015568295168207
void,1.1052631578947367,0.10619391276946084,0.10606870980343266,1.0021213741960686,1.003182061294103,1.0037157800325136,1.0015910306470515,1.0015898319554422,1.001592714649599
void,1.112781954887218,0.10862150732371849,0.10849344221587275,1.0021698688443175,1.003254803266476,1.0038008017445241,1.001627401633238,1.0016261755395193,1.001629124132111
void,1.1203007518796992,0.11108377042988876,0.11095280230589083,1.0022190560461177,1.0033285840691766,1.0038870412577405,1.0016642920345884,1.0016630381474299,1.0016660535795539
void,1.1278195488721803,0.1135803755931555,0.11344646396360918,1.0022689292792721,1.0034033939189084,1.0039744872894116,1.001701696959454,1.0017004148912108,1.0017034980951018
void,1.1353383458646615,0.11611096213807096,0.11597406693881757,1.0023194813387766,1.0034792220081645,1.0040631273596783,1.0017396110040822,1.0017383003711804,1.0017414522692825
void,1.1428571428571428,0.11867513526318672,0.11853521689553975,1.0023707043379109,1.0035560565068662,1.004152947793159,1.0017780282534332,1.0017766886767554,1.0017799101807952
void,1.150375939849624,0.12127246619484969,0.12112948556564816,1.002422589711313,1.0036338845669694,1.0042439337239981,1.0018169422834848,1.0018155733887535,1.001818865398819
void,1.1578947368421053,0.12390249244269225,0.12375641100405285,1.002475128220081,1.0037126923301214,1.004336069104471,1.0018563461650607,1.0018549475832195,1.0018583109868429
void,1.1654135338345863,0.12656471815890669,0.12641549794755222,1.002528309958951,1.0037924649384267,1.0044293367172166,1.0018962324692133,1.0018948038368019,1.0018982395080562
void,1.1729323308270676,0.12925861460292745,0.12910621827896757,1.0025821243655793,1.003873186548369,1.0045237181911613,1.0019365932741846,1.001935134233711,1.0019386430323167
void,1.1804511278195489,0.13198362071264877,0.13182801159768717,1.0026365602319538,1.0039548403479306,1.0046191940211682,1.0019774201739653,1.0019759303742715,1.0019795131447178
void,1.18796992481203,0.1347391437827821,0.13458028589722396,1.0026916057179445,1.0040374085769168,1.00471574359144,1.0020187042884585,1.0020171833850762,1.0020208409557634
void,1.1954887218045112,0.1375245602504184,0.13736241834985152,1.002747248366997,1.0041208725504958,1.0048133452026817,1.0020604362752477,1.0020588839307474,1.0020626171131488
void,1.2030075187969924,0.1403392165872923,0.1401737561978164,1.0028034751239563,1.0042052126859344,1.0049119761029968,1.0021026063429672,1.0021010222272964,1.0021048318151446
void,1.2105263157894737,0.14318243029767577,0.14301361775005533,1.002860272355001,1.0042904085325017,1.0050116125224946,1.0021452042662509,1.0021435880570604,1.0021474748255619
void,1.218045112781955,0.14605349102023693,0.1458812934827547,1.002917625869655,1.0043764388044827,1.005112229711545,1.0021882194022413,1.0021865707852007,1.0021905354902783
void,1.225563909774436,0.14895166173161042,0.148776047241502,1.0029755209448301,1.0044632814172452,1.0052138019826016,1.0022316407086225,1.0022299593777206,1.0022340027552907
void,1.2330827067669172,0.15187618004883296,0.15169711754218604,1.0030339423508436,1.0045509135262656,1.0053163027555039,1.0022754567631327,1.0022737424209647,1.0022778651862472
void,1.2406015037593985,0.1548262596272023,0.1546437189672074,1.0030928743793441,1.0046393115690162,1.00541970460613,1.0023196557845082,1.0023179081425437,1.0023221109894145
void,1.2481203007518795,0.1578010916495449,0.1576150436529907,1.0031523008730598,1.0047284513095898,1.0055239793182706,1.0023642256547949,1.0023624444336348,1.0023667280340125
void,1.2556390977443608,0.1607998464023026,0.1606102628642127,1.0032122052572843,1.0048183078859265,1.0056290979385567,1.0024091539429631,1.0024073388725734,1.0024117038758542
void,1.263157894736842,0.1638216749333029,0.16362852864961824,1.0032725705729924,1.0049088558594885,1.0057350308342696,1.0024544279297443,1.0024525787496732,1.002457025782208
void,1.2706766917293233,0.16686571078555018,0.1666689755737673,1.0033333795114752,1.005000069267213,1.005841747753834,1.0025000346336064,1.0024981510931834,1.0025026807578028
void,1.2781954887218046,0.16993107180087935,0.16973072251856214,1.0033946144503714,1.005091921675557,1.005949217889777,1.0025459608377785,1.0025440426962895,1.0025486555718772
void,1.2857142857142856,0.17301686198684574,0.17281287454793604,1.0034562574909587,1.005184386236438,1.0060574099439303,1.0025921931182191,1.0025902401450653,1.0025949367861824
void,1.2932330827067668,0.17612217343979916,0.17591452482866016,1.0035182904965732,1.0052774357448597,1.0061662921946202,1.0026387178724299,1.0026367298472596,1.0026415107838222
void,1.300751879699248,0.17924608831670308,0.17903475659983792,1.0035806951319968,1.0053710426979952,1.006275832565594,1.0026855213489978,1.0026834980618198,1.0026883637988284
void,1.3082706766917291,0.18238768084791784,0.18217264518331497,1.0036434529036664,1.0054651793554994,1.0063859986964072,1.0027325896777495,1.002730530929023,1.0027354819463477
void,1.3157894736842104,0.18554601938287618,0.18532726002694314,1.0037065452005387,1.0055598178008083,1.0064967580139894,1.0027799089004041,1.0027778145011041,1.0027828512533243
void,1.3233082706766917,0.18872016846033166,0.18849766677238775,1.0037699533354476,1.0056549300031716,1.0066080778051008,1.0028274650015858,1.0028253347732465,1.0028304576895488
void,1.330827067669173,0.1919091908946805,0.19168292933898995,1.0038336585867798,1.0057504878801697,1.006719925289379,1.0028752439400848,1.0028730777148196,1.0028782871989492
void,1.3383458646616542,0.19511214986971764,0.194882112015054,1.0038976422403012,1.0058464633604518,1.0068322676926789,1.002923231680226,1.0029210293007218,1.0029263257309948
void,1.3458646616541352,0.19832811103111428,0.19809428154785785,1.0039618856309571,1.0059428284464356,1.0069450723203899,1.0029714142232178,1.00296917554271,1.0029745592720773
void,1.3533834586466165,0.20155614456889215,0.2013185092236722,1.0040263701844734,1.00603955527671,1.0070583066304397,1.0030197776383551,1.0030175025205728,1.0030229738767467
void,1.3609022556390977,0.2047953272811985,0.20455387292910224,1.004091077458582,1.006136616187873,1.007171938305667,1.0030683080939367,1.003065996413031,1.0030715556986616
void,1.3684210526315788,0.20804474461079805,0.20779945918517864,1.0041559891837035,1.0062339837755554,1.007285935325267,1.0031169918877778,1.0031146435282228,1.0031202910211348
void,1.37593984962406,0.2113034926458415,0.21105436514576711,1.0042210873029154,1.006331630954373,1.0074002660350156,1.0031658154771863,1.0031634303336594,1.0031691662871403
void,1.3834586466165413,0.21457068007668983,0.21431770055208554,1.0042863540110418,1.0064295310165625,1.0075148992159788,1.0032147655082813,1.0032123434855202,1.003218168128662
void,1.3909774436090225,0.2178454301008342,0.21758858963537814,1.0043517717927077,1.0065276576890614,1.007629804151429,1.0032638288445306,1.0032613698571708,1.0032672833952643
void,1.3984962406015038,0.22112688226826854,0.2208661729601121,1.0044173234592024,1.0066259851888035,1.007744950691704,1.0033129925944015,1.003310496566791,1.0033164991817698
void,1.4060150375939848,0.22441419426003734,0.2241496092004287,1.0044829921840086,1.006724488276013,1.0078603093167413,1.0033622441380063,1.0033597110040005,1.0033658028549328
void,1.413533834586466,0.2277065435930895,0.22743807684298706,1.0045487615368598,1.0068231423052896,1.0079758511960593,1.0034115711526448,1.003409000855383,1.003415182079011
void,1.4210526315789473,0.23100312924501923,0.2307307758097893,1.004614615516196,1.0069219232742939,1.0080915482459478,1.0034609616371468,1.0034583541288111,1.003464624840131
void,1.4285714285714284,0.23430317319276778,0.23402692899506844,1.0046805385799014,1.0070208078698522,1.0082073731836647,1.003510403934926,1.0035077591764798,1.0035141194693695
void,1.4360902255639096,0.2376059218598757,0.23732578371083415,1.0047465156742168,1.0071197735113249,1.0083232995784446,1.0035598867556625,1.0035572047165753,1.003563654664456
void,1.443609022556391,0.2409106474674247,0.2406266130362217,1.0048125322607244,1.0072187983910865,1.0084393018991484,1.0036093991955433,1.0036066798535002,1.003613219510037
void,1.4511278195488722,0.24421664928438788,0.24392871706636848,1.0048785743413273,1.0073178615119909,1.0085553555584006,1.0036589307559955,1.0036561740965908,1.0036628034964272
void,1.4586466165413534,0.24752325477368783,0.24723142405712034,1.0049446284811423,1.0074169427217137,1.0086714369530865,1.0037084713608568,1.0037056773772766,1.0037123965367993
void,1.4661654135338344,0.25082982063087544,0.2505340914624863,1.0050106818292497,1.0075160227438744,1.0087875235010928,1.0037580113719373,1.0037551800646285,1.003761988982762
void,1.4736842105263157,0.254135733712953,0.2538361068623661,1.0050767221372474,1.007615083205871,1.0089035936742066,1.0038075416029353,1.003804672979267,1.0038115716382912
void,1.481203007518797,0.25744041185547756,0.2571368887786907,1.005142737775574,1.0077141066633606,1.0090196270271086,1.0038570533316804,1.0038541474055915,1.0038611357719833
void,1.488721804511278,0.2607433045767078,0.2604358873787384,1.0052087177475748,1.0078130766213622,1.0091356042224062,1.003906538310681,1.0039035951023252,1.0039106731276186
void,1.4962406015037593,0.26404389366815023,0.26373258506498526,1.0052746517012996,1.0079119775519494,1.009251507051692,1.0039559887759748,1.003953008311355,1.0039601759330163
void,1.5037593984962405,0.2673416936714783,0.26702649695146163,1.0053405299390292,1.008010794908544,1.0093673184526157,1.004005397454272,1.0040023797648707,1.0040096369071887
void,1.5112781954887218,0.270636252242366,0.270317171227157,1.005406343424543,1.0081095151368147,1.009483022521995,1.0040547575684073,1.0040517026908133,1.0040590492657973
void,1.518796992481203,0.2739271504023571,0.273604189407592,1.0054720837881517,1.008208125682228,1.0095986045249965,1.004104062841114,1.0041009708166446,1.0041084067249308
void,1.526315789473684,0.27721400268042334,0.27688716647621,1.0055377433295243,1.0083066149942863,1.0097140509004443,1.0041533074971434,1.004150178371468,1.0041577035032285
void,1.5338345864661653,0.2804964571463891,0.2801657509177622,1.0056033150183554,1.0084049725275328,1.0098293492623347,1.0042024862637664,1.0041993200865265,1.0042069343223805
void,1.5413533834586466,0.2837741953388856,0.2834396246463467,1.005668792492927,1.0085031887393903,1.0099444883976425,1.0042515943696952,1.004248391194127,1.004256094406048
void,1.5488721804511276,0.28704693209095583,0.28670850283121946,1.0057341700566245,1.0086012550849366,1.0100594582605331,1.0043006275424684,1.0042973874250265,1.0043051794772482
void,1.5563909774436089,0.2903144152568578,0.28997213362391894,1.0057994426724783,1.0086991640087175,1.010174249963099,1.0043495820043586,1.0043463050043446,1.0043541857542553
void,1.5639097744360901,0.2935764253439917,0.2932302977906279,1.0058646059558125,1.0087969089337188,1.010288855762759,1.0043984544668594,1.0043951406460518,1.0044031099450814
void,1.5714285714285714,0.29683277505424366,0.29648280825405754,1.005929656165081,1.0088944842476217,1.0104032690464677,1.0044472421238109,1.0044438915461031,1.0044519492405974
void,1.5789473684210527,0.30008330873933425,0.2997295095494383,1.0059945901909888,1.008991885286483,1.0105174843119002,1.0044959426432416,1.0044925553742832,1.004500701306363
void,1.5864661654135337,0.303327901775045,0.302970277199484,1.0060594055439898,1.0090891083159845,1.0106314971457742,1.0045445541579923,1.00454113026484,1.004549364273243
void,1.593984962406015,0.3065664598594316,0.3062050170134326,1.0061241003402686,1.009186150510403,1.0107453041994943,1.0045930752552015,1.0045896148059765,1.0045979367268807
void,1.6015037593984962,0.3097989182403165,0.30943366431544966,1.0061886732863088,1.0092830099294634,1.0108589031623012,1.0046415049647317,1.0046380080282862,1.0046464176961114
void,1.6090225563909772,0.3130252408775257,0.31265618310785265,1.006253123662157,1.0093796854932355,1.0109722927321156,1.0046898427466178,1.00468630939221,1.0046948066403982
void,1.6165413533834585,0.3162454195454406,0.31587256517472095,1.0063174513034943,1.0094761769552416,1.0110854725842748,1.004738088477621,1.004734518774603,1.004743103436372
void,1.6240601503759398,0.3194594728815258,0.31908282913154556,1.006381656582631,1.0095724848739465,1.011198443338356,1.0047862424369731,1.0047826364544863,1.0047913083635613
void,1.631578947368421,0.3226674453865305,0.32228701942660914,1.0064457403885323,1.0096686105827983,1.0113112065232908,1.004834305291399,1.004830663098082,1.0048394220893953
void,1.6390977443609023,0.3258694063820812,0.32548520529980773,1.0065097041059963,1.009764556158994,1.011423764540967,1.0048822780794973,1.0048785997432066,1.0048874456535721
void,1.6466165413533833,0.32906544893135153,0.3286774797045933,1.006573549594092,1.0098603243911377,1.0115361206285203,1.0049301621955689,1.004926447783111,1.004935380451869
void,1.6541353383458646,0.3322556887284472,0.33186395819866765,1.0066372791639733,1.00995591874596,1.0116482788195127,1.00497795937298,1.0049742089498546,1.0049832282194862
void,1.6616541353383458,0.3354402629620554,0.3350447778089723,1.0067008955561794,1.010051343334269,1.0117602439041893,1.0050256716671346,1.0050218852972934,1.0050309910140036
void,1.6691729323308269,0.3386193291588034,0.3382200958764099,1.0067644019175281,1.0101466028762924,1.0118720213890116,1.005073301438146,1.0050694791837622,1.0050786711980326
void,1.6766917293233081,0.34179306401162873,0.34139008888559663,1.006827801777712,1.0102417026665678,1.011983617455647,1.005120851333284,1.0051169932545367,1.0051262714216445
void,1.6842105263157894,0.34496166219830593,0.34455495128478114,1.0068910990256958,1.0103366485385434,1.0120950389195977,1.0051683242692717,1.0051644304241423,1.00517379460465
void,1.6917293233082706,0.348125335195098,0.3477148943008953,1.0069542978860178,1.0104314468290267,1.0122062931886473,1.0052157234145134,1.0052117938585963,1.0052212439188066
void,1.699248120300752,0.3512843100902958,0.35087014475449213,1.00701740289509,1.0105261043426348,1.0123173882212848,1.0052630521713175,1.0052590869576434,1.005268622770024
void,1.706766917293233,0.3544388284021998,0.3540209438791213,1.0070804188775826,1.0106206283163737,1.0124283324852743,1.005310314158187,1.0053063133370612,1.0053159347806353
void,1.7142857142857142,0.3575891449058652,0.3571675461494572,1.0071433509229892,1.0107150263844835,1.0125391349165185,1.0053575131922419,1.0053534768110934,1.0053631837718007
void,1.7218045112781954,0.36073552647269086,0.3603102181222568,1.007206204362445,1.0108093065436676,1.0126498048783588,1.005404653271834,1.0054005813750795,1.0054103737461038
void,1.7293233082706765,0.3638782509266863,0.363449237293974,1.0072689847458796,1.0109034771188192,1.0127603521214523,1.0054517385594097,1.0054476311883294,1.0054575088703965
void,1.7368421052631577,0.36701760592098515,0.36658489097859837,1.0073316978195719,1.010997546729358,1.0128707867443447,1.005498773364679,1.005494630557307,1.0055045934589508
void,1.744360902255639,0.37015388783791503,0.3697174752090218,1.0073943495041804,1.0110915242562706,1.012981119154861,1.0055457621281354,1.0055415839191595,1.0055516319569597
void,1.7518796992481203,0.3732874007156637,0.3728472936649703,1.0074569458732994,1.0111854188099492,1.01309136003242,1.0055927094049746,1.0055884958256511,1.0055986289244405
void,1.7593984962406015,0.3764184552043135,0.37597465663026863,1.0075194931326052,1.011279239698908,1.0132015202913698,1.005639619849454,1.0056353709275332,1.005645589020577
void,1.7669172932330826,0.37954736755374296,0.3790998799819357,1.0075819975996387,1.011372996399458,1.0133116110454328,1.005686498199729,1.0056822139593902,1.0056925169885396
void,1.7744360902255638,0.38267445863562694,0.38222328421333757,1.007644465684267,1.0114666985264,1.0134216435733414,1.0057333492632,1.0057290297250014,1.0057394176408165
void,1.781954887218045,0.3858000530015034,0.38534519349336493,1.0077069038698672,1.011560355804801,1.0135316292857293,1.0057801779024005,1.0057758230832365,1.0057862958450883
void,1.789473684210526,0.3889244779786081,0.3884659347633336,1.0077693186952668,1.0116539780429,1.013641579693346,1.00582698902145,1.0058225989345209,1.0058331565106655
void,1.7969924812030074,0.3920480628049294,0.3915858368730595,1.007831716737461,1.0117475751061917,1.0137515063766378,1.0058737875530959,1.0058693622078847,1.0058800045755159
void,1.8045112781954886,0.3951711378046756,0.39470522975729727,1.007894104595146,1.0118411568927188,1.0138614209567451,1.0059205784463596,1.0059161178486211,1.0059268449938994
void,1.8120300751879699,0.3982940336051172,0.39782444365350716,1.00795648887307,1.0119347333096051,1.013971335067946,1.0059673666548026,1.0059628708065598,1.0059736827246206
void,1.8195488721804511,0.4014170803955216,0.4009438083616622,1.0080188761672333,1.01202831425085,1.0140812603315739,1.006014157125425,1.0060096260249733,1.0060205227199155
void,1.8270676691729322,0.4045406072286809,0.4040636525466001,1.008081273050932,1.012121909576398,1.0141912083314262,1.006060954788199,1.00605638843012,1.0060673699149745
void,1.8345864661654134,0.4076649413653186,0.407184303083203,1.0081436860616642,1.0122155290924963,1.0143011905906758,1.006107764546248,1.006103162921429,1.0061142292181104
void,1.8421052631578947,0.41079040766144814,0.4103060844444781,1.0082061216888896,1.0123091825333344,1.0144112185502874,1.0061545912666672,1.0061499543623287,1.00616110550157
void,1.8496240601503757,0.4139173279985822,0.4134293181324387,1.0082685863626488,1.0124028795439732,1.0145213035489375,1.0062014397719867,1.0061967675717156,1.0062080035929881
void,1.857142857142857,0.4170460207564866,0.4165543221514798,1.0083310864430295,1.0124966296645443,1.014631456804425,1.006248314832272,1.006243607316062,1.0062549282674786
void,1.8646616541353382,0.42017680032802407,0.41968141052379393,1.008393628210476,1.0125904423157137,1.0147416893965582,1.0062952211578569,1.0062904783021522,1.0063018842403608
void,1.8721804511278195,0.42330997667546266,0.4228108928462026,1.008456217856924,1.012684326785386,1.0148520122515,1.006342163392693,1.0063373851704396,1.0063488761605022
void,1.8796992481203008,0.42644585492748344,0.4259430738876393,1.008518861477753,1.012778292216629,1.0149624361275364,1.0063891461083145,1.0063843324890138,1.006395908604275
void,1.8872180451127818,0.4295847350159875,0.4290782532263844,1.0085815650645276,1.0128723475967916,1.015072971602249,1.0064361737983958,1.0064313247481638,1.00644298607011
void,1.894736842105263,0.43272691135167923,0.432216724926031,1.0086443344985205,1.012966501747781,1.0151836290610439,1.0064832508738906,1.00647836635552,1.00649011297363
void,1.9022556390977443,0.43587267253729794,0.43535877724905503,1.008707175544981,1.0130607633174717,1.0152944186870057,1.0065303816587359,1.0065254616317618,1.0065372936433483
void,1.9097744360902253,0.43902230111726614,0.43850469240675816,1.0087700938481352,1.0131551407722026,1.0154053504520324,1.0065775703861015,1.0065726148068697,1.0065845323169151
void,1.9172932330827066,0.44217607336244613,0.4416547463442783,1.0088330949268856,1.0132496423903283,1.0155164341092013,1.0066248211951643,1.006619830016902,1.006631833137889
void,1.9248120300751879,0.44533425908860974,0.44480920855927375,1.0088961841711854,1.0133442762567784,1.0156276791863237,1.006672138128389,1.0066671113012782,1.0066792001530127
void,1.9323308270676691,0.44849712150717913,0.44796834195283963,1.0089593668390568,1.013439050258585,1.015739094980631,1.0067195251292926,1.0067144626005438,1.0067266373099772
void,1.9398496240601504,0.4516649171067268,0.4511324027111474,1.009022648054223,1.0135339720813346,1.015850690554547,1.0067669860406672,1.0067618877545956,1.0067741484556423
void,1.9473684210526314,0.4548378955636966,0.4543016402162718,1.0090860328043254,1.013629049206488,1.0159624747324842,1.006814524603244,1.0068093905013469,1.0068217373346984
void,1.9548872180451127,0.45801629968076696,0.45747629698462583,1.0091495259396925,1.0137242889095388,1.0160744560986161,1.0068621444547694,1.0068569744758031,1.0068694075887419
void,1.962406015037594,0.46120036535125664,0.4606566086314095,1.009213132172628,1.0138196982589422,1.0161866429955662,1.006909849129471,1.0069046432095294,1.0069171627557418
void,1.969924812030075,0.46439032154796533,0.46384280385946264,1.0092768560771892,1.013915284115784,1.0162990435239545,1.0069576420578918,1.0069524001304841,1.0069650062698716
void,1.9774436090225562,0.4675863903348299,0.46703510447090824,1.009340702089418,1.0140110531341273,1.0164116655427529,1.0070055265670634,1.0070002485631921,1.0070129414616844
void,1.9849624060150375,0.47078878689978804,0.47023372539997654,1.0094046745079994,1.0141070117619992,1.0165245166703845,1.0070535058809997,1.007048191729238,1.0070609715586063
void,1.9924812030075187,0.47399771960724674,0.47343887476541235,1.0094687774953084,1.0142031662429623,1.0166376042865135,1.0071015831214811,1.007096232748051,1.0071090996857228
void,2.0,0.4772133900685787,0.4766507539408878,1.0095330150788178,1.0142995226182265,1.0167509355344746,1.0071497613091134,1.0071443746379602,1.0071573288668356
void,2.007518796992481,0.48043599322908803,0.47986955764186584,1.009597391152837,1.0143960867292559,1.0168645173242796,1.007198043364628,1.0071926203174977,1.0072056620257686
void,2.015037593984962,0.48366571746992276,0.4830954740273927,1.009661909480548,1.0144928642208217,1.0169783563361545,1.0072464321104109,1.007240972606922,1.0072541019878942
void,2.0225563909774436,0.48690274472344836,0.4863286848153349,1.0097265736963066,1.0145898605444599,1.0170924590245514,1.00729493027223,1.0072894342299483,1.007302651481866
void,2.0300751879699246,0.4901472506006345,0.48956936540961626,1.0097913873081923,1.0146870809622885,1.0172068316225824,1.0073435404811442,1.0073380078156522,1.0073513131415275
void,2.037593984962406,0.4933994045290645,0.49281768503806417,1.0098563537007612,1.0147845305511418,1.0173214801468349,1.007392265275571,1.0073866959005398,1.0074000895079829
void,2.045112781954887,0.4966593699002081,0.49607380689950964,1.0099214761379902,1.0148822142069853,1.0174364104025084,1.0074411071034926,1.007435500930748,1.0074489830318054
void,2.052631578947368,0.4999273042246772,0.49933788831885884,1.0099867577663773,1.0149801366495659,1.0175516279888392,1.007490068324783,1.0074844252643738,1.0074979960753665
void,2.0601503759398496,0.5032033592942171,0.5026100809088943,1.0100522016181779,1.015078302427267,1.0176671383047617,1.0075391512136334,1.0075334711738944,1.0075471309152655
void,2.0676691729323307,0.5064876813492608,0.5058905307376308,1.0101178106147526,1.015176715922129,1.0177829465547683,1.0075883579610645,1.0075826408486799,1.007596389744841
void,2.075187969924812,0.5097804112509294,0.509179378500114,1.0101835875700023,1.0152753813550035,1.017899057754926,1.0076376906775018,1.0076319363975659,1.0076457746767524
void,2.082706766917293,0.5130816846564227,0.5124767596936032,1.010249535193872,1.015374302790808,1.018015476739019,1.0076871513954042,1.0076813598514798,1.0076952877456107
void,2.090225563909774,0.5163916321968122,0.5157828047951556,1.0103156560959032,1.0154734841438546,1.0181322081647712,1.0077367420719274,1.0077309131661032,1.0077449309106423
void,2.0977443609022557,0.5197103796563082,0.5190976394406814,1.0103819527888136,1.0155729291832205,1.0182492565201287,1.0077864645916104,1.0077805982245547,1.0077947060583812
void,2.1052631578947367,0.52303804815214,0.5224213846046124,1.0104484276920922,1.0156726415381385,1.0183666261295607,1.0078363207690693,1.0078304168400838,1.0078446150053642
void,2.1127819548872178,0.5263747543142518,0.5257541567793859,1.0105150831355878,1.0157726247033816,1.0184843211603607,1.0078863123516908,1.0078803707587605,1.0078946595008274
void,2.1203007518796992,0.5297206104640817,0.5290960681540121,1.0105819213630802,1.0158728820446203,1.018602345628913,1.0079364410223102,1.007930461662152,1.007944841229387
void,2.1278195488721803,0.5330757247917479,0.5324472267910533,1.0106489445358209,1.0159734168037315,1.0187207034069061,1.0079867084018657,1.007980691169976,1.0079951618136973
void,2.1353383458646613,0.5364402015310413,0.535807736801408,1.010716154736028,1.0160742321040421,1.0188393982274724,1.0080371160520212,1.0080310608427188,1.0080456228170747
void,2.142857142857143,0.5398141411316667,0.5391776985163506,1.0107835539703272,1.0161753309554906,1.0189584336912303,1.0080876654777453,1.0080815721842156,1.0080962257460808
void,2.150375939849624,0.5431976404282463,0.542557208656335,1.0108511441731267,1.01627671625969,1.0190778132722158,1.008138358129845,1.0081322266441806,1.0081469720530587
void,2.1578947368421053,0.5465907928056538,0.545946360496134,1.0109189272099226,1.016378390814884,1.0191975403236844,1.008189195407442,1.0081830256206814,1.0081978631386104
void,2.1654135338345863,0.5499936883602933,0.5493452440259275,1.0109869048805185,1.016480357320778,1.019317618083773,1.008240178660389,1.0082339704625534,1.0082489003540172
void,2.1729323308270674,0.5534064140570036,0.5527539461080226,1.0110550789221604,1.0165826183832407,1.0194380496810092,1.0082913091916204,1.0082850624717492,1.0083000850035935
void,2.180451127819549,0.5568290538813043,0.5561725506289196,1.0111234510125784,1.0166851765188676,1.0195588381396576,1.008342588259434,1.0083363029056192,1.0083514183469677
void,2.18796992481203,0.5602616889867577,0.5596011386465005,1.01119202277293,1.0167880341593951,1.0196799863848953,1.0083940170796977,1.008387692979115,1.0084029016012959
void,2.1954887218045114,0.5637043978372605,0.563039788532153,1.011260795770643,1.0168911936559646,1.0198014972478098,1.0084455968279824,1.0084392338669217,1.0084545359433923
void,2.2030075187969924,0.5671572563441217,0.5664885761076862,1.0113297715221536,1.0169946572832305,1.0199233734702147,1.0084973286416152,1.0084909267055098,1.008506322511788
void,2.2105263157894735,0.5706203379978252,0.5699475747769386,1.0113989514955388,1.0170984272433081,1.0200456177092794,1.008549213621654,1.008542772595107,1.0085582624087066
void,2.218045112781955,0.5740937139944051,0.5734168556520038,1.01146833711304,1.01720250566956,1.0201682325419703,1.00860125283478,1.0085947726015918,1.008610356701958
void,2.225563909774436,0.5775774533564062,0.576896487674049,1.011537929753481,1.0173068946302215,1.0202912204693013,1.0086534473151108,1.0086469277583017,1.0086626064267543
void,2.233082706766917,0.581071623048424,0.5803865377287182,1.0116077307545743,1.0174115961318615,1.0204145839203949,1.0087057980659309,1.008699239067766,1.008715012587442
void,2.2406015037593985,0.58457628808725,0.5838870707561478,1.011677741415123,1.0175166121226844,1.0205383252563534,1.0087583060613423,1.0087517075033527,1.0087675761591544
void,2.2481203007518795,0.5880915116466752,0.5873981498556466,1.011747962997113,1.0176219444956693,1.020662446773945,1.0088109722478347,1.0088043340108384,1.0088202980893828
void,2.2556390977443606,0.5916173551570258,0.5909198363851145,1.0118183967277024,1.0177275950915534,1.0207869507091019,1.0088637975457766,1.0088571195098983,1.0088731792994698
void,2.263157894736842,0.5951538783995289,0.5944521900552961,1.011889043801106,1.0178335657016588,1.020911839240238,1.0089167828508294,1.0089100648955183,1.0089262206860248
void,2.270676691729323,0.5987011395956114,0.5979952690189754,1.0119599053803794,1.0179398580705692,1.0210371144913912,1.0089699290352847,1.0089631710393334,1.0089794231222624
void,2.2781954887218046,0.6022591954912776,0.6015491299552524,1.012030982599105,1.0180464738986577,1.0211627785351887,1.0090232369493288,1.0090164387908895,1.0090327874592693
void,2.2857142857142856,0.6058281014366914,0.6051138281490335,1.0121022765629808,1.018153414844471,1.0212888333956458,1.0090767074222355,1.0090698689788358,1.009086314527197
void,2.2932330827067666,0.6094079114611277,0.6086894175658927,1.0121737883513178,1.0182606825269769,1.0214152810508044,1.0091303412634884,1.009123462412045,1.0091400051363855
void,2.300751879699248,0.6129986783434498,0.6122759509224669,1.0122455190184494,1.018368278527674,1.02154212343521,1.009184139263837,1.0091772198806719,1.0091938600784214
void,2.308270676691729,0.6166004536782849,0.6158734797525529,1.012317469595051,1.0184762043925766,1.0216693624422406,1.0092381021962884,1.0092311421571405,1.00924788012713
void,2.3157894736842106,0.6202132879380761,0.619482054469087,1.0123896410893818,1.0185844616340727,1.021796999926289,1.0092922308170365,1.0092852299970754,1.0093020660395056
void,2.3233082706766917,0.623837230531185,0.6231017244221778,1.0124620344884436,1.0186930517326653,1.021925037704807,1.0093465258663328,1.0093394841401704,1.0093564185565833
void,2.3308270676691727,0.6274723298562354,0.6267325379533871,1.0125346507590678,1.0188019761386016,1.0220534775602186,1.009400988069301,1.0093939053110026,1.009410938404254
void,2.338345864661654,0.6311186333528721,0.6303745424464283,1.0126074908489284,1.0189112362733928,1.0221823212417045,1.0094556181366965,1.0094484942197925,1.0094656262940258
void,2.345864661654135,0.6347761875491266,0.6340277843744762,1.0126805556874894,1.0190208335312343,1.0223115704668684,1.009510416765617,1.009503251563112,1.0095204829237343
void,2.3533834586466162,0.6384450381055662,0.6376923093442639,1.0127538461868852,1.0191307692803278,1.0224412269232923,1.009565384640164,1.0095581780245468,1.0095755089782044
void,2.3609022556390977,0.6421252298564111,0.6413681621371522,1.0128273632427431,1.0192410448641145,1.0225712922699817,1.0096205224320574,1.009613274275312,1.0096307051298672
void,2.3684210526315788,0.6458168068477886,0.6450553867473378,1.0129011077349468,1.01935166160242,1.0227017681387118,1.0096758308012102,1.0096685409748223,1.0096860720393344
void,2.37593984962406,0.6495198123733081,0.6487540264173866,1.0129750805283477,1.0194626207925215,1.0228326561352803,1.0097313103962609,1.0097239787712282,1.0097416103559314
void,2.3834586466165413,0.653234289007114,0.6524641236712481,1.013049282473425,1.0195739237101376,1.0229639578406693,1.0097869618550686,1.009779588301908,1.0097973207181918
void,2.3909774436090223,0.6569602786345847,0.6561857203449177,1.0131237144068983,1.0196855716103475,1.0230956748121263,1.0098427858051737,1.009835370193929,1.0098532037543204
void,2.398496240601504,0.6606978224808383,0.659918857614909,1.0131983771522983,1.0197975657284473,1.0232278085841668,1.0098987828642236,1.0098913250644737,1.0099092600826185
void,2.406015037593985,0.6644469611371879,0.6636635760246778,1.0132732715204935,1.0199099072807403,1.0233603606695052,1.0099549536403702,1.0099474535212354,1.009965490311881
void,2.413533834586466,0.6682077345856968,0.6674199155091484,1.013348398310183,1.0200225974652743,1.0234933325599191,1.010011298732637,1.010003756162787,1.010021895041767
void,2.4210526315789473,0.6719801822219738,0.6711879154174818,1.0134237583083496,1.0201356374625246,1.0236267257270508,1.0100678187312622,1.010060233578921,1.0100784748631375
void,2.4285714285714284,0.6757643428763316,0.6749676145342102,1.013499352290684,1.0202490284360264,1.0237605416231523,1.0101245142180133,1.0101168863509673,1.0101352303583768
void,2.43609022556391,0.679560254833445,0.6787590510988699,1.0135751810219775,1.0203627715329662,1.023894781681776,1.0101813857664832,1.0101737150520866,1.010192162101685
void,2.443609022556391,0.6833679558506155,0.6825622628242473,1.0136512452564852,1.0204768678847274,1.024029447318418,1.0102384339423636,1.0102307202475445,1.0102492706593527
void,2.451127819548872,0.687187483174762,0.6863772869133463,1.0137275457382668,1.0205913186074005,1.0241645399311154,1.0102956593037002,1.0102879024949658,1.0103065565900153
void,2.4586466165413534,0.6910188735582364,0.690204160075188,1.0138040832015038,1.0207061248022558,1.0243000609010022,1.0103530624011279,1.0103452623445708,1.0103640204448912
void,2.4661654135338344,0.6948621632735654,0.6940429185395336,1.0138808583707906,1.020821287556186,1.0244360115928288,1.010410643778093,1.0104028003393966,1.010421662768002
void,2.4736842105263155,0.6987173881272081,0.6978935980706265,1.0139578719614126,1.0209368079421188,1.0245723933554445,1.0104684039710594,1.0104605170155025,1.010479484096379
void,2.481203007518797,0.7025845834724176,0.7017562339800376,1.0140351246796009,1.021052687019401,1.0247092075222501,1.0105263435097005,1.010518412902163,1.0105374849602569
void,2.488721804511278,0.706463784221278,0.7056308611386903,1.014112617222774,1.0211689258341605,1.0248464554116223,1.0105844629170804,1.0105764885220483,1.0105956658832524
void,2.496240601503759,0.7103550248560028,0.7095175139881428,1.014190350279763,1.0212855254196445,1.0249841383273088,1.010642762709822,1.0106347443913921,1.0106540273825364
void,2.5037593984962405,0.7142583394395489,0.713416226551192,1.014268324531024,1.0214024867965357,1.025122257558803,1.0107012433982678,1.0106931810201518,1.0107125699689903
void,2.5112781954887216,0.7181737616256177,0.7173270324418618,1.0143465406488372,1.0215198109732557,1.025260814381695,1.0107599054866279,1.0107517989121582,1.0107712941473588
void,2.518796992481203,0.7221013246680983,0.7212499648748341,1.0144249992974967,1.0216374989462451,1.0253998100580028,1.0108187494731224,1.010810598565256,1.0108302004163892
void,2.526315789473684,0.7260410614300015,0.7251850566743745,1.0145037011334874,1.0217555517002312,1.0255392458364878,1.0108777758501157,1.0108695804714383,1.0108892892689665
void,2.533834586466165,0.7299930043919406,0.7291323402828017,1.014582646805656,1.021873970208484,1.0256791229529512,1.010936985104242,1.0109287451169733,1.0109485611922409
void,2.5413533834586466,0.7339571856601943,0.7330918477685409,1.0146618369553708,1.0219927554330563,1.025819442630518,1.0109963777165283,1.010988092982525,1.0110080166677473
void,2.5488721804511276,0.7379336369743955,0.7370636108338037,1.0147412722166762,1.022111908325014,1.025960206079907,1.011055954162507,1.0110476245432682,1.0110676561715228
void,2.556390977443609,0.741922389714885,0.7410476608219336,1.0148209532164385,1.022231429824658,1.026101414499689,1.011115714912329,1.0111073402689985,1.011127480174215
void,2.56390977443609,0.7459234749097536,0.7450440287244389,1.0149008805744888,1.0223513208617332,1.0262430690765347,1.0111756604308666,1.011167240624239,1.0111874891411885
void,2.571428571428571,0.7499369232416151,0.7490527451877587,1.014981054903755,1.022471582355633,1.0263851709854521,1.0112357911778165,1.0112273260683393,1.011247683532626
void,2.5789473684210527,0.7539627650541229,0.7530738405197711,1.0150614768103954,1.022592215215593,1.026527721390015,1.0112961076077964,1.0112875970555752,1.011308063803628
void,2.5864661654135337,0.7580010303582639,0.75710734469608,1.0151421468939215,1.0227132203408824,1.0266707214425848,1.0113566101704412,1.0113480540352424,1.0113686304043035
void,2.5939849624060147,0.7620517488384472,0.7611532873660964,1.015223065747322,1.0228345986209828,1.0268141722845243,1.0114172993104915,1.0114086974517467,1.0114293837798645
void,2.601503759398496,0.7661149498584059,0.7652116978589335,1.0153042339571785,1.022956350935768,1.0269580750464047,1.0114781754678839,1.0114695277446935,1.0114903243707136
void,2.6090225563909772,0.7701906624669291,0.7692826051891318,1.0153856521037827,1.023078478155674,1.0271024308482064,1.011539239077837,1.0115305453489725,1.0115514526125295
void,2.6165413533834583,0.7742789154034418,0.7733660380622325,1.0154673207612448,1.023200981141867,1.0272472407995166,1.0116004905709335,1.011591750694843,1.0116127689363512
void,2.6240601503759398,0.778379737103442,0.7774620248802079,1.0155492404976043,1.0233238607464061,1.0273925059997184,1.011661930373203,1.0116531442080134,1.0116742737686588
void,2.631578947368421,0.7824931557038074,0.7815705937467624,1.0156314118749352,1.0234471178124027,1.0275382275381788,1.0117235589062015,1.0117147263097217,1.0117359675314546
void,2.6390977443609023,0.7866191990479866,0.7856917724725168,1.0157138354494504,1.0235707531741756,1.0276844064944297,1.0117853765870877,1.0117764974168129,1.0117978506423388
void,2.6466165413533833,0.7907578946910745,0.7898255885800788,1.0157965117716015,1.0236947676574022,1.0278310439383476,1.0118473838287012,1.0118384579418152,1.011859923514588
void,2.6541353383458643,0.7949092699047925,0.7939720693090159,1.0158794413861802,1.0238191620792705,1.0279781409303268,1.0119095810396352,1.011900608293014,1.0119221865572279
void,2.661654135338346,0.7990733516823647,0.7981312416207278,1.0159626248324145,1.0239439372486219,1.0281256985214535,1.011971968624311,1.0119629488745256,1.0119846401751078
void,2.669172932330827,0.8032501667433125,0.8023031322032327,1.0160460626440648,1.0240690939660968,1.0282737177536712,1.0120345469830485,1.012025480086369,1.0120472847689714
void,2.6766917293233083,0.8074397415381592,0.8064877674758693,1.0161297553495174,1.0241946330242762,1.028422199659948,1.012097316512138,1.0120882023245354,1.0121101207355285
void,2.6842105263157894,0.8116421022530568,0.8106851735939155,1.0162137034718783,1.0243205552078174,1.028571145264439,1.012160277603909,1.012151115981059,1.0121731484675234
void,2.6917293233082704,0.8158572748143375,0.8148953764531369,1.0162979075290628,1.024446861293594,1.0287205555826462,1.012223430646797,1.0122142214440826,1.0122363683538036
void,2.699248120300752,0.8200852848929904,0.8191184016942559,1.016382368033885,1.0245735520508277,1.0288704316215749,1.012286776025414,1.012277519097928,1.0122997807793872
void,2.706766917293233,0.8243261579090683,0.8233542747073551,1.016467085494147,1.0247006282412205,1.0290207743798907,1.0123503141206103,1.0123410093231593,1.0123633861255286
void,2.714285714285714,0.8285799190360296,0.8276030206362134,1.0165520604127243,1.0248280906190863,1.0291715848480705,1.0124140453095434,1.0124046924966492,1.0124271847697832
void,2.7218045112781954,0.8328465932050115,0.8318646643825741,1.0166372932876515,1.0249559399314774,1.0293228640085537,1.0124779699657387,1.0124685689916424,1.0124911770860732
void,2.7293233082706765,0.8371262051090407,0.8361392306103508,1.016722784612207,1.0250841769183106,1.0294746128358898,1.0125420884591552,1.0125326391778184,1.0125553634447484
void,2.7368421052631575,0.8414187792071819,0.8404267437497706,1.0168085348749953,1.025212802312493,1.0296268322968847,1.0126064011562466,1.012596903421355,1.0126197442126503
void,2.744360902255639,0.8457243397286258,0.8447272280014582,1.016894544560029,1.0253418168400437,1.0297795233507452,1.0126709084200216,1.0126613620849882,1.0126843197531723
void,2.75187969924812,0.850042910676716,0.849040707340457,1.016980814146809,1.0254712212202137,1.0299326869492194,1.0127356106101069,1.0127260155280724,1.0127490904263208
void,2.7593984962406015,0.854374515832918,0.8533672055201942,1.017067344110404,1.025601016165606,1.0300863240367373,1.0128005080828029,1.0127908641066405,1.0128140565887744
void,2.7669172932330826,0.8587191787607299,0.8577067460763863,1.0171541349215276,1.0257312023822915,1.0302404355505481,1.0128656011911459,1.0128559081734625,1.0128792185939424
void,2.7744360902255636,0.863076922809535,0.8620593523308877,1.0172411870466176,1.0258617805699266,1.0303950224208571,1.0129308902849634,1.0129211480781022,1.0129445767920229
void,2.781954887218045,0.8674477711183994,0.8664250473954838,1.0173285009479096,1.0259927514218647,1.0305500855709575,1.0129963757109322,1.012986584166976,1.0130101315300597
void,2.789473684210526,0.8718317466198109,0.8708038541756242,1.0174160770835126,1.0261241156252687,1.0307056259173635,1.0130620578126344,1.0130522167834062,1.0130758831519981
void,2.7969924812030076,0.876228872043364,0.8751957953741059,1.0175039159074821,1.026255873861223,1.03086164436994,1.0131279369306117,1.0131180462676783,1.0131418319987409
void,2.8045112781954886,0.8806391699193885,0.879600893494695,1.0175920178698938,1.0263880268048409,1.03101814183203,1.0131940134024204,1.0131840729570945,1.013207978408201
void,2.8120300751879697,0.885062662582526,0.8840191708457003,1.0176803834169141,1.026520575125371,1.0311751192005811,1.0132602875626855,1.0132502971860273,1.013274322715358
void,2.819548872180451,0.8894993721752471,0.8884506495434865,1.0177690129908699,1.0266535194863045,1.0313325773662696,1.0133267597431523,1.0133167192859724,1.0133408652523082
void,2.827067669172932,0.8939493206513188,0.892895351515937,1.0178579070303186,1.0267868605454782,1.0314905172136217,1.013393430272739,1.0133833395856,1.013407606348318
void,2.834586466165413,0.8984125297792163,0.8973532985058622,1.0179470659701173,1.026920598955176,1.0316489396211357,1.0134602994775879,1.0134501584108067,1.0134745463298747
void,2.8421052631578947,0.9028890211454828,0.9018245120743543,1.0180364902414871,1.0270547353622306,1.0318078454613993,1.0135273676811154,1.013517176084765,1.0135416855207369
void,2.8496240601503757,0.9073788161580337,0.9063090136040891,1.018126180272082,1.0271892704081225,1.0319672356012057,1.0135946352040612,1.0135843929279738,1.0136090242419848
void,2.8571428571428568,0.9118819360494123,0.9108068243025764,1.0182161364860516,1.0273242047290774,1.0321271109016703,1.0136621023645387,1.0136518092583058,1.0136765628120672
void,2.8646616541353382,0.91639840187999,0.9153179652053575,1.018306359304107,1.0274595389561607,1.0322874722183415,1.0137297694780802,1.013719425391056,1.0137443015468512
void,2.8721804511278193,0.920928234541116,0.9198424571791501,1.018396849143583,1.0275952737153744,1.0324483204013142,1.0137976368576873,1.0137872416389901,1.013812240759669
void,2.8796992481203008,0.9254714547582166,0.924380320924946,1.018487606418499,1.0277314096277483,1.0326096562953366,1.0138657048138742,1.0138552583123888,1.013880380761364
void,2.887218045112782,0.9300280830938402,0.9289315769810498,1.018578631539621,1.0278679473094314,1.0327714807399204,1.0139339736547157,1.0139234757190942,1.0139487218603376
void,2.894736842105263,0.9345981399506575,0.9334962457260774,1.0186699249145217,1.0280048873717824,1.0329337945694448,1.0140024436858912,1.0139918941645556,1.0140172643625915
void,2.9022556390977443,0.9391816455744076,0.938074347381898,1.018761486947638,1.028142230421457,1.033096598613262,1.0140711152107285,1.0140605139518726,1.014086008571775
void,2.9097744360902253,0.943778620056794,0.9426659020165272,1.0188533180403305,1.0282799770604958,1.0332598936957986,1.0141399885302478,1.0141293353818384,1.0141549547892277
void,2.917293233082707,0.9483890833383334,0.9472709295469716,1.0189454185909395,1.028418127886409,1.0334236806366566,1.0142090639432046,1.0141983587529828,1.0142241033140202
void,2.924812030075188,0.9530130552111565,0.9518894497420272,1.0190377889948403,1.0285566834922608,1.0335879602507128,1.0142783417461305,1.0142675843616151,1.0142934544429985
void,2.932330827067669,0.9576505553217596,0.9565214822250264,1.0191304296445005,1.0286956444667508,1.0337527333482155,1.0143478222333755,1.0143370125018627,1.014363008470824
void,2.9398496240601504,0.9623016031737075,0.9611670464765399,1.0192233409295308,1.0288350113942961,1.0339180007348807,1.014417505697148,1.0144066434657144,1.0144327656900147
void,2.9473684210526314,0.9669662181302903,0.965826161837028,1.0193165232367407,1.028974784855111,1.0340837632119857,1.0144873924275555,1.0144764775430584,1.0145027263909845
void,2.9548872180451125,0.9716444194171354,0.9704988475094514,1.019409976950189,1.0291149654252838,1.0342500215764618,1.0145574827126418,1.014546515021722,1.014572890862083
void,2.962406015037594,0.9763362261247712,0.9751851225618301,1.0195037024512368,1.0292555536768548,1.034416776620985,1.0146277768384273,1.0146167561875106,1.0146432593896328
void,2.969924812030075,0.9810416572111441,0.9798850059297596,1.0195977001185952,1.0293965501778928,1.034584029134065,1.0146982750889464,1.0146872013242434,1.0147138322579687
void,2.977443609022556,0.9857607315040959,0.9845985164188833,1.0196919703283778,1.0295379554925665,1.0347517799001331,1.0147689777462832,1.0147578507137929,1.0147846097494735
void,2.9849624060150375,0.9904934677037895,0.9893256727073168,1.0197865134541464,1.0296797701812195,1.0349200296996282,1.0148398850906097,1.0148287046361197,1.0148555921446163
void,2.9924812030075185,0.9952398843850966,0.9940664933480314,1.0198813298669607,1.029821994800441,1.035088779309081,1.0149109974002204,1.0148997633693089,1.0149267797219854
void,3.0,0.9999999999999406,0.9988209967711964,1.019976419935424,1.029964629903136,1.0352580295011977,1.014982314951568,1.0149710271896044,1.0149981727583264
field,0.0,0.0,0.0,1.0,1.0,1.0,1.0,1.0,1.0
field,0.007518796992481203,4.6193112606928234e-05,4.438150984608237e-05,1.000000887630197,1.0000013314452953,1.0000015533534363,1.0000006657226477,1.0000006410537214,1.0000006881853578
field,0.015037593984962405,9.394875189400146e-05,9.026426715798763e-05,1.0000018052853432,1.0000027079280147,1.000003159251798,1.0000013539640074,1.0000013037917042,1.00000139964925
field,0.022556390977443608,0.00014331720028058675,0.00013769658237777695,1.0000027539316476,1.0000041308974714,1.0000048193860787,1.0000020654487356,1.0000019889117528,1.0000021351407855
field,0.03007518796992481,0.00019435025005661472,0.00018672821660392983,1.000003734564332,1.000005601846498,1.000006535498055,1.0000028009232491,1.0000026971326244,1.0000028954315656
field,0.03759398496240601,0.0002471012437865765,0.00023741042041077595,1.0000047482084082,1.0000071223126124,1.0000083093816454,1.0000035611563063,1.0000034291945903,1.0000036813162883
field,0.045112781954887216,0.0003016251156251425,0.0002897959735437967,1.0000057959194708,1.0000086938792063,1.0000101428843013,1.0000043469396032,1.00000418586001,1.0000044936133627
field,0.05263157894736842,0.0003579784335592241,0.00034393922550503693,1.0000068787845102,1.000010318176765,1.000012037908427,1.0000051590883825,1.0000049679139165,1.0000053331655399
field,0.06015037593984962,0.00041621944259134786,0.00039989613704291164,1.000007997922741,1.0000119968841112,1.0000139964128338,1.0000059984420555,1.000005776164616,1.000006200840554
field,0.06766917293233082,0.00047640810887906873,0.0004577243225605597,1.0000091544864511,1.000013731729677,1.0000160204142248,1.0000068658648384,1.0000066114442998,1.0000070975317814
field,0.07518796992481203,0.0005386061648450038,0.0005174830934567496,1.000010349661869,1.0000155244928037,1.000018111988712,1.0000077622464019,1.000007474609672,1.000008024158912
field,0.08270676691729323,0.0006028771552719703,0.0005792335024132584,1.0000115846700484,1.0000173770050724,1.0000202732733687,1.000008688502536,1.000008366542587,1.0000089816686368
field,0.09022556390977443,0.0006692864843974726,0.0006430383886424049,1.0000128607677727,1.0000192911516594,1.0000225064678134,1.0000096455758296,1.0000092881507048,1.0000099710353483
field,0.09774436090225563,0.0007379014640215104,0.0007089624241081649,1.0000141792484822,1.0000212688727232,1.0000248138358283,1.0000106344363617,1.0000102403681574,1.0000109932618584
field,0.10526315789473684,0.0008087913626414963,0.0007770721607341137,1.0000155414432148,1.000023312164822,1.0000271977070136,1.0000116560824108,1.0000112241562322,1.0000120493801297
field,0.11278195488721804,0.0008820274556276322,0.0008474360786110246,1.0000169487215722,1.0000254230823584,1.000029660478476,1.0000127115411792,1.000012240504066,1.0000131404520236
field,0.12030075187969924,0.0009576830764517324,0.0009201246352165969,1.0000184024927044,1.0000276037390565,1.0000322046165517,1.0000138018695282,1.0000132904293584,1.000014267570062
field,0.12781954887218044,0.001035833668982076,0.0009952103156594082,1.0000199042063131,1.0000298563094696,1.0000348326585675,1.000014928154735,1.0000143749790962,1.0000154318582088
field,0.13533834586466165,0.0011165568408562912,0.0010727676839586196,1.0000214553536793,1.0000321830305188,1.0000375472146368,1.0000160915152594,1.0000154952302938,1.000016634472663
field,0.14285714285714285,0.0011999324179437461,0.0011528734353704587,1.0000230574687075,1.000034586203061,1.0000403509694915,1.0000172931015303,1.0000166522907503,1.0000178766026713
field,0.15037593984962405,0.001286042499908232,0.0012356064497718439,1.0000247121289956,1.0000370681934931,1.0000432466843545,1.0000185340967467,1.0000178472998191,1.0000191594713548
field,0.15789473684210525,0.001374971516880974,0.001321047846110791,1.0000264209569223,1.0000396314353834,1.000046237198845,1.0000198157176916,1.0000190814291956,1.0000204843365543
field,0.16541353383458646,0.001466806287253254,0.001409281037932525,1.0000281856207587,1.000042278431138,1.0000493254329244,1.000021139215569,1.0000203558837184,1.000021852491691
field,0.17293233082706766,0.0015616360765969021,0.0015003917899892247,1.0000300078357998,1.0000450117536996,1.0000525143888805,1.0000225058768497,1.0000216719021877,1.0000232652666443
field,0.18045112781954886,0.0016595526577199817,0.0015944682759404416,1.000031889365519,1.0000478340482781,1.0000558071533485,1.000023917024139,1.0000230307581979,1.0000247240286457
field,0.18796992481203006,0.0017606503718638382,0.0016916011371501244,1.000033832022743,1.0000507480341145,1.0000592068993708,1.0000253740170575,1.000024433760988,1.0000262301831921
field,0.19548872180451127,0.0018650261910464335,0.0017918835425849656,1.0000358376708516,1.0000537565062775,1.000062716888497,1.000026878253139,1.0000258822563053,1.0000277851749735
field,0.20300751879699247,0.001972779781555499,0.0018954112498174838,1.0000379082249964,1.0000568623374944,1.0000663404729202,1.0000284311687473,1.0000273776272874,1.000029390488819
field,0.21052631578947367,0.0020840135685936336,0.002002282667135865,1.000040045653343,1.000060068480014,1.0000700810976546,1.000030034240007,1.0000289212953601,1.0000310476506595
field,0.21804511278195488,0.0021988328020756324,0.0021125989167608506,1.0000422519783354,1.0000633779675028,1.0000739423027498,1.0000316889837513,1.000030514721149,1.0000327582285098
field,0.22556390977443608,0.002317345623576824,0.0022264638991684933,1.0000445292779834,1.000066793916975,1.0000779277255472,1.0000333969584876,1.0000321594054096,1.0000345238334638
field,0.23308270676691728,0.0024396631344289353,0.002343984358515436,1.0000468796871702,1.0000703195307554,1.0000820411029703,1.0000351597653776,1.0000338568899712,1.0000363461207096
field,0.24060150375939848,0.0025658994649580694,0.002465269949161514,1.0000493053989834,1.000073958098475,1.0000862862738582,1.0000369790492374,1.0000356087586997,1.0000382267905623
field,0.24812030075187969,0.00269617184485699,0.0025904333032821755,1.0000518086660655,1.0000777129990983,1.000090667181336,1.0000388564995493,1.0000374166384722,1.0000401675895103
field,0.2556390977443609,0.002830600674681375,0.0027195900995607924,1.0000543918019913,1.000081587702987,1.000095187875221,1.0000407938514932,1.0000392822001705,1.0000421703112823
field,0.2631578947368421,0.0029693095984570286,0.0028528591329483664,1.000057057182659,1.0000855857739885,1.00009985251447,1.0000427928869942,1.000041207159688,1.0000442367979279
field,0.2706766917293233,0.0031124255773819884,0.0029903623854751764,1.0000598072477094,1.0000897108715645,1.0001046653696604,1.0000448554357821,1.0000431932789529,1.0000463689409163
field,0.2781954887218045,0.003260078964604412,0.00313222509809603,1.0000626445019618,1.000093966752943,1.000109630825511,1.0000469833764714,1.0000452423669661,1.000048568682249
field,0.2857142857142857,0.0034124035810535174,0.0032785758435472634,1.000065571516871,1.0000983572753064,1.0001147533834354,1.0000491786376533,1.000047356280853,1.000050838015592
field,0.2932330827067669,0.0035695367922973435,0.0034295466001902876,1.0000685909320037,1.0001028863980057,1.000120037664132,1.0000514431990029,1.0000495369269302,1.0000531789874183
field,0.3007518796992481,0.003731619586396846,0.003585272826812408,1.0000717054565362,1.0001075581848045,1.0001254884102073,1.000053779092402,1.0000517862617866,1.0000555936981692
field,0.3082706766917293,0.003898796652721836,0.0037458935383517487,1.000074917870767,1.0001123768061504,1.0001311104888317,1.0000561884030752,1.0000541062933765,1.0000580843034281
field,0.3157894736842105,0.004071216461689383,0.003911551382508479,1.0000782310276504,1.0001173465414752,1.000136908894427,1.0000586732707377,1.0000564990821261,1.0000606530151084
field,0.3233082706766917,0.004249031345380576,0.0040823927171999425,1.0000816478543437,1.000122471781516,1.0001428887513828,1.0000612358907581,1.0000589667420534,1.0000633021026548
field,0.3308270676691729,0.004432397578986138,0.004258567688812133,1.0000851713537762,1.0001277570306644,1.0001490553168029,1.000063878515332,1.0000615114418963,1.000066033894256
field,0.3383458646616541,0.004621475463025688,0.004440230311194482,1.000088804606224,1.0001332069093356,1.0001554139832767,1.000066603454668,1.0000641354062567,1.0000688507780708
field,0.3458646616541353,0.004816429406279472,0.004627538545339169,1.0000925507709069,1.0001388261563602,1.0001619702816746,1.00006941307818,1.0000668409167484,1.0000717552034624
field,0.3533834586466165,0.005017428009364951,0.004820654379680001,1.0000964130875936,1.0001446196313903,1.000168729883967,1.0000723098156954,1.0000696303131584,1.000074749682244
field,0.3609022556390977,0.005224644148883479,0.005019743910939027,1.0001003948782188,1.0001505923173282,1.0001756986060615,1.000075296158664,1.000072505994615,1.0000778367899326
field,0.3684210526315789,0.005438255062055427,0.005224977425442433,1.0001044995485089,1.0001567493227634,1.0001828824106576,1.0000783746613815,1.0000754704207613,1.0000810191670095
field,0.37593984962406013,0.005658442431753747,0.005436529480819261,1.0001087305896161,1.0001630958844245,1.0001902874101145,1.0000815479422123,1.0000785261129361,1.0000842995201884
field,0.38345864661654133,0.005885392471838251,0.00565457898798905,1.0001130915797596,1.0001696373696396,1.0001979198693323,1.0000848186848197,1.0000816756553577,1.000087680623684
field,0.39097744360902253,0.006119296012683494,0.0058793092933354715,1.0001175861858667,1.0001763792788,1.0002057862086349,1.0000881896394,1.0000849216963108,1.0000911653204891
field,0.39849624060150374,0.006360348586784246,0.006110908260954543,1.0001222181652192,1.0001833272478287,1.0002138930066613,1.0000916636239143,1.000088266949335,1.0000947565236482
field,0.40601503759398494,0.0066087505143125475,0.006349568354856282,1.000126991367097,1.0001904870506457,1.0002222470032536,1.0000952435253228,1.0000917141944117,1.0000984572175329
field,0.41353383458646614,0.006864706988489695,0.006595486720988591,1.0001319097344197,1.0001978646016296,1.000230855102338,1.000098932300815,1.0000952662791487,1.0001022704591134
field,0.42105263157894735,0.007128428160625675,0.006848865268941603,1.0001369773053788,1.0002054659580681,1.0002397243747985,1.000102732979034,1.0000989261199613,1.000106199379226
field,0.42857142857142855,0.0074001292246668885,0.007109910753179605,1.0001421982150638,1.0002132973225952,1.000248862061331,1.0001066486612977,1.0001026967032443,1.000110247183831
field,0.43609022556390975,0.007680030501080584,0.007378834853635705,1.0001475766970727,1.0002213650456093,1.000258275575279,1.0001106825228046,1.0001065810865366,1.0001144171552652
field,0.44360902255639095,0.007968357519891665,0.0076558542554920825,1.0001531170851097,1.0002296756276647,1.0002679725054386,1.0001148378138323,1.000110582399674,1.000118712653476
field,0.45112781954887216,0.00826534110267392,0.007941190727955698,1.0001588238145591,1.0002382357218387,1.000277960618833,1.0001191178609194,1.0001147038459277,1.0001231371172459
field,0.45864661654135336,0.008571217443283333,0.008235071201825393,1.0001647014240367,1.000247052136055,1.0002882478634392,1.0001235260680275,1.0001189487031226,1.0001276940653923
field,0.46616541353383456,0.008886228187106465,0.008537727845632316,1.0001707545569125,1.000256131835369,1.0002988423708723,1.0001280659176846,1.0001233203247382,1.00013238709795
field,0.47368421052631576,0.00921062050858116,0.008849398140120403,1.0001769879628024,1.0002654819442036,1.0003097524590088,1.0001327409721017,1.0001278221409853,1.000137219897326
field,0.48120300751879697,0.009544647186730334,0.009170324950817899,1.0001834064990165,1.0002751097485245,1.000320986634543,1.0001375548742624,1.0001324576598527,1.0001421962294241
field,0.48872180451127817,0.00988856667843297,0.009500756598434796,1.0001900151319687,1.000285022697953,1.0003325535954712,1.0001425113489764,1.0001372304681249,1.0001473199447368
field,0.49624060150375937,0.01024264318913843,0.009840946926803876,1.0001968189385362,1.000295228407804,1.0003444622334892,1.000147614203902,1.0001421442323633,1.0001525949793992
field,0.5037593984962405,0.010607146740711889,0.01019115536806538,1.0002038231073613,1.000305734661042,1.0003567216362934,1.0001528673305211,1.0001472026998484,1.000158025356199
field,0.5112781954887218,0.010982353236079639,0.010551647004777048,1.0002110329400955,1.0003165494101434,1.0003693410897774,1.0001582747050717,1.0001524096994752,1.0001636151855402
field,0.518796992481203,0.011368544520323105,0.010922692628612144,1.0002184538525722,1.0003276807788581,1.000382330080108,1.0001638403894293,1.0001577691426022,1.000169368666353
field,0.5263157894736842,0.011766008437850202,0.011304568795288681,1.0002260913759058,1.0003391370638586,1.0003956982956714,1.0001695685319294,1.0001632850238455,1.000175290086946
field,0.5338345864661653,0.012175038885251429,0.011697557875352585,1.0002339511575071,1.0003509267362607,1.0004094556288754,1.0001754633681303,1.000168961421811,1.000181383825793
field,0.5413533834586466,0.0125959358594264,0.012101948100416808,1.0002420389620084,1.0003630584430128,1.0004236121777934,1.0001815292215062,1.0001748024997625,1.0001876543522497
field,0.5488721804511278,0.013029005500544432,0.012518033604437089,1.0002503606720887,1.000375541008133,1.0004381782476357,1.0001877705040665,1.0001808125062188,1.0001941062271948
field,0.556390977443609,0.013474560129380088,0.012946114459583258,1.0002589222891918,1.0003883834337874,1.0004531643520327,1.0001941917168937,1.000186995775471,1.000200744103586
field,0.5639097744360901,0.013932918278540953,0.013386496706242342,1.000267729934125,1.0004015949011873,1.0004685812141139,1.0002007974505938,1.000193356728016,1.0002075727269244
field,0.5714285714285714,0.014404404717082125,0.013839492376667697,1.0002767898475333,1.0004151847713,1.000484439767367,1.0002075923856502,1.000199899870898,1.000214596935622
field,0.5789473684210527,0.014889350467976821,0.014305419511764469,1.0002861083902352,1.000429162585353,1.0005007511562543,1.0002145812926764,1.0002066297979517,1.000221821661262
field,0.5864661654135338,0.01538809281788943,0.014784602170479375,1.0002956920434096,1.0004435380651144,1.0005175267365773,1.0002217690325572,1.0002135511899366,1.000229251928743
field,0.593984962406015,0.015900975318672458,0.015277370431238908,1.0003055474086247,1.0004583211129372,1.0005347780755587,1.0002291605564686,1.0002206688145596,1.000236892856304
field,0.6015037593984962,0.01642834777998405,0.015784060384856424,1.0003156812076972,1.0004735218115457,1.0005525169516296,1.0002367609057727,1.0002279875263704,1.0002447496554117
field,0.6090225563909775,0.016970566252399576,0.016305014118306028,1.000326100282366,1.000489150423549,1.0005707553538987,1.0002445752117746,1.000235512266529,1.0002528276305105
field,0.6165413533834586,0.01752799300036532,0.016840579688736996,1.0003368115937747,1.0005052173906621,1.0005895054812806,1.0002526086953312,1.000243248062429,1.000261132178619
field,0.6240601503759398,0.01810099646431979,0.017391111087080573,1.0003478222217415,1.0005217333326124,1.0006087797412608,1.0002608666663062,1.0002512000271728,1.0002696687887658
field,0.631578947368421,0.018689951211284073,0.01795696819057812,1.0003591393638116,1.0005387090457174,1.0006285907482746,1.000269354522859,1.000259373358886,1.0002784430412532
field,0.6390977443609023,0.019295237873200317,0.018538516703537795,1.000370770334071,1.000556155501106,1.0006489513216763,1.000278077750553,1.0002677733398606,1.0002874606067391
field,0.6466165413533834,0.019917243072276433,0.019136128085607138,1.0003827225617121,1.000574083842568,1.0006698744832712,1.0002870419212841,1.00027640533552,1.000296727245124
field,0.6541353383458646,0.020556359332573427,0.019750179466827725,1.0003950035893365,1.0005925053840048,1.0006913734543863,1.0002962526920025,1.0002852747931914,1.0003062488042347
field,0.6616541353383458,0.021212984977053494,0.020381053548720867,1.0004076210709745,1.0006114316064616,1.0007134616524556,1.0003057158032307,1.000294387240678,1.0003160312182893
field,0.6691729323308271,0.021887524009289047,0.021029138490635754,1.0004205827698127,1.000630874154719,1.0007361526870888,1.0003154370773595,1.0003037482846162,1.000326080506137
field,0.6766917293233082,0.022580385979016602,0.021694827780576076,1.0004338965556114,1.0006508448334173,1.0007594603555978,1.0003254224167086,1.0003133636086106,1.0003364027692525
field,0.6842105263157894,0.023291985830706557,0.022378520089708583,1.000447570401794,1.0006713556026914,1.0007833986379553,1.0003356778013457,1.0003232389711316,1.000347004189482
field,0.6917293233082706,0.02402274373430786,0.023080619109745598,1.000461612382195,1.0006924185732924,1.0008079816911528,1.0003462092866462,1.0003333802031684,1.0003578910265207
field,0.6992481203007519,0.024773084897318175,0.02380153337238545,1.0004760306674476,1.0007140460011714,1.0008332238429338,1.0003570230005858,1.000343793205619,1.0003690696151135
field,0.706766917293233,0.025543439357324667,0.024541676049989376,1.0004908335209997,1.0007362502814998,1.0008591395848703,1.00036812514075,1.0003544839464114,1.0003805463619633
field,0.7142857142857142,0.026334241754158463,0.025301464736671653,1.0005060292947334,1.0007590439421001,1.0008857435647538,1.00037952197105,1.0003654584573431,1.0003923277423379
field,0.7218045112781954,0.027145931080806648,0.026081321208980324,1.0005216264241796,1.0007824396362694,1.0009130505782766,1.0003912198181346,1.0003767228306228,1.0004044202963585
field,0.7293233082706767,0.027978950412232664,0.02688167116535273,1.0005376334233071,1.0008064501349605,1.0009410755599648,1.0004032250674804,1.0003882832151079,1.0004168306249592
field,0.7368421052631579,0.02883374661126477,0.027702943943538443,1.0005540588788708,1.000831088318306,1.0009698335733468,1.0004155441591531,1.0004001458122223,1.0004295653855064
field,0.744360902255639,0.029710770010727992,0.02854557221519736,1.000570911444304,1.0008563671664559,1.0009993398003219,1.000428183583228,1.0004123168715455,1.0004426312870611
field,0.7518796992481203,0.03061047407101552,0.029409991656900492,1.000588199833138,1.0008822997497069,1.0010296095297002,1.0004411498748536,1.0004248026860605,1.0004560350852811
field,0.7593984962406015,0.03153331501232086,0.03029664059678527,1.0006059328119357,1.0009088992179036,1.0010606581448949,1.0004544496089518,1.0004376095870502,1.0004697835769376
field,0.7669172932330827,0.03247975142078485,0.03120595963614863,1.000624119192723,1.0009361787890845,1.0010925011107352,1.0004680893945421,1.000450743938631,1.000483883594051
field,0.7744360902255638,0.03345024382785025,0.03213839124529855,1.000642767824906,1.000964151737359,1.0011251539593797,1.0004820758686794,1.0004642121319154,1.000498341997622
field,0.7819548872180451,0.03444525426216166,0.03309437933302752,1.0006618875866606,1.0009928313799907,1.0011586322753037,1.0004964156899954,1.0004780205787946,1.0005131656709574
field,0.7894736842105263,0.03546524577340195,0.03407436878912323,1.0006814873757823,1.0010222310636736,1.0011929516793454,1.000511115531837,1.0004921757053284,1.0005283615125746
field,0.7969924812030075,0.03651068192751754,0.03507880499939005,1.0007015760999878,1.0010523641499816,1.0012281278117874,1.0005261820749909,1.0005066839447418,1.0005439364286832
field,0.8045112781954886,0.03758202627285169,0.03610813333271957,1.0007221626666545,1.0010832439999815,1.001264176314459,1.000541621999991,1.0005215517300146,1.0005598973252299
field,0.8120300751879699,0.03867974177678452,0.03716279859982446,1.0007432559719964,1.0011148839579949,1.001301112811846,1.0005574419789973,1.0005367854860656,1.0005762510995062
field,0.8195488721804511,0.039804290232562,0.038243244483330455,1.0007648648896665,1.0011472973345,1.0013389528911967,1.0005736486672498,1.0005523916215182,1.0005930046313116
field,0.8270676691729323,0.040956131636092415,0.03934991293901369,1.0007869982587803,1.0011804973881704,1.0013777120816143,1.0005902486940852,1.000568376520053,1.0006101647736694
field,0.8345864661654134,0.04213572353259263,0.040483243568070086,1.0008096648713614,1.001214497307042,1.001417405832136,1.000607248653521,1.0005847465313416,1.0006277383430908
field,0.8421052631578947,0.04334352033307853,0.04164367296041185,1.000832873459208,1.0012493101888125,1.001458049488793,1.0006246550944062,1.000601507961559,1.0006457321093958
field,0.849624060150376,0.044579972600819105,0.042831634009105245,1.0008566326801822,1.001284949020273,1.0014996582706583,1.0006424745101368,1.000618667063483,1.0006641527850788
field,0.8571428571428571,0.04584552630800444,0.04404755519619079,1.0008809511039238,1.0013214266558856,1.0015422472448912,1.0006607133279428,1.0006362300261773,1.0006830070142372
field,0.8646616541353382,0.04714062206302062,0.04529185985026273,1.0009058371970052,1.001358755795508,1.0015858313007857,1.000679377897754,1.000654202964269,1.0007023013610583
field,0.8721804511278195,0.048465694308876504,0.046564965376332056,1.0009312993075268,1.00139694896129,1.0016304251228485,1.000698474480645,1.0006725919068236,1.0007220422978775
field,0.8796992481203008,0.04982117049348758,0.04786728245865017,1.000957345649173,1.0014360184737594,1.0016760431629246,1.0007180092368797,1.0006914027858314,1.0007422361928173
field,0.8872180451127819,0.05120747021269265,0.04919921423733471,1.0009839842847468,1.00147597642712,1.0017226996114,1.00073798821356,1.0007106414243128,1.0007628892970197
field,0.894736842105263,0.052625004327058224,0.05056115545981117,1.001011223109196,1.0015168346637944,1.001770408367518,1.000758417331897,1.0007303135240644,1.000784007731489
field,0.9022556390977443,0.05407417405371141,0.05195349160826239,1.0010390698321654,1.0015586047482479,1.0018191830088512,1.0007793023741238,1.0007504246530528,1.0008055974735601
field,0.9097744360902256,0.05555537003463798,0.053376598004465925,1.0010675319600892,1.0016012979401339,1.0018690367599716,1.0008006489700672,1.0007709802324867,1.0008276643430218
field,0.9172932330827067,0.057068971383083276,0.054830838893593484,1.0010966167778719,1.0016449251668078,1.0019199824603824,1.000822462583404,1.0007919855235827,1.0008502139879054
field,0.9248120300751879,0.058615344709901936,0.0563165665087451,1.0011263313301748,1.0016894969952623,1.0019720325317645,1.0008447484976313,1.0008134456140525,1.0008732518699823
field,0.9323308270676691,0.060194843131915594,0.05783412011819718,1.0011566824023639,1.0017350236035458,1.0020251989446103,1.000867511801773,1.000835365404342,1.0008967832499904
field,0.9398496240601504,0.06180780526455327,0.05938382505754955,1.001187676501151,1.0017815147517264,1.002079493184321,1.0008907573758634,1.0008577495936515,1.0009208131726242
field,0.9473684210526315,0.06345455420127302,0.06096599174917215,1.0012193198349835,1.001828979752475,1.002134926216852,1.0009144898762377,1.000880602665772,1.0009453464513332
field,0.9548872180451127,0.06513539648248108,0.0625809147115611,1.0012516182942313,1.001877427441347,1.0021915084539907,1.0009387137206736,1.000903928874776,1.0009703876529583
field,0.9624060150375939,0.06685062105688955,0.06422887156142996,1.0012845774312287,1.0019268661468428,1.0022492497183775,1.0009634330734214,1.0009277322306052,1.0009959410822602
field,0.9699248120300752,0.06860049823847271,0.06591012201157219,1.0013182024402314,1.0019773036603472,1.0023081592083596,1.0009886518301736,1.0009520164845924,1.0010220107663779
field,0.9774436090225563,0.07038527866240048,0.06762490686774067,1.0013524981373547,1.0020287472060323,1.0023682454628082,1.0010143736030161,1.0009767851149756,1.0010486004392771
field,0.9849624060150375,0.0722051922435391,0.0693734470279941,1.00138746894056,1.00208120341084,1.0024295163260042,1.0010406017054199,1.0010020413124414,1.0010757135262305
field,0.9924812030075187,0.07406044714131488,0.07115594248815667,1.001423118849763,1.0021346782746448,1.0024919789127298,1.0010673391373224,1.0010277879657627,1.0011033531283997
field,1.0,0.07595122873493314,0.07297257135722693,1.0014594514271444,1.002189177140717,1.0025556395736952,1.0010945885703584,1.001054027647574,1.0011315220075647
field,1.007518796992481,0.07787769861313115,0.07482348888675065,1.001496469777735,1.0022447046666025,1.0026205038614422,1.0011223523333013,1.0010807626003544,1.0011602225710763
field,1.0150375939849623,0.07983999358281496,0.07670882651833684,1.0015341765303667,1.00230126479555,1.0026865764968713,1.001150632397775,1.0011079947226675,1.0011894568570847
field,1.0225563909774436,0.08183822470108679,0.0786286909536472,1.001572573819073,1.0023588607286096,1.0027538613365414,1.0011794303643047,1.0011357255557298,1.0012192265201196
field,1.0300751879699248,0.08387247633531006,0.08058316325132366,1.0016116632650265,1.0024174948975397,1.0028223613409006,1.0012087474487699,1.0011639562703647,1.0012495328170867
field,1.037593984962406,0.08594280525597868,0.08257229795543325,1.0016514459591086,1.0024771689386631,1.0028920785436075,1.0012385844693317,1.001192687654416,1.0012803765937532
field,1.045112781954887,0.08804923976725224,0.08459612226010228,1.001691922445202,1.0025378836678032,1.0029630140221066,1.0012689418339016,1.00122192010068,1.0013117582717943
field,1.0526315789473684,0.09019177888009422,0.08665463521508233,1.0017330927043016,1.0025996390564524,1.0030351678696248,1.001299819528226,1.0012516535954314,1.001343677836476
field,1.0601503759398496,0.09237039153299528,0.08874780697703512,1.0017749561395408,1.0026624342093111,1.0031085391687529,1.0013312171046556,1.001281887707608,1.0013761348250432
field,1.0676691729323307,0.09458501586528224,0.09087557811134107,1.0018175115622268,1.0027262673433404,1.0031831259667894,1.0013631336716702,1.0013126215787262,1.0014091283158952
field,1.075187969924812,0.09683555854800237,0.09303785894922495,1.0018607571789844,1.0027911357684767,1.0032589252530022,1.0013955678842383,1.0013438539135961,1.0014426569186168
field,1.0827067669172932,0.09912189417732359,0.09523452900494556,1.0019046905800988,1.0028570358701483,1.0033359329379867,1.0014285179350741,1.001375582971902,1.0014767187649405
field,1.0902255639097744,0.10144386473532142,0.09746543645772969,1.0019493087291547,1.0029239630937319,1.0034141438352782,1.001461981546866,1.0014078065607204,1.0015113115007135
field,1.0977443609022557,0.10380127912290092,0.09973039770301205,1.0019946079540603,1.0029919119310904,1.0034935516453791,1.0014959559655452,1.0014405220280362,1.001546432278941
field,1.1052631578947367,0.10619391276946084,0.10202919697740735,1.002040583939548,1.0030608759093222,1.0035741489423615,1.0015304379546612,1.0014737262573292,1.0015820777539677
field,1.112781954887218,0.10862150732371849,0.10436158606166063,1.002087231721233,1.00313084758185,1.0036559271631864,1.0015654237909248,1.0015074156632797,1.0016182440768744
field,1.1203007518796992,0.11108377042988876,0.10672728406560399,1.0021345456813122,1.0032018185219682,1.0037388765998907,1.001600909260984,1.0015415861886647,1.0016549268921422
field,1.1278195488721803,0.1135803755931555,0.10912597729890397,1.0021825195459781,1.0032737793189672,1.0038229863947699,1.0016368896594834,1.00157623330249,1.0016921213356489
field,1.1353383458646615,0.11611096213807096,0.11155731923109245,1.0022311463846219,1.0033467195769328,1.0039082445386789,1.0016733597884664,1.0016113519994136,1.0017298220340485
field,1.1428571428571428,0.11867513526318672,0.11402093054405509,1.0022804186108811,1.0034206279163216,1.0039946378725706,1.0017103139581607,1.0016469368005032,1.001768023105586
field,1.150375939849624,0.12127246619484969,0.11651639927979568,1.002330327985596,1.0034954919783938,1.0040821520923615,1.0017477459891968,1.0016829817553705,1.0018067181623884
field,1.1578947368421053,0.12390249244269225,0.1190432810859066,1.0023808656217181,1.003571298432577,1.004170771757223,1.0017856492162884,1.0017194804457175,1.0018459003142703
field,1.1654135338345863,0.12656471815890669,0.12160109956075306,1.002432021991215,1.0036480329868225,1.0042604803013586,1.0018240164934114,1.0017564259903218,1.0018855621740872
field,1.1729323308270676,0.12925861460292745,0.12418934669993162,1.0024837869339986,1.003725680400998,1.0043512600493314,1.0018628402004988,1.0017938110514852,1.0019256958646579
field,1.1804511278195489,0.13198362071264877,0.12680748344508552,1.0025361496689016,1.0038042245033525,1.004443092234978,1.0019021122516762,1.0018316278429618,1.0019662930272746
field,1.18796992481203,0.1347391437827821,0.12945494033565857,1.0025890988067132,1.0038836482100697,1.0045359570239327,1.001941824105035,1.0018698681393707,1.0020073448318096
field,1.1954887218045112,0.1375245602504184,0.13213111826364907,1.002642622365273,1.0039639335479094,1.0046298335397608,1.001981966773955,1.001908523287099,1.0020488419884173
field,1.2030075187969924,0.1403392165872923,0.13483538933088107,1.0026967077866176,1.0040450616799266,1.0047246998936956,1.002022530839963,1.0019475842166838,1.0020907747608285
field,1.2105263157894737,0.14318243029767577,0.13756709780776288,1.0027513419561553,1.0041270129342328,1.0048205332179325,1.0020635064671164,1.0019870414566603,1.0021331329812169
field,1.218045112781955,0.14605349102023693,0.1403255611919328,1.0028065112238387,1.004209766835758,1.0049173097024384,1.002104883417879,1.002026885148854,1.002175906066613
field,1.225563909774436,0.14895166173161042,0.14311007136462806,1.0028622014272925,1.0042933021409388,1.0050150046351904,1.0021466510704693,1.0020671050650827,1.0022190830368374
field,1.2330827067669172,0.15187618004883296,0.14591989584204146,1.0029183979168408,1.004377596875261,1.0051135924457615,1.0021887984376305,1.0021076906252313,1.0022626525339027
field,1.2406015037593985,0.1548262596272023,0.1487542791183589,1.0029750855823671,1.0044626283735507,1.0052130467521272,1.0022313141867754,1.0021486309166516,1.0023066028428391
field,1.2481203007518795,0.1578010916495449,0.15161244409662097,1.0030322488819325,1.0045483733228986,1.0053133404105707,1.0022741866614493,1.0021899147148294,1.0023509219138818
field,1.2556390977443608,0.1607998464023026,0.15449359360299872,1.00308987187206,1.00463480780809,1.0054144455685254,1.002317403904045,1.0022315305052563,1.0023955973859517
field,1.263157894736842,0.1638216749333029,0.15739691197954925,1.003147938239591,1.0047219073593865,1.005516333720188,1.0023609536796934,1.002273466506437,1.002440616611353
field,1.2706766917293233,0.16686571078555018,0.16032156675001122,1.0032064313350002,1.0048096470025003,1.0056189757647116,1.0024048235012504,1.0023157106939493,1.0024859666816022
field,1.2781954887218046,0.16993107180087935,0.16326671035272278,1.0032653342070545,1.0048980013105817,1.0057223420667711,1.0024490006552909,1.0023582508254754,1.0025316344543
field,1.2857142857142856,0.17301686198684574,0.16623148193429554,1.003324629638686,1.0049869444580288,1.0058264025192838,1.0024934722290144,1.0024010744667096,1.0025776065809435
field,1.2932330827067668,0.17612217343979916,0.16921500919726967,1.0033843001839453,1.0050764502759182,1.005931126608042,1.002538225137959,1.0024441690180452,1.0026238695355776
field,1.300751879699248,0.17924608831670308,0.17221641029460208,1.003444328205892,1.005166492308838,1.006036483478015,1.002583246154419,1.0024875217419413,1.002670409644169
field,1.3082706766917291,0.18238768084791784,0.1752347957635123,1.0035046959152703,1.0052570438729054,1.0061424420010545,1.0026285219364526,1.0025311197908535,1.0027172131145943
field,1.3157894736842104,0.18554601938287618,0.1782692704909307,1.0035653854098185,1.005348078114728,1.0062489708447326,1.0026740390573639,1.002574950235623,1.0027642660671163
field,1.3233082706766917,0.18872016846033166,0.18131893570255567,1.0036263787140511,1.0054395680710766,1.0063560385420376,1.0027197840355382,1.0026190000942083,1.0028115545652256
field,1.330827067669173,0.1919091908946805,0.18438289096735427,1.0036876578193472,1.0055314867290206,1.006463613561634,1.0027657433645103,1.002663256360638,1.002859064646724
field,1.3383458646616542,0.19511214986971764,0.18746023620920504,1.003749204724184,1.0056238070862762,1.0065716643784026,1.002811903543138,1.002707706034066,1.0029067823549156
field,1.3458646616541352,0.19832811103111428,0.19055007371731306,1.0038110014743462,1.0057165022115193,1.0066801595439627,1.0028582511057595,1.0027523361478128,1.0029546937697829
field,1.3533834586466165,0.20155614456889215,0.1936515101470133,1.0038730302029404,1.0058095453044105,1.0067890677568863,1.0029047726522051,1.0027971337982629,1.003002785039009
field,1.3609022556390977,0.2047953272811985,0.19676365850260868,1.0039352731700522,1.0059029097550782,1.0068983579323068,1.0029514548775391,1.0028420861735063,1.0030510424087258
field,1.3684210526315788,0.20804474461079805,0.19988564009399473,1.00399771280188,1.0059965692028199,1.0070079992706347,1.00299828460141,1.0028871805816015,1.0030994522538519
field,1.37593984962406,0.2113034926458415,0.20301658645896192,1.0040603317291794,1.006090497593769,1.007117961325099,1.0030452487968844,1.0029324044783394,1.0031480011079017
field,1.3834586466165413,0.21457068007668983,0.2061556412432772,1.0041231128248655,1.0061846692372984,1.0072282140678261,1.003092334618649,1.0029777454944002,1.003196675692137
field,1.3909774436090225,0.2178454301008342,0.2093019620308966,1.004186039240618,1.006279058860927,1.0073387279541997,1.0031395294304635,1.0030231914617906,1.0032454629439473
field,1.3984962406015038,0.22112688226826854,0.21245472211696603,1.0042490944423392,1.006373641663509,1.0074494739852344,1.0031868208317545,1.0030687304394514,1.0032943500443416
field,1.4060150375939848,0.22441419426003734,0.21561311221661802,1.0043122622443326,1.0064683933664984,1.0075604237677174,1.0032341966832492,1.0031143507379408,1.0033433244444452
field,1.413533834586466,0.2277065435930895,0.21877634210296434,1.0043755268420593,1.006563290263089,1.0076715495718924,1.0032816451315445,1.0031600409430936,1.003392373890899
field,1.4210526315789473,0.23100312924501923,0.22194364216811802,1.0044388728433624,1.0066583092650434,1.0077828243864566,1.0033291546325218,1.003205789938569,1.0034414864500651
field,1.4285714285714284,0.23430317319276778,0.2251142649015499,1.0045022852980312,1.0067534279470465,1.00789422197068,1.0033767139735235,1.003251586927203,1.0034906505309495
field,1.4360902255639096,0.2376059218598757,0.228287486280583,1.0045657497256117,1.0068486245884174,1.0080057169034553,1.0034243122942086,1.0032974214510957,1.0035398549067647
field,1.443609022556391,0.2409106474674247,0.23146260706835248,1.0046292521413671,1.0069438782120506,1.0081172846291204,1.0034719391060252,1.003343283410356,1.003589088735054
field,1.4511278195488722,0.24421664928438788,0.23463895401512028,1.0046927790803024,1.0070391686204536,1.0082289014998982,1.0035195843102267,1.0033891630804554,1.0036383415763215
field,1.4586466165413534,0.24752325477368783,0.23781588095938655,1.0047563176191878,1.0071344764287817,1.0083405448148355,1.003567238214391,1.003435051128133,1.003687603411104
field,1.4661654135338344,0.25082982063087544,0.24099276982583373,1.0048198553965166,1.007229783094775,1.0084521928551293,1.0036148915473875,1.003480938625808,1.0037368646554472
field,1.4736842105263157,0.254135733712953,0.24416903151772312,1.0048833806303545,1.0073250709455317,1.0085638249157605,1.0036625354727657,1.0035268170644722,1.0037861161747414
field,1.481203007518797,0.25744041185547756,0.24734410670195284,1.004946882134039,1.0074203232010586,1.008675421333363,1.0037101616005293,1.0035726783650274,1.0038353492958967
field,1.488721804511278,0.2607433045767078,0.2505174664855897,1.0050103493297118,1.0075155239945677,1.008786963510293,1.0037577619972837,1.0036185148880585,1.003884555817831
field,1.4962406015037593,0.26404389366815023,0.2536886129832551,1.0050737722596652,1.0076106583894977,1.0088984339348672,1.0038053291947486,1.0036643194420285,1.003933728020271
field,1.5037593984962405,0.2673416936714783,0.2568570797753405,1.0051371415955066,1.0077057123932602,1.0090098161977747,1.0038528561966302,1.0037100852898964,1.0039828586708537
field,1.5112781954887218,0.270636252242366,0.26002243225757216,1.0052004486451516,1.0078006729677271,1.00912109500467,1.0039003364838637,1.0037558061541683,1.0040319410305503
field,1.518796992481203,0.2739271504023571,0.2631842678830025,1.00526368535766,1.00789552803649,1.0092322561849938,1.003947764018245,1.0038014762203906,1.0040809688574164
field,1.526315789473684,0.27721400268042334,0.2663422162980166,1.0053268443259604,1.0079902664889404,1.0093432866970666,1.0039951332444703,1.0038470901391152,1.0041299364087015
field,1.5338345864661653,0.2804964571463891,0.2694959393744461,1.0053899187874888,1.0080848781812335,1.0094541746295318,1.0040424390906166,1.0038926430263648,1.004178838441347
field,1.5413533834586466,0.2837741953388856,0.272645131140349,1.0054529026228067,1.0081793539342103,1.0095649091992365,1.0040896769671053,1.0039381304626307,1.0042276702109132
field,1.5488721804511276,0.28704693209095583,0.2757895176124538,1.0055157903522491,1.0082736855283734,1.0096754807456505,1.0041368427641868,1.0039835484904545,1.0042764274689804
field,1.5563909774436089,0.2903144152568578,0.2789288565336772,1.0055785771306736,1.0083678656960104,1.0097858807219466,1.0041839328480051,1.004028893610635,1.0043251064590788
field,1.5639097744360901,0.2935764253439917,0.2820629370194863,1.0056412587403898,1.0084618881105845,1.009896101682871,1.0042309440552923,1.0040741627771221,1.0043737039112066
field,1.5714285714285714,0.29683277505424366,0.2851915791172296,1.0057038315823448,1.0085557473735167,1.0100061372695446,1.0042778736867584,1.0041193533906507,1.0044222170349946
field,1.5789473684210527,0.30008330873933425,0.28831463328284634,1.005766292665657,1.0086494389984852,1.0101159821913555,1.0043247194992428,1.0041644632911817,1.0044706435115938
field,1.5864661654135337,0.303327901775045,0.29143197977963403,1.0058286395955927,1.008742959393389,1.010225632205102,1.0043714796966945,1.0042094907492196,1.0045189814843516
field,1.593984962406015,0.3065664598594316,0.2945435280039846,1.0058908705600798,1.0088363058401195,1.0103350840915557,1.0044181529200598,1.0042544344560702,1.0045672295483565
field,1.6015037593984962,0.3097989182403165,0.2976492157431732,1.0059529843148636,1.0089294764722951,1.0104443356296298,1.0044647382361476,1.0042992935131234,1.0046153867389302
field,1.6090225563909772,0.3130252408775257,0.3007490083704503,1.0060149801674092,1.0090224702511135,1.0105533855683266,1.0045112351255567,1.0043440674202249,1.0046634525191465
field,1.6165413533834585,0.3162454195454406,0.30384289798278996,1.0060768579596557,1.0091152869394837,1.0106622335966633,1.0045576434697419,1.0043887560632216,1.004711426766459
field,1.6240601503759398,0.3194594728815258,0.30693090248673205,1.0061386180497347,1.009207927074602,1.0107708803117532,1.004603963537301,1.004433359700759,1.0047593097585297
field,1.631578947368421,0.3226674453865305,0.31001306463779427,1.0062002612927559,1.009300391939134,1.0108793271852488,1.004650195969567,1.0044778789504045,1.0048071021583307
field,1.6390977443609023,0.3258694063820812,0.31308945103894553,1.006261789020779,1.0093926835311682,1.0109875765283265,1.004696341765584,1.0045223147741822,1.0048548049986161
field,1.6466165413533833,0.32906544893135153,0.3161601511036055,1.0063232030220721,1.0094848045331082,1.0110956314554154,1.004742402266554,1.0045666684635939,1.004902419665842
field,1.6541353383458646,0.3322556887284472,0.31922527598858524,1.0063845055197718,1.0095767582796575,1.0112034958468503,1.0047883791398287,1.0046109416242068,1.00494994788362
field,1.6616541353383458,0.3354402629620554,0.3222849575023022,1.0064456991500461,1.0096685487250692,1.0113111743106482,1.0048342743625345,1.004655136159883,1.0049973916957882
field,1.6691729323308269,0.3386193291588034,0.3253393469935,1.0065067869398698,1.009760180409805,1.011418672143579,1.0048800902049024,1.0046992542567286,1.0050447534491798
field,1.6766917293233081,0.34179306401162873,0.32838861422556775,1.0065677722845114,1.009851658426767,1.011525995291721,1.0049258292133836,1.0047432983668323,1.0050920357761675
field,1.6842105263157894,0.34496166219830593,0.3314329462414016,1.006628658924828,1.009942988387242,1.0116331503106681,1.0049714941936212,1.0047872711918735,1.005139241577062
field,1.6917293233082706,0.348125335195098,0.3344725462235828,1.0066894509244717,1.0100341763867073,1.0117401443255603,1.0050170881933538,1.0048311756666535,1.0051863740024383
field,1.699248120300752,0.3512843100902958,0.33750763235444725,1.0067501526470888,1.0101252289706333,1.0118469849910954,1.0050626144853168,1.0048750149426335,1.0052334364354603
field,1.706766917293233,0.3544388284021998,0.34053843668042416,1.0068107687336083,1.0102161531004128,1.0119536804516807,1.0051080765502063,1.0049187923715297,1.005280432474269
field,1.7142857142857142,0.3575891449058652,0.34356520398479345,1.006871304079696,1.0103069561195437,1.0120602393018665,1.005153478059772,1.0049625114890315,1.005327365914505
field,1.7218045112781954,0.36073552647269086,0.34658819067278435,1.0069317638134558,1.0103976457201835,1.0121666705472023,1.0051988228600919,1.0050061759986977,1.005374240732021
field,1.7293233082706765,0.3638782509266863,0.34960766367269647,1.006992153273454,1.010488229910181,1.012272983565645,1.0052441149550906,1.0050497897560837,1.0054210610658407
field,1.7368421052631577,0.36701760592098515,0.3526238993564751,1.0070524779871297,1.0105787169806941,1.01237918806964,1.005289358490347,1.005093356753151,1.0054678312014234
field,1.744360902255639,0.37015388783791503,0.3556371824829176,1.0071127436496585,1.0106691154744876,1.0124852940689877,1.005334557737244,1.0051368811030015,1.0055145555542753
field,1.7518796992481203,0.3732874007156637,0.35864780516643363,1.0071729561033287,1.010759434154993,1.0125913118345984,1.0053797170774965,1.0051803670249833,1.0055612386539594
field,1.7593984962406015,0.3764184552043135,0.3616560658740221,1.0072331213174806,1.0108496819762207,1.0126972518632311,1.0054248409881104,1.0052238188302016,1.0056078851285433
field,1.7669172932330826,0.37954736755374296,0.3646622684528651,1.0072932453690573,1.010939868053586,1.0128031248432978,1.005469934026793,1.005267240907475,1.0056544996895198
field,1.7744360902255638,0.38267445863562694,0.36766672119068333,1.0073533344238137,1.0110300016357205,1.0129089416218142,1.0055150008178602,1.005310637709761,1.0057010871172383
field,1.781954887218045,0.3858000530015034,0.37066973591074354,1.0074133947182147,1.0111200920773222,1.0130147131725595,1.0055600460386611,1.0053540137410855,1.0057476522468696
field,1.789473684210526,0.3889244779786081,0.373671627103153,1.0074734325420631,1.0112101488130947,1.0131204505655054,1.0056050744065472,1.0053973735439943,1.005794199954938
field,1.7969924812030074,0.3920480628049294,0.3766727110938356,1.0075334542218768,1.011300181332815,1.0132261649375642,1.0056500906664074,1.0054407216875507,1.0058407351464331
field,1.8045112781954886,0.3951711378046756,0.37967330525233584,1.0075934661050467,1.01139019915757,1.0133318674646958,1.005695099578785,1.0054840627558919,1.0058872627425282
field,1.8120300751879699,0.3982940336051172,0.3826737272393747,1.0076534745447876,1.0114802118171813,1.0134375693354076,1.0057401059085904,1.00552740133736,1.0059337876689103
field,1.8195488721804511,0.4014170803955216,0.3856742942948478,1.007713485885897,1.0115702288288455,1.0135432817256709,1.0057851144144228,1.0055707420142206,1.0059803148447422
field,1.8270676691729322,0.4045406072286809,0.3886753225667459,1.007773506451335,1.0116602596770023,1.0136490157752733,1.0058301298385013,1.0056140893529657,1.0060268491722546
field,1.8345864661654134,0.4076649413653186,0.3916771264812723,1.0078335425296254,1.0117503137944381,1.0137547825656146,1.005875156897219,1.005657447895219,1.006073395526981
field,1.8421052631578947,0.41079040766144814,0.3946800181542285,1.0078936003630845,1.0118404005446267,1.013860593098952,1.0059202002723133,1.005700822149231,1.0061199587486285
field,1.8496240601503757,0.4139173279985822,0.39768430684356904,1.0079536861368714,1.0119305292053071,1.013966458279089,1.0059652646026536,1.005744216581974,1.0061665436325902
field,1.857142857142857,0.4170460207564866,0.4006902984428335,1.0080138059688568,1.012020708953285,1.014072388893501,1.0060103544766426,1.0057876356118243,1.0062131549220905
field,1.8646616541353382,0.42017680032802407,0.4036982950150164,1.0080739659003002,1.0121109488504505,1.0141783955968795,1.0060554744252252,1.005831083601828,1.006259797300957
field,1.8721804511278195,0.42330997667546266,0.4067085943662773,1.0081341718873256,1.0122012578309882,1.0142844888960765,1.0061006289154941,1.005874564853546,1.00630647538701
field,1.8796992481203008,0.42644585492748344,0.40972148965875227,1.008194429793175,1.0122916446897625,1.0143906791364228,1.0061458223448811,1.00591808360146,1.0063531937260586
field,1.8872180451127818,0.4295847350159875,0.4127372690616046,1.0082547453812323,1.0123821180718482,1.014496976489392,1.006191059035924,1.0059616440079315,1.0063999567864912
field,1.894736842105263,0.43272691135167923,0.4157562154393318,1.0083151243087864,1.01247268646318,1.0146033909415713,1.00623634323159,1.0060052501587016,1.0064467689544403
field,1.9022556390977443,0.43587267253729794,0.4187786060762429,1.0083755721215248,1.0125633581822873,1.0147099322849062,1.0062816790911437,1.0060489060589093,1.006493634529512
field,1.9097744360902253,0.43902230111726614,0.4218047124359255,1.0084360942487185,1.0126541413730776,1.0148166101081766,1.0063270706865388,1.0060926156296188,1.0065405577210553
field,1.9172932330827066,0.44217607336244613,0.4248347999544437,1.0084966959990889,1.0127450439986332,1.0149234337896589,1.0063725219993167,1.006136382704832,1.006587542644956
field,1.9248120300751879,0.44533425908860974,0.4278691278659268,1.0085573825573186,1.0128360738359778,1.0150304124909266,1.006418036917989,1.0061802110289684,1.006634593320931
field,1.9323308270676691,0.44849712150717913,0.43090794905916435,1.0086181589811833,1.012927238471775,1.015137555151746,1.0064636192358876,1.0062241042547946,1.006681713670307
field,1.9398496240601504,0.4516649171067268,0.43395150996375287,1.0086790301992752,1.0130185452989127,1.0152448704860093,1.0065092726494562,1.00626806594178,1.006728907514252
field,1.9473684210526314,0.4548378955636966,0.4370000504643185,1.0087400010092864,1.0131100015139296,1.0153523669786573,1.0065550007569648,1.0063120995548565,1.006776178572448
field,1.9548872180451127,0.45801629968076696,0.4400538038412978,1.008801076076826,1.013201614115239,1.0154600528835398,1.0066008070576196,1.0063562084635647,1.0068235304621713
field,1.962406015037594,0.46120036535125664,0.44311299673673854,1.0088622599347348,1.0132933899021022,1.0155679362221548,1.006646694951051,1.0064003959415595,1.0068709666977624
field,1.969924812030075,0.46439032154796533,0.44617784914357905,1.0089235569828716,1.0133853354743074,1.0156760247832168,1.0066926677371535,1.006444665166454,1.0069184906904598
field,1.9774436090225562,0.4675863903348299,0.4492485744168466,1.008984971488337,1.0134774572325054,1.015784326122999,1.0067387286162526,1.006489019219983,1.0069661057485733
field,1.9849624060150375,0.47078878689978804,0.4523253793052323,1.0090465075861048,1.013569761379157,1.015892847566393,1.0067848806895785,1.006533461088458,1.0070138150779755
field,1.9924812030075187,0.47399771960724674,0.45540846400150226,1.00910816928003,1.013662253920045,1.016001596208632,1.0068311269600225,1.006577993663496,1.00706162178288
field,2.0,0.4772133900685787,0.45849802221022873,1.0091699604442046,1.013754940666307,1.0161105789176288,1.0068774703331533,1.006622619742997,1.0071095288668954
field,2.007518796992481,0.48043599322908803,0.46159424123134546,1.009231884824627,1.0138478272369404,1.0162198023368696,1.0069239136184702,1.006667342032352,1.007157539234318
field,2.015037593984962,0.48366571746992276,0.46469730205806353,1.0092939460411614,1.0139409190617419,1.0163292728888174,1.006970459530871,1.0067121631458558,1.0072056556916518
field,2.0225563909774436,0.48690274472344836,0.46780737948771994,1.0093561475897543,1.0140342213846316,1.01643899677877,1.0070171106923158,1.0067570856083095,1.0072538809493266
field,2.0300751879699246,0.4901472506006345,0.4709246422441685,1.0094184928448833,1.014127739267325,1.0165489799991292,1.0070638696336625,1.006802111856788,1.0073022176235957
field,2.037593984962406,0.4933994045290645,0.4740492531103767,1.0094809850622075,1.0142214775933112,1.016659228334029,1.0071107387966556,1.006847244242555,1.0073506682385929
field,2.045112781954887,0.4966593699002081,0.4771813690699234,1.0095436273813985,1.0143154410720976,1.0167697473642807,1.0071577205360487,1.0068924850331065,1.007399235228526
field,2.052631578947368,0.4999273042246772,0.48032114145616484,1.0096064228291235,1.014409634243685,1.0168805424725889,1.0072048171218424,1.0069378364143258,1.0074479209399883
field,2.0601503759398496,0.5032033592942171,0.4834687161078737,1.0096693743221574,1.0145040614832364,1.016991618848998,1.0072520307416182,1.0069833004927322,1.0074967276343751
field,2.0676691729323307,0.5064876813492608,0.4866242335302212,1.0097324846706046,1.0145987270059067,1.0171029814965287,1.0072993635029535,1.007028879297805,1.0075456574903776
field,2.075187969924812,0.5097804112509294,0.4897878290600336,1.0097957565812006,1.014693634871801,1.017214635236966,1.0073468174359004,1.0070745747843715,1.0075947126065459
field,2.082706766917293,0.5130816846564227,0.49295963303430257,1.0098591926606861,1.014788788991029,1.017326584716766,1.0073943944955144,1.00712038883504,1.0076438950039017
field,2.090225563909774,0.5163916321968122,0.49613977096100675,1.0099227954192203,1.0148841931288302,1.0174388344130434,1.0074420965644153,1.007166323262668,1.0076932066285877
field,2.0977443609022557,0.5197103796563082,0.4993283636913479,1.0099865672738269,1.0149798509107404,1.0175513886396115,1.0074899254553702,1.0072123798128503,1.0077426493545387
field,2.1052631578947367,0.52303804815214,0.5025255275925765,1.0100505105518516,1.0150757658277774,1.017664251553045,1.0075378829138888,1.0072585601664137,1.0077922249861595
field,2.1127819548872178,0.5263747543142518,0.5057313747206403,1.0101146274944128,1.0151719412416194,1.0177774271587392,1.0075859706208097,1.0073048659419128,1.0078419352610042
field,2.1203007518796992,0.5297206104640817,0.5089460129919523,1.010178920259839,1.0152683803897586,1.0178909193169368,1.0076341901948793,1.0073512986981101,1.0078917818524387
field,2.1278195488721803,0.5330757247917479,0.5121695463536274,1.0102433909270725,1.0153650863906087,1.0180047317487073,1.0076825431953043,1.0073978599364344,1.0079417663722796
field,2.1353383458646613,0.5364402015310413,0.515402074951613,1.0103080414990322,1.0154620622485484,1.0181188680418476,1.0077310311242742,1.0074445511034096,1.007991890373403
field,2.142857142857143,0.5398141411316667,0.5186436952961746,1.0103728739059235,1.0155593108588852,1.0182333316566956,1.0077796554294427,1.0074913735930457,1.0080421553523098
field,2.150375939849624,0.5431976404282463,0.5218945004242714,1.0104378900084854,1.0156568350127282,1.018348125931835,1.0078284175063639,1.007538328749184,1.0080925627516426
field,2.1578947368421053,0.5465907928056538,0.5251545800584069,1.0105030916011681,1.0157546374017523,1.0184632540896752,1.007877318700876,1.0075854178677908,1.0081431139626502
field,2.1654135338345863,0.5499936883602933,0.5284240207615816,1.0105684804152317,1.0158527206228474,1.0185787192418971,1.0079263603114237,1.0076326421991957,1.0081938103275891
field,2.1729323308270674,0.5534064140570036,0.5317029060880449,1.010634058121761,1.0159510871826414,1.018694524394751,1.0079755435913207,1.0076800029502704,1.0082446531420628
field,2.180451127819549,0.5568290538813043,0.5349913167295701,1.0106998263345912,1.016049739501887,1.0188106724541988,1.0080248697509435,1.0077275012865394,1.0082956436572879
field,2.18796992481203,0.5602616889867577,0.5382893306570368,1.0107657866131405,1.016148679919711,1.0189271662308919,1.0080743399598557,1.007775138334227,1.0083467830822905
field,2.1954887218045114,0.5637043978372605,0.5415970232571424,1.010831940465143,1.0162479106977143,1.0190440084449768,1.0081239553488572,1.007822915182231,1.008398072586027
field,2.2030075187969924,0.5671572563441217,0.5449144674641043,1.0108982893492822,1.016347434023923,1.0191612017307288,1.0081737170119616,1.0078708328840247,1.008449513299424
field,2.2105263157894735,0.5706203379978252,0.5482417338862544,1.0109648346777251,1.0164472520165877,1.0192787486410022,1.008223626008294,1.0079188924594864,1.008501106317344
field,2.218045112781955,0.5740937139944051,0.5515788909274588,1.0110315778185492,1.0165473667278238,1.0193966516515023,1.0082736833639119,1.007967094896653,1.0085528527004657
field,2.225563909774436,0.5775774533564062,0.5549260049033342,1.0110985200980667,1.0166477801471,1.0195149131648735,1.00832389007355,1.008015441153398,1.0086047534770874
field,2.233082706766917,0.581071623048424,0.5582831401522569,1.011165662803045,1.0167484942045675,1.0196335355146053,1.0083742471022838,1.0080639321590343,1.0086568096448485
field,2.2406015037593985,0.58457628808725,0.5616503591411879,1.0112330071828237,1.0168495107742355,1.019752520968755,1.008424755387118,1.008112568815846,1.0087090221723696
field,2.2481203007518795,0.5880915116466752,0.5650277225663667,1.0113005544513274,1.016950831676991,1.0198718717334916,1.0084754158384954,1.0081613520005392,1.0087613920008143
field,2.2556390977443606,0.5916173551570258,0.5684152894489436,1.0113683057889788,1.0170524586834684,1.0199915899564616,1.0085262293417343,1.0082102825656245,1.0088139200453718
field,2.263157894736842,0.5951538783995289,0.5718131172256435,1.0114362623445128,1.0171543935167693,1.0201116777299797,1.0085771967583845,1.0082593613407276,1.0088666071966634
field,2.270676691729323,0.5987011395956114,0.5752212618345641,1.0115044252366912,1.017256637855037,1.0202321370940486,1.0086283189275185,1.0083085891338275,1.0089194543220725
field,2.2781954887218046,0.6022591954912776,0.5786397777962431,1.0115727955559248,1.0173591933338872,1.0203529700392129,1.0086795966669437,1.0083579667324274,1.008972462267002
field,2.2857142857142856,0.6058281014366914,0.5820687182901203,1.0116413743658026,1.0174620615487036,1.0204741785092504,1.0087310307743518,1.00840749490466,1.0090256318560584
field,2.2932330827067666,0.6094079114611277,0.585508135226549,1.011710162704531,1.0175652440567964,1.0205957644037091,1.0087826220283982,1.0084571744003266,1.0090789638941704
field,2.300751879699248,0.6129986783434498,0.5889580793145093,1.0117791615862903,1.0176687423794353,1.0207177295802894,1.0088343711897176,1.0085070059518761,1.009132459167638
field,2.308270676691729,0.6166004536782849,0.5924186001251893,1.0118483720025038,1.0177725580037555,1.020840075857083,1.0088862790018778,1.008556990275323,1.0091861184451187
field,2.3157894736842106,0.6202132879380761,0.5958897461516024,1.011917794923032,1.0178766923845481,1.0209628050146735,1.008938346192274,1.008607128071108,1.0092399424785508
field,2.3233082706766917,0.623837230531185,0.5993715648644115,1.0119874312972883,1.0179811469459323,1.0210859187981012,1.0089905734729663,1.0086574200249048,1.0092939320040206
field,2.3308270676691727,0.6274723298562354,0.6028641027641418,1.012057282055283,1.0180859230829242,1.021209418918702,1.009042961541462,1.008707866808375,1.0093480877425716
field,2.338345864661654,0.6311186333528721,0.6063674054299492,1.012127348108599,1.0181910221628983,1.0213333070558248,1.0090955110814492,1.008758469079871,1.0094024104009591
field,2.345864661654135,0.6347761875491266,0.6098815175651271,1.0121976303513025,1.0182964455269539,1.021457584858435,1.009148222763477,1.0088092274850946,1.009456900672359
field,2.3533834586466162,0.6384450381055662,0.6134064830395256,1.0122681296607905,1.0184021944911859,1.021582253946608,1.009201097245593,1.008860142657709,1.0095115592370227
field,2.3609022556390977,0.6421252298564111,0.6169423449290554,1.012338846898581,1.0185082703478716,1.0217073159129189,1.009254135173936,1.0089112152199091,1.0095663867628901
field,2.3684210526315788,0.6458168068477886,0.6204891455524415,1.0124097829110488,1.0186146743665734,1.0218327723237401,1.0093073371832868,1.0089624457829545,1.0096213839061614
field,2.37593984962406,0.6495198123733081,0.624046926505403,1.012480938530108,1.018721407795162,1.0219586247204429,1.0093607038975811,1.0090138349476596,1.009676551311825
field,2.3834586466165413,0.653234289007114,0.6276157286924108,1.0125523145738482,1.0188284718607723,1.022084874620517,1.0094142359303862,1.0090653833048555,1.0097318896141507
field,2.3909774436090223,0.6569602786345847,0.6311955923561812,1.0126239118471236,1.0189358677706852,1.0222115235186078,1.0094679338853427,1.0091170914358145,1.0097873994371471
field,2.398496240601504,0.6606978224808383,0.6347865571050643,1.0126957311421012,1.019043596713152,1.022338572887484,1.0095217983565759,1.0091689599126463,1.0098430813949866
field,2.406015037593985,0.6644469611371879,0.6383886619384621,1.0127677732387692,1.0191516598581538,1.0224660241789294,1.0095758299290771,1.009220989298664,1.0098989360923987
field,2.413533834586466,0.6682077345856968,0.6420019452704203,1.0128400389054084,1.0192600583581128,1.0225938788245759,1.0096300291790563,1.009273180148727,1.0099549641250367
field,2.4210526315789473,0.6719801822219738,0.6456264449515295,1.0129125288990306,1.0193687933485458,1.0227221382366745,1.009684396674273,1.0093255330095547,1.0100111660798166
field,2.4285714285714284,0.6757643428763316,0.6492621982892544,1.0129852439657852,1.0194778659486776,1.0228508038088098,1.009738932974339,1.0093780484200228,1.0100675425352323
field,2.43609022556391,0.679560254833445,0.6529092420668201,1.0130581848413365,1.0195872772620045,1.0229798769165677,1.0097936386310025,1.0094307269114333,1.01012409406165
field,2.443609022556391,0.6833679558506155,0.6565676125607613,1.013131352251215,1.019697028376823,1.0231093589181497,1.0098485141884115,1.0094835690077715,1.0101808212215777
field,2.451127819548872,0.687187483174762,0.6602373455572462,1.013204746911145,1.0198071203667174,1.0232392511549515,1.0099035601833588,1.0095365752259375,1.0102377245699206
field,2.4586466165413534,0.6910188735582364,0.6639184763672721,1.0132783695273455,1.0199175542910182,1.0233695549520951,1.009958777145509,1.0095897460759697,1.0102948046542153
field,2.4661654135338344,0.6948621632735654,0.6676110398408285,1.0133522207968166,1.0200283311952247,1.0235002716189285,1.0100141655976123,1.009643082061247,1.0103520620148503
field,2.4736842105263155,0.6987173881272081,0.671315070380116,1.0134263014076024,1.0201394521114033,1.0236314024494912,1.0100697260557017,1.0096965836786802,1.0104094971852702
field,2.481203007518797,0.7025845834724176,0.6750306019519027,1.013500612039038,1.020250918058557,1.023762948722948,1.0101254590292785,1.009750251418891,1.0104671106921685
field,2.488721804511278,0.706463784221278,0.6787576680990896,1.013575153361982,1.020362730042973,1.0238949117039973,1.0101813650214864,1.009804085766378,1.0105249030556656
field,2.496240601503759,0.7103550248560028,0.682496301951566,1.0136499260390313,1.0204748890585469,1.024027292643252,1.0102374445292734,1.009858087199675,1.0105828747894776
field,2.5037593984962405,0.7142583394395489,0.6862465362364067,1.013724930724728,1.0205873960870921,1.0241600927775998,1.0102936980435462,1.0099122561914973,1.010641026401075
field,2.5112781954887216,0.7181737616256177,0.6900084032874813,1.0138001680657496,1.0207002520986244,1.0242933133305392,1.0103501260493122,1.0099665932088806,1.0106993583918307
field,2.518796992481203,0.7221013246680983,0.6937819350545269,1.0138756387010905,1.020813458051636,1.0244269555124998,1.0104067290258179,1.0100210987133118,1.0107578712571612
field,2.526315789473684,0.7260410614300015,0.6975671631117321,1.0139513432622347,1.020927014893352,1.0245610205211448,1.010463507446676,1.0100757731608534,1.0108165654866603
field,2.533834586466165,0.7299930043919406,0.7013641186658842,1.0140272823733176,1.0210409235599764,1.0246955095416563,1.010520461779988,1.0101306170022621,1.0108754415642243
field,2.5413533834586466,0.7339571856601943,0.7051728325641173,1.0141034566512823,1.0211551849769236,1.0248304237470087,1.0105775924884617,1.010185630683098,1.0109344999681726
field,2.5488721804511276,0.7379336369743955,0.7089933353012987,1.014179866706026,1.021269800059039,1.0249657642982277,1.0106349000295194,1.0102408146438346,1.010993741171363
field,2.556390977443609,0.741922389714885,0.7128256570270936,1.0142565131405417,1.0213847697108127,1.0251015323446395,1.0106923848554064,1.0102961693199584,1.0110531656412993
field,2.56390977443609,0.7459234749097536,0.7166698275527326,1.0143333965510546,1.021500094826582,1.0252377290241084,1.0107500474132909,1.0103516951420672,1.011112773840239
field,2.571428571428571,0.7499369232416151,0.7205258763575176,1.0144105175271503,1.0216157762907256,1.025374355463265,1.0108078881453626,1.0104073925359653,1.0111725662252915
field,2.5789473684210527,0.7539627650541229,0.7243938325950843,1.0144878766519017,1.0217318149778525,1.0255114127777276,1.0108659074889261,1.0104632619227525,1.0112325432485167
field,2.5864661654135337,0.7580010303582639,0.7282737250994475,1.014565474501989,1.0218482117529835,1.0256489020723136,1.0109241058764915,1.0105193037189115,1.0112927053570189
field,2.5939849624060147,0.7620517488384472,0.7321655823908524,1.014643311647817,1.0219649674717255,1.0257868244412458,1.0109824837358627,1.0105755183363938,1.0113530529930363
field,2.601503759398496,0.7661149498584059,0.7360694326814444,1.0147213886536288,1.0220820829804433,1.0259251809683514,1.0110410414902218,1.0106319061827003,1.0114135865940304
field,2.6090225563909772,0.7701906624669291,0.7399853038807765,1.0147997060776157,1.0221995591164232,1.0260639727272562,1.0110997795582115,1.0106884676609609,1.0114743065927698
field,2.6165413533834583,0.7742789154034418,0.7439132236011703,1.0148782644720236,1.0223173967080352,1.0262032007815727,1.0111586983540173,1.0107452031700124,1.0115352134174154
field,2.6240601503759398,0.778379737103442,0.7478532191629389,1.0149570643832588,1.0224355965748881,1.0263428661850835,1.0112177982874442,1.010802113104474,1.0115963074915986
field,2.631578947368421,0.7824931557038074,0.751805317599488,1.0150361063519897,1.0225541595279846,1.0264829699819207,1.0112770797639923,1.0108591978548203,1.0116575892345034
field,2.6390977443609023,0.7866191990479866,0.7557695456623008,1.015115390913246,1.022673086369869,1.0266235132067427,1.0113365431849346,1.010916457807454,1.0117190590609415
field,2.6466165413533833,0.7907578946910745,0.7597459298258155,1.0151949185965163,1.0227923778947745,1.026764496884903,1.0113961889473873,1.010973893344777,1.011780717381429
field,2.6541353383458643,0.7949092699047925,0.7637344962922107,1.0152746899258442,1.0229120348887664,1.026905922032621,1.0114560174443832,1.0110315048452565,1.0118425646022606
field,2.661654135338346,0.7990733516823647,0.7677352709960892,1.015354705419922,1.0230320581298826,1.0270477896571455,1.0115160290649412,1.0110892926834976,1.0119046011255808
field,2.669172932330827,0.8032501667433125,0.7717482796090858,1.0154349655921817,1.0231524483882726,1.0271901007569169,1.0115762241941364,1.0111472572303042,1.0119668273494578
field,2.6766917293233083,0.8074397415381592,0.7757735475443862,1.0155154709508878,1.0232732064263315,1.0273328563217266,1.0116366032131658,1.0112053988527494,1.0120292436679514
field,2.6842105263157894,0.8116421022530568,0.7798110999611731,1.0155962219992236,1.023394332998835,1.0274760573328732,1.0116971664994177,1.011263717914236,1.0120918504711833
field,2.6917293233082704,0.8158572748143375,0.7838609617689993,1.01567721923538,1.02351582885307,1.0276197047633162,1.011757914426535,1.011322214774562,1.0121546481454042
field,2.699248120300752,0.8200852848929904,0.7879231576320884,1.0157584631526417,1.0236376947289627,1.027763799577828,1.0118188473644814,1.011380889789981,1.012217637073061
field,2.706766917293233,0.8243261579090683,0.7919977119735686,1.0158399542394716,1.023759931359207,1.0279083427331421,1.0118799656796036,1.011439743313265,1.0122808176328608
field,2.714285714285714,0.8285799190360296,0.7960846489796453,1.015921692979593,1.0238825394693893,1.028053335178101,1.0119412697346946,1.0114987756937632,1.012344190199839
field,2.7218045112781954,0.8328465932050115,0.8001839926037052,1.0160036798520742,1.0240055197781113,1.0281987778537995,1.0120027598890555,1.0115579872774625,1.0124077551454196
field,2.7293233082706765,0.8371262051090407,0.8042957665703634,1.016085915331407,1.0241288729971108,1.0283446716937283,1.0120644364985554,1.0116173784070448,1.0124715128374795
field,2.7368421052631575,0.8414187792071819,0.8084199943794487,1.016168399887589,1.0242525998313834,1.028491017623914,1.0121262999156917,1.0116769494219457,1.0125354636404098
field,2.744360902255639,0.8457243397286258,0.8125566993099301,1.0162511339861986,1.024376700979298,1.028637816563057,1.012188350489649,1.0117367006584101,1.0125996079151773
field,2.75187969924812,0.850042910676716,0.8167059044237877,1.0163341180884757,1.0245011771327135,1.0287850694226688,1.0122505885663569,1.0117966324495493,1.0126639460193845
field,2.7593984962406015,0.854374515832918,0.8208676325698249,1.0164173526513967,1.0246260289770948,1.0289327771072054,1.0123130144885473,1.0118567451253948,1.0127284783073272
field,2.7669172932330826,0.8587191787607299,0.825041906387426,1.0165008381277485,1.0247512571916229,1.0290809405142003,1.0123756285958112,1.0119170390129535,1.0127932051300548
field,2.7744360902255636,0.863076922809535,0.8292287483102572,1.0165845749662052,1.0248768624493076,1.0292295605343948,1.012438431224654,1.0119775144362615,1.0128581268354264
field,2.781954887218045,0.8674477711183994,0.8334281805699163,1.0166685636113983,1.0250028454170974,1.0293786380518668,1.0125014227085487,1.0120381717164348,1.0129232437681686
field,2.789473684210526,0.8718317466198109,0.8376402251995239,1.0167528045039904,1.0251292067559856,1.0295281739441573,1.0125646033779927,1.012099011171724,1.0129885562699292
field,2.7969924812030076,0.876228872043364,0.8418649040372651,1.0168372980807454,1.025255947121118,1.029678169082395,1.0126279735605592,1.012160033117563,1.013054064679334
field,2.8045112781954886,0.8806391699193885,0.8461022387298741,1.0169220447745975,1.0253830671618962,1.0298286243314203,1.012691533580948,1.012221237866621,1.0131197693320404
field,2.8120300751879697,0.885062662582526,0.8503522507360723,1.0170070450147213,1.0255105675220821,1.029979540549905,1.0127552837610412,1.012282625728851,1.0131856705607896
field,2.819548872180451,0.8894993721752471,0.8546149613299463,1.017092299226599,1.0256384488398984,1.0301309185904732,1.0128192244199492,1.0123441970115399,1.0132517686954603
field,2.827067669172932,0.8939493206513188,0.8588903916042792,1.0171778078320854,1.0257667117481284,1.0302827592998178,1.012883355874064,1.0124059520193545,1.0133180640631203
field,2.834586466165413,0.8984125297792163,0.8631785624738298,1.0172635712494766,1.0258953568742148,1.0304350635188158,1.0129476784371074,1.0124678910543914,1.0133845569880762
field,2.8421052631578947,0.9028890211454828,0.8674794946785599,1.017349589893571,1.026024384840357,1.0305878320826445,1.0130121924201785,1.012530014416222,1.0134512477919244
field,2.8496240601503757,0.9073788161580337,0.8717932087868087,1.0174358641757362,1.0261537962636043,1.0307410658208904,1.0130768981318021,1.0125923224019384,1.0135181367936006
field,2.8571428571428568,0.9118819360494123,0.8761197251984204,1.0175223945039684,1.0262835917559527,1.0308947655576628,1.0131417958779763,1.0126548153061996,1.0135852243094272
field,2.8646616541353382,0.91639840187999,0.8804590641478207,1.0176091812829564,1.0264137719244346,1.0310489321116996,1.0132068859622174,1.012717493421275,1.0136525106531615
field,2.8721804511278193,0.920928234541116,0.8848112457070414,1.0176962249141406,1.026544337371211,1.031203566296477,1.0132721686856057,1.012780357037088,1.0137199961360435
field,2.8796992481203008,0.9254714547582166,0.8891762897886978,1.0177835257957741,1.026675288693661,1.0313586689203125,1.0133376443468303,1.0128434064412593,1.0137876810668403
field,2.887218045112782,0.9300280830938402,0.8935542161489164,1.0178710843229783,1.0268066264844675,1.0315142407864695,1.0134033132422338,1.0129066419191504,1.013855565751893
field,2.894736842105263,0.9345981399506575,0.8979450443902152,1.0179589008878043,1.0269383513317065,1.031670282693259,1.0134691756658534,1.012970063753903,1.0139236504951612
field,2.9022556390977443,0.9391816455744076,0.9023487939643352,1.0180469758792867,1.0270704638189299,1.0318267954341391,1.013535231909465,1.0130336722264808,1.0139919355982656
field,2.9097744360902253,0.943778620056794,0.906765484175023,1.0181353096835004,1.0272029645252505,1.031983779797815,1.0136014822626254,1.0130974676157107,1.0140604213605329
field,2.917293233082707,0.9483890833383334,0.9111951341807677,1.0182239026836153,1.027335854025423,1.0321412365683336,1.0136679270127116,1.0131614501983208,1.0141291080790364
field,2.924812030075188,0.9530130552111565,0.9156377629974914,1.0183127552599498,1.0274691328899248,1.0322991665251804,1.0137345664449624,1.01322562024898,1.0141979960486402
field,2.932330827067669,0.9576505553217596,0.920093389501194,1.018401867790024,1.0276028016850358,1.0324575704433727,1.013801400842518,1.0132899780403368,1.0142670855620377
field,2.9398496240601504,0.9623016031737075,0.9245620324305484,1.018491240648611,1.0277368609729165,1.0326164490935512,1.0138684304864582,1.0133545238430552,1.0143363769097928
field,2.9473684210526314,0.9669662181302903,0.929043710389455,1.018580874207789,1.0278713113116837,1.0327758032420706,1.0139356556558417,1.013419257925853,1.0144058703803807
field,2.9548872180451125,0.9716444194171354,0.93353844184955,1.018670768836991,1.0280061532554865,1.0329356336510889,1.0140030766277432,1.0134841805555375,1.0144755662602243
field,2.962406015037594,0.9763362261247712,0.9380462451526689,1.0187609249030534,1.0281413873545802,1.033095941078654,1.01407069367729,1.0135492919970412,1.0145454648337346
field,2.969924812030075,0.9810416572111441,0.9425671385132647,1.0188513427702652,1.028277014155398,1.0332567262787893,1.014138507077699,1.0136145925134572,1.0146155663833474
field,2.977443609022556,0.9857607315040959,0.9471011400207888,1.0189420228004158,1.0284130342006237,1.0334179900015787,1.0142065171003118,1.0136800823660714,1.0146858711895599
field,2.9849624060150375,0.9904934677037895,0.95164826764202,1.0190329653528403,1.0285494480292605,1.0335797329932497,1.0142747240146304,1.0137457618143995,1.014756379530967
field,2.9924812030075185,0.9952398843850966,0.9562085392233606,1.0191241707844674,1.0286862561767007,1.0337419559962524,1.0143431280883504,1.0138116311162177,1.014827091684298
field,3.0,0.9999999999999406,0.9607819724930858,1.0192156394498617,1.0288234591747925,1.0339046597493424,1.0144117295873962,1.0138776905275961,1.0148980079244494
filament,0.0,0.0,0.0,1.0,1.0,1.0,1.0,1.0,1.0
filament,0.007518796992481203,4.6193112606928234e-05,2.7405639243486337e-05,1.000000548112785,1.0000008221691772,1.000000959197602,1.0000004110845888,1.000000363127444,1.0000004605477535
filament,0.015037593984962405,9.394875189400146e-05,5.5738300722273466e-05,1.0000011147660144,1.0000016721490217,1.0000019508414697,1.0000008360745107,1.0000007385380247,1.0000009366739797
filament,0.022556390977443608,0.00014331720028058675,8.502781619628608e-05,1.000001700556324,1.0000025508344859,1.0000029759757647,1.0000012754172432,1.0000011266270157,1.0000014288799974
filament,0.03007518796992481,0.00019435025005661472,0.00011530491320764739,1.0000023060982643,1.0000034591473963,1.0000040356760043,1.000001729573698,1.0000015278015606,1.0000019376821778
filament,0.03759398496240601,0.0002471012437865765,0.00014660123905172818,1.000002932024781,1.0000043980371718,1.0000051310499007,1.0000021990185857,1.0000019424809887,1.0000024636123501
filament,0.045112781954887216,0.0003016251156251425,0.00017894938528904646,1.0000035789877058,1.0000053684815586,1.0000062632382207,1.0000026842407794,1.0000023710971415,1.0000030072182093
filament,0.05263157894736842,0.0003579784335592241,0.00021238291280681096,1.000004247658256,1.0000063714873841,1.0000074334156617,1.0000031857436922,1.0000028140947042,1.0000035690637425
filament,0.06015037593984962,0.00041621944259134786,0.00024693637743893054,1.000004938727549,1.0000074080913233,1.000008642791749,1.0000037040456615,1.000003271931545,1.0000041497296548
filament,0.06766917293233082,0.00047640810887906873,0.00028264535615322626,1.000005652907123,1.0000084793606847,1.000009892611753,1.0000042396803421,1.0000037450790622,1.0000047498138118
filament,0.07518796992481203,0.0005386061648450038,0.00031954647381449706,1.0000063909294763,1.0000095863942144,1.0000111841576271,1.0000047931971072,1.0000042340225388,1.0000053699316893
filament,0.08270676691729323,0.0006028771552719703,0.0003576774305320322,1.0000071535486108,1.000010730322916,1.000012518748963,1.000005365161458,1.0000047392615055,1.000006010716832
filament,0.09022556390977443,0.0006692864843974726,0.0003970770296000217,1.000007941540592,1.000011912310888,1.000013897743971,1.000005956155444,1.0000052613101091,1.0000066728213237
filament,0.09774436090225563,0.0007379014640215104,0.00043778520603915405,1.0000087557041206,1.0000131335561813,1.0000153225404789,1.0000065667780906,1.000005800697493,1.0000073569162664
filament,0.10526315789473684,0.0008087913626414963,0.0004798430557475816,1.0000095968611151,1.0000143952916725,1.000016794576952,1.0000071976458362,1.000006357968182,1.0000080636922704
filament,0.11278195488721804,0.0008820274556276322,0.0005232928652691731,1.0000104658573055,1.000015698785958,1.0000183153335365,1.0000078493929792,1.0000069336824768,1.0000087938599553
filament,0.12030075187969924,0.0009576830764517324,0.0005681781421867608,1.0000113635628438,1.0000170453442658,1.0000198863331227,1.0000085226721327,1.0000075284168572,1.0000095481504598
filament,0.12781954887218044,0.001035833668982076,0.0006145436461478439,1.000012290872923,1.0000184363093843,1.0000215091424332,1.0000092181546922,1.000008142764393,1.0000103273159628
filament,0.13533834586466165,0.0011165568408562912,0.0006624354205298734,1.0000132487084108,1.000019873062616,1.0000231853731294,1.000009936531308,1.0000087773351638,1.0000111321302168
filament,0.14285714285714285,0.0011999324179437461,0.0007119008247519213,1.000014238016495,1.0000213570247425,1.0000249166829454,1.0000106785123712,1.0000094327566864,1.0000119633890896
filament,0.15037593984962405,0.001286042499908232,0.0007629885672391376,1.0000152597713448,1.0000228896570174,1.0000267047768399,1.0000114448285085,1.000010109674352,1.0000128219111193
filament,0.15789473684210525,0.001374971516880974,0.0008157487390459472,1.000016314974781,1.0000244724621714,1.0000285514081766,1.0000122362310857,1.0000108087518726,1.0000137085380791
filament,0.16541353383458646,0.001466806287253254,0.0008702328481434933,1.000017404656963,1.0000261069854444,1.0000304583799222,1.000013053492722,1.0000115306717337,1.0000146241355523
filament,0.17293233082706766,0.0015616360765969021,0.0009264938543762285,1.0000185298770876,1.0000277948156313,1.0000324275458725,1.0000138974078157,1.000012276135658,1.0000155695935216
filament,0.18045112781954886,0.0016595526577199817,0.0009845862050919974,1.0000196917241018,1.0000295375861528,1.0000344608118998,1.0000147687930763,1.000013045865079,1.0000165458269668
filament,0.18796992481203006,0.0017606503718638382,0.0010445658714492735,1.000020891317429,1.0000313369761435,1.000036560137224,1.0000156684880717,1.0000138406016201,1.0000175537764748
filament,0.19548872180451127,0.0018650261910464335,0.0011064903854044674,1.0000221298077083,1.0000331947115622,1.0000387275357092,1.000016597355781,1.0000146611075849,1.000018594408862
filament,0.20300751879699247,0.001972779781555499,0.0011704188773814055,1.0000234083775477,1.0000351125663214,1.0000409650771815,1.0000175562831606,1.0000155081664577,1.000019668717806
filament,0.21052631578947367,0.0020840135685936336,0.001236412114624238,1.0000247282422925,1.0000370923634387,1.0000432748887742,1.0000185461817195,1.0000163825834103,1.0000207777244923
filament,0.21804511278195488,0.0021988328020756324,0.0013045325402339495,1.0000260906508047,1.000039135976207,1.0000456591562938,1.0000195679881034,1.0000172851858204,1.0000219224782672
filament,0.22556390977443608,0.002317345623576824,0.0013748443128877416,1.0000274968862577,1.0000412453293865,1.0000481201256115,1.0000206226646933,1.0000182168237965,1.0000231040573082
filament,0.23308270676691728,0.0024396631344289353,0.0014474133472392266,1.0000289482669447,1.000043422400417,1.0000506601040804,1.0000217112002086,1.0000191783707146,1.0000243235693014
filament,0.24060150375939848,0.0025658994649580694,0.0015223073549962196,1.0000304461471,1.0000456692206499,1.0000532814619705,1.000022834610325,1.0000201707237613,1.0000255821521322
filament,0.24812030075187969,0.00269617184485699,0.0015995958866714974,1.0000319919177334,1.0000479878766002,1.0000559866339358,1.0000239939383,1.000021194804488,1.0000268809745867
filament,0.2556390977443609,0.002830600674681375,0.0016793503740003839,1.0000335870074801,1.00005038051122,1.000058778120497,1.00002519025561,1.0000222515593722,1.0000282212370648
filament,0.2631578947368421,0.0029693095984570286,0.001761644173017462,1.0000352328834603,1.0000528493251906,1.0000616584895534,1.0000264246625954,1.0000233419603886,1.000029604172304
filament,0.2706766917293233,0.0031124255773819884,0.0018465526077828557,1.0000369310521557,1.0000553965782335,1.000064630377912,1.0000276982891168,1.0000244670055887,1.000031031046114
filament,0.2781954887218045,0.003260078964604412,0.0019341530147467634,1.000038683060295,1.0000580245904425,1.000067696492845,1.0000290122952213,1.000025627719688,1.0000325031581225
filament,0.2857142857142857,0.0034124035810535174,0.0020245247877387503,1.0000404904957547,1.0000607357436322,1.0000708596136643,1.000030367871816,1.0000268251546622,1.000034021842531
filament,0.2932330827067669,0.0035695367922973435,0.002117749423566234,1.0000423549884714,1.000063532482707,1.00007412259332,1.0000317662413534,1.0000280603903529,1.0000355884688816
filament,0.3007518796992481,0.003731619586396846,0.0022139105682040822,1.000044278211364,1.0000664173170462,1.0000774883600185,1.000033208658523,1.0000293345350775,1.0000372044428327
filament,0.3082706766917293,0.003898796652721836,0.002313094063554857,1.000046261881271,1.0000693928219067,1.000080959918863,1.0000346964109532,1.0000306487262487,1.0000388712069452
filament,0.3157894736842105,0.004071216461689383,0.0024153879947563387,1.0000483077598952,1.0000724616398426,1.0000845403535086,1.0000362308199213,1.0000320041310047,1.0000405902414762
filament,0.3233082706766917,0.004249031345380576,0.0025208827380101724,1.0000504176547602,1.0000756264821402,1.000088232827842,1.00003781324107,1.0000334019468384,1.0000423630651851
filament,0.3308270676691729,0.004432397578986138,0.0026296710089022523,1.000052593420178,1.000078890130267,1.0000920405876725,1.0000394450651335,1.0000348434022406,1.0000441912361435
filament,0.3383458646616541,0.004621475463025688,0.002741847911182105,1.0000548369582236,1.0000822554373354,1.0000959669624436,1.0000411277186676,1.0000363297573454,1.000046076352556
filament,0.3458646616541353,0.004816429406279472,0.002857510985964968,1.0000571502197193,1.000085725329579,1.0001000153669575,1.0000428626647895,1.0000378623045825,1.0000480200535868
filament,0.3533834586466165,0.005017428009364951,0.002976760261316444,1.0000595352052264,1.0000893028078395,1.0001041893031124,1.0000446514039198,1.0000394423693333,1.000050024020193
filament,0.3609022556390977,0.005224644148883479,0.0030996983021753964,1.0000619939660436,1.0000929909490652,1.000108492361655,1.0000464954745325,1.000041071310594,1.0000520899759633
filament,0.3684210526315789,0.005438255062055427,0.003226430260566615,1.0000645286052112,1.000096792907817,1.0001129282239398,1.0000483964539084,1.0000427505216392,1.0000542196879618
filament,0.37593984962406013,0.005658442431753747,0.003357063926049881,1.000067141278521,1.0001007119177814,1.0001175006636982,1.0000503559588907,1.000044481430691,1.0000564149675768
filament,0.38345864661654133,0.005885392471838251,0.003491709776347438,1.0000698341955268,1.0001047512932904,1.0001222135488148,1.0000523756466453,1.0000462655015905,1.0000586776713696
filament,0.39097744360902253,0.006119296012683494,0.003630481028086325,1.0000726096205617,1.0001089144308426,1.0001270708431071,1.0000544572154213,1.0000481042344689,1.0000610097019298
filament,0.39849624060150374,0.006360348586784246,0.0037734936875867407,1.0000754698737517,1.0001132048106276,1.0001320766081065,1.000056602405314,1.0000499991664218,1.000063413008726
filament,0.40601503759398494,0.0066087505143125475,0.003920866601621683,1.0000784173320325,1.0001176259980487,1.00013723500484,1.0000588129990244,1.0000519518721807,1.0000658895889611
filament,0.41353383458646614,0.006864706988489695,0.004072721508066796,1.0000814544301615,1.000122181645242,1.000142550295607,1.000061090822621,1.0000539639647845,1.000068441488422
filament,0.42105263157894735,0.007128428160625675,0.004229183086352907,1.000084583661727,1.0001268754925905,1.0001480268457497,1.0000634377462954,1.0000560370962481,1.0000710708023286
filament,0.42857142857142855,0.0074001292246668885,0.004390379007626851,1.0000878075801527,1.0001317113702288,1.0001536691254134,1.0000658556851143,1.0000581729582267,1.0000737796761756
filament,0.43609022556390975,0.007680030501080584,0.004556439984518774,1.0000911287996903,1.0001366931995357,1.0001594817112949,1.0000683465997677,1.0000603732826758,1.0000765703065697
filament,0.44360902255639095,0.007968357519891665,0.0047274998204065435,1.0000945499964082,1.0001418249946121,1.0001654692883704,1.0000709124973062,1.0000626398425039,1.0000794449420571
filament,0.45112781954887216,0.00826534110267392,0.004903695458059846,1.0000980739091614,1.0001471108637419,1.0001716366516051,1.000073555431871,1.0000649744522154,1.0000824058839408
filament,0.45864661654135336,0.008571217443283333,0.005085167027537978,1.0001017033405508,1.0001525550108263,1.0001779887076352,1.000076277505413,1.0000673789685481,1.0000854554870864
filament,0.46616541353383456,0.008886228187106465,0.005272057893206645,1.000105441157864,1.0001581617367963,1.0001845304764196,1.0000790808683981,1.000069855291094,1.0000885961607104
filament,0.47368421052631576,0.00921062050858116,0.00546451469972977,1.0001092902939945,1.000163935440992,1.0001912670928557,1.000081967720496,1.0000724053629093,1.0000918303691555
filament,0.48120300751879697,0.009544647186730334,0.005662687416882487,1.0001132537483377,1.0001698806225066,1.0001982038083563,1.0000849403112533,1.0000750311711089,1.0000951606326414
filament,0.48872180451127817,0.00988856667843297,0.0058667293830216545,1.0001173345876604,1.0001760018814905,1.0002053459923776,1.0000880009407453,1.0000777347474405,1.000098589527997
filament,0.49624060150375937,0.01024264318913843,0.00607679734703954,1.0001215359469409,1.0001823039204112,1.0002126991338938,1.0000911519602056,1.0000805181688432,1.000102119689364
filament,0.5037593984962405,0.010607146740711889,0.006293051508615425,1.0001258610301724,1.0001887915452585,1.0002202688428163,1.0000943957726292,1.0000833835579785,1.0001057538088751
filament,0.5112781954887218,0.010982353236079639,0.006515655556568649,1.0001303131111314,1.000195469666697,1.0002280608513423,1.0000977348333486,1.0000863330837393,1.0001094946372968
filament,0.518796992481203,0.011368544520323105,0.006744776705104713,1.000134895534102,1.000202343301153,1.0002360810152335,1.0001011716505765,1.0000893689617305,1.000113344984639
filament,0.5263157894736842,0.011766008437850202,0.006980585727734133,1.0001396117145547,1.0002094175718321,1.000244335315011,1.000104708785916,1.0000924934547182,1.000117307720726
filament,0.5338345864661653,0.012175038885251429,0.007223256988631121,1.0001444651397726,1.000216697709659,1.0002528298570637,1.0001083488548297,1.000095708873045,1.0001213857757218
filament,0.5413533834586466,0.0125959358594264,0.0074729684711862965,1.000149459369424,1.0002241890541357,1.0002615708746563,1.0001120945270678,1.0000990175750089,1.0001255821406116
filament,0.5488721804511278,0.013029005500544432,0.007729901803494516,1.00015459803607,1.0002318970541049,1.0002705647288332,1.0001159485270525,1.0001024219671992,1.0001298998676287
filament,0.556390977443609,0.013474560129380088,0.007994242280505456,1.0001598848456101,1.0002398272684152,1.000279817909203,1.0001199136342076,1.0001059245047934,1.0001343420706277
filament,0.5639097744360901,0.013932918278540953,0.008266178882550556,1.000165323577651,1.0002479853664765,1.0002893370345982,1.0001239926832384,1.0001095276917993,1.0001389119253952
filament,0.5714285714285714,0.014404404717082125,0.008545904289946409,1.000170918085799,1.0002563771286983,1.0002991288535998,1.0001281885643492,1.0001132340812504,1.0001436126698957
filament,0.5789473684210527,0.014889350467976821,0.008833614893359792,1.000176672297867,1.0002650084468008,1.0003092002449099,1.0001325042234006,1.0001170462753421,1.0001484476044458
filament,0.5864661654135338,0.01538809281788943,0.009129510799605856,1.0001825902159922,1.000273885323988,1.000319558217569,1.0001369426619942,1.00012096692551,1.0001534200918112
filament,0.593984962406015,0.015900975318672458,0.009433795832536255,1.0001886759166507,1.000283013874976,1.0003302099109985,1.000141506937488,1.0001249987324403,1.0001585335572218
filament,0.6015037593984962,0.01642834777998405,0.009746677528659223,1.000194933550573,1.0002924003258598,1.0003411625948633,1.00014620016293,1.0001291444460125,1.0001637914882981
filament,0.6090225563909775,0.016970566252399576,0.010068367127119957,1.0002013673425423,1.0003020510138134,1.0003524236687322,1.0001510255069066,1.000133406865166,1.0001691974348832
filament,0.6165413533834586,0.01752799300036532,0.010399079553654465,1.000207981591073,1.0003119723866096,1.0003640006615342,1.000155986193305,1.0001377888376883,1.0001747550087725
filament,0.6240601503759398,0.01810099646431979,0.010739033398116741,1.0002147806679622,1.0003221710019434,1.0003759012307845,1.0001610855009717,1.0001422932599167,1.0001804678833366
filament,0.631578947368421,0.018689951211284073,0.011088450885164823,1.0002217690177033,1.0003326535265549,1.000388133161575,1.0001663267632774,1.00014692307635,1.0001863397930282
filament,0.6390977443609023,0.019295237873200317,0.011447557837677971,1.0002289511567535,1.0003434267351303,1.0004007043653103,1.0001717133675652,1.0001516812791635,1.0001923745327677
filament,0.6466165413533834,0.019917243072276433,0.011816583632464881,1.0002363316726492,1.000354497508974,1.0004136228781741,1.000177248754487,1.0001565709076234,1.0001985759571985
filament,0.6541353383458646,0.020556359332573427,0.012195761147809854,1.000243915222956,1.0003658728344345,1.00042689685931,1.0001829364172172,1.0001615950473897,1.000204947979807
filament,0.6616541353383458,0.021212984977053494,0.012585326702393056,1.000251706534048,1.0003775598010718,1.000440534588702,1.000188779900536,1.0001667568297081,1.000211494571893
filament,0.6691729323308271,0.021887524009289047,0.012985519985110388,1.0002597103997022,1.0003895655995532,1.0004545444647357,1.0001947827997766,1.0001720594304808,1.0002182197613938
filament,0.6766917293233082,0.022580385979016602,0.01339658397530872,1.0002679316795062,1.0004018975192592,1.0004689350014255,1.0002009487596297,1.000177506069208,1.0002251276315417
filament,0.6842105263157894,0.023291985830706557,0.013818764852944757,1.000276375297059,1.0004145629455883,1.0004837148252903,1.000207281472794,1.0001831000077988,1.0002322223193545
filament,0.6917293233082706,0.02402274373430786,0.01425231189816855,1.0002850462379633,1.0004275693569449,1.0004988926718563,1.0002137846784727,1.0001888445492397,1.000239508013949
filament,0.6992481203007519,0.024773084897318175,0.014697477379827703,1.0002939495475967,1.000440924321395,1.0005144773817765,1.0002204621606974,1.0001947430361184,1.000246988954666
filament,0.706766917293233,0.025543439357324667,0.015154516432385122,1.0003030903286478,1.0004546354929715,1.000530477896543,1.0002273177464858,1.0002007988489916,1.0002546694290029
filament,0.7142857142857142,0.026334241754158463,0.015623686920741885,1.0003124737384148,1.0004687106076222,1.0005469032537757,1.000234355303811,1.000207015404595,1.0002625537703416
filament,0.7218045112781954,0.027145931080806648,0.016105249292457272,1.000322104985849,1.0004831574787738,1.0005637625820722,1.0002415787393868,1.0002133961538844,1.000270646355465
filament,0.7293233082706767,0.027978950412232664,0.016599466416862253,1.0003319893283373,1.0004979839925061,1.0005810650953977,1.000248991996253,1.000219944579905,1.000278951601854
filament,0.7368421052631579,0.02883374661126477,0.01710660341056775,1.0003421320682113,1.000513198102317,1.0005988200869997,1.0002565990511585,1.0002266641954776,1.000287473964754
filament,0.744360902255639,0.029710770010727992,0.017626927448878612,1.0003525385489775,1.0005288078234664,1.0006170369228289,1.000264403911733,1.000233558540702,1.0002962179340074
filament,0.7518796992481203,0.03061047407101552,0.018160707562636127,1.0003632141512526,1.0005448212268793,1.0006357250344524,1.0002724106134395,1.0002406311802636,1.0003051880306377
filament,0.7593984962406015,0.03153331501232086,0.01870821442002725,1.0003741642884005,1.0005612464326008,1.0006548939114377,1.0002806232163004,1.0002478857005428,1.000314388803184
filament,0.7669172932330827,0.03247975142078485,0.019269720092917865,1.0003853944018584,1.0005780916027875,1.0006745530931964,1.0002890458013938,1.0002553257065188,1.0003238248237747
filament,0.7744360902255638,0.03345024382785025,0.019845497807290544,1.0003969099561458,1.0005953649342187,1.0006947121602738,1.0002976824671093,1.0002629548184627,1.0003335006839322
filament,0.7819548872180451,0.03444525426216166,0.020435821677393926,1.0004087164335478,1.0006130746503217,1.0007153807250646,1.000306537325161,1.000270776668416,1.000343420990106
filament,0.7894736842105263,0.03546524577340195,0.021040966423242404,1.000420819328465,1.0006312289926973,1.0007365684219476,1.0003156144963485,1.000278794896446,1.000353590358926
filament,0.7969924812030075,0.03651068192751754,0.021661207071141338,1.0004332241414229,1.0006498362121343,1.0007582848968257,1.000324918106067,1.0002870131466788,1.0003640134121687
filament,0.8045112781954886,0.03758202627285169,0.02229681863695241,1.0004459363727392,1.0006689045591086,1.0007805397960625,1.000334452279554,1.0002954350631015,1.0003746947714358
filament,0.8120300751879699,0.03867974177678452,0.0229480757918611,1.0004589615158372,1.0006884422737559,1.0008033427548035,1.000344221136878,1.0003040642851349,1.000385639052536
filament,0.8195488721804511,0.039804290232562,0.02361525251045778,1.0004723050502091,1.0007084575753138,1.0008267033846803,1.0003542287876568,1.0003129044429693,1.0003968508595724
filament,0.8270676691729323,0.040956131636092415,0.02429862170100094,1.00048597243402,1.0007289586510302,1.0008506312608876,1.0003644793255149,1.0003219591526666,1.000408334778728
filament,0.8345864661654134,0.04213572353259263,0.02499845481779282,1.0004999690963559,1.000749953644534,1.0008751359086376,1.0003749768222667,1.000331232011023,1.000420095371753
filament,0.8421052631578947,0.04334352033307853,0.025715021455664042,1.0005143004291133,1.0007714506436698,1.0009002267889822,1.000385725321835,1.000340726590197,1.000432137169149
filament,0.849624060150376,0.044579972600819105,0.026448588926638206,1.0005289717785326,1.0007934576677993,1.0009259132840131,1.0003967288338997,1.0003504464320994,1.0004444646630548
filament,0.8571428571428571,0.04584552630800444,0.02719942181892475,1.0005439884363785,1.0008159826545677,1.0009522046814436,1.0004079913272839,1.0003603950425504,1.000457082299837
filament,0.8646616541353382,0.04714062206302062,0.027967781538473513,1.0005593556307695,1.0008390334461543,1.0009791101585737,1.000419516723077,1.0003705758852044,1.0004699944723845
filament,0.8721804511278195,0.048465694308876504,0.02875392583341406,1.0005750785166683,1.0008626177750024,1.0010066387656598,1.0004313088875012,1.00038099237525,1.0004832055121164
filament,0.8796992481203008,0.04982117049348758,0.029558108301798246,1.000591162166036,1.000886743249054,1.001034799408695,1.000443371624527,1.0003916478728867,1.000496719680711
filament,0.8872180451127819,0.05120747021269265,0.03038057788316572,1.0006076115576634,1.000911417336495,1.0010636008316227,1.0004557086682475,1.0004025456765882,1.000510541161561
filament,0.894736842105263,0.052625004327058224,0.031221578334557923,1.0006244315666912,1.0009366473500367,1.0010930515980025,1.0004683236750183,1.000413689016159,1.0005246740509675
filament,0.9022556390977443,0.05407417405371141,0.03208134769171708,1.0006416269538343,1.0009624404307516,1.0011231600721575,1.0004812202153757,1.0004250810455968,1.0005391223490863
filament,0.9097744360902256,0.05555537003463798,0.03296011771632215,1.0006592023543266,1.0009888035314896,1.0011539343998266,1.0004944017657447,1.000436724835767,1.0005538899506385
filament,0.9172932330827067,0.057068971383083276,0.03385811333023375,1.0006771622666046,1.001015743399907,1.0011853824883632,1.0005078716999534,1.0004486233669065,1.000568980635403
filament,0.9248120300751879,0.058615344709901936,0.034775552037842855,1.0006955110407567,1.0010432665611355,1.001217511986513,1.0005216332805675,1.00046077952097,1.0005843980585098
filament,0.9323308270676691,0.060194843131915594,0.03571264333774521,1.000714252866755,1.0010713793001322,1.0012503302638145,1.0005356896500661,1.0004731960738347,1.0006001457405511
filament,0.9398496240601504,0.06180780526455327,0.0366695881250909,1.0007333917625019,1.0011000876437528,1.0012838443896708,1.0005500438218764,1.0004858756873811,1.0006162270575412
filament,0.9473684210526315,0.06345455420127302,0.03764657808609144,1.0007529315617218,1.0011293973425828,1.0013180611121437,1.0005646986712913,1.000498820901471,1.0006326452307384
filament,0.9548872180451127,0.06513539648248108,0.038643795086295875,1.0007728759017258,1.001159313852589,1.0013529868365236,1.0005796569262946,1.0005120341258407,1.000649403316367
filament,0.9624060150375939,0.06685062105688955,0.03966141055438084,1.0007932282110876,1.0011898423166317,1.001388627603743,1.0005949211583156,1.0005255176319374,1.000666504195261
filament,0.9699248120300752,0.06860049823847271,0.040699584863329315,1.0008139916972665,1.0012209875459,1.0014249890686897,1.0006104937729499,1.0005392735447187,1.0006839505624638
filament,0.9774436090225563,0.07038527866240048,0.04175846671100253,1.0008351693342201,1.00125275400133,1.0014620764784983,1.0006263770006651,1.0005533038344467,1.0007017449168223
filament,0.9849624060150375,0.0722051922435391,0.042838192502235,1.0008567638500447,1.001285145775067,1.001499894650888,1.0006425728875334,1.0005676103084984,1.0007198895505993
filament,0.9924812030075187,0.07406044714131488,0.04393888573470465,1.0008787777146941,1.0013181665720412,1.0015384479526304,1.0006590832860205,1.0005821946032303,1.0007383865391553
filament,1.0,0.07595122873493314,0.04506065639094646,1.000901213127819,1.0013518196917284,1.0015777402782264,1.0006759098458642,1.0005970581759223,1.0007572377307306
filament,1.007518796992481,0.07787769861313115,0.046203600338989036,1.0009240720067798,1.0013861080101696,1.0016177750288802,1.000693054005085,1.0006122022968353,1.0007764447363732
filament,1.0150375939849623,0.07983999358281496,0.04736779874419451,1.000947355974884,1.001421033962326,1.0016585550918606,1.000710516981163,1.0006276280414184,1.0007960089200556
filament,1.0225563909774436,0.08183822470108679,0.04855331749497582,1.0009710663498994,1.0014565995248492,1.0017000828203442,1.0007282997624245,1.0006433362826992,1.0008159313890226
filament,1.0300751879699248,0.08387247633531006,0.04976020664514827,1.0009952041329029,1.0014928061993544,1.0017423600138355,1.0007464030996773,1.000659327683896,1.0008362129844213
filament,1.037593984962406,0.08594280525597868,0.05098849987574323,1.0010197699975147,1.0015296549962722,1.001785387899262,1.0007648274981362,1.000675602691286,1.0008568542722565
filament,1.045112781954887,0.08804923976725224,0.05223821397916855,1.0010447642795832,1.001567146419375,1.0018291671128485,1.0007835732096875,1.00069216152737,1.0008778555347222
filament,1.0526315789473684,0.09019177888009422,0.053509348368644606,1.0010701869673728,1.0016052804510593,1.0018736976828704,1.0008026402255297,1.0007090041843731,1.0008992167619575
filament,1.0601503759398496,0.09237039153299528,0.054801884615871786,1.0010960376923175,1.001644056538476,1.001918979013391,1.000822028269238,1.0007261304181188,1.0009209376442776
filament,1.0676691729323307,0.09458501586528224,0.05611578601989625,1.001122315720398,1.0016834735805968,1.0019650098690849,1.0008417367902984,1.0007435397423154,1.0009430175649285
filament,1.075187969924812,0.09683555854800237,0.05745099721013427,1.0011490199442026,1.0017235299163039,1.0020117883612536,1.000861764958152,1.0007612314232976,1.0009654555934153
filament,1.0827067669172932,0.09912189417732359,0.0588074437864862,1.0011761488757298,1.0017642233135946,1.0020593119351358,1.0008821116567972,1.0007792044752566,1.0009882504794558
filament,1.0902255639097744,0.10144386473532142,0.06018503199942989,1.0012037006399885,1.0018055509599828,1.0021075773586101,1.0009027754799915,1.0007974576560017,1.0010114006476025
filament,1.0977443609022557,0.10380127912290092,0.0615836484729108,1.0012316729694581,1.0018475094541872,1.0021565807123967,1.0009237547270937,1.0008159894632886,1.0010349041925874
filament,1.1052631578947367,0.10619391276946084,0.06300315997276183,1.0012600631994553,1.001890094799183,1.0022063173818438,1.0009450473995913,1.0008347981317522,1.0010587588754305
filament,1.112781954887218,0.10862150732371849,0.06444341322327474,1.0012888682644656,1.0019333023966983,1.0022567820504011,1.000966651198349,1.0008538816304735,1.001082962120355
filament,1.1203007518796992,0.11108377042988876,0.06590423477441064,1.001318084695488,1.0019771270432323,1.0023079686948595,1.0009885635216162,1.0008732376612224,1.001107511012559
filament,1.1278195488721803,0.1135803755931555,0.06738543092198636,1.0013477086184397,1.0020215629276596,1.0023598705824441,1.0010107814638298,1.0008928636573993,1.001132402296872
filament,1.1353383458646615,0.11611096213807096,0.06888678768299344,1.00137773575366,1.00206660363049,1.0024124802698373,1.0010333018152449,1.000912756783708,1.0011576323773408
filament,1.1428571428571428,0.11867513526318672,0.07040807082800987,1.00140816141656,1.0021122421248405,1.0024657896041949,1.0010561210624203,1.0009329139365852,1.0011831973177743
filament,1.150375939849624,0.12127246619484969,0.07194902597244471,1.0014389805194488,1.0021584707791733,1.002519789726223,1.0010792353895868,1.0009533317454102,1.0012090928432769
filament,1.1578947368421053,0.12390249244269225,0.0735093787281164,1.0014701875745622,1.0022052813618436,1.0025744710753672,1.0011026406809218,1.0009740065745119,1.001235314342795
filament,1.1654135338345863,0.12656471815890669,0.07508883491640456,1.001501776698328,1.002252665047492,1.0026298233971558,1.001126332523746,1.0009949345259945,1.0012618568727003
filament,1.1729323308270676,0.12925861460292745,0.07668708084393859,1.0015337416168786,1.0023006124253182,1.0026858357527328,1.0011503062126592,1.00101611144339,1.0012887151614214
filament,1.1804511278195489,0.13198362071264877,0.07830378364149196,1.0015660756728297,1.0023491135092448,1.0027424965306064,1.0011745567546226,1.0010375329161474,1.00131588361514
filament,1.18796992481203,0.1347391437827821,0.07993859166644093,1.0015987718333288,1.0023981577499932,1.0027997934606236,1.0011990788749967,1.0010591942849674,1.001343356324553
filament,1.1954887218045112,0.1375245602504184,0.08159113496882617,1.0016318226993766,1.0024477340490647,1.002857713630174,1.0012238670245324,1.0010810906479766,1.001371127072706
filament,1.2030075187969924,0.1403392165872923,0.08326102582071887,1.0016652205164143,1.0024978307746215,1.0029162435026124,1.001248915387311,1.0011032168677407,1.0013991893438874
filament,1.2105263157894737,0.14318243029767577,0.08494785930825523,1.0016989571861652,1.0025484357792476,1.0029753689378818,1.001274217889624,1.0011255675791109,1.0014275363335792
filament,1.218045112781955,0.14605349102023693,0.08665121398535167,1.0017330242797071,1.0025995364195606,1.0030350752152963,1.0012997682097802,1.0011481371978852,1.0014561609594417
filament,1.225563909774436,0.14895166173161042,0.08837065258776416,1.0017674130517553,1.0026511195776329,1.0030953470584458,1.0013255597888164,1.0011709199302683,1.0014850558733135
filament,1.2330827067669172,0.15187618004883296,0.09010572280580242,1.001802114456116,1.002703171684174,1.0031561686621564,1.0013515858420872,1.0011939097831122,1.0015142134741963
filament,1.2406015037593985,0.1548262596272023,0.0918559581136574,1.001837119162273,1.0027556787434098,1.0032175237214425,1.0013778393717048,1.0012171005749035,1.0015436259221924
filament,1.2481203007518795,0.1578010916495449,0.09362087865296015,1.0018724175730591,1.0028086263595888,1.0032793954623611,1.0014043131797943,1.001240485947471,1.0015732851533519
filament,1.2556390977443608,0.1607998464023026,0.09539999216784897,1.0019079998433569,1.0028619997650354,1.0033417666746818,1.0014309998825177,1.001264059378376,1.0016031828953875
filament,1.263157894736842,0.1638216749333029,0.0971927949884982,1.00194385589977,1.002915783849655,1.003404619746255,1.0014578919248276,1.0012878141939427,1.001633310684201
filament,1.2706766917293233,0.16686571078555018,0.0989987730597489,1.0019799754611949,1.0029699631917923,1.003467936698975,1.0014849815958964,1.0013117435828895,1.0016636598811715
filament,1.2781954887218046,0.16993107180087935,0.10081740301118801,1.0020163480602238,1.0030245220903358,1.0035316992261976,1.0015122610451679,1.0013358406105066,1.0016942216911353
filament,1.2857142857142856,0.17301686198684574,0.10264815326474422,1.0020529630652948,1.0030794445979423,1.0035958887314833,1.0015397222989713,1.0013600982333308,1.0017249871810012
filament,1.2932330827067668,0.17612217343979916,0.10449048517561756,1.0020898097035125,1.0031347145552685,1.0036604863685181,1.0015673572776345,1.0013845093142661,1.0017559472989217
filament,1.300751879699248,0.17924608831670308,0.10634385420212797,1.0021268770840424,1.0031903156260638,1.0037254730820535,1.001595157813032,1.0014090666380804,1.001787092893954
filament,1.3082706766917291,0.18238768084791784,0.10820771109986796,1.0021641542219974,1.0032462313329962,1.0037908296497116,1.001623115666498,1.001433762927231,1.001818414736126
filament,1.3157894736842104,0.18554601938287618,0.11008150313536907,1.0022016300627075,1.003302445094061,1.0038565367244825,1.0016512225470307,1.0014585908579443,1.0018499035368331
filament,1.3233082706766917,0.18872016846033166,0.11196467531434762,1.002239293506287,1.0033589402594305,1.003922574877741,1.0016794701297151,1.0014835430764912,1.0018815499694775
filament,1.330827067669173,0.1919091908946805,0.11385667161948598,1.0022771334323897,1.0034157001485846,1.0039889246426101,1.0017078500742924,1.0015086122155867,1.0019133446902695
filament,1.3383458646616542,0.19511214986971764,0.11575693625262501,1.0023151387250524,1.0034727080875787,1.0040555665574882,1.0017363540437894,1.00153379091085,1.0019452783591025
filament,1.3458646616541352,0.19832811103111428,0.1176649148761976,1.0023532982975238,1.003529947446286,1.0041224812095613,1.001764973723143,1.0015590718172533,1.0019773416604147
filament,1.3533834586466165,0.20155614456889215,0.11958005584872747,1.0023916011169745,1.003587401675462,1.0041896492781153,1.001793700837731,1.001584447625492,1.0020095253239523
filament,1.3609022556390977,0.2047953272811985,0.12150181144923429,1.0024300362289846,1.003645054343477,1.0042570515774722,1.0018225271717385,1.001609911078209,1.0020418201453443
filament,1.3684210526315788,0.20804474461079805,0.12342963908545165,1.002468592781709,1.0037028891725635,1.0043246690993692,1.0018514445862816,1.0016354549860027,1.0020742170064068
filament,1.37593984962406,0.2113034926458415,0.12536300248085155,1.002507260049617,1.0037608900744257,1.0043924830546023,1.0018804450372127,1.0016610722431558,1.0021067068950917
filament,1.3834586466165413,0.21457068007668983,0.1273013728355969,1.002546027456712,1.003819041185068,1.004460474913768,1.001909520592534,1.0016867558430178,1.0021392809249952
filament,1.3909774436090225,0.2178454301008342,0.12924422995670024,1.002584884599134,1.003877326898701,1.004528626446936,1.0019386634493506,1.00171249889298,1.0021719303543501
filament,1.3984962406015038,0.22112688226826854,0.13119106335285402,1.002623821267057,1.0039357319005857,1.0045969197620894,1.0019678659502926,1.001738294628982,1.0022046466044245
filament,1.4060150375939848,0.22441419426003734,0.13314137328961484,1.0026628274657923,1.0039942411986884,1.0046653373421877,1.0019971205993443,1.0017641364294925,1.0022374212772551
filament,1.413533834586466,0.2277065435930895,0.1350946718008658,1.0027018934360172,1.0040528401540258,1.0047338620807014,1.002026420077013,1.0017900178289119,1.0022702461726418
filament,1.4210526315789473,0.23100312924501923,0.13705048365274972,1.002741009673055,1.0041115145095825,1.004802477315491,1.0020557572547912,1.0018159325303448,1.00230311330435
filament,1.4285714285714284,0.23430317319276778,0.13900834725655636,1.0027801669451313,1.0041702504176966,1.0048711668609045,1.0020851252088483,1.0018418744176945,1.0023360149154488
filament,1.4360902255639096,0.2376059218598757,0.14096781552735416,1.0028193563105472,1.0042290344658207,1.0049399150379743,1.0021145172329105,1.001867837567041,1.0023689434927412
filament,1.443609022556391,0.2409106474674247,0.14292845668548246,1.0028585691337097,1.0042878537005644,1.0050087067026237,1.0021439268502823,1.0018938162572615,1.0024018917802333
filament,1.4511278195488722,0.24421664928438788,0.1448898549983646,1.0028977970999673,1.004346695649951,1.0050775272717813,1.0021733478249755,1.0019198049798577,1.0024348527916005
filament,1.4586466165413534,0.24752325477368783,0.1468516114604458,1.0029370322292088,1.0044055483438132,1.0051463627473336,1.0022027741719068,1.0019457984479663,1.0024678198216121
filament,1.4661654135338344,0.25082982063087544,0.1488133444094249,1.0029762668881885,1.004464400332283,1.005215199737847,1.0022322001661415,1.001971791604524,1.0025007864564897
filament,1.4736842105263157,0.254135733712953,0.15077469007731029,1.0030154938015463,1.0045232407023192,1.0052840254780082,1.0022616203511594,1.0019977796295687,1.0025337465831652
filament,1.481203007518797,0.25744041185547756,0.15273530307519426,1.0030547060615038,1.0045820590922558,1.0053528278457438,1.0022910295461278,1.0020237579466633,1.0025666943974287
filament,1.488721804511278,0.2607433045767078,0.1546948568110124,1.0030938971362202,1.0046408457043303,1.0054215953769912,1.0023204228521652,1.0020497222284301,1.0025996244109483
filament,1.4962406015037593,0.26404389366815023,0.15665304383990486,1.003133060876798,1.004699591315197,1.00549031727811,1.0023497956575986,1.002075668401194,1.002632531457158
filament,1.5037593984962405,0.2673416936714783,0.15860957614716537,1.0031721915229432,1.004758287284415,1.0055589834359262,1.0023791436422074,1.0021015926487324,1.0026654106960133
filament,1.5112781954887218,0.270636252242366,0.16056418536409744,1.003211283707282,1.004816925560923,1.0056275844254294,1.0024084627804615,1.0021274914151324,1.0026982576176173
filament,1.518796992481203,0.2739271504023571,0.16251662291744481,1.0032503324583488,1.0048754986875232,1.0056961115151355,1.0024377493437617,1.0021533614067741,1.0027310680447328
filament,1.526315789473684,0.27721400268042334,0.16446666011337527,1.0032893332022674,1.0049339998034013,1.0057645566701559,1.0024669999017006,1.0021791995934413,1.0027638381341935
filament,1.5338345864661653,0.2804964571463891,0.16641408815731132,1.0033282817631461,1.0049924226447193,1.0058329125530148,1.0024962113223597,1.0022050032085856,1.002796564377237
filament,1.5413533834586466,0.2837741953388856,0.16835871811118636,1.003367174362224,1.0050507615433355,1.00590117252227,1.0025253807716679,1.0022307697487582,1.002829243598787
filament,1.5488721804511276,0.28704693209095583,0.17030038078997897,1.0034060076157996,1.0051090114236996,1.0059693306290003,1.0025545057118497,1.0022564969722412,1.0028618729557137
filament,1.5563909774436089,0.2903144152568578,0.17223892659962947,1.0034447785319927,1.005167167797989,1.0060373816112378,1.0025835838989943,1.0022821828968982,1.0028944499341108
filament,1.5639097744360901,0.2935764253439917,0.17417422531866827,1.0034834845063734,1.00522522675956,1.0061053208864184,1.0026126133797801,1.0023078257972817,1.0029269723456262
filament,1.5714285714285714,0.29683277505424366,0.17610616582610253,1.0035221233165221,1.005283184974783,1.006173144541945,1.0026415924873915,1.0023334242010278,1.0029594383228873
filament,1.5789473684210527,0.30008330873933425,0.1780346557782828,1.0035606931155656,1.0053410396733486,1.0062408493239587,1.002670519836674,1.002358976884574,1.0029918463140726
filament,1.5864661654135337,0.303327901775045,0.17995962123764175,1.003599192424753,1.0053987886371294,1.006308432624416,1.0026993943185645,1.0023844828682396,1.0030241950766725
filament,1.593984962406015,0.3065664598594316,0.18188100625633533,1.0036376201251265,1.00545643018769,1.0063758924665789,1.002728215093845,1.0024099414107108,1.0030564836704912
filament,1.6015037593984962,0.3097989182403165,0.18379877241792603,1.0036759754483586,1.0055139631725376,1.0064432274890303,1.002756981586269,1.0024353520029656,1.0030887114499463
filament,1.6090225563909772,0.3130252408775257,0.1857128983403517,1.003714257966807,1.0055713869502105,1.0065104369283233,1.0027856934751054,1.0024607143616895,1.0031208780557155
filament,1.6165413533834585,0.3162454195454406,0.1876233791434836,1.0037524675828697,1.0056287013743044,1.0065775206003866,1.0028143506871523,1.002486028422221,1.0031529834057888
filament,1.6240601503759398,0.3194594728815258,0.18953022588463314,1.0037906045176928,1.005685906776539,1.006644478880797,1.0028429533882697,1.0025112943310694,1.0031850276859828
filament,1.631578947368421,0.3226674453865305,0.19143346496538727,1.0038286692993077,1.0057430039489617,1.006711312684043,1.0028715019744807,1.0025365124380594,1.0032170113399725
filament,1.6390977443609023,0.3258694063820812,0.19333313751316472,1.0038666627502633,1.0057999941253948,1.0067780234418942,1.0028999970626973,1.0025616832881328,1.0032489350588976
filament,1.6466165413533833,0.32906544893135153,0.19522929874086686,1.0039045859748175,1.005856878962226,1.0068446130809967,1.0029284394811129,1.0025868076128661,1.0032807997706032
filament,1.6541353383458646,0.3322556887284472,0.19712201728796697,1.0039424403457593,1.005913660518639,1.006911083999815,1.0029568302593195,1.0026118863217395,1.0033126066285656
filament,1.6616541353383458,0.3354402629620554,0.19901137454633197,1.0039802274909269,1.00597034123639,1.0069774390450268,1.002985170618195,1.0026369204932026,1.0033443570005631
filament,1.6691729323308269,0.3386193291588034,0.20089746397400496,1.0040179492794803,1.00602692391922,1.0070436814874955,1.00301346195961,1.0026619113655848,1.0033760524571445
filament,1.6766917293233081,0.34179306401162873,0.20278039040009654,1.0040556078080018,1.006083411712003,1.0071098149979225,1.0030417058560015,1.0026868603278813,1.0034076947599477
filament,1.6842105263157894,0.34496166219830593,0.20466026932383496,1.0040932053864766,1.006139808079715,1.0071758436222897,1.0030699040398576,1.002711768910469,1.00343928584992
filament,1.6917293233082706,0.348125335195098,0.20653722621072462,1.0041307445242145,1.0061961167863218,1.007241771757196,1.0030980583931608,1.0027366387757777,1.003470827835491
filament,1.699248120300752,0.3512843100902958,0.2084113957886378,1.0041682279157726,1.006252341873659,1.0073076041251856,1.0031261709368295,1.0027614717089657,1.003502322980743
filament,1.706766917293233,0.3544388284021998,0.210282921346542,1.0042056584269308,1.0063084876403965,1.0073733457501641,1.0031542438201981,1.0027862696086256,1.003533773693626
filament,1.7142857142857142,0.3575891449058652,0.21215195403842654,1.0042430390807686,1.0063645586211527,1.0074390019329933,1.0031822793105762,1.0028110344775631,1.0035651825142606
filament,1.7218045112781954,0.36073552647269086,0.21401865219484928,1.004280373043897,1.0064205595658455,1.007504578227348,1.0032102797829225,1.0028357684136735,1.0035965521033687
filament,1.7293233082706765,0.3638782509266863,0.21588318064437756,1.0043176636128874,1.0064764954193313,1.0075700804159144,1.0032382477096655,1.002860473600952,1.0036278852308704
filament,1.7368421052631577,0.36701760592098515,0.21774571004704193,1.004354914200941,1.0065323713014114,1.00763551448701,1.0032661856507057,1.002885152300661,1.0036591847646823
filament,1.744360902255639,0.37015388783791503,0.21960641624176497,1.0043921283248352,1.006588192487253,1.0077008866116848,1.0032940962436265,1.0029098068426834,1.0036904536597517
filament,1.7518796992481203,0.3732874007156637,0.22146547960956922,1.0044293095921912,1.0066439643882872,1.0077662031213763,1.0033219821941435,1.0029344396170858,1.0037216949473553
filament,1.7593984962406015,0.3764184552043135,0.22332308445420934,1.0044664616890842,1.0066996925336262,1.007831470486172,1.0033498462668131,1.0029590530659114,1.003752911724691
filament,1.7669172932330826,0.37954736755374296,0.2251794184017098,1.0045035883680342,1.0067553825520512,1.0078966952937292,1.0033776912760257,1.0029836496752236,1.0037841071447862
filament,1.7744360902255638,0.38267445863562694,0.22703467182013357,1.0045406934364027,1.006811040154604,1.0079618842289073,1.0034055200773018,1.003008231967418,1.0038152844067487
filament,1.781954887218045,0.3858000530015034,0.2288890372607477,1.004577780745215,1.0068666711178225,1.0080270440541415,1.0034333355589113,1.0030328024938184,1.003846446746374
filament,1.789473684210526,0.3889244779786081,0.23074270892159665,1.004614854178432,1.006922281267648,1.0080921815906059,1.0034611406338239,1.0030573638275677,1.003877597427132
filament,1.7969924812030074,0.3920480628049294,0.23259588213434418,1.004651917642687,1.0069778764640303,1.0081573037001885,1.0034889382320151,1.0030819185568303,1.0039087397315427
filament,1.8045112781954886,0.3951711378046756,0.23444875287509093,1.0046889750575019,1.0070334625862527,1.0082224172683052,1.0035167312931264,1.003106469278309,1.0039398769529557
filament,1.8120300751879699,0.3982940336051172,0.23630151729973947,1.0047260303459946,1.0070890455189923,1.0082875291875741,1.0035445227594961,1.0031310185910884,1.0039710123877423
filament,1.8195488721804511,0.4014170803955216,0.2381543713043322,1.0047630874260867,1.00714463113913,1.0083526463423647,1.003572315569565,1.0031555690908112,1.0040021493279065
filament,1.8270676691729322,0.4045406072286809,0.24000751011065882,1.0048001502022132,1.0072002253033199,1.0084177755942323,1.0036001126516596,1.003180123364185,1.0040332910541223
filament,1.8345864661654134,0.4076649413653186,0.2418611278773031,1.0048372225575462,1.0072558338363191,1.0084829237682431,1.0036279169181594,1.0032046839838311,1.004064440829196
filament,1.8421052631578947,0.41079040766144814,0.24371541733617264,1.0048743083467233,1.0073114625200852,1.0085480976401944,1.0036557312600425,1.0032292535034655,1.0040956018919596
filament,1.8496240601503757,0.4139173279985822,0.24557056945445105,1.004911411389089,1.0073671170836336,1.008613303924724,1.0036835585418167,1.003253834453423,1.0041267774515876
filament,1.857142857142857,0.4170460207564866,0.24742677312179118,1.004948535462436,1.0074228031936536,1.0086785492643076,1.003711401596827,1.00327842933651,1.004157970682344
filament,1.8646616541353382,0.42017680032802407,0.24928421486247973,1.0049856842972498,1.0074785264458743,1.0087438402191273,1.0037392632229372,1.0033030406241923,1.0041891847187414
filament,1.8721804511278195,0.42330997667546266,0.2511430785722018,1.005022861571444,1.0075342923571662,1.008809183257809,1.003767146178583,1.0033276707531051,1.0042204226511202
filament,1.8796992481203008,0.42644585492748344,0.2530035452789525,1.0050600709055788,1.0075901063583685,1.0088745847490035,1.0037950531791842,1.0033523221218883,1.0042516875216294
filament,1.8872180451127818,0.4295847350159875,0.25486579292755984,1.0050973158585512,1.0076459737878267,1.0089400509537954,1.0038229868939135,1.0033769970883277,1.0042829823206056
filament,1.894736842105263,0.43272691135167923,0.2567299961872136,1.0051345999237442,1.0077018998856164,1.009005588018923,1.0038509499428083,1.0034016979668083,1.0043143099833391
filament,1.9022556390977443,0.43587267253729794,0.2585963262813302,1.0051719265256265,1.0077578897884398,1.0090712019707784,1.00387894489422,1.0034264270260564,1.004345673387214
filament,1.9097744360902253,0.43902230111726614,0.26046495083902316,1.0052092990167807,1.0078139485251707,1.0091368987101694,1.0039069742625855,1.0034511864871754,1.0043770753492134
filament,1.9172932330827066,0.44217607336244613,0.2623360337674024,1.0052467206753481,1.0078700810130221,1.009202684007811,1.0039350405065108,1.00347597852195,1.0044085186237721
filament,1.9248120300751879,0.44533425908860974,0.2642097351438753,1.0052841947028777,1.0079262920543164,1.0092685635005194,1.003963146027158,1.0035008052514225,1.0044400059009675
filament,1.9323308270676691,0.44849712150717913,0.2660862111275935,1.0053217242225518,1.0079825863338276,1.00933454268808,1.003991293166914,1.0035256687447163,1.0044715398050312
filament,1.9398496240601504,0.4516649171067268,0.2679656138891491,1.0053593122777829,1.0080389684166746,1.0094006269307547,1.0040194842083372,1.0035505710181076,1.0045031228931678
filament,1.9473684210526314,0.4548378955636966,0.2698480915576062,1.005396961831152,1.0080954427467281,1.0094668214473994,1.004047721373364,1.003575514034321,1.0045347576546646
filament,1.9548872180451127,0.45801629968076696,0.2717337881839335,1.0054346757636787,1.008152013645518,1.0095331313141576,1.004076006822759,1.003600499702046,1.0045664465102768
filament,1.962406015037594,0.46120036535125664,0.2736228437198863,1.0054724568743978,1.0082086853115964,1.009599561463698,1.0041043426557983,1.0036255298756576,1.0045981918118734
filament,1.969924812030075,0.46439032154796533,0.27551539401138603,1.0055103078802277,1.0082654618203415,1.0096661166849592,1.0041327309101706,1.0036506063551274,1.004629995842325
filament,1.9774436090225562,0.4675863903348299,0.27741157080543566,1.0055482314161088,1.0083223471241631,1.0097328016233744,1.0041611735620815,1.0036757308861166,1.0046618608156208
filament,1.9849624060150375,0.47078878689978804,0.27931150176961705,1.0055862300353922,1.0083793450530885,1.009799620781535,1.0041896725265442,1.003700905160233,1.0046937888771958
filament,1.9924812030075187,0.47399771960724674,0.28121531052322,1.0056243062104644,1.0084364593156967,1.0098665785202645,1.0042182296578481,1.0037261308154446,1.0047257821044542
filament,2.0,0.4772133900685787,0.2831231166790663,1.0056624623335815,1.008493693500372,1.0099336790600697,1.0042468467501862,1.0037514094366333,1.0047578425074717
filament,2.007518796992481,0.48043599322908803,0.2850350358951053,1.0057007007179022,1.0085510510768534,1.010000926482936,1.0042755255384266,1.0037767425562785,1.0047899720298632
filament,2.015037593984962,0.48366571746992276,0.2869511799348768,1.0057390235986974,1.0086085353980465,1.0100683247344313,1.0043042676990233,1.0038021316552581,1.0048221725497988
filament,2.0225563909774436,0.48690274472344836,0.28887165673596055,1.0057774331347191,1.0086661497020788,1.0101358776260976,1.0043330748510395,1.0038275781637556,1.0048544458811537
filament,2.0300751879699246,0.4901472506006345,0.2907965704855527,1.005815931409711,1.0087238971145664,1.0102035888380867,1.0043619485572832,1.0038530834622619,1.0048867937747783
filament,2.037593984962406,0.4933994045290645,0.2927260217023446,1.005854520434047,1.0087817806510702,1.010271461922024,1.0043908903255352,1.0038786488826594,1.0049192179198747
filament,2.045112781954887,0.4966593699002081,0.29466010732389714,1.005893202146478,1.008839803219717,1.010339500304062,1.0044199016098585,1.003904275709381,1.0049517199454643
filament,2.052631578947368,0.4999273042246772,0.2965989207987521,1.005931978415975,1.0088979676239624,1.0104077072881024,1.0044489838119812,1.0039299651806284,1.0049843014219364
filament,2.0601503759398496,0.5032033592942171,0.2985425521825385,1.0059708510436507,1.008956276565476,1.010476086059161,1.0044781382827381,1.0039557184896482,1.005016963862662
filament,2.0676691729323307,0.5064876813492608,0.30049108823738,1.0060098217647477,1.0090147326471213,1.0105446396868463,1.0045073663235606,1.003981536786047,1.0050497087256667
filament,2.075187969924812,0.5097804112509294,0.3024446125339401,1.0060488922506787,1.0090733383760182,1.0106133711289322,1.004536669188009,1.0040074211771441,1.0050825374153427
filament,2.082706766917293,0.5130816846564227,0.30440320555547845,1.0060880641111094,1.0091320961666643,1.0106822832350062,1.004566048083332,1.0040333727293511,1.0051154512841993
filament,2.090225563909774,0.5163916321968122,0.30636694480333276,1.0061273388960665,1.0091910083441,1.0107513787501607,1.00459550417205,1.0040593924695687,1.0051484516346358
filament,2.0977443609022557,0.5197103796563082,0.30833590490327506,1.0061667180980656,1.0092500771470982,1.0108206603187233,1.0046250385735491,1.0040854813865947,1.0051815397207269
filament,2.1052631578947367,0.52303804815214,0.31031015771223175,1.0062062031542447,1.0093093047313668,1.010890130487996,1.0046546523656834,1.0041116404325416,1.0052147167500176
filament,2.1127819548872178,0.5263747543142518,0.31228977242489436,1.0062457954484978,1.0093686931727468,1.0109597917119928,1.0046843465863733,1.0041378705242456,1.0052479838853148
filament,2.1203007518796992,0.5297206104640817,0.3142748156797861,1.0062854963135957,1.0094282444703935,1.0110296463551582,1.0047141222351967,1.0041641725446735,1.0052813422464688
filament,2.1278195488721803,0.5330757247917479,0.316265351664384,1.0063253070332876,1.0094879605499316,1.0110996966960537,1.0047439802749658,1.004190547344316,1.0053147929121413
filament,2.1353383458646613,0.5364402015310413,0.3182614422189388,1.0063652288443787,1.009547843266568,1.011169944931,1.0047739216332843,1.0042169957425626,1.0053483369215483
filament,2.142857142857143,0.5398141411316667,0.32026314693866326,1.0064052629387734,1.00960789440816,1.011240393177659,1.00480394720408,1.0042435185290557,1.0053819752761788
filament,2.150375939849624,0.5431976404282463,0.3222705232739991,1.0064454104654799,1.0096681156982201,1.0113110434785537,1.00483405784911,1.0042701164650192,1.0054157089414788
filament,2.1578947368421053,0.5465907928056538,0.324283626628707,1.0064856725325741,1.0097285087988612,1.0113818978045075,1.0048642543994306,1.004296790284559,1.0054495388485005
filament,2.1654135338345863,0.5499936883602933,0.32630251045555103,1.0065260502091111,1.0097890753136665,1.0114529580580034,1.0048945376568332,1.0043235406959288,1.0054834658955099
filament,2.1729323308270674,0.5534064140570036,0.32832722634938744,1.0065665445269878,1.0098498167904817,1.011524226076449,1.004924908395241,1.004350368382766,1.005517490949551
filament,2.180451127819549,0.5568290538813043,0.3303578241374894,1.00660715648275,1.0099107347241245,1.011595703635348,1.0049553673620624,1.004377274005287,1.0055516148479635
filament,2.18796992481203,0.5602616889867577,0.3323943519669752,1.0066478870393396,1.0099718305590093,1.0116673924513673,1.0049859152795046,1.0044042582014454,1.0055858383998528
filament,2.1954887218045114,0.5637043978372605,0.33443685638922716,1.0066887371277846,1.010033105691677,1.0117392941853014,1.0050165528458384,1.004431321588052,1.0056201623875083
filament,2.2030075187969924,0.5671572563441217,0.3364853824412181,1.0067297076488244,1.0100945614732364,1.0118114104449258,1.0050472807366184,1.0044584647618515,1.0056545875677696
filament,2.2105263157894735,0.5706203379978252,0.33853997372368344,1.0067707994744737,1.0101561992117103,1.0118837427877434,1.0050780996058553,1.0044856883005575,1.0056891146733409
filament,2.218045112781955,0.5740937139944051,0.34060067247609827,1.006812013449522,1.0102180201742832,1.0119562927236145,1.0051090100871416,1.0045129927638472,1.0057237444140499
filament,2.225563909774436,0.5775774533564062,0.34266751964844094,1.0068533503929686,1.0102800255894533,1.0120290617172787,1.0051400127947265,1.0045403786943123,1.0057584774780552
filament,2.233082706766917,0.581071623048424,0.3447405549697411,1.006894811099395,1.0103422166490923,1.0121020511907608,1.005171108324546,1.004567846618366,1.0057933145329976
filament,2.2406015037593985,0.58457628808725,0.34681981701342784,1.0069363963402687,1.010404594510403,1.0121752625256655,1.0052022972552015,1.0045953970471104,1.0058282562270975
filament,2.2481203007518795,0.5880915116466752,0.34890534325950623,1.00697810686519,1.010467160297785,1.0122486970653617,1.0052335801488925,1.0046230304771588,1.0058633031902011
filament,2.2556390977443606,0.5916173551570258,0.3509971701536127,1.0070199434030722,1.0105299151046083,1.0123223561170551,1.0052649575523043,1.0046507473914201,1.005898456034772
filament,2.263157894736842,0.5951538783995289,0.35309533316299835,1.00706190666326,1.01059285999489,1.0123962409537561,1.005296429997445,1.0046785482598384,1.0059337153568322
filament,2.270676691729323,0.5987011395956114,0.35519986682951027,1.0071039973365903,1.0106559960048853,1.0124703528161403,1.0053279980024425,1.004706433540097,1.0059690817368523
filament,2.2781954887218046,0.6022591954912776,0.35731080481965033,1.0071462160963929,1.0107193241445895,1.0125446929143058,1.0053596620722947,1.0047344036782802,1.006004555740593
filament,2.2857142857142856,0.6058281014366914,0.359428179971791,1.0071885635994358,1.0107828453991539,1.0126192624294335,1.005391422699577,1.0047624591094995,1.006040137919898
filament,2.2932330827067666,0.6094079114611277,0.3615520243406418,1.0072310404868128,1.0108465607302193,1.0126940625153475,1.0054232803651098,1.0047906002584834,1.0060758288134426
filament,2.300751879699248,0.6129986783434498,0.3636823692390633,1.0072736473847812,1.010910471077172,1.012769094299985,1.005455235538586,1.0048188275401304,1.0061116289474343
filament,2.308270676691729,0.6166004536782849,0.36581924527732734,1.0073163849055466,1.0109745773583199,1.0128443588867757,1.00548728867916,1.0048471413600293,1.0061475388362744
filament,2.3157894736842106,0.6202132879380761,0.36796268239993196,1.0073592536479985,1.0110388804719979,1.0129198573559348,1.005519440235999,1.0048755421149478,1.0061835589831762
filament,2.3233082706766917,0.623837230531185,0.37011270992007256,1.0074022541984013,1.0111033812976022,1.012995590765674,1.0055516906488011,1.0049040301932886,1.0062196898807432
filament,2.3308270676691727,0.6274723298562354,0.372269356551883,1.0074453871310376,1.0111680806965564,1.0130715601533347,1.0055840403482783,1.004932605975517,1.006255932011512
filament,2.338345864661654,0.6311186333528721,0.37443265044055035,1.007488653008811,1.0112329795132164,1.013147766536446,1.0056164897566084,1.0049612698345596,1.006292285848459
filament,2.345864661654135,0.6347761875491266,0.37660261919041566,1.0075320523838085,1.0112980785757124,1.0132242109137113,1.005649039287856,1.0049900221361763,1.0063287518554707
filament,2.3533834586466162,0.6384450381055662,0.378779289891168,1.0075755857978232,1.011363378696735,1.0133008942659305,1.0056816893483673,1.0050188632393084,1.0063653304877855
filament,2.3609022556390977,0.6421252298564111,0.3809626891422369,1.0076192537828448,1.011428880674267,1.013377817556856,1.0057144403371334,1.005047793496401,1.0064020221924028
filament,2.3684210526315788,0.6458168068477886,0.3831528430754896,1.0076630568615097,1.0114945852922648,1.0134549817339888,1.0057472926461324,1.0050768132537042,1.006438827408465
filament,2.37593984962406,0.6495198123733081,0.3853497773763361,1.0077069955475266,1.0115604933212903,1.0135323877293227,1.0057802466606451,1.0051059228515518,1.0064757465676113
filament,2.3834586466165413,0.653234289007114,0.3875535173033392,1.0077510703460668,1.0116266055191003,1.0136100364600318,1.0058133027595502,1.0051351226246221,1.0065127800943086
filament,2.3909774436090223,0.6569602786345847,0.3897640877064282,1.0077952817541287,1.0116929226311928,1.0136879288291112,1.0058464613155964,1.0051644129021795,1.0065499284061559
filament,2.398496240601504,0.6606978224808383,0.3919815130438102,1.0078396302608763,1.0117594453913141,1.0137660657259697,1.005879722695657,1.005193794008298,1.0065871919141698
filament,2.406015037593985,0.6644469611371879,0.3942058173976656,1.0078841163479535,1.01182617452193,1.0138444480269841,1.005913087260965,1.0052232662620684,1.006624571023048
filament,2.413533834586466,0.6682077345856968,0.39643702448871704,1.0079287404897743,1.0118931107346616,1.0139230765960086,1.0059465553673308,1.0052528299777923,1.006662066131414
filament,2.4210526315789473,0.6719801822219738,0.39867515768975287,1.007973503153795,1.0119602547306925,1.0140019522848505,1.0059801273653464,1.0052824854651623,1.0066996776320438
filament,2.4285714285714284,0.6757643428763316,0.40092024003818005,1.0080184048007637,1.0120276072011454,1.014081075933712,1.0060138036005728,1.005312233029426,1.0067374059120775
filament,2.43609022556391,0.679560254833445,0.4031722942476875,1.0080634458849538,1.0120951688274304,1.0141604483715994,1.0060475844137153,1.0053420729715419,1.0067752513532158
filament,2.443609022556391,0.6833679558506155,0.405431342719082,1.0081086268543817,1.0121629402815724,1.0142400704167038,1.0060814701407863,1.0053720055883226,1.0068132143319004
filament,2.451127819548872,0.687187483174762,0.40769740755036804,1.0081539481510071,1.0122309222265111,1.0143199428767555,1.0061154611132557,1.0054020311725698,1.0068512952194855
filament,2.4586466165413534,0.6910188735582364,0.4099705105461318,1.0081994102109226,1.0122991153163838,1.014400066549353,1.006149557658192,1.0054321500131955,1.0068894943823938
filament,2.4661654135338344,0.6948621632735654,0.4122506732262866,1.0082450134645258,1.0123675201967888,1.0144804422222715,1.0061837600983943,1.0054623623953414,1.006927812182264
filament,2.4736842105263155,0.6987173881272081,0.41453791683423546,1.0082907583366847,1.012436137505027,1.0145610706737471,1.0062180687525135,1.005492668600484,1.006966248976089
filament,2.481203007518797,0.7025845834724176,0.41683226234450105,1.00833664524689,1.012504967870335,1.014641952672748,1.0062524839351674,1.0055230689065384,1.007004805116342
filament,2.488721804511278,0.706463784221278,0.41913373046986796,1.0083826746093973,1.0125740119140962,1.0147230889792231,1.0062870059570481,1.005553563587951,1.0070434809510986
filament,2.496240601503759,0.7103550248560028,0.42144234166808514,1.0084288468333615,1.0126432702500425,1.014804480344338,1.0063216351250213,1.0055841529157883,1.0070822768241483
filament,2.5037593984962405,0.7142583394395489,0.4237581161481634,1.0084751623229633,1.0127127434844447,1.0148861275106957,1.0063563717422224,1.0056148371578226,1.0071211930751005
filament,2.5112781954887216,0.7181737616256177,0.4260810738763086,1.008521621477526,1.0127824322162893,1.0149680312125464,1.0063912161081447,1.0056456165786078,1.0071602300394844
filament,2.518796992481203,0.7221013246680983,0.4284112345815244,1.0085682246916305,1.0128523370374456,1.0150501921759825,1.0064261685187228,1.005676491439555,1.0071993880488428
filament,2.526315789473684,0.7260410614300015,0.43074861776091256,1.0086149723552182,1.0129224585328276,1.015132611119125,1.0064612292664137,1.005707461999003,1.007238667430822
filament,2.533834586466165,0.7299930043919406,0.43309324268470467,1.0086618648536942,1.012992797280541,1.0152152887523016,1.0064963986402706,1.005738528512284,1.0072780685092548
filament,2.5413533834586466,0.7339571856601943,0.43544512840104527,1.008708902568021,1.0130633538520313,1.0152982257782128,1.0065316769260155,1.0057696912317882,1.0073175916042434
filament,2.5488721804511276,0.7379336369743955,0.4378042937405539,1.008756085874811,1.0131341288122166,1.0153814228920928,1.0065670644061084,1.0058009504070227,1.0073572370322328
filament,2.556390977443609,0.741922389714885,0.44017075732068783,1.0088034151464138,1.0132051227196206,1.0154648807818625,1.0066025613598104,1.0058323062846708,1.0073970051060872
filament,2.56390977443609,0.7459234749097536,0.4425445375499201,1.0088508907509985,1.0132763361264976,1.015548600128277,1.0066381680632488,1.0058637591086468,1.007436896135158
filament,2.571428571428571,0.7499369232416151,0.44492565263175743,1.008898513052635,1.0133477695789528,1.015632581605065,1.0066738847894763,1.0058953091201488,1.0074769104253523
filament,2.5789473684210527,0.7539627650541229,0.447314120568607,1.0089462824113722,1.0134194236170582,1.015716825879066,1.006709711808529,1.0059269565577105,1.0075170482791982
filament,2.5864661654135337,0.7580010303582639,0.4497099591655103,1.0089941991833102,1.0134912987749654,1.0158013336103606,1.0067456493874827,1.0059587016572504,1.007557309995907
filament,2.5939849624060147,0.7620517488384472,0.45211318603375505,1.009042263720675,1.0135633955810128,1.0158861054523978,1.0067816977905064,1.0059905446521202,1.0075976958714332
filament,2.601503759398496,0.7661149498584059,0.45452381859437735,1.0090904763718875,1.0136357145578314,1.0159711420521165,1.0068178572789157,1.0060224857731501,1.0076382061985354
filament,2.6090225563909772,0.7701906624669291,0.4569418740815619,1.0091388374816312,1.0137082562224469,1.0160564440500668,1.0068541281112233,1.0060545252486945,1.007678841266831
filament,2.6165413533834583,0.7742789154034418,0.4593673695459526,1.009187347390919,1.0137810210863785,1.0161420120805253,1.0068905105431891,1.0060866633046766,1.007719601362854
filament,2.6240601503759398,0.778379737103442,0.4618003218578781,1.0092360064371575,1.0138540096557365,1.0162278467716082,1.006927004827868,1.0061189001646296,1.0077604867701075
filament,2.631578947368421,0.7824931557038074,0.4642407477105009,1.00928481495421,1.0139272224313152,1.0163139487453818,1.0069636112156575,1.0061512360497396,1.0078014977691179
filament,2.6390977443609023,0.7866191990479866,0.46668866362289607,1.0093337732724579,1.0140006599086868,1.016400318617971,1.0070003299543433,1.0061836711788863,1.0078426346374856
filament,2.6466165413533833,0.7907578946910745,0.46914408594306345,1.009382881718861,1.0140743225782918,1.0164869569996648,1.007037161289146,1.0062162057686819,1.0078838976499367
filament,2.6541353383458643,0.7949092699047925,0.4716070308508816,1.0094321406170177,1.0141482109255264,1.0165738644950197,1.0070741054627632,1.0062488400335114,1.0079252870783715
filament,2.661654135338346,0.7990733516823647,0.4740775143610013,1.00948155028722,1.01422232543083,1.016661041702962,1.007111162715415,1.0062815741855708,1.0079668031919133
filament,2.669172932330827,0.8032501667433125,0.4765555523256898,1.0095311110465137,1.0142966665697708,1.0167484892168868,1.0071483332848854,1.006314408434904,1.0080084462569583
filament,2.6766917293233083,0.8074397415381592,0.47904116043762185,1.0095808232087524,1.0143712348131286,1.0168362076247575,1.0071856174065643,1.006347342989441,1.0080502165372187
filament,2.6842105263157894,0.8116421022530568,0.48153435423262514,1.0096306870846525,1.0144460306269787,1.0169241975091992,1.0072230153134893,1.0063803780550322,1.0080921142937718
filament,2.6917293233082704,0.8158572748143375,0.4840351490923804,1.0096807029818478,1.0145210544727716,1.0170124594475978,1.0072605272363857,1.0064135138354873,1.0081341397851051
filament,2.699248120300752,0.8200852848929904,0.4865435602470772,1.0097308712049418,1.0145963068074124,1.0171009940121896,1.0072981534037062,1.006446750532607,1.0081762932671592
filament,2.706766917293233,0.8243261579090683,0.48905960277802873,1.0097811920555606,1.014671788083341,1.017189801770155,1.0073358940416703,1.0064800883462206,1.0082185749933734
filament,2.714285714285714,0.8285799190360296,0.4915832916202477,1.0098316658324051,1.0147474987486074,1.0172788832837083,1.0073737493743038,1.0065135274742187,1.0082609852147286
filament,2.7218045112781954,0.8328465932050115,0.49411464156498136,1.0098822928312996,1.0148234392469495,1.0173682391101873,1.0074117196234746,1.0065470681125865,1.0083035241797895
filament,2.7293233082706765,0.8371262051090407,0.49665366726220966,1.0099330733452443,1.0148996100178664,1.0174578698021406,1.007449805008933,1.0065807104554376,1.0083461921347467
filament,2.7368421052631575,0.8414187792071819,0.49920038322310695,1.0099840076644624,1.0149760114966933,1.0175477759074143,1.0074880057483466,1.006614454695047,1.0083889893234588
filament,2.744360902255639,0.8457243397286258,0.5017548038224668,1.0100350960764493,1.0150526441146739,1.017637957969237,1.007526322057337,1.0066483010218814,1.0084319159874915
filament,2.75187969924812,0.850042910676716,0.5043169433010913,1.0100863388660217,1.0151295082990328,1.0177284165263043,1.0075647541495163,1.0066822496246335,1.0084749723661597
filament,2.7593984962406015,0.854374515832918,0.506886815768146,1.010137736315363,1.0152066044730443,1.0178191521128612,1.007603302236522,1.006716300690251,1.008518158696566
filament,2.7669172932330826,0.8587191787607299,0.5094644352034794,1.0101892887040695,1.0152839330561043,1.0179101652587834,1.007641966528052,1.0067504544039683,1.0085614752136394
filament,2.7744360902255636,0.863076922809535,0.5120498154599095,1.0102409963091983,1.0153614944637972,1.0180014564896582,1.0076807472318985,1.0067847109493362,1.0086049221501747
filament,2.781954887218045,0.8674477711183994,0.5146429702654762,1.0102928594053096,1.0154392891079642,1.0180930263268637,1.007719644553982,1.0068190705082531,1.0086484997368694
filament,2.789473684210526,0.8718317466198109,0.5172439132256599,1.010344878264513,1.0155173173967698,1.018184875287646,1.0077586586983849,1.0068535332609927,1.0086922082023617
filament,2.7969924812030076,0.876228872043364,0.5198526578255678,1.0103970531565114,1.0155955797347669,1.0182770038851967,1.0077977898673836,1.0068880993862341,1.0087360477732672
filament,2.8045112781954886,0.8806391699193885,0.5224692174320861,1.0104493843486415,1.0156740765229626,1.0183694126287295,1.0078370382614812,1.00692276906109,1.008780018674214
filament,2.8120300751879697,0.885062662582526,0.5250936052960027,1.0105018721059202,1.01575280815888,1.0184621020235525,1.0078764040794401,1.0069575424611341,1.0088241211278797
filament,2.819548872180451,0.8894993721752471,0.5277258345540933,1.0105545166910819,1.0158317750366228,1.0185550725711443,1.0079158875183114,1.0069924197604307,1.008868355355026
filament,2.827067669172932,0.8939493206513188,0.5303659182311788,1.0106073183646236,1.0159109775469355,1.0186483247692248,1.0079554887734676,1.0070274011315596,1.008912721574533
filament,2.834586466165413,0.8984125297792163,0.5330138692421493,1.010660277384843,1.0159904160772646,1.018741859111826,1.0079952080386323,1.0070624867456446,1.0089572200034338
filament,2.8421052631578947,0.9028890211454828,0.5356697003939579,1.0107133940078792,1.0160700910118186,1.0188356760893638,1.0080350455059095,1.0070976767723787,1.0090018508569472
filament,2.8496240601503757,0.9073788161580337,0.5383334243875803,1.0107666684877517,1.0161500027316275,1.0189297761887055,1.0080750013658137,1.0071329713800514,1.009046614348511
filament,2.8571428571428568,0.9118819360494123,0.5410050538199467,1.010820101076399,1.0162301516145984,1.019024159893239,1.0081150758072992,1.0071683707355732,1.009091510689815
filament,2.8646616541353382,0.91639840187999,0.5436846011858409,1.0108736920237167,1.0163105380355753,1.0191188276829384,1.0081552690177875,1.0072038750045011,1.0091365400908325
filament,2.8721804511278193,0.920928234541116,0.546372078879768,1.0109274415775953,1.0163911623663933,1.0192137800344305,1.0081955811831964,1.007239484351064,1.009181702759851
filament,2.8796992481203008,0.9254714547582166,0.5490674991977939,1.010981349983956,1.0164720249759338,1.0193090174210602,1.008236012487967,1.0072751989381854,1.009226998903504
filament,2.887218045112782,0.9300280830938402,0.5517708743393516,1.011035417486787,1.0165531262301806,1.0194045403129521,1.0082765631150903,1.0073110189275094,1.0092724287268016
filament,2.894736842105263,0.9345981399506575,0.5544822164090214,1.0110896443281805,1.0166344664922706,1.0195003491770758,1.0083172332461354,1.0073469444794227,1.009317992433159
filament,2.9022556390977443,0.9391816455744076,0.5572015374182782,1.0111440307483655,1.0167160461225484,1.0195964444773054,1.0083580230612743,1.0073829757530783,1.0093636902244274
filament,2.9097744360902253,0.943778620056794,0.5599288492872103,1.0111985769857441,1.0167978654786163,1.0196928266744807,1.0083989327393081,1.0074191129064192,1.0094095223009225
filament,2.917293233082707,0.9483890833383334,0.5626641638462092,1.011253283276924,1.0168799249153861,1.0197894962264678,1.0084399624576932,1.0074553560961987,1.009455488861452
filament,2.924812030075188,0.9530130552111565,0.5654074928376315,1.0113081498567527,1.0169622247851289,1.0198864535882155,1.0084811123925645,1.0074917054780048,1.0095015901033444
filament,2.932330827067669,0.9576505553217596,0.5681588479174309,1.0113631769583487,1.017044765437523,1.019983699211815,1.0085223827187615,1.0075281612062792,1.0095478262224766
filament,2.9398496240601504,0.9623016031737075,0.5709182406567623,1.0114183648131354,1.017127547219703,1.0200812335465546,1.0085637736098516,1.0075647234343414,1.0095941974132998
filament,2.9473684210526314,0.9669662181302903,0.5736856825435578,1.0114737136508711,1.0172105704763068,1.0201790570389775,1.0086052852381535,1.0076013923144076,1.0096407038688673
filament,2.9548872180451125,0.9716444194171354,0.5764611849840767,1.0115292236996813,1.0172938355495225,1.0202771701329338,1.0086469177747612,1.0076381679976116,1.0096873457808593
filament,2.962406015037594,0.9763362261247712,0.5792447593044258,1.0115848951860886,1.0173773427791326,1.0203755732696358,1.0086886713895664,1.007675050634026,1.0097341233396098
filament,2.969924812030075,0.9810416572111441,0.5820364167520531,1.011640728335041,1.0174610925025616,1.020474266887711,1.0087305462512808,1.0077120403726798,1.0097810367341302
filament,2.977443609022556,0.9857607315040959,0.584836168497218,1.0116967233699443,1.0175450850549166,1.0205732514232522,1.008772542527458,1.0077491373615808,1.0098280861521354
filament,2.9849624060150375,0.9904934677037895,0.5876440256344299,1.0117528805126885,1.017629320769033,1.02067252730987,1.0088146603845165,1.0077863417477322,1.0098752717800665
filament,2.9924812030075185,0.9952398843850966,0.5904599991838645,1.0118091999836774,1.017713799975516,1.0207720949787424,1.008856899987758,1.0078236536771519,1.0099225938031164
filament,3.0,0.9999999999999406,0.5932841000927548,1.011865682001855,1.0177985230027826,1.0208719548586633,1.0088992615013912,1.0078610732948925,1.0099700524052513
cluster,0.0,0.0,0.0,1.0,1.0,1.0,1.0,1.0,1.0
cluster,0.007518796992481203,4.6193112606928234e-05,7.4211906161995254e-06,1.0000001484238124,1.0000002226357185,1.000000259741689,1.0000001113178592,1.000000084445278,1.000000139189519
cluster,0.015037593984962405,9.394875189400146e-05,1.5093410177664675e-05,1.0000003018682035,1.0000004528023052,1.0000005282694286,1.0000002264011527,1.0000001717469993,1.000000283087258
cluster,0.022556390977443608,0.00014331720028058675,2.3024736845785917e-05,1.0000004604947368,1.0000006907421053,1.0000008058659584,1.0000003453710526,1.0000002619970845,1.0000004318447286
cluster,0.03007518796992481,0.00019435025005661472,3.12234913513894e-05,1.000000624469827,1.0000009367047404,1.0000010928225078,1.0000004683523702,1.0000003552902148,1.0000005856179919
cluster,0.03759398496240601,0.0002471012437865765,3.96982434858727e-05,1.0000007939648698,1.0000011909473046,1.0000013894390236,1.0000005954736524,1.0000004517239056,1.0000007445677797
cluster,0.045112781954887216,0.0003016251156251425,4.8457818738797815e-05,1.000000969156375,1.000001453734562,1.0000016960244031,1.000000726867281,1.0000005513985812,1.0000009088596202
cluster,0.05263157894736842,0.0003579784335592241,5.751130508432264e-05,1.0000011502261017,1.0000017253391524,1.0000020128967309,1.0000008626695762,1.0000006544176534,1.0000010786639653
cluster,0.06015037593984962,0.00041621944259134786,6.686805991885964e-05,1.0000013373611985,1.0000020060417976,1.0000023403835205,1.0000010030208988,1.0000007608875994,1.0000012541563186
cluster,0.06766917293233082,0.00047640810887906873,7.653771715232794e-05,1.000001530754343,1.0000022961315147,1.0000026788219647,1.0000011480657574,1.0000008709180426,1.000001435517371
cluster,0.07518796992481203,0.0005386061648450038,8.653019445534087e-05,1.000001730603889,1.0000025959058336,1.0000030285591892,1.0000012979529167,1.000000984621836,1.0000016229331352
cluster,0.08270676691729323,0.0006028771552719703,9.685570066465647e-05,1.0000019371140134,1.00000290567102,1.0000033899525091,1.00000145283551,1.0000011021151451,1.0000018165950848
cluster,0.09022556390977443,0.0006692864843974726,0.00010752474334917924,1.0000021504948668,1.0000032257423006,1.000003763369697,1.0000016128711502,1.000001223517535,1.0000020167002965
cluster,0.09774436090225563,0.0007379014640215104,0.0001185481365387574,1.0000023709627308,1.0000035564440963,1.000004149189252,1.000001778222048,1.0000013489520576,1.0000022234515953
cluster,0.10526315789473684,0.0008087913626414963,0.0001299370086179918,1.0000025987401724,1.0000038981102584,1.0000045478006754,1.0000019490551293,1.0000014785453426,1.0000024370577008
cluster,0.11278195488721804,0.0008820274556276322,0.00014170281038719992,1.000002834056208,1.0000042510843117,1.0000049596047544,1.0000021255421558,1.0000016124276874,1.0000026577333816
cluster,0.12030075187969924,0.0009576830764517324,0.00015385732329262284,1.0000030771464659,1.0000046157196987,1.0000053850138495,1.0000023078598494,1.0000017507331527,1.0000028856996062
cluster,0.12781954887218044,0.001035833668982076,0.00016641266782789523,1.0000033282533565,1.000004992380035,1.0000058244521883,1.0000024961900174,1.0000018935996569,1.0000031211837028
cluster,0.13533834586466165,0.0011165568408562912,0.00017938131210870815,1.000003587626242,1.0000053814393632,1.0000062783561654,1.0000026907196815,1.0000020411690738,1.0000033644195194
cluster,0.14285714285714285,0.0011999324179437461,0.00019277608062250688,1.0000038555216124,1.0000057832824187,1.00000674717465,1.0000028916412094,1.0000021935873327,1.0000036156475882
cluster,0.15037593984962405,0.001286042499908232,0.00020661016315495713,1.000004132203263,1.0000061983048945,1.0000072313692971,1.0000030991524473,1.0000023510045188,1.0000038751152929
cluster,0.15789473684210525,0.001374971516880974,0.00022089712389479217,1.0000044179424779,1.000006626913717,1.000007731414867,1.0000033134568584,1.0000025135749788,1.000004143077039
cluster,0.16541353383458646,0.001466806287253254,0.00023565091071853144,1.0000047130182144,1.0000070695273215,1.0000082477995498,1.0000035347636609,1.0000026814574245,1.0000044197944282
cluster,0.17293233082706766,0.0015616360765969021,0.0002508858646563985,1.000005017717293,1.0000075265759396,1.0000087810252969,1.00000376328797,1.0000028548150415,1.000004705536437
cluster,0.18045112781954886,0.0016595526577199817,0.000266616729540614,1.0000053323345908,1.0000079985018862,1.0000093316081589,1.000003999250943,1.0000030338155992,1.000005000579595
cluster,0.18796992481203006,0.0017606503718638382,0.0002828586618370551,1.0000056571732365,1.000008485759855,1.0000099000786296,1.0000042428799276,1.000003218631562,1.0000053052081732
cluster,0.19548872180451127,0.0018650261910464335,0.00029962724066107306,1.000005992544813,1.00000898881722,1.0000104869819975,1.00000449440861,1.0000034094402037,1.000005619714368
cluster,0.20300751879699247,0.001972779781555499,0.0003169384779780351,1.0000063387695597,1.0000095081543394,1.0000110928787007,1.0000047540771697,1.0000036064237237,1.0000059443984952
cluster,0.21052631578947367,0.0020840135685936336,0.00033480882898893297,1.0000066961765797,1.0000100442648696,1.000011718344693,1.0000050221324348,1.0000038097693642,1.000006279569183
cluster,0.21804511278195488,0.0021988328020756324,0.00035325520270110483,1.000007065104054,1.0000105976560811,1.0000123639718128,1.0000052988280406,1.0000040196695321,1.0000066255435716
cluster,0.22556390977443608,0.002317345623576824,0.0003722949726838719,1.0000074458994537,1.0000111688491806,1.000013030368159,1.0000055844245903,1.0000042363219201,1.0000069826475142
cluster,0.23308270676691728,0.0024396631344289353,0.0003919459880085336,1.0000078389197602,1.0000117583796404,1.0000137181584754,1.00000587918982,1.0000044599296323,1.0000073512157823
cluster,0.24060150375939848,0.0025658994649580694,0.0004122265843718487,1.0000082445316874,1.0000123667975311,1.000014427984539,1.0000061833987657,1.0000046907013085,1.0000077315922744
cluster,0.24812030075187969,0.00269617184485699,0.0004331555954017494,1.000008663111908,1.0000129946678622,1.0000151605055563,1.000006497333931,1.0000049288512558,1.0000081241302283
cluster,0.2556390977443609,0.002830600674681375,0.0004547523641436285,1.0000090950472829,1.0000136425709243,1.0000159163985658,1.000006821285462,1.000005174599578,1.0000085291924359
cluster,0.2631578947368421,0.0029693095984570286,0.0004770367547251072,1.0000095407350946,1.0000143111026416,1.000016696358845,1.000007155551321,1.0000054281723072,1.000008947151463
cluster,0.2706766917293233,0.0031124255773819884,0.000500029164196705,1.000010000583284,1.0000150008749258,1.0000175011003267,1.0000075004374631,1.0000056898015404,1.0000093783898698
cluster,0.2781954887218045,0.003260078964604412,0.0005237505345453395,1.0000104750106908,1.0000157125160363,1.0000183313560185,1.0000078562580181,1.000005959725575,1.0000098233004375
cluster,0.2857142857142857,0.0034124035810535174,0.0005482223648770057,1.0000109644472976,1.0000164466709462,1.0000191878784297,1.000008223335473,1.0000062381890487,1.000010282286397
cluster,0.2932330827067669,0.0035695367922973435,0.0005734667237644187,1.0000114693344753,1.000017204001713,1.0000200714400034,1.0000086020008563,1.0000065254430779,1.0000107557616593
cluster,0.3007518796992481,0.003731619586396846,0.0005995062617547255,1.0000119901252351,1.0000179851878528,1.0000209828335547,1.0000089925939264,1.0000068217454017,1.000011244151051
cluster,0.3082706766917293,0.003898796652721836,0.0006263642240317404,1.0000125272844806,1.0000187909267209,1.0000219228727134,1.0000093954633602,1.000007127360526,1.000011747890551
cluster,0.3157894736842105,0.004071216461689383,0.0006540644632263807,1.0000130812892645,1.0000196219338968,1.0000228923923742,1.0000098109669484,1.0000074425598682,1.000012267427533
cluster,0.3233082706766917,0.004249031345380576,0.0006826314523682162,1.0000136526290475,1.0000204789435712,1.000023892249148,1.0000102394717854,1.0000077676219055,1.0000128032210038
cluster,0.3308270676691729,0.004432397578986138,0.0007120902979701762,1.0000142418059594,1.0000213627089392,1.0000249233218212,1.0000106813544696,1.0000081028323233,1.0000133557418547
cluster,0.3383458646616541,0.004621475463025688,0.0007424667532375511,1.0000148493350647,1.0000222740025972,1.0000259865118186,1.0000111370012985,1.000008448484166,1.0000139254731037
cluster,0.3458646616541353,0.004816429406279472,0.000773787231391454,1.0000154757446278,1.0000232136169418,1.0000270827436692,1.0000116068084708,1.0000088048779878,1.0000145129101496
cluster,0.3533834586466165,0.005017428009364951,0.0008060788190958827,1.0000161215763819,1.0000241823645728,1.0000282129654763,1.0000120911822865,1.0000091723220064,1.0000151185610209
cluster,0.3609022556390977,0.005224644148883479,0.0008393692899763693,1.0000167873857997,1.0000251810786995,1.000029378149392,1.0000125905393498,1.000009551132256,1.0000157429466314
cluster,0.3684210526315789,0.005438255062055427,0.000873687118217104,1.0000174737423644,1.0000262106135465,1.0000305792920918,1.0000131053067731,1.0000099416327426,1.0000163866010334
cluster,0.37593984962406013,0.005658442431753747,0.0009090614922220665,1.0000181812298443,1.0000272718447667,1.000031817415254,1.0000136359223835,1.0000103441555994,1.0000170500716759
cluster,0.38345864661654133,0.005885392471838251,0.000945522328324473,1.0000189104465664,1.0000283656698497,1.0000330935660398,1.000014182834925,1.0000107590412428,1.0000177339196599
cluster,0.39097744360902253,0.006119296012683494,0.000983100284527325,1.0000196620056907,1.0000294930085358,1.000034408817574,1.000014746504268,1.000011186638528,1.0000184387199977
cluster,0.39849624060150374,0.006360348586784246,0.0010218267742564224,1.000020436535485,1.0000306548032276,1.000035764269427,1.000015327401614,1.0000116273049062,1.0000191650618693
cluster,0.40601503759398494,0.0066087505143125475,0.0010617339801055996,1.0000212346796022,1.0000318520194031,1.0000371610480967,1.0000159260097017,1.0000120814065818,1.0000199135488812
cluster,0.41353383458646614,0.006864706988489695,0.001102854867552229,1.000022057097351,1.0000330856460264,1.0000386003074875,1.0000165428230132,1.000012549318667,1.000020684799324
cluster,0.42105263157894735,0.007128428160625675,0.0011452231986192965,1.0000229044639724,1.0000343566959584,1.0000400832293905,1.0000171783479792,1.000013031425337,1.0000214794464273
cluster,0.42857142857142855,0.0074001292246668885,0.0011888735454584844,1.000023777470909,1.0000356662063639,1.0000416110239578,1.000017833103182,1.0000135281199871,1.0000222981386155
cluster,0.43609022556390975,0.007680030501080584,0.0012338413038266883,1.0000246768260765,1.000037015239115,1.0000431849301756,1.0000185076195574,1.000014039805383,1.0000231415397605
cluster,0.44360902255639095,0.007968357519891665,0.001280162706426362,1.0000256032541286,1.0000384048811928,1.0000448062163312,1.0000192024405965,1.0000145668938145,1.0000240103294311
cluster,0.45112781954887216,0.00826534110267392,0.0013278748360778811,1.0000265574967215,1.0000398362450824,1.0000464761804746,1.000019918122541,1.0000151098072447,1.0000249052031414
cluster,0.45864661654135336,0.008571217443283333,0.0013770156386898175,1.0000275403127739,1.0000413104691606,1.0000481961508723,1.0000206552345805,1.000015668977458,1.0000258268725926
cluster,0.46616541353383456,0.008886228187106465,0.0014276239359906503,1.0000285524787198,1.0000428287180796,1.000049967486454,1.0000214143590398,1.0000162448462044,1.000026776065913
cluster,0.47368421052631576,0.00921062050858116,0.001479739437982913,1.0000295947887596,1.0000443921831395,1.0000517915772495,1.0000221960915696,1.0000168378653413,1.0000277535278912
cluster,0.48120300751879697,0.009544647186730334,0.0015334027550781366,1.0000306680551014,1.0000460020826523,1.0000536698448126,1.000023001041326,1.0000174484969728,1.000028760020203
cluster,0.48872180451127817,0.00988856667843297,0.0015886554098682557,1.0000317731081974,1.000047659662296,1.0000556037426347,1.0000238298311481,1.0000180772135816,1.0000297963216331
cluster,0.49624060150375937,0.01024264318913843,0.0016455398484862744,1.0000329107969699,1.0000493661954546,1.0000575947565422,1.0000246830977273,1.0000187244981593,1.0000308632282882
cluster,0.5037593984962405,0.010607146740711889,0.0017040994515060248,1.00003408198903,1.000051122983545,1.0000596444050804,1.0000255614917726,1.0000193908443316,1.0000319615537996
cluster,0.5112781954887218,0.010982353236079639,0.0017643785443278114,1.0000352875708864,1.0000529313563298,1.0000617542398744,1.000026465678165,1.0000200767564738,1.0000330921295222
cluster,0.518796992481203,0.011368544520323105,0.0018264224069935153,1.0000365284481398,1.0000547926722099,1.000063925845977,1.0000273963361048,1.0000207827498249,1.000034255804713
cluster,0.5263157894736842,0.011766008437850202,0.0018902772833715058,1.0000378055456676,1.0000567083185012,1.000066160842188,1.0000283541592505,1.0000215093505915,1.000035453446708
cluster,0.5338345864661653,0.012175038885251429,0.001955990389648276,1.0000391198077931,1.0000586797116893,1.0000684608813535,1.0000293398558446,1.0000222570960433,1.000036685941079
cluster,0.5413533834586466,0.0125959358594264,0.002023609922060248,1.000040472198441,1.0000607082976618,1.0000708276506372,1.000030354148831,1.0000230265346026,1.0000379541917794
cluster,0.5488721804511278,0.013029005500544432,0.0020931850637956415,1.000041863701276,1.000062795551914,1.0000732628717628,1.0000313977759567,1.0000238182259218,1.000039259121274
cluster,0.556390977443609,0.013474560129380088,0.0021647659909926438,1.00004329531982,1.0000649429797297,1.0000757683012231,1.000032471489865,1.000024632740952,1.0000406016706502
cluster,0.5639097744360901,0.013932918278540953,0.0022384038777563298,1.000044768077555,1.0000671521163327,1.0000783457304596,1.0000335760581665,1.0000254706620004,1.0000419827997138
cluster,0.5714285714285714,0.014404404717082125,0.002314150900113128,1.0000462830180021,1.0000694245270034,1.0000809969859996,1.0000347122635018,1.000026332582775,1.0000434034870613
cluster,0.5789473684210527,0.014889350467976821,0.0023920602388175687,1.0000478412047762,1.0000717618071646,1.0000837239295548,1.000035880903582,1.0000272191084163,1.0000448647301352
cluster,0.5864661654135338,0.01538809281788943,0.0024721860809223855,1.0000494437216185,1.0000741655824277,1.0000865284580798,1.0000370827912137,1.000028130855515,1.0000463675452502
cluster,0.593984962406015,0.015900975318672458,0.0025545836200190058,1.0000510916724004,1.0000766375086005,1.0000894125037785,1.0000383187543003,1.0000290684521163,1.0000479129676
cluster,0.6015037593984962,0.01642834777998405,0.002639309055051514,1.000052786181101,1.0000791792716517,1.0000923780340663,1.0000395896358256,1.0000300325377043,1.0000495020512348
cluster,0.6090225563909775,0.016970566252399576,0.0027264195876034293,1.0000545283917521,1.0000817925876282,1.0000954270514746,1.000040896293814,1.0000310237631722,1.0000511358690087
cluster,0.6165413533834586,0.01752799300036532,0.0028159734175525627,1.000056319468351,1.0000844792025267,1.0000985615934996,1.0000422396012634,1.0000320427907732,1.000052815512501
cluster,0.6240601503759398,0.01810099646431979,0.0029080297369855805,1.0000581605947396,1.0000872408921095,1.0001017837323927,1.0000436204460548,1.0000330902940502,1.0000545420918996
cluster,0.631578947368421,0.018689951211284073,0.003002648722260064,1.0000600529744452,1.0000900794616678,1.0001050955748805,1.0000450397308338,1.0000341669577464,1.0000563167358534
cluster,0.6390977443609023,0.019295237873200317,0.0030998915240982292,1.0000619978304819,1.0000929967457228,1.0001084992618225,1.0000464983728616,1.0000352734776923,1.0000581405912863
cluster,0.6466165413533834,0.019917243072276433,0.0031998202555931195,1.000063996405112,1.0000959946076677,1.0001119969677907,1.0000479973038339,1.0000364105606687,1.0000600148231715
cluster,0.6541353383458646,0.020556359332573427,0.0033024979780046037,1.0000660499595602,1.0000990749393401,1.0001155909005741,1.00004953746967,1.0000375789242464,1.0000619406142668
cluster,0.6616541353383458,0.021212984977053494,0.0034079886842195506,1.0000681597736842,1.0001022396605266,1.0001192833006018,1.0000511198302633,1.0000387792965961,1.000063919164802
cluster,0.6691729323308271,0.021887524009289047,0.0035163572797477075,1.000070327145595,1.0001054907183924,1.0001230764402786,1.0000527453591963,1.0000400124162736,1.0000659516921249
cluster,0.6766917293233082,0.022580385979016602,0.0036276695611221483,1.0000725533912225,1.0001088300868337,1.0001269726232302,1.0000544150434167,1.0000412790319742,1.0000680394302945
cluster,0.6842105263157894,0.023291985830706557,0.003741992191571139,1.0000748398438313,1.000112259765747,1.000130974183455,1.0000561298828736,1.000042579902254,1.0000701836296255
cluster,0.6917293233082706,0.02402274373430786,0.0038593926738262853,1.0000771878534764,1.0001157817802147,1.0001350834843712,1.0000578908901074,1.000043915795223,1.0000723855561775
cluster,0.6992481203007519,0.024773084897318175,0.003979939319930518,1.0000795987863986,1.000119398179598,1.0001393029177634,1.000059699089799,1.0000452874881998,1.00007464649119
cluster,0.706766917293233,0.025543439357324667,0.004103701217908578,1.0000820740243583,1.0001231110365374,1.0001436349026172,1.0000615555182686,1.0000466957673328,1.0000769677304564
cluster,0.7142857142857142,0.026334241754158463,0.0042307481951623,1.000084614963903,1.0001269224458549,1.0001480818838395,1.0000634612229276,1.0000481414271836,1.0000793505836374
cluster,0.7218045112781954,0.027145931080806648,0.004361150778453199,1.000087223015569,1.0001308345233537,1.0001526463308599,1.0000654172616767,1.0000496252702717,1.0000817963735107
cluster,0.7293233082706767,0.027978950412232664,0.004494980150335888,1.0000898996030068,1.0001348494045101,1.0001573307361074,1.000067424702255,1.00005114810658,1.0000843064351537
cluster,0.7368421052631579,0.02883374661126477,0.004632308101907366,1.000092646162038,1.0001389692430573,1.0001621376133578,1.0000694846215286,1.000052710753014,1.0000868821150581
cluster,0.744360902255639,0.029710770010727992,0.004773206981739675,1.0000954641396347,1.000143196209452,1.000167069495948,1.0000715981047261,1.0000543140328242,1.0000895247701709
cluster,0.7518796992481203,0.03061047407101552,0.004917749640866763,1.0000983549928173,1.000147532489226,1.0001721289348533,1.000073766244613,1.0000559587749782,1.0000922357668631
cluster,0.7593984962406015,0.03153331501232086,0.005066009373700457,1.000101320187474,1.000151980281211,1.0001773184966207,1.0000759901406053,1.0000576458134884,1.0000950164798217
cluster,0.7669172932330827,0.03247975142078485,0.005218059854755703,1.000104361197095,1.0001565417956426,1.0001826407611552,1.0000782708978213,1.000059375986693,1.0000978682908623
cluster,0.7744360902255638,0.03345024382785025,0.005373975071071444,1.0001074795014213,1.000161219252132,1.0001880983193565,1.0000806096260662,1.0000611501364853,1.0001007925876633
cluster,0.7819548872180451,0.03444525426216166,0.005533829250220761,1.0001106765850043,1.0001660148775067,1.0001936937706022,1.0000830074387532,1.0000629691074974,1.0001037907624133
cluster,0.7894736842105263,0.03546524577340195,0.005697696783812431,1.0001139539356763,1.0001709309035145,1.0001994297200711,1.0000854654517572,1.0000648337462261,1.000106864210378
cluster,0.7969924812030075,0.03651068192751754,0.005865652146395957,1.000117313042928,1.000175969564392,1.000205308775906,1.0000879847821957,1.000066744900113,1.0001100143283788
cluster,0.8045112781954886,0.03758202627285169,0.0060377698096927964,1.000120755396194,1.0001811330942907,1.0002113335462148,1.0000905665471453,1.0000687034165674,1.0001132425131838
cluster,0.8120300751879699,0.03867974177678452,0.006214124152089312,1.0001242824830419,1.0001864237245628,1.0002175066359031,1.0000932118622814,1.0000707101419362,1.0001165501598104
cluster,0.8195488721804511,0.039804290232562,0.006394789363340433,1.0001278957872668,1.0001918436809,1.0002238306433417,1.0000959218404502,1.0000727659204205,1.0001199386597386
cluster,0.8270676691729323,0.040956131636092415,0.006579839344448395,1.000131596786889,1.0001973951803333,1.000230308156862,1.0000986975901667,1.0000748715929353,1.0001234093990323
cluster,0.8345864661654134,0.04213572353259263,0.006769347602697686,1.000135386952054,1.0002030804280808,1.0002369417510855,1.0001015402140405,1.0000770279959152,1.000126963756371
cluster,0.8421052631578947,0.04334352033307853,0.006963387141845293,1.000139267742837,1.0002089016142555,1.0002437339830803,1.0001044508071275,1.0000792359600656,1.0001306031009907
cluster,0.849624060150376,0.044579972600819105,0.007162030347485406,1.0001432406069497,1.0002148609104247,1.0002506873883519,1.0001074304552122,1.0000814963090578,1.000134328790532
cluster,0.8571428571428571,0.04584552630800444,0.007365348867628854,1.0001473069773525,1.0002209604660288,1.0002578044766628,1.0001104802330145,1.0000838098581706,1.000138142168803
cluster,0.8646616541353382,0.04714062206302062,0.007573413488560339,1.0001514682697714,1.0002272024046568,1.0002650877276895,1.0001136012023284,1.0000861774128762,1.0001420445634492
cluster,0.8721804511278195,0.048465694308876504,0.007786294006061062,1.0001557258801212,1.0002335888201819,1.000272539586516,1.0001167944100908,1.000088599767377,1.0001460372835376
cluster,0.8796992481203008,0.04982117049348758,0.008004059092110037,1.0001600811818423,1.0002401217727634,1.0002801624589694,1.0001200608863816,1.000091077703087,1.000150121617059
cluster,0.8872180451127819,0.05120747021269265,0.00822677615720475,1.000164535523144,1.000246803284716,1.0002879587068014,1.0001234016423581,1.0000936119870665,1.0001542988283432
cluster,0.894736842105263,0.052625004327058224,0.008454511208470699,1.0001690902241693,1.000253635336254,1.0002959306427228,1.0001268176681268,1.0000962033704062,1.0001585701553992
cluster,0.9022556390977443,0.05407417405371141,0.008687328703759078,1.0001737465740752,1.0002606198611128,1.0003040805252974,1.0001303099305565,1.0000988525865682,1.000162936807178
cluster,0.9097744360902256,0.05555537003463798,0.008925291401963485,1.0001785058280392,1.0002677587420588,1.0003124105537022,1.0001338793710295,1.0001015603496823,1.0001673999607656
cluster,0.9172932330827067,0.057068971383083276,0.009168460209818716,1.0001833692041964,1.0002750538062946,1.0003209228623675,1.0001375269031472,1.0001043273528025,1.0001719607585102
cluster,0.9248120300751879,0.058615344709901936,0.00941689402547821,1.0001883378805096,1.0002825068207644,1.0003296195154985,1.0001412534103822,1.0001071542661273,1.0001766203050864
cluster,0.9323308270676691,0.060194843131915594,0.009670649579200991,1.000193412991584,1.0002901194873761,1.0003385025015015,1.000145059743688,1.0001100417351867,1.0001813796645094
cluster,0.9398496240601504,0.06180780526455327,0.009929781271513505,1.0001985956254302,1.0002978934381455,1.000347573727318,1.0001489467190727,1.0001129903790011,1.0001862398570984
cluster,0.9473684210526315,0.06345455420127302,0.01019434100924783,1.000203886820185,1.0003058302302774,1.000356835012684,1.0001529151151387,1.0001160007882153,1.0001912018564016
cluster,0.9548872180451127,0.06513539648248108,0.010464378039892565,1.0002092875607977,1.0003139313411968,1.0003662880843327,1.0001569656705984,1.0001190735232137,1.0001962665860893
cluster,0.9624060150375939,0.06685062105688955,0.010739938784728923,1.0002147987756944,1.000322198163542,1.0003759345701502,1.0001610990817709,1.0001222091122206,1.0002014349168245
cluster,0.9699248120300752,0.06860049823847271,0.01102106667125976,1.0002204213334251,1.0003306320001377,1.0003857759933108,1.000165316000069,1.0001254080493953,1.0002067076631198
cluster,0.9774436090225563,0.07038527866240048,0.011307801965474222,1.0002261560393095,1.0003392340589643,1.0003958137664029,1.0001696170294823,1.0001286707929222,1.000212085580192
cluster,0.9849624060150375,0.0722051922435391,0.011600181604524877,1.0002320036320906,1.0003480054481357,1.0004060491855702,1.000174002724068,1.000131997763107,1.0002175693608217
cluster,0.9924812030075187,0.07406044714131488,0.011898239030427082,1.0002379647806086,1.0003569471709128,1.0004164834246874,1.0001784735854566,1.0001353893404836,1.0002231596322373
cluster,1.0,0.07595122873493314,0.01220200402542199,1.0002440400805084,1.0003660601207627,1.000427117529597,1.0001830300603813,1.0001388458639426,1.0002288569530255
cluster,1.007518796992481,0.07787769861313115,0.012511502549674496,1.0002502300509934,1.0003753450764905,1.0004379524124216,1.000187672538245,1.000142367628884,1.0002346618100866
cluster,1.0150375939849623,0.07983999358281496,0.01282675658200504,1.0002565351316401,1.0003848026974602,1.0004489888459887,1.00019240134873,1.0001459548854026,1.0002405746156486
cluster,1.0225563909774436,0.08183822470108679,0.013147783964379196,1.0002629556792875,1.0003944335189314,1.0004602274583814,1.0001972167594657,1.0001496078365213,1.0002465957043496
cluster,1.0300751879699248,0.08387247633531006,0.013474598250901684,1.000269491965018,1.000404237947527,1.000471668727649,1.0002021189737635,1.0001533266364715,1.0002527253304063
cluster,1.037593984962406,0.08594280525597868,0.01380720856208059,1.0002761441712416,1.0004142162568623,1.0004833129767012,1.0002071081284312,1.0001571113890348,1.0002589636648802
cluster,1.045112781954887,0.08804923976725224,0.014145619445142785,1.0002829123889028,1.0004243685833545,1.0004951603684131,1.0002121842916771,1.0001609621459537,1.0002653107930575
cluster,1.0526315789473684,0.09019177888009422,0.014489830741193846,1.0002897966148239,1.0004346949222358,1.000507210900971,1.0002173474611178,1.0001648789054203,1.0002717667119578
cluster,1.0601503759398496,0.09237039153299528,0.014839837460022707,1.0002967967492005,1.0004451951238007,1.000519464403483,1.0002225975619004,1.0001688616106514,1.0002783313279868
cluster,1.0676691729323307,0.09458501586528224,0.015195629663354552,1.0003039125932671,1.0004558688899008,1.000531920531887,1.0002279344449505,1.00017291014856,1.0002850044547449
cluster,1.075187969924812,0.09683555854800237,0.015557192357353528,1.000311143847147,1.0004667157707205,1.0005445787651817,1.0002333578853604,1.000177024348532,1.0002917858110125
cluster,1.0827067669172932,0.09912189417732359,0.015924505395168966,1.0003184901079034,1.000477735161855,1.0005574384020068,1.0002388675809275,1.0001812039813172,1.000298675018922
cluster,1.0902255639097744,0.10144386473532142,0.016297543390307673,1.0003259508678062,1.0004889263017092,1.0005704985576058,1.0002444631508545,1.0001854487580448,1.0003056716023315
cluster,1.0977443609022557,0.10380127912290092,0.01667627564159517,1.0003335255128318,1.0005002882692478,1.0005837581611898,1.0002501441346239,1.0001897583293682,1.0003127749854202
cluster,1.1052631578947367,0.10619391276946084,0.017060666070465955,1.0003412133214094,1.000511819982114,1.0005972159537357,1.000255909991057,1.000194132284751,1.0003199844915096
cluster,1.112781954887218,0.10862150732371849,0.017450673171292758,1.0003490134634259,1.0005235201951388,1.000610870486239,1.0002617600975694,1.0001985701519032,1.0003272993421333
cluster,1.1203007518796992,0.11108377042988876,0.017846249975428365,1.0003569249995086,1.0005353874992629,1.0006247201184466,1.0002676937496313,1.000203071396372,1.0003347186563616
cluster,1.1278195488721803,0.1135803755931555,0.018247344029592872,1.000364946880592,1.0005474203208877,1.0006387630180922,1.000273710160444,1.000207635421294,1.000342241450398
cluster,1.1353383458646615,0.11611096213807096,0.018653897389190266,1.0003730779477837,1.0005596169216757,1.0006529971606526,1.000279808460838,1.0002122615673217,1.0003498666374513
cluster,1.1428571428571428,0.11867513526318672,0.019065846627085225,1.0003813169325417,1.0005719753988127,1.000667420329647,1.0002859876994064,1.0002169491127215,1.0003575930279023
cluster,1.150375939849624,0.12127246619484969,0.019483122858311327,1.0003896624571662,1.0005844936857495,1.0006820301174923,1.0002922468428745,1.0002216972736553,1.0003654193297662
cluster,1.1578947368421053,0.12390249244269225,0.019905651781117025,1.0003981130356223,1.0005971695534335,1.0006968239269305,1.0002985847767167,1.0002265052046482,1.0003733441494627
cluster,1.1654135338345863,0.12656471815890669,0.02033335373468515,1.0004066670746936,1.0006100006120404,1.00071179897304,1.0003050003060203,1.0002313719992444,1.0003813659928988
cluster,1.1729323308270676,0.12925861460292745,0.020766143773786817,1.0004153228754757,1.0006229843132137,1.0007269522858409,1.0003114921566065,1.0002362966908571,1.000389483266868
cluster,1.1804511278195489,0.13198362071264877,0.021203931760550826,1.000424078635211,1.0006361179528165,1.0007422807134954,1.0003180589764082,1.0002412782538135,1.000397694280773
cluster,1.18796992481203,0.1347391437827821,0.021646622473445707,1.000432932449469,1.0006493986742035,1.0007577809261172,1.0003246993371018,1.000246315604593,1.0004059972486687
cluster,1.1954887218045112,0.1375245602504184,0.022094115733484864,1.0004418823146697,1.0006628234720045,1.0007734494201768,1.0003314117360023,1.0002514076032656,1.0004143902916296
cluster,1.2030075187969924,0.1403392165872923,0.02254630654757394,1.0004509261309515,1.0006763891964272,1.0007892825235134,1.0003381945982137,1.0002565530551208,1.0004228714404377
cluster,1.2105263157894737,0.14318243029767577,0.02300308526882822,1.0004600617053765,1.0006900925580648,1.0008052764009372,1.0003450462790324,1.0002617507124936,1.000431438638591
cluster,1.218045112781955,0.14605349102023693,0.023464337773592626,1.0004692867554719,1.0007039301332077,1.0008214270604179,1.000351965066604,1.0002669992767774,1.000440089745622
cluster,1.225563909774436,0.14895166173161042,0.023929945654802248,1.000478598913096,1.000717898369644,1.0008377303598446,1.000358949184822,1.0002722974006257,1.0004488225407249
cluster,1.2330827067669172,0.15187618004883296,0.02439978643122614,1.0004879957286246,1.0007319935929369,1.0008541820143453,1.0003659967964684,1.000277643690332,1.0004576347266803
cluster,1.2406015037593985,0.1548262596272023,0.024873733772041468,1.000497474675441,1.0007462120131614,1.0008707776041381,1.0003731060065806,1.0002830367083857,1.0004665239340667
cluster,1.2481203007518795,0.1578010916495449,0.025351657736092922,1.000507033154722,1.0007605497320828,1.0008875125829029,1.0003802748660413,1.0002884749761938,1.000475487725749
cluster,1.2556390977443608,0.1607998464023026,0.02583342502510024,1.000516668500502,1.000775002750753,1.0009043822866373,1.0003875013753765,1.0002939569769638,1.0004845236016264
cluster,1.263157894736842,0.1638216749333029,0.026318899249988478,1.0005263779849998,1.0007895669774998,1.0009213819429745,1.0003947834887497,1.0002994811587322,1.0004936290036284
cluster,1.2706766917293233,0.16686571078555018,0.026807941209431665,1.0005361588241886,1.000804238236283,1.0009385066809293,1.0004021191181414,1.000305045937536,1.0005028013209385
cluster,1.2781954887218046,0.16993107180087935,0.027300409179620212,1.0005460081835924,1.0008190122753886,1.0009557515410372,1.0004095061376945,1.0003106497007082,1.0005120378954295
cluster,1.2857142857142856,0.17301686198684574,0.027796159214187478,1.0005559231842838,1.0008338847764255,1.0009731114858507,1.0004169423882128,1.000316290810292,1.0005213360272887
cluster,1.2932330827067668,0.17612217343979916,0.028295045453162818,1.0005659009090633,1.0008488513635947,1.000990581410751,1.0004244256817973,1.0003219676065558,1.000530692980812
cluster,1.300751879699248,0.17924608831670308,0.028796920439755694,1.000575938408795,1.0008639076131929,1.0010081561550346,1.0004319538065962,1.000327678411597,1.0005401059903463
cluster,1.3082706766917291,0.18238768084791784,0.02930163544372096,1.0005860327088745,1.0008790490633115,1.0010258305132338,1.0004395245316557,1.000333421533024,1.0005495722663542
cluster,1.3157894736842104,0.18554601938287618,0.029809040790008418,1.0005961808158002,1.0008942712237003,1.0010435992466193,1.0004471356118503,1.0003391952676932,1.0005590890015772
cluster,1.3233082706766917,0.18872016846033166,0.030318986191360267,1.0006063797238272,1.0009095695857408,1.0010614570948428,1.0004547847928704,1.0003449979054948,1.0005686533772749
cluster,1.330827067669173,0.1919091908946805,0.0308313210834907,1.0006166264216698,1.0009249396325048,1.0010793987876736,1.0004624698162523,1.0003508277331672,1.0005782625695105
cluster,1.3383458646616542,0.19511214986971764,0.03134589496145995,1.0006269178992293,1.0009403768488436,1.0010974190567727,1.000470188424422,1.0003566830381239,1.0005879137554612
cluster,1.3458646616541352,0.19832811103111428,0.03186255771584294,1.000637251154317,1.0009558767314755,1.0011155126474665,1.0004779383657376,1.0003625621122783,1.0005976041197213
cluster,1.3533834586466165,0.20155614456889215,0.03238115996729073,1.0006476231993457,1.0009714347990186,1.0011336743304595,1.0004857173995094,1.0003684632558523,1.000607330860579
cluster,1.3609022556390977,0.2047953272811985,0.03290155339808799,1.0006580310679616,1.0009870466019426,1.0011518989134462,1.0004935233009713,1.0003743847811477,1.0006170911962333
cluster,1.3684210526315788,0.20804474461079805,0.03342359107932715,1.0006684718215866,1.0010027077323798,1.0011701812525684,1.0005013538661898,1.0003803250162688,1.0006268823709326
cluster,1.37593984962406,0.2113034926458415,0.033947127792343455,1.0006789425558469,1.0010184138337703,1.0011885162636744,1.0005092069168853,1.000386282308782,1.0006367016610007
cluster,1.3834586466165413,0.21457068007668983,0.034472020343090076,1.0006894404068618,1.0010341606102928,1.001206898933329,1.0005170803051464,1.0003922550292903,1.0006465463807352
cluster,1.3909774436090225,0.2178454301008342,0.03499812786817456,1.0006999625573636,1.0010499438360454,1.001225324329534,1.0005249719180225,1.000398241574918,1.0006564138881466
cluster,1.3984962406015038,0.22112688226826854,0.035525312131328514,1.0007105062426265,1.0010657593639398,1.0012437876121147,1.0005328796819701,1.0004042403726827,1.0006663015905188
cluster,1.4060150375939848,0.22441419426003734,0.0360534378091417,1.000721068756183,1.0010816031342742,1.00126228404273,1.000540801567137,1.000410249882748,1.0006762069497686
cluster,1.413533834586466,0.2277065435930895,0.036582372764956586,1.0007316474552992,1.0010974711829488,1.0012808089944696,1.0005487355914744,1.0004162686015385,1.0006861274875825
cluster,1.4210526315789473,0.23100312924501923,0.037111988309892374,1.0007422397661978,1.0011133596492967,1.0012993579609997,1.0005566798246484,1.0004222950647113,1.0006960607903115
cluster,1.4285714285714284,0.23430317319276778,0.037642159450046384,1.000752843189001,1.0011292647835015,1.001317926565227,1.0005646323917508,1.0004283278499686,1.0007060045136102
cluster,1.4360902255639096,0.2376059218598757,0.03817276511900342,1.00076345530238,1.0011451829535702,1.0013365105674479,1.0005725914767851,1.0004343655797026,1.0007159563867944
cluster,1.443609022556391,0.2409106474674247,0.03870368839487243,1.0007740737678974,1.0011611106518463,1.0013551058729553,1.000580555325923,1.0004404069234665,1.0007259142169145
cluster,1.4511278195488722,0.24421664928438788,0.03923481670116254,1.0007846963340232,1.0011770445010348,1.0013737085390828,1.0005885222505175,1.0004464506002588,1.0007358758925202
cluster,1.4586466165413534,0.24752325477368783,0.03976604199090381,1.0007953208398181,1.0011929812597269,1.0013923147816592,1.0005964906298637,1.0004524953806204,1.0007458393871171
cluster,1.4661654135338344,0.25082982063087544,0.04029726091351709,1.0008059452182703,1.0012089178274055,1.0014109209808615,1.0006044589137026,1.0004585400885306,1.0007558027622945
cluster,1.4736842105263157,0.254135733712953,0.040828374964034776,1.0008165674992808,1.001224851248921,1.0014295236864494,1.0006124256244606,1.0004645836031076,1.0007657641705237
cluster,1.481203007518797,0.25744041185547756,0.0413592906143732,1.0008271858122875,1.0012407787184312,1.0014481196223712,1.0006203893592156,1.000470624860101,1.0007757218576212
cluster,1.488721804511278,0.2607433045767078,0.04188991942645786,1.0008377983885293,1.0012566975827937,1.0014667056907343,1.000628348791397,1.0004766628531794,1.0007856741648709
cluster,1.4962406015037593,0.26404389366815023,0.04242017814709816,1.000848403562942,1.001272605344413,1.0014852789751392,1.0006363026722065,1.0004826966350095,1.0007956195308017
cluster,1.5037593984962405,0.2673416936714783,0.04294998878460715,1.000858999775692,1.001288499663538,1.001503836743369,1.0006442498317691,1.000488725318129,1.000805556492626
cluster,1.5112781954887218,0.270636252242366,0.04347927866725352,1.0008695855733452,1.0013043783600175,1.0015223764494487,1.0006521891800089,1.0004947480756101,1.0008154836873357
cluster,1.518796992481203,0.2739271504023571,0.04400798048372585,1.0008801596096746,1.001320239414512,1.0015408957350704,1.000660119707256,1.0005007641415224,1.000825399852461
cluster,1.526315789473684,0.27721400268042334,0.044536032305874794,1.0008907206461175,1.0013360809691763,1.0015593924303994,1.000668040484588,1.0005067728111885,1.0008353038264972
cluster,1.5338345864661653,0.2804964571463891,0.04506337759408283,1.0009012675518818,1.0013519013278225,1.0015778645542717,1.0006759506639114,1.0005127734412476,1.0008451945490047
cluster,1.5413533834586466,0.2837741953388856,0.04558996518568984,1.0009117993037138,1.0013676989555707,1.001596310313798,1.0006838494777854,1.0005187654495231,1.0008550710603932
cluster,1.5488721804511276,0.28704693209095583,0.04611574926697542,1.0009223149853395,1.0013834724780093,1.0016147281033911,1.0006917362390046,1.0005247483147035,1.0008649325013943
cluster,1.5563909774436089,0.2903144152568578,0.04664068932926827,1.0009328137865854,1.001399220679878,1.001633116503238,1.000699610339939,1.000530721575843,1.0008747781122405
cluster,1.5639097744360901,0.2935764253439917,0.04716475010981319,1.0009432950021964,1.0014149425032943,1.0016514742772376,1.0007074712516473,1.0005366848316886,1.0008846072315543
cluster,1.5714285714285714,0.29683277505424366,0.047687901518085295,1.0009537580303616,1.0014306370455426,1.0016698003704279,1.0007153185227713,1.000542637739842,1.0008944192949678
cluster,1.5789473684210527,0.30008330873933425,0.04821011854828854,1.0009642023709657,1.0014463035564485,1.0016880939059303,1.0007231517782242,1.0005485800157645,1.0009042138334796
cluster,1.5864661654135337,0.303327901775045,0.04873138117882172,1.0009746276235765,1.0014619414353647,1.001706354181436,1.0007309707176824,1.0005545114316308,1.0009139904715714
cluster,1.593984962406015,0.3065664598594316,0.04925167425953225,1.0009850334851906,1.001477550227786,1.0017245806652642,1.0007387751138932,1.0005604318150485,1.0009237489250913
cluster,1.6015037593984962,0.3097989182403165,0.04977098738760843,1.0009954197477522,1.0014931296216283,1.0017427729920236,1.000746564810814,1.0005663410476444,1.0009334889989276
cluster,1.6090225563909772,0.3130252408775257,0.050289314772987904,1.0010057862954598,1.0015086794431898,1.001760930957905,1.0007543397215948,1.0005722390635343,1.0009432105844835
cluster,1.6165413533834585,0.3162454195454406,0.05080665509417751,1.0010161331018834,1.0015241996528255,1.0017790545156378,1.0007620998264126,1.0005781258476805,1.0009529136569737
cluster,1.6240601503759398,0.3194594728815258,0.051323011345393695,1.0010264602269079,1.001539690340362,1.001797143769142,1.000769845170181,1.0005840014341543,1.000962598272557
cluster,1.631578947368421,0.3226674453865305,0.05183839067593909,1.0010367678135188,1.001555151720278,1.001815198967909,1.0007775758601392,1.0005898659043067,1.0009722645653227
cluster,1.6390977443609023,0.3258694063820812,0.052352804222733806,1.0010470560844547,1.001570584126682,1.0018332205011402,1.000785292063341,1.0005957193848645,1.0009819127441522
cluster,1.6466165413533833,0.32906544893135153,0.05286626693691475,1.0010573253387383,1.0015859880081075,1.0018512088916798,1.0007929940040536,1.0006015620459556,1.000991543089464
cluster,1.6541353383458646,0.3322556887284472,0.05337879740540891,1.0010675759481082,1.0016013639221624,1.0018691647897702,1.0008006819610813,1.0006073940990796,1.0010011559498684
cluster,1.6616541353383458,0.3354402629620554,0.0538904176683721,1.0010778083533676,1.001616712530051,1.0018870889666596,1.0008083562650256,1.0006132157950298,1.0010107517387439
cluster,1.6691729323308269,0.3386193291588034,0.05440115303336771,1.0010880230606674,1.001632034591001,1.0019049823081003,1.0008160172955005,1.0006190274217799,1.0010203309307517
cluster,1.6766917293233081,0.34179306401162873,0.054911031887137786,1.0010982206377428,1.0016473309566143,1.0019228458077574,1.0008236654783071,1.0006248293023408,1.0010298940583036
cluster,1.6842105263157894,0.34496166219830593,0.055420085505792374,1.001108401710116,1.0016626025651736,1.0019406805605637,1.000831301282587,1.0006306217926013,1.001039441708005
cluster,1.6917293233082706,0.348125335195098,0.05592834786421581,1.0011185669572844,1.0016778504359265,1.0019584877560481,1.0008389252179632,1.0006364052791594,1.0010489745170785
cluster,1.699248120300752,0.3512843100902958,0.056435855445455006,1.0011287171089092,1.0016930756633637,1.0019762686716596,1.000846537831682,1.000642180177154,1.0010584931697881
cluster,1.706766917293233,0.3544388284021998,0.05694264705082132,1.0011388529410166,1.0017082794115246,1.001994024666119,1.0008541397057624,1.0006479469281024,1.0010679983938793
cluster,1.7142857142857142,0.3575891449058652,0.05744876361140039,1.0011489752722278,1.001723462908342,1.0020117571728182,1.000861731454171,1.000653705997757,1.0010774909570426
cluster,1.7218045112781954,0.36073552647269086,0.05795424800162543,1.0011590849600325,1.0017386274400488,1.0020294676932915,1.0008693137200244,1.0006594578739836,1.0010869716634174
cluster,1.7293233082706765,0.3638782509266863,0.058459144855529874,1.0011691828971108,1.001753774345666,1.002047157790781,1.000876887172833,1.00066520306467,1.0010964413501455
cluster,1.7368421052631577,0.36701760592098515,0.05896350038625277,1.001179270007725,1.0017689050115877,1.0020648290839147,1.0008844525057938,1.0006709420956728,1.0011059008839862
cluster,1.744360902255639,0.37015388783791503,0.059467362209328654,1.0011893472441866,1.0017840208662798,1.0020824832405173,1.0008920104331398,1.0006766755088061,1.0011153511580015
cluster,1.7518796992481203,0.3732874007156637,0.05997077917025024,1.001199415583405,1.0017991233751076,1.0021001219715706,1.0008995616875538,1.00068240385988,1.001124793088322
cluster,1.7593984962406015,0.3764184552043135,0.06047380117674936,1.001209476023535,1.0018142140353026,1.0021177470253388,1.0009071070176514,1.0006881277167916,1.0011342276110013
cluster,1.7669172932330826,0.37954736755374296,0.060976479036197496,1.0012195295807238,1.001829294371086,1.0021353601816727,1.000914647185543,1.0006938476576746,1.0011436556789668
cluster,1.7744360902255638,0.38267445863562694,0.06147886429848436,1.0012295772859696,1.0018443659289544,1.0021529632465054,1.0009221829644772,1.000699564269112,1.0011530782590718
cluster,1.781954887218045,0.3858000530015034,0.06198100910469102,1.001239620182094,1.0018594302731407,1.002170558046551,1.0009297151365704,1.0007052781444146,1.0011624963292582
cluster,1.789473684210526,0.3889244779786081,0.0624829660418304,1.0012496593208366,1.001874488981255,1.0021881464242166,1.0009372444906275,1.0007109898819666,1.0011719108758315
cluster,1.7969924812030074,0.3920480628049294,0.06298478800388893,1.001259695760078,1.0018895436401167,1.0022057302327319,1.0009447718200584,1.000716700083645,1.0011813228908546
cluster,1.8045112781954886,0.3951711378046756,0.06348652805936049,1.001269730561187,1.001904595841781,1.0022233113315095,1.0009522979208902,1.0007224093533136,1.0011907333696632
cluster,1.8120300751879699,0.3982940336051172,0.06398823932542769,1.0012797647865086,1.001919647179763,1.0022408915817365,1.0009598235898813,1.000728118295389,1.0012001433085072
cluster,1.8195488721804511,0.4014170803955216,0.06448997484890537,1.001289799496978,1.0019346992454672,1.0022584728422004,1.0009673496227336,1.0007338275134883,1.0012095537023151
cluster,1.8270676691729322,0.4045406072286809,0.0649917874940271,1.0012998357498806,1.001949753624821,1.0022760569653608,1.0009748768124105,1.00073953760915,1.0012189655425927
cluster,1.8345864661654134,0.4076649413653186,0.06549372983712028,1.0013098745967424,1.0019648118951137,1.0022936457936542,1.0009824059475567,1.000745249180637,1.0012283798154444
cluster,1.8421052631578947,0.41079040766144814,0.06599585406818162,1.0013199170813636,1.0019798756220455,1.0023112411560482,1.0009899378110225,1.0007509628218163,1.00123779749973
cluster,1.8496240601503757,0.4139173279985822,0.06649821189933723,1.0013299642379867,1.0019949463569802,1.0023288448648298,1.0009974731784903,1.0007566791211169,1.0012472195653452
cluster,1.857142857142857,0.4170460207564866,0.06700085448013722,1.0013400170896027,1.0020100256344042,1.0023464587126392,1.0010050128172021,1.0007623986605663,1.0012566469716355
cluster,1.8646616541353382,0.42017680032802407,0.06750383231961277,1.001350076646392,1.0020251149695885,1.002364084469736,1.0010125574847941,1.0007681220149036,1.0012660806659321
cluster,1.8721804511278195,0.42330997667546266,0.0680071952149943,1.0013601439042998,1.0020402158564499,1.0023817238815016,1.0010201079282248,1.0007738497507692,1.0012755215822162
cluster,1.8796992481203008,0.42644585492748344,0.06851099218696867,1.0013702198437395,1.0020553297656092,1.0023993786661676,1.0010276648828045,1.0007795824259658,1.0012849706399047
cluster,1.8872180451127818,0.4295847350159875,0.06901527142132986,1.0013803054284265,1.0020704581426398,1.0024170505127719,1.0010352290713198,1.0007853205887969,1.0012944287427548
cluster,1.894736842105263,0.43272691135167923,0.06952008021685974,1.0013904016043371,1.0020856024065057,1.0024347410793288,1.001042801203253,1.0007910647774723,1.0013038967778878
cluster,1.9022556390977443,0.43587267253729794,0.070025464939257,1.0014005092987852,1.0021007639481776,1.0024524519912152,1.0010503819740888,1.0007968155195848,1.0013133756149242
cluster,1.9097744360902253,0.43902230111726614,0.07053147098091675,1.0014106294196183,1.0021159441294276,1.002470184839759,1.0010579720647137,1.0008025733316515,1.0013228661052291
cluster,1.9172932330827066,0.44217607336244613,0.07103814272635028,1.001420762854527,1.0021311442817906,1.0024879411810255,1.0010655721408952,1.0008083387187208,1.0013323690812652
cluster,1.9248120300751879,0.44533425908860974,0.07154552352302136,1.0014309104704604,1.0021463657056908,1.0025057225347942,1.0010731828528454,1.0008141121740413,1.0013418853560432
cluster,1.9323308270676691,0.44849712150717913,0.0720536556573668,1.0014410731131476,1.002161609669721,1.002523530383717,1.0010808048348605,1.0008198941787878,1.0013514157226748
cluster,1.9398496240601504,0.4516649171067268,0.07256258033575867,1.0014512516067153,1.0021768774100728,1.0025413661726494,1.0010884387050365,1.0008256852018447,1.0013609609540133
cluster,1.9473684210526314,0.4548378955636966,0.07307233767016129,1.0014614467534033,1.0021921701301046,1.0025592313081462,1.0010960850650523,1.0008314856996439,1.0013705218023863
cluster,1.9548872180451127,0.45801629968076696,0.07358296666822874,1.0014716593333646,1.002207489000047,1.0025771271581128,1.0011037445000235,1.0008372961160514,1.0013800989994093
cluster,1.962406015037594,0.46120036535125664,0.07409450522758655,1.0014818901045517,1.0022228351568276,1.0025950550516038,1.001111417578414,1.0008431168823013,1.0013896932558777
cluster,1.969924812030075,0.46439032154796533,0.07460699013403885,1.0014921398026808,1.0022382097040212,1.0026130162787579,1.0011191048520105,1.0008489484169778,1.001399305261735
cluster,1.9774436090225562,0.4675863903348299,0.07512045706344102,1.0015024091412688,1.0022536137119031,1.0026310120908624,1.0011268068559513,1.0008547911260335,1.001408935686106
cluster,1.9849624060150375,0.47078878689978804,0.07563494058697938,1.0015126988117395,1.0022690482176093,1.0026490437005355,1.0011345241088048,1.0008606454028524,1.0014185851773971
cluster,1.9924812030075187,0.47399771960724674,0.07615047417960064,1.0015230094835919,1.002284514225388,1.0026671122820225,1.001142257112694,1.0008665116283435,1.001428254363454
cluster,2.0,0.4772133900685787,0.0766670902313375,1.0015333418046266,1.0023000127069401,1.0026852189715891,1.00115000635347,1.0008723901710717,1.001437943851774
cluster,2.007518796992481,0.48043599322908803,0.07718482006128013,1.0015436964012256,1.0023155446018384,1.00270336486801,1.0011577723009193,1.0008782813874142,1.0014476542297681
cluster,2.015037593984962,0.48366571746992276,0.0777036939339492,1.0015540738786788,1.0023311108180184,1.0027215510331415,1.0011655554090093,1.0008841856217496,1.001457386065068
cluster,2.0225563909774436,0.48690274472344836,0.07822374107783106,1.0015644748215566,1.0023467122323348,1.00273977849257,1.0011733561161675,1.0008901032066673,1.0014671399058739
cluster,2.0300751879699246,0.4901472506006345,0.07874498970584334,1.0015748997941167,1.0023623496911753,1.0027580482363267,1.0011811748455877,1.0008960344631996,1.0014769162813388
cluster,2.037593984962406,0.4933994045290645,0.07926746703750687,1.00158534934075,1.002378024011125,1.0027763612196643,1.0011890120055627,1.0009019797010765,1.001486715701983
cluster,2.045112781954887,0.4966593699002081,0.07979119932260596,1.0015958239864522,1.0023937359796782,1.0027947183638848,1.001196867989839,1.0009079392189923,1.0014965386601398
cluster,2.052631578947368,0.4999273042246772,0.08031621186613111,1.0016063242373225,1.002409486355984,1.0028131205572115,1.001204743177992,1.0009139133048912,1.0015063856304212
cluster,2.0601503759398496,0.5032033592942171,0.08084252905430378,1.001616850581086,1.0024252758716292,1.002831568655701,1.0012126379358146,1.0009199022362625,1.0015162570702076
cluster,2.0676691729323307,0.5064876813492608,0.08137017438149509,1.00162740348763,1.0024411052314448,1.0028500634841842,1.0012205526157225,1.0009259062804472,1.0015261534201518
cluster,2.075187969924812,0.5097804112509294,0.08189917047785855,1.0016379834095572,1.0024569751143357,1.0028686058372347,1.0012284875571678,1.000931925694952,1.0015360751046987
cluster,2.082706766917293,0.5130816846564227,0.08242953913750763,1.0016485907827501,1.0024728861741252,1.0028871964801547,1.0012364430870626,1.0009379607277717,1.001546022532611
cluster,2.090225563909774,0.5163916321968122,0.08296130134707926,1.0016592260269415,1.0024888390404125,1.0029058361499747,1.0012444195202062,1.0009440116177115,1.0015559960975073
cluster,2.0977443609022557,0.5197103796563082,0.08349447731453406,1.0016698895462905,1.0025048343194358,1.002924525556463,1.0012524171597181,1.0009500785947163,1.0015659961784025
cluster,2.1052631578947367,0.52303804815214,0.0840290864980552,1.0016805817299612,1.0025208725949417,1.0029432653831358,1.0012604362974706,1.0009561618801996,1.001576023140248
cluster,2.1127819548872178,0.5263747543142518,0.08456514763491753,1.0016913029526984,1.0025369544290477,1.0029620562882702,1.0012684772145237,1.0009622616873723,1.001586077334474
cluster,2.1203007518796992,0.5297206104640817,0.08510267877020948,1.0017020535754042,1.0025530803631064,1.0029808989059077,1.001276540181553,1.0009683782215677,1.0015961590995286
cluster,2.1278195488721803,0.5330757247917479,0.08564169728529908,1.001712833945706,1.002569250918559,1.002999793846853,1.0012846254592795,1.0009745116805677,1.0016062687614111
cluster,2.1353383458646613,0.5364402015310413,0.08618221992594748,1.0017236443985191,1.0025854665977785,1.0030187416996574,1.0012927332988892,1.0009806622549215,1.0016164066342002
cluster,2.142857142857143,0.5398141411316667,0.08672426282998053,1.0017344852565997,1.0026017278848995,1.0030377430315882,1.0013008639424497,1.00098683012826,1.0016265730205713
cluster,2.150375939849624,0.5431976404282463,0.08726784155444015,1.0017453568310888,1.0026180352466332,1.0030567983895802,1.0013090176233168,1.0009930154776059,1.001636768212308
cluster,2.1578947368421053,0.5465907928056538,0.08781297110214627,1.0017562594220428,1.0026343891330645,1.0030759083011644,1.0013171945665322,1.0009992184736758,1.001646992490798
cluster,2.1654135338345863,0.5499936883602933,0.08835966594760705,1.001767193318952,1.0026507899784283,1.0030950732753776,1.0013253949892142,1.0010054392811736,1.0016572461275208
cluster,2.1729323308270674,0.5534064140570036,0.0889079400622267,1.0017781588012447,1.0026672382018669,1.0031142938036437,1.0013336191009334,1.0010116780590796,1.0016675293845199
cluster,2.180451127819549,0.5568290538813043,0.08945780693876453,1.0017891561387753,1.002683734208163,1.0031335703606314,1.0013418671040815,1.0010179349609267,1.0016778425148605
cluster,2.18796992481203,0.5602616889867577,0.09000927961500949,1.0018001855923002,1.0027002783884502,1.0031529034050828,1.0013501391942252,1.0010242101350715,1.0016881857630762
cluster,2.1954887218045114,0.5637043978372605,0.09056237069664026,1.001811247413933,1.0027168711208991,1.003172293380614,1.0013584355604497,1.001030503724953,1.0016985593655945
cluster,2.2030075187969924,0.5671572563441217,0.09111709237924756,1.001822341847585,1.0027335127713775,1.003191740716488,1.0013667563856887,1.0010368158693441,1.0017089635511525
cluster,2.2105263157894735,0.5706203379978252,0.09167345646950249,1.00183346912939,1.002750203694085,1.0032112458283546,1.0013751018470427,1.0010431467025924,1.001719398541192
cluster,2.218045112781955,0.5740937139944051,0.09223147440545958,1.0018446294881094,1.0027669442321638,1.0032308091189621,1.001383472116082,1.0010494963548504,1.0017298645502417
cluster,2.225563909774436,0.5775774533564062,0.0927911572759897,1.0018558231455197,1.0027837347182798,1.0032504309788388,1.0013918673591398,1.001055864952298,1.0017403617862815
cluster,2.233082706766917,0.581071623048424,0.09335251583934233,1.0018670503167868,1.0028005754751803,1.0032701117869416,1.00140028773759,1.0010622526173527,1.001750890451089
cluster,2.2406015037593985,0.58457628808725,0.09391556054084091,1.0018783112108167,1.0028174668162253,1.003289851911278,1.0014087334081125,1.001068659468871,1.0017614507405737
cluster,2.2481203007518795,0.5880915116466752,0.0944803015297202,1.0018896060305942,1.0028344090458916,1.0033096517094948,1.001417204522946,1.0010750856223407,1.0017720428450914
cluster,2.2556390977443606,0.5916173551570258,0.09504674867511732,1.0019009349735022,1.0028514024602535,1.003329511529438,1.0014257012301269,1.001081531190062,1.0017826669497447
cluster,2.263157894736842,0.5951538783995289,0.09561491158123203,1.0019122982316246,1.0028684473474367,1.003349431709685,1.0014342236737184,1.0010879962813204,1.001793323234667
cluster,2.270676691729323,0.5987011395956114,0.09618479960167314,1.0019236959920335,1.0028855439880502,1.0033694125800463,1.0014427719940253,1.0010944810025502,1.0018040118752911
cluster,2.2781954887218046,0.6022591954912776,0.09675642185301436,1.0019351284370601,1.0029026926555904,1.0033894544620412,1.0014513463277952,1.001100985457488,1.001814733042605
cluster,2.2857142857142856,0.6058281014366914,0.09732978722757957,1.0019465957445517,1.0029198936168273,1.003409557669345,1.0014599468084138,1.0011075097473197,1.0018254869033907
cluster,2.2932330827067666,0.6094079114611277,0.0979049044054841,1.0019580980881098,1.0029371471321646,1.003429722508211,1.0014685735660824,1.0011140539708152,1.001836273620449
cluster,2.300751879699248,0.6129986783434498,0.09848178186595756,1.0019696356373191,1.002954453455979,1.0034499492778681,1.0014772267279894,1.001120618224459,1.0018470933528143
cluster,2.308270676691729,0.6166004536782849,0.09906042789797509,1.0019812085579594,1.0029718128369391,1.0034702382708922,1.0014859064184696,1.0011272026025717,1.0018579462559514
cluster,2.3157894736842106,0.6202132879380761,0.09964085061022644,1.0019928170122046,1.0029892255183068,1.0034905897735564,1.0014946127591533,1.0011338071974207,1.0018688324819447
cluster,2.3233082706766917,0.623837230531185,0.10022305794045064,1.002004461158809,1.0030066917382134,1.003511004066157,1.001503345869107,1.0011404320993293,1.001879752179672
cluster,2.3308270676691727,0.6274723298562354,0.10080705766416641,1.0020161411532833,1.003024211729925,1.0035314814233203,1.0015121058649625,1.001147077396775,1.0018907054949684
cluster,2.338345864661654,0.6311186333528721,0.10139285740282697,1.0020278571480565,1.0030417857220848,1.0035520221142884,1.0015208928610424,1.0011537431764816,1.001901692570779
cluster,2.345864661654135,0.6347761875491266,0.10198046463142957,1.0020396092926287,1.0030594139389428,1.0035726264031852,1.0015297069694715,1.0011604295235066,1.0019127135473036
cluster,2.3533834586466162,0.6384450381055662,0.10256988668560836,1.0020513977337122,1.0030770966005682,1.0035932945492645,1.001538548300284,1.0011671365213217,1.001923768562126
cluster,2.3609022556390977,0.6421252298564111,0.10316113076824006,1.0020632226153647,1.0030948339230472,1.0036140268071432,1.0015474169615235,1.0011738642518884,1.0019348577503417
cluster,2.3684210526315788,0.6458168068477886,0.10375420395558964,1.002075084079112,1.0031126261186676,1.0036348234270152,1.001556313059334,1.0011806127957263,1.0019459812446707
cluster,2.37593984962406,0.6495198123733081,0.10434911320302576,1.0020869822640606,1.0031304733960906,1.0036556846548517,1.0015652366980454,1.0011873822319808,1.0019571391755655
cluster,2.3834586466165413,0.653234289007114,0.1049458653503309,1.0020989173070065,1.0031483759605098,1.0036766107325885,1.001574187980255,1.0011941726384812,1.001968331671311
cluster,2.3909774436090223,0.6569602786345847,0.10554446712663326,1.0021108893425326,1.003166334013799,1.0036976018982968,1.0015831670068995,1.001200984091798,1.001979558858117
cluster,2.398496240601504,0.6606978224808383,0.1061449251549864,1.0021228985030997,1.0031843477546496,1.003718658386346,1.0015921738773246,1.001207816667294,1.0019908208602033
cluster,2.406015037593985,0.6644469611371879,0.10674724595661951,1.0021349449191324,1.0032024173786986,1.0037397804275503,1.0016012086893493,1.0012146704391744,1.0020021177998795
cluster,2.413533834586466,0.6682077345856968,0.10735143595488217,1.0021470287190977,1.0032205430786465,1.0037609682493087,1.0016102715393231,1.00122154548053,1.0020134497976205
cluster,2.4210526315789473,0.6719801822219738,0.10795750147890669,1.0021591500295781,1.003238725044367,1.0037822220757326,1.0016193625221836,1.0012284418633792,1.002024816972133
cluster,2.4285714285714284,0.6757643428763316,0.1085654487670074,1.0021713089753403,1.0032569634630102,1.0038035421277645,1.001628481731505,1.001235359658708,1.0020362194404215
cluster,2.43609022556391,0.679560254833445,0.10917528396983857,1.0021835056793968,1.0032752585190954,1.00382492862329,1.0016376292595477,1.001242298936504,1.0020476573178456
cluster,2.443609022556391,0.6833679558506155,0.10978701315332905,1.0021957402630666,1.0032936103945997,1.003846381777239,1.0016468051973,1.001249259765791,1.0020591307181754
cluster,2.451127819548872,0.687187483174762,0.11040064230141165,1.0022080128460285,1.0033120192690423,1.0038679018016818,1.001656009634521,1.0012562422146598,1.002070639753644
cluster,2.4586466165413534,0.6910188735582364,0.11101617731856425,1.0022203235463714,1.003330485319557,1.0038894889059196,1.0016652426597785,1.0012632463502975,1.002082184534994
cluster,2.4661654135338344,0.6948621632735654,0.11163362403217794,1.0022326724806436,1.0033490087209653,1.003911143296565,1.0016745043604827,1.001270272239013,1.0020937651715223
cluster,2.4736842105263155,0.6987173881272081,0.11225298819476745,1.0022450597638954,1.0033675896458432,1.0039328651776211,1.0016837948229216,1.0012773199462646,1.0021053817711207
cluster,2.481203007518797,0.7025845834724176,0.11287427548603723,1.0022574855097208,1.0033862282645811,1.0039546547505542,1.0016931141322905,1.00128438953668,1.0021170344403165
cluster,2.488721804511278,0.706463784221278,0.1134974915148155,1.0022699498302963,1.0034049247454444,1.00397651221436,1.0017024623727222,1.0012914810740834,1.002128723284307
cluster,2.496240601503759,0.7103550248560028,0.11412264182086919,1.0022824528364174,1.003423679254626,1.003998437765628,1.001711839627313,1.0012985946215103,1.002140448406994
cluster,2.5037593984962405,0.7142583394395489,0.1147497318766093,1.0022949946375321,1.0034424919562983,1.0040204315986017,1.001721245978149,1.0013057302412314,1.0021522099110167
cluster,2.5112781954887216,0.7181737616256177,0.1153787670886975,1.002307575341774,1.003461363012661,1.0040424939052346,1.0017306815063305,1.0013128879947684,1.0021640078977805
cluster,2.518796992481203,0.7221013246680983,0.11600975279956337,1.0023201950559912,1.003480292583987,1.004064624875242,1.0017401462919935,1.0013200679429128,1.0021758424674865
cluster,2.526315789473684,0.7260410614300015,0.11664269428883955,1.0023328538857768,1.0034992808286651,1.0040868246961547,1.0017496404143327,1.001327270145741,1.0021877137191577
cluster,2.533834586466165,0.7299930043919406,0.11727759677472441,1.0023455519354945,1.0035183279032418,1.0041090935533623,1.0017591639516208,1.001334494662631,1.0021996217506652
cluster,2.5413533834586466,0.7339571856601943,0.11791446541527724,1.0023582893083054,1.003537433962458,1.0041314316301622,1.0017687169812293,1.0013417415522756,1.0022115666587517
cluster,2.5488721804511276,0.7379336369743955,0.11855330530965358,1.002371066106193,1.0035565991592896,1.0041538391078004,1.001778299579645,1.0013490108726981,1.0022235485390552
cluster,2.556390977443609,0.741922389714885,0.11919412149928661,1.0023838824299858,1.0035758236449785,1.0041763161655148,1.0017879118224893,1.0013563026812644,1.0022355674861319
cluster,2.56390977443609,0.7459234749097536,0.1198369189690185,1.0023967383793804,1.0035951075690706,1.0041988629805738,1.0017975537845354,1.001363617034697,1.0022476235934752
cluster,2.571428571428571,0.7499369232416151,0.12048170264818855,1.0024096340529638,1.0036144510794456,1.004221479728314,1.0018072255397228,1.0013709539890858,1.0022597169535388
cluster,2.5789473684210527,0.7539627650541229,0.12112847741168013,1.0024225695482336,1.0036338543223504,1.0042441665821782,1.0018169271611754,1.0013783135999028,1.0022718476577541
cluster,2.5864661654135337,0.7580010303582639,0.12177724808093182,1.0024355449616187,1.0036533174424278,1.0042669237137498,1.0018266587212141,1.0013856959220102,1.0022840157965507
cluster,2.5939849624060147,0.7620517488384472,0.12242801942491555,1.0024485603884983,1.0036728405827473,1.0042897512927873,1.0018364202913737,1.0013931010096742,1.0022962214593736
cluster,2.601503759398496,0.7661149498584059,0.12308079616108482,1.0024616159232218,1.0036924238848326,1.0043126494872576,1.0018462119424163,1.0014005289165744,1.0023084647347025
cluster,2.6090225563909772,0.7701906624669291,0.12373558295629555,1.0024747116591257,1.0037120674886888,1.0043356184633678,1.0018560337443445,1.0014079796958142,1.002320745710067
cluster,2.6165413533834583,0.7742789154034418,0.12439238442770253,1.002487847688554,1.003731771532831,1.0043586583855981,1.0018658857664156,1.0014154533999327,1.002333064472065
cluster,2.6240601503759398,0.778379737103442,0.12505120514363288,1.002501024102873,1.003751536154309,1.0043817694167299,1.0018757680771544,1.001422950080912,1.0023454211063787
cluster,2.631578947368421,0.7824931557038074,0.12571204962443874,1.0025142409924885,1.0037713614887331,1.004404951717878,1.0018856807443666,1.0014304697901892,1.0023578156977906
cluster,2.6390977443609023,0.7866191990479866,0.12637492234333111,1.0025274984468666,1.0037912476703,1.0044282054485187,1.00189562383515,1.0014380125786644,1.0023702483301986
cluster,2.6466165413533833,0.7907578946910745,0.12703982772719527,1.002540796554544,1.0038111948318158,1.0044515307665187,1.001905597415908,1.0014455784967111,1.0023827190866321
cluster,2.6541353383458643,0.7949092699047925,0.12770677015739093,1.0025541354031478,1.0038312031047216,1.0044749278281624,1.001915601552361,1.0014531675941847,1.0023952280492663
cluster,2.661654135338346,0.7990733516823647,0.12837575397053566,1.0025675150794107,1.003851272619116,1.0044983967881804,1.0019256363095579,1.001460779920431,1.0024077752994378
cluster,2.669172932330827,0.8032501667433125,0.129046783459275,1.0025809356691855,1.0038714035037783,1.004521937799776,1.001935701751889,1.0014684155242959,1.002420360917658
cluster,2.6766917293233083,0.8074397415381592,0.12971986287303852,1.0025943972574607,1.0038915958861911,1.0045455510146517,1.0019457979430955,1.0014760744541333,1.0024329849836275
cluster,2.6842105263157894,0.8116421022530568,0.13039499641878288,1.0026078999283756,1.0039118498925637,1.0045692365830345,1.0019559249462817,1.0014837567578139,1.002445647576251
cluster,2.6917293233082704,0.8158572748143375,0.13107218826172323,1.0026214437652345,1.0039321656478517,1.0045929946537038,1.0019660828239259,1.0014914624827334,1.00245834877365
cluster,2.699248120300752,0.8200852848929904,0.13175144252605245,1.002635028850521,1.0039525432757817,1.0046168253740133,1.0019762716378906,1.0014991916758211,1.0024710886531762
cluster,2.706766917293233,0.8243261579090683,0.132432763295649,1.002648655265913,1.0039729828988695,1.0046407288899188,1.0019864914494347,1.0015069443835467,1.002483867291426
cluster,2.714285714285714,0.8285799190360296,0.13311615461477444,1.0026623230922953,1.0039934846384433,1.0046647053460005,1.0019967423192218,1.00151472065193,1.002496684764252
cluster,2.7218045112781954,0.8328465932050115,0.13380162048876018,1.0026760324097752,1.004014048614663,1.0046887548854886,1.0020070243073314,1.0015225205265472,1.002509541146777
cluster,2.7293233082706765,0.8371262051090407,0.13448916488468368,1.0026897832976938,1.0040346749465403,1.0047128776502863,1.0020173374732702,1.0015303440525394,1.0025224365134067
cluster,2.7368421052631575,0.8414187792071819,0.13517879173203512,1.0027035758346408,1.0040553637519611,1.0047370737809926,1.0020276818759806,1.0015381912746204,1.0025353709378404
cluster,2.744360902255639,0.8457243397286258,0.1358705049233741,1.0027174100984675,1.0040761151477011,1.0047613434169262,1.0020380575738506,1.0015460622370826,1.0025483444930865
cluster,2.75187969924812,0.850042910676716,0.13656430831497654,1.0027312861662996,1.0040969292494493,1.0047856866961486,1.0020484646247245,1.0015539569838074,1.002561357251472
cluster,2.7593984962406015,0.854374515832918,0.1372602057274723,1.0027452041145495,1.0041178061718241,1.0048101037554846,1.0020589030859122,1.001561875558269,1.0025744092846551
cluster,2.7669172932330826,0.8587191787607299,0.13795820094647365,1.0027591640189293,1.0041387460283941,1.0048345947305461,1.0020693730141972,1.0015698180035433,1.002587500663638
cluster,2.7744360902255636,0.863076922809535,0.13865829772319405,1.0027731659544639,1.0041597489316958,1.0048591597557528,1.0020798744658481,1.0015777843623157,1.0026006314587772
cluster,2.781954887218045,0.8674477711183994,0.13936049977505816,1.002787209995501,1.0041808149932516,1.004883798964354,1.002090407496626,1.0015857746768861,1.0026138017397952
cluster,2.789473684210526,0.8718317466198109,0.1400648107863028,1.002801296215726,1.0042019443235892,1.0049085124884503,1.0021009721617944,1.0015937889891775,1.0026270115757925
cluster,2.7969924812030076,0.876228872043364,0.14077123440856876,1.0028154246881713,1.004223137032257,1.004933300459012,1.0021115685161286,1.0016018273407414,1.0026402610352585
cluster,2.8045112781954886,0.8806391699193885,0.14147977426148373,1.0028295954852298,1.0042443932278444,1.0049581630059026,1.0021221966139222,1.0016098897727659,1.0026535501860814
cluster,2.8120300751879697,0.885062662582526,0.14219043393323705,1.0028438086786646,1.004265713017997,1.0049831002578968,1.0021328565089986,1.0016179763260804,1.0026668790955602
cluster,2.819548872180451,0.8894993721752471,0.14290321698114464,1.002858064339623,1.0042870965094344,1.0050081123427013,1.0021435482547174,1.0016260870411633,1.002680247830415
cluster,2.827067669172932,0.8939493206513188,0.14361812693220607,1.0028723625386442,1.0043085438079662,1.005033199386974,1.002154271903983,1.0016342219581482,1.002693656456797
cluster,2.834586466165413,0.8984125297792163,0.14433516728365275,1.0028867033456732,1.0043300550185095,1.0050583615163426,1.0021650275092548,1.0016423811168298,1.002707105040299
cluster,2.8421052631578947,0.9028890211454828,0.14505434150348773,1.0029010868300698,1.0043516302451048,1.0050835988554252,1.0021758151225524,1.0016505645566707,1.0027205936459658
cluster,2.8496240601503757,0.9073788161580337,0.14577565303101628,1.0029155130606202,1.0043732695909307,1.0051089115278469,1.0021866347954653,1.001658772316806,1.0027341223383044
cluster,2.8571428571428568,0.9118819360494123,0.1464991052773693,1.0029299821055475,1.004394973158321,1.0051342996562598,1.0021974865791605,1.0016670044360512,1.0027476911812925
cluster,2.8646616541353382,0.91639840187999,0.1472247016260172,1.0029444940325203,1.0044167410487805,1.0051597633623597,1.0022083705243903,1.0016752609529063,1.0027613002383893
cluster,2.8721804511278193,0.920928234541116,0.14795244543327607,1.0029590489086655,1.0044385733629984,1.0051853027669047,1.0022192866814992,1.0016835419055625,1.0027749495725449
cluster,2.8796992481203008,0.9254714547582166,0.1486823400288054,1.002973646800576,1.0044604702008642,1.005210917989733,1.0022302351004322,1.0016918473319083,1.0027886392462095
cluster,2.887218045112782,0.9300280830938402,0.1494143887160975,1.0029882877743221,1.0044824316614829,1.0052366091497786,1.0022412158307414,1.0017001772695335,1.0028023693213424
cluster,2.894736842105263,0.9345981399506575,0.15014859477295942,1.0030029718954592,1.004504457843189,1.0052623763650896,1.0022522289215945,1.0017085317557364,1.0028161398594209
cluster,2.9022556390977443,0.9391816455744076,0.15088496145198615,1.0030176992290398,1.0045265488435597,1.0052882197528439,1.0022632744217796,1.001716910827528,1.00282995092145
cluster,2.9097744360902253,0.943778620056794,0.15162349198102607,1.0030324698396205,1.0045487047594308,1.005314139429366,1.0022743523797155,1.0017253145216374,1.0028438025679696
cluster,2.917293233082707,0.9483890833383334,0.15236418956363842,1.003047283791273,1.0045709256869093,1.0053401355101437,1.0022854628434545,1.001733742874518,1.002857694859065
cluster,2.924812030075188,0.9530130552111565,0.1531070573795435,1.003062141147591,1.0045932117213863,1.0053662081098416,1.0022966058606932,1.0017421959223518,1.0028716278543743
cluster,2.932330827067669,0.9576505553217596,0.15385209858506446,1.0030770419717012,1.004615562957552,1.0053923573423194,1.002307781478776,1.0017506737010542,1.0028856016130963
cluster,2.9398496240601504,0.9623016031737075,0.1545993163135618,1.0030919863262713,1.0046379794894067,1.005418583320645,1.0023189897447033,1.0017591762462796,1.002899616193999
cluster,2.9473684210526314,0.9669662181302903,0.15534871367586,1.0031069742735172,1.0046604614102759,1.0054448861571113,1.0023302307051378,1.001767703593426,1.0029136716554283
cluster,2.9548872180451125,0.9716444194171354,0.1561002937606673,1.0031220058752133,1.00468300881282,1.0054712659632488,1.0023415044064101,1.0017762557776393,1.0029277680553152
cluster,2.962406015037594,0.9763362261247712,0.15685405963498741,1.0031370811926996,1.0047056217890495,1.0054977228498416,1.0023528108945248,1.0017848328338188,1.0029419054511832
cluster,2.969924812030075,0.9810416572111441,0.15761001434452404,1.0031522002868904,1.0047283004303356,1.0055242569269416,1.002364150215168,1.0017934347966218,1.0029560839001568
cluster,2.977443609022556,0.9857607315040959,0.15836816091407888,1.0031673632182816,1.0047510448274224,1.0055508683038819,1.0023755224137112,1.001802061700467,1.0029703034589683
cluster,2.9849624060150375,0.9904934677037895,0.15912850234794118,1.0031825700469588,1.0047738550704384,1.0055775570892898,1.002386927535219,1.00181071357954,1.0029845641839648
cluster,2.9924812030075185,0.9952398843850966,0.15989104163027146,1.0031978208326053,1.0047967312489081,1.005604323391102,1.0023983656244542,1.0018193904677974,1.0029988661311164
cluster,3.0,0.9999999999999406,0.1606557817254779,1.0032131156345094,1.0048196734517643,1.0056311673165765,1.002409836725882,1.0018280923989713,1.0030132093560227
local_dense,0.0,0.0,0.0,1.0,1.0,1.0,1.0,1.0,1.0
local_dense,0.007518796992481203,4.6193112606928234e-05,9.851590828523798e-09,1.000000000197032,1.0000000002955478,1.0000000003448057,1.000000000147774,1.00000000012602,1.0000000001701337
local_dense,0.015037593984962405,9.394875189400146e-05,2.0036421238507005e-08,1.0000000004007286,1.0000000006010927,1.0000000007012748,1.0000000003005463,1.0000000002563032,1.0000000003460223
local_dense,0.022556390977443608,0.00014331720028058675,3.05652149459652e-08,1.0000000006113043,1.0000000009169565,1.0000000010697825,1.0000000004584784,1.0000000003909857,1.000000000527851
local_dense,0.03007518796992481,0.00019435025005661472,4.144901767654175e-08,1.0000000008289802,1.0000000012434707,1.0000000014507155,1.0000000006217353,1.0000000005302099,1.000000000715811
local_dense,0.03759398496240601,0.0002471012437865765,5.269920578245571e-08,1.0000000010539842,1.0000000015809762,1.0000000018444721,1.0000000007904881,1.0000000006741208,1.000000000910098
local_dense,0.045112781954887216,0.0003016251156251425,6.432749505387103e-08,1.00000000128655,1.0000000019298247,1.0000000022514623,1.0000000009649124,1.000000000822868,1.0000000011109147
local_dense,0.05263157894736842,0.0003579784335592241,7.634594972784807e-08,1.000000001526919,1.0000000022903783,1.000000002672108,1.0000000011451893,1.0000000009766064,1.0000000013184693
local_dense,0.06015037593984962,0.00041621944259134786,8.87669916980483e-08,1.0000000017753399,1.0000000026630098,1.0000000031068448,1.0000000013315047,1.0000000011354944,1.0000000015329769
local_dense,0.06766917293233082,0.00047640810887906873,1.016034099283335e-07,1.0000000020320683,1.0000000030481024,1.0000000035561194,1.000000001524051,1.000000001299696,1.0000000017546575
local_dense,0.07518796992481203,0.0005386061648450038,1.1486837007336848e-07,1.0000000022973674,1.0000000034460512,1.000000004020393,1.0000000017230255,1.0000000014693795,1.000000001983739
local_dense,0.08270676691729323,0.0006028771552719703,1.2857542430931706e-07,1.0000000025715083,1.0000000038572627,1.0000000045001398,1.0000000019286315,1.0000000016447181,1.0000000022204554
local_dense,0.09022556390977443,0.0006692864843974726,1.4273852137766854e-07,1.0000000028547704,1.0000000042821557,1.0000000049958484,1.0000000021410778,1.0000000018258905,1.0000000024650473
local_dense,0.09774436090225563,0.0007379014640215104,1.5737201684517537e-07,1.0000000031474403,1.0000000047211606,1.0000000055080205,1.0000000023605804,1.00000000201308,1.000000002717763
local_dense,0.10526315789473684,0.0008087913626414963,1.724906835828416e-07,1.0000000034498138,1.0000000051747204,1.000000006037174,1.0000000025873603,1.0000000022064757,1.0000000029788572
local_dense,0.11278195488721804,0.0008820274556276322,1.881097224668098e-07,1.0000000037621943,1.0000000056432916,1.0000000065838401,1.0000000028216458,1.0000000024062723,1.000000003248593
local_dense,0.12030075187969924,0.0009576830764517324,2.0424477330391644e-07,1.0000000040848953,1.0000000061273433,1.000000007148567,1.0000000030636715,1.0000000026126694,1.0000000035272398
local_dense,0.12781954887218044,0.001035833668982076,2.2091192598459897e-07,1.0000000044182387,1.0000000066273578,1.0000000077319176,1.0000000033136789,1.0000000028258733,1.0000000038150763
local_dense,0.13533834586466165,0.0011165568408562912,2.381277318657141e-07,1.0000000047625548,1.000000007143832,1.0000000083344707,1.000000003571916,1.0000000030460954,1.0000000041123873
local_dense,0.14285714285714285,0.0011999324179437461,2.559092153857152e-07,1.0000000051181843,1.0000000076772764,1.0000000089568226,1.0000000038386383,1.0000000032735534,1.000000004419468
local_dense,0.15037593984962405,0.001286042499908232,2.7427388591448847e-07,1.0000000054854776,1.0000000082282166,1.000000009599586,1.0000000041141084,1.0000000035084715,1.0000000047366195
local_dense,0.15789473684210525,0.001374971516880974,2.9323974983998853e-07,1.000000005864795,1.0000000087971923,1.0000000102633912,1.0000000043985962,1.0000000037510801,1.0000000050641538
local_dense,0.16541353383458646,0.001466806287253254,3.12825322893653e-07,1.0000000062565064,1.0000000093847596,1.0000000109488862,1.00000000469238,1.000000004001616,1.0000000054023903
local_dense,0.17293233082706766,0.0015616360765969021,3.330496427163577e-07,1.0000000066609929,1.0000000099914892,1.0000000116567374,1.0000000049957447,1.0000000042603225,1.0000000057516574
local_dense,0.18045112781954886,0.0016595526577199817,3.539322816664738e-07,1.0000000070786457,1.0000000106179683,1.0000000123876298,1.0000000053089841,1.0000000045274502,1.0000000061122938
local_dense,0.18796992481203006,0.0017606503718638382,3.754933598713436e-07,1.0000000075098672,1.0000000112648006,1.0000000131422675,1.0000000056324003,1.0000000048032562,1.0000000064846466
local_dense,0.19548872180451127,0.0018650261910464335,3.977535585232242e-07,1.000000007955071,1.000000011932607,1.0000000139213747,1.0000000059663035,1.0000000050880056,1.0000000068690729
local_dense,0.20300751879699247,0.001972779781555499,4.2073413342045264e-07,1.0000000084146825,1.0000000126220239,1.0000000147256947,1.0000000063110122,1.0000000053819698,1.0000000072659396
local_dense,0.21052631578947367,0.0020840135685936336,4.4445692875428546e-07,1.0000000088891388,1.000000013333708,1.0000000155559925,1.000000006666854,1.0000000056854284,1.0000000076756246
local_dense,0.21804511278195488,0.0021988328020756324,4.6894439114147563e-07,1.0000000093788879,1.0000000140683318,1.0000000164130536,1.000000007034166,1.0000000059986685,1.000000008098515
local_dense,0.22556390977443608,0.002317345623576824,4.942195839023225e-07,1.0000000098843915,1.0000000148265875,1.0000000172976855,1.0000000074132938,1.000000006321985,1.0000000085350091
local_dense,0.23308270676691728,0.0024396631344289353,5.203062015834568e-07,1.000000010406124,1.0000000156091862,1.000000018210717,1.000000007804593,1.0000000066556811,1.0000000089855163
local_dense,0.24060150375939848,0.0025658994649580694,5.472285847242021e-07,1.0000000109445715,1.0000000164168574,1.0000000191530005,1.0000000082084288,1.0000000070000683,1.0000000094504573
local_dense,0.24812030075187969,0.00269617184485699,5.750117348648507e-07,1.0000000115002345,1.000000017250352,1.0000000201254107,1.0000000086251761,1.0000000073554662,1.000000009930263
local_dense,0.2556390977443609,0.002830600674681375,6.036813297946469e-07,1.0000000120736265,1.00000001811044,1.0000000211288467,1.00000000905522,1.0000000077222038,1.0000000104253777
local_dense,0.2631578947368421,0.0029693095984570286,6.332637390367053e-07,1.0000000126652748,1.0000000189979121,1.000000022164231,1.000000009498956,1.0000000081006175,1.0000000109362561
local_dense,0.2706766917293233,0.0031124255773819884,6.637860395664356e-07,1.0000000132757207,1.0000000199135812,1.0000000232325117,1.0000000099567905,1.0000000084910543,1.000000011463366
local_dense,0.2781954887218045,0.003260078964604412,6.952760317594001e-07,1.0000000139055207,1.000000020858281,1.0000000243346612,1.0000000104291404,1.0000000088938699,1.000000012007188
local_dense,0.2857142857142857,0.0034124035810535174,7.277622555637545e-07,1.0000000145552452,1.0000000218328677,1.000000025471679,1.0000000109164338,1.0000000093094288,1.0000000125682145
local_dense,0.2932330827067669,0.0035695367922973435,7.612740068916783e-07,1.0000000152254802,1.0000000228382202,1.0000000266445905,1.00000001141911,1.0000000097381063,1.000000013146951
local_dense,0.3007518796992481,0.003731619586396846,7.958413542232951e-07,1.0000000159168272,1.0000000238752407,1.0000000278544476,1.0000000119376202,1.0000000101802866,1.000000013743918
local_dense,0.3082706766917293,0.003898796652721836,8.314951554157217e-07,1.000000016629903,1.0000000249448546,1.0000000291023308,1.0000000124724273,1.000000010636365,1.0000000143596472
local_dense,0.3157894736842105,0.004071216461689383,8.682670747088532e-07,1.0000000173653414,1.0000000260480122,1.000000030389348,1.000000013024006,1.0000000111067457,1.0000000149946864
local_dense,0.3233082706766917,0.004249031345380576,9.061895999184762e-07,1.000000018123792,1.000000027185688,1.0000000317166362,1.000000013592844,1.0000000115918453,1.0000000156495956
local_dense,0.3308270676691729,0.004432397578986138,9.452960598061472e-07,1.0000000189059213,1.000000028358882,1.0000000330853624,1.0000000141794407,1.0000000120920893,1.0000000163249514
local_dense,0.3383458646616541,0.004621475463025688,9.85620641614071e-07,1.0000000197124128,1.0000000295686193,1.0000000344967226,1.0000000147843096,1.0000000126079156,1.0000000170213434
local_dense,0.3458646616541353,0.004816429406279472,1.027198408751925e-06,1.000000020543968,1.0000000308159525,1.0000000359519445,1.0000000154079762,1.0000000131397724,1.0000000177393777
local_dense,0.3533834586466165,0.005017428009364951,1.0700653186212115e-06,1.0000000214013063,1.0000000321019595,1.0000000374522866,1.0000000160509799,1.0000000136881195,1.0000000184796753
local_dense,0.3609022556390977,0.005224644148883479,1.1142582405611947e-06,1.0000000222851648,1.0000000334277472,1.0000000389990389,1.0000000167138736,1.0000000142534289,1.0000000192428726
local_dense,0.3684210526315789,0.005438255062055427,1.159814973899007e-06,1.0000000231962995,1.000000034794449,1.0000000405935245,1.0000000173972245,1.000000014836184,1.0000000200296222
local_dense,0.37593984962406013,0.005658442431753747,1.2067742660847298e-06,1.0000000241354852,1.000000036203228,1.0000000422370998,1.000000018101614,1.0000000154368804,1.000000020840594
local_dense,0.38345864661654133,0.005885392471838251,1.2551758308906112e-06,1.0000000251035166,1.000000037655275,1.0000000439311547,1.0000000188276374,1.0000000160560263,1.0000000216764728
local_dense,0.39097744360902253,0.006119296012683494,1.3050603666515685e-06,1.0000000261012074,1.0000000391518111,1.0000000456771134,1.0000000195759053,1.0000000166941418,1.0000000225379624
local_dense,0.39849624060150374,0.006360348586784246,1.3564695745222422e-06,1.0000000271293914,1.0000000406940872,1.0000000474764357,1.0000000203470436,1.0000000173517611,1.0000000234257824
local_dense,0.40601503759398494,0.0066087505143125475,1.4094461767237234e-06,1.0000000281889236,1.0000000422833852,1.0000000493306167,1.0000000211416928,1.00000001802943,1.0000000243406708
local_dense,0.41353383458646614,0.006864706988489695,1.464033934750808e-06,1.0000000292806788,1.000000043921018,1.0000000512411882,1.000000021960509,1.0000000187277087,1.0000000252833836
local_dense,0.42105263157894735,0.007128428160625675,1.5202776675083338e-06,1.0000000304055532,1.0000000456083298,1.000000053209719,1.000000022804165,1.0000000194471703,1.0000000262546942
local_dense,0.42857142857142855,0.0074001292246668885,1.5782232693426452e-06,1.0000000315644653,1.0000000473466981,1.0000000552378152,1.000000023673349,1.0000000201884018,1.0000000272553957
local_dense,0.43609022556390975,0.007680030501080584,1.6379177279316012e-06,1.0000000327583545,1.0000000491375318,1.0000000573271213,1.0000000245687657,1.0000000209520048,1.0000000282862993
local_dense,0.44360902255639095,0.007968357519891665,1.6994091419938098e-06,1.000000033988183,1.0000000509822742,1.0000000594793208,1.0000000254911372,1.000000021738594,1.0000000293482358
local_dense,0.45112781954887216,0.00826534110267392,1.7627467387748719e-06,1.0000000352549347,1.0000000528824022,1.0000000616961366,1.000000026441201,1.0000000225487995,1.000000030442055
local_dense,0.45864661654135336,0.008571217443283333,1.8279808912653485e-06,1.000000036559618,1.0000000548394268,1.0000000639793323,1.0000000274197134,1.0000000233832649,1.0000000315686275
local_dense,0.46616541353383456,0.008886228187106465,1.8951631351020404e-06,1.0000000379032625,1.000000056854894,1.000000066330711,1.000000028427447,1.0000000242426506,1.0000000327288425
local_dense,0.47368421052631576,0.00921062050858116,1.9643461851008047e-06,1.0000000392869237,1.0000000589303857,1.0000000687521176,1.0000000294651927,1.00000002512763,1.000000033923611
local_dense,0.48120300751879697,0.009544647186730334,2.0355839513656205e-06,1.0000000407116791,1.0000000610675186,1.0000000712454398,1.0000000305337593,1.0000000260388933,1.0000000351538638
local_dense,0.48872180451127817,0.00988856667843297,2.108931554915074e-06,1.000000042178631,1.0000000632679467,1.0000000738126058,1.0000000316339732,1.0000000269771452,1.0000000364205528
local_dense,0.49624060150375937,0.01024264318913843,2.184445342763578e-06,1.000000043688907,1.0000000655333603,1.0000000764555885,1.0000000327666803,1.0000000279431065,1.000000037724651
local_dense,0.5037593984962405,0.010607146740711889,2.262182902390743e-06,1.000000045243658,1.000000067865487,1.0000000791764032,1.0000000339327435,1.000000028937514,1.000000039067153
local_dense,0.5112781954887218,0.010982353236079639,2.3422030755282657e-06,1.0000000468440615,1.0000000702660925,1.0000000819771093,1.000000035133046,1.0000000299611203,1.000000040449075
local_dense,0.518796992481203,0.011368544520323105,2.4245659711894283e-06,1.0000000484913196,1.000000072736979,1.0000000848598107,1.0000000363684896,1.0000000310146944,1.000000041871455
local_dense,0.5263157894736842,0.011766008437850202,2.509332977862016e-06,1.0000000501866597,1.0000000752799894,1.0000000878266562,1.0000000376399947,1.0000000320990217,1.0000000433353535
local_dense,0.5338345864661653,0.012175038885251429,2.5965667747809214e-06,1.0000000519313355,1.0000000778970033,1.0000000908798392,1.0000000389485015,1.0000000332149035,1.0000000448418522
local_dense,0.5413533834586466,0.0125959358594264,2.686331342192074e-06,1.000000053726627,1.0000000805899403,1.0000000940215992,1.0000000402949702,1.000000034363159,1.0000000463920569
local_dense,0.5488721804511278,0.013029005500544432,2.77869197051463e-06,1.0000000555738395,1.0000000833607592,1.0000000972542213,1.0000000416803796,1.0000000355446226,1.0000000479870943
local_dense,0.556390977443609,0.013474560129380088,2.873715268303516e-06,1.0000000574743053,1.0000000862114582,1.0000001005800367,1.000000043105729,1.000000036760147,1.0000000496281154
local_dense,0.5639097744360901,0.013932918278540953,2.971469168909362e-06,1.0000000594293834,1.0000000891440752,1.0000001040014235,1.0000000445720376,1.0000000380106004,1.000000051316293
local_dense,0.5714285714285714,0.014404404717082125,3.072022935728031e-06,1.0000000614404587,1.000000092160688,1.0000001075208056,1.000000046080344,1.0000000392968695,1.0000000530528235
local_dense,0.5789473684210527,0.014889350467976821,3.1754471659265655e-06,1.0000000635089434,1.000000095263415,1.000000111140654,1.0000000476317075,1.0000000406198573,1.0000000548389258
local_dense,0.5864661654135338,0.01538809281788943,3.2818137925274874e-06,1.0000000656362757,1.000000098454414,1.000000114863486,1.0000000492272068,1.0000000419804838,1.0000000566758425
local_dense,0.593984962406015,0.015900975318672458,3.3911960847280477e-06,1.0000000678239216,1.0000001017358826,1.0000001186918666,1.0000000508679414,1.0000000433796858,1.0000000585648385
local_dense,0.6015037593984962,0.01642834777998405,3.5036686463257706e-06,1.0000000700733729,1.0000001051100593,1.0000001226284063,1.0000000525550299,1.0000000448184185,1.0000000605072026
local_dense,0.6090225563909775,0.016970566252399576,3.6193074121166652e-06,1.0000000723861482,1.0000001085792223,1.0000001266757637,1.000000054289611,1.0000000462976528,1.000000062504246
local_dense,0.6165413533834586,0.01752799300036532,3.7381896421270655e-06,1.0000000747637927,1.0000001121456892,1.0000001308366417,1.0000000560728446,1.000000047818377,1.0000000645573028
local_dense,0.6240601503759398,0.01810099646431979,3.860393913535257e-06,1.0000000772078783,1.0000001158118175,1.0000001351137915,1.0000000579059087,1.0000000493815964,1.0000000666677304
local_dense,0.631578947368421,0.018689951211284073,3.986000110133896e-06,1.0000000797200022,1.0000001195800035,1.0000001395100087,1.0000000597900016,1.0000000509883324,1.000000068836908
local_dense,0.6390977443609023,0.019295237873200317,4.115089409179475e-06,1.000000082301788,1.0000001234526823,1.0000001440281343,1.0000000617263411,1.0000000526396238,1.0000000710662376
local_dense,0.6466165413533834,0.019917243072276433,4.247744265470612e-06,1.0000000849548853,1.000000127432328,1.0000001486710548,1.0000000637161641,1.0000000543365255,1.0000000733571432
local_dense,0.6541353383458646,0.020556359332573427,4.384048392492308e-06,1.0000000876809678,1.000000131521452,1.0000001534416998,1.0000000657607258,1.0000000560801081,1.0000000757110705
local_dense,0.6616541353383458,0.021212984977053494,4.524086740459428e-06,1.0000000904817348,1.0000001357226023,1.0000001583430422,1.000000067861301,1.000000057871458,1.0000000781294867
local_dense,0.6691729323308271,0.021887524009289047,4.667945471088817e-06,1.0000000933589095,1.000000140038364,1.0000001633780982,1.000000070019182,1.0000000597116778,1.0000000806138796
local_dense,0.6766917293233082,0.022580385979016602,4.815711928926022e-06,1.0000000963142386,1.000000144471358,1.0000001685499247,1.000000072235679,1.0000000616018851,1.0000000831657576
local_dense,0.6842105263157894,0.023291985830706557,4.967474609049816e-06,1.0000000993494922,1.0000001490242383,1.0000001738616189,1.0000000745121191,1.0000000635432111,1.0000000857866491
local_dense,0.6917293233082706,0.02402274373430786,5.123323120975165e-06,1.0000001024664624,1.0000001536996936,1.0000001793163174,1.0000000768498467,1.0000000655368027,1.0000000884781015
local_dense,0.6992481203007519,0.024773084897318175,5.283348148573492e-06,1.000000105666963,1.0000001585004445,1.0000001849171938,1.0000000792502222,1.0000000675838194,1.0000000912416809
local_dense,0.706766917293233,0.025543439357324667,5.44764140582791e-06,1.000000108952828,1.0000001634292421,1.0000001906674583,1.000000081714621,1.0000000696854348,1.0000000940789713
local_dense,0.7142857142857142,0.026334241754158463,5.616295588240679e-06,1.0000001123259117,1.0000001684888677,1.0000001965703553,1.0000000842444339,1.0000000718428346,1.0000000969915734
local_dense,0.7218045112781954,0.027145931080806648,5.789404319710284e-06,1.0000001157880865,1.0000001736821296,1.0000002026291617,1.0000000868410648,1.0000000740572161,1.0000000999811043
local_dense,0.7293233082706767,0.027978950412232664,5.9670620946970394e-06,1.000000119341242,1.0000001790118629,1.0000002088471842,1.0000000895059313,1.0000000763297885,1.0000001030491954
local_dense,0.7368421052631579,0.02883374661126477,6.149364215498024e-06,1.0000001229872844,1.0000001844809263,1.0000002152277592,1.0000000922404633,1.0000000786617707,1.0000001061974928
local_dense,0.744360902255639,0.029710770010727992,6.336406724455447e-06,1.0000001267281344,1.0000001900922015,1.0000002217742476,1.0000000950461008,1.000000081054391,1.0000001094276556
local_dense,0.7518796992481203,0.03061047407101552,6.528286330927015e-06,1.0000001305657267,1.00000019584859,1.0000002284900347,1.000000097924295,1.0000000835088871,1.000000112741353
local_dense,0.7593984962406015,0.03153331501232086,6.725100332852194e-06,1.0000001345020066,1.00000020175301,1.0000002353785256,1.0000001008765051,1.0000000860265033,1.000000116140266
local_dense,0.7669172932330827,0.03247975142078485,6.926946532755304e-06,1.0000001385389308,1.0000002078083958,1.0000002424431436,1.0000001039041981,1.0000000886084903,1.000000119626083
local_dense,0.7744360902255638,0.03345024382785025,7.133923148034601e-06,1.0000001426784628,1.0000002140176945,1.0000002496873257,1.0000001070088473,1.0000000912561051,1.0000001232005011
local_dense,0.7819548872180451,0.03444525426216166,7.346128715396121e-06,1.0000001469225746,1.0000002203838616,1.0000002571145217,1.0000001101919307,1.0000000939706075,1.0000001268652214
local_dense,0.7894736842105263,0.03546524577340195,7.5636619893024104e-06,1.0000001512732397,1.0000002269098596,1.0000002647281871,1.00000011345493,1.0000000967532616,1.0000001306219493
local_dense,0.7969924812030075,0.03651068192751754,7.786621834319383e-06,1.0000001557324367,1.0000002335986549,1.0000002725317827,1.0000001167993275,1.0000000996053313,1.0000001344723923
local_dense,0.8045112781954886,0.03758202627285169,8.015107111258736e-06,1.0000001603021422,1.0000002404532133,1.0000002805287687,1.0000001202266067,1.0000001025280818,1.0000001384182577
local_dense,0.8120300751879699,0.03867974177678452,8.249216557030336e-06,1.000000164984331,1.0000002474764966,1.0000002887226005,1.0000001237382485,1.0000001055227756,1.0000001424612506
local_dense,0.8195488721804511,0.039804290232562,8.48904865813682e-06,1.000000169780973,1.0000002546714597,1.000000297116725,1.00000012733573,1.0000001085906731,1.000000146603072
local_dense,0.8270676691729323,0.040956131636092415,8.734701517763177e-06,1.0000001746940304,1.0000002620410455,1.0000003057145765,1.0000001310205229,1.0000001117330286,1.000000150845416
local_dense,0.8345864661654134,0.04213572353259263,8.986272716436192e-06,1.0000001797254543,1.0000002695881813,1.0000003145195697,1.0000001347940906,1.0000001149510906,1.0000001551899675
local_dense,0.8421052631578947,0.04334352033307853,9.24385916625258e-06,1.0000001848771831,1.0000002773157752,1.000000323535097,1.0000001386578874,1.000000118246099,1.0000001596384007
local_dense,0.849624060150376,0.044579972600819105,9.507556958701265e-06,1.000000190151139,1.000000285226709,1.0000003327645213,1.0000001426133542,1.0000001216192826,1.0000001641923748
local_dense,0.8571428571428571,0.04584552630800444,9.777461206133195e-06,1.0000001955492241,1.0000002933238363,1.0000003422111716,1.0000001466619182,1.0000001250718584,1.000000168853532
local_dense,0.8646616541353382,0.04714062206302062,1.0053665876962497e-05,1.0000002010733176,1.0000003016099763,1.0000003518783367,1.000000150804988,1.0000001286050284,1.0000001736234956
local_dense,0.8721804511278195,0.048465694308876504,1.0336263624715206e-05,1.0000002067252725,1.0000003100879087,1.0000003617692597,1.0000001550439543,1.0000001322199776,1.0000001785038657
local_dense,0.8796992481203008,0.04982117049348758,1.0625345611075961e-05,1.0000002125069123,1.0000003187603683,1.000000371887131,1.0000001593801842,1.0000001359178723,1.0000001834962162
local_dense,0.8872180451127819,0.05120747021269265,1.0921001323119438e-05,1.0000002184200265,1.0000003276300398,1.000000382235083,1.00000016381502,1.000000139699857,1.0000001886020928
local_dense,0.894736842105263,0.052625004327058224,1.1223318384951483e-05,1.0000002244663677,1.0000003366995516,1.000000392816182,1.0000001683497757,1.0000001435670527,1.000000193823009
local_dense,0.9022556390977443,0.05407417405371141,1.1532382364024629e-05,1.0000002306476472,1.000000345971471,1.0000004036334236,1.0000001729857353,1.000000147520554,1.000000199160442
local_dense,0.9097744360902256,0.05555537003463798,1.1848276572434258e-05,1.0000002369655316,1.0000003554482972,1.0000004146897232,1.0000001777241487,1.0000001515614267,1.0000002046158307
local_dense,0.9172932330827067,0.057068971383083276,1.2171081863544874e-05,1.0000002434216373,1.000000365132456,1.0000004259879105,1.000000182566228,1.000000155690705,1.0000002101905718
local_dense,0.9248120300751879,0.058615344709901936,1.2500876424339975e-05,1.0000002500175285,1.000000375026293,1.0000004375307228,1.0000001875131463,1.000000159909389,1.000000215886015
local_dense,0.9323308270676691,0.060194843131915594,1.2837735563934819e-05,1.0000002567547113,1.000000385132067,1.0000004493207952,1.0000001925660333,1.0000001642184422,1.0000002217034616
local_dense,0.9398496240601504,0.06180780526455327,1.3181731498737146e-05,1.0000002636346301,1.000000395451945,1.000000461360656,1.0000001977259727,1.000000168618788,1.0000002276441577
local_dense,0.9473684210526315,0.06345455420127302,1.353293313478876e-05,1.0000002706586628,1.0000004059879941,1.000000473652716,1.000000202993997,1.000000173111308,1.0000002337092944
local_dense,0.9548872180451127,0.06513539648248108,1.3891405847867218e-05,1.000000277828117,1.0000004167421754,1.0000004861992637,1.0000002083710877,1.0000001776968388,1.0000002399
local_dense,0.9624060150375939,0.06685062105688955,1.425721126197492e-05,1.0000002851442253,1.000000427716338,1.0000004990024565,1.0000002138581687,1.0000001823761682,1.0000002462173387
local_dense,0.9699248120300752,0.06860049823847271,1.4630407026889499e-05,1.0000002926081406,1.0000004389122108,1.0000005120643116,1.0000002194561053,1.0000001871500341,1.0000002526623066
local_dense,0.9774436090225563,0.07038527866240048,1.501104659549606e-05,1.0000003002209321,1.000000450331398,1.0000005253867,1.000000225165699,1.0000001920191202,1.0000002592358264
local_dense,0.9849624060150375,0.0722051922435391,1.539917900166698e-05,1.00000030798358,1.00000046197537,1.0000005389713378,1.0000002309876852,1.000000196984053,1.0000002659387452
local_dense,0.9924812030075187,0.07406044714131488,1.579484863949867e-05,1.0000003158969728,1.0000004738454593,1.0000005528197788,1.0000002369227294,1.0000002020454015,1.0000002727718293
local_dense,1.0,0.07595122873493314,1.619809504475687e-05,1.0000003239619009,1.0000004859428513,1.000000566933407,1.0000002429714256,1.0000002072036707,1.0000002797357619
local_dense,1.007518796992481,0.07787769861313115,1.6608952679421575e-05,1.0000003321790536,1.0000004982685804,1.0000005813134283,1.0000002491342903,1.0000002124593017,1.000000286831138
local_dense,1.0150375939849623,0.07983999358281496,1.702745072025929e-05,1.0000003405490143,1.0000005108235215,1.0000005959608642,1.0000002554117609,1.0000002178126675,1.0000002940584611
local_dense,1.0225563909774436,0.08183822470108679,1.7453612852383832e-05,1.000000349072257,1.0000005236083855,1.0000006108765433,1.0000002618041925,1.0000002232640712,1.0000003014181407
local_dense,1.0300751879699248,0.08387247633531006,1.7887457068796687e-05,1.0000003577491414,1.0000005366237121,1.0000006260610956,1.000000268311856,1.0000002288137435,1.0000003089104872
local_dense,1.037593984962406,0.08594280525597868,1.8328995476923517e-05,1.0000003665799095,1.0000005498698643,1.0000006415149447,1.0000002749349322,1.0000002344618384,1.00000031653571
local_dense,1.045112781954887,0.08804923976725224,1.877823411318368e-05,1.0000003755646822,1.0000005633470235,1.000000657238302,1.0000002816735116,1.0000002402084336,1.000000324293913
local_dense,1.0526315789473684,0.09019177888009422,1.9235172766645667e-05,1.0000003847034553,1.000000577055183,1.0000006732311604,1.0000002885275914,1.000000246053526,1.0000003321850932
local_dense,1.0601503759398496,0.09237039153299528,1.9699804812830985e-05,1.0000003939960962,1.0000005909941443,1.0000006894932876,1.0000002954970721,1.0000002519970315,1.0000003402091353
local_dense,1.0676691729323307,0.09458501586528224,2.0172117058733023e-05,1.0000004034423413,1.0000006051635117,1.000000706024222,1.0000003025817559,1.000000258038781,1.0000003483658122
local_dense,1.075187969924812,0.09683555854800237,2.0652089600114906e-05,1.0000004130417919,1.000000619562688,1.0000007228232668,1.000000309781344,1.0000002641785197,1.0000003566547797
local_dense,1.0827067669172932,0.09912189417732359,2.113969569214019e-05,1.0000004227939137,1.0000006341908707,1.0000007398894863,1.0000003170954355,1.000000270415906,1.0000003650755762
local_dense,1.0902255639097744,0.10144386473532142,2.1634901634375027e-05,1.0000004326980325,1.000000649047049,1.000000757221701,1.0000003245235245,1.000000276750508,1.0000003736276195
local_dense,1.0977443609022557,0.10380127912290092,2.213766667117458e-05,1.0000004427533333,1.00000066413,1.0000007748184838,1.0000003320650002,1.0000002831818051,1.000000382310206
local_dense,1.1052631578947367,0.10619391276946084,2.2647942908436235e-05,1.000000452958858,1.0000006794382872,1.0000007926781593,1.0000003397191437,1.0000002897091842,1.0000003911225084
local_dense,1.112781954887218,0.10862150732371849,2.316567524766189e-05,1.000000463313505,1.0000006949702573,1.0000008107987985,1.0000003474851287,1.0000002963319408,1.0000004000635752
local_dense,1.1203007518796992,0.11108377042988876,2.369080133822374e-05,1.0000004738160269,1.00000071072404,1.000000829178219,1.00000035536202,1.0000003030492775,1.0000004091323298
local_dense,1.1278195488721803,0.1135803755931555,2.4223251548673396e-05,1.0000004844650308,1.0000007266975466,1.0000008478139841,1.000000363348773,1.000000309860303,1.0000004183275695
local_dense,1.1353383458646615,0.11611096213807096,2.4762948957869754e-05,1.0000004952589792,1.000000742888469,1.0000008667034017,1.0000003714442345,1.0000003167640334,1.000000427647966
local_dense,1.1428571428571428,0.11867513526318672,2.5309809366630104e-05,1.0000005061961874,1.0000007592942812,1.0000008858435243,1.0000003796471406,1.0000003237593922,1.0000004370920648
local_dense,1.150375939849624,0.12127246619484969,2.5863741330530155e-05,1.0000005172748268,1.0000007759122398,1.0000009052311518,1.00000038795612,1.000000330845209,1.0000004466582872
local_dense,1.1578947368421053,0.12390249244269225,2.642464621439236e-05,1.0000005284929243,1.0000007927393864,1.0000009248628319,1.0000003963696933,1.0000003380202225,1.0000004563449296
local_dense,1.1654135338345863,0.12656471815890669,2.6992418268908222e-05,1.0000005398483653,1.0000008097725481,1.000000944734863,1.000000404886274,1.00000034528308,1.0000004661501658
local_dense,1.1729323308270676,0.12925861460292745,2.756694472974099e-05,1.0000005513388945,1.0000008270083418,1.0000009648432988,1.000000413504171,1.0000003526323384,1.0000004760720482
local_dense,1.1804511278195489,0.13198362071264877,2.8148105939349004e-05,1.000000562962119,1.000000844443178,1.000000985183951,1.000000422221589,1.0000003600664682,1.000000486108511
local_dense,1.18796992481203,0.1347391437827821,2.8735775491658836e-05,1.0000005747155098,1.0000008620732648,1.0000010057523956,1.0000004310366324,1.0000003675838514,1.0000004962573703
local_dense,1.1954887218045112,0.1375245602504184,2.9329820399601877e-05,1.000000586596408,1.0000008798946118,1.000001026543978,1.000000439947306,1.0000003751827873,1.00000050651633
local_dense,1.2030075187969924,0.1403392165872923,2.9930101285407226e-05,1.0000005986020257,1.0000008979030388,1.00000104755382,1.0000004489515193,1.000000382861493,1.000000516882983
local_dense,1.2105263157894737,0.14318243029767577,3.053647259342222e-05,1.0000006107294517,1.0000009160941778,1.0000010687768268,1.000000458047089,1.0000003906181063,1.0000005273548158
local_dense,1.218045112781955,0.14605349102023693,3.1148782825105466e-05,1.0000006229756564,1.0000009344634848,1.0000010902076966,1.0000004672317424,1.0000003984506896,1.0000005379292116
local_dense,1.225563909774436,0.14895166173161042,3.176687479571195e-05,1.000000635337496,1.000000953006244,1.0000011118409275,1.000000476503122,1.0000004063572319,1.0000005486034562
local_dense,1.2330827067669172,0.15187618004883296,3.239058591206305e-05,1.000000647811718,1.0000009717175775,1.0000011336708288,1.0000004858587888,1.0000004143356533,1.0000005593747416
local_dense,1.2406015037593985,0.1548262596272023,3.301974847066751e-05,1.0000006603949694,1.000000990592454,1.000001155691531,1.0000004952962271,1.0000004223838093,1.0000005702401715
local_dense,1.2481203007518795,0.1578010916495449,3.365418997533705e-05,1.0000006730837996,1.0000010096256993,1.0000011778969966,1.0000005048128495,1.0000004304994925,1.0000005811967672
local_dense,1.2556390977443608,0.1607998464023026,3.4293733473317935e-05,1.0000006858746695,1.000001028812004,1.0000012002810323,1.000000514406002,1.0000004386804398,1.0000005922414728
local_dense,1.263157894736842,0.1638216749333029,3.49381979088431e-05,1.000000698763958,1.0000010481459374,1.0000012228373014,1.0000005240729686,1.0000004469243349,1.000000603371161
local_dense,1.2706766917293233,0.16686571078555018,3.5587398492897246e-05,1.00000071174797,1.0000010676219548,1.000001245559336,1.0000005338109774,1.000000455228814,1.000000614582641
local_dense,1.2781954887218046,0.16993107180087935,3.6241147087881555e-05,1.0000007248229417,1.0000010872344127,1.000001268440551,1.0000005436172064,1.000000463591471,1.0000006258726637
local_dense,1.2857142857142856,0.17301686198684574,3.689925260576466e-05,1.0000007379850522,1.0000011069775783,1.0000012914742589,1.0000005534887892,1.0000004720098608,1.000000637237929
local_dense,1.2932330827067668,0.17612217343979916,3.7561521418216094e-05,1.0000007512304283,1.0000011268456426,1.0000013146536824,1.0000005634228213,1.0000004804815068,1.0000006486750932
local_dense,1.300751879699248,0.17924608831670308,3.822775777713554e-05,1.0000007645551556,1.0000011468327332,1.0000013379719705,1.0000005734163666,1.0000004890039051,1.0000006601807754
local_dense,1.3082706766917291,0.18238768084791784,3.889776424391848e-05,1.0000007779552849,1.0000011669329272,1.0000013614222127,1.0000005834664636,1.0000004975745302,1.0000006717515664
local_dense,1.3157894736842104,0.18554601938287618,3.9571342125736776e-05,1.0000007914268425,1.0000011871402639,1.0000013849974547,1.000000593570132,1.0000005061908404,1.0000006833840343
local_dense,1.3233082706766917,0.18872016846033166,4.024829191705994e-05,1.0000008049658382,1.0000012074487574,1.000001408690714,1.000000603724379,1.0000005148502835,1.0000006950747342
local_dense,1.330827067669173,0.1919091908946805,4.092841374460433e-05,1.000000818568275,1.0000012278524124,1.0000014324949948,1.0000006139262063,1.0000005235503027,1.0000007068202137
local_dense,1.3383458646616542,0.19511214986971764,4.161150781386783e-05,1.0000008322301561,1.0000012483452343,1.0000014564033048,1.0000006241726171,1.0000005322883423,1.0000007186170234
local_dense,1.3458646616541352,0.19832811103111428,4.2297374855391944e-05,1.0000008459474972,1.0000012689212456,1.0000014804086688,1.000000634460623,1.0000005410618535,1.000000730461721
local_dense,1.3533834586466165,0.20155614456889215,4.298581656889037e-05,1.0000008597163312,1.000001289574497,1.0000015045041468,1.0000006447872485,1.0000005498682996,1.0000007423508825
local_dense,1.3609022556390977,0.2047953272811985,4.367663606338973e-05,1.0000008735327213,1.000001310299082,1.0000015286828474,1.000000655149541,1.000000558705162,1.0000007542811076
local_dense,1.3684210526315788,0.20804474461079805,4.436963829155151e-05,1.000000887392766,1.0000013310891487,1.0000015529379442,1.0000006655445743,1.0000005675699455,1.0000007662490276
local_dense,1.37593984962406,0.2113034926458415,4.506463047637538e-05,1.0000009012926097,1.0000013519389142,1.0000015772626898,1.000000675969457,1.000000576460184,1.0000007782513134
local_dense,1.3834586466165413,0.21457068007668983,4.576142252853049e-05,1.0000009152284506,1.000001372842676,1.000001601650431,1.000000686421338,1.0000005853734464,1.0000007902846826
local_dense,1.3909774436090225,0.2178454301008342,4.645982745261716e-05,1.0000009291965493,1.0000013937948236,1.0000016260946232,1.0000006968974118,1.0000005943073405,1.0000008023459053
local_dense,1.3984962406015038,0.22112688226826854,4.7159661740728905e-05,1.0000009431932348,1.0000014147898522,1.0000016505888432,1.0000007073949262,1.0000006032595186,1.0000008144318127
local_dense,1.4060150375939848,0.22441419426003734,4.786074575176281e-05,1.000000957214915,1.0000014358223726,1.000001675126804,1.0000007179111863,1.000000612227683,1.0000008265393026
local_dense,1.413533834586466,0.2277065435930895,4.8562904075013116e-05,1.0000009712580815,1.0000014568871223,1.0000016997023662,1.0000007284435612,1.00000062120959,1.0000008386653454
local_dense,1.4210526315789473,0.23100312924501923,4.926596587667925e-05,1.0000009853193175,1.0000014779789763,1.0000017243095503,1.0000007389894883,1.000000630203054,1.0000008508069909
local_dense,1.4285714285714284,0.23430317319276778,4.99697652280243e-05,1.0000009993953045,1.0000014990929569,1.000001748942549,1.0000007495464784,1.0000006392059528,1.0000008629613737
local_dense,1.4360902255639096,0.2376059218598757,5.067414141403e-05,1.0000010134828283,1.0000015202242425,1.0000017735957374,1.0000007601121212,1.0000006482162305,1.0000008751257181
local_dense,1.443609022556391,0.2409106474674247,5.137893922151168e-05,1.0000010275787845,1.0000015413681766,1.0000017982636829,1.0000007706840883,1.0000006572319011,1.000000887297344
local_dense,1.4511278195488722,0.24421664928438788,5.208400920578014e-05,1.0000010416801843,1.0000015625202763,1.0000018229411545,1.0000007812601381,1.0000006662510537,1.0000008994736702
local_dense,1.4586466165413534,0.24752325477368783,5.278920793506101e-05,1.0000010557841588,1.000001583676238,1.000001847623133,1.000000791838119,1.0000006752718529,1.0000009116522197
local_dense,1.4661654135338344,0.25082982063087544,5.3494398212013534e-05,1.0000010698879642,1.0000016048319464,1.0000018723048154,1.0000008024159734,1.0000006842925444,1.0000009238306236
local_dense,1.4736842105263157,0.254135733712953,5.419944927182039e-05,1.0000010839889855,1.000001625983478,1.0000018969816258,1.000000812991739,1.0000006933114545,1.0000009360066229
local_dense,1.481203007518797,0.25744041185547756,5.4904236956451004e-05,1.0000010980847391,1.0000016471271087,1.0000019216492182,1.0000008235635542,1.000000702326996,1.0000009481780738
local_dense,1.488721804511278,0.2607433045767078,5.5608643864834774e-05,1.0000011121728773,1.000001668259316,1.0000019463034842,1.000000834129658,1.0000007113376663,1.000000960342949
local_dense,1.4962406015037593,0.26404389366815023,5.63125594788067e-05,1.0000011262511896,1.0000016893767842,1.0000019709405548,1.0000008446883923,1.0000007203420522,1.0000009724993395
local_dense,1.5037593984962405,0.2673416936714783,5.701588026481971e-05,1.0000011403176052,1.0000017104764078,1.0000019955568067,1.000000855238204,1.0000007293388293,1.0000009846454576
local_dense,1.5112781954887218,0.270636252242366,5.771850975153941e-05,1.000001154370195,1.0000017315552925,1.0000020201488635,1.0000008657776462,1.0000007383267633,1.0000009967796373
local_dense,1.518796992481203,0.2739271504023571,5.842035858356014e-05,1.0000011684071717,1.0000017526107574,1.0000020447135975,1.0000008763053787,1.0000007473047112,1.0000010089003353
local_dense,1.526315789473684,0.27721400268042334,5.912134455159498e-05,1.000001182426891,1.0000017736403366,1.0000020692481317,1.0000008868201684,1.0000007562716215,1.0000010210061319
local_dense,1.5338345864661653,0.2804964571463891,5.982139259960431e-05,1.000001196427852,1.000001794641778,1.000002093749839,1.000000897320889,1.0000007652265341,1.000001033095731
local_dense,1.5413533834586466,0.2837741953388856,6.052043480943057e-05,1.0000012104086962,1.0000018156130441,1.000002118216342,1.0000009078065222,1.0000007741685801,1.0000010451679595
local_dense,1.5488721804511276,0.28704693209095583,6.121841036360511e-05,1.0000012243682073,1.000001836552311,1.0000021426455126,1.0000009182761553,1.000000783096982,1.000001057221767
local_dense,1.5563909774436089,0.2903144152568578,6.191526548708359e-05,1.0000012383053096,1.0000018574579648,1.0000021670354682,1.0000009287289822,1.000000792011051,1.0000010692562253
local_dense,1.5639097744360901,0.2935764253439917,6.261095336874715e-05,1.0000012522190673,1.000001878328601,1.0000021913845707,1.0000009391643003,1.0000008009101888,1.0000010812705258
local_dense,1.5714285714285714,0.29683277505424366,6.330543406358503e-05,1.0000012661086812,1.000001899163022,1.000002215691422,1.000000949581511,1.0000008097938848,1.0000010932639787
local_dense,1.5789473684210527,0.30008330873933425,6.399867437653687e-05,1.0000012799734876,1.0000019199602315,1.0000022399548598,1.0000009599801156,1.0000008186617135,1.00000110523601
local_dense,1.5864661654135337,0.303327901775045,6.469064772903414e-05,1.0000012938129546,1.000001940719432,1.0000022641739545,1.000000970359716,1.0000008275133359,1.0000011171861618
local_dense,1.593984962406015,0.3065664598594316,6.538133400933038e-05,1.0000013076266803,1.0000019614400204,1.0000022883480018,1.0000009807200103,1.0000008363484942,1.0000011291140862
local_dense,1.6015037593984962,0.3097989182403165,6.607071940774873e-05,1.0000013214143884,1.0000019821215822,1.0000023124765185,1.0000009910607912,1.0000008451670117,1.0000011410195448
local_dense,1.6090225563909772,0.3130252408775257,6.675879623801241e-05,1.000001335175925,1.0000020027638872,1.0000023365592356,1.0000010013819436,1.0000008539687901,1.0000011529024049
local_dense,1.6165413533834585,0.3162454195454406,6.744556274584633e-05,1.000001348911255,1.0000020233668823,1.0000023605960917,1.0000010116834412,1.0000008627538073,1.0000011647626361
local_dense,1.6240601503759398,0.3194594728815258,6.813102290605675e-05,1.0000013626204582,1.0000020439306871,1.000002384587226,1.0000010219653437,1.0000008715221136,1.0000011766003072
local_dense,1.631578947368421,0.3226674453865305,6.88151862093047e-05,1.000001376303724,1.0000020644555863,1.0000024085329702,1.0000010322277932,1.000000880273831,1.000001188415582
local_dense,1.6390977443609023,0.3258694063820812,6.949806743979201e-05,1.000001389961349,1.000002084942023,1.0000024324338421,1.0000010424710115,1.000000889009148,1.0000012002087157
local_dense,1.6466165413533833,0.32906544893135153,7.017968644507292e-05,1.0000014035937288,1.0000021053905932,1.0000024562905367,1.0000010526952967,1.0000008977283192,1.0000012119800512
local_dense,1.6541353383458646,0.3322556887284472,7.086006789919355e-05,1.000001417201358,1.000002125802037,1.000002480103917,1.0000010629010185,1.0000009064316595,1.0000012237300144
local_dense,1.6616541353383458,0.3354402629620554,7.153924106034273e-05,1.000001430784821,1.000002146177232,1.0000025038750073,1.000001073088616,1.0000009151195435,1.0000012354591112
local_dense,1.6691729323308269,0.3386193291588034,7.221723952417552e-05,1.0000014443447904,1.0000021665171857,1.0000025276049833,1.0000010832585928,1.0000009237924012,1.0000012471679212
local_dense,1.6766917293233081,0.34179306401162873,7.289410097394004e-05,1.0000014578820196,1.000002186823029,1.0000025512951642,1.0000010934115147,1.0000009324507142,1.0000012588570952
local_dense,1.6842105263157894,0.34496166219830593,7.356986692850496e-05,1.0000014713973386,1.000002207096008,1.0000025749470032,1.0000011035480039,1.0000009410950137,1.0000012705273504
local_dense,1.6917293233082706,0.348125335195098,7.424458248934748e-05,1.0000014848916499,1.0000022273374747,1.0000025985620784,1.0000011136687375,1.0000009497258768,1.000001282179466
local_dense,1.699248120300752,0.3512843100902958,7.49182960875171e-05,1.0000014983659218,1.0000022475488826,1.000002622142085,1.0000011237744413,1.0000009583439229,1.0000012938142777
local_dense,1.706766917293233,0.3544388284021998,7.559105923154698e-05,1.0000015118211847,1.0000022677317768,1.0000026456888262,1.0000011338658885,1.000000966949811,1.0000013054326753
local_dense,1.7142857142857142,0.3575891449058652,7.626292625723432e-05,1.000001525258525,1.0000022878877877,1.0000026692042034,1.0000011439438938,1.000000975544236,1.0000013170355975
local_dense,1.7218045112781954,0.36073552647269086,7.693395408015974e-05,1.0000015386790817,1.0000023080186222,1.0000026926902088,1.0000011540093112,1.000000984127926,1.0000013286240266
local_dense,1.7293233082706765,0.3638782509266863,7.760420195176377e-05,1.000001552084039,1.0000023281260586,1.000002716148916,1.0000011640630293,1.0000009927016393,1.0000013401989865
local_dense,1.7368421052631577,0.36701760592098515,7.827373121974118e-05,1.0000015654746244,1.0000023482119365,1.0000027395824724,1.0000011741059682,1.00000100126616,1.0000013517615365
local_dense,1.744360902255639,0.37015388783791503,7.894260509345926e-05,1.0000015788521017,1.0000023682781527,1.0000027629930903,1.0000011841390763,1.0000010098222971,1.0000013633127676
local_dense,1.7518796992481203,0.3732874007156637,7.96108884150482e-05,1.0000015922177683,1.0000023883266524,1.0000027863830392,1.0000011941633262,1.0000010183708798,1.0000013748538001
local_dense,1.7593984962406015,0.3764184552043135,8.027864743675492e-05,1.0000016055729486,1.0000024083594232,1.0000028097546376,1.0000012041797115,1.000001026912756,1.0000013863857784
local_dense,1.7669172932330826,0.37954736755374296,8.094594960509312e-05,1.0000016189189922,1.000002428378488,1.0000028331102464,1.000001214189244,1.000001035448788,1.000001397909867
local_dense,1.7744360902255638,0.38267445863562694,8.16128633522656e-05,1.0000016322572671,1.0000024483859007,1.000002856452261,1.0000012241929503,1.0000010439798517,1.0000014094272474
local_dense,1.781954887218045,0.3858000530015034,8.22794578952784e-05,1.0000016455891578,1.000002468383737,1.0000028797831033,1.0000012341918685,1.0000010525068317,1.0000014209391155
local_dense,1.789473684210526,0.3889244779786081,8.294580304310978e-05,1.000001658916061,1.0000024883740912,1.0000029031052173,1.0000012441870456,1.0000010610306218,1.0000014324466766
local_dense,1.7969924812030074,0.3920480628049294,8.361196901224362e-05,1.0000016722393803,1.0000025083590705,1.0000029264210604,1.0000012541795353,1.0000010695521198,1.0000014439511433
local_dense,1.8045112781954886,0.3951711378046756,8.42780262508216e-05,1.000001685560525,1.0000025283407876,1.000002949733098,1.000001264170394,1.0000010780722268,1.0000014554537324
local_dense,1.8120300751879699,0.3982940336051172,8.494404527161933e-05,1.0000016988809053,1.0000025483213582,1.0000029730437983,1.000001274160679,1.0000010865918452,1.0000014669556614
local_dense,1.8195488721804511,0.4014170803955216,8.561009649399972e-05,1.0000017122019298,1.0000025683028948,1.0000029963556258,1.0000012841514474,1.0000010951118752,1.0000014784581464
local_dense,1.8270676691729322,0.4045406072286809,8.627625009494982e-05,1.000001725525002,1.000002588287503,1.000003019671037,1.0000012941437515,1.000001103633215,1.0000014899623992
local_dense,1.8345864661654134,0.4076649413653186,8.694257586926294e-05,1.0000017388515174,1.000002608277276,1.0000030429924744,1.0000013041386382,1.0000011121567571,1.0000015014696257
local_dense,1.8421052631578947,0.41079040766144814,8.760914309888044e-05,1.000001752182862,1.000002628274293,1.0000030663223634,1.0000013141371464,1.000001120683388,1.000001512981022
local_dense,1.8496240601503757,0.4139173279985822,8.827602043137296e-05,1.0000017655204085,1.000002648280613,1.0000030896631058,1.0000013241403063,1.0000011292139857,1.0000015244977738
local_dense,1.857142857142857,0.4170460207564866,8.894327576749459e-05,1.0000017788655153,1.000002668298273,1.000003113017079,1.0000013341491365,1.0000011377494187,1.0000015360210535
local_dense,1.8646616541353382,0.42017680032802407,8.961097615771383e-05,1.0000017922195232,1.0000026883292847,1.0000031363866293,1.0000013441646423,1.0000011462905447,1.0000015475520192
local_dense,1.8721804511278195,0.42330997667546266,9.02791877075877e-05,1.0000018055837543,1.0000027083756313,1.0000031597740704,1.0000013541878154,1.0000011548382093,1.0000015590918123
local_dense,1.8796992481203008,0.42644585492748344,9.094797549181555e-05,1.00000181895951,1.0000027284392647,1.00000318318168,1.0000013642196324,1.0000011633932453,1.000001570641557
local_dense,1.8872180451127818,0.4295847350159875,9.161740347678112e-05,1.0000018323480695,1.0000027485221044,1.0000032066116968,1.000001374261052,1.0000011719564705,1.0000015822023576
local_dense,1.894736842105263,0.43272691135167923,9.228753445136415e-05,1.0000018457506892,1.0000027686260333,1.0000032300663189,1.0000013843130167,1.0000011805286881,1.0000015937752986
local_dense,1.9022556390977443,0.43587267253729794,9.295842996578158e-05,1.0000018591685993,1.000002788752899,1.0000032535477,1.0000013943764494,1.000001189110686,1.000001605361443
local_dense,1.9097744360902253,0.43902230111726614,9.363015027819495e-05,1.0000018726030055,1.0000028089045083,1.0000032770579494,1.0000014044522543,1.0000011977032341,1.0000016169618315
local_dense,1.9172932330827066,0.44217607336244613,9.430275430880553e-05,1.000001886055086,1.0000028290826293,1.0000033005991293,1.0000014145413145,1.0000012063070869,1.0000016285774813
local_dense,1.9248120300751879,0.44533425908860974,9.497629960113946e-05,1.000001899525992,1.000002849288988,1.0000033241732538,1.0000014246444942,1.0000012149229802,1.0000016402093865
local_dense,1.9323308270676691,0.44849712150717913,9.565084229021531e-05,1.0000019130168458,1.0000028695252685,1.0000033477822872,1.0000014347626345,1.0000012235516318,1.0000016518585162
local_dense,1.9398496240601504,0.4516649171067268,9.632643707727152e-05,1.0000019265287416,1.0000028897931124,1.0000033714281444,1.0000014448965562,1.000001232193742,1.0000016635258155
local_dense,1.9473684210526314,0.4548378955636966,9.700313721072602e-05,1.0000019400627442,1.0000029100941161,1.0000033951126892,1.0000014550470582,1.0000012408499914,1.0000016752122038
local_dense,1.9548872180451127,0.45801629968076696,9.768099447303092e-05,1.0000019536198894,1.0000029304298341,1.000003418837734,1.000001465214917,1.0000012495210426,1.0000016869185753
local_dense,1.962406015037594,0.46120036535125664,9.836005917308118e-05,1.0000019672011835,1.0000029508017751,1.0000034426050395,1.0000014754008875,1.0000012582075393,1.0000016986457987
local_dense,1.969924812030075,0.46439032154796533,9.904038014383506e-05,1.0000019808076028,1.0000029712114042,1.0000034664163147,1.0000014856057022,1.0000012669101062,1.0000017103947176
local_dense,1.9774436090225562,0.4675863903348299,9.972200474479958e-05,1.000001994440095,1.0000029916601423,1.000003490273217,1.0000014958300711,1.0000012756293484,1.00000172216615
local_dense,1.9849624060150375,0.47078878689978804,0.00010040497886903961,1.0000020080995773,1.0000030121493662,1.0000035141773533,1.000001506074683,1.0000012843658541,1.000001733960888
local_dense,1.9924812030075187,0.47399771960724674,0.00010108934695436774,1.000002021786939,1.0000030326804086,1.0000035381302788,1.0000015163402043,1.0000012931201907,1.000001745779699
local_dense,2.0,0.4772133900685787,0.00010177515199837902,1.00000203550304,1.0000030532545598,1.000003562133498,1.00000152662728,1.0000013018929088,1.0000017576233262
local_dense,2.007518796992481,0.48043599322908803,0.00010246243557699813,1.0000020492487116,1.0000030738730672,1.0000035861884662,1.0000015369365336,1.0000013106845402,1.000001769492487
local_dense,2.015037593984962,0.48366571746992276,0.00010315123786621422,1.0000020630247572,1.000003094537136,1.00000361029659,1.000001547268568,1.0000013194955988,1.0000017813878754
local_dense,2.0225563909774436,0.48690274472344836,0.00010384159766668655,1.0000020768319533,1.0000031152479298,1.0000036344592267,1.0000015576239651,1.0000013283265807,1.0000017933101617
local_dense,2.0300751879699246,0.4901472506006345,0.00010453355243091226,1.0000020906710487,1.0000031360065729,1.0000036586776877,1.0000015680032865,1.000001337177965,1.0000018052599924
local_dense,2.037593984962406,0.4933994045290645,0.00010522713829265958,1.000002104542766,1.0000031568141488,1.0000036829532373,1.0000015784070744,1.0000013460502144,1.0000018172379916
local_dense,2.045112781954887,0.4966593699002081,0.00010592239009837677,1.000002118447802,1.0000031776717029,1.0000037072870958,1.0000015888358516,1.000001354943774,1.000001829244761
local_dense,2.052631578947368,0.4999273042246772,0.0001066193414403032,1.000002132386829,1.0000031985802431,1.000003731680438,1.0000015992901214,1.0000013638590741,1.000001841280881
local_dense,2.0601503759398496,0.5032033592942171,0.00010731802469101746,1.0000021463604938,1.000003219540741,1.000003756134398,1.0000016097703703,1.0000013727965282,1.0000018533469104
local_dense,2.0676691729323307,0.5064876813492608,0.00010801847103917141,1.000002160369421,1.0000032405541313,1.0000037806500663,1.0000016202770656,1.0000013817565359,1.000001865443388
local_dense,2.075187969924812,0.5097804112509294,0.00010872071052617274,1.0000021744142105,1.0000032616213157,1.000003805228495,1.0000016308106578,1.0000013907394811,1.0000018775708324
local_dense,2.082706766917293,0.5130816846564227,0.00010942477208359048,1.0000021884954415,1.0000032827431624,1.0000038298706966,1.000001641371581,1.000001399745734,1.0000018897297434
local_dense,2.090225563909774,0.5163916321968122,0.00011013068357107284,1.0000022026136715,1.0000033039205072,1.000003854577646,1.0000016519602537,1.0000014087756508,1.0000019019206021
local_dense,2.0977443609022557,0.5197103796563082,0.00011083847181457937,1.0000022167694362,1.0000033251541545,1.0000038793502828,1.0000016625770771,1.0000014178295749,1.0000019141438719
local_dense,2.1052631578947367,0.52303804815214,0.00011154816264474409,1.0000022309632528,1.0000033464448792,1.0000039041895101,1.0000016732224397,1.0000014269078363,1.0000019263999984
local_dense,2.1127819548872178,0.5263747543142518,0.00011225978093519917,1.0000022451956188,1.0000033677934281,1.0000039290961993,1.000001683896714,1.0000014360107539,1.0000019386894117
local_dense,2.1203007518796992,0.5297206104640817,0.00011297335064070284,1.0000022594670128,1.0000033892005191,1.0000039540711883,1.0000016946002597,1.0000014451386334,1.0000019510125253
local_dense,2.1278195488721803,0.5330757247917479,0.0001136888948349282,1.0000022737778966,1.0000034106668452,1.0000039791152848,1.0000017053334225,1.0000014542917706,1.0000019633697377
local_dense,2.1353383458646613,0.5364402015310413,0.00011440643574778353,1.000002288128715,1.0000034321930724,1.000004004229267,1.0000017160965362,1.0000014634704495,1.0000019757614327
local_dense,2.142857142857143,0.5398141411316667,0.00011512599480214628,1.000002302519896,1.0000034537798441,1.0000040294138843,1.000001726889922,1.000001472674944,1.0000019881879807
local_dense,2.150375939849624,0.5431976404282463,0.00011584759264990641,1.000002316951853,1.0000034754277793,1.0000040546698605,1.00000173771389,1.0000014819055183,1.0000020006497374
local_dense,2.1578947368421053,0.5465907928056538,0.000116571249207227,1.0000023314249842,1.0000034971374763,1.0000040799978915,1.0000017485687382,1.0000014911624278,1.0000020131470475
local_dense,2.1654135338345863,0.5499936883602933,0.00011729698368894024,1.0000023459396736,1.0000035189095107,1.0000041053986504,1.0000017594547552,1.0000015004459173,1.0000020256802429
local_dense,2.1729323308270674,0.5534064140570036,0.00011802481464201042,1.0000023604962929,1.0000035407444392,1.0000041308727863,1.0000017703722195,1.000001509756225,1.0000020382496435
local_dense,2.180451127819549,0.5568290538813043,0.0001187547599780033,1.0000023750951996,1.0000035626427994,1.000004156420926,1.0000017813213995,1.0000015190935791,1.000002050855559
local_dense,2.18796992481203,0.5602616889867577,0.00011948683700451397,1.00000238973674,1.0000035846051103,1.0000041820436756,1.000001792302555,1.0000015284582018,1.0000020634982878
local_dense,2.1954887218045114,0.5637043978372605,0.00012022106245551343,1.0000024044212492,1.0000036066318738,1.0000042077416202,1.0000018033159368,1.0000015378503067,1.0000020761781194
local_dense,2.2030075187969924,0.5671572563441217,0.00012095745252058309,1.0000024191490504,1.0000036287235756,1.0000042335153272,1.0000018143617877,1.000001547270101,1.000002088895333
local_dense,2.2105263157894735,0.5706203379978252,0.0001216960228730156,1.0000024339204576,1.0000036508806862,1.0000042593653444,1.000001825440343,1.0000015567177853,1.0000021016501994
local_dense,2.218045112781955,0.5740937139944051,0.0001224367886967672,1.000002448735774,1.000003673103661,1.0000042852922038,1.0000018365518306,1.000001566193554,1.0000021144429811
local_dense,2.225563909774436,0.5775774533564062,0.00012317976471225463,1.0000024635952942,1.0000036953929414,1.0000043112964203,1.0000018476964705,1.0000015756975946,1.0000021272739321
local_dense,2.233082706766917,0.581071623048424,0.00012392496520099644,1.0000024784993042,1.0000037177489558,1.0000043373784937,1.0000018588744781,1.0000015852300905,1.0000021401432988
local_dense,2.2406015037593985,0.58457628808725,0.00012467240402910362,1.0000024934480805,1.0000037401721207,1.00000436353891,1.0000018700860605,1.000001594791219,1.000002153051321
local_dense,2.2481203007518795,0.5880915116466752,0.00012542209466963105,1.0000025084418933,1.00000376266284,1.0000043897781397,1.00000188133142,1.0000016043811528,1.0000021659982312
local_dense,2.2556390977443606,0.5916173551570258,0.00012617405022380542,1.0000025234810046,1.0000037852215067,1.0000044160966421,1.0000018926107535,1.0000016140000585,1.000002178984256
local_dense,2.263157894736842,0.5951538783995289,0.00012692828344115044,1.000002538565669,1.0000038078485032,1.0000044424948633,1.0000019039242516,1.0000016236480997,1.000002192009615
local_dense,2.270676691729323,0.5987011395956114,0.00012768480673853186,1.0000025536961348,1.0000038305442023,1.000004468973238,1.0000019152721011,1.0000016333254356,1.0000022050745228
local_dense,2.2781954887218046,0.6022591954912776,0.00012844363221815245,1.0000025688726444,1.0000038533089664,1.0000044955321894,1.0000019266544833,1.0000016430322205,1.0000022181791888
local_dense,2.2857142857142856,0.6058281014366914,0.00012920477168452453,1.0000025840954336,1.0000038761431504,1.0000045221721308,1.0000019380715752,1.0000016527686055,1.0000022313238164
local_dense,2.2932330827067666,0.6094079114611277,0.00012996823666045482,1.0000025993647332,1.0000038990470999,1.0000045488934657,1.00000194952355,1.000001662534738,1.0000022445086048
local_dense,2.300751879699248,0.6129986783434498,0.0001307340384020752,1.000002614680768,1.000003922021152,1.000004575696588,1.0000019610105761,1.0000016723307623,1.0000022577337484
local_dense,2.308270676691729,0.6166004536782849,0.0001315021879129558,1.0000026300437583,1.0000039450656375,1.0000046025818825,1.0000019725328186,1.000001682156819,1.0000022709994374
local_dense,2.3157894736842106,0.6202132879380761,0.00013227269595733894,1.000002645453919,1.0000039681808788,1.0000046295497265,1.0000019840904393,1.0000016920130457,1.0000022843058571
local_dense,2.3233082706766917,0.623837230531185,0.00013304557307253066,1.0000026609114614,1.000003991367192,1.0000046566004885,1.000001995683596,1.000001701899577,1.0000022976531904
local_dense,2.3308270676691727,0.6274723298562354,0.00013382082958049042,1.0000026764165917,1.0000040146248874,1.0000046837345298,1.0000020073124436,1.0000017118165452,1.0000023110416147
local_dense,2.338345864661654,0.6311186333528721,0.00013459847559865664,1.000002691969512,1.0000040379542678,1.0000047109522043,1.000002018977134,1.0000017217640798,1.000002324471305
local_dense,2.345864661654135,0.6347761875491266,0.00013537852105004812,1.000002707570421,1.0000040613556316,1.0000047382538597,1.0000020306778157,1.0000017317423076,1.000002337942433
local_dense,2.3533834586466162,0.6384450381055662,0.00013616097567267996,1.0000027232195134,1.0000040848292702,1.0000047656398368,1.000002042414635,1.0000017417513531,1.0000023514551661
local_dense,2.3609022556390977,0.6421252298564111,0.00013694584902833245,1.0000027389169805,1.0000041083754707,1.00000479311047,1.0000020541877355,1.0000017517913387,1.0000023650096703
local_dense,2.3684210526315788,0.6458168068477886,0.0001377331505107095,1.0000027546630101,1.0000041319945152,1.0000048206660883,1.0000020659972575,1.0000017618623842,1.0000023786061074
local_dense,2.37593984962406,0.6495198123733081,0.00013852288935302577,1.000002770457787,1.0000041556866806,1.0000048483070147,1.0000020778433403,1.0000017719646086,1.000002392244637
local_dense,2.3834586466165413,0.653234289007114,0.00013931507463505588,1.0000027863014926,1.000004179452239,1.000004876033567,1.0000020897261195,1.0000017820981273,1.0000024059254156
local_dense,2.3909774436090223,0.6569602786345847,0.0001401097152896815,1.0000028021943057,1.0000042032914587,1.0000049038460581,1.0000021016457294,1.0000017922630546,1.0000024196485977
local_dense,2.398496240601504,0.6606978224808383,0.00014090682010897086,1.0000028181364022,1.0000042272046032,1.0000049317447952,1.0000021136023016,1.0000018024595034,1.0000024334143354
local_dense,2.406015037593985,0.6644469611371879,0.00014170639774982067,1.000002834127955,1.0000042511919325,1.0000049597300822,1.0000021255959661,1.000001812687584,1.0000024472227775
local_dense,2.413533834586466,0.6682077345856968,0.00014250845673919324,1.0000028501691347,1.0000042752537022,1.0000049878022168,1.000002137626851,1.0000018229474057,1.0000024610740719
local_dense,2.4210526315789473,0.6719801822219738,0.00014331300547897784,1.0000028662601095,1.0000042993901646,1.000005015961493,1.0000021496950822,1.0000018332390757,1.0000024749683636
local_dense,2.4285714285714284,0.6757643428763316,0.0001441200522505033,1.0000028824010452,1.0000043236015674,1.0000050442082014,1.0000021618007837,1.0000018435627003,1.000002488905795
local_dense,2.43609022556391,0.679560254833445,0.00014492960521873024,1.0000028985921043,1.0000043478881564,1.0000050725426268,1.0000021739440783,1.0000018539183841,1.000002502886508
local_dense,2.443609022556391,0.6833679558506155,0.00014574167243614682,1.0000029148334488,1.0000043722501732,1.0000051009650521,1.0000021861250865,1.0000018643062294,1.0000025169106412
local_dense,2.451127819548872,0.687187483174762,0.0001465562618463918,1.000002931125237,1.0000043966878553,1.0000051294757544,1.0000021983439278,1.0000018747263384,1.0000025309783318
local_dense,2.4586466165413534,0.6910188735582364,0.00014737338128762792,1.0000029474676257,1.0000044212014385,1.0000051580750087,1.0000022106007194,1.0000018851788113,1.0000025450897152
local_dense,2.4661654135338344,0.6948621632735654,0.00014819303849568575,1.00000296386077,1.000004445791155,1.0000051867630853,1.0000022228955774,1.0000018956637469,1.0000025592449249
local_dense,2.4736842105263155,0.6987173881272081,0.00014901524110699768,1.0000029803048223,1.000004470457233,1.0000052155402517,1.0000022352286166,1.0000019061812426,1.0000025734440932
local_dense,2.481203007518797,0.7025845834724176,0.00014983999666134113,1.0000029967999333,1.0000044951998999,1.0000052444067715,1.00000224759995,1.0000019167313956,1.0000025876873495
local_dense,2.488721804511278,0.706463784221278,0.00015066731260440544,1.000003013346252,1.0000045200193781,1.0000052733629061,1.000002260009689,1.0000019273143006,1.0000026019748232
local_dense,2.496240601503759,0.7103550248560028,0.00015149719629020157,1.0000030299439258,1.0000045449158887,1.0000053024089117,1.0000022724579443,1.0000019379300515,1.000002616306641
local_dense,2.5037593984962405,0.7142583394395489,0.00015232965498332583,1.0000030465930996,1.0000045698896496,1.000005331545044,1.0000022849448247,1.000001948578742,1.0000026306829282
local_dense,2.5112781954887216,0.7181737616256177,0.00015316469586109275,1.0000030632939172,1.000004594940876,1.0000053607715527,1.000002297470438,1.000001959260463,1.0000026451038089
local_dense,2.518796992481203,0.7221013246680983,0.00015400232601554887,1.00000308004652,1.0000046200697805,1.000005390088687,1.0000023100348903,1.0000019699753058,1.0000026595694054
local_dense,2.526315789473684,0.7260410614300015,0.00015484255245537838,1.0000030968510492,1.0000046452765736,1.000005419496692,1.0000023226382868,1.00000198072336,1.0000026740798391
local_dense,2.533834586466165,0.7299930043919406,0.00015568538210771165,1.0000031137076422,1.0000046705614631,1.0000054489958101,1.0000023352807317,1.0000019915047142,1.0000026886352293
local_dense,2.5413533834586466,0.7339571856601943,0.00015653082181984475,1.0000031306164365,1.0000046959246545,1.0000054785862813,1.0000023479623272,1.0000020023194558,1.0000027032356946
local_dense,2.5488721804511276,0.7379336369743955,0.00015737887836087943,1.000003147577567,1.0000047213663508,1.0000055082683417,1.0000023606831754,1.0000020131676712,1.0000027178813513
local_dense,2.556390977443609,0.741922389714885,0.00015822955842329116,1.0000031645911684,1.0000047468867528,1.0000055380422264,1.0000023734433763,1.0000020240494467,1.0000027325723158
local_dense,2.56390977443609,0.7459234749097536,0.0001590828686244314,1.0000031816573725,1.0000047724860588,1.0000055679081663,1.0000023862430294,1.0000020349648664,1.0000027473087016
local_dense,2.571428571428571,0.7499369232416151,0.00015993881550797158,1.00000319877631,1.0000047981644653,1.000005597866391,1.0000023990822324,1.0000020459140142,1.000002762090622
local_dense,2.5789473684210527,0.7539627650541229,0.00016079740554529327,1.000003215948111,1.0000048239221664,1.0000056279171268,1.000002411961083,1.000002056896973,1.0000027769181892
local_dense,2.5864661654135337,0.7580010303582639,0.00016165864513683048,1.0000032331729027,1.000004849759354,1.0000056580605978,1.000002424879677,1.0000020679138242,1.0000027917915129
local_dense,2.5939849624060147,0.7620517488384472,0.0001625225406133678,1.0000032504508123,1.0000048756762183,1.0000056882970254,1.0000024378381092,1.000002078964649,1.000002806710703
local_dense,2.601503759398496,0.7661149498584059,0.0001633890982372996,1.0000032677819648,1.000004901672947,1.000005718626629,1.0000024508364735,1.000002090049528,1.0000028216758676
local_dense,2.6090225563909772,0.7701906624669291,0.0001642583242038521,1.000003285166484,1.000004927749726,1.000005749049625,1.000002463874863,1.0000021011685398,1.0000028366871134
local_dense,2.6165413533834583,0.7742789154034418,0.00016513022464227363,1.0000033026044928,1.0000049539067393,1.0000057795662285,1.0000024769533695,1.0000021123217628,1.0000028517445465
local_dense,2.6240601503759398,0.778379737103442,0.00016600480561699394,1.0000033200961123,1.0000049801441686,1.0000058101766514,1.0000024900720843,1.0000021235092755,1.0000028668482717
local_dense,2.631578947368421,0.7824931557038074,0.00016688207312875628,1.0000033376414628,1.000005006462194,1.0000058408811041,1.0000025032310969,1.0000021347311536,1.0000028819983926
local_dense,2.6390977443609023,0.7866191990479866,0.0001677620331157244,1.0000033552406622,1.0000050328609935,1.000005871679794,1.0000025164304966,1.0000021459874735,1.0000028971950112
local_dense,2.6466165413533833,0.7907578946910745,0.00016864469145456474,1.0000033728938291,1.0000050593407437,1.0000059025729269,1.0000025296703718,1.0000021572783102,1.00000291243823
local_dense,2.6541353383458643,0.7949092699047925,0.0001695300539615089,1.0000033906010792,1.000005085901619,1.0000059335607066,1.0000025429508095,1.0000021686037384,1.0000029277281486
local_dense,2.661654135338346,0.7990733516823647,0.00017041812639339348,1.000003408362528,1.0000051125437919,1.0000059646433341,1.000002556271896,1.0000021799638315,1.0000029430648667
local_dense,2.669172932330827,0.8032501667433125,0.00017130891444868258,1.000003426178289,1.0000051392674334,1.0000059958210097,1.0000025696337167,1.0000021913586625,1.0000029584484829
local_dense,2.6766917293233083,0.8074397415381592,0.00017220242376847099,1.0000034440484753,1.0000051660727132,1.00000602709393,1.0000025830363566,1.0000022027883035,1.0000029738790943
local_dense,2.6842105263157894,0.8116421022530568,0.00017309865993747126,1.0000034619731988,1.0000051929597982,1.000006058462291,1.000002596479899,1.0000022142528258,1.0000029893567974
local_dense,2.6917293233082704,0.8158572748143375,0.00017399762848498433,1.0000034799525697,1.0000052199288545,1.0000060899262857,1.0000026099644272,1.0000022257523005,1.000003004881688
local_dense,2.699248120300752,0.8200852848929904,0.00017489933488585408,1.0000034979866976,1.0000052469800467,1.0000061214861062,1.0000026234900232,1.0000022372867974,1.0000030204538604
local_dense,2.706766917293233,0.8243261579090683,0.00017580378456140725,1.0000035160756913,1.0000052741135368,1.0000061531419422,1.0000026370567685,1.0000022488563858,1.000003036073408
local_dense,2.714285714285714,0.8285799190360296,0.00017671098288037952,1.0000035342196576,1.0000053013294865,1.0000061848939816,1.0000026506647433,1.0000022604611343,1.000003051740424
local_dense,2.7218045112781954,0.8328465932050115,0.00017762093515982688,1.0000035524187032,1.0000053286280548,1.0000062167424102,1.0000026643140274,1.0000022721011115,1.0000030674549998
local_dense,2.7293233082706765,0.8371262051090407,0.00017853364666602336,1.0000035706729333,1.0000053560094,1.0000062486874126,1.0000026780047,1.000002283776384,1.0000030832172266
local_dense,2.7368421052631575,0.8414187792071819,0.0001794491226153463,1.0000035889824523,1.0000053834736784,1.0000062807291714,1.0000026917368392,1.0000022954870187,1.0000030990271946
local_dense,2.744360902255639,0.8457243397286258,0.00018036736817514753,1.0000036073473635,1.0000054110210452,1.0000063128678673,1.0000027055105225,1.000002307233082,1.0000031148849928
local_dense,2.75187969924812,0.850042910676716,0.00018128838846461282,1.0000036257677694,1.000005438651654,1.0000063451036798,1.000002719325827,1.0000023190146394,1.0000031307907093
local_dense,2.7593984962406015,0.854374515832918,0.00018221218855560788,1.0000036442437712,1.0000054663656566,1.000006377436786,1.0000027331828285,1.0000023308317556,1.0000031467444324
local_dense,2.7669172932330826,0.8587191787607299,0.00018313877347351268,1.0000036627754696,1.0000054941632042,1.0000064098673618,1.0000027470816022,1.0000023426844946,1.0000031627462487
local_dense,2.7744360902255636,0.863076922809535,0.000184068148198043,1.000003681362964,1.000005522044446,1.0000064423955821,1.0000027610222229,1.0000023545729206,1.0000031787962438
local_dense,2.781954887218045,0.8674477711183994,0.00018500031766406034,1.0000037000063533,1.00000555000953,1.0000064750216189,1.0000027750047649,1.0000023664970965,1.0000031948945032
local_dense,2.789473684210526,0.8718317466198109,0.0001859352867623692,1.0000037187057353,1.000005578058603,1.0000065077456437,1.0000027890293013,1.0000023784570848,1.0000032110411112
local_dense,2.7969924812030076,0.876228872043364,0.00018687306034050315,1.000003737461207,1.0000056061918101,1.000006540567826,1.000002803095905,1.000002390452948,1.0000032272361519
local_dense,2.8045112781954886,0.8806391699193885,0.00018781364320349868,1.000003756272864,1.000005634409296,1.0000065734883345,1.000002817204648,1.000002402484747,1.000003243479708
local_dense,2.8120300751879697,0.885062662582526,0.00018875704011465794,1.0000037751408024,1.0000056627112033,1.0000066065073354,1.0000028313556015,1.0000024145525426,1.0000032597718616
local_dense,2.819548872180451,0.8894993721752471,0.00018970325579629877,1.0000037940651159,1.000005691097674,1.000006639624994,1.000002845548837,1.0000024266563956,1.0000032761126947
local_dense,2.827067669172932,0.8939493206513188,0.00019065229493049423,1.0000038130458986,1.0000057195688479,1.0000066728414747,1.000002859784424,1.0000024387963657,1.0000032925022875
local_dense,2.834586466165413,0.8984125297792163,0.0001916041621598002,1.0000038320832432,1.000005748124865,1.000006706156939,1.0000028740624323,1.0000024509725127,1.0000033089407208
local_dense,2.8421052631578947,0.9028890211454828,0.00019255886208797228,1.0000038511772418,1.0000057767658628,1.0000067395715493,1.0000028883829313,1.0000024631848952,1.0000033254280738
local_dense,2.8496240601503757,0.9073788161580337,0.0001935163992806698,1.0000038703279854,1.0000058054919785,1.0000067730854645,1.0000029027459894,1.0000024754335712,1.0000033419644256
local_dense,2.8571428571428568,0.9118819360494123,0.00019447677826615073,1.0000038895355652,1.000005834303348,1.0000068066988432,1.000002917151674,1.0000024877185991,1.0000033585498538
local_dense,2.8646616541353382,0.91639840187999,0.00019544000353595396,1.0000039088000707,1.000005863200106,1.000006840411843,1.0000029316000532,1.0000025000400365,1.0000033751844368
local_dense,2.8721804511278193,0.920928234541116,0.0001964060795455711,1.000003928121591,1.0000058921823862,1.0000068742246193,1.0000029460911932,1.00000251239794,1.0000033918682512
local_dense,2.8796992481203008,0.9254714547582166,0.0001973750107151074,1.0000039475002143,1.0000059212503214,1.0000069081373273,1.0000029606251606,1.0000025247923665,1.000003408601373
local_dense,2.887218045112782,0.9300280830938402,0.00019834680142993114,1.0000039669360286,1.0000059504040428,1.0000069421501203,1.0000029752020216,1.0000025372233714,1.0000034253838783
local_dense,2.894736842105263,0.9345981399506575,0.00019932145604131365,1.0000039864291208,1.000005979643681,1.0000069762631507,1.0000029898218405,1.0000025496910112,1.0000034422158424
local_dense,2.9022556390977443,0.9391816455744076,0.00020029897886705744,1.0000040059795774,1.0000060089693659,1.0000070104765695,1.0000030044846828,1.0000025621953406,1.0000034590973392
local_dense,2.9097744360902253,0.943778620056794,0.0002012793741921138,1.0000040255874838,1.0000060383812257,1.0000070447905267,1.0000030191906129,1.0000025747364147,1.0000034760284433
local_dense,2.917293233082707,0.9483890833383334,0.00020226264626919062,1.0000040452529253,1.000006067879388,1.000007079205171,1.000003033939694,1.000002587314288,1.0000034930092279
local_dense,2.924812030075188,0.9530130552111565,0.00020324879931934954,1.0000040649759865,1.0000060974639795,1.0000071137206505,1.0000030487319898,1.0000025999290139,1.000003510039766
local_dense,2.932330827067669,0.9576505553217596,0.0002042378375325927,1.0000040847567506,1.000006127135126,1.0000071483371116,1.000003063567563,1.0000026125806465,1.00000352712013
local_dense,2.9398496240601504,0.9623016031737075,0.0002052297650684393,1.0000041045953014,1.000006156892952,1.0000071830547002,1.000003078446476,1.000002625269239,1.0000035442503914
local_dense,2.9473684210526314,0.9669662181302903,0.00020622458605649226,1.000004124491721,1.0000061867375818,1.0000072178735602,1.000003093368791,1.0000026379948441,1.000003561430622
local_dense,2.9548872180451125,0.9716444194171354,0.00020722230459699516,1.000004144446092,1.000006216669138,1.0000072527938357,1.000003108334569,1.0000026507575142,1.0000035786608923
local_dense,2.962406015037594,0.9763362261247712,0.00020822292476137917,1.0000041644584952,1.0000062466877429,1.000007287815669,1.0000031233438713,1.0000026635573014,1.0000035959412727
local_dense,2.969924812030075,0.9810416572111441,0.0002092264505927995,1.000004184529012,1.0000062767935178,1.0000073229392017,1.000003138396759,1.0000026763942578,1.0000036132718328
local_dense,2.977443609022556,0.9857607315040959,0.00021023288610666423,1.0000042046577222,1.000006306986583,1.000007358164574,1.0000031534932916,1.0000026892684342,1.0000036306526425
local_dense,2.9849624060150375,0.9904934677037895,0.00021124223529115138,1.0000042248447056,1.0000063372670587,1.000007393491926,1.0000031686335293,1.0000027021798816,1.0000036480837702
local_dense,2.9924812030075185,0.9952398843850966,0.00021225450210771794,1.0000042450900422,1.0000063676350632,1.0000074289213963,1.0000031838175316,1.0000027151286512,1.0000036655652844
local_dense,3.0,0.9999999999999406,0.00021326969049160002,1.00000426539381,1.0000063980907146,1.0000074644531223,1.0000031990453573,1.0000027281147932,1.0000036830972534
