{
  "lambdas": {
    "H": 1.6108730664175905,
    "B": 2.4282972255025546,
    "S": 4.6236549570774725,
    "V": 4.644912135172718,
    "R": 8.832343632886396
  },
  "lambda_sum": 22.14008101705673,
  "best_total_score": 0.04123362801980751,
  "maat_score_only": 0.003386931853481672,
  "stability": 0.9936048906744954,
  "alpha_uv": 0.017083844449450443,
  "rg_span": 107.99932741994188,
  "y_e_proxy": 0.0026641186405044924,
  "qcd_proxy": 3.9473137036591996,
  "lambda": 2.384071669160047e-129,
  "alpha_ir": 0.012277018175224799,
  "mu_eff": 0.0006749194111516466,
  "alpha_obs": 0.0072973525692838015,
  "mu_obs": 0.0005446170214876324,
  "lambda_obs": 1e-122,
  "alpha_factor": 1.6823934514143568,
  "mu_factor": 1.2392550811358973,
  "lambda_factor": 2.384071669160047e-07,
  "supports": {
    "H": 0.9898777591976592,
    "B": 0.9938269468473772,
    "S": 0.9946307463191738,
    "V": 0.9960947868861323,
    "R": 0.9999440252040106
  },
  "defects": {
    "H": 0.010225748288905176,
    "B": 0.006211396432955578,
    "S": 0.005398238191103756,
    "V": 0.0039205235940203646,
    "R": 5.597792934252344e-05
  },
  "chemistry": 1.017273465421968e-07,
  "fusion": 0.22332321871971444
}