{
  "sectors": [
    "H",
    "B",
    "S",
    "V",
    "R"
  ],
  "target_means": [
    0.14708361060376396,
    0.14032258691295163,
    0.06812431230363389,
    0.06594562277867545,
    0.030535315847291744
  ],
  "expected_means": [
    0.14711472724585964,
    0.14038917089335196,
    0.06816767727907805,
    0.06599770104623001,
    0.03055981609627199
  ],
  "lambdas": [
    1.6108730664175905,
    2.4282972255025546,
    4.6236549570774725,
    4.644912135172718,
    8.832343632886396
  ],
  "lambda_shares": [
    0.07275822817344585,
    0.10967878679539579,
    0.20883640640318374,
    0.2097965283683594,
    0.3989300502596153
  ],
  "loss": 0.0010482489222228266,
  "success": true
}