dataset_id,family,split,policy,n_vars,n_clauses,solved,sat,timeout,decisions,propagations,conflicts,learned_clauses,max_level,runtime_s,search_cost,structural_update_s,support_evaluation_s,gate_calculation_s,arbitration_s,structural_overhead_s,total_cost,activations,activation_rate,audit_max_abs_error
aim_aim-100-1_6-yes1-1,satlib_dimacs_aim,calibration,moms,100,160,1,1,0,43,245,17,17,20,0.04446829098742455,30.88,0.003313839,0.013997122,9.334e-06,0.000430503,0.017750797999999998,30.88,0,0.0,0.0
aim_aim-100-1_6-yes1-2,satlib_dimacs_aim,calibration,moms,100,160,1,1,0,34,232,11,11,15,0.03688470902852714,22.128,0.002894566,0.01155883,6.165e-06,0.000359164,0.014818725000000001,22.128,0,0.0,0.0
aim_aim-100-2_0-no-2,satlib_dimacs_aim,calibration,moms,100,199,1,0,0,71,281,24,23,28,0.08111387502867728,46.424,0.006085325,0.025449124,1.3006e-05,0.000682169,0.032229624000000005,46.424,0,0.0,0.0
aim_aim-100-2_0-no-4,satlib_dimacs_aim,calibration,moms,100,200,1,0,0,36,108,15,14,24,0.0443046250147745,26.231999999999996,0.002728331,0.013635666,6.462e-06,0.000379374,0.016749832999999995,26.231999999999996,0,0.0,0.0
dubois_dubois25,satlib_dimacs_dubois,calibration,moms,75,200,1,0,0,82,1909,54,53,26,0.14251758297905326,86.23599999999999,0.036977983,0.015697252,1.5048e-05,0.000497258,0.053187541,86.23599999999999,0,0.0,0.0
dubois_dubois30,satlib_dimacs_dubois,calibration,moms,90,240,1,0,0,97,2739,64,63,31,0.2119409169536084,104.056,0.053169488,0.021010451,1.7748e-05,0.000685286,0.07488297299999999,104.056,0,0.0,0.0
pigeon-hole_hole8,satlib_dimacs_pigeonhole,calibration,moms,72,297,0,0,1,2208,32216,2016,2016,34,30.00053354096599,7807.264,16.080910368,1.035324399,0.00067673,0.011207975,17.128119472,7807.264,0,0.0,1.0547118733938987e-14
flat30-60_flat30-10,satlib_graph_coloring_flat30,calibration,moms,90,300,1,1,0,13,77,0,0,13,0.01164266699925065,4.208,0.000708622,0.00282796,2.626e-06,8.4874e-05,0.003624082,4.208,0,0.0,0.0
flat30-60_flat30-100,satlib_graph_coloring_flat30,calibration,moms,90,300,1,1,0,10,80,0,0,10,0.010814124951139092,3.32,0.000585455,0.002783209,2.042e-06,8.1207e-05,0.0034519129999999996,3.32,0,0.0,0.0
flat30-60_flat30-17,satlib_graph_coloring_flat30,calibration,moms,90,300,1,1,0,12,173,2,2,10,0.014259250019676983,6.292,0.00148246,0.002948167,2.169e-06,8.6249e-05,0.004519044999999999,6.292,0,0.0,0.0
flat30-60_flat30-25,satlib_graph_coloring_flat30,calibration,moms,90,300,1,1,0,13,77,0,0,13,0.011127249919809401,4.208,0.00055329,0.00278925,2.376e-06,7.5749e-05,0.0034206650000000003,4.208,0,0.0,0.0
uf20-91_uf20-01,satlib_random_3sat_uf20,calibration,moms,20,91,1,1,0,10,64,4,4,6,0.007776999962516129,7.256,0.002017832,0.002071292,1.961e-06,3.4542e-05,0.004125627,7.256,0,0.0,0.0
uf20-91_uf20-0104,satlib_random_3sat_uf20,calibration,moms,20,91,1,1,0,7,11,0,0,7,0.0033019999973475933,2.144,0.000269918,0.001013251,1.459e-06,1.9042e-05,0.00130367,2.144,0,0.0,0.0
uf20-91_uf20-0108,satlib_random_3sat_uf20,calibration,moms,20,91,1,1,0,6,63,4,4,3,0.006287208991125226,6.052,0.001942419,0.001196083,1.335e-06,2.1832e-05,0.0031616689999999993,6.052,0,0.0,0.0
uf20-91_uf20-0114,satlib_random_3sat_uf20,calibration,moms,20,91,1,1,0,3,16,0,0,3,0.002430416992865503,0.964,0.000336542,0.000649541,6.24e-07,1.3209e-05,0.000999916,0.964,0,0.0,0.0
uuf50-218_uuf50-0108,satlib_random_3sat_uuf50,calibration,moms,50,218,1,0,0,17,326,18,17,6,0.03835704200901091,24.404,0.011499535,0.008125789,3.542e-06,0.000120248,0.019749113999999998,24.404,0,0.0,0.0
uuf50-218_uuf50-0109,satlib_random_3sat_uuf50,calibration,moms,50,218,1,0,0,26,397,24,23,7,0.052300042007118464,33.388,0.014232748,0.011687249,5.664e-06,0.000222373,0.026148034,33.388,0,0.0,0.0
uuf50-218_uuf50-0113,satlib_random_3sat_uuf50,calibration,moms,50,218,1,0,0,36,608,35,34,8,0.07602695794776082,48.232,0.023101288,0.016353038,7.537e-06,0.000231253,0.039693116,48.232,0,0.0,0.0
uuf50-218_uuf50-0115,satlib_random_3sat_uuf50,calibration,moms,50,218,1,0,0,23,519,24,23,7,0.05309483292512596,32.976,0.017435998,0.010487666,4.75e-06,0.000154499,0.028082913,32.976,0,0.0,0.0
aim_aim-100-1_6-no-1,satlib_dimacs_aim,test,moms,100,160,1,0,0,42,117,16,15,24,0.04792179097421467,29.068,0.002596114,0.016034417,9.6876e-05,0.000498085,0.019225491999999997,29.068,0,0.0,0.0
aim_aim-100-1_6-no-2,satlib_dimacs_aim,test,moms,100,160,1,0,0,73,227,25,24,30,0.06899579195305705,47.808,0.005202437,0.021803251,0.000150286,0.00069341,0.027849383999999998,47.808,0,0.0,0.0
aim_aim-100-1_6-no-3,satlib_dimacs_aim,test,moms,100,157,1,0,0,81,203,25,24,28,0.10175208293367177,50.111999999999995,0.004975415,0.034888458,0.000242918,0.001164079,0.041270869999999994,50.111999999999995,0,0.0,0.0
aim_aim-100-1_6-no-4,satlib_dimacs_aim,test,moms,100,160,1,0,0,48,105,17,16,21,0.05425887508317828,31.82,0.002524701,0.018751417,0.000102956,0.000586625,0.021965699,31.82,0,0.0,0.0
aim_aim-100-1_6-yes1-3,satlib_dimacs_aim,test,moms,100,160,1,1,0,19,150,9,9,10,0.023289749980904162,15.299999999999999,0.001931585,0.007485414,4.6126e-05,0.000209958,0.009673083,15.299999999999999,0,0.0,0.0
aim_aim-100-1_6-yes1-4,satlib_dimacs_aim,test,moms,100,160,1,1,0,29,157,7,7,20,0.03310279198922217,16.328,0.002050077,0.010811368,7.1001e-05,0.000335879,0.013268325,16.328,0,0.0,0.0
aim_aim-100-2_0-no-1,satlib_dimacs_aim,test,moms,100,200,1,0,0,29,99,8,7,24,0.03697683406062424,17.096,0.002452374,0.011730335,6.7123e-05,0.000319542,0.014569374000000001,17.096,0,0.0,0.0
aim_aim-100-2_0-no-3,satlib_dimacs_aim,test,moms,100,198,1,0,0,9,50,7,6,7,0.015157499932684004,9.899999999999999,0.001069872,0.004576457,2.1709e-05,0.000113458,0.0057814960000000006,9.899999999999999,0,0.0,0.0
aim_aim-100-2_0-yes1-1,satlib_dimacs_aim,test,moms,100,198,1,1,0,62,422,27,27,17,0.0768184169428423,47.288,0.007737209,0.022410922,0.000138252,0.000623878,0.030910261,47.288,0,0.0,0.0
aim_aim-100-2_0-yes1-2,satlib_dimacs_aim,test,moms,100,200,1,1,0,48,302,16,16,14,0.05744224996306002,31.607999999999997,0.005269042,0.01669742,0.000104413,0.000540667,0.022611542000000002,31.607999999999997,0,0.0,0.0
aim_aim-100-2_0-yes1-3,satlib_dimacs_aim,test,moms,100,200,1,1,0,100,779,52,52,19,0.13659849995747209,85.116,0.01571241,0.038924827,0.000217336,0.000991084,0.05584565700000001,85.116,0,0.0,0.0
aim_aim-100-2_0-yes1-4,satlib_dimacs_aim,test,moms,100,199,1,1,0,48,460,28,28,14,0.05786583398003131,44.24,0.008338921,0.015102209,0.000100125,0.000424458,0.023965712999999996,44.24,0,0.0,0.0
aim_aim-100-3_4-yes1-1,satlib_dimacs_aim,test,moms,100,340,1,1,0,49,755,37,37,10,0.1311099580489099,54.720000000000006,0.023751074,0.031002087,0.000130749,0.000608047,0.055491957,54.720000000000006,0,0.0,0.0
aim_aim-100-3_4-yes1-2,satlib_dimacs_aim,test,moms,100,340,1,1,0,7,95,1,1,6,0.01584687503054738,3.48,0.001196964,0.004552707,1.7833e-05,8.3834e-05,0.005851337999999999,3.48,0,0.0,0.0
aim_aim-100-3_4-yes1-3,satlib_dimacs_aim,test,moms,100,339,1,1,0,45,480,32,32,10,0.11066749994643033,47.42,0.015777002,0.029102,0.000108293,0.000561045,0.04554834000000001,47.42,0,0.0,0.0
aim_aim-100-3_4-yes1-4,satlib_dimacs_aim,test,moms,100,339,1,1,0,52,646,33,33,11,0.13282341707963496,51.184000000000005,0.021520449,0.033788336,0.000139581,0.000622707,0.056071073,51.184000000000005,0,0.0,0.0
dubois_dubois100,satlib_dimacs_dubois,test,moms,300,396,1,1,0,100,99,0,0,100,0.18083458300679922,30.396,0.001963496,0.041483843,0.000296118,0.002769457,0.046512914,30.396,0,0.0,0.0
dubois_dubois20,satlib_dimacs_dubois,test,moms,60,160,1,0,0,67,1229,44,43,21,0.12034037499688566,69.01599999999999,0.03336018,0.014816006,0.000205249,0.000440744,0.048822179,69.01599999999999,0,0.0,0.0
dubois_dubois21,satlib_dimacs_dubois,test,moms,63,168,1,0,0,70,1353,46,45,22,0.10778466705232859,72.412,0.02891667,0.013230167,0.000176748,0.000431701,0.042755285999999997,72.412,0,0.0,0.0
dubois_dubois22,satlib_dimacs_dubois,test,moms,66,176,1,0,0,73,1483,48,47,23,0.11889154207892716,75.83200000000001,0.031015628,0.014613581,0.000192916,0.00046792,0.046290045,75.83200000000001,0,0.0,0.0
dubois_dubois23,satlib_dimacs_dubois,test,moms,69,184,1,0,0,76,1619,50,49,24,0.12691699992865324,79.276,0.033172798,0.01478212,0.000187335,0.000509126,0.048651378999999995,79.276,0,0.0,0.0
dubois_dubois24,satlib_dimacs_dubois,test,moms,72,192,1,0,0,79,1761,52,51,25,0.14848400000482798,82.744,0.039232501,0.017606204,0.000216212,0.000536294,0.057591211,82.744,0,0.0,0.0
dubois_dubois26,satlib_dimacs_dubois,test,moms,78,208,1,0,0,85,2063,56,55,27,0.17180320899933577,89.752,0.043015895,0.020716419,0.000260418,0.000646916,0.064639648,89.752,0,0.0,0.0
dubois_dubois27,satlib_dimacs_dubois,test,moms,81,216,1,0,0,88,2223,58,57,28,0.18413695809431374,93.292,0.047121584,0.01965038,0.00024521,0.00070033,0.067717504,93.292,0,0.0,0.0
dubois_dubois28,satlib_dimacs_dubois,test,moms,84,224,1,0,0,91,2389,60,59,29,0.19020899990573525,96.856,0.048419384,0.020017832,0.000215126,0.000722413,0.069374755,96.856,0,0.0,0.0
dubois_dubois29,satlib_dimacs_dubois,test,moms,87,232,1,0,0,94,2561,62,61,30,0.20788295904640108,100.444,0.052722627,0.021373376,0.000252209,0.000703459,0.075051671,100.444,0,0.0,0.0
dubois_dubois50,satlib_dimacs_dubois,test,moms,150,400,1,0,0,156,7558,104,103,51,0.7421945830574259,181.032,0.159248582,0.056345625,0.000460991,0.001854627,0.217909825,181.032,0,0.0,2.120525977034049e-14
pigeon-hole_hole10,satlib_dimacs_pigeonhole,test,moms,110,561,0,0,1,1997,28652,1811,1811,51,30.054972333018668,7524.7080000000005,15.257481034,0.976309488,0.006942052,0.010349541,16.251082115,7524.7080000000005,0,0.0,9.769962616701378e-15
pigeon-hole_hole6,satlib_dimacs_pigeonhole,test,moms,42,133,1,0,0,713,9579,635,634,20,2.693028833018616,887.216,1.335336931,0.199257404,0.001769878,0.002698205,1.5390624179999999,887.216,0,0.0,1.2212453270876722e-15
pigeon-hole_hole7,satlib_dimacs_pigeonhole,test,moms,56,204,0,0,1,2306,33911,2111,2111,27,30.002670250018127,7938.444,16.557708803,1.069334564,0.007566315,0.01134339,17.645953071999998,7938.444,0,0.0,9.658940314238862e-15
pigeon-hole_hole9,satlib_dimacs_pigeonhole,test,moms,90,415,0,0,1,2100,30212,1903,1903,42,30.001611749990843,7653.848,15.626474101,1.007253283,0.007128082,0.010383354,16.65123882,7653.848,0,0.0,1.9539925233402755e-14
flat30-60_flat30-1,satlib_graph_coloring_flat30,test,moms,90,300,1,1,0,17,73,0,0,17,0.013806333066895604,5.3919999999999995,0.00062321,0.003451543,3.6209e-05,0.000102127,0.004213089,5.3919999999999995,0,0.0,0.0
flat30-60_flat30-11,satlib_graph_coloring_flat30,test,moms,90,300,1,1,0,20,148,2,2,14,0.020372166065499187,8.592,0.001488996,0.005126544,4.2417e-05,0.000145999,0.006803956000000001,8.592,0,0.0,0.0
flat30-60_flat30-12,satlib_graph_coloring_flat30,test,moms,90,300,1,1,0,14,76,0,0,14,0.012416667072102427,4.5040000000000004,0.000554629,0.003185253,2.8042e-05,8.8833e-05,0.0038567569999999997,4.5040000000000004,0,0.0,0.0
flat30-60_flat30-13,satlib_graph_coloring_flat30,test,moms,90,300,1,1,0,15,92,1,1,14,0.014207249972969294,5.868,0.000749048,0.003555958,3.2002e-05,0.00010621,0.004443218,5.868,0,0.0,0.0
flat30-60_flat30-14,satlib_graph_coloring_flat30,test,moms,90,300,1,1,0,13,77,0,0,13,0.012407292029820383,4.208,0.000636996,0.002990917,3.1542e-05,8.5709e-05,0.0037451639999999996,4.208,0,0.0,0.0
flat30-60_flat30-15,satlib_graph_coloring_flat30,test,moms,90,300,1,1,0,12,78,0,0,12,0.010755790979601443,3.9119999999999995,0.000586541,0.002593248,2.5834e-05,7.4458e-05,0.003280081,3.9119999999999995,0,0.0,0.0
flat30-60_flat30-16,satlib_graph_coloring_flat30,test,moms,90,300,1,1,0,14,93,1,1,13,0.012149833026342094,5.572,0.000726584,0.002793042,2.8459e-05,7.8794e-05,0.003626879,5.572,0,0.0,0.0
flat30-60_flat30-18,satlib_graph_coloring_flat30,test,moms,90,300,1,1,0,17,118,3,3,12,0.01668674999382347,8.572,0.001130592,0.004239293,3.8875e-05,0.000120835,0.005529594999999999,8.572,0,0.0,0.0
flat30-60_flat30-19,satlib_graph_coloring_flat30,test,moms,90,300,1,1,0,13,179,3,3,9,0.01523787493351847,7.6160000000000005,0.001797622,0.003230417,2.7833e-05,8.675e-05,0.0051426219999999995,7.6160000000000005,0,0.0,0.0
flat30-60_flat30-2,satlib_graph_coloring_flat30,test,moms,90,300,1,1,0,17,73,0,0,17,0.02210087503772229,5.3919999999999995,0.001561875,0.005176208,8.6249e-05,0.000645959,0.0074702909999999996,5.3919999999999995,0,0.0,0.0
flat30-60_flat30-20,satlib_graph_coloring_flat30,test,moms,90,300,1,1,0,12,167,2,2,10,0.0248082090402022,6.268,0.002832254,0.004756793,5.5704e-05,0.000147542,0.007792293,6.268,0,0.0,0.0
flat30-60_flat30-21,satlib_graph_coloring_flat30,test,moms,90,300,1,1,0,15,276,6,6,9,0.018281750031746924,11.604,0.002811742,0.003357959,3.2251e-05,9.3415e-05,0.006295367,11.604,0,0.0,0.0
flat30-60_flat30-22,satlib_graph_coloring_flat30,test,moms,90,300,1,1,0,15,75,0,0,15,0.014604458003304899,4.8,0.000605295,0.004011876,3.6666e-05,0.0001,0.004753837,4.8,0,0.0,0.0
flat30-60_flat30-23,satlib_graph_coloring_flat30,test,moms,90,300,1,1,0,15,75,0,0,15,0.012421709019690752,4.8,0.000568294,0.003218541,3.0792e-05,9.1665e-05,0.003909292,4.8,0,0.0,0.0
flat30-60_flat30-24,satlib_graph_coloring_flat30,test,moms,90,300,1,1,0,11,79,0,0,11,0.010841207928024232,3.6159999999999997,0.000581244,0.002769291,2.2834e-05,7.6168e-05,0.003449537,3.6159999999999997,0,0.0,0.0
flat30-60_flat30-26,satlib_graph_coloring_flat30,test,moms,90,300,1,1,0,19,71,0,0,19,0.014775041956454515,5.984,0.000577249,0.00382471,3.7668e-05,0.000112333,0.00455196,5.984,0,0.0,0.0
uf20-91_uf20-010,satlib_random_3sat_uf20,test,moms,20,91,1,1,0,4,15,0,0,4,0.002632457995787263,1.26,0.000260291,0.000731167,9.75e-06,1.3918e-05,0.0010151259999999999,1.26,0,0.0,0.0
uf20-91_uf20-0100,satlib_random_3sat_uf20,test,moms,20,91,1,1,0,3,17,0,0,3,0.0022745419992133975,0.968,0.000275752,0.000603751,6.041e-06,1.0332e-05,0.0008958760000000001,0.968,0,0.0,0.0
uf20-91_uf20-01000,satlib_random_3sat_uf20,test,moms,20,91,1,1,0,4,26,2,2,3,0.003305082907900214,3.3040000000000003,0.000641334,0.000769082,6.5499e-05,1.275e-05,0.001488665,3.3040000000000003,0,0.0,0.0
uf20-91_uf20-0101,satlib_random_3sat_uf20,test,moms,20,91,1,1,0,4,30,1,1,3,0.0032374169677495956,2.3200000000000003,0.000682208,0.000665,8.25e-06,1.1958e-05,0.001367416,2.3200000000000003,0,0.0,0.0
uf20-91_uf20-0102,satlib_random_3sat_uf20,test,moms,20,91,1,1,0,5,16,1,1,4,0.002835625084117055,2.564,0.000344251,0.000788291,1.0248e-05,1.4334e-05,0.001157124,2.564,0,0.0,0.0
uf20-91_uf20-0103,satlib_random_3sat_uf20,test,moms,20,91,1,1,0,4,16,0,0,4,0.00284362502861768,1.264,0.000281459,0.000718374,9e-06,1.375e-05,0.001022583,1.264,0,0.0,0.0
uf20-91_uf20-0105,satlib_random_3sat_uf20,test,moms,20,91,1,1,0,6,61,4,4,3,0.005499791004694998,6.044,0.001714832,0.001066334,1.2833e-05,1.9832e-05,0.0028138309999999997,6.044,0,0.0,0.0
uf20-91_uf20-0106,satlib_random_3sat_uf20,test,moms,20,91,1,1,0,7,66,5,5,3,0.005983709008432925,7.364,0.001673791,0.001284627,1.5916e-05,2.2918e-05,0.0029972519999999997,7.364,0,0.0,0.0
uf20-91_uf20-0107,satlib_random_3sat_uf20,test,moms,20,91,1,1,0,5,26,1,1,4,0.0035743749467656016,2.604,0.000598869,0.000948457,1.1665e-05,1.6833e-05,0.0015758239999999998,2.604,0,0.0,0.0
uf20-91_uf20-0109,satlib_random_3sat_uf20,test,moms,20,91,1,1,0,3,31,2,2,2,0.0027050001081079245,3.024,0.00068896,0.000540709,6.668e-06,9.417e-06,0.0012457540000000002,3.024,0,0.0,0.0
uf20-91_uf20-011,satlib_random_3sat_uf20,test,moms,20,91,1,1,0,4,13,0,0,4,0.002568042022176087,1.252,0.000246502,0.000838668,8.459e-06,1.225e-05,0.0011058789999999997,1.252,0,0.0,0.0
uf20-91_uf20-0110,satlib_random_3sat_uf20,test,moms,20,91,1,1,0,6,12,0,0,6,0.0031631250167265534,1.8479999999999999,0.000254416,0.000931001,1.2874e-05,1.7584e-05,0.001215875,1.8479999999999999,0,0.0,0.0
uf20-91_uf20-0111,satlib_random_3sat_uf20,test,moms,20,91,1,1,0,7,11,0,0,7,0.0033800830133259296,2.144,0.000261708,0.001021336,1.3833e-05,1.9958e-05,0.0013168350000000001,2.144,0,0.0,0.0
uf20-91_uf20-0112,satlib_random_3sat_uf20,test,moms,20,91,1,1,0,8,11,0,0,8,0.003520917030982673,2.444,0.000259124,0.001164666,1.6543e-05,2.0003e-05,0.0014603359999999998,2.444,0,0.0,0.0
uf20-91_uf20-0113,satlib_random_3sat_uf20,test,moms,20,91,1,1,0,4,16,0,0,4,0.002700249897316098,1.264,0.000276042,0.000763166,8.416e-06,1.3375e-05,0.001060999,1.264,0,0.0,0.0
uf20-91_uf20-0115,satlib_random_3sat_uf20,test,moms,20,91,1,1,0,7,91,6,6,3,0.006925457972101867,8.464,0.002384462,0.001290542,1.4333e-05,2.4332e-05,0.003713669,8.464,0,0.0,0.0
uuf50-218_uuf50-01,satlib_random_3sat_uuf50,test,moms,50,218,1,0,0,28,530,28,27,8,0.05985199997667223,38.519999999999996,0.018099148,0.011970332,6.254e-05,0.000176791,0.030308810999999998,38.519999999999996,0,0.0,0.0
uuf50-218_uuf50-010,satlib_random_3sat_uuf50,test,moms,50,218,1,0,0,32,557,30,29,8,0.06154808308929205,41.828,0.018210641,0.012900289,7.0417e-05,0.000199331,0.031380678,41.828,0,0.0,0.0
uuf50-218_uuf50-0100,satlib_random_3sat_uuf50,test,moms,50,218,1,0,0,22,310,21,20,5,0.04278633405920118,28.84,0.011517956,0.009581835,5.1625e-05,0.000179917,0.021331333,28.84,0,0.0,0.0
uuf50-218_uuf50-01000,satlib_random_3sat_uuf50,test,moms,50,218,1,0,0,40,726,40,39,7,0.08500312501564622,54.903999999999996,0.026145374,0.017408748,9.7209e-05,0.000266211,0.043917542000000004,54.903999999999996,0,0.0,0.0
uuf50-218_uuf50-0101,satlib_random_3sat_uuf50,test,moms,50,218,1,0,0,29,609,28,27,6,0.06303987500723451,39.136,0.019895547,0.013140375,6.3295e-05,0.0001865,0.03328571699999999,39.136,0,0.0,0.0
uuf50-218_uuf50-0102,satlib_random_3sat_uuf50,test,moms,50,218,1,0,0,24,450,24,23,5,0.05306700000073761,33.0,0.016014658,0.011443793,5.3875e-05,0.00015658,0.027668906,33.0,0,0.0,0.0
uuf50-218_uuf50-0103,satlib_random_3sat_uuf50,test,moms,50,218,1,0,0,28,558,27,26,6,0.08322787494398654,37.632,0.019168078,0.012836252,6.9707e-05,0.000200246,0.032274283,37.632,0,0.0,0.0
uuf50-218_uuf50-0104,satlib_random_3sat_uuf50,test,moms,50,218,1,0,0,26,603,27,26,5,0.059080875013023615,37.211999999999996,0.018903991,0.011850166,5.5955e-05,0.000170335,0.030980446999999998,37.211999999999996,0,0.0,0.0
uuf50-218_uuf50-0105,satlib_random_3sat_uuf50,test,moms,50,218,1,0,0,19,407,20,19,4,0.04199654108379036,27.328,0.012272254,0.008806125,4.2959e-05,0.000124545,0.021245883,27.328,0,0.0,0.0
uuf50-218_uuf50-0106,satlib_random_3sat_uuf50,test,moms,50,218,1,0,0,25,533,26,25,5,0.05728766694664955,35.632,0.018143798,0.011457834,5.592e-05,0.000165,0.029822552,35.632,0,0.0,0.0
uuf50-218_uuf50-0107,satlib_random_3sat_uuf50,test,moms,50,218,1,0,0,24,429,24,23,5,0.0497201670659706,32.916,0.014317437,0.010407753,5.2126e-05,0.000155962,0.024933278,32.916,0,0.0,0.0
uuf50-218_uuf50-011,satlib_random_3sat_uuf50,test,moms,50,218,1,0,0,20,421,20,19,5,0.04560070903971791,27.684,0.014138529,0.009299334,5.2501e-05,0.000141792,0.023632156,27.684,0,0.0,0.0
uuf50-218_uuf50-0110,satlib_random_3sat_uuf50,test,moms,50,218,1,0,0,36,729,37,36,8,0.08097649994306266,50.715999999999994,0.025519116,0.01639417,8.0124e-05,0.000239917,0.042233327,50.715999999999994,0,0.0,0.0
uuf50-218_uuf50-0111,satlib_random_3sat_uuf50,test,moms,50,218,1,0,0,28,524,27,26,6,0.05732679192442447,37.495999999999995,0.016760888,0.012209708,6.1546e-05,0.000181087,0.029213229,37.495999999999995,0,0.0,0.0
uuf50-218_uuf50-0112,satlib_random_3sat_uuf50,test,moms,50,218,1,0,0,30,573,30,29,6,0.06345808296464384,41.292,0.019552733,0.013086457,6.8418e-05,0.000191041,0.032898649,41.292,0,0.0,0.0
uuf50-218_uuf50-0114,satlib_random_3sat_uuf50,test,moms,50,218,1,0,0,27,514,26,25,5,0.05902858299668878,36.156,0.01753797,0.012149207,6.2212e-05,0.000183205,0.029932594,36.156,0,0.0,0.0
aim_aim-100-1_6-no-1,satlib_dimacs_aim,test,jeroslow_wang,100,160,1,0,0,45,99,15,14,19,0.029362916946411133,28.896,0.002370537,0.0,0.0,0.000377413,0.00274795,28.896,0,0.0,0.0
aim_aim-100-1_6-no-1,satlib_dimacs_aim,test,vsids,100,160,1,0,0,79,276,28,27,27,0.0535854579648003,52.804,0.005919346,0.0,0.0,0.000583785,0.006503131,52.804,0,0.0,0.0
aim_aim-100-1_6-no-1,satlib_dimacs_aim,test,score_with_R_Paper69,100,160,1,0,0,107,146,18,17,33,0.07998104195576161,50.684000000000005,0.005231918,0.0,0.0,0.001875675,0.007107593000000001,50.684000000000005,107,1.0,0.0
aim_aim-100-1_6-no-1,satlib_dimacs_aim,test,static_gate_v17_Paper69,100,160,1,0,0,95,140,20,19,37,0.05358762503601611,49.06,0.00355234,0.0,0.0,0.001301585,0.004853925,49.06,95,1.0,0.0
aim_aim-100-1_6-no-1,satlib_dimacs_aim,test,state_v18_primary,100,160,1,0,0,46,120,16,15,24,0.05363954196218401,30.279999999999998,0.002719468,0.017820333,0.000101207,0.000635121,0.021276128999999998,36.0020606894638,2,0.043478260869565216,0.0
aim_aim-100-1_6-no-1,satlib_dimacs_aim,test,state_v18_gate_signal_shuffled,100,160,1,0,0,45,118,17,16,27,0.04892904206644744,30.972,0.002733242,0.016378165,9.0707e-05,0.000544336,0.01974645,36.282664609218266,7,0.15555555555555556,0.0
aim_aim-100-1_6-no-1,satlib_dimacs_aim,test,random_activation_matched_q,100,160,1,0,0,51,137,20,19,23,0.057629792019724846,35.848,0.00333562,0.019101502,0.000106371,0.000777287,0.023320780000000003,42.11995475669627,13,0.2549019607843137,0.0
aim_aim-100-1_6-no-1,satlib_dimacs_aim,test,state_Mode_A_always,100,160,1,0,0,107,146,18,17,33,0.10079141706228256,50.684000000000005,0.003919426,0.035792834,0.00021146,0.001220375,0.041144095,61.74940614615864,107,1.0,1.1102230246251565e-16
aim_aim-100-1_6-no-1,satlib_dimacs_aim,test,state_gate_value_only_z_R,100,160,1,0,0,42,117,16,15,24,0.04793687502387911,29.068,0.002639801,0.015856083,8.7413e-05,0.000523329,0.019106626,34.206588581733406,0,0.0,0.0
aim_aim-100-1_6-no-1,satlib_dimacs_aim,test,state_gate_response_only_0_5z_t,100,160,1,0,0,44,109,16,15,22,0.051483666989952326,29.636,0.002682711,0.017475457,9.7126e-05,0.000597206,0.0208525,35.24412874029124,8,0.18181818181818182,0.0
aim_aim-100-1_6-no-1,satlib_dimacs_aim,test,Paper68_hard_threshold_0_5,100,160,1,0,0,42,122,18,17,23,0.04629554192069918,31.088,0.002636504,0.015195503,8.4003e-05,0.000501625,0.018417634999999998,36.04128944595103,14,0.3333333333333333,0.0
aim_aim-100-1_6-no-1,satlib_dimacs_aim,test,closure_HBV,100,160,1,0,0,43,119,16,15,24,0.04910429194569588,29.375999999999998,0.002713044,0.016216206,8.7667e-05,0.000539417,0.019556334,34.63553428894064,3,0.06976744186046512,0.0
aim_aim-100-1_6-no-1,satlib_dimacs_aim,test,closure_HSV,100,160,1,0,0,46,120,16,15,24,0.05160620796959847,30.279999999999998,0.002733377,0.017053951,9.2295e-05,0.000577871,0.020457494,35.781894739514954,2,0.043478260869565216,0.0
aim_aim-100-1_6-no-1,satlib_dimacs_aim,test,closure_BSV,100,160,1,0,0,43,117,16,15,24,0.04954183392692357,29.368,0.002731167,0.016223582,8.9916e-05,0.00055288,0.019597544999999997,34.638617688701636,1,0.023255813953488372,0.0
aim_aim-100-1_6-no-1,satlib_dimacs_aim,test,closure_HBS,100,160,1,0,0,36,110,18,17,20,0.04257966601289809,29.24,0.002563212,0.013829502,7.5294e-05,0.000463084,0.016931092,33.79349448026448,3,0.08333333333333333,0.0
aim_aim-100-1_6-no-2,satlib_dimacs_aim,test,jeroslow_wang,100,160,1,0,0,74,315,36,35,26,0.05455970799084753,59.46,0.00695874,0.0,0.0,0.000592374,0.007551113999999999,59.46,0,0.0,0.0
aim_aim-100-1_6-no-2,satlib_dimacs_aim,test,vsids,100,160,1,0,0,193,386,30,29,35,0.10625620803330094,89.444,0.009105763,0.0,0.0,0.001237334,0.010343096999999999,89.444,0,0.0,0.0
aim_aim-100-1_6-no-2,satlib_dimacs_aim,test,score_with_R_Paper69,100,160,1,0,0,185,175,27,26,26,0.10988504101987928,83.2,0.006085001,0.0,0.0,0.002135041,0.008220042,83.2,185,1.0,0.0
aim_aim-100-1_6-no-2,satlib_dimacs_aim,test,static_gate_v17_Paper69,100,160,1,0,0,135,193,21,20,34,0.07660237501841038,62.272,0.005099758,0.0,0.0,0.001867085,0.006966843,62.272,135,1.0,0.0
aim_aim-100-1_6-no-2,satlib_dimacs_aim,test,state_v18_primary,100,160,1,0,0,73,228,25,24,30,0.06792041705921292,47.812,0.004842951,0.021557796,0.000149835,0.000751501,0.027302083000000005,55.15469734286617,1,0.0136986301369863,0.0
aim_aim-100-1_6-no-2,satlib_dimacs_aim,test,state_v18_gate_signal_shuffled,100,160,1,0,0,70,260,28,27,31,0.06769133394118398,50.04,0.005432173,0.020822252,0.000141629,0.000744243,0.027140296999999997,57.339186170758424,3,0.04285714285714286,0.0
aim_aim-100-1_6-no-2,satlib_dimacs_aim,test,random_activation_matched_q,100,160,1,0,0,80,320,33,32,36,0.07779691705945879,58.28,0.007042057,0.022968462,0.000168377,0.00095308,0.031131976,66.65271930692516,16,0.2,0.0
aim_aim-100-1_6-no-2,satlib_dimacs_aim,test,state_Mode_A_always,100,160,1,0,0,185,175,27,26,26,0.18595837499015033,83.2,0.006250882,0.066359047,0.000373833,0.002262162,0.075245924,103.43684589253904,185,1.0,2.7755575615628914e-16
aim_aim-100-1_6-no-2,satlib_dimacs_aim,test,state_gate_value_only_z_R,100,160,1,0,0,73,227,25,24,30,0.06845166708808392,47.808,0.004783898,0.021489042,0.000151669,0.000754757,0.027179366000000003,55.1176934951442,0,0.0,0.0
aim_aim-100-1_6-no-2,satlib_dimacs_aim,test,state_gate_response_only_0_5z_t,100,160,1,0,0,74,211,25,24,32,0.06745920807588845,48.044000000000004,0.004642579,0.021207198,0.000159293,0.000751793,0.026760863000000003,55.241140146519434,17,0.22972972972972974,0.0
aim_aim-100-1_6-no-2,satlib_dimacs_aim,test,Paper68_hard_threshold_0_5,100,160,1,0,0,71,244,28,27,32,0.06733516696840525,50.275999999999996,0.005055792,0.021241917,0.000143871,0.000719961,0.027161541,57.5808995905862,10,0.14084507042253522,0.0
aim_aim-100-1_6-no-2,satlib_dimacs_aim,test,closure_HBV,100,160,1,0,0,71,229,24,23,27,0.0691248329821974,46.215999999999994,0.004750077,0.022142002,0.000155413,0.000767462,0.027814954,53.69663028113073,6,0.08450704225352113,0.0
aim_aim-100-1_6-no-2,satlib_dimacs_aim,test,closure_HSV,100,160,1,0,0,80,337,37,36,31,0.08074337500147521,62.348,0.007758657,0.024250132,0.000168044,0.000850791,0.033027624000000005,71.23054009725129,3,0.0375,0.0
aim_aim-100-1_6-no-2,satlib_dimacs_aim,test,closure_BSV,100,160,1,0,0,73,228,25,24,30,0.06898220803122967,47.812,0.004899221,0.021514545,0.000146039,0.000769463,0.027329268,55.162008551584776,1,0.0136986301369863,0.0
aim_aim-100-1_6-no-2,satlib_dimacs_aim,test,closure_HBS,100,160,1,0,0,80,337,37,36,31,0.08052037504967302,62.348,0.00730188,0.024411171,0.000171248,0.000854625,0.032738923999999996,71.15289632469059,3,0.0375,0.0
aim_aim-100-1_6-no-3,satlib_dimacs_aim,test,jeroslow_wang,100,157,1,0,0,95,223,26,25,23,0.058539749938063323,55.392,0.00523053,0.0,0.0,0.000730544,0.005961073999999999,55.392,0,0.0,0.0
aim_aim-100-1_6-no-3,satlib_dimacs_aim,test,vsids,100,157,1,0,0,124,518,47,46,27,0.08826112502720207,86.27199999999999,0.011489669,0.0,0.0,0.000871713,0.012361381999999999,86.27199999999999,0,0.0,0.0
aim_aim-100-1_6-no-3,satlib_dimacs_aim,test,score_with_R_Paper69,100,157,1,0,0,188,199,28,27,36,0.1044137499993667,85.19600000000001,0.006449325,0.0,0.0,0.002016365,0.00846569,85.19600000000001,188,1.0,0.0
aim_aim-100-1_6-no-3,satlib_dimacs_aim,test,static_gate_v17_Paper69,100,157,1,0,0,140,234,29,28,32,0.08082625002134591,71.936,0.005678476,0.0,0.0,0.001842871,0.007521347,71.936,140,1.0,0.0
aim_aim-100-1_6-no-3,satlib_dimacs_aim,test,state_v18_primary,100,157,1,0,0,62,250,28,27,21,0.06981466698925942,47.599999999999994,0.004955819,0.022292041,0.000129251,0.000750417,0.028127528,55.164694792957505,3,0.04838709677419355,0.0
aim_aim-100-1_6-no-3,satlib_dimacs_aim,test,state_v18_gate_signal_shuffled,100,157,1,0,0,51,203,28,27,15,0.06282508303411305,44.111999999999995,0.004229924,0.020210456,0.000107294,0.00068317,0.025230844000000002,50.89765262573815,6,0.11764705882352941,0.0
aim_aim-100-1_6-no-3,satlib_dimacs_aim,test,random_activation_matched_q,100,157,1,0,0,86,267,30,29,29,0.09104745893273503,56.867999999999995,0.00561075,0.028999588,0.000175077,0.001205043,0.035990458,66.54737282752882,21,0.2441860465116279,0.0
aim_aim-100-1_6-no-3,satlib_dimacs_aim,test,state_Mode_A_always,100,157,1,0,0,188,199,28,27,36,0.17908212495967746,85.19600000000001,0.0064074,0.062981949,0.000373953,0.002256578,0.07201987999999998,104.56522474045444,188,1.0,0.0
aim_aim-100-1_6-no-3,satlib_dimacs_aim,test,state_gate_value_only_z_R,100,157,1,0,0,81,203,25,24,28,0.082186583080329,50.111999999999995,0.004567253,0.027091707,0.000175466,0.000929333,0.032763758999999996,58.92357551794152,0,0.0,0.0
aim_aim-100-1_6-no-3,satlib_dimacs_aim,test,state_gate_response_only_0_5z_t,100,157,1,0,0,66,246,31,30,24,0.07517979107797146,51.784,0.005364677,0.023239459,0.000141214,0.000854748,0.029600098000000002,59.74473182156754,17,0.25757575757575757,0.0
aim_aim-100-1_6-no-3,satlib_dimacs_aim,test,Paper68_hard_threshold_0_5,100,157,1,0,0,74,203,25,24,26,0.08661412505898625,48.012,0.004644117,0.028144459,0.000180415,0.000910083,0.033879074,57.123531403613654,16,0.21621621621621623,0.0
aim_aim-100-1_6-no-3,satlib_dimacs_aim,test,closure_HBV,100,157,1,0,0,79,237,28,27,25,0.09676933300215751,52.648,0.005493954,0.03145055,0.00019546,0.001066376,0.038206340000000005,62.92331823116359,7,0.08860759493670886,0.0
aim_aim-100-1_6-no-3,satlib_dimacs_aim,test,closure_HSV,100,157,1,0,0,62,251,28,27,25,0.0693301249993965,47.60399999999999,0.005111743,0.021598167,0.000126126,0.000739333,0.027575369000000002,55.02019563184443,4,0.06451612903225806,0.0
aim_aim-100-1_6-no-3,satlib_dimacs_aim,test,closure_BSV,100,157,1,0,0,62,250,28,27,21,0.07471020799130201,47.599999999999994,0.005394246,0.024044914,0.000153288,0.000796627,0.030389075,55.772921467371575,3,0.04838709677419355,0.0
aim_aim-100-1_6-no-3,satlib_dimacs_aim,test,closure_HBS,100,157,1,0,0,63,285,31,30,25,0.07717579207383096,51.04,0.006424299,0.023791376,0.000142002,0.000822459,0.031180135999999997,59.425671589871214,5,0.07936507936507936,0.0
aim_aim-100-1_6-no-4,satlib_dimacs_aim,test,jeroslow_wang,100,160,1,0,0,70,99,17,16,26,0.04515729192644358,38.396,0.003208009,0.0,0.0,0.000607209,0.003815218,38.396,0,0.0,0.0
aim_aim-100-1_6-no-4,satlib_dimacs_aim,test,vsids,100,160,1,0,0,102,286,27,26,22,0.06568529095966369,58.74399999999999,0.00636259,0.0,0.0,0.00075408,0.00711667,58.74399999999999,0,0.0,0.0
aim_aim-100-1_6-no-4,satlib_dimacs_aim,test,score_with_R_Paper69,100,160,1,0,0,111,167,21,20,36,0.06623108393978328,54.967999999999996,0.004835777,0.0,0.0,0.001354536,0.006190313,54.967999999999996,111,1.0,0.0
aim_aim-100-1_6-no-4,satlib_dimacs_aim,test,static_gate_v17_Paper69,100,160,1,0,0,143,162,21,20,39,0.0834279169794172,64.548,0.005225532,0.0,0.0,0.002280629,0.007506161,64.548,143,1.0,0.0
aim_aim-100-1_6-no-4,satlib_dimacs_aim,test,state_v18_primary,100,160,1,0,0,66,130,17,16,26,0.07401250000111759,37.32,0.003481713,0.025104666,0.000149421,0.000865254,0.029601054,45.280988930838646,2,0.030303030303030304,0.0
aim_aim-100-1_6-no-4,satlib_dimacs_aim,test,state_v18_gate_signal_shuffled,100,160,1,0,0,93,144,18,17,32,0.09629695804324001,46.476,0.003826998,0.033217745,0.000201544,0.001213413,0.0384597,56.81945756686147,28,0.3010752688172043,0.0
aim_aim-100-1_6-no-4,satlib_dimacs_aim,test,random_activation_matched_q,100,160,1,0,0,66,112,16,15,26,0.07201716699637473,36.248,0.003054623,0.024896672,0.000135711,0.001050382,0.029137388,44.08428932069617,12,0.18181818181818182,0.0
aim_aim-100-1_6-no-4,satlib_dimacs_aim,test,state_Mode_A_always,100,160,1,0,0,111,167,21,20,36,0.10723133303690702,54.967999999999996,0.004490574,0.03733913,0.000221501,0.001353376,0.043404581,66.64134747231262,111,1.0,0.0
aim_aim-100-1_6-no-4,satlib_dimacs_aim,test,state_gate_value_only_z_R,100,160,1,0,0,48,105,17,16,21,0.055004291934892535,31.82,0.002567786,0.018863543,0.000103626,0.000650247,0.022185201999999998,37.78654928403628,0,0.0,0.0
aim_aim-100-1_6-no-4,satlib_dimacs_aim,test,state_gate_response_only_0_5z_t,100,160,1,0,0,54,110,16,15,28,0.062103708973154426,32.64,0.002895632,0.021423873,0.000155294,0.000765246,0.025240045,39.42812716800116,12,0.2222222222222222,0.0
aim_aim-100-1_6-no-4,satlib_dimacs_aim,test,Paper68_hard_threshold_0_5,100,160,1,0,0,51,130,18,17,20,0.06373966694809496,33.82,0.003640657,0.021666624,0.000116833,0.000815293,0.026239407,40.87689833472721,13,0.2549019607843137,0.0
aim_aim-100-1_6-no-4,satlib_dimacs_aim,test,closure_HBV,100,160,1,0,0,66,130,17,16,26,0.074894665973261,37.32,0.003536636,0.026023704,0.000151377,0.000909206,0.030620923,45.55527530658411,3,0.045454545454545456,0.0
aim_aim-100-1_6-no-4,satlib_dimacs_aim,test,closure_HSV,100,160,1,0,0,66,130,17,16,26,0.07434537494555116,37.32,0.003529141,0.025686292,0.000144505,0.000860956,0.030220893999999998,45.447690406363506,2,0.030303030303030304,0.0
aim_aim-100-1_6-no-4,satlib_dimacs_aim,test,closure_BSV,100,160,1,0,0,48,105,17,16,21,0.057652082992717624,31.82,0.002769163,0.020520705,0.000109043,0.000648832,0.024047742999999996,38.28746618666526,0,0.0,0.0
aim_aim-100-1_6-no-4,satlib_dimacs_aim,test,closure_HBS,100,160,1,0,0,66,130,17,16,26,0.07303962507285178,37.32,0.003319252,0.025028079,0.000139123,0.000903454,0.029389908000000006,45.22420274448221,3,0.045454545454545456,0.0
aim_aim-100-1_6-yes1-3,satlib_dimacs_aim,test,jeroslow_wang,100,160,1,1,0,59,330,24,24,21,0.03765149996615946,43.02,0.004948496,0.0,0.0,0.000417042,0.005365538,43.02,0,0.0,0.0
aim_aim-100-1_6-yes1-3,satlib_dimacs_aim,test,vsids,100,160,1,1,0,116,531,23,23,22,0.07715549995191395,59.924,0.009076784,0.0,0.0,0.00085704,0.009933823999999999,59.924,0,0.0,0.0
aim_aim-100-1_6-yes1-3,satlib_dimacs_aim,test,score_with_R_Paper69,100,160,1,1,0,114,198,15,15,26,0.06245979096274823,49.992,0.004065461,0.0,0.0,0.001282289,0.00534775,49.992,114,1.0,0.0
aim_aim-100-1_6-yes1-3,satlib_dimacs_aim,test,static_gate_v17_Paper69,100,160,1,1,0,163,645,35,35,42,0.09765675000380725,86.48,0.011563698,0.0,0.0,0.002193714,0.013757412,86.48,163,1.0,0.0
aim_aim-100-1_6-yes1-3,satlib_dimacs_aim,test,state_v18_primary,100,160,1,1,0,22,148,9,9,12,0.02583041600883007,16.192,0.001869004,0.007984248,5.3414e-05,0.000309625,0.010216290999999999,18.939597418836048,3,0.13636363636363635,0.0
aim_aim-100-1_6-yes1-3,satlib_dimacs_aim,test,state_v18_gate_signal_shuffled,100,160,1,1,0,19,150,9,9,10,0.02210958395153284,15.299999999999999,0.00173234,0.006868249,4.0417e-05,0.000236208,0.008877214,17.68746236504571,0,0.0,0.0
aim_aim-100-1_6-yes1-3,satlib_dimacs_aim,test,random_activation_matched_q,100,160,1,1,0,32,228,22,22,11,0.037929416983388364,32.512,0.003263959,0.011383168,7.1627e-05,0.000498126,0.01521688,36.604469587126864,8,0.25,0.0
aim_aim-100-1_6-yes1-3,satlib_dimacs_aim,test,state_Mode_A_always,100,160,1,1,0,114,198,15,15,26,0.10155712498817593,49.992,0.004031938,0.034762086,0.000233047,0.001375001,0.040402072,60.85784443834149,114,1.0,1.1102230246251565e-16
aim_aim-100-1_6-yes1-3,satlib_dimacs_aim,test,state_gate_value_only_z_R,100,160,1,1,0,19,150,9,9,10,0.021926292101852596,15.299999999999999,0.001682867,0.006734328,4.0459e-05,0.000222622,0.008680276,17.634497317312565,0,0.0,0.0
aim_aim-100-1_6-yes1-3,satlib_dimacs_aim,test,state_gate_response_only_0_5z_t,100,160,1,1,0,23,148,9,9,12,0.024906542035751045,16.491999999999997,0.001727084,0.007814542,4.8292e-05,0.000277709,0.009867627,19.145826763082304,5,0.21739130434782608,0.0
aim_aim-100-1_6-yes1-3,satlib_dimacs_aim,test,Paper68_hard_threshold_0_5,100,160,1,1,0,35,190,16,16,14,0.03875887498725206,27.26,0.002627789,0.012363291,7.5166e-05,0.000438124,0.01550437,31.429787938957404,15,0.42857142857142855,0.0
aim_aim-100-1_6-yes1-3,satlib_dimacs_aim,test,closure_HBV,100,160,1,1,0,19,152,10,10,9,0.021853249985724688,16.308,0.001696127,0.006717291,4.0086e-05,0.000234835,0.008688339,18.64466580272357,1,0.05263157894736842,0.0
aim_aim-100-1_6-yes1-3,satlib_dimacs_aim,test,closure_HSV,100,160,1,1,0,21,150,9,9,11,0.023064333014190197,15.9,0.001698,0.00705225,4.271e-05,0.000247416,0.009040376000000001,18.33134360238049,3,0.14285714285714285,0.0
aim_aim-100-1_6-yes1-3,satlib_dimacs_aim,test,closure_BSV,100,160,1,1,0,20,150,9,9,10,0.02260262507479638,15.6,0.00169704,0.006980249,4.1584e-05,0.000241708,0.008960581,18.009883315468535,2,0.1,0.0
aim_aim-100-1_6-yes1-3,satlib_dimacs_aim,test,closure_HBS,100,160,1,1,0,22,148,9,9,12,0.02482029201928526,16.192,0.001700201,0.007959166,5.0042e-05,0.000263085,0.009972494,18.87402998267747,3,0.13636363636363635,0.0
aim_aim-100-1_6-yes1-4,satlib_dimacs_aim,test,jeroslow_wang,100,160,1,1,0,23,149,6,6,19,0.015524375019595027,13.495999999999999,0.001754754,0.0,0.0,0.00018329,0.001938044,13.495999999999999,0,0.0,0.0
aim_aim-100-1_6-yes1-4,satlib_dimacs_aim,test,vsids,100,160,1,1,0,115,470,20,20,30,0.06405645806808025,56.38,0.007399003,0.0,0.0,0.000707039,0.008106042,56.38,0,0.0,0.0
aim_aim-100-1_6-yes1-4,satlib_dimacs_aim,test,score_with_R_Paper69,100,160,1,1,0,67,223,16,16,31,0.037952874903567135,36.992,0.003439757,0.0,0.0,0.00071704,0.004156797,36.992,67,1.0,0.0
aim_aim-100-1_6-yes1-4,satlib_dimacs_aim,test,static_gate_v17_Paper69,100,160,1,1,0,62,178,12,12,29,0.03506608307361603,31.311999999999998,0.003170077,0.0,0.0,0.00081921,0.003989287,31.311999999999998,62,1.0,0.0
aim_aim-100-1_6-yes1-4,satlib_dimacs_aim,test,state_v18_primary,100,160,1,1,0,22,187,9,9,13,0.027147167013026774,16.348,0.002374782,0.008313248,5.0581e-05,0.000290166,0.011028777,19.314109639801604,3,0.13636363636363635,0.0
aim_aim-100-1_6-yes1-4,satlib_dimacs_aim,test,state_v18_gate_signal_shuffled,100,160,1,1,0,31,217,9,9,20,0.033430792042054236,19.167999999999996,0.002744248,0.010399461,6.3541e-05,0.000361502,0.013568752,22.81721750682576,8,0.25806451612903225,0.0
aim_aim-100-1_6-yes1-4,satlib_dimacs_aim,test,random_activation_matched_q,100,160,1,1,0,30,202,11,11,14,0.035029832972213626,20.808,0.002668128,0.011120166,6.4004e-05,0.000454875,0.014307173000000001,24.655810482849482,11,0.36666666666666664,0.0
aim_aim-100-1_6-yes1-4,satlib_dimacs_aim,test,state_Mode_A_always,100,160,1,1,0,67,223,16,16,31,0.06669895793311298,36.992,0.003924586,0.02167129,0.000157292,0.000909707,0.026662875,44.162786984116664,67,1.0,0.0
aim_aim-100-1_6-yes1-4,satlib_dimacs_aim,test,state_gate_value_only_z_R,100,160,1,1,0,29,157,7,7,20,0.03142991696950048,16.328,0.002000833,0.010136337,6.042e-05,0.000362458,0.012560048,19.70593387690864,0,0.0,0.0
aim_aim-100-1_6-yes1-4,satlib_dimacs_aim,test,state_gate_response_only_0_5z_t,100,160,1,1,0,40,245,11,11,25,0.041967709083110094,23.98,0.00339045,0.013077165,8.3124e-05,0.00047775,0.017028489,28.559688697500693,7,0.175,0.0
aim_aim-100-1_6-yes1-4,satlib_dimacs_aim,test,Paper68_hard_threshold_0_5,100,160,1,1,0,26,221,9,9,13,0.029946375056169927,17.684,0.002839754,0.009229501,5.475e-05,0.000312376,0.012436380999999998,21.028674533572087,9,0.34615384615384615,0.0
aim_aim-100-1_6-yes1-4,satlib_dimacs_aim,test,closure_HBV,100,160,1,1,0,30,159,7,7,20,0.03248333395458758,16.636,0.002104292,0.010553586,6.2168e-05,0.000372666,0.013092712000000001,20.157189999067544,1,0.03333333333333333,0.0
aim_aim-100-1_6-yes1-4,satlib_dimacs_aim,test,closure_HSV,100,160,1,1,0,22,187,9,9,13,0.027795083005912602,16.348,0.002445831,0.008766624,4.8795e-05,0.000302917,0.011564167,19.458098899903007,3,0.13636363636363635,0.0
aim_aim-100-1_6-yes1-4,satlib_dimacs_aim,test,closure_BSV,100,160,1,1,0,29,157,7,7,20,0.031819332973100245,16.328,0.002091329,0.010223126,6.3792e-05,0.000367417,0.012745664,19.75585395480136,0,0.0,0.0
aim_aim-100-1_6-yes1-4,satlib_dimacs_aim,test,closure_HBS,100,160,1,1,0,22,187,9,9,13,0.026748124975711107,16.348,0.00245433,0.008415582,5.0207e-05,0.000298708,0.011218826999999999,19.365222209857585,3,0.13636363636363635,0.0
aim_aim-100-2_0-no-1,satlib_dimacs_aim,test,jeroslow_wang,100,200,1,0,0,23,46,7,6,18,0.017453291919082403,14.083999999999998,0.001287286,0.0,0.0,0.000197876,0.001485162,14.083999999999998,0,0.0,0.0
aim_aim-100-2_0-no-1,satlib_dimacs_aim,test,vsids,100,200,1,0,0,63,168,17,16,24,0.04738962498959154,36.571999999999996,0.004524287,0.0,0.0,0.000481499,0.005005786,36.571999999999996,0,0.0,0.0
aim_aim-100-2_0-no-1,satlib_dimacs_aim,test,score_with_R_Paper69,100,200,1,0,0,35,63,8,7,28,0.02513241593260318,18.752,0.0017807,0.0,0.0,0.000412045,0.0021927450000000003,18.752,35,1.0,0.0
aim_aim-100-2_0-no-1,satlib_dimacs_aim,test,static_gate_v17_Paper69,100,200,1,0,0,61,86,9,8,43,0.040158624993637204,27.644000000000002,0.002481668,0.0,0.0,0.000835209,0.0033168769999999998,27.644000000000002,61,1.0,0.0
aim_aim-100-2_0-no-1,satlib_dimacs_aim,test,state_v18_primary,100,200,1,0,0,29,75,6,5,26,0.034376249997876585,15.0,0.001797622,0.011099499,6.9377e-05,0.000340372,0.013306870000000002,18.57878624099361,5,0.1724137931034483,0.0
aim_aim-100-2_0-no-1,satlib_dimacs_aim,test,state_v18_gate_signal_shuffled,100,200,1,0,0,30,88,8,7,25,0.03618229099083692,17.352,0.002229456,0.011373834,6.2747e-05,0.000358501,0.014024538,21.123797848080883,3,0.1,0.0
aim_aim-100-2_0-no-1,satlib_dimacs_aim,test,random_activation_matched_q,100,200,1,0,0,30,71,12,11,24,0.05959591700229794,21.284,0.002589999,0.020953205,0.000125249,0.000794043,0.024462496,27.86301099996928,11,0.36666666666666664,0.0
aim_aim-100-2_0-no-1,satlib_dimacs_aim,test,state_Mode_A_always,100,200,1,0,0,35,63,8,7,28,0.046806750004179776,18.752,0.001990367,0.015630713,9.1791e-05,0.000573833,0.018286704,23.67007650246247,35,1.0,0.0
aim_aim-100-2_0-no-1,satlib_dimacs_aim,test,state_gate_value_only_z_R,100,200,1,0,0,35,80,7,6,34,0.042368374997749925,17.82,0.002250411,0.013501707,8.3332e-05,0.000437503,0.016272952999999996,22.19649276627304,12,0.34285714285714286,0.0
aim_aim-100-2_0-no-1,satlib_dimacs_aim,test,state_gate_response_only_0_5z_t,100,200,1,0,0,42,126,10,9,26,0.05101716599892825,23.104000000000003,0.003070423,0.016422208,9.3002e-05,0.00052671,0.020112342999999998,28.513068879649698,8,0.19047619047619047,0.0
aim_aim-100-2_0-no-1,satlib_dimacs_aim,test,Paper68_hard_threshold_0_5,100,200,1,0,0,50,108,11,10,29,0.06070545909460634,26.432,0.002969578,0.019426495,0.000115921,0.000685669,0.023197663,32.67084333187343,24,0.48,0.0
aim_aim-100-2_0-no-1,satlib_dimacs_aim,test,closure_HBV,100,200,1,0,0,32,133,13,12,24,0.04284541599918157,23.132,0.003251039,0.012876042,7.1211e-05,0.000406126,0.016604418000000003,27.597637875631662,4,0.125,0.0
aim_aim-100-2_0-no-1,satlib_dimacs_aim,test,closure_HSV,100,200,1,0,0,29,75,6,5,26,0.03618470800574869,15.0,0.001833745,0.011605504,6.5793e-05,0.000377874,0.013882916,18.733709637628536,5,0.1724137931034483,0.0
aim_aim-100-2_0-no-1,satlib_dimacs_aim,test,closure_BSV,100,200,1,0,0,31,128,13,12,24,0.03881083405576646,22.811999999999998,0.00288642,0.011744914,6.6708e-05,0.000365834,0.015063876,26.863320270268954,2,0.06451612903225806,0.0
aim_aim-100-2_0-no-1,satlib_dimacs_aim,test,closure_HBS,100,200,1,0,0,29,71,10,9,24,0.03895900002680719,18.983999999999998,0.001966534,0.01281375,7.329e-05,0.000404082,0.015257656000000001,23.08743599679065,7,0.2413793103448276,0.0
aim_aim-100-2_0-no-3,satlib_dimacs_aim,test,jeroslow_wang,100,198,1,0,0,12,48,7,6,8,0.011515249963849783,10.792,0.001103589,0.0,0.0,0.000114292,0.001217881,10.792,0,0.0,0.0
aim_aim-100-2_0-no-3,satlib_dimacs_aim,test,vsids,100,198,1,0,0,78,205,18,17,25,0.054613083018921316,42.22,0.005063036,0.0,0.0,0.000592786,0.005655822,42.22,0,0.0,0.0
aim_aim-100-2_0-no-3,satlib_dimacs_aim,test,score_with_R_Paper69,100,198,1,0,0,24,52,7,6,17,0.019892624928615987,14.408,0.001445004,0.0,0.0,0.000308003,0.001753007,14.408,24,1.0,0.0
aim_aim-100-2_0-no-3,satlib_dimacs_aim,test,static_gate_v17_Paper69,100,198,1,0,0,81,102,16,15,30,0.05925433395896107,40.708,0.003703917,0.0,0.0,0.001214499,0.004918416,40.708,81,1.0,0.0
aim_aim-100-2_0-no-3,satlib_dimacs_aim,test,state_v18_primary,100,198,1,0,0,33,77,7,6,25,0.03985850000753999,17.208,0.002016491,0.013050002,7.1664e-05,0.000397168,0.015535325000000001,21.386113061851816,4,0.12121212121212122,0.0
aim_aim-100-2_0-no-3,satlib_dimacs_aim,test,state_v18_gate_signal_shuffled,100,198,1,0,0,41,220,21,20,28,0.04790812497958541,34.18,0.004572168,0.013686792,8.8747e-05,0.000425708,0.018773414999999998,39.228973898329436,5,0.12195121951219512,0.0
aim_aim-100-2_0-no-3,satlib_dimacs_aim,test,random_activation_matched_q,100,198,1,0,0,10,50,7,6,8,0.016071083955466747,10.2,0.001080582,0.004721833,1.9791e-05,0.000152584,0.00597479,11.80687646642871,1,0.1,0.0
aim_aim-100-2_0-no-3,satlib_dimacs_aim,test,state_Mode_A_always,100,198,1,0,0,24,52,7,6,17,0.03322862507775426,14.408,0.001440129,0.011054834,4.8539e-05,0.000308045,0.012851547,17.86433042023276,24,1.0,0.0
aim_aim-100-2_0-no-3,satlib_dimacs_aim,test,state_gate_value_only_z_R,100,198,1,0,0,32,101,9,8,25,0.0391364999813959,19.004,0.002311993,0.01285304,6.8253e-05,0.000368044,0.01560133,23.199864628210907,10,0.3125,0.0
aim_aim-100-2_0-no-3,satlib_dimacs_aim,test,state_gate_response_only_0_5z_t,100,198,1,0,0,27,79,7,6,18,0.035312875057570636,15.416,0.001923169,0.01125125,5.5124e-05,0.000333832,0.013563375,19.063771401647173,4,0.14814814814814814,0.0
aim_aim-100-2_0-no-3,satlib_dimacs_aim,test,Paper68_hard_threshold_0_5,100,198,1,0,0,35,53,7,6,17,0.04544770799111575,17.712,0.00183417,0.015300001,7.3706e-05,0.000454747,0.017662624,22.46223470966828,34,0.9714285714285714,0.0
aim_aim-100-2_0-no-3,satlib_dimacs_aim,test,closure_HBV,100,198,1,0,0,31,71,7,6,25,0.038141041062772274,16.583999999999996,0.001972542,0.012331542,6.7503e-05,0.000392797,0.014764383999999998,20.554774067526484,3,0.0967741935483871,0.0
aim_aim-100-2_0-no-3,satlib_dimacs_aim,test,closure_HSV,100,198,1,0,0,33,77,7,6,25,0.04341820802073926,17.208,0.002753286,0.013587793,7.7041e-05,0.000464124,0.016882244,21.748357164704917,4,0.12121212121212122,0.0
aim_aim-100-2_0-no-3,satlib_dimacs_aim,test,closure_BSV,100,198,1,0,0,9,50,7,6,7,0.01590424997266382,9.899999999999999,0.001205459,0.004639791,2.1833e-05,0.000137374,0.0060044569999999995,11.514855191058285,0,0.0,0.0
aim_aim-100-2_0-no-3,satlib_dimacs_aim,test,closure_HBS,100,198,1,0,0,18,58,7,6,10,0.02749558398500085,12.631999999999998,0.00154808,0.008884291,4.4541e-05,0.000268581,0.010745493000000002,15.521922461186826,6,0.3333333333333333,0.0
aim_aim-100-2_0-yes1-1,satlib_dimacs_aim,test,jeroslow_wang,100,198,1,1,0,49,447,24,24,22,0.04339004203211516,40.488,0.007908039,0.0,0.0,0.000349331,0.00825737,40.488,0,0.0,0.0
aim_aim-100-2_0-yes1-1,satlib_dimacs_aim,test,vsids,100,198,1,1,0,104,469,30,30,25,0.07617804198525846,63.076,0.009221745,0.0,0.0,0.000730917,0.009952662,63.076,0,0.0,0.0
aim_aim-100-2_0-yes1-1,satlib_dimacs_aim,test,score_with_R_Paper69,100,198,1,1,0,75,444,29,29,22,0.05653566599357873,53.276,0.008183218,0.0,0.0,0.000906334,0.009089552,53.276,75,1.0,0.0
aim_aim-100-2_0-yes1-1,satlib_dimacs_aim,test,static_gate_v17_Paper69,100,198,1,1,0,119,521,26,26,29,0.0912896249210462,63.784,0.011037257,0.0,0.0,0.001700007,0.012737264,63.784,119,1.0,0.0
aim_aim-100-2_0-yes1-1,satlib_dimacs_aim,test,state_v18_primary,100,198,1,1,0,10,109,1,1,10,0.014079999993555248,4.436,0.000974379,0.004046208,2.8624e-05,0.000161,0.005210210999999999,5.837248485892893,1,0.1,0.0
aim_aim-100-2_0-yes1-1,satlib_dimacs_aim,test,state_v18_gate_signal_shuffled,100,198,1,1,0,90,399,27,27,21,0.10822316608391702,55.596000000000004,0.007890361,0.032715791,0.000224419,0.001277795,0.042108365999999994,66.92073984276718,16,0.17777777777777778,0.0
aim_aim-100-2_0-yes1-1,satlib_dimacs_aim,test,random_activation_matched_q,100,198,1,1,0,60,515,29,29,22,0.07718174997717142,49.06,0.009291167,0.021056422,0.000134543,0.00082692,0.031309052000000004,57.480342613714086,14,0.23333333333333334,0.0
aim_aim-100-2_0-yes1-1,satlib_dimacs_aim,test,state_Mode_A_always,100,198,1,1,0,75,444,29,29,22,0.08557391702197492,53.276,0.008491326,0.024308494,0.00016183,0.000911913,0.033873563,62.38604926010627,75,1.0,0.0
aim_aim-100-2_0-yes1-1,satlib_dimacs_aim,test,state_gate_value_only_z_R,100,198,1,1,0,66,513,37,37,23,0.0785958330379799,58.852,0.009698196,0.02091625,0.000148376,0.000658543,0.031421365,67.30254838104213,9,0.13636363636363635,0.0
aim_aim-100-2_0-yes1-1,satlib_dimacs_aim,test,state_gate_response_only_0_5z_t,100,198,1,1,0,40,223,19,19,18,0.052775667048990726,31.892,0.003909959,0.015971924,8.8627e-05,0.00056225,0.02053276,37.41413698470218,7,0.175,0.0
aim_aim-100-2_0-yes1-1,satlib_dimacs_aim,test,Paper68_hard_threshold_0_5,100,198,1,1,0,78,529,39,39,17,0.09903799998573959,64.516,0.010284499,0.0281965,0.000169494,0.000954338,0.039604831,75.16743224963325,39,0.5,0.0
aim_aim-100-2_0-yes1-1,satlib_dimacs_aim,test,closure_HBV,100,198,1,1,0,10,109,1,1,10,0.012708749971352518,4.436,0.000927242,0.003718793,2.0376e-05,0.000115292,0.004781703,5.722004365032339,1,0.1,0.0
aim_aim-100-2_0-yes1-1,satlib_dimacs_aim,test,closure_HSV,100,198,1,1,0,10,109,1,1,10,0.01227208401542157,4.436,0.000916496,0.003673207,2.1626e-05,0.000112625,0.004723954,5.706473190035427,1,0.1,0.0
aim_aim-100-2_0-yes1-1,satlib_dimacs_aim,test,closure_BSV,100,198,1,1,0,10,109,1,1,10,0.012114624958485365,4.436,0.00093645,0.00350046,2.0086e-05,0.000112083,0.004569078999999999,5.66482068128815,1,0.1,0.0
aim_aim-100-2_0-yes1-1,satlib_dimacs_aim,test,closure_HBS,100,198,1,1,0,59,379,26,26,17,0.0768292909488082,45.216,0.006943281,0.022916952,0.000124289,0.000722542,0.030707064,53.47444230420153,13,0.22033898305084745,0.0
aim_aim-100-2_0-yes1-2,satlib_dimacs_aim,test,jeroslow_wang,100,200,1,1,0,59,445,26,26,17,0.046225041965954006,45.480000000000004,0.007412761,0.0,0.0,0.00038567,0.007798431000000001,45.480000000000004,0,0.0,0.0
aim_aim-100-2_0-yes1-2,satlib_dimacs_aim,test,vsids,100,200,1,1,0,123,646,42,42,17,0.09214787499513477,81.48400000000001,0.012216544,0.0,0.0,0.000808085,0.013024629,81.48400000000001,0,0.0,0.0
aim_aim-100-2_0-yes1-2,satlib_dimacs_aim,test,score_with_R_Paper69,100,200,1,1,0,144,1111,62,62,25,0.12195595796220005,109.64399999999999,0.022750587,0.0,0.0,0.001557128,0.024307715,109.64399999999999,144,1.0,0.0
aim_aim-100-2_0-yes1-2,satlib_dimacs_aim,test,static_gate_v17_Paper69,100,200,1,1,0,162,651,49,49,23,0.12751866702456027,100.204,0.015637865,0.0,0.0,0.002479217,0.018117082,100.204,162,1.0,0.0
aim_aim-100-2_0-yes1-2,satlib_dimacs_aim,test,state_v18_primary,100,200,1,1,0,79,471,31,31,18,0.12794037500862032,56.584,0.011712075,0.038572418,0.000323251,0.001657912,0.052265655999999994,70.64046937028056,10,0.12658227848101267,0.0
aim_aim-100-2_0-yes1-2,satlib_dimacs_aim,test,state_v18_gate_signal_shuffled,100,200,1,1,0,61,551,31,31,17,0.08333570801187307,51.504,0.010840042,0.023087583,0.000174585,0.000730705,0.03483291499999999,60.87206002731671,12,0.19672131147540983,0.0
aim_aim-100-2_0-yes1-2,satlib_dimacs_aim,test,random_activation_matched_q,100,200,1,1,0,60,277,25,25,27,0.07248112501110882,44.108,0.00536989,0.022303455,0.000145579,0.00085008,0.028669004,51.818320838648816,12,0.2,0.0
aim_aim-100-2_0-yes1-2,satlib_dimacs_aim,test,state_Mode_A_always,100,200,1,1,0,144,1111,62,62,25,0.1760764999780804,109.64399999999999,0.022090039,0.046821046,0.000319339,0.001636459,0.070866883,128.70313455399383,144,1.0,0.0
aim_aim-100-2_0-yes1-2,satlib_dimacs_aim,test,state_gate_value_only_z_R,100,200,1,1,0,58,357,24,24,18,0.0720093339914456,42.827999999999996,0.006673116,0.021098628,0.000130712,0.000645294,0.028547750000000004,50.50571045417332,10,0.1724137931034483,0.0
aim_aim-100-2_0-yes1-2,satlib_dimacs_aim,test,state_gate_response_only_0_5z_t,100,200,1,1,0,63,361,23,23,15,0.07776562497019768,43.344,0.006841592,0.023304668,0.000177579,0.000755997,0.031079836000000003,51.70269663182536,13,0.20634920634920634,0.0
aim_aim-100-2_0-yes1-2,satlib_dimacs_aim,test,Paper68_hard_threshold_0_5,100,200,1,1,0,119,1348,76,76,22,0.18210820900276303,117.09199999999998,0.031700711,0.043471957,0.000283752,0.001509213,0.07696563299999999,137.7913491639855,48,0.40336134453781514,2.220446049250313e-16
aim_aim-100-2_0-yes1-2,satlib_dimacs_aim,test,closure_HBV,100,200,1,1,0,59,460,31,31,11,0.07849937491118908,50.540000000000006,0.008430874,0.022197417,0.000144165,0.000700582,0.031473038,59.00444545987668,9,0.15254237288135594,0.0
aim_aim-100-2_0-yes1-2,satlib_dimacs_aim,test,closure_HSV,100,200,1,1,0,50,368,19,19,16,0.06733870797324926,35.472,0.00653203,0.019222124,0.000115663,0.000639294,0.026509111,42.60143327076708,10,0.2,0.0
aim_aim-100-2_0-yes1-2,satlib_dimacs_aim,test,closure_BSV,100,200,1,1,0,39,445,24,24,11,0.05748279206454754,37.480000000000004,0.007485154,0.015026207,0.000105415,0.000496166,0.023112942,43.696058232964134,3,0.07692307692307693,0.0
aim_aim-100-2_0-yes1-2,satlib_dimacs_aim,test,closure_HBS,100,200,1,1,0,89,704,49,49,18,0.12059008295182139,78.516,0.014454591,0.032829172,0.000209172,0.001134295,0.048627229999999994,91.5939410681574,19,0.21348314606741572,0.0
aim_aim-100-2_0-yes1-3,satlib_dimacs_aim,test,jeroslow_wang,100,200,1,1,0,47,330,22,22,18,0.04057216609362513,37.42,0.006001374,0.0,0.0,0.000371579,0.006372953000000001,37.42,0,0.0,0.0
aim_aim-100-2_0-yes1-3,satlib_dimacs_aim,test,vsids,100,200,1,1,0,100,532,28,28,20,0.08317841601092368,60.128,0.010927986,0.0,0.0,0.000804497,0.011732483,60.128,0,0.0,0.0
aim_aim-100-2_0-yes1-3,satlib_dimacs_aim,test,score_with_R_Paper69,100,200,1,1,0,165,791,40,40,21,0.14438216597773135,92.664,0.017156746,0.0,0.0,0.002496202,0.019652948,92.664,165,1.0,0.0
aim_aim-100-2_0-yes1-3,satlib_dimacs_aim,test,static_gate_v17_Paper69,100,200,1,1,0,59,246,14,14,21,0.04197254101745784,32.684,0.004318838,0.0,0.0,0.000849085,0.0051679230000000005,32.684,59,1.0,0.0
aim_aim-100-2_0-yes1-3,satlib_dimacs_aim,test,state_v18_primary,100,200,1,1,0,32,278,17,17,13,0.04718654102180153,27.712000000000003,0.004633085,0.013205914,9.1537e-05,0.000443208,0.018373744,32.65348527961414,10,0.3125,0.0
aim_aim-100-2_0-yes1-3,satlib_dimacs_aim,test,state_v18_gate_signal_shuffled,100,200,1,1,0,47,296,13,13,22,0.05426170793361962,28.284000000000002,0.004967754,0.015837002,0.000113916,0.00053258,0.021451252,34.053158751057666,7,0.14893617021276595,0.0
aim_aim-100-2_0-yes1-3,satlib_dimacs_aim,test,random_activation_matched_q,100,200,1,1,0,19,127,7,7,10,0.028700917027890682,13.207999999999998,0.002265005,0.008685126,4.9543e-05,0.000302085,0.011301759000000001,16.2475261701832,4,0.21052631578947367,0.0
aim_aim-100-2_0-yes1-3,satlib_dimacs_aim,test,state_Mode_A_always,100,200,1,1,0,165,791,40,40,21,0.20164470793679357,92.664,0.017665255,0.05924358,0.000405793,0.002063917,0.079378545,114.01228435808662,165,1.0,2.220446049250313e-16
aim_aim-100-2_0-yes1-3,satlib_dimacs_aim,test,state_gate_value_only_z_R,100,200,1,1,0,54,328,16,16,21,0.06414779205806553,33.512,0.005626885,0.018363205,0.000114876,0.000573669,0.024678634999999997,40.14914001748746,12,0.2222222222222222,0.0
aim_aim-100-2_0-yes1-3,satlib_dimacs_aim,test,state_gate_response_only_0_5z_t,100,200,1,1,0,80,455,25,25,24,0.0854259580373764,50.82,0.008203319,0.024181747,0.000182785,0.00082821,0.033396061000000005,59.80162855804433,19,0.2375,0.0
aim_aim-100-2_0-yes1-3,satlib_dimacs_aim,test,Paper68_hard_threshold_0_5,100,200,1,1,0,112,759,46,46,23,0.1561932920012623,82.636,0.016163065,0.044299704,0.000270666,0.001468499,0.062201934,99.36475932224427,56,0.5,5.551115123125783e-16
aim_aim-100-2_0-yes1-3,satlib_dimacs_aim,test,closure_HBV,100,200,1,1,0,17,150,4,4,10,0.02593399991746992,9.7,0.00218079,0.007248462,4.6459e-05,0.00024725,0.009722960999999999,12.31491989089226,4,0.23529411764705882,0.0
aim_aim-100-2_0-yes1-3,satlib_dimacs_aim,test,closure_HSV,100,200,1,1,0,12,101,2,2,7,0.01751641696318984,6.004,0.001039214,0.005293749,3.0585e-05,0.000194583,0.006558131,7.76776180044095,4,0.3333333333333333,0.0
aim_aim-100-2_0-yes1-3,satlib_dimacs_aim,test,closure_BSV,100,200,1,1,0,23,153,9,9,13,0.030866916989907622,16.511999999999997,0.00227388,0.009215877,4.8667e-05,0.000285375,0.011823799,19.691925044542703,2,0.08695652173913043,0.0
aim_aim-100-2_0-yes1-3,satlib_dimacs_aim,test,closure_HBS,100,200,1,1,0,44,332,22,22,14,0.06031866604462266,36.528000000000006,0.006109705,0.017580417,9.5749e-05,0.000535913,0.024321784,43.06916752742145,8,0.18181818181818182,0.0
aim_aim-100-2_0-yes1-4,satlib_dimacs_aim,test,jeroslow_wang,100,199,1,1,0,24,364,18,18,10,0.02324904198758304,26.656,0.005486806,0.0,0.0,0.000168337,0.0056551430000000005,26.656,0,0.0,0.0
aim_aim-100-2_0-yes1-4,satlib_dimacs_aim,test,vsids,100,199,1,1,0,111,512,27,27,22,0.07883391703944653,62.348,0.009864073,0.0,0.0,0.000724675,0.010588747999999999,62.348,0,0.0,0.0
aim_aim-100-2_0-yes1-4,satlib_dimacs_aim,test,score_with_R_Paper69,100,199,1,1,0,93,502,27,27,26,0.07011391606647521,56.908,0.009143247,0.0,0.0,0.000976212,0.010119459,56.908,93,1.0,0.0
aim_aim-100-2_0-yes1-4,satlib_dimacs_aim,test,static_gate_v17_Paper69,100,199,1,1,0,78,321,24,24,25,0.05158666695933789,48.684,0.005487243,0.0,0.0,0.000970373,0.006457616,48.684,78,1.0,0.0
aim_aim-100-2_0-yes1-4,satlib_dimacs_aim,test,state_v18_primary,100,199,1,1,0,42,443,28,28,9,0.053323666914366186,42.372,0.007113864,0.014214923,9.2338e-05,0.000469878,0.021891003000000003,48.25942659528123,4,0.09523809523809523,0.0
aim_aim-100-2_0-yes1-4,satlib_dimacs_aim,test,state_v18_gate_signal_shuffled,100,199,1,1,0,53,438,28,28,12,0.0654722909675911,45.652,0.00770275,0.017695294,0.000128087,0.000579124,0.026105255,52.67281912663381,17,0.32075471698113206,0.0
aim_aim-100-2_0-yes1-4,satlib_dimacs_aim,test,random_activation_matched_q,100,199,1,1,0,59,590,36,36,16,0.07069833297282457,56.06,0.01068963,0.017539377,0.000126042,0.000654961,0.02901001,63.8620319308062,16,0.2711864406779661,0.0
aim_aim-100-2_0-yes1-4,satlib_dimacs_aim,test,state_Mode_A_always,100,199,1,1,0,93,502,27,27,26,0.13199491589330137,56.908,0.010907105,0.040125585,0.000269289,0.002198707,0.053500686,71.29662173753253,93,1.0,0.0
aim_aim-100-2_0-yes1-4,satlib_dimacs_aim,test,state_gate_value_only_z_R,100,199,1,1,0,50,317,18,18,13,0.06502895907033235,34.268,0.005565534,0.01969679,0.000104039,0.000652541,0.026018904,41.265595651038424,24,0.48,0.0
aim_aim-100-2_0-yes1-4,satlib_dimacs_aim,test,state_gate_response_only_0_5z_t,100,199,1,1,0,31,281,17,17,15,0.03570041700731963,27.423999999999996,0.004182869,0.009553672,7.0252e-05,0.000308752,0.014115544999999998,31.220273521130522,4,0.12903225806451613,0.0
aim_aim-100-2_0-yes1-4,satlib_dimacs_aim,test,Paper68_hard_threshold_0_5,100,199,1,1,0,88,520,29,29,23,0.10929466702509671,57.48,0.009424754,0.032721588,0.000180873,0.001026207,0.043353422,69.13958863005273,55,0.625,0.0
aim_aim-100-2_0-yes1-4,satlib_dimacs_aim,test,closure_HBV,100,199,1,1,0,45,409,24,24,8,0.05960274999961257,39.136,0.006716042,0.017071336,9.2459e-05,0.000511833,0.024391669999999997,45.695962860601824,11,0.24444444444444444,0.0
aim_aim-100-2_0-yes1-4,satlib_dimacs_aim,test,closure_HSV,100,199,1,1,0,41,448,29,29,9,0.053053832962177694,43.092,0.007033575,0.014066624,8.9753e-05,0.000448836,0.021638788000000003,48.91159519903461,5,0.12195121951219512,0.0
aim_aim-100-2_0-yes1-4,satlib_dimacs_aim,test,closure_BSV,100,199,1,1,0,37,595,29,29,10,0.05506487505044788,42.480000000000004,0.009387501,0.01311267,7.8873e-05,0.000405582,0.022984626,48.66154857477258,5,0.13513513513513514,0.0
aim_aim-100-2_0-yes1-4,satlib_dimacs_aim,test,closure_HBS,100,199,1,1,0,27,314,16,16,11,0.038655375014059246,25.356,0.00484722,0.010496583,5.5916e-05,0.000326586,0.015726305,29.585475748667346,12,0.4444444444444444,0.0
aim_aim-100-3_4-yes1-1,satlib_dimacs_aim,test,jeroslow_wang,100,340,1,1,0,126,1697,75,75,12,0.23642283398658037,119.588,0.0579865,0.0,0.0,0.001091917,0.059078417,119.588,0,0.0,0.0
aim_aim-100-3_4-yes1-1,satlib_dimacs_aim,test,vsids,100,340,1,1,0,279,5085,193,193,17,0.6591575000202283,297.03999999999996,0.206272966,0.0,0.0,0.002026675,0.208299641,297.03999999999996,0,0.0,0.0
aim_aim-100-3_4-yes1-1,satlib_dimacs_aim,test,score_with_R_Paper69,100,340,1,1,0,134,1095,47,47,19,0.19937550008762628,91.57999999999998,0.036893768,0.0,0.0,0.001556416,0.038450184,91.57999999999998,134,1.0,0.0
aim_aim-100-3_4-yes1-1,satlib_dimacs_aim,test,static_gate_v17_Paper69,100,340,1,1,0,162,2117,88,88,13,0.2902491670101881,145.06799999999998,0.070664176,0.0,0.0,0.00235667,0.073020846,145.06799999999998,162,1.0,0.0
aim_aim-100-3_4-yes1-1,satlib_dimacs_aim,test,state_v18_primary,100,340,1,1,0,44,532,26,26,10,0.10384737490676343,41.328,0.014794104,0.027126211,9.9458e-05,0.000568831,0.042588603999999995,52.781896372199135,9,0.20454545454545456,0.0
aim_aim-100-3_4-yes1-1,satlib_dimacs_aim,test,state_v18_gate_signal_shuffled,100,340,1,1,0,25,371,17,17,5,0.06389408302493393,25.984,0.009926544,0.016283251,5.5166e-05,0.000345292,0.026610253,33.1406346786103,5,0.2,0.0
aim_aim-100-3_4-yes1-1,satlib_dimacs_aim,test,random_activation_matched_q,100,340,1,1,0,29,395,17,17,6,0.07419920794200152,27.28,0.010796979,0.019483834,6.5667e-05,0.000462419,0.030808898999999994,35.565830089372014,9,0.3103448275862069,0.0
aim_aim-100-3_4-yes1-1,satlib_dimacs_aim,test,state_Mode_A_always,100,340,1,1,0,134,1095,47,47,19,0.2974219999741763,91.57999999999998,0.036971616,0.082801213,0.000283034,0.001730408,0.121786271,124.33353490315295,134,1.0,2.220446049250313e-16
aim_aim-100-3_4-yes1-1,satlib_dimacs_aim,test,state_gate_value_only_z_R,100,340,1,1,0,100,1491,68,68,13,0.28202879102900624,103.964,0.051802789,0.070544545,0.000213991,0.001315629,0.123876954,137.27980894315482,35,0.35,0.0
aim_aim-100-3_4-yes1-1,satlib_dimacs_aim,test,state_gate_response_only_0_5z_t,100,340,1,1,0,71,803,40,40,12,0.16348870797082782,64.512,0.024391348,0.041835833,0.000150908,0.000932335,0.06731042400000001,82.61465068244044,18,0.2535211267605634,0.0
aim_aim-100-3_4-yes1-1,satlib_dimacs_aim,test,Paper68_hard_threshold_0_5,100,340,1,1,0,109,939,48,48,16,0.24333770794328302,84.45599999999999,0.03029643,0.067823329,0.000227703,0.001349376,0.099696838,111.2687419975523,90,0.8256880733944955,8.881784197001252e-16
aim_aim-100-3_4-yes1-1,satlib_dimacs_aim,test,closure_HBV,100,340,1,1,0,21,318,16,16,5,0.052820708020590246,23.572,0.008049571,0.013328792,4.8625e-05,0.000283958,0.021710946000000002,29.411001570147995,6,0.2857142857142857,0.0
aim_aim-100-3_4-yes1-1,satlib_dimacs_aim,test,closure_HSV,100,340,1,1,0,30,513,25,25,7,0.08251974999438971,36.052,0.01414325,0.019694748,7.0875e-05,0.000403665,0.034312538,45.28010840475412,4,0.13333333333333333,0.0
aim_aim-100-3_4-yes1-1,satlib_dimacs_aim,test,closure_BSV,100,340,1,1,0,35,465,23,23,11,0.08669604198075831,35.36,0.013411499,0.022356004,8.2249e-05,0.000476209,0.036325961,45.12960392772083,3,0.08571428571428572,0.0
aim_aim-100-3_4-yes1-1,satlib_dimacs_aim,test,closure_HBS,100,340,1,1,0,97,1620,75,75,8,0.2727082089986652,110.58,0.053081308,0.063138964,0.000217624,0.0012985,0.11773639600000001,142.24435037457908,26,0.26804123711340205,0.0
aim_aim-100-3_4-yes1-2,satlib_dimacs_aim,test,jeroslow_wang,100,340,1,1,0,27,216,7,7,16,0.03416458400897682,15.964,0.005008499,0.0,0.0,0.000221375,0.005229874,15.964,0,0.0,0.0
aim_aim-100-3_4-yes1-2,satlib_dimacs_aim,test,vsids,100,340,1,1,0,67,427,25,25,11,0.08578120800666511,46.80799999999999,0.01275998,0.0,0.0,0.000485747,0.013245727,46.80799999999999,0,0.0,0.0
aim_aim-100-3_4-yes1-2,satlib_dimacs_aim,test,score_with_R_Paper69,100,340,1,1,0,138,1866,85,85,16,0.247479208977893,133.864,0.061531483,0.0,0.0,0.00168488,0.063216363,133.864,138,1.0,0.0
aim_aim-100-3_4-yes1-2,satlib_dimacs_aim,test,static_gate_v17_Paper69,100,340,1,1,0,121,1047,48,48,15,0.17585045902524143,88.488,0.033591459,0.0,0.0,0.001752039,0.035343497999999994,88.488,121,1.0,0.0
aim_aim-100-3_4-yes1-2,satlib_dimacs_aim,test,state_v18_primary,100,340,1,1,0,16,118,2,2,10,0.034167125006206334,7.272,0.002103167,0.01089479,5.9792e-05,0.000222962,0.013280710999999999,10.84375096753876,4,0.25,0.0
aim_aim-100-3_4-yes1-2,satlib_dimacs_aim,test,state_v18_gate_signal_shuffled,100,340,1,1,0,7,95,1,1,6,0.01550291699822992,3.48,0.001149786,0.004330623,1.4458e-05,8.8292e-05,0.005583159,4.981550147441107,0,0.0,0.0
aim_aim-100-3_4-yes1-2,satlib_dimacs_aim,test,random_activation_matched_q,100,340,1,1,0,21,167,10,10,12,0.045562040992081165,16.968,0.003922416,0.013456042,5.1457e-05,0.000322997,0.017752912,21.742517012879087,7,0.3333333333333333,0.0
aim_aim-100-3_4-yes1-2,satlib_dimacs_aim,test,state_Mode_A_always,100,340,1,1,0,138,1866,85,85,16,0.3488979170797393,133.864,0.062313659,0.082548166,0.000295501,0.001680175,0.146837501,173.3548816453971,138,1.0,1.1102230246251565e-16
aim_aim-100-3_4-yes1-2,satlib_dimacs_aim,test,state_gate_value_only_z_R,100,340,1,1,0,28,335,13,13,13,0.06391258304938674,22.74,0.008509666,0.017429247,6.3e-05,0.000371624,0.026373537000000002,29.832971626080052,16,0.5714285714285714,0.0
aim_aim-100-3_4-yes1-2,satlib_dimacs_aim,test,state_gate_response_only_0_5z_t,100,340,1,1,0,7,95,1,1,6,0.0170390410348773,3.48,0.001207168,0.005068334,2.4459e-05,0.000101708,0.006401669,5.201682479545928,0,0.0,0.0
aim_aim-100-3_4-yes1-2,satlib_dimacs_aim,test,Paper68_hard_threshold_0_5,100,340,1,1,0,59,497,23,23,15,0.1344491660129279,42.688,0.016008887,0.038010998,0.000149751,0.000795662,0.054965297999999996,57.47051851972054,53,0.8983050847457628,0.0
aim_aim-100-3_4-yes1-2,satlib_dimacs_aim,test,closure_HBV,100,340,1,1,0,97,1258,66,66,9,0.2506871250225231,100.13199999999999,0.043180794,0.064206667,0.000216798,0.001316705,0.108920964,129.42550383064992,25,0.25773195876288657,0.0
aim_aim-100-3_4-yes1-2,satlib_dimacs_aim,test,closure_HSV,100,340,1,1,0,65,997,52,52,12,0.1808820840669796,75.488,0.035789027,0.043414665,0.000139124,0.000823458,0.080166274,97.04813836333591,9,0.13846153846153847,0.0
aim_aim-100-3_4-yes1-2,satlib_dimacs_aim,test,closure_BSV,100,340,1,1,0,7,95,1,1,6,0.015509875025600195,3.48,0.001179046,0.004336291,1.45e-05,9.2541e-05,0.005622378,4.992097813239716,0,0.0,0.0
aim_aim-100-3_4-yes1-2,satlib_dimacs_aim,test,closure_HBS,100,340,1,1,0,24,196,12,12,9,0.05097500002011657,19.983999999999998,0.004978459,0.014735292,5.6e-05,0.000314083,0.020083834000000002,25.38540159072717,7,0.2916666666666667,0.0
aim_aim-100-3_4-yes1-3,satlib_dimacs_aim,test,jeroslow_wang,100,339,1,1,0,76,888,44,44,12,0.1286503329174593,70.352,0.028048738,0.0,0.0,0.000604033,0.028652771,70.352,0,0.0,0.0
aim_aim-100-3_4-yes1-3,satlib_dimacs_aim,test,vsids,100,339,1,1,0,69,644,23,23,12,0.09578070789575577,46.276,0.017512833,0.0,0.0,0.000492206,0.018005038999999997,46.276,0,0.0,0.0
aim_aim-100-3_4-yes1-3,satlib_dimacs_aim,test,score_with_R_Paper69,100,339,1,1,0,140,1100,66,66,16,0.20912337501067668,112.4,0.039507321,0.0,0.0,0.001664668,0.041171989,112.4,140,1.0,0.0
aim_aim-100-3_4-yes1-3,satlib_dimacs_aim,test,static_gate_v17_Paper69,100,339,1,1,0,81,338,20,20,17,0.11924791696947068,45.651999999999994,0.015549292,0.0,0.0,0.001581375,0.017130667,45.651999999999994,81,1.0,0.0
aim_aim-100-3_4-yes1-3,satlib_dimacs_aim,test,state_v18_primary,100,339,1,1,0,81,1074,57,57,12,0.20240645902231336,85.596,0.034466922,0.049164169,0.000181376,0.001038627,0.08485109399999999,108.41608674770667,12,0.14814814814814814,0.0
aim_aim-100-3_4-yes1-3,satlib_dimacs_aim,test,state_v18_gate_signal_shuffled,100,339,1,1,0,60,695,35,35,12,0.13945416698697954,55.78,0.020703741,0.03568275,0.0001275,0.000773376,0.057287367,71.18702214738337,2,0.03333333333333333,0.0
aim_aim-100-3_4-yes1-3,satlib_dimacs_aim,test,random_activation_matched_q,100,339,1,1,0,50,684,36,36,10,0.12811012496240437,53.736,0.021799548,0.030667002,0.00010892,0.000773749,0.053349218999999996,68.08388578568476,9,0.18,0.0
aim_aim-100-3_4-yes1-3,satlib_dimacs_aim,test,state_Mode_A_always,100,339,1,1,0,140,1100,66,66,16,0.30976854101754725,112.4,0.039755129,0.085344627,0.000286574,0.001740953,0.127127283,146.58996136997663,140,1.0,1.1102230246251565e-16
aim_aim-100-3_4-yes1-3,satlib_dimacs_aim,test,state_gate_value_only_z_R,100,339,1,1,0,88,1099,61,61,13,0.22470212494954467,91.796,0.036155751,0.058137375,0.000186587,0.001125796,0.095605509,117.50840871612866,24,0.2727272727272727,0.0
aim_aim-100-3_4-yes1-3,satlib_dimacs_aim,test,state_gate_response_only_0_5z_t,100,339,1,1,0,82,1005,52,52,9,0.2133037920575589,80.61999999999999,0.034458735,0.054811793,0.000175954,0.001075588,0.09052207,104.96525464081789,18,0.21951219512195122,0.0
aim_aim-100-3_4-yes1-3,satlib_dimacs_aim,test,Paper68_hard_threshold_0_5,100,339,1,1,0,101,628,31,31,16,0.20521775004453957,63.812,0.019598955,0.060079712,0.000213623,0.001309462,0.081201752,85.65062266650048,90,0.8910891089108911,1.1102230246251565e-16
aim_aim-100-3_4-yes1-3,satlib_dimacs_aim,test,closure_HBV,100,339,1,1,0,70,635,40,40,11,0.16215325007215142,63.54,0.020141083,0.043089752,0.000151915,0.000919332,0.064302082,80.8335789053957,13,0.18571428571428572,0.0
aim_aim-100-3_4-yes1-3,satlib_dimacs_aim,test,closure_HSV,100,339,1,1,0,66,739,43,43,11,0.16039724997244775,65.756,0.023802069,0.040724709,0.000145123,0.000882457,0.065554358,83.38636945935215,8,0.12121212121212122,0.0
aim_aim-100-3_4-yes1-3,satlib_dimacs_aim,test,closure_BSV,100,339,1,1,0,69,668,41,41,11,0.16136174998246133,64.372,0.021684196,0.043236587,0.000145665,0.000897125,0.065963573,82.11242486769447,6,0.08695652173913043,0.0
aim_aim-100-3_4-yes1-3,satlib_dimacs_aim,test,closure_HBS,100,339,1,1,0,116,1612,78,78,11,0.30880741705186665,119.24799999999999,0.056383226,0.074532795,0.000249414,0.001525796,0.132691231,154.93434485820518,33,0.28448275862068967,2.220446049250313e-16
aim_aim-100-3_4-yes1-4,satlib_dimacs_aim,test,jeroslow_wang,100,339,1,1,0,26,287,11,11,12,0.040117874974384904,19.948,0.006989125,0.0,0.0,0.000225706,0.007214831,19.948,0,0.0,0.0
aim_aim-100-3_4-yes1-4,satlib_dimacs_aim,test,vsids,100,339,1,1,0,109,909,52,52,15,0.16530300001613796,88.33599999999998,0.029792359,0.0,0.0,0.000824709,0.030617068,88.33599999999998,0,0.0,0.0
aim_aim-100-3_4-yes1-4,satlib_dimacs_aim,test,score_with_R_Paper69,100,339,1,1,0,118,711,36,36,17,0.15741195797454566,74.244,0.023818328,0.0,0.0,0.001383419,0.025201747,74.244,118,1.0,0.0
aim_aim-100-3_4-yes1-4,satlib_dimacs_aim,test,static_gate_v17_Paper69,100,339,1,1,0,207,1591,76,76,20,0.3002102919854224,144.464,0.055921548,0.0,0.0,0.002917841,0.058839389,144.464,207,1.0,0.0
aim_aim-100-3_4-yes1-4,satlib_dimacs_aim,test,state_v18_primary,100,339,1,1,0,74,1131,52,52,12,0.19940445793326944,78.724,0.035596399,0.049042125,0.000180042,0.000996665,0.08581523099999999,101.8033844059864,17,0.22972972972972974,0.0
aim_aim-100-3_4-yes1-4,satlib_dimacs_aim,test,state_v18_gate_signal_shuffled,100,339,1,1,0,51,675,38,38,9,0.1284143339144066,56.0,0.02064461,0.031416209,0.000111206,0.000676081,0.052848106000000006,70.21311507630058,8,0.1568627450980392,0.0
aim_aim-100-3_4-yes1-4,satlib_dimacs_aim,test,random_activation_matched_q,100,339,1,1,0,44,603,30,30,8,0.11143662501126528,45.612,0.017704379,0.02796613,9.6417e-05,0.000645795,0.046412721,58.094364922921415,9,0.20454545454545456,0.0
aim_aim-100-3_4-yes1-4,satlib_dimacs_aim,test,state_Mode_A_always,100,339,1,1,0,118,711,36,36,17,0.24836845905520022,74.244,0.02397426,0.076065594,0.000254371,0.001515502,0.101809727,101.62498818030954,118,1.0,2.220446049250313e-16
aim_aim-100-3_4-yes1-4,satlib_dimacs_aim,test,state_gate_value_only_z_R,100,339,1,1,0,99,1014,55,55,13,0.2490181669127196,88.756,0.035419181,0.067289206,0.000237627,0.00143012,0.10437613400000001,116.8272047421599,50,0.5050505050505051,0.0
aim_aim-100-3_4-yes1-4,satlib_dimacs_aim,test,state_gate_response_only_0_5z_t,100,339,1,1,0,65,726,43,43,10,0.16562095808330923,65.404,0.025542282,0.043504371,0.000172667,0.000973,0.07019232,84.28171572424023,14,0.2153846153846154,0.0
aim_aim-100-3_4-yes1-4,satlib_dimacs_aim,test,Paper68_hard_threshold_0_5,100,339,1,1,0,121,942,54,54,17,0.28396204207092524,94.068,0.033983512,0.081279456,0.000295374,0.00183537,0.117393712,125.6401879964835,99,0.8181818181818182,8.881784197001252e-16
aim_aim-100-3_4-yes1-4,satlib_dimacs_aim,test,closure_HBV,100,339,1,1,0,28,244,14,14,9,0.06502287508919835,23.375999999999998,0.006500048,0.018374084,6.1419e-05,0.000397082,0.025332633,30.18902803954203,6,0.21428571428571427,0.0
aim_aim-100-3_4-yes1-4,satlib_dimacs_aim,test,closure_HSV,100,339,1,1,0,77,944,54,54,11,0.19224879203829914,80.87599999999999,0.03147409,0.049091043,0.000168291,0.00098171,0.08171513400000001,102.85269303451143,16,0.2077922077922078,0.0
aim_aim-100-3_4-yes1-4,satlib_dimacs_aim,test,closure_BSV,100,339,1,1,0,37,507,25,25,10,0.09592579095624387,38.128,0.014892377,0.024687918,9.0129e-05,0.00052125,0.040191674000000004,48.9372594211637,2,0.05405405405405406,0.0
aim_aim-100-3_4-yes1-4,satlib_dimacs_aim,test,closure_HBS,100,339,1,1,0,64,435,28,28,11,0.14643820805940777,48.940000000000005,0.015038744,0.043189165,0.000155082,0.000944834,0.059327825,64.89578853765587,25,0.390625,0.0
dubois_dubois100,satlib_dimacs_dubois,test,jeroslow_wang,300,396,1,1,0,100,99,0,0,100,0.12147920799907297,30.396,0.001650496,0.0,0.0,0.0020265,0.003676996,30.396,0,0.0,0.0
dubois_dubois100,satlib_dimacs_dubois,test,vsids,300,396,1,1,0,100,99,0,0,100,0.11700758303049952,30.396,0.001691037,0.0,0.0,0.002011413,0.0037024500000000004,30.396,0,0.0,0.0
dubois_dubois100,satlib_dimacs_dubois,test,score_with_R_Paper69,300,396,1,1,0,100,99,0,0,100,0.12350045796483755,30.396,0.001787374,0.0,0.0,0.002528999,0.004316373,30.396,100,1.0,0.0
dubois_dubois100,satlib_dimacs_dubois,test,static_gate_v17_Paper69,300,396,1,1,0,100,99,0,0,100,0.11988987505901605,30.396,0.001718074,0.0,0.0,0.003090876,0.00480895,30.396,100,1.0,0.0
dubois_dubois100,satlib_dimacs_dubois,test,state_v18_primary,300,396,1,1,0,100,99,0,0,100,0.1634379579918459,30.396,0.001544546,0.036439789,0.000228378,0.002752871,0.040965584,41.41339690652032,1,0.01,0.0
dubois_dubois100,satlib_dimacs_dubois,test,state_v18_gate_signal_shuffled,300,396,1,1,0,100,99,0,0,100,0.16290245798882097,30.396,0.00155871,0.039431913,0.000201993,0.002349753,0.043542369,42.106404556253025,86,0.86,0.0
dubois_dubois100,satlib_dimacs_dubois,test,random_activation_matched_q,300,396,1,1,0,100,99,0,0,100,0.16422395908739418,30.396,0.001611584,0.037716666,0.000265125,0.003018497,0.042611872,41.85615413215737,21,0.21,0.0
dubois_dubois100,satlib_dimacs_dubois,test,state_Mode_A_always,300,396,1,1,0,100,99,0,0,100,0.183116624946706,30.396,0.001718544,0.044372371,0.00025437,0.002676251,0.049021536,43.57998680900715,100,1.0,0.0
dubois_dubois100,satlib_dimacs_dubois,test,state_gate_value_only_z_R,300,396,1,1,0,100,99,0,0,100,0.1664179159561172,30.396,0.001746709,0.037447457,0.000230042,0.002839119,0.042263327,41.76241548059114,4,0.04,0.0
dubois_dubois100,satlib_dimacs_dubois,test,state_gate_response_only_0_5z_t,300,396,1,1,0,100,99,0,0,100,0.1674969580490142,30.396,0.001659337,0.03745596,0.000246083,0.002870042,0.042231422000000005,41.75383486208214,1,0.01,0.0
dubois_dubois100,satlib_dimacs_dubois,test,Paper68_hard_threshold_0_5,300,396,1,1,0,100,99,0,0,100,0.16440237499773502,30.396,0.001571166,0.037415297,0.000216831,0.002720875,0.041924169,41.67120139463982,11,0.11,0.0
dubois_dubois100,satlib_dimacs_dubois,test,closure_HBV,300,396,1,1,0,100,99,0,0,100,0.1613281249301508,30.396,0.001613878,0.036369546,0.000210993,0.002783539,0.040977956,41.41672426625056,5,0.05,0.0
dubois_dubois100,satlib_dimacs_dubois,test,closure_HSV,300,396,1,1,0,100,99,0,0,100,0.1612374579999596,30.396,0.001525456,0.036128249,0.000209081,0.002756378,0.040619164,41.32022975830252,5,0.05,0.0
dubois_dubois100,satlib_dimacs_dubois,test,closure_BSV,300,396,1,1,0,100,99,0,0,100,0.1612407920183614,30.396,0.001509616,0.035921544,0.00021788,0.002753006,0.040402046,41.26183744582993,2,0.02,0.0
dubois_dubois100,satlib_dimacs_dubois,test,closure_HBS,300,396,1,1,0,100,99,0,0,100,0.18106099998112768,30.396,0.001575705,0.036088332,0.000217885,0.002764166,0.040646088,41.3274707729628,1,0.01,0.0
dubois_dubois20,satlib_dimacs_dubois,test,jeroslow_wang,60,160,1,0,0,377,2105,245,244,21,0.40064224996604025,366.52000000000004,0.126601294,0.0,0.0,0.0012965,0.127897794,366.52000000000004,0,0.0,0.0
dubois_dubois20,satlib_dimacs_dubois,test,vsids,60,160,1,0,0,492,1386,156,155,30,0.29018479108344764,309.144,0.064536086,0.0,0.0,0.001589327,0.06612541300000001,309.144,0,0.0,0.0
dubois_dubois20,satlib_dimacs_dubois,test,score_with_R_Paper69,60,160,1,0,0,633,2741,255,254,26,0.507913958048448,455.864,0.125032202,0.0,0.0,0.004711155,0.129743357,455.864,633,1.0,0.0
dubois_dubois20,satlib_dimacs_dubois,test,static_gate_v17_Paper69,60,160,1,0,0,366,1113,124,123,24,0.21955849998630583,238.252,0.039522487,0.0,0.0,0.002993754,0.042516241,238.252,366,1.0,0.0
dubois_dubois20,satlib_dimacs_dubois,test,state_v18_primary,60,160,1,0,0,454,3247,276,275,21,0.5991909999866039,425.188,0.139271694,0.100868549,0.000938583,0.002791005,0.243869831,490.7750235281653,65,0.14317180616740088,2.55351295663786e-15
dubois_dubois20,satlib_dimacs_dubois,test,state_v18_gate_signal_shuffled,60,160,1,0,0,578,2868,256,255,22,0.7146937500219792,440.87199999999996,0.142929925,0.133334505,0.001252236,0.005113713,0.28263037900000004,516.8833919841412,473,0.8183391003460208,2.220446049250313e-15
dubois_dubois20,satlib_dimacs_dubois,test,random_activation_matched_q,60,160,1,0,0,300,1935,184,183,21,0.3411016669124365,281.74,0.070724753,0.062884041,0.000673416,0.002493837,0.136776047,318.5249265154838,77,0.25666666666666665,1.1102230246251565e-16
dubois_dubois20,satlib_dimacs_dubois,test,state_Mode_A_always,60,160,1,0,0,633,2741,255,254,26,0.7068461250746623,455.864,0.130880523,0.144104295,0.001355985,0.005617043,0.28195784599999996,531.6945191081745,633,1.0,4.6629367034256575e-15
dubois_dubois20,satlib_dimacs_dubois,test,state_gate_value_only_z_R,60,160,1,0,0,255,2805,150,149,21,0.3531735420692712,237.72,0.082469777,0.055022123,0.000544256,0.001840244,0.13987639999999998,275.33874398410137,31,0.12156862745098039,1.1657341758564144e-15
dubois_dubois20,satlib_dimacs_dubois,test,state_gate_response_only_0_5z_t,60,160,1,0,0,221,1012,111,110,21,0.2036186249461025,181.348,0.031832452,0.041859334,0.000457547,0.001532581,0.075681914,201.70210224307158,88,0.39819004524886875,9.992007221626409e-16
dubois_dubois20,satlib_dimacs_dubois,test,Paper68_hard_threshold_0_5,60,160,1,0,0,373,2540,219,218,21,0.4940408329712227,341.06,0.103303513,0.087768464,0.000824199,0.002880709,0.194776885,393.44383151722343,115,0.30831099195710454,3.885780586188048e-15
dubois_dubois20,satlib_dimacs_dubois,test,closure_HBV,60,160,1,0,0,143,861,62,61,21,0.1307211669627577,108.34400000000001,0.021866179,0.025359042,0.000316576,0.000974124,0.048515921,121.39200531935256,34,0.23776223776223776,1.1102230246251565e-16
dubois_dubois20,satlib_dimacs_dubois,test,closure_HSV,60,160,1,0,0,399,3114,234,233,21,0.5347979579819366,366.156,0.129060241,0.088812045,0.000872743,0.002803666,0.22154869500000002,425.7399157800512,76,0.19047619047619047,1.5543122344752192e-15
dubois_dubois20,satlib_dimacs_dubois,test,closure_BSV,60,160,1,0,0,214,1211,80,79,21,0.1825220410246402,149.04399999999998,0.028831489,0.035608588,0.000433362,0.001327618,0.06620105700000001,166.8482944682584,37,0.17289719626168223,8.881784197001252e-16
dubois_dubois20,satlib_dimacs_dubois,test,closure_HBS,60,160,1,0,0,349,3083,222,221,21,0.46754058299120516,339.032,0.118377874,0.075540075,0.000705285,0.002246169,0.19686940299999997,391.97859906717554,63,0.18051575931232092,1.887379141862766e-15
dubois_dubois21,satlib_dimacs_dubois,test,jeroslow_wang,63,168,1,0,0,417,2305,262,261,22,0.45726875006221235,396.32000000000005,0.139124001,0.0,0.0,0.001492835,0.140616836,396.32000000000005,0,0.0,0.0
dubois_dubois21,satlib_dimacs_dubois,test,vsids,63,168,1,0,0,557,1752,171,170,23,0.3557830420322716,345.108,0.079812039,0.0,0.0,0.001797402,0.081609441,345.108,0,0.0,0.0
dubois_dubois21,satlib_dimacs_dubois,test,score_with_R_Paper69,63,168,1,0,0,503,1765,158,157,24,0.31972762499935925,315.96,0.056187386,0.0,0.0,0.003559469,0.059746855,315.96,503,1.0,0.0
dubois_dubois21,satlib_dimacs_dubois,test,static_gate_v17_Paper69,63,168,1,0,0,589,1522,145,144,25,0.3562567080371082,327.788,0.052510138,0.0,0.0,0.005186901,0.057697039,327.788,589,1.0,0.0
dubois_dubois21,satlib_dimacs_dubois,test,state_v18_primary,63,168,1,0,0,258,1540,129,128,22,0.2614253329811618,212.55999999999997,0.047011908,0.051459121,0.000525385,0.001580287,0.10057670099999999,239.60937477433296,59,0.22868217054263565,8.881784197001252e-16
dubois_dubois21,satlib_dimacs_dubois,test,state_v18_gate_signal_shuffled,63,168,1,0,0,524,2173,197,196,26,0.5030128340004012,362.892,0.081998707,0.103151803,0.001041674,0.00388241,0.19007459399999999,414.0111844340289,445,0.8492366412213741,2.220446049250313e-15
dubois_dubois21,satlib_dimacs_dubois,test,random_activation_matched_q,63,168,1,0,0,371,1553,150,149,23,0.35064441699068993,267.512,0.053502482,0.073002201,0.00074505,0.00282096,0.13007069300000001,302.49357015623536,103,0.2776280323450135,5.551115123125783e-16
dubois_dubois21,satlib_dimacs_dubois,test,state_Mode_A_always,63,168,1,0,0,503,1765,158,157,24,0.4461577089969069,315.96,0.056388691,0.101695486,0.000994334,0.003974065,0.163052576,359.8118085430582,503,1.0,4.551914400963142e-15
dubois_dubois21,satlib_dimacs_dubois,test,state_gate_value_only_z_R,63,168,1,0,0,230,1428,113,112,23,0.22067504189908504,187.712,0.038612125,0.043461457,0.000468226,0.001450461,0.08399226900000001,210.30111198854684,56,0.24347826086956523,6.661338147750939e-16
dubois_dubois21,satlib_dimacs_dubois,test,state_gate_response_only_0_5z_t,63,168,1,0,0,294,1569,144,143,23,0.2800094580743462,238.476,0.045009655,0.056012761,0.000592627,0.001876838,0.10349188100000001,266.3093913066971,111,0.37755102040816324,1.7763568394002505e-15
dubois_dubois21,satlib_dimacs_dubois,test,Paper68_hard_threshold_0_5,63,168,1,0,0,399,2149,159,158,24,0.3844241669867188,287.296,0.063154388,0.076872087,0.000803288,0.002495584,0.14332534700000002,325.84231328248,144,0.3609022556390977,5.551115123125783e-16
dubois_dubois21,satlib_dimacs_dubois,test,closure_HBV,63,168,1,0,0,274,1084,112,111,24,0.24153766699600965,198.536,0.030320188,0.053378198,0.000544159,0.001861584,0.086104129,221.69308142921204,76,0.2773722627737226,4.440892098500626e-16
dubois_dubois21,satlib_dimacs_dubois,test,closure_HSV,63,168,1,0,0,213,1155,87,86,22,0.19772333395667374,155.52,0.028535411,0.040070498,0.000436211,0.001467541,0.07050966100000002,174.48306228616676,44,0.20657276995305165,1.3322676295501878e-15
dubois_dubois21,satlib_dimacs_dubois,test,closure_BSV,63,168,1,0,0,208,1595,118,117,22,0.23909254209138453,186.78,0.047371417,0.044047092,0.000433624,0.001403496,0.093255629,211.86042552158432,30,0.14423076923076922,8.881784197001252e-16
dubois_dubois21,satlib_dimacs_dubois,test,closure_HBS,63,168,1,0,0,283,1260,106,105,23,0.25142612506169826,195.93999999999997,0.033207628,0.054191596,0.000585652,0.001950513,0.089935389,220.12747103801328,57,0.20141342756183744,7.771561172376096e-16
dubois_dubois22,satlib_dimacs_dubois,test,jeroslow_wang,66,176,1,0,0,455,2499,280,279,23,0.5254194169538096,426.496,0.157453168,0.0,0.0,0.001687966,0.15914113400000002,426.496,0,0.0,0.0
dubois_dubois22,satlib_dimacs_dubois,test,vsids,66,176,1,0,0,581,1614,177,176,33,0.36683504201937467,357.756,0.077664421,0.0,0.0,0.001992955,0.079657376,357.756,0,0.0,0.0
dubois_dubois22,satlib_dimacs_dubois,test,score_with_R_Paper69,66,176,1,0,0,601,1775,149,148,26,0.36125420802272856,336.4,0.053324821,0.0,0.0,0.0043548,0.057679621,336.4,601,1.0,0.0
dubois_dubois22,satlib_dimacs_dubois,test,static_gate_v17_Paper69,66,176,1,0,0,536,2064,216,215,26,0.4260525000281632,385.0559999999999,0.08875112,0.0,0.0,0.004551327,0.093302447,385.0559999999999,536,1.0,0.0
dubois_dubois22,satlib_dimacs_dubois,test,state_v18_primary,66,176,1,0,0,325,1674,141,140,25,0.3335379579802975,245.196,0.054819155,0.06655488,0.000653704,0.002206824,0.12423456299999999,278.607985291827,61,0.18769230769230769,1.9984014443252818e-15
dubois_dubois22,satlib_dimacs_dubois,test,state_v18_gate_signal_shuffled,66,176,1,0,0,506,1451,151,150,27,0.4330999579979107,308.6039999999999,0.050813897,0.098523802,0.001007082,0.003909629,0.15425440999999998,350.0896055646885,427,0.8438735177865613,2.1094237467877974e-15
dubois_dubois22,satlib_dimacs_dubois,test,random_activation_matched_q,66,176,1,0,0,240,1305,139,138,23,0.2776567080290988,216.22,0.048848419,0.053417544,0.000484422,0.001984925,0.10473530999999998,244.3878025241248,69,0.2875,8.881784197001252e-16
dubois_dubois22,satlib_dimacs_dubois,test,state_Mode_A_always,66,176,1,0,0,601,1775,149,148,26,0.510046083945781,336.4,0.054597309,0.119025964,0.001176789,0.004751548,0.17955161,384.6891041556918,601,1.0,4.218847493575595e-15
dubois_dubois22,satlib_dimacs_dubois,test,state_gate_value_only_z_R,66,176,1,0,0,277,1619,136,135,24,0.2943498749518767,225.576,0.047631,0.057244459,0.000555244,0.0018385,0.10726920300000001,254.42527468133005,47,0.16967509025270758,8.881784197001252e-16
dubois_dubois22,satlib_dimacs_dubois,test,state_gate_response_only_0_5z_t,66,176,1,0,0,332,1923,170,169,24,0.3644232500810176,277.29200000000003,0.070840079,0.066576622,0.000696588,0.002166406,0.140279695,315.0192072513507,128,0.3855421686746988,1.9984014443252818e-15
dubois_dubois22,satlib_dimacs_dubois,test,Paper68_hard_threshold_0_5,66,176,1,0,0,454,2062,180,179,25,0.49125916697084904,324.448,0.086893708,0.097270922,0.000904699,0.003109906,0.188179235,375.05744136815815,147,0.3237885462555066,2.4980018054066022e-15
dubois_dubois22,satlib_dimacs_dubois,test,closure_HBV,66,176,1,0,0,312,1898,154,153,24,0.378029124927707,255.192,0.06839194,0.073724411,0.00070817,0.002393967,0.145218488,294.2474598333264,56,0.1794871794871795,1.1102230246251565e-15
dubois_dubois22,satlib_dimacs_dubois,test,closure_HSV,66,176,1,0,0,347,1463,147,146,25,0.35487024998292327,256.952,0.04962806,0.07591087,0.000718751,0.002382746,0.12864042699999997,291.5489104818145,70,0.2017291066282421,1.9984014443252818e-15
dubois_dubois22,satlib_dimacs_dubois,test,closure_BSV,66,176,1,0,0,241,1780,149,148,23,0.310660665971227,228.42000000000002,0.057382751,0.057789546,0.000493621,0.001701296,0.11736721400000001,259.9850615514357,33,0.13692946058091288,1.1102230246251565e-15
dubois_dubois22,satlib_dimacs_dubois,test,closure_HBS,66,176,1,0,0,327,1894,164,163,24,0.36894741700962186,269.67600000000004,0.065089414,0.071585708,0.000673294,0.002175825,0.13952424099999997,307.2000333734287,59,0.18042813455657492,1.6653345369377348e-15
dubois_dubois23,satlib_dimacs_dubois,test,jeroslow_wang,69,184,1,0,0,495,2665,298,297,24,0.5898581250803545,457.16,0.17121584,0.0,0.0,0.001877467,0.173093307,457.16,0,0.0,0.0
dubois_dubois23,satlib_dimacs_dubois,test,vsids,69,184,1,0,0,672,2081,197,196,25,0.4665472499327734,406.92400000000004,0.102802382,0.0,0.0,0.002398104,0.105200486,406.92400000000004,0,0.0,0.0
dubois_dubois23,satlib_dimacs_dubois,test,score_with_R_Paper69,69,184,1,0,0,680,1902,170,169,28,0.4441712499829009,381.608,0.067690424,0.0,0.0,0.005051005,0.072741429,381.608,680,1.0,0.0
dubois_dubois23,satlib_dimacs_dubois,test,static_gate_v17_Paper69,69,184,1,0,0,630,1748,162,161,27,0.4071397080551833,357.992,0.060470158,0.0,0.0,0.005525811,0.065995969,357.992,630,1.0,0.0
dubois_dubois23,satlib_dimacs_dubois,test,state_v18_primary,69,184,1,0,0,368,1919,142,141,25,0.3860589169198647,260.07599999999996,0.062003677,0.078309911,0.000750923,0.002438242,0.14350275299999998,298.6700253403771,66,0.1793478260869565,4.440892098500626e-16
dubois_dubois23,satlib_dimacs_dubois,test,state_v18_gate_signal_shuffled,69,184,1,0,0,628,2368,241,240,26,0.703571040998213,438.87199999999996,0.107345621,0.145527408,0.001241379,0.005200207,0.25931461499999997,508.61278624428996,523,0.8328025477707006,2.4424906541753444e-15
dubois_dubois23,satlib_dimacs_dubois,test,random_activation_matched_q,69,184,1,0,0,366,2297,215,214,25,0.48449570790398866,333.988,0.121463177,0.080222921,0.000765962,0.002804545,0.205256605,389.1902762563293,95,0.25956284153005466,5.440092820663267e-15
dubois_dubois23,satlib_dimacs_dubois,test,state_Mode_A_always,69,184,1,0,0,680,1902,170,169,28,0.6255355830071494,381.608,0.069136445,0.145594673,0.001335497,0.005523961,0.22159057599999998,441.20317937145614,680,1.0,1.1102230246251565e-15
dubois_dubois23,satlib_dimacs_dubois,test,state_gate_value_only_z_R,69,184,1,0,0,270,1888,129,128,25,0.3152713750023395,217.552,0.057124328,0.059035662,0.000618996,0.002077335,0.118856321,249.51754608633885,52,0.1925925925925926,8.881784197001252e-16
dubois_dubois23,satlib_dimacs_dubois,test,state_gate_response_only_0_5z_t,69,184,1,0,0,284,2947,175,174,24,0.404718125006184,271.988,0.101272102,0.062360749,0.000578844,0.001948914,0.166160609,316.6756914920127,60,0.2112676056338028,8.104628079763643e-15
dubois_dubois23,satlib_dimacs_dubois,test,Paper68_hard_threshold_0_5,69,184,1,0,0,505,1889,159,158,25,0.5082135419361293,318.056,0.064430508,0.111186874,0.001019529,0.003551664,0.180188575,366.5164112758481,168,0.3326732673267327,8.881784197001252e-16
dubois_dubois23,satlib_dimacs_dubois,test,closure_HBV,69,184,1,0,0,578,3436,299,298,25,0.8503705420298502,486.144,0.191871018,0.151031046,0.001159884,0.004001341,0.348063289,579.753098884124,89,0.15397923875432526,1.9984014443252818e-15
dubois_dubois23,satlib_dimacs_dubois,test,closure_HSV,69,184,1,0,0,245,1546,96,95,25,0.236564917024225,175.684,0.044685729,0.043337913,0.000496794,0.001686461,0.090206897,199.94449114677815,64,0.2612244897959184,4.440892098500626e-16
dubois_dubois23,satlib_dimacs_dubois,test,closure_BSV,69,184,1,0,0,215,1730,104,103,24,0.23886420810595155,175.42,0.051621349,0.041027783,0.000434828,0.001415044,0.094499004,200.83482221610342,29,0.13488372093023257,3.3306690738754696e-16
dubois_dubois23,satlib_dimacs_dubois,test,closure_HBS,69,184,1,0,0,265,1571,114,113,24,0.2826453330926597,199.784,0.053156124,0.052954045,0.000541424,0.001798007,0.10844960000000001,228.950733899201,68,0.25660377358490566,4.440892098500626e-16
dubois_dubois24,satlib_dimacs_dubois,test,jeroslow_wang,72,192,1,0,0,538,2812,311,310,25,0.6672806669957936,483.64799999999997,0.189652267,0.0,0.0,0.002121497,0.191773764,483.64799999999997,0,0.0,0.0
dubois_dubois24,satlib_dimacs_dubois,test,vsids,72,192,1,0,0,685,1879,198,197,36,0.46699700003955513,411.016,0.094958756,0.0,0.0,0.002408863,0.097367619,411.016,0,0.0,0.0
dubois_dubois24,satlib_dimacs_dubois,test,score_with_R_Paper69,72,192,1,0,0,939,3723,328,327,26,0.8965614580083638,624.5920000000001,0.186447726,0.0,0.0,0.007710622,0.194158348,624.5920000000001,939,1.0,0.0
dubois_dubois24,satlib_dimacs_dubois,test,static_gate_v17_Paper69,72,192,1,0,0,739,2235,200,199,31,0.5417213749606162,430.64,0.088031498,0.0,0.0,0.006581594,0.094613092,430.64,739,1.0,0.0
dubois_dubois24,satlib_dimacs_dubois,test,state_v18_primary,72,192,1,0,0,736,7547,455,454,26,1.7049638329772279,705.9879999999999,0.540296835,0.216293499,0.001495601,0.005397282,0.763483217,911.3212776399813,67,0.09103260869565218,7.105427357601002e-15
dubois_dubois24,satlib_dimacs_dubois,test,state_v18_gate_signal_shuffled,72,192,1,0,0,79,1761,52,51,25,0.13208145799580961,82.744,0.034660037,0.014831379,0.000165456,0.000567424,0.050224295999999995,96.25146039364557,0,0.0,0.0
dubois_dubois24,satlib_dimacs_dubois,test,random_activation_matched_q,72,192,1,0,0,370,1603,162,161,26,0.42675979097839445,279.412,0.05742897,0.090007917,0.000822757,0.003640457,0.15190010100000004,320.2644312226947,83,0.22432432432432434,4.440892098500626e-16
dubois_dubois24,satlib_dimacs_dubois,test,state_Mode_A_always,72,192,1,0,0,939,3723,328,327,26,1.1936084580374882,624.5920000000001,0.187202321,0.240638157,0.001870373,0.008475756,0.438186607,742.439112064616,939,1.0,3.042011087472929e-14
dubois_dubois24,satlib_dimacs_dubois,test,state_gate_value_only_z_R,72,192,1,0,0,410,4912,277,276,26,0.7994694169610739,419.648,0.221853909,0.110602199,0.00084654,0.003064419,0.33636706699999996,510.11148474907895,52,0.12682926829268293,6.661338147750939e-16
dubois_dubois24,satlib_dimacs_dubois,test,state_gate_response_only_0_5z_t,72,192,1,0,0,292,2969,189,188,25,0.45568212505895644,288.476,0.119453733,0.064941781,0.000611419,0.002060962,0.187067895,338.7865545299261,90,0.3082191780821918,2.6645352591003757e-15
dubois_dubois24,satlib_dimacs_dubois,test,Paper68_hard_threshold_0_5,72,192,1,0,0,562,6190,365,364,27,1.160606750054285,558.36,0.308039171,0.164326077,0.001132448,0.004367618,0.47786531400000004,686.8784127290107,135,0.2402135231316726,1.4432899320127035e-15
dubois_dubois24,satlib_dimacs_dubois,test,closure_HBV,72,192,1,0,0,428,2760,233,232,26,0.6513763329712674,372.44,0.161580294,0.108407881,0.00085861,0.003000409,0.27384719399999996,446.0892180371423,80,0.18691588785046728,3.3306690738754696e-15
dubois_dubois24,satlib_dimacs_dubois,test,closure_HSV,72,192,1,0,0,890,8524,541,540,26,2.2195505420677364,842.096,0.67910143,0.281113926,0.001795581,0.006626119,0.9686370559999999,1102.603915725438,67,0.07528089887640449,1.0880185641326534e-14
dubois_dubois24,satlib_dimacs_dubois,test,closure_BSV,72,192,1,0,0,360,2742,215,214,26,0.5352537920698524,333.968,0.139066417,0.084159581,0.000739038,0.002369885,0.22633492099999997,394.83913657315173,36,0.1,3.1086244689504383e-15
dubois_dubois24,satlib_dimacs_dubois,test,closure_HBS,72,192,1,0,0,392,4323,245,244,27,0.6843730829423293,379.89200000000005,0.177129567,0.100783705,0.000783037,0.002871591,0.2815679,455.6176459577245,48,0.12244897959183673,1.5543122344752192e-15
dubois_dubois26,satlib_dimacs_dubois,test,jeroslow_wang,78,208,1,0,0,649,3232,346,345,27,0.8525054169585928,553.628,0.225498662,0.0,0.0,0.002776566,0.228275228,553.628,0,0.0,0.0
dubois_dubois26,satlib_dimacs_dubois,test,vsids,78,208,1,0,0,808,2154,221,220,39,0.5843962079379708,472.01599999999996,0.112946216,0.0,0.0,0.002962837,0.115909053,472.01599999999996,0,0.0,0.0
dubois_dubois26,satlib_dimacs_dubois,test,score_with_R_Paper69,78,208,1,0,0,899,3235,263,262,30,0.7279836249072105,545.6400000000001,0.127829237,0.0,0.0,0.006848912,0.13467814900000002,545.6400000000001,899,1.0,0.0
dubois_dubois26,satlib_dimacs_dubois,test,static_gate_v17_Paper69,78,208,1,0,0,897,2936,289,288,31,0.7935891669476405,569.8439999999999,0.143257295,0.0,0.0,0.008647549,0.151904844,569.8439999999999,897,1.0,0.0
dubois_dubois26,satlib_dimacs_dubois,test,state_v18_primary,78,208,1,0,0,416,2654,200,199,27,0.5882742500398308,335.416,0.09288329,0.115443454,0.000935578,0.003370432,0.212632754,392.602038069041,58,0.13942307692307693,3.552713678800501e-15
dubois_dubois26,satlib_dimacs_dubois,test,state_v18_gate_signal_shuffled,78,208,1,0,0,611,2346,200,199,30,0.6881821668939665,392.68399999999997,0.082389818,0.144957426,0.001208757,0.005376015,0.23393201600000002,455.59832021119144,507,0.8297872340425532,3.9968028886505635e-15
dubois_dubois26,satlib_dimacs_dubois,test,random_activation_matched_q,78,208,1,0,0,370,2382,196,195,28,0.4822317499201745,316.528,0.098744156,0.084533163,0.000750287,0.002785837,0.186813443,366.7701215087428,78,0.21081081081081082,9.992007221626409e-16
dubois_dubois26,satlib_dimacs_dubois,test,state_Mode_A_always,78,208,1,0,0,899,3235,263,262,30,0.9896814170060679,545.6400000000001,0.130225247,0.213745634,0.001799894,0.007662098,0.353432873,640.6932095832636,899,1.0,8.43769498715119e-15
dubois_dubois26,satlib_dimacs_dubois,test,state_gate_value_only_z_R,78,208,1,0,0,382,2748,154,153,28,0.48690712498500943,279.59200000000004,0.077291415,0.092218533,0.000770619,0.002756888,0.17303745500000003,326.12916938172174,57,0.14921465968586387,1.3322676295501878e-15
dubois_dubois26,satlib_dimacs_dubois,test,state_gate_response_only_0_5z_t,78,208,1,0,0,469,2294,157,156,28,0.5410656249150634,306.876,0.067959674,0.112188288,0.000941387,0.003576462,0.18466581099999999,356.5405314479458,144,0.3070362473347548,1.2212453270876722e-15
dubois_dubois26,satlib_dimacs_dubois,test,Paper68_hard_threshold_0_5,78,208,1,0,0,505,2752,230,229,29,0.6517300839768723,392.508,0.097498603,0.127352965,0.000997844,0.003865498,0.22971491,454.28816011722404,131,0.2594059405940594,1.4432899320127035e-15
dubois_dubois26,satlib_dimacs_dubois,test,closure_HBV,78,208,1,0,0,374,1946,149,148,27,0.3974791669752449,268.984,0.060072326,0.078487703,0.000760037,0.002646378,0.141966444,307.1648461696845,84,0.22459893048128343,1.5543122344752192e-15
dubois_dubois26,satlib_dimacs_dubois,test,closure_HSV,78,208,1,0,0,439,2741,236,235,28,0.5671435840195045,378.664,0.105944882,0.104384911,0.000880049,0.003192988,0.21440283,436.3260871800876,91,0.2072892938496583,2.886579864025407e-15
dubois_dubois26,satlib_dimacs_dubois,test,closure_BSV,78,208,1,0,0,233,2930,145,144,27,0.3503730410011485,226.61999999999998,0.070833108,0.052603247,0.000471783,0.001823584,0.125731722,260.4346353537709,23,0.09871244635193133,5.329070518200751e-15
dubois_dubois26,satlib_dimacs_dubois,test,closure_HBS,78,208,1,0,0,410,3114,229,228,27,0.5734635420376435,364.456,0.121802596,0.096606294,0.000826248,0.003087628,0.222322766,424.24809656519096,64,0.15609756097560976,1.7208456881689926e-15
dubois_dubois27,satlib_dimacs_dubois,test,jeroslow_wang,81,216,1,0,0,711,3501,370,369,28,0.9718532080296427,597.304,0.250565028,0.0,0.0,0.003181245,0.253746273,597.304,0,0.0,0.0
dubois_dubois27,satlib_dimacs_dubois,test,vsids,81,216,1,0,0,915,2789,247,246,29,0.7253487920388579,532.656,0.14840399,0.0,0.0,0.003567933,0.151971923,532.656,0,0.0,0.0
dubois_dubois27,satlib_dimacs_dubois,test,score_with_R_Paper69,81,216,1,0,0,840,2775,230,229,33,0.7234710839111358,493.1,0.116690509,0.0,0.0,0.00723539,0.12392589899999999,493.1,840,1.0,0.0
dubois_dubois27,satlib_dimacs_dubois,test,static_gate_v17_Paper69,81,216,1,0,0,810,2253,218,217,30,0.6221669170772657,470.012,0.094928706,0.0,0.0,0.007580097,0.102508803,470.012,810,1.0,0.0
dubois_dubois27,satlib_dimacs_dubois,test,state_v18_primary,81,216,1,0,0,410,3547,194,193,29,0.6332720409845933,331.188,0.107816034,0.113880333,0.000833063,0.003318042,0.225847472,391.9280406975337,58,0.14146341463414633,5.662137425588298e-15
dubois_dubois27,satlib_dimacs_dubois,test,state_v18_gate_signal_shuffled,81,216,1,0,0,871,3366,304,303,31,1.1581093750428408,578.764,0.172214287,0.233731874,0.001780436,0.008169499,0.41589609600000005,690.6162406882879,753,0.8645235361653272,4.440892098500626e-15
dubois_dubois27,satlib_dimacs_dubois,test,random_activation_matched_q,81,216,1,0,0,509,2876,240,239,29,0.763827292015776,404.204,0.142831533,0.138458504,0.001033505,0.004710154,0.287033696,481.3996321769389,140,0.275049115913556,2.4424906541753444e-15
dubois_dubois27,satlib_dimacs_dubois,test,state_Mode_A_always,81,216,1,0,0,840,2775,230,229,33,0.999662208952941,493.1,0.119078793,0.218585807,0.001777372,0.00812157,0.347563542,586.5746955505393,840,1.0,7.105427357601002e-15
dubois_dubois27,satlib_dimacs_dubois,test,state_gate_value_only_z_R,81,216,1,0,0,330,3329,153,152,30,0.5014378339983523,265.316,0.091744232,0.086647166,0.000754318,0.002804165,0.18194988099999998,314.2501017589579,63,0.19090909090909092,6.328271240363392e-15
dubois_dubois27,satlib_dimacs_dubois,test,state_gate_response_only_0_5z_t,81,216,1,0,0,758,4171,404,403,29,1.4859925000928342,648.084,0.37812244,0.251633623,0.001805916,0.006521758,0.638083737,819.6919963640875,270,0.3562005277044855,7.105427357601002e-15
dubois_dubois27,satlib_dimacs_dubois,test,Paper68_hard_threshold_0_5,81,216,1,0,0,550,5510,333,332,31,1.1296912090620026,520.04,0.271224944,0.166870789,0.001301077,0.004971371,0.44436818100000003,639.5496015891158,131,0.2381818181818182,2.886579864025407e-15
dubois_dubois27,satlib_dimacs_dubois,test,closure_HBV,81,216,1,0,0,250,1596,114,113,28,0.326293833903037,195.38400000000001,0.047622534,0.064144785,0.00069488,0.00253505,0.114997249,226.31167664171338,49,0.196,8.881784197001252e-16
dubois_dubois27,satlib_dimacs_dubois,test,closure_HSV,81,216,1,0,0,319,3282,139,138,29,0.4726167080225423,247.82799999999997,0.083208838,0.079860257,0.000713955,0.002710623,0.16649367299999998,292.60526664083204,53,0.16614420062695925,1.4432899320127035e-15
dubois_dubois27,satlib_dimacs_dubois,test,closure_BSV,81,216,1,0,0,213,2561,117,116,28,0.30121687497012317,191.144,0.060896352,0.045290163,0.000443288,0.001592502,0.108222305,220.24960455633925,28,0.13145539906103287,1.9984014443252818e-15
dubois_dubois27,satlib_dimacs_dubois,test,closure_HBS,81,216,1,0,0,368,3444,203,202,29,0.5785717910621315,327.176,0.116052058,0.096734093,0.000799407,0.002896461,0.21648201899999997,385.3972699920956,70,0.19021739130434784,1.1102230246251565e-15
dubois_dubois28,satlib_dimacs_dubois,test,jeroslow_wang,84,224,1,0,0,774,3731,389,388,29,1.0844569579930976,636.124,0.272270471,0.0,0.0,0.003648161,0.275918632,636.124,0,0.0,0.0
dubois_dubois28,satlib_dimacs_dubois,test,vsids,84,224,1,0,0,942,2475,248,247,42,0.742121999966912,540.4999999999999,0.138941012,0.0,0.0,0.00386052,0.142801532,540.4999999999999,0,0.0,0.0
dubois_dubois28,satlib_dimacs_dubois,test,score_with_R_Paper69,84,224,1,0,0,859,2476,230,229,33,0.6855204999446869,497.604,0.102287883,0.0,0.0,0.007253283,0.109541166,497.604,859,1.0,0.0
dubois_dubois28,satlib_dimacs_dubois,test,static_gate_v17_Paper69,84,224,1,0,0,868,2337,199,198,34,0.6692429169779643,468.748,0.087259806,0.0,0.0,0.008769711,0.096029517,468.748,868,1.0,0.0
dubois_dubois28,satlib_dimacs_dubois,test,state_v18_primary,84,224,1,0,0,340,2360,180,179,30,0.48502854199614376,291.44,0.079078939,0.089414921,0.000685581,0.002745507,0.171924948,337.6779686872978,47,0.13823529411764707,1.887379141862766e-15
dubois_dubois28,satlib_dimacs_dubois,test,state_v18_gate_signal_shuffled,84,224,1,0,0,707,2241,204,203,32,0.8059398750774562,425.064,0.095990811,0.175347607,0.001392442,0.006343914,0.27907477399999997,500.11913778969824,576,0.8147100424328148,2.886579864025407e-15
dubois_dubois28,satlib_dimacs_dubois,test,random_activation_matched_q,84,224,1,0,0,526,2235,197,196,30,0.6482134589459747,363.73999999999995,0.083935954,0.133222582,0.001043092,0.004569878,0.222771506,423.652781935814,146,0.27756653992395436,8.881784197001252e-16
dubois_dubois28,satlib_dimacs_dubois,test,state_Mode_A_always,84,224,1,0,0,859,2476,230,229,33,0.9728651660261676,497.604,0.105288302,0.21918845,0.001787715,0.008272761,0.3345372280000001,587.5753628123325,859,1.0,4.6629367034256575e-15
dubois_dubois28,satlib_dimacs_dubois,test,state_gate_value_only_z_R,84,224,1,0,0,438,3029,204,203,31,0.6025075409561396,347.51599999999996,0.100961275,0.108512009,0.00087534,0.003281032,0.213629656,404.97014763659655,43,0.09817351598173515,2.7755575615628914e-15
dubois_dubois28,satlib_dimacs_dubois,test,state_gate_response_only_0_5z_t,84,224,1,0,0,536,2372,220,219,31,0.6486667080316693,390.28799999999995,0.086475734,0.129507162,0.00110146,0.004004696,0.221089052,449.7482981266008,175,0.32649253731343286,1.9984014443252818e-15
dubois_dubois28,satlib_dimacs_dubois,test,Paper68_hard_threshold_0_5,84,224,1,0,0,527,2886,219,218,30,0.705258208909072,388.644,0.101499038,0.140579869,0.001045669,0.004136377,0.247260953,455.1430412118979,111,0.21062618595825428,1.6653345369377348e-15
dubois_dubois28,satlib_dimacs_dubois,test,closure_HBV,84,224,1,0,0,374,3309,205,204,30,0.5749575418885797,330.436,0.12776067,0.092649088,0.000754116,0.002845547,0.22400942100000001,390.68171020290606,86,0.22994652406417113,7.771561172376096e-16
dubois_dubois28,satlib_dimacs_dubois,test,closure_HSV,84,224,1,0,0,378,1983,177,176,30,0.45903154206462204,298.332,0.064839093,0.090320714,0.000753033,0.002870795,0.15878363499999998,341.0357078015304,60,0.15873015873015872,1.7763568394002505e-15
dubois_dubois28,satlib_dimacs_dubois,test,closure_BSV,84,224,1,0,0,389,2894,212,211,29,0.5920455000596121,340.276,0.117430704,0.101863374,0.000773704,0.002992419,0.22306020099999999,400.266424363661,47,0.12082262210796915,4.218847493575595e-15
dubois_dubois28,satlib_dimacs_dubois,test,closure_HBS,84,224,1,0,0,396,2425,201,200,30,0.5232077919645235,329.5,0.078723635,0.097475418,0.000800221,0.002883707,0.179882981,377.8782239844317,68,0.1717171717171717,8.881784197001252e-16
dubois_dubois29,satlib_dimacs_dubois,test,jeroslow_wang,87,232,1,0,0,832,3929,403,402,30,1.2021912499330938,668.316,0.295561321,0.0,0.0,0.004026227,0.299587548,668.316,0,0.0,0.0
dubois_dubois29,satlib_dimacs_dubois,test,vsids,87,232,1,0,0,1042,3225,279,278,31,0.8942704580258578,604.4999999999999,0.182177305,0.0,0.0,0.004561426,0.18673873100000002,604.4999999999999,0,0.0,0.0
dubois_dubois29,satlib_dimacs_dubois,test,score_with_R_Paper69,87,232,1,0,0,943,2677,236,235,33,0.7793895420618355,529.608,0.107153462,0.0,0.0,0.008321464,0.115474926,529.608,943,1.0,0.0
dubois_dubois29,satlib_dimacs_dubois,test,static_gate_v17_Paper69,87,232,1,0,0,858,2354,208,207,34,0.6650149999186397,474.816,0.087859656,0.0,0.0,0.00848465,0.09634430599999999,474.816,858,1.0,0.0
dubois_dubois29,satlib_dimacs_dubois,test,state_v18_primary,87,232,1,0,0,498,2667,200,199,32,0.6224706670036539,360.068,0.084273674,0.123061006,0.000999625,0.003602532,0.211936837,417.0668762357568,83,0.16666666666666666,3.4416913763379853e-15
dubois_dubois29,satlib_dimacs_dubois,test,state_v18_gate_signal_shuffled,87,232,1,0,0,939,2965,249,248,33,1.106908707995899,542.5600000000001,0.114431112,0.245522081,0.0019456,0.009262476,0.371161269,642.3811331956297,879,0.9361022364217252,5.329070518200751e-15
dubois_dubois29,satlib_dimacs_dubois,test,random_activation_matched_q,87,232,1,0,0,582,4512,370,369,30,1.1834407499991357,562.648,0.325883352,0.174741487,0.001194428,0.005048621,0.506867888,698.9664448015117,151,0.25945017182130586,2.6645352591003757e-15
dubois_dubois29,satlib_dimacs_dubois,test,state_Mode_A_always,87,232,1,0,0,943,2677,236,235,33,1.0851055829552934,529.608,0.108006663,0.244926556,0.001866216,0.0088357,0.36363513499999994,627.4050340042289,943,1.0,7.327471962526033e-15
dubois_dubois29,satlib_dimacs_dubois,test,state_gate_value_only_z_R,87,232,1,0,0,351,3156,144,143,32,0.4714422500692308,261.92400000000004,0.086664473,0.07912979,0.000710841,0.002576801,0.16908190499999998,307.3973528782493,66,0.18803418803418803,1.4432899320127035e-15
dubois_dubois29,satlib_dimacs_dubois,test,state_gate_response_only_0_5z_t,87,232,1,0,0,744,4359,410,409,30,1.4061802079668269,650.6360000000001,0.29260037,0.246266803,0.001504349,0.006546846,0.5469183679999999,797.7257311197209,243,0.32661290322580644,1.9984014443252818e-15
dubois_dubois29,satlib_dimacs_dubois,test,Paper68_hard_threshold_0_5,87,232,1,0,0,626,2581,216,215,31,0.7607601250056177,414.12399999999997,0.090205862,0.157346209,0.001252964,0.004885886,0.25369092099999996,482.3523345023883,177,0.2827476038338658,1.5543122344752192e-15
dubois_dubois29,satlib_dimacs_dubois,test,closure_HBV,87,232,1,0,0,460,2450,179,178,30,0.6022378330817446,326.8,0.088880683,0.116148659,0.000921665,0.003553506,0.209504513,383.14472032494996,102,0.2217391304347826,1.4432899320127035e-15
dubois_dubois29,satlib_dimacs_dubois,test,closure_HSV,87,232,1,0,0,645,4044,288,287,32,1.0586525000398979,497.676,0.198471765,0.194289722,0.001293538,0.005409119,0.399464144,605.1089862933575,90,0.13953488372093023,4.6629367034256575e-15
dubois_dubois29,satlib_dimacs_dubois,test,closure_BSV,87,232,1,0,0,425,3915,251,250,30,0.7694117500213906,394.16,0.188560398,0.119605578,0.000863627,0.003199536,0.312229139,478.13176396030633,55,0.12941176470588237,7.216449660063518e-16
dubois_dubois29,satlib_dimacs_dubois,test,closure_HBS,87,232,1,0,0,448,2287,157,156,32,0.5294856249820441,300.548,0.066624881,0.10666104,0.00089117,0.003422917,0.177600008,348.312234942609,81,0.18080357142857142,1.3322676295501878e-15
dubois_dubois50,satlib_dimacs_dubois,test,jeroslow_wang,150,400,1,0,0,3001,10628,869,868,51,7.0321297500049695,1811.812,1.103862303,0.0,0.0,0.024620627,1.12848293,1811.812,0,0.0,0.0
dubois_dubois50,satlib_dimacs_dubois,test,vsids,150,400,1,0,0,2996,6899,532,531,75,4.052653582999483,1458.396,0.539060109,0.0,0.0,0.020792857,0.559852966,1458.396,0,0.0,0.0
dubois_dubois50,satlib_dimacs_dubois,test,score_with_R_Paper69,150,400,1,0,0,3489,9250,584,583,60,5.028846499975771,1667.7,0.490503124,0.0,0.0,0.045605748,0.536108872,1667.7,3489,1.0,0.0
dubois_dubois50,satlib_dimacs_dubois,test,static_gate_v17_Paper69,150,400,1,0,0,2839,8130,598,597,57,4.48835041699931,1482.2199999999998,0.451999422,0.0,0.0,0.044239089,0.496238511,1482.2199999999998,2839,1.0,0.0
dubois_dubois50,satlib_dimacs_dubois,test,state_v18_primary,150,400,1,0,0,1057,6067,462,461,52,2.4819045409094542,803.3679999999999,0.264070174,0.477704465,0.002315267,0.011826333,0.7559162389999999,1006.6661937508097,142,0.13434247871333965,2.9976021664879227e-15
dubois_dubois50,satlib_dimacs_dubois,test,state_v18_gate_signal_shuffled,150,400,1,0,0,2494,6335,461,460,57,4.792533707921393,1234.5399999999997,0.337467418,1.049770147,0.005540917,0.033936516,1.426714998,1618.2446581699246,2142,0.8588612670408982,1.4432899320127035e-14
dubois_dubois50,satlib_dimacs_dubois,test,random_activation_matched_q,150,400,1,0,0,1418,6059,458,457,52,3.5322930000256747,907.636,0.392444365,0.699554113,0.003446099,0.021430833,1.11687541,1208.0115466320854,371,0.2616361071932299,3.1086244689504383e-15
dubois_dubois50,satlib_dimacs_dubois,test,state_Mode_A_always,150,400,1,0,0,3489,9250,584,583,60,7.087397624971345,1667.7,0.511022938,1.554305305,0.007653482,0.051288412,2.1242701369999994,2239.007057065201,3489,1.0,1.532107773982716e-14
dubois_dubois50,satlib_dimacs_dubois,test,state_gate_value_only_z_R,150,400,1,0,0,1253,10520,561,560,55,3.901999333058484,978.98,0.636696652,0.637646713,0.003131683,0.015661671,1.293136719,1326.7597481812643,87,0.06943335993615324,8.881784197001252e-15
dubois_dubois50,satlib_dimacs_dubois,test,state_gate_response_only_0_5z_t,150,400,1,0,0,326,7457,132,131,52,0.9907281670020893,259.628,0.160098592,0.12163354,0.000827004,0.004431959,0.28699109500000003,336.8121749467523,32,0.09815950920245399,2.9753977059954195e-14
dubois_dubois50,satlib_dimacs_dubois,test,Paper68_hard_threshold_0_5,150,400,1,0,0,1147,9232,517,516,54,3.3043717090040445,898.0279999999999,0.492422106,0.570204966,0.002883924,0.015789378,1.0813003740000002,1188.8358985405616,323,0.2816041848299913,6.106226635438361e-15
dubois_dubois50,satlib_dimacs_dubois,test,closure_HBV,150,400,1,0,0,570,4661,250,249,52,1.246060041943565,439.644,0.150093163,0.216166616,0.001371387,0.006750461,0.374381627,540.3312251392252,105,0.18421052631578946,2.886579864025407e-15
dubois_dubois50,satlib_dimacs_dubois,test,closure_HSV,150,400,1,0,0,961,8299,416,415,52,2.5022117919288576,737.496,0.324465324,0.434494206,0.002198106,0.012164213,0.7733218490000001,945.4753064079637,96,0.09989594172736732,6.217248937900877e-15
dubois_dubois50,satlib_dimacs_dubois,test,closure_BSV,150,400,1,0,0,941,8631,438,437,52,2.66132470802404,754.824,0.36784877,0.460033739,0.002275252,0.01232635,0.842484111,981.4039954987561,102,0.10839532412327312,5.440092820663267e-15
dubois_dubois50,satlib_dimacs_dubois,test,closure_HBS,150,400,1,0,0,911,5636,371,370,53,1.9745252089342102,666.8439999999999,0.249751807,0.355470504,0.002110044,0.0101492,0.617481555,832.911188835642,134,0.14709110867178923,3.219646771412954e-15
pigeon-hole_hole10,satlib_dimacs_pigeonhole,test,jeroslow_wang,110,561,0,0,1,2280,28707,1985,1985,47,30.020212333998643,7783.8279999999995,17.530219836,0.0,0.0,0.007135489,17.537355325,7783.8279999999995,0,0.0,0.0
pigeon-hole_hole10,satlib_dimacs_pigeonhole,test,vsids,110,561,0,0,1,2225,52823,1771,1771,25,30.02194362494629,7649.7919999999995,15.991436839,0.0,0.0,0.010663024,16.002099863,7649.7919999999995,0,0.0,0.0
pigeon-hole_hole10,satlib_dimacs_pigeonhole,test,score_with_R_Paper69,110,561,0,0,1,2190,38420,1864,1864,86,30.001794249983504,7674.68,13.705686279,0.0,0.0,0.016659075,13.722345354,7674.68,2190,1.0,0.0
pigeon-hole_hole10,satlib_dimacs_pigeonhole,test,static_gate_v17_Paper69,110,561,0,0,1,2299,39723,1911,1911,82,30.001929917023517,7759.592,13.919968493,0.0,0.0,0.020652217,13.940620710000001,7759.592,2299,1.0,0.0
pigeon-hole_hole10,satlib_dimacs_pigeonhole,test,state_v18_primary,110,561,0,0,1,2081,30098,1864,1864,55,30.002736416994594,7608.692,15.146979433,0.942826748,0.005104909,0.012084645,16.106995735,11940.55176267603,312,0.14992791926958193,1.6542323066914832e-14
pigeon-hole_hole10,satlib_dimacs_pigeonhole,test,state_v18_gate_signal_shuffled,110,561,0,0,1,1924,26727,1760,1760,54,30.007615249953233,7444.108,16.509711522,0.88107923,0.00601571,0.013500715,17.410307177,12126.483928863807,275,0.14293139293139293,1.587618925213974e-14
pigeon-hole_hole10,satlib_dimacs_pigeonhole,test,random_activation_matched_q,110,561,0,0,1,2123,31031,1926,1926,59,30.001207625027746,7687.023999999999,15.760821064,1.023490739,0.006798976,0.021852961,16.81296374,12208.748740907251,504,0.23739990579368817,1.6653345369377348e-14
pigeon-hole_hole10,satlib_dimacs_pigeonhole,test,state_Mode_A_always,110,561,0,0,1,2118,37202,1802,1802,86,30.010106125031598,7586.2080000000005,13.07726793,1.13201617,0.006852557,0.024412651,14.240549308,11416.100523761146,2118,1.0,4.3298697960381105e-15
pigeon-hole_hole10,satlib_dimacs_pigeonhole,test,state_gate_value_only_z_R,110,561,0,0,1,2037,30357,1852,1852,52,30.005414208048023,7584.528,15.214157396,0.973097186,0.005764671,0.012067279,16.205086532,11942.768571586892,55,0.027000490918016692,4.674038933671909e-14
pigeon-hole_hole10,satlib_dimacs_pigeonhole,test,state_gate_response_only_0_5z_t,110,561,0,0,1,2213,32165,1948,1948,53,30.001245875027962,7740.5599999999995,15.066485736,1.018695593,0.005329933,0.014282111,16.104793373,12071.827453378402,788,0.3560777225485766,1.865174681370263e-14
pigeon-hole_hole10,satlib_dimacs_pigeonhole,test,Paper68_hard_threshold_0_5,110,561,0,0,1,1956,28387,1785,1785,63,30.01639183307998,7485.348,16.030105348,0.856356597,0.004812888,0.012356612,16.903631445000002,12031.457163025787,652,0.3333333333333333,5.329070518200751e-15
pigeon-hole_hole10,satlib_dimacs_pigeonhole,test,closure_HBV,110,561,0,0,1,2074,29468,1859,1859,55,30.025040208012797,7599.072,14.809294448,0.900196835,0.004701112,0.011769338,15.725961732999998,11828.455429495625,411,0.19816779170684667,2.398081733190338e-14
pigeon-hole_hole10,satlib_dimacs_pigeonhole,test,closure_HSV,110,561,0,0,1,2052,29152,1854,1854,55,30.019040125072934,7586.2080000000005,14.853024975,0.86667913,0.004444536,0.011144454,15.735293095,11818.101031673697,360,0.17543859649122806,7.271960811294775e-14
pigeon-hole_hole10,satlib_dimacs_pigeonhole,test,closure_BSV,110,561,0,0,1,2028,29187,1834,1834,53,30.040241707931273,7559.148,15.121455513,0.935458082,0.005701361,0.012992503,16.075607459,11882.566113341714,310,0.15285996055226825,2.8754776337791554e-14
pigeon-hole_hole10,satlib_dimacs_pigeonhole,test,closure_HBS,110,561,0,0,1,1983,28594,1805,1805,53,30.01337791699916,7514.276,15.428564479,0.919371143,0.005704587,0.013170183,16.366810392,11916.011031592016,266,0.1341401916288452,2.6645352591003757e-14
pigeon-hole_hole6,satlib_dimacs_pigeonhole,test,jeroslow_wang,42,133,1,0,0,689,7698,588,587,17,2.186641500098631,825.4920000000001,1.301315549,0.0,0.0,0.001782862,1.303098411,825.4920000000001,0,0.0,0.0
pigeon-hole_hole6,satlib_dimacs_pigeonhole,test,vsids,42,133,1,0,0,372,5134,302,301,15,0.6609237079974264,434.136,0.325384637,0.0,0.0,0.000948539,0.326333176,434.136,0,0.0,0.0
pigeon-hole_hole6,satlib_dimacs_pigeonhole,test,score_with_R_Paper69,42,133,1,0,0,903,13587,809,808,28,3.443810374941677,1134.248,1.976961772,0.0,0.0,0.006271782,1.983233554,1134.248,903,1.0,0.0
pigeon-hole_hole6,satlib_dimacs_pigeonhole,test,static_gate_v17_Paper69,42,133,1,0,0,937,12832,789,788,25,3.3922174170147628,1121.4279999999999,1.903936748,0.0,0.0,0.007991161,1.911927909,1121.4279999999999,937,1.0,0.0
pigeon-hole_hole6,satlib_dimacs_pigeonhole,test,state_v18_primary,42,133,1,0,0,705,9225,622,621,21,2.637739000027068,870.4,1.312843304,0.203367045,0.001896162,0.004069077,1.522175588,1279.778091971347,125,0.1773049645390071,4.218847493575595e-15
pigeon-hole_hole6,satlib_dimacs_pigeonhole,test,state_v18_gate_signal_shuffled,42,133,1,0,0,745,9906,682,681,20,3.0632339590229094,945.124,1.534615146,0.221776378,0.002129382,0.004520196,1.7630411019999999,1419.2811262170453,113,0.15167785234899328,3.774758283725532e-15
pigeon-hole_hole6,satlib_dimacs_pigeonhole,test,random_activation_matched_q,42,133,1,0,0,666,8810,609,608,20,2.4617235410260037,844.04,1.274869894,0.177849226,0.001625346,0.004666283,1.459010749,1236.4303663282938,175,0.2627627627627628,2.3314683517128287e-15
pigeon-hole_hole6,satlib_dimacs_pigeonhole,test,state_Mode_A_always,42,133,1,0,0,903,13587,809,808,28,3.7555039159487933,1134.248,1.980672748,0.258525151,0.002297082,0.006784907,2.2482798880000003,1738.90658079902,903,1.0,3.6637359812630166e-15
pigeon-hole_hole6,satlib_dimacs_pigeonhole,test,state_gate_value_only_z_R,42,133,1,0,0,705,9255,621,620,21,2.5915628749644384,869.52,1.291849522,0.195889009,0.001691718,0.003322599,1.492752848,1270.9850592984246,37,0.0524822695035461,4.3298697960381105e-15
pigeon-hole_hole6,satlib_dimacs_pigeonhole,test,state_gate_response_only_0_5z_t,42,133,1,0,0,736,9757,655,654,20,2.736959374975413,914.828,1.377731385,0.20364763,0.001906092,0.004435462,1.587720569,1341.8339395545117,268,0.3641304347826087,1.6653345369377348e-15
pigeon-hole_hole6,satlib_dimacs_pigeonhole,test,Paper68_hard_threshold_0_5,42,133,1,0,0,745,9710,668,667,24,2.552727667032741,930.34,1.334121789,0.197228516,0.001822958,0.004470275,1.537643538,1343.8780850152693,354,0.47516778523489933,1.7763568394002505e-15
pigeon-hole_hole6,satlib_dimacs_pigeonhole,test,closure_HBV,42,133,1,0,0,678,8992,618,617,22,2.501618874957785,857.3679999999999,1.245051233,0.190781375,0.001805252,0.004106978,1.4417448380000002,1245.1148247046797,141,0.2079646017699115,1.6653345369377348e-15
pigeon-hole_hole6,satlib_dimacs_pigeonhole,test,closure_HSV,42,133,1,0,0,726,9137,627,626,20,2.656618334003724,881.348,1.328610005,0.20246473,0.001785836,0.00393484,1.5367954110000002,1294.6579874056724,123,0.16942148760330578,7.105427357601002e-15
pigeon-hole_hole6,satlib_dimacs_pigeonhole,test,closure_BSV,42,133,1,0,0,728,9581,653,652,19,2.8751199999824166,909.7239999999999,1.47229291,0.204496837,0.001799324,0.004080336,1.682669407,1362.265741364609,139,0.19093406593406592,4.3298697960381105e-15
pigeon-hole_hole6,satlib_dimacs_pigeonhole,test,closure_HBS,42,133,1,0,0,693,9075,620,619,19,2.579432124970481,864.1999999999999,1.318955959,0.193240761,0.001818425,0.003964136,1.517979281,1272.4495256176826,106,0.15295815295815296,5.329070518200751e-15
pigeon-hole_hole7,satlib_dimacs_pigeonhole,test,jeroslow_wang,56,204,0,0,1,2507,32127,2219,2219,23,30.000288957962766,8099.608,18.946113679,0.0,0.0,0.006827472,18.952941151,8099.608,0,0.0,0.0
pigeon-hole_hole7,satlib_dimacs_pigeonhole,test,vsids,56,204,1,0,0,952,16039,772,771,19,4.349649165989831,1121.7559999999999,2.427338612,0.0,0.0,0.002856743,2.430195355,1121.7559999999999,0,0.0,0.0
pigeon-hole_hole7,satlib_dimacs_pigeonhole,test,score_with_R_Paper69,56,204,0,0,1,2682,43502,2412,2412,38,30.003399458015338,8390.608,17.993988286,0.0,0.0,0.018201987,18.012190273,8390.608,2682,1.0,0.0
pigeon-hole_hole7,satlib_dimacs_pigeonhole,test,static_gate_v17_Paper69,56,204,0,0,1,2743,43058,2400,2400,37,30.013320166966878,8395.132,17.783356084,0.0,0.0,0.019619648,17.802975732,8395.132,2743,1.0,0.0
pigeon-hole_hole7,satlib_dimacs_pigeonhole,test,state_v18_primary,56,204,0,0,1,2347,34402,2140,2140,28,30.000476957997307,7981.7080000000005,16.539945903,1.012567421,0.005258738,0.012528967,17.570301029,12707.113115756078,338,0.144013634426928,3.2529534621517087e-14
pigeon-hole_hole7,satlib_dimacs_pigeonhole,test,state_v18_gate_signal_shuffled,56,204,0,0,1,2284,33575,2138,2138,25,30.001223415951245,7957.5,17.256970022,0.964000448,0.004947366,0.011920115,18.237837951,12862.43433275518,365,0.15980735551663747,2.8199664825478976e-14
pigeon-hole_hole7,satlib_dimacs_pigeonhole,test,random_activation_matched_q,56,204,0,0,1,2293,33236,2118,2118,27,30.00363237503916,7938.844,17.653462644,0.931652627,0.005032844,0.015204594,18.605352708999998,12942.618763246533,552,0.24073266463148713,1.1546319456101628e-14
pigeon-hole_hole7,satlib_dimacs_pigeonhole,test,state_Mode_A_always,56,204,0,0,1,2625,42509,2358,2358,38,30.00362662493717,8315.536,17.086831275,1.12075463,0.005550239,0.017732622,18.230868766000004,13218.596020960675,2625,1.0,1.176836406102666e-14
pigeon-hole_hole7,satlib_dimacs_pigeonhole,test,state_gate_value_only_z_R,56,204,0,0,1,2302,34379,2099,2099,28,30.006136124953628,7927.116,16.610448661,1.028164886,0.006449522,0.012221455,17.657284523999998,12675.914696297521,43,0.018679409209383144,1.2545520178264269e-14
pigeon-hole_hole7,satlib_dimacs_pigeonhole,test,state_gate_response_only_0_5z_t,56,204,0,0,1,2426,34852,2206,2206,27,30.01215029193554,8073.2080000000005,16.360778336,1.075749078,0.0078296,0.01918301,17.463540024,12769.900517243532,890,0.3668590272052762,4.951594689828198e-14
pigeon-hole_hole7,satlib_dimacs_pigeonhole,test,Paper68_hard_threshold_0_5,56,204,0,0,1,2296,34310,2125,2125,34,30.024332374916412,7951.04,17.96190149,1.030891457,0.006971233,0.015713841,19.015478021,13065.114993403498,735,0.3201219512195122,1.9206858326015208e-14
pigeon-hole_hole7,satlib_dimacs_pigeonhole,test,closure_HBV,56,204,0,0,1,2390,34447,2149,2149,29,30.004731042077765,8003.7880000000005,16.76273392,1.058500304,0.005939658,0.014346989,17.841520870999997,12802.135726515337,445,0.18619246861924685,2.220446049250313e-14
pigeon-hole_hole7,satlib_dimacs_pigeonhole,test,closure_HSV,56,204,0,0,1,2371,34713,2161,2161,29,30.001245707971975,8011.152,16.56367541,1.087110296,0.007417493,0.016731545,17.674934743999994,12764.697595041293,387,0.16322226908477436,9.880984919163893e-15
pigeon-hole_hole7,satlib_dimacs_pigeonhole,test,closure_BSV,56,204,0,0,1,2331,35815,2157,2157,29,30.007248290930875,7999.56,16.302827175,1.030098296,0.006523297,0.014625545,17.354074313,12666.81250765545,357,0.15315315315315314,1.27675647831893e-14
pigeon-hole_hole7,satlib_dimacs_pigeonhole,test,closure_HBS,56,204,0,0,1,2325,33920,2121,2121,30,30.005569000029936,7954.18,16.955589375,1.058612787,0.007034042,0.015475936,18.036712140000002,12805.02300360599,273,0.11741935483870967,1.7208456881689926e-14
pigeon-hole_hole9,satlib_dimacs_pigeonhole,test,jeroslow_wang,90,415,0,0,1,2344,29754,2055,2055,38,30.022379916044883,7877.216,17.98995126,0.0,0.0,0.006555584,17.996506844000002,7877.216,0,0.0,0.0
pigeon-hole_hole9,satlib_dimacs_pigeonhole,test,vsids,90,415,0,0,1,2234,47619,1783,1783,24,30.00405829108786,7643.6759999999995,16.837758651,0.0,0.0,0.012797067,16.850555718000003,7643.6759999999995,0,0.0,0.0
pigeon-hole_hole9,satlib_dimacs_pigeonhole,test,score_with_R_Paper69,90,415,0,0,1,2063,35198,1816,1816,68,30.00109312508721,7575.692,14.747706663,0.0,0.0,0.023939109,14.771645772000001,7575.692,2063,1.0,0.0
pigeon-hole_hole9,satlib_dimacs_pigeonhole,test,static_gate_v17_Paper69,90,415,0,0,1,2414,39340,2020,2020,66,30.010401416919194,7901.5599999999995,15.161811414,0.0,0.0,0.033788591,15.195600005000001,7901.5599999999995,2414,1.0,0.0
pigeon-hole_hole9,satlib_dimacs_pigeonhole,test,state_v18_primary,90,415,0,0,1,2084,30064,1872,1872,45,30.007607667008415,7617.456,15.35730187,1.012662302,0.007606612,0.016240794,16.393811578,12026.452804867573,299,0.14347408829174665,2.986499936241671e-14
pigeon-hole_hole9,satlib_dimacs_pigeonhole,test,state_v18_gate_signal_shuffled,90,415,0,0,1,2118,31481,1927,1927,44,30.002204208052717,7688.3240000000005,15.699875377,1.041557773,0.007717512,0.016581901,16.765732562999997,12197.346258175134,303,0.14305949008498584,1.0658141036401503e-14
pigeon-hole_hole9,satlib_dimacs_pigeonhole,test,random_activation_matched_q,90,415,0,0,1,2054,29640,1879,1879,42,30.016416874947026,7613.76,15.811054125,0.998634437,0.007387982,0.023771593,16.840848137000002,12142.984047379923,543,0.2643622200584226,9.2148511043888e-15
pigeon-hole_hole9,satlib_dimacs_pigeonhole,test,state_Mode_A_always,90,415,0,0,1,2047,34885,1801,1801,68,30.01328666706104,7554.639999999999,14.133650667,1.052039572,0.007567144,0.027517348,15.220774730999999,11648.15704680109,2047,1.0,4.440892098500626e-15
pigeon-hole_hole9,satlib_dimacs_pigeonhole,test,state_gate_value_only_z_R,90,415,0,0,1,2036,31085,1880,1880,46,30.000070499954745,7615.14,15.458634276,0.997565011,0.007055521,0.013348181,16.476602989000003,12046.402954800596,70,0.0343811394891945,1.0103029524088925e-14
pigeon-hole_hole9,satlib_dimacs_pigeonhole,test,state_gate_response_only_0_5z_t,90,415,0,0,1,2156,30167,1933,1933,45,30.005572249996476,7700.468000000001,15.476711829,0.99493844,0.007027169,0.017537178,16.496214616,12137.005359741135,762,0.3534322820037106,3.574918139293004e-14
pigeon-hole_hole9,satlib_dimacs_pigeonhole,test,Paper68_hard_threshold_0_5,90,415,0,0,1,2107,31833,1927,1927,55,30.003250000067055,7686.432,15.974300874,0.980668363,0.006516286,0.016326113,16.977811636000002,12252.491387752194,795,0.37731371618414805,7.216449660063518e-15
pigeon-hole_hole9,satlib_dimacs_pigeonhole,test,closure_HBV,90,415,0,0,1,2177,31482,1955,1955,45,30.010490917018615,7734.028,15.552121516,1.045436961,0.0068607,0.01571835,16.620137527,12203.893528486351,411,0.18879191548001836,1.4654943925052066e-14
pigeon-hole_hole9,satlib_dimacs_pigeonhole,test,closure_HSV,90,415,0,0,1,2118,30251,1926,1926,45,30.002125791972503,7682.404,15.590097355,0.918036787,0.005495287,0.01282885,16.526458278999996,12127.075173705021,354,0.1671388101983003,5.995204332975845e-15
pigeon-hole_hole9,satlib_dimacs_pigeonhole,test,closure_BSV,90,415,0,0,1,2173,31857,1960,1960,46,30.021623000036925,7739.3279999999995,15.501665215,0.978310619,0.005291349,0.012694341,16.497961523999997,12176.335177986497,314,0.14450069028992177,1.4654943925052066e-14
pigeon-hole_hole9,satlib_dimacs_pigeonhole,test,closure_HBS,90,415,0,0,1,2057,29820,1889,1889,44,30.00964633305557,7625.38,15.416310034,0.968592426,0.006601231,0.015050825,16.406554516,12037.803925684431,275,0.13368983957219252,2.708944180085382e-14
flat30-60_flat30-1,satlib_graph_coloring_flat30,test,jeroslow_wang,90,300,1,1,0,19,71,0,0,19,0.011006540968082845,5.984,0.000571251,0.0,0.0,0.000100082,0.0006713330000000001,5.984,0,0.0,0.0
flat30-60_flat30-1,satlib_graph_coloring_flat30,test,vsids,90,300,1,1,0,5,85,0,0,5,0.0039276250172406435,1.84,0.000590128,0.0,0.0,2.1875e-05,0.000612003,1.84,0,0.0,0.0
flat30-60_flat30-1,satlib_graph_coloring_flat30,test,score_with_R_Paper69,90,300,1,1,0,16,91,1,1,15,0.01067441701889038,6.164,0.000801912,0.0,0.0,0.000145958,0.00094787,6.164,16,1.0,0.0
flat30-60_flat30-1,satlib_graph_coloring_flat30,test,static_gate_v17_Paper69,90,300,1,1,0,22,138,2,2,15,0.014547124970704317,9.152,0.001456544,0.0,0.0,0.000227794,0.0016843379999999999,9.152,22,1.0,0.0
flat30-60_flat30-1,satlib_graph_coloring_flat30,test,state_v18_primary,90,300,1,1,0,17,73,0,0,17,0.013628332992084324,5.3919999999999995,0.000570588,0.0035185,3.8626e-05,0.000122793,0.004250507000000001,6.535143050833669,2,0.11764705882352941,0.0
flat30-60_flat30-1,satlib_graph_coloring_flat30,test,state_v18_gate_signal_shuffled,90,300,1,1,0,17,73,0,0,17,0.01394441700540483,5.3919999999999995,0.000594871,0.003605371,3.7293e-05,0.000128167,0.004365702,6.566123911173573,2,0.11764705882352941,0.0
flat30-60_flat30-1,satlib_graph_coloring_flat30,test,random_activation_matched_q,90,300,1,1,0,17,73,0,0,17,0.01360979094170034,5.3919999999999995,0.000602959,0.003567499,3.7164e-05,0.000153288,0.00436091,6.564835137505021,2,0.11764705882352941,0.0
flat30-60_flat30-1,satlib_graph_coloring_flat30,test,state_Mode_A_always,90,300,1,1,0,16,91,1,1,15,0.016689709038473666,6.164,0.000802794,0.004429454,3.2499e-05,0.000149376,0.005414123,7.620089140379897,16,1.0,0.0
flat30-60_flat30-1,satlib_graph_coloring_flat30,test,state_gate_value_only_z_R,90,300,1,1,0,17,73,0,0,17,0.013285875087603927,5.3919999999999995,0.00055892,0.003453751,3.371e-05,0.000114707,0.004161088,6.511094458874522,1,0.058823529411764705,0.0
flat30-60_flat30-1,satlib_graph_coloring_flat30,test,state_gate_response_only_0_5z_t,90,300,1,1,0,17,73,0,0,17,0.013459292007610202,5.3919999999999995,0.000564508,0.003469792,3.4125e-05,0.0001245,0.004192925,6.519656789276376,6,0.35294117647058826,0.0
flat30-60_flat30-1,satlib_graph_coloring_flat30,test,Paper68_hard_threshold_0_5,90,300,1,1,0,17,73,0,0,17,0.013957208022475243,5.3919999999999995,0.000579048,0.003837958,3.6206e-05,0.00011971,0.004572922,6.621854228284862,2,0.11764705882352941,0.0
flat30-60_flat30-1,satlib_graph_coloring_flat30,test,closure_HBV,90,300,1,1,0,17,73,0,0,17,0.033598875044845045,5.3919999999999995,0.001417498,0.008645583,0.000520748,0.000296791,0.010880619999999999,8.318263888463619,2,0.11764705882352941,0.0
flat30-60_flat30-1,satlib_graph_coloring_flat30,test,closure_HSV,90,300,1,1,0,17,73,0,0,17,0.013350875000469387,5.3919999999999995,0.000562328,0.003508458,3.367e-05,0.000120997,0.0042254530000000005,6.528404959120001,2,0.11764705882352941,0.0
flat30-60_flat30-1,satlib_graph_coloring_flat30,test,closure_BSV,90,300,1,1,0,17,73,0,0,17,0.01404541707597673,5.3919999999999995,0.000589662,0.003703794,3.7375e-05,0.00012754,0.004458371,6.591046567077376,2,0.11764705882352941,0.0
flat30-60_flat30-1,satlib_graph_coloring_flat30,test,closure_HBS,90,300,1,1,0,17,73,0,0,17,0.01431970892008394,5.3919999999999995,0.000605501,0.003861499,3.7458e-05,0.000128337,0.004632795,6.6379566376874495,2,0.11764705882352941,0.0
flat30-60_flat30-11,satlib_graph_coloring_flat30,test,jeroslow_wang,90,300,1,1,0,25,218,5,5,17,0.01786045904736966,13.372,0.002125242,0.0,0.0,0.000137209,0.002262451,13.372,0,0.0,0.0
flat30-60_flat30-11,satlib_graph_coloring_flat30,test,vsids,90,300,1,1,0,12,91,1,1,11,0.007060749921947718,4.9639999999999995,0.000706745,0.0,0.0,4.9086e-05,0.000755831,4.9639999999999995,0,0.0,0.0
flat30-60_flat30-11,satlib_graph_coloring_flat30,test,score_with_R_Paper69,90,300,1,1,0,19,178,2,2,14,0.014637792017310858,8.412,0.001784946,0.0,0.0,0.000169709,0.001954655,8.412,19,1.0,0.0
flat30-60_flat30-11,satlib_graph_coloring_flat30,test,static_gate_v17_Paper69,90,300,1,1,0,26,158,3,3,16,0.02006324997637421,11.432,0.001853462,0.0,0.0,0.000530916,0.002384378,11.432,26,1.0,0.0
flat30-60_flat30-11,satlib_graph_coloring_flat30,test,state_v18_primary,90,300,1,1,0,20,148,2,2,14,0.02155929198488593,8.592,0.001553545,0.005339121,5.7752e-05,0.000174791,0.0071252089999999995,10.50827331847413,2,0.1,0.0
flat30-60_flat30-11,satlib_graph_coloring_flat30,test,state_v18_gate_signal_shuffled,90,300,1,1,0,20,148,2,2,14,0.021752291941083968,8.592,0.001606996,0.005705624,4.65e-05,0.000206707,0.007565827000000001,10.62677433606385,2,0.1,0.0
flat30-60_flat30-11,satlib_graph_coloring_flat30,test,random_activation_matched_q,90,300,1,1,0,18,220,4,4,14,0.021621832973323762,10.28,0.00229904,0.004980628,4.2751e-05,0.000185375,0.007507793999999999,12.299166781325313,3,0.16666666666666666,0.0
flat30-60_flat30-11,satlib_graph_coloring_flat30,test,state_Mode_A_always,90,300,1,1,0,19,178,2,2,14,0.02614974998869002,8.412,0.001930291,0.007048081,5.0584e-05,0.000234874,0.009263829999999999,10.903439936131024,19,1.0,0.0
flat30-60_flat30-11,satlib_graph_coloring_flat30,test,state_gate_value_only_z_R,90,300,1,1,0,20,148,2,2,14,0.021877916995435953,8.592,0.001635209,0.005589669,4.3835e-05,0.000192415,0.007461128,10.59861629885106,1,0.05,0.0
flat30-60_flat30-11,satlib_graph_coloring_flat30,test,state_gate_response_only_0_5z_t,90,300,1,1,0,20,106,1,1,16,0.020656334003433585,7.424,0.001129292,0.005165251,7.4876e-05,0.000214249,0.006583667999999999,9.194629791503932,5,0.25,0.0
flat30-60_flat30-11,satlib_graph_coloring_flat30,test,Paper68_hard_threshold_0_5,90,300,1,1,0,19,107,1,1,15,0.021252500009723008,7.128,0.001197291,0.006113457,4.8748e-05,0.000167625,0.007527121000000001,9.152364637897122,3,0.15789473684210525,0.0
flat30-60_flat30-11,satlib_graph_coloring_flat30,test,closure_HBV,90,300,1,1,0,20,148,2,2,14,0.022043915931135416,8.592,0.00191188,0.005274544,4.6875e-05,0.000180836,0.0074141350000000005,10.585977872096832,3,0.15,0.0
flat30-60_flat30-11,satlib_graph_coloring_flat30,test,closure_HSV,90,300,1,1,0,20,148,2,2,14,0.02057187503669411,8.592,0.001500122,0.005207542,4.279e-05,0.000176666,0.00692712,10.454998717633197,2,0.1,0.0
flat30-60_flat30-11,satlib_graph_coloring_flat30,test,closure_BSV,90,300,1,1,0,20,148,2,2,14,0.022204582928679883,8.592,0.001961743,0.005432752,4.646e-05,0.000185876,0.007626831,10.643180919719178,2,0.1,0.0
flat30-60_flat30-11,satlib_graph_coloring_flat30,test,closure_HBS,90,300,1,1,0,20,148,2,2,14,0.022068875026889145,8.592,0.002078913,0.005507248,4.6541e-05,0.000205831,0.007838533,10.700116638245836,2,0.1,0.0
flat30-60_flat30-12,satlib_graph_coloring_flat30,test,jeroslow_wang,90,300,1,1,0,18,72,0,0,18,0.011870957911014557,5.688,0.000585752,0.0,0.0,0.00010979,0.0006955420000000001,5.688,0,0.0,0.0
flat30-60_flat30-12,satlib_graph_coloring_flat30,test,vsids,90,300,1,1,0,6,84,0,0,6,0.0044133750488981605,2.1359999999999997,0.000519325,0.0,0.0,2.8e-05,0.000547325,2.1359999999999997,0,0.0,0.0
flat30-60_flat30-12,satlib_graph_coloring_flat30,test,score_with_R_Paper69,90,300,1,1,0,18,72,0,0,18,0.012662083026953042,5.688,0.000722079,0.0,0.0,0.000190289,0.000912368,5.688,18,1.0,0.0
flat30-60_flat30-12,satlib_graph_coloring_flat30,test,static_gate_v17_Paper69,90,300,1,1,0,23,181,2,2,18,0.018090250086970627,9.623999999999999,0.002321789,0.0,0.0,0.000293373,0.002615162,9.623999999999999,23,1.0,0.0
flat30-60_flat30-12,satlib_graph_coloring_flat30,test,state_v18_primary,90,300,1,1,0,14,76,0,0,14,0.013713957974687219,4.5040000000000004,0.000634868,0.003458418,3.6084e-05,0.000140916,0.004270285999999999,5.652462469529472,2,0.14285714285714285,0.0
flat30-60_flat30-12,satlib_graph_coloring_flat30,test,state_v18_gate_signal_shuffled,90,300,1,1,0,14,76,0,0,14,0.013061625068075955,4.5040000000000004,0.000592248,0.003384666,3.1709e-05,0.000111039,0.0041196620000000005,5.611953236421805,1,0.07142857142857142,0.0
flat30-60_flat30-12,satlib_graph_coloring_flat30,test,random_activation_matched_q,90,300,1,1,0,15,75,0,0,15,0.014041999937035143,4.8,0.00058583,0.003569917,3.3955e-05,0.00014421,0.004333912,5.965574221081073,2,0.13333333333333333,0.0
flat30-60_flat30-12,satlib_graph_coloring_flat30,test,state_Mode_A_always,90,300,1,1,0,18,72,0,0,18,0.022155208978801966,5.688,0.000702746,0.006859624,5.4539e-05,0.000219501,0.00783641,7.795545672782911,18,1.0,0.0
flat30-60_flat30-12,satlib_graph_coloring_flat30,test,state_gate_value_only_z_R,90,300,1,1,0,14,76,0,0,14,0.015201292000710964,4.5040000000000004,0.000749493,0.003441292,3.6333e-05,0.000126001,0.004353119,5.674739804522616,1,0.07142857142857142,0.0
flat30-60_flat30-12,satlib_graph_coloring_flat30,test,state_gate_response_only_0_5z_t,90,300,1,1,0,11,79,0,0,11,0.012424875050783157,3.6159999999999997,0.000648085,0.003025498,2.4916e-05,0.000152001,0.0038505,4.651564067353622,2,0.18181818181818182,0.0
flat30-60_flat30-12,satlib_graph_coloring_flat30,test,Paper68_hard_threshold_0_5,90,300,1,1,0,14,76,0,0,14,0.013674583984538913,4.5040000000000004,0.000737285,0.003538084,3.2501e-05,0.00010871,0.00441658,5.6918071805201045,2,0.14285714285714285,0.0
flat30-60_flat30-12,satlib_graph_coloring_flat30,test,closure_HBV,90,300,1,1,0,14,76,0,0,14,0.014073000056669116,4.5040000000000004,0.000629423,0.003697874,3.221e-05,0.000132584,0.004492091,5.7121153166816265,3,0.21428571428571427,0.0
flat30-60_flat30-12,satlib_graph_coloring_flat30,test,closure_HSV,90,300,1,1,0,14,76,0,0,14,0.018557458999566734,4.5040000000000004,0.001177873,0.00509971,4.9876e-05,0.000247918,0.006575377,6.272399987145426,2,0.14285714285714285,0.0
flat30-60_flat30-12,satlib_graph_coloring_flat30,test,closure_BSV,90,300,1,1,0,14,76,0,0,14,0.018268125015310943,4.5040000000000004,0.001089289,0.004953999,4.5333e-05,0.000572666,0.006661287,6.295504858987096,2,0.14285714285714285,0.0
flat30-60_flat30-12,satlib_graph_coloring_flat30,test,closure_HBS,90,300,1,1,0,14,76,0,0,14,0.025538417045027018,4.5040000000000004,0.000966289,0.005997915,0.000106585,0.000211376,0.007282165,6.46248549708874,2,0.14285714285714285,0.0
flat30-60_flat30-13,satlib_graph_coloring_flat30,test,jeroslow_wang,90,300,1,1,0,18,95,1,1,16,0.017458584043197334,6.779999999999999,0.001067963,0.0,0.0,0.000179628,0.001247591,6.779999999999999,0,0.0,0.0
flat30-60_flat30-13,satlib_graph_coloring_flat30,test,vsids,90,300,1,1,0,7,83,0,0,7,0.011476999963633716,2.432,0.004196837,0.0,0.0,8.5333e-05,0.00428217,2.432,0,0.0,0.0
flat30-60_flat30-13,satlib_graph_coloring_flat30,test,score_with_R_Paper69,90,300,1,1,0,22,234,4,4,16,0.021109624998643994,11.536,0.002914712,0.0,0.0,0.000316917,0.0032316289999999998,11.536,22,1.0,0.0
flat30-60_flat30-13,satlib_graph_coloring_flat30,test,static_gate_v17_Paper69,90,300,1,1,0,19,154,2,2,16,0.015575291938148439,8.316,0.00173179,0.0,0.0,0.000215163,0.001946953,8.316,19,1.0,0.0
flat30-60_flat30-13,satlib_graph_coloring_flat30,test,state_v18_primary,90,300,1,1,0,15,92,1,1,14,0.02594958303961903,5.868,0.001148544,0.00734875,0.000101918,0.000210957,0.008810169,8.237431098224334,2,0.13333333333333333,0.0
flat30-60_flat30-13,satlib_graph_coloring_flat30,test,state_v18_gate_signal_shuffled,90,300,1,1,0,15,92,1,1,14,0.019497000030241907,5.868,0.001123162,0.005020041,4.6208e-05,0.000196417,0.006385828,7.585422157408297,2,0.13333333333333333,0.0
flat30-60_flat30-13,satlib_graph_coloring_flat30,test,random_activation_matched_q,90,300,1,1,0,10,80,0,0,10,0.012677666964009404,3.32,0.00059829,0.003510999,2.3459e-05,0.000127124,0.0042598720000000005,4.465661699708041,3,0.3,0.0
flat30-60_flat30-13,satlib_graph_coloring_flat30,test,state_Mode_A_always,90,300,1,1,0,22,234,4,4,16,0.03475716698449105,11.536,0.002806674,0.010221539,5.7584e-05,0.000316083,0.01340188,15.140338491880318,22,1.0,0.0
flat30-60_flat30-13,satlib_graph_coloring_flat30,test,state_gate_value_only_z_R,90,300,1,1,0,15,92,1,1,14,0.01590662496164441,5.868,0.000904999,0.003956998,3.6291e-05,0.000159293,0.005057580999999999,7.228199753624309,1,0.06666666666666667,0.0
flat30-60_flat30-13,satlib_graph_coloring_flat30,test,state_gate_response_only_0_5z_t,90,300,1,1,0,15,94,1,1,14,0.01513958303257823,5.876,0.000873581,0.003860293,3.4879e-05,0.000154247,0.004922999999999999,7.200005169090218,4,0.26666666666666666,0.0
flat30-60_flat30-13,satlib_graph_coloring_flat30,test,Paper68_hard_threshold_0_5,90,300,1,1,0,15,92,1,1,14,0.014707916066981852,5.868,0.000767664,0.003874251,3.3459e-05,0.000123502,0.004798876,7.158622918915903,2,0.13333333333333333,0.0
flat30-60_flat30-13,satlib_graph_coloring_flat30,test,closure_HBV,90,300,1,1,0,15,92,1,1,14,0.01472420897334814,5.868,0.000815802,0.003747459,3.2082e-05,0.000144877,0.00474022,7.142847812842745,3,0.2,0.0
flat30-60_flat30-13,satlib_graph_coloring_flat30,test,closure_HSV,90,300,1,1,0,15,92,1,1,14,0.01531341695226729,5.868,0.000784461,0.003676,3.4e-05,0.00013925,0.0046337109999999996,7.114202989248467,2,0.13333333333333333,0.0
flat30-60_flat30-13,satlib_graph_coloring_flat30,test,closure_BSV,90,300,1,1,0,15,92,1,1,14,0.015580875100567937,5.868,0.00088134,0.003886459,3.6664e-05,0.000157665,0.004962128,7.202528361098376,2,0.13333333333333333,0.0
flat30-60_flat30-13,satlib_graph_coloring_flat30,test,closure_HBS,90,300,1,1,0,15,92,1,1,14,0.015079916920512915,5.868,0.000978129,0.003675456,3.4999e-05,0.00016329,0.004851874,7.172876346897102,2,0.13333333333333333,0.0
flat30-60_flat30-14,satlib_graph_coloring_flat30,test,jeroslow_wang,90,300,1,1,0,16,74,0,0,16,0.011404458084143698,5.096,0.000646706,0.0,0.0,9.6212e-05,0.0007429180000000001,5.096,0,0.0,0.0
flat30-60_flat30-14,satlib_graph_coloring_flat30,test,vsids,90,300,1,1,0,10,89,1,1,9,0.006978083052672446,4.356,0.000691006,0.0,0.0,4.0414e-05,0.00073142,4.356,0,0.0,0.0
flat30-60_flat30-14,satlib_graph_coloring_flat30,test,score_with_R_Paper69,90,300,1,1,0,19,71,0,0,19,0.01170283299870789,5.984,0.000663582,0.0,0.0,0.000173791,0.000837373,5.984,19,1.0,0.0
flat30-60_flat30-14,satlib_graph_coloring_flat30,test,static_gate_v17_Paper69,90,300,1,1,0,20,131,2,2,14,0.016688959090970457,8.524000000000001,0.001571832,0.0,0.0,0.000274751,0.001846583,8.524000000000001,20,1.0,0.0
flat30-60_flat30-14,satlib_graph_coloring_flat30,test,state_v18_primary,90,300,1,1,0,13,77,0,0,13,0.013861333020031452,4.208,0.00066704,0.003692916,0.000116666,0.000116251,0.004592873,5.443219905134043,2,0.15384615384615385,0.0
flat30-60_flat30-14,satlib_graph_coloring_flat30,test,state_v18_gate_signal_shuffled,90,300,1,1,0,13,77,0,0,13,0.012173583032563329,4.208,0.000590456,0.003168416,2.804e-05,0.00010646,0.003893372,5.255094181026025,2,0.15384615384615385,0.0
flat30-60_flat30-14,satlib_graph_coloring_flat30,test,random_activation_matched_q,90,300,1,1,0,14,76,0,0,14,0.01338304195087403,4.5040000000000004,0.00060296,0.003402747,3.1915e-05,0.000145625,0.004183247,5.629053961320566,3,0.21428571428571427,0.0
flat30-60_flat30-14,satlib_graph_coloring_flat30,test,state_Mode_A_always,90,300,1,1,0,19,71,0,0,19,0.01906508393585682,5.984,0.000606795,0.005124003,4.8164e-05,0.000192419,0.005971381,7.5899596405864544,19,1.0,0.0
flat30-60_flat30-14,satlib_graph_coloring_flat30,test,state_gate_value_only_z_R,90,300,1,1,0,13,77,0,0,13,0.01339112501591444,4.208,0.000719873,0.003434791,3.3124e-05,0.000107542,0.00429533,5.3631978718156175,1,0.07692307692307693,0.0
flat30-60_flat30-14,satlib_graph_coloring_flat30,test,state_gate_response_only_0_5z_t,90,300,1,1,0,13,77,0,0,13,0.012498083990067244,4.208,0.00061029,0.00307375,3.0585e-05,0.000119582,0.003834207,5.239182183091996,4,0.3076923076923077,0.0
flat30-60_flat30-14,satlib_graph_coloring_flat30,test,Paper68_hard_threshold_0_5,90,300,1,1,0,13,77,0,0,13,0.01273900002706796,4.208,0.000684174,0.003041625,2.9709e-05,0.000125499,0.003881007,5.251768703895047,3,0.23076923076923078,0.0
flat30-60_flat30-14,satlib_graph_coloring_flat30,test,closure_HBV,90,300,1,1,0,13,77,0,0,13,0.012366833980195224,4.208,0.000592044,0.003119916,2.7499e-05,0.000109667,0.0038491259999999996,5.243194540012097,3,0.23076923076923078,0.0
flat30-60_flat30-14,satlib_graph_coloring_flat30,test,closure_HSV,90,300,1,1,0,13,77,0,0,13,0.012140334001742303,4.208,0.000632493,0.002965918,2.8583e-05,0.000142417,0.0037694110000000003,5.221755768520318,2,0.15384615384615385,0.0
flat30-60_flat30-14,satlib_graph_coloring_flat30,test,closure_BSV,90,300,1,1,0,13,77,0,0,13,0.013609374989755452,4.208,0.00060925,0.003810665,3.7917e-05,0.000110082,0.004567914,5.4365073629818355,2,0.15384615384615385,0.0
flat30-60_flat30-14,satlib_graph_coloring_flat30,test,closure_HBS,90,300,1,1,0,13,77,0,0,13,0.033982292050495744,4.208,0.001823049,0.008042918,0.000105957,0.000910373,0.010882297,7.134714905459064,2,0.15384615384615385,0.0
flat30-60_flat30-15,satlib_graph_coloring_flat30,test,jeroslow_wang,90,300,1,1,0,18,72,0,0,18,0.016925540985539556,5.688,0.000768882,0.0,0.0,0.000173582,0.0009424640000000001,5.688,0,0.0,0.0
flat30-60_flat30-15,satlib_graph_coloring_flat30,test,vsids,90,300,1,1,0,9,143,2,2,6,0.008188791922293603,5.271999999999999,0.00129346,0.0,0.0,4.4792e-05,0.001338252,5.271999999999999,0,0.0,0.0
flat30-60_flat30-15,satlib_graph_coloring_flat30,test,score_with_R_Paper69,90,300,1,1,0,20,128,2,2,12,0.017527249990962446,8.512,0.001744075,0.0,0.0,0.000250499,0.0019945740000000003,8.512,20,1.0,0.0
flat30-60_flat30-15,satlib_graph_coloring_flat30,test,static_gate_v17_Paper69,90,300,1,1,0,17,97,1,1,16,0.012699708109721541,6.4879999999999995,0.000917539,0.0,0.0,0.000239129,0.001156668,6.4879999999999995,17,1.0,0.0
flat30-60_flat30-15,satlib_graph_coloring_flat30,test,state_v18_primary,90,300,1,1,0,12,78,0,0,12,0.01160700002219528,3.9119999999999995,0.000584751,0.002893873,2.975e-05,9.2916e-05,0.00360129,4.880540844077373,2,0.16666666666666666,0.0
flat30-60_flat30-15,satlib_graph_coloring_flat30,test,state_v18_gate_signal_shuffled,90,300,1,1,0,12,78,0,0,12,0.011485041002742946,3.9119999999999995,0.000627877,0.002855293,2.6667e-05,8.8043e-05,0.00359788,4.879623749292365,0,0.0,0.0
flat30-60_flat30-15,satlib_graph_coloring_flat30,test,random_activation_matched_q,90,300,1,1,0,13,77,0,0,13,0.011704665957950056,4.208,0.000566962,0.002830417,2.7793e-05,0.000127915,0.003553087,5.163576996592983,5,0.38461538461538464,0.0
flat30-60_flat30-15,satlib_graph_coloring_flat30,test,state_Mode_A_always,90,300,1,1,0,20,128,2,2,12,0.025304874987341464,8.512,0.001846504,0.007002917,5.2251e-05,0.000274708,0.00917638,10.979920892450963,20,1.0,0.0
flat30-60_flat30-15,satlib_graph_coloring_flat30,test,state_gate_value_only_z_R,90,300,1,1,0,12,78,0,0,12,0.011501208995468915,3.9119999999999995,0.000588124,0.002616708,2.6418e-05,9.5876e-05,0.003327126,4.806806423362676,1,0.08333333333333333,0.0
flat30-60_flat30-15,satlib_graph_coloring_flat30,test,state_gate_response_only_0_5z_t,90,300,1,1,0,12,78,0,0,12,0.01175874995533377,3.9119999999999995,0.000688248,0.002984249,4.4709e-05,0.000100583,0.0038177890000000003,4.938766680986344,4,0.3333333333333333,0.0
flat30-60_flat30-15,satlib_graph_coloring_flat30,test,Paper68_hard_threshold_0_5,90,300,1,1,0,12,78,0,0,12,0.011359042022377253,3.9119999999999995,0.000692419,0.002772209,2.5249e-05,9.3916e-05,0.003583793,4.875835152742096,2,0.16666666666666666,0.0
flat30-60_flat30-15,satlib_graph_coloring_flat30,test,closure_HBV,90,300,1,1,0,12,78,0,0,12,0.011224917019717395,3.9119999999999995,0.000562331,0.002733253,2.571e-05,9.5999e-05,0.003417293,4.83105618450047,3,0.25,0.0
flat30-60_flat30-15,satlib_graph_coloring_flat30,test,closure_HSV,90,300,1,1,0,12,78,0,0,12,0.01224754098802805,3.9119999999999995,0.000867707,0.002926288,2.8044e-05,9.9248e-05,0.003921287,4.966601717953742,2,0.16666666666666666,0.0
flat30-60_flat30-15,satlib_graph_coloring_flat30,test,closure_BSV,90,300,1,1,0,12,78,0,0,12,0.012055707979016006,3.9119999999999995,0.000597954,0.003123581,2.7583e-05,0.000101791,0.0038509089999999996,4.947674064939273,2,0.16666666666666666,0.0
flat30-60_flat30-15,satlib_graph_coloring_flat30,test,closure_HBS,90,300,1,1,0,12,78,0,0,12,0.012140457984060049,3.9119999999999995,0.000679748,0.002851083,2.8833e-05,0.000106542,0.0036662059999999995,4.897999531779315,2,0.16666666666666666,0.0
flat30-60_flat30-16,satlib_graph_coloring_flat30,test,jeroslow_wang,90,300,1,1,0,25,65,0,0,25,0.01413212507031858,7.76,0.000664878,0.0,0.0,0.000174455,0.000839333,7.76,0,0.0,0.0
flat30-60_flat30-16,satlib_graph_coloring_flat30,test,vsids,90,300,1,1,0,7,96,1,1,6,0.005865833023563027,3.484,0.000775326,0.0,0.0,3.1583e-05,0.000806909,3.484,0,0.0,0.0
flat30-60_flat30-16,satlib_graph_coloring_flat30,test,score_with_R_Paper69,90,300,1,1,0,18,72,0,0,18,0.010959458071738482,5.688,0.000584043,0.0,0.0,0.000193788,0.000777831,5.688,18,1.0,0.0
flat30-60_flat30-16,satlib_graph_coloring_flat30,test,static_gate_v17_Paper69,90,300,1,1,0,16,111,2,2,13,0.013906333013437688,7.244,0.001225413,0.0,0.0,0.000293335,0.001518748,7.244,16,1.0,0.0
flat30-60_flat30-16,satlib_graph_coloring_flat30,test,state_v18_primary,90,300,1,1,0,14,93,1,1,13,0.015570958028547466,5.572,0.000902381,0.00384154,4.5956e-05,0.000124332,0.004914208999999999,6.89364089335561,2,0.14285714285714285,0.0
flat30-60_flat30-16,satlib_graph_coloring_flat30,test,state_v18_gate_signal_shuffled,90,300,1,1,0,14,93,1,1,13,0.013808459043502808,5.572,0.00097246,0.003134666,3.4918e-05,0.00020596,0.004348004,6.7413641623451035,2,0.14285714285714285,0.0
flat30-60_flat30-16,satlib_graph_coloring_flat30,test,random_activation_matched_q,90,300,1,1,0,14,93,1,1,13,0.01613016694318503,5.572,0.000850538,0.003780792,4.8501e-05,0.000210918,0.004890749,6.887331496388953,3,0.21428571428571427,0.0
flat30-60_flat30-16,satlib_graph_coloring_flat30,test,state_Mode_A_always,90,300,1,1,0,18,72,0,0,18,0.05110275000333786,5.688,0.002701794,0.013628583,0.00010325,0.000591457,0.017025084,10.266772947429445,18,1.0,0.0
flat30-60_flat30-16,satlib_graph_coloring_flat30,test,state_gate_value_only_z_R,90,300,1,1,0,14,93,1,1,13,0.014739125035703182,5.572,0.000853125,0.003433041,4.296e-05,0.000118126,0.004447252,6.768056192615642,1,0.07142857142857142,0.0
flat30-60_flat30-16,satlib_graph_coloring_flat30,test,state_gate_response_only_0_5z_t,90,300,1,1,0,14,93,1,1,13,0.013898625038564205,5.572,0.000806704,0.003271084,4.0751e-05,0.000120833,0.004239372,6.712148373287901,4,0.2857142857142857,0.0
flat30-60_flat30-16,satlib_graph_coloring_flat30,test,Paper68_hard_threshold_0_5,90,300,1,1,0,14,93,1,1,13,0.012817707960493863,5.572,0.000846203,0.002921375,3.1915e-05,0.000102585,0.003902078,6.621435596626695,3,0.21428571428571427,0.0
flat30-60_flat30-16,satlib_graph_coloring_flat30,test,closure_HBV,90,300,1,1,0,14,93,1,1,13,0.013756333966739476,5.572,0.000889997,0.003124334,3.1333e-05,0.000117375,0.0041630389999999995,6.6916191661840685,3,0.21428571428571427,0.0
flat30-60_flat30-16,satlib_graph_coloring_flat30,test,closure_HSV,90,300,1,1,0,14,93,1,1,13,0.013855458004400134,5.572,0.000870253,0.003360124,3.35e-05,0.000115083,0.0043789599999999995,6.749689554182266,2,0.14285714285714285,0.0
flat30-60_flat30-16,satlib_graph_coloring_flat30,test,closure_BSV,90,300,1,1,0,14,93,1,1,13,0.01366050005890429,5.572,0.000911455,0.003140248,4.7084e-05,0.000127625,0.004226412000000001,6.708662875219363,2,0.14285714285714285,0.0
flat30-60_flat30-16,satlib_graph_coloring_flat30,test,closure_HBS,90,300,1,1,0,14,93,1,1,13,0.012587000033818185,5.572,0.000784336,0.003091123,3.0499e-05,0.000102792,0.00400875,6.650124257889582,2,0.14285714285714285,0.0
flat30-60_flat30-18,satlib_graph_coloring_flat30,test,jeroslow_wang,90,300,1,1,0,29,108,2,2,22,0.019995042006485164,11.132,0.001244497,0.0,0.0,0.000246334,0.001490831,11.132,0,0.0,0.0
flat30-60_flat30-18,satlib_graph_coloring_flat30,test,vsids,90,300,1,1,0,13,132,3,3,10,0.011026000021956861,7.428000000000001,0.001426709,0.0,0.0,6.7831e-05,0.00149454,7.428000000000001,0,0.0,0.0
flat30-60_flat30-18,satlib_graph_coloring_flat30,test,score_with_R_Paper69,90,300,1,1,0,36,543,14,14,15,0.03976316703483462,26.971999999999998,0.007734451,0.0,0.0,0.000769873,0.008504324,26.971999999999998,36,1.0,0.0
flat30-60_flat30-18,satlib_graph_coloring_flat30,test,static_gate_v17_Paper69,90,300,1,1,0,22,110,1,1,16,0.016373332939110696,8.04,0.001185885,0.0,0.0,0.000262123,0.001448008,8.04,22,1.0,0.0
flat30-60_flat30-18,satlib_graph_coloring_flat30,test,state_v18_primary,90,300,1,1,0,17,118,3,3,12,0.01843329204712063,8.572,0.001211751,0.004748292,4.2415e-05,0.000152126,0.006154583999999999,10.227230759618108,2,0.11764705882352941,0.0
flat30-60_flat30-18,satlib_graph_coloring_flat30,test,state_v18_gate_signal_shuffled,90,300,1,1,0,17,118,3,3,12,0.019365624990314245,8.572,0.001316161,0.00470471,5.8374e-05,0.000170459,0.006249704,10.252812594207558,2,0.11764705882352941,0.0
flat30-60_flat30-18,satlib_graph_coloring_flat30,test,random_activation_matched_q,90,300,1,1,0,16,87,1,1,14,0.015561957960017025,6.148,0.00092863,0.003972915,3.5959e-05,0.000182584,0.005120088,7.525010558236196,3,0.1875,0.0
flat30-60_flat30-18,satlib_graph_coloring_flat30,test,state_Mode_A_always,90,300,1,1,0,36,543,14,14,15,0.05544670799281448,26.971999999999998,0.007391933,0.013101668,9.0996e-05,0.00052779,0.021112387,32.650023465332744,36,1.0,0.0
flat30-60_flat30-18,satlib_graph_coloring_flat30,test,state_gate_value_only_z_R,90,300,1,1,0,17,118,3,3,12,0.017160208080895245,8.572,0.001186748,0.004283292,3.5918e-05,0.000190957,0.005696915000000001,10.104143999160591,2,0.11764705882352941,0.0
flat30-60_flat30-18,satlib_graph_coloring_flat30,test,state_gate_response_only_0_5z_t,90,300,1,1,0,17,118,3,3,12,0.017077332944609225,8.572,0.001218084,0.00432146,3.6461e-05,0.000155918,0.005731923,10.113559147029678,3,0.17647058823529413,0.0
flat30-60_flat30-18,satlib_graph_coloring_flat30,test,Paper68_hard_threshold_0_5,90,300,1,1,0,17,118,3,3,12,0.0173456670017913,8.572,0.001176995,0.004408665,3.5211e-05,0.000178166,0.005799037,10.13160897090096,4,0.23529411764705882,0.0
flat30-60_flat30-18,satlib_graph_coloring_flat30,test,closure_HBV,90,300,1,1,0,17,118,3,3,12,0.01779491698835045,8.572,0.001390958,0.004384874,4.4376e-05,0.000153915,0.0059741230000000005,10.178697081612992,3,0.17647058823529413,0.0
flat30-60_flat30-18,satlib_graph_coloring_flat30,test,closure_HSV,90,300,1,1,0,17,118,3,3,12,0.017974624992348254,8.572,0.001252254,0.004495626,3.9291e-05,0.000148124,0.005935295000000001,10.168254572430493,2,0.11764705882352941,0.0
flat30-60_flat30-18,satlib_graph_coloring_flat30,test,closure_BSV,90,300,1,1,0,17,118,3,3,12,0.017413249937817454,8.572,0.001198124,0.004528209,3.571e-05,0.000188166,0.005950209000000001,10.172265584636833,2,0.11764705882352941,0.0
flat30-60_flat30-18,satlib_graph_coloring_flat30,test,closure_HBS,90,300,1,1,0,17,118,3,3,12,0.017229874967597425,8.572,0.001150118,0.004347166,3.7581e-05,0.000153167,0.005688032000000001,10.101754980692782,3,0.17647058823529413,0.0
flat30-60_flat30-19,satlib_graph_coloring_flat30,test,jeroslow_wang,90,300,1,1,0,23,278,5,5,16,0.021206500008702278,13.011999999999999,0.003896123,0.0,0.0,0.000137458,0.004033581,13.011999999999999,0,0.0,0.0
flat30-60_flat30-19,satlib_graph_coloring_flat30,test,vsids,90,300,1,1,0,18,234,6,6,8,0.015758875058963895,12.335999999999999,0.00282362,0.0,0.0,8.5667e-05,0.0029092870000000004,12.335999999999999,0,0.0,0.0
flat30-60_flat30-19,satlib_graph_coloring_flat30,test,score_with_R_Paper69,90,300,1,1,0,15,124,2,2,13,0.012114000041037798,6.996,0.001309119,0.0,0.0,0.000149916,0.001459035,6.996,15,1.0,0.0
flat30-60_flat30-19,satlib_graph_coloring_flat30,test,static_gate_v17_Paper69,90,300,1,1,0,15,75,0,0,15,0.009967999998480082,4.8,0.000617954,0.0,0.0,0.00017,0.000787954,4.8,15,1.0,0.0
flat30-60_flat30-19,satlib_graph_coloring_flat30,test,state_v18_primary,90,300,1,1,0,13,179,3,3,9,0.017771667102351785,7.6160000000000005,0.002246505,0.00386492,3.7751e-05,0.000126207,0.006275383,9.303718775141352,2,0.15384615384615385,0.0
flat30-60_flat30-19,satlib_graph_coloring_flat30,test,state_v18_gate_signal_shuffled,90,300,1,1,0,13,179,3,3,9,0.017780708032660186,7.6160000000000005,0.002304711,0.003588209,4.0541e-05,0.000115874,0.006049335,9.242924803891606,0,0.0,0.0
flat30-60_flat30-19,satlib_graph_coloring_flat30,test,random_activation_matched_q,90,300,1,1,0,12,141,2,2,9,0.014669917058199644,6.164,0.001558247,0.003093331,3.0831e-05,0.000139334,0.004821743,7.460772832830504,3,0.25,0.0
flat30-60_flat30-19,satlib_graph_coloring_flat30,test,state_Mode_A_always,90,300,1,1,0,15,124,2,2,13,0.019497124943882227,6.996,0.001310621,0.004960373,5.7292e-05,0.00021325,0.006541536,8.75529869546816,15,1.0,0.0
flat30-60_flat30-19,satlib_graph_coloring_flat30,test,state_gate_value_only_z_R,90,300,1,1,0,13,179,3,3,9,0.017622583080083132,7.6160000000000005,0.00238641,0.00394525,3.4082e-05,0.000134668,0.00650041,9.364238155841102,1,0.07692307692307693,0.0
flat30-60_flat30-19,satlib_graph_coloring_flat30,test,state_gate_response_only_0_5z_t,90,300,1,1,0,13,179,3,3,10,0.017921249964274466,7.6160000000000005,0.002173124,0.003591083,4.2334e-05,0.000133043,0.005939584,9.21340806789469,5,0.38461538461538464,0.0
flat30-60_flat30-19,satlib_graph_coloring_flat30,test,Paper68_hard_threshold_0_5,90,300,1,1,0,13,179,3,3,9,0.01651966606732458,7.6160000000000005,0.001899131,0.003576666,3.3041e-05,0.000156167,0.005665005,9.139562035937828,2,0.15384615384615385,0.0
flat30-60_flat30-19,satlib_graph_coloring_flat30,test,closure_HBV,90,300,1,1,0,13,179,3,3,9,0.016042084083892405,7.6160000000000005,0.001995253,0.00329096,2.9291e-05,0.000113997,0.005429501,9.07622494202326,2,0.15384615384615385,0.0
flat30-60_flat30-19,satlib_graph_coloring_flat30,test,closure_HSV,90,300,1,1,0,13,179,3,3,9,0.016422957996837795,7.6160000000000005,0.002035339,0.003372458,3.1205e-05,0.00012025,0.005559252000000001,9.111120533064216,2,0.15384615384615385,0.0
flat30-60_flat30-19,satlib_graph_coloring_flat30,test,closure_BSV,90,300,1,1,0,13,179,3,3,9,0.017817625077441335,7.6160000000000005,0.002181922,0.004601168,3.5709e-05,0.000121331,0.00694013,9.482497662839345,2,0.15384615384615385,0.0
flat30-60_flat30-19,satlib_graph_coloring_flat30,test,closure_HBS,90,300,1,1,0,13,179,3,3,9,0.015588999958708882,7.6160000000000005,0.002005957,0.003179957,2.9374e-05,0.000111456,0.0053267440000000004,9.048589191635244,2,0.15384615384615385,0.0
flat30-60_flat30-2,satlib_graph_coloring_flat30,test,jeroslow_wang,90,300,1,1,0,35,214,6,6,20,0.02393804199527949,17.356,0.00287858,0.0,0.0,0.000194002,0.003072582,17.356,0,0.0,0.0
flat30-60_flat30-2,satlib_graph_coloring_flat30,test,vsids,90,300,1,1,0,15,194,4,4,9,0.014368291012942791,9.276,0.002704828,0.0,0.0,7.2582e-05,0.0027774099999999997,9.276,0,0.0,0.0
flat30-60_flat30-2,satlib_graph_coloring_flat30,test,score_with_R_Paper69,90,300,1,1,0,22,68,0,0,22,0.015414249966852367,6.872,0.000632166,0.0,0.0,0.000245292,0.000877458,6.872,22,1.0,0.0
flat30-60_flat30-2,satlib_graph_coloring_flat30,test,static_gate_v17_Paper69,90,300,1,1,0,16,74,0,0,16,0.010233749984763563,5.096,0.000583622,0.0,0.0,0.00017171,0.000755332,5.096,16,1.0,0.0
flat30-60_flat30-2,satlib_graph_coloring_flat30,test,state_v18_primary,90,300,1,1,0,17,73,0,0,17,0.013947125058621168,5.3919999999999995,0.000596455,0.003751623,3.9206e-05,0.000118206,0.00450549,6.60371888061838,2,0.11764705882352941,0.0
flat30-60_flat30-2,satlib_graph_coloring_flat30,test,state_v18_gate_signal_shuffled,90,300,1,1,0,17,73,0,0,17,0.013696832931600511,5.3919999999999995,0.000578916,0.003710253,3.5414e-05,0.000114125,0.0044387079999999995,6.585758345740828,0,0.0,0.0
flat30-60_flat30-2,satlib_graph_coloring_flat30,test,random_activation_matched_q,90,300,1,1,0,14,76,0,0,14,0.012988290982320905,4.5040000000000004,0.000725672,0.003104292,3.1126e-05,0.000136498,0.003997588,5.579122318889504,3,0.21428571428571427,0.0
flat30-60_flat30-2,satlib_graph_coloring_flat30,test,state_Mode_A_always,90,300,1,1,0,22,68,0,0,22,0.022674040985293686,6.872,0.000592585,0.006480627,4.9044e-05,0.000221709,0.007343964999999999,8.84710615917482,22,1.0,0.0
flat30-60_flat30-2,satlib_graph_coloring_flat30,test,state_gate_value_only_z_R,90,300,1,1,0,17,73,0,0,17,0.0132856669370085,5.3919999999999995,0.000576588,0.00333858,3.5248e-05,0.000111502,0.004061918,6.484423406138655,1,0.058823529411764705,0.0
flat30-60_flat30-2,satlib_graph_coloring_flat30,test,state_gate_response_only_0_5z_t,90,300,1,1,0,17,73,0,0,17,0.01356099999975413,5.3919999999999995,0.000573876,0.003372623,3.5959e-05,0.000124959,0.004107417,6.496660032421091,7,0.4117647058823529,0.0
flat30-60_flat30-2,satlib_graph_coloring_flat30,test,Paper68_hard_threshold_0_5,90,300,1,1,0,17,73,0,0,17,0.013704167096875608,5.3919999999999995,0.000579536,0.003605501,3.5127e-05,0.000113749,0.004333913,6.557574490023825,2,0.11764705882352941,0.0
flat30-60_flat30-2,satlib_graph_coloring_flat30,test,closure_HBV,90,300,1,1,0,17,73,0,0,17,0.014806749997660518,5.3919999999999995,0.00080633,0.003739709,4.3751e-05,0.000116836,0.004706626,6.657812950025272,3,0.17647058823529413,0.0
flat30-60_flat30-2,satlib_graph_coloring_flat30,test,closure_HSV,90,300,1,1,0,17,73,0,0,17,0.013725916971452534,5.3919999999999995,0.000600043,0.003537002,4.2502e-05,0.000128293,0.004307839999999999,6.550562345645663,2,0.11764705882352941,0.0
flat30-60_flat30-2,satlib_graph_coloring_flat30,test,closure_BSV,90,300,1,1,0,17,73,0,0,17,0.013823082903400064,5.3919999999999995,0.000584539,0.003596958,3.5502e-05,0.000115834,0.004332833,6.557284031851447,2,0.11764705882352941,0.0
flat30-60_flat30-2,satlib_graph_coloring_flat30,test,closure_HBS,90,300,1,1,0,17,73,0,0,17,0.013210417004302144,5.3919999999999995,0.000559581,0.003351789,3.4334e-05,0.000115916,0.004061619999999999,6.484343261198498,2,0.11764705882352941,0.0
flat30-60_flat30-20,satlib_graph_coloring_flat30,test,jeroslow_wang,90,300,1,1,0,15,75,0,0,15,0.01037533301860094,4.8,0.000642839,0.0,0.0,9.3668e-05,0.000736507,4.8,0,0.0,0.0
flat30-60_flat30-20,satlib_graph_coloring_flat30,test,vsids,90,300,1,1,0,9,81,0,0,9,0.0060627920320257545,3.0239999999999996,0.000656087,0.0,0.0,3.6624e-05,0.0006927109999999999,3.0239999999999996,0,0.0,0.0
flat30-60_flat30-20,satlib_graph_coloring_flat30,test,score_with_R_Paper69,90,300,1,1,0,17,73,0,0,17,0.010252250009216368,5.3919999999999995,0.000590874,0.0,0.0,0.000154125,0.000744999,5.3919999999999995,17,1.0,0.0
flat30-60_flat30-20,satlib_graph_coloring_flat30,test,static_gate_v17_Paper69,90,300,1,1,0,21,89,1,1,20,0.013608291978016496,7.656,0.00084012,0.0,0.0,0.000229293,0.001069413,7.656,21,1.0,0.0
flat30-60_flat30-20,satlib_graph_coloring_flat30,test,state_v18_primary,90,300,1,1,0,12,167,2,2,10,0.01422512496355921,6.268,0.001480914,0.003208669,3.0082e-05,0.000104332,0.004823997,7.565379029793967,2,0.16666666666666666,0.0
flat30-60_flat30-20,satlib_graph_coloring_flat30,test,state_v18_gate_signal_shuffled,90,300,1,1,0,12,167,2,2,10,0.013530332944355905,6.268,0.001465009,0.002830623,2.5e-05,8.8292e-05,0.004408924,7.4537481548092455,0,0.0,0.0
flat30-60_flat30-20,satlib_graph_coloring_flat30,test,random_activation_matched_q,90,300,1,1,0,12,167,2,2,10,0.014539041090756655,6.268,0.001886501,0.0029225,2.6669e-05,0.000114542,0.004950212,7.599323639263137,1,0.08333333333333333,0.0
flat30-60_flat30-20,satlib_graph_coloring_flat30,test,state_Mode_A_always,90,300,1,1,0,17,73,0,0,17,0.018065665964968503,5.3919999999999995,0.000612672,0.005345917,3.9164e-05,0.000190792,0.006188545000000001,7.056364324425639,17,1.0,0.0
flat30-60_flat30-20,satlib_graph_coloring_flat30,test,state_gate_value_only_z_R,90,300,1,1,0,12,167,2,2,10,0.014230833039619029,6.268,0.001756538,0.002870502,2.6541e-05,0.000103377,0.0047569579999999995,7.547349376629101,2,0.16666666666666666,0.0
flat30-60_flat30-20,satlib_graph_coloring_flat30,test,state_gate_response_only_0_5z_t,90,300,1,1,0,12,167,2,2,10,0.013909040950238705,6.268,0.001550998,0.002896751,2.5207e-05,0.000101665,0.004574621,7.498311162020853,3,0.25,0.0
flat30-60_flat30-20,satlib_graph_coloring_flat30,test,Paper68_hard_threshold_0_5,90,300,1,1,0,12,167,2,2,10,0.014681583037599921,6.268,0.001504585,0.003215752,3.2789e-05,0.00010621,0.004859336,7.5748831977140325,3,0.25,0.0
flat30-60_flat30-20,satlib_graph_coloring_flat30,test,closure_HBV,90,300,1,1,0,12,167,2,2,10,0.01471954199951142,6.268,0.001620038,0.002935958,3.3458e-05,0.000155293,0.004744747,7.544065316681962,2,0.16666666666666666,0.0
flat30-60_flat30-20,satlib_graph_coloring_flat30,test,closure_HSV,90,300,1,1,0,12,167,2,2,10,0.01441075000911951,6.268,0.001510206,0.002860584,2.7793e-05,0.000103417,0.004501999999999999,7.4787802704131945,2,0.16666666666666666,0.0
flat30-60_flat30-20,satlib_graph_coloring_flat30,test,closure_BSV,90,300,1,1,0,12,167,2,2,10,0.014543875004164875,6.268,0.001544196,0.003497333,2.7332e-05,0.000103042,0.005171903,7.65894582694154,2,0.16666666666666666,0.0
flat30-60_flat30-20,satlib_graph_coloring_flat30,test,closure_HBS,90,300,1,1,0,12,167,2,2,10,0.01421212509740144,6.268,0.001597087,0.002934252,4.9625e-05,0.000110542,0.004691506000000001,7.529746535611979,2,0.16666666666666666,0.0
flat30-60_flat30-21,satlib_graph_coloring_flat30,test,jeroslow_wang,90,300,1,1,0,24,186,3,3,19,0.018654542043805122,10.943999999999999,0.002157078,0.0,0.0,0.000153207,0.002310285,10.943999999999999,0,0.0,0.0
flat30-60_flat30-21,satlib_graph_coloring_flat30,test,vsids,90,300,1,1,0,7,131,2,2,5,0.007013124995864928,4.624,0.001174419,0.0,0.0,3.0542e-05,0.0012049609999999998,4.624,0,0.0,0.0
flat30-60_flat30-21,satlib_graph_coloring_flat30,test,score_with_R_Paper69,90,300,1,1,0,25,411,9,9,13,0.023921417072415352,18.144,0.004525121,0.0,0.0,0.000234125,0.004759246,18.144,25,1.0,0.0
flat30-60_flat30-21,satlib_graph_coloring_flat30,test,static_gate_v17_Paper69,90,300,1,1,0,16,126,1,1,15,0.011373292072676122,6.304,0.001179167,0.0,0.0,0.00018329,0.001362457,6.304,16,1.0,0.0
flat30-60_flat30-21,satlib_graph_coloring_flat30,test,state_v18_primary,90,300,1,1,0,15,276,6,6,9,0.01954254205338657,11.604,0.002833882,0.00433329,3.6916e-05,0.000118334,0.0073224219999999994,13.573312325464133,2,0.13333333333333333,0.0
flat30-60_flat30-21,satlib_graph_coloring_flat30,test,state_v18_gate_signal_shuffled,90,300,1,1,0,15,276,6,6,9,0.019947583903558552,11.604,0.00289433,0.004026252,3.8085e-05,0.000129833,0.0070885,13.510400698983547,2,0.13333333333333333,0.0
flat30-60_flat30-21,satlib_graph_coloring_flat30,test,random_activation_matched_q,90,300,1,1,0,15,276,6,6,9,0.018079417059198022,11.604,0.002695795,0.003436499,3.2916e-05,0.00014079,0.006306,13.29995299538552,2,0.13333333333333333,0.0
flat30-60_flat30-21,satlib_graph_coloring_flat30,test,state_Mode_A_always,90,300,1,1,0,25,411,9,9,13,0.032644541934132576,18.144,0.004547039,0.006799083,6.2917e-05,0.000249624,0.011658663,21.279512914215083,25,1.0,0.0
flat30-60_flat30-21,satlib_graph_coloring_flat30,test,state_gate_value_only_z_R,90,300,1,1,0,15,276,6,6,9,0.01957574998959899,11.604,0.003057365,0.003682957,3.5043e-05,0.00016154,0.006936905,13.469630322463493,2,0.13333333333333333,0.0
flat30-60_flat30-21,satlib_graph_coloring_flat30,test,state_gate_response_only_0_5z_t,90,300,1,1,0,17,309,7,7,9,0.020956583903171122,13.336,0.003080684,0.004084583,3.6375e-05,0.000143085,0.0073447270000000005,15.311311093551998,7,0.4117647058823529,0.0
flat30-60_flat30-21,satlib_graph_coloring_flat30,test,Paper68_hard_threshold_0_5,90,300,1,1,0,15,276,6,6,9,0.018724916968494654,11.604,0.002849839,0.003421916,3.2418e-05,0.000112708,0.006416881000000001,13.329773636692424,2,0.13333333333333333,0.0
flat30-60_flat30-21,satlib_graph_coloring_flat30,test,closure_HBV,90,300,1,1,0,15,276,6,6,9,0.019210958038456738,11.604,0.002931162,0.003462375,3.554e-05,0.000134167,0.006563244,13.369136904732958,3,0.2,0.0
flat30-60_flat30-21,satlib_graph_coloring_flat30,test,closure_HSV,90,300,1,1,0,15,276,6,6,9,0.01957712508738041,11.604,0.002985989,0.003516959,3.4792e-05,0.000121418,0.006659157999999999,13.394932279867657,2,0.13333333333333333,0.0
flat30-60_flat30-21,satlib_graph_coloring_flat30,test,closure_BSV,90,300,1,1,0,15,276,6,6,9,0.01823087502270937,11.604,0.002711655,0.003382122,3.1833e-05,0.000119501,0.006245111,13.283577340146694,2,0.13333333333333333,0.0
flat30-60_flat30-21,satlib_graph_coloring_flat30,test,closure_HBS,90,300,1,1,0,15,276,6,6,9,0.019139999989420176,11.604,0.002801543,0.003701376,3.3374e-05,0.000126958,0.006663251,13.39603306255242,2,0.13333333333333333,0.0
flat30-60_flat30-22,satlib_graph_coloring_flat30,test,jeroslow_wang,90,300,1,1,0,18,72,0,0,18,0.011154333013109863,5.688,0.000671036,0.0,0.0,0.000101708,0.0007727439999999999,5.688,0,0.0,0.0
flat30-60_flat30-22,satlib_graph_coloring_flat30,test,vsids,90,300,1,1,0,6,84,0,0,6,0.006051791016943753,2.1359999999999997,0.00057896,0.0,0.0,3.4666e-05,0.000613626,2.1359999999999997,0,0.0,0.0
flat30-60_flat30-22,satlib_graph_coloring_flat30,test,score_with_R_Paper69,90,300,1,1,0,17,73,0,0,17,0.011389208026230335,5.3919999999999995,0.000567462,0.0,0.0,0.000162003,0.000729465,5.3919999999999995,17,1.0,0.0
flat30-60_flat30-22,satlib_graph_coloring_flat30,test,static_gate_v17_Paper69,90,300,1,1,0,14,76,0,0,14,0.009087332990020514,4.5040000000000004,0.000588134,0.0,0.0,0.000152085,0.0007402190000000001,4.5040000000000004,14,1.0,0.0
flat30-60_flat30-22,satlib_graph_coloring_flat30,test,state_v18_primary,90,300,1,1,0,15,75,0,0,15,0.012890417012386024,4.8,0.000563156,0.003454043,3.65e-05,0.00011754,0.004171239,5.921824496752125,2,0.13333333333333333,0.0
flat30-60_flat30-22,satlib_graph_coloring_flat30,test,state_v18_gate_signal_shuffled,90,300,1,1,0,15,75,0,0,15,0.013368458021432161,4.8,0.000637872,0.003348458,3.3876e-05,0.000147791,0.0041679970000000005,5.920952584349486,2,0.13333333333333333,0.0
flat30-60_flat30-22,satlib_graph_coloring_flat30,test,random_activation_matched_q,90,300,1,1,0,15,75,0,0,15,0.015010291012004018,4.8,0.000607956,0.003951418,3.2206e-05,0.000181001,0.004772581,6.083551069246752,4,0.26666666666666666,0.0
flat30-60_flat30-22,satlib_graph_coloring_flat30,test,state_Mode_A_always,90,300,1,1,0,17,73,0,0,17,0.01968958298675716,5.3919999999999995,0.000611702,0.005732832,4.1e-05,0.000251085,0.006636619000000001,7.176870579175777,17,1.0,0.0
flat30-60_flat30-22,satlib_graph_coloring_flat30,test,state_gate_value_only_z_R,90,300,1,1,0,15,75,0,0,15,0.012934583006426692,4.8,0.000578124,0.003288292,3.2334e-05,0.000114373,0.004013123,5.87930034454496,1,0.06666666666666667,0.0
flat30-60_flat30-22,satlib_graph_coloring_flat30,test,state_gate_response_only_0_5z_t,90,300,1,1,0,15,75,0,0,15,0.012909166980534792,4.8,0.000572469,0.00336633,3.0208e-05,0.000116457,0.0040854640000000005,5.898755932182002,6,0.4,0.0
flat30-60_flat30-22,satlib_graph_coloring_flat30,test,Paper68_hard_threshold_0_5,90,300,1,1,0,15,75,0,0,15,0.013827209011651576,4.8,0.000590415,0.003450499,3.3791e-05,0.000126917,0.0042016219999999995,5.929995784392276,2,0.13333333333333333,0.0
flat30-60_flat30-22,satlib_graph_coloring_flat30,test,closure_HBV,90,300,1,1,0,15,75,0,0,15,0.01540600007865578,4.8,0.00118837,0.003962377,4.2915e-05,0.000136545,0.005330207000000001,6.2335205403861185,3,0.2,0.0
flat30-60_flat30-22,satlib_graph_coloring_flat30,test,closure_HSV,90,300,1,1,0,15,75,0,0,15,0.03135170810855925,4.8,0.00120112,0.008669374,0.000134833,0.00031771,0.010323037000000002,7.5763059818626,2,0.13333333333333333,0.0
flat30-60_flat30-22,satlib_graph_coloring_flat30,test,closure_BSV,90,300,1,1,0,15,75,0,0,15,0.01411841600202024,4.8,0.000590953,0.003888334,3.5914e-05,0.000119457,0.004634658,6.046457678034802,2,0.13333333333333333,0.0
flat30-60_flat30-22,satlib_graph_coloring_flat30,test,closure_HBS,90,300,1,1,0,15,75,0,0,15,0.014436749974265695,4.8,0.000658834,0.003731583,4.2335e-05,0.000130334,0.004563086,6.027208907374204,2,0.13333333333333333,0.0
flat30-60_flat30-23,satlib_graph_coloring_flat30,test,jeroslow_wang,90,300,1,1,0,21,69,0,0,21,0.01269770902581513,6.576,0.000638454,0.0,0.0,0.000132079,0.000770533,6.576,0,0.0,0.0
flat30-60_flat30-23,satlib_graph_coloring_flat30,test,vsids,90,300,1,1,0,11,108,1,1,10,0.007220041938126087,4.732,0.001032497,0.0,0.0,4.9041e-05,0.0010815380000000002,4.732,0,0.0,0.0
flat30-60_flat30-23,satlib_graph_coloring_flat30,test,score_with_R_Paper69,90,300,1,1,0,18,72,0,0,18,0.01041999994777143,5.688,0.000602503,0.0,0.0,0.000157207,0.00075971,5.688,18,1.0,0.0
flat30-60_flat30-23,satlib_graph_coloring_flat30,test,static_gate_v17_Paper69,90,300,1,1,0,19,97,1,1,17,0.012034374987706542,7.088,0.000907493,0.0,0.0,0.000199874,0.001107367,7.088,19,1.0,0.0
flat30-60_flat30-23,satlib_graph_coloring_flat30,test,state_v18_primary,90,300,1,1,0,15,75,0,0,15,0.012788375024683774,4.8,0.000560413,0.003549915,3.4335e-05,0.000115415,0.004260078,5.945717101914994,2,0.13333333333333333,0.0
flat30-60_flat30-23,satlib_graph_coloring_flat30,test,state_v18_gate_signal_shuffled,90,300,1,1,0,15,75,0,0,15,0.015062833088450134,4.8,0.000728918,0.003888208,3.8293e-05,0.000166749,0.004822168,6.09688713350019,1,0.06666666666666667,0.0
flat30-60_flat30-23,satlib_graph_coloring_flat30,test,random_activation_matched_q,90,300,1,1,0,15,75,0,0,15,0.013018999947234988,4.8,0.000605629,0.003177335,3.1999e-05,0.000138665,0.003953628,5.863299595502705,0,0.0,0.0
flat30-60_flat30-23,satlib_graph_coloring_flat30,test,state_Mode_A_always,90,300,1,1,0,18,72,0,0,18,0.016338416025973856,5.688,0.000577417,0.004598207,4.1209e-05,0.000158168,0.005375001000000001,7.133567562028253,18,1.0,0.0
flat30-60_flat30-23,satlib_graph_coloring_flat30,test,state_gate_value_only_z_R,90,300,1,1,0,15,75,0,0,15,0.012792791007086635,4.8,0.000633624,0.003245126,3.171e-05,0.000112377,0.0040228370000000005,5.88191285443985,2,0.13333333333333333,0.0
flat30-60_flat30-23,satlib_graph_coloring_flat30,test,state_gate_response_only_0_5z_t,90,300,1,1,0,15,75,0,0,15,0.012334666913375258,4.8,0.000567747,0.003148335,3.0084e-05,0.000110876,0.003857042,5.837323490838528,5,0.3333333333333333,0.0
flat30-60_flat30-23,satlib_graph_coloring_flat30,test,Paper68_hard_threshold_0_5,90,300,1,1,0,15,75,0,0,15,0.014350499957799911,4.8,0.000610204,0.003849999,3.4373e-05,0.000109584,0.00460416,6.038255461978147,3,0.2,0.0
flat30-60_flat30-23,satlib_graph_coloring_flat30,test,closure_HBV,90,300,1,1,0,15,75,0,0,15,0.013549915980547667,4.8,0.00062379,0.003382543,3.4165e-05,0.000203624,0.004244122,5.94142585136086,3,0.2,0.0
flat30-60_flat30-23,satlib_graph_coloring_flat30,test,closure_HSV,90,300,1,1,0,15,75,0,0,15,0.012752167065627873,4.8,0.000636208,0.003273416,3.1543e-05,0.000115124,0.004056291,5.890910065272014,2,0.13333333333333333,0.0
flat30-60_flat30-23,satlib_graph_coloring_flat30,test,closure_BSV,90,300,1,1,0,15,75,0,0,15,0.012719874968752265,4.8,0.000565584,0.003195626,3.1625e-05,0.000115457,0.003908292,5.851106806888877,2,0.13333333333333333,0.0
flat30-60_flat30-23,satlib_graph_coloring_flat30,test,closure_HBS,90,300,1,1,0,15,75,0,0,15,0.012541832984425128,4.8,0.000572545,0.003108874,3.0126e-05,0.000131209,0.0038427540000000003,5.833480836795066,2,0.13333333333333333,0.0
flat30-60_flat30-24,satlib_graph_coloring_flat30,test,jeroslow_wang,90,300,1,1,0,16,198,2,2,13,0.014241124968975782,7.592,0.002042087,0.0,0.0,9.6123e-05,0.00213821,7.592,0,0.0,0.0
flat30-60_flat30-24,satlib_graph_coloring_flat30,test,vsids,90,300,1,1,0,7,83,0,0,7,0.005421000067144632,2.432,0.000563171,0.0,0.0,3.2083e-05,0.000595254,2.432,0,0.0,0.0
flat30-60_flat30-24,satlib_graph_coloring_flat30,test,score_with_R_Paper69,90,300,1,1,0,13,77,0,0,13,0.008253125008195639,4.208,0.000577789,0.0,0.0,0.000121334,0.000699123,4.208,13,1.0,0.0
flat30-60_flat30-24,satlib_graph_coloring_flat30,test,static_gate_v17_Paper69,90,300,1,1,0,15,75,0,0,15,0.010983332991600037,4.8,0.000755706,0.0,0.0,0.00017629,0.000931996,4.8,15,1.0,0.0
flat30-60_flat30-24,satlib_graph_coloring_flat30,test,state_v18_primary,90,300,1,1,0,11,79,0,0,11,0.01094437506981194,3.6159999999999997,0.000615169,0.002687293,2.5333e-05,9.2959e-05,0.0034207540000000002,4.535986995365842,2,0.18181818181818182,0.0
flat30-60_flat30-24,satlib_graph_coloring_flat30,test,state_v18_gate_signal_shuffled,90,300,1,1,0,11,79,0,0,11,0.01113462494686246,3.6159999999999997,0.00057783,0.002849459,2.4207e-05,9.2543e-05,0.003544039,4.569143602571059,1,0.09090909090909091,0.0
flat30-60_flat30-24,satlib_graph_coloring_flat30,test,random_activation_matched_q,90,300,1,1,0,12,103,1,1,11,0.012311749975197017,5.012,0.001052708,0.002722292,2.6958e-05,0.000107083,0.003909041,6.063308245010276,1,0.08333333333333333,0.0
flat30-60_flat30-24,satlib_graph_coloring_flat30,test,state_Mode_A_always,90,300,1,1,0,13,77,0,0,13,0.01358491601422429,4.208,0.000628044,0.00340075,2.9333e-05,0.000131293,0.004189420000000001,5.334714144929909,13,1.0,0.0
flat30-60_flat30-24,satlib_graph_coloring_flat30,test,state_gate_value_only_z_R,90,300,1,1,0,11,79,0,0,11,0.012107708025723696,3.6159999999999997,0.000574785,0.002672417,2.5791e-05,9.3875e-05,0.003366868,4.521494746220687,1,0.09090909090909091,0.0
flat30-60_flat30-24,satlib_graph_coloring_flat30,test,state_gate_response_only_0_5z_t,90,300,1,1,0,11,79,0,0,11,0.011462416965514421,3.6159999999999997,0.000571077,0.002919083,2.7081e-05,0.000104459,0.0036217,4.590029965649815,3,0.2727272727272727,0.0
flat30-60_flat30-24,satlib_graph_coloring_flat30,test,Paper68_hard_threshold_0_5,90,300,1,1,0,11,79,0,0,11,0.010832416010089219,3.6159999999999997,0.000556169,0.002768542,2.2834e-05,8.7543e-05,0.0034350879999999998,4.539842020775904,2,0.18181818181818182,0.0
flat30-60_flat30-24,satlib_graph_coloring_flat30,test,closure_HBV,90,300,1,1,0,11,79,0,0,11,0.010688542039133608,3.6159999999999997,0.000552087,0.002629666,2.325e-05,9.2541e-05,0.003297544,4.502850558867038,2,0.18181818181818182,0.0
flat30-60_flat30-24,satlib_graph_coloring_flat30,test,closure_HSV,90,300,1,1,0,11,79,0,0,11,0.010889707948081195,3.6159999999999997,0.000622544,0.002598876,2.3001e-05,9.1874e-05,0.003336295,4.513272359457616,2,0.18181818181818182,0.0
flat30-60_flat30-24,satlib_graph_coloring_flat30,test,closure_BSV,90,300,1,1,0,11,79,0,0,11,0.011204999987967312,3.6159999999999997,0.00058,0.002827877,2.8417e-05,9.4332e-05,0.0035306260000000003,4.565536273435774,2,0.18181818181818182,0.0
flat30-60_flat30-24,satlib_graph_coloring_flat30,test,closure_HBS,90,300,1,1,0,11,79,0,0,11,0.011615582974627614,3.6159999999999997,0.000597754,0.002691125,2.7709e-05,9.9126e-05,0.003415714,4.534631523894744,2,0.18181818181818182,0.0
flat30-60_flat30-26,satlib_graph_coloring_flat30,test,jeroslow_wang,90,300,1,1,0,20,70,0,0,20,0.011965916957706213,6.28,0.000562003,0.0,0.0,0.000118663,0.000680666,6.28,0,0.0,0.0
flat30-60_flat30-26,satlib_graph_coloring_flat30,test,vsids,90,300,1,1,0,6,84,0,0,6,0.004764499957673252,2.1359999999999997,0.000539881,0.0,0.0,2.7874e-05,0.000567755,2.1359999999999997,0,0.0,0.0
flat30-60_flat30-26,satlib_graph_coloring_flat30,test,score_with_R_Paper69,90,300,1,1,0,20,70,0,0,20,0.012338542030192912,6.28,0.000693923,0.0,0.0,0.000193712,0.000887635,6.28,20,1.0,0.0
flat30-60_flat30-26,satlib_graph_coloring_flat30,test,static_gate_v17_Paper69,90,300,1,1,0,14,76,0,0,14,0.008830750011838973,4.5040000000000004,0.000571915,0.0,0.0,0.000144001,0.000715916,4.5040000000000004,14,1.0,0.0
flat30-60_flat30-26,satlib_graph_coloring_flat30,test,state_v18_primary,90,300,1,1,0,19,71,0,0,19,0.01606354198884219,5.984,0.000589088,0.004288043,5.0418e-05,0.000146249,0.005073798,7.348561198236768,2,0.10526315789473684,0.0
flat30-60_flat30-26,satlib_graph_coloring_flat30,test,state_v18_gate_signal_shuffled,90,300,1,1,0,19,71,0,0,19,0.016208167071454227,5.984,0.00061729,0.004251706,4.7708e-05,0.000150875,0.005067579,7.346888643260824,2,0.10526315789473684,0.0
flat30-60_flat30-26,satlib_graph_coloring_flat30,test,random_activation_matched_q,90,300,1,1,0,22,68,0,0,22,0.017029125010594726,6.872,0.000597754,0.004450499,4.6251e-05,0.000193042,0.005287546,8.29404717363443,4,0.18181818181818182,0.0
flat30-60_flat30-26,satlib_graph_coloring_flat30,test,state_Mode_A_always,90,300,1,1,0,20,70,0,0,20,0.018622874980792403,6.28,0.000661881,0.005258501,4.2167e-05,0.000182333,0.006144882,7.932621477036245,20,1.0,0.0
flat30-60_flat30-26,satlib_graph_coloring_flat30,test,state_gate_value_only_z_R,90,300,1,1,0,19,71,0,0,19,0.016321459086611867,5.984,0.000613372,0.004120626,4.2456e-05,0.000137872,0.004914325999999999,7.305672359657618,2,0.10526315789473684,0.0
flat30-60_flat30-26,satlib_graph_coloring_flat30,test,state_gate_response_only_0_5z_t,90,300,1,1,0,19,71,0,0,19,0.015422833035700023,5.984,0.000605336,0.003980625,4.154e-05,0.000143248,0.0047707489999999995,7.267058366124718,4,0.21052631578947367,0.0
flat30-60_flat30-26,satlib_graph_coloring_flat30,test,Paper68_hard_threshold_0_5,90,300,1,1,0,19,71,0,0,19,0.015320959035307169,5.984,0.000585374,0.004194584,3.9543e-05,0.00013496,0.004954461000000001,7.316466377017243,3,0.15789473684210525,0.0
flat30-60_flat30-26,satlib_graph_coloring_flat30,test,closure_HBV,90,300,1,1,0,19,71,0,0,19,0.015080749988555908,5.984,0.000585624,0.004020875,3.9166e-05,0.000139291,0.004784956,7.270879235805252,3,0.15789473684210525,0.0
flat30-60_flat30-26,satlib_graph_coloring_flat30,test,closure_HSV,90,300,1,1,0,19,71,0,0,19,0.01626954204402864,5.984,0.000677998,0.004270957,4.196e-05,0.000142122,0.005133036999999999,7.364493097934459,2,0.10526315789473684,0.0
flat30-60_flat30-26,satlib_graph_coloring_flat30,test,closure_BSV,90,300,1,1,0,19,71,0,0,19,0.0165232919389382,5.984,0.000607668,0.004403293,4.1833e-05,0.000147708,0.005200501999999999,7.382637320711764,2,0.10526315789473684,0.0
flat30-60_flat30-26,satlib_graph_coloring_flat30,test,closure_HBS,90,300,1,1,0,19,71,0,0,19,0.015457000001333654,5.984,0.000605087,0.004326083,3.9668e-05,0.000136376,0.005107213999999999,7.357548189244348,2,0.10526315789473684,0.0
uf20-91_uf20-010,satlib_random_3sat_uf20,test,jeroslow_wang,20,91,1,1,0,4,15,0,0,4,0.0013712079962715507,1.26,0.000252416,0.0,0.0,9.374e-06,0.00026178999999999997,1.26,0,0.0,0.0
uf20-91_uf20-010,satlib_random_3sat_uf20,test,vsids,20,91,1,1,0,5,15,0,0,5,0.001538375043310225,1.56,0.000280962,0.0,0.0,9.209e-06,0.000290171,1.56,0,0.0,0.0
uf20-91_uf20-010,satlib_random_3sat_uf20,test,score_with_R_Paper69,20,91,1,1,0,11,71,5,5,4,0.005853125010617077,8.584000000000001,0.002239173,0.0,0.0,6.1084e-05,0.002300257,8.584000000000001,11,1.0,0.0
uf20-91_uf20-010,satlib_random_3sat_uf20,test,static_gate_v17_Paper69,20,91,1,1,0,14,68,5,5,5,0.006494583911262453,9.472,0.002214678,0.0,0.0,8.3374e-05,0.002298052,9.472,14,1.0,0.0
uf20-91_uf20-010,satlib_random_3sat_uf20,test,state_v18_primary,20,91,1,1,0,4,15,0,0,4,0.002614416996948421,1.26,0.000252828,0.000753124,1.0916e-05,1.8292e-05,0.00103516,1.5383987793693743,0,0.0,0.0
uf20-91_uf20-010,satlib_random_3sat_uf20,test,state_v18_gate_signal_shuffled,20,91,1,1,0,5,14,0,0,5,0.00408870808314532,1.556,0.000260626,0.00093,1.2124e-05,2.8042e-05,0.0012307920000000003,1.887012587868147,1,0.2,0.0
uf20-91_uf20-010,satlib_random_3sat_uf20,test,random_activation_matched_q,20,91,1,1,0,4,15,0,0,4,0.0026126669254153967,1.26,0.000258459,0.000728875,8.834e-06,2.2667e-05,0.0010188350000000003,1.5340082889396776,0,0.0,0.0
uf20-91_uf20-010,satlib_random_3sat_uf20,test,state_Mode_A_always,20,91,1,1,0,11,71,5,5,4,0.00925645895767957,8.584000000000001,0.00251338,0.002054915,2.5626e-05,9.3626e-05,0.004687547,9.844681791256013,11,1.0,0.0
uf20-91_uf20-010,satlib_random_3sat_uf20,test,state_gate_value_only_z_R,20,91,1,1,0,9,63,5,5,3,0.007918042014352977,7.951999999999999,0.002033787,0.002051249,2.0418e-05,5.4669e-05,0.004160123000000001,9.070834929118647,5,0.5555555555555556,0.0
uf20-91_uf20-010,satlib_random_3sat_uf20,test,state_gate_response_only_0_5z_t,20,91,1,1,0,4,15,0,0,4,0.0026783329667523503,1.26,0.000280001,0.000759834,9.043e-06,1.729e-05,0.0010661680000000002,1.5467381562296525,0,0.0,0.0
uf20-91_uf20-010,satlib_random_3sat_uf20,test,Paper68_hard_threshold_0_5,20,91,1,1,0,10,73,5,5,3,0.008030541008338332,8.292,0.002202836,0.0018555,2.0916e-05,5.3956e-05,0.004133208,9.403596334943131,7,0.7,0.0
uf20-91_uf20-010,satlib_random_3sat_uf20,test,closure_HBV,20,91,1,1,0,4,15,0,0,4,0.0025148330023512244,1.26,0.00024429,0.000707749,8e-06,1.5667e-05,0.000975706,1.5224090569799593,0,0.0,0.0
uf20-91_uf20-010,satlib_random_3sat_uf20,test,closure_HSV,20,91,1,1,0,4,15,0,0,4,0.002816166030243039,1.26,0.00037129,0.000723667,8.833e-06,2.0332e-05,0.001124122,1.5623244644907646,0,0.0,0.0
uf20-91_uf20-010,satlib_random_3sat_uf20,test,closure_BSV,20,91,1,1,0,4,15,0,0,4,0.0026873749447986484,1.26,0.000262538,0.000757331,9.833e-06,1.7624e-05,0.0010473260000000001,1.5416707368926632,0,0.0,0.0
uf20-91_uf20-010,satlib_random_3sat_uf20,test,closure_HBS,20,91,1,1,0,4,15,0,0,4,0.0024943749886006117,1.26,0.000248753,0.000691334,8.208e-06,1.5626e-05,0.0009639210000000001,1.5192395666452594,0,0.0,0.0
uf20-91_uf20-0100,satlib_random_3sat_uf20,test,jeroslow_wang,20,91,1,1,0,4,16,0,0,4,0.0014019589871168137,1.264,0.000274374,0.0,0.0,9.459e-06,0.00028383300000000005,1.264,0,0.0,0.0
uf20-91_uf20-0100,satlib_random_3sat_uf20,test,vsids,20,91,1,1,0,7,63,4,4,3,0.003945625037886202,6.351999999999999,0.001663623,0.0,0.0,1.4498e-05,0.0016781209999999999,6.351999999999999,0,0.0,0.0
uf20-91_uf20-0100,satlib_random_3sat_uf20,test,score_with_R_Paper69,20,91,1,1,0,4,16,0,0,4,0.001376874977722764,1.264,0.000258585,0.0,0.0,2.2041e-05,0.00028062599999999997,1.264,4,1.0,0.0
uf20-91_uf20-0100,satlib_random_3sat_uf20,test,static_gate_v17_Paper69,20,91,1,1,0,4,16,0,0,4,0.0013980839867144823,1.264,0.000253791,0.0,0.0,2.4582e-05,0.000278373,1.264,4,1.0,0.0
uf20-91_uf20-0100,satlib_random_3sat_uf20,test,state_v18_primary,20,91,1,1,0,4,16,0,0,4,0.0027163749327883124,1.264,0.000261666,0.000771374,9.459e-06,1.8917e-05,0.0010614160000000001,1.5494601402711887,1,0.25,0.0
uf20-91_uf20-0100,satlib_random_3sat_uf20,test,state_v18_gate_signal_shuffled,20,91,1,1,0,3,17,0,0,3,0.0024031250504776835,0.968,0.000270415,0.000692042,6.709e-06,1.3584e-05,0.0009827500000000001,1.23230348972647,0,0.0,0.0
uf20-91_uf20-0100,satlib_random_3sat_uf20,test,random_activation_matched_q,20,91,1,1,0,3,17,0,0,3,0.002263208036310971,0.968,0.000274665,0.000593625,6.082e-06,1.7375e-05,0.000891747,1.2078288924478355,0,0.0,0.0
uf20-91_uf20-0100,satlib_random_3sat_uf20,test,state_Mode_A_always,20,91,1,1,0,4,16,0,0,4,0.0027962499298155308,1.264,0.000256124,0.000722333,8.167e-06,2.3749e-05,0.001010373,1.5357324953705445,4,1.0,0.0
uf20-91_uf20-0100,satlib_random_3sat_uf20,test,state_gate_value_only_z_R,20,91,1,1,0,4,16,0,0,4,0.0026754579739645123,1.264,0.000261168,0.000754043,8.249e-06,2.2917e-05,0.001046377,1.5454155102208236,3,0.75,0.0
uf20-91_uf20-0100,satlib_random_3sat_uf20,test,state_gate_response_only_0_5z_t,20,91,1,1,0,4,16,0,0,4,0.002649624948389828,1.264,0.000261127,0.000769416,8.459e-06,1.8375e-05,0.001057377,1.548373880495045,1,0.25,0.0
uf20-91_uf20-0100,satlib_random_3sat_uf20,test,Paper68_hard_threshold_0_5,20,91,1,1,0,4,16,0,0,4,0.0028032499831169844,1.264,0.000279208,0.000761749,8.917e-06,2.7417e-05,0.001077291,1.5537296064623949,3,0.75,0.0
uf20-91_uf20-0100,satlib_random_3sat_uf20,test,closure_HBV,20,91,1,1,0,3,17,0,0,3,0.002310166950337589,0.968,0.000275126,0.000610626,5.874e-06,1.2875e-05,0.0009045009999999999,1.2112589883094191,0,0.0,0.0
uf20-91_uf20-0100,satlib_random_3sat_uf20,test,closure_HSV,20,91,1,1,0,4,16,0,0,4,0.003125249990262091,1.264,0.000287459,0.0007765,1.4041e-05,2.2375e-05,0.001100375,1.5599378809542248,1,0.25,0.0
uf20-91_uf20-0100,satlib_random_3sat_uf20,test,closure_BSV,20,91,1,1,0,4,16,0,0,4,0.0029430000577121973,1.264,0.00027092,0.000791293,1.9874e-05,2.1917e-05,0.001104004,1.5609138742019657,1,0.25,0.0
uf20-91_uf20-0100,satlib_random_3sat_uf20,test,closure_HBS,20,91,1,1,0,4,16,0,0,4,0.0026693340623751283,1.264,0.00027,0.000761251,7.916e-06,1.9375e-05,0.001058542,1.5486871988013604,1,0.25,0.0
uf20-91_uf20-01000,satlib_random_3sat_uf20,test,jeroslow_wang,20,91,1,1,0,4,23,1,1,4,0.001917207962833345,2.2920000000000003,0.000507791,0.0,0.0,1.0209e-05,0.0005179999999999999,2.2920000000000003,0,0.0,0.0
uf20-91_uf20-01000,satlib_random_3sat_uf20,test,vsids,20,91,1,1,0,6,41,3,3,3,0.0032476249616593122,4.9639999999999995,0.001309952,0.0,0.0,1.2834e-05,0.001322786,4.9639999999999995,0,0.0,0.0
uf20-91_uf20-01000,satlib_random_3sat_uf20,test,score_with_R_Paper69,20,91,1,1,0,5,37,3,3,4,0.00296512502245605,4.648,0.000850746,0.0,0.0,5.3084e-05,0.00090383,4.648,5,1.0,0.0
uf20-91_uf20-01000,satlib_random_3sat_uf20,test,static_gate_v17_Paper69,20,91,1,1,0,5,37,3,3,4,0.0026332499692216516,4.648,0.000874625,0.0,0.0,3.5166e-05,0.000909791,4.648,5,1.0,0.0
uf20-91_uf20-01000,satlib_random_3sat_uf20,test,state_v18_primary,20,91,1,1,0,4,19,1,1,4,0.0028763330774381757,2.2760000000000002,0.000376665,0.000784292,1.0167e-05,2.2042e-05,0.0011931659999999998,2.5968933478737966,1,0.25,0.0
uf20-91_uf20-01000,satlib_random_3sat_uf20,test,state_v18_gate_signal_shuffled,20,91,1,1,0,4,26,2,2,3,0.004254291066899896,3.3040000000000003,0.000963289,0.000931376,1.2292e-05,2.0541e-05,0.001927498,3.8223866169837617,0,0.0,0.0
uf20-91_uf20-01000,satlib_random_3sat_uf20,test,random_activation_matched_q,20,91,1,1,0,4,19,1,1,4,0.0028434580890461802,2.2760000000000002,0.000370956,0.000756375,8.416e-06,2.6126e-05,0.0011618730000000001,2.588477322329141,1,0.25,0.0
uf20-91_uf20-01000,satlib_random_3sat_uf20,test,state_Mode_A_always,20,91,1,1,0,5,37,3,3,4,0.004190167062915862,4.648,0.001060626,0.000881457,1.1459e-05,3.1542e-05,0.001985084,5.181873954312063,5,1.0,0.0
uf20-91_uf20-01000,satlib_random_3sat_uf20,test,state_gate_value_only_z_R,20,91,1,1,0,3,27,1,1,3,0.0027072089724242687,2.008,0.00052,0.000650876,7.291e-06,1.9084e-05,0.0011972509999999999,2.3299919790165413,2,0.6666666666666666,0.0
uf20-91_uf20-01000,satlib_random_3sat_uf20,test,state_gate_response_only_0_5z_t,20,91,1,1,0,4,19,1,1,4,0.0028136250330135226,2.2760000000000002,0.000372415,0.000751541,8.042e-06,1.8541e-05,0.001150539,2.5854291251756836,1,0.25,0.0
uf20-91_uf20-01000,satlib_random_3sat_uf20,test,Paper68_hard_threshold_0_5,20,91,1,1,0,3,27,1,1,3,0.0026973749045282602,2.008,0.00051275,0.000667001,6.292e-06,1.6041e-05,0.001202084,2.331291779337933,2,0.6666666666666666,0.0
uf20-91_uf20-01000,satlib_random_3sat_uf20,test,closure_HBV,20,91,1,1,0,4,33,2,2,2,0.0034389999927952886,3.3320000000000003,0.000827575,0.00079675,8.539e-06,1.9791e-05,0.0016526549999999998,3.7764695841403197,1,0.25,0.0
uf20-91_uf20-01000,satlib_random_3sat_uf20,test,closure_HSV,20,91,1,1,0,4,19,1,1,4,0.002862791996449232,2.2760000000000002,0.000367876,0.000772874,8.541e-06,1.8918e-05,0.001168209,2.5901813436070924,1,0.25,0.0
uf20-91_uf20-01000,satlib_random_3sat_uf20,test,closure_BSV,20,91,1,1,0,4,19,1,1,4,0.002897209022194147,2.2760000000000002,0.000388129,0.0007555,8.542e-06,2.3877e-05,0.001176048,2.5922895858416033,2,0.5,0.0
uf20-91_uf20-01000,satlib_random_3sat_uf20,test,closure_HBS,20,91,1,1,0,4,19,1,1,4,0.003072959021665156,2.2760000000000002,0.00037442,0.000737,7.834e-06,1.8166e-05,0.00113742,2.5819008652095463,1,0.25,0.0
uf20-91_uf20-0101,satlib_random_3sat_uf20,test,jeroslow_wang,20,91,1,1,0,6,12,0,0,6,0.001827165950089693,1.8479999999999999,0.000262334,0.0,0.0,1.2748e-05,0.000275082,1.8479999999999999,0,0.0,0.0
uf20-91_uf20-0101,satlib_random_3sat_uf20,test,vsids,20,91,1,1,0,5,19,1,1,4,0.0018356669461354613,2.576,0.000539168,0.0,0.0,9.333e-06,0.0005485010000000001,2.576,0,0.0,0.0
uf20-91_uf20-0101,satlib_random_3sat_uf20,test,score_with_R_Paper69,20,91,1,1,0,5,13,0,0,5,0.0015160830225795507,1.552,0.000253334,0.0,0.0,2.5125e-05,0.000278459,1.552,5,1.0,0.0
uf20-91_uf20-0101,satlib_random_3sat_uf20,test,static_gate_v17_Paper69,20,91,1,1,0,5,13,0,0,5,0.001602291944436729,1.552,0.000265503,0.0,0.0,3.0917e-05,0.00029642,1.552,5,1.0,0.0
uf20-91_uf20-0101,satlib_random_3sat_uf20,test,state_v18_primary,20,91,1,1,0,4,30,1,1,3,0.0037128330441191792,2.3200000000000003,0.000828876,0.000716667,1.1166e-05,1.6625e-05,0.0015733339999999998,2.743136776092909,0,0.0,0.0
uf20-91_uf20-0101,satlib_random_3sat_uf20,test,state_v18_gate_signal_shuffled,20,91,1,1,0,4,30,1,1,3,0.0031355000101029873,2.3200000000000003,0.000681585,0.000684209,9.416e-06,2.0208e-05,0.001395418,2.695287557392146,1,0.25,0.0
uf20-91_uf20-0101,satlib_random_3sat_uf20,test,random_activation_matched_q,20,91,1,1,0,4,30,1,1,3,0.003297207993455231,2.3200000000000003,0.00074867,0.000700291,9.708e-06,2.3501e-05,0.0014821699999999999,2.71861887903117,0,0.0,0.0
uf20-91_uf20-0101,satlib_random_3sat_uf20,test,state_Mode_A_always,20,91,1,1,0,5,13,0,0,5,0.0032960419775918126,1.552,0.000269586,0.0011475,1.1458e-05,3.1541e-05,0.001460085,1.9446792783487896,5,1.0,0.0
uf20-91_uf20-0101,satlib_random_3sat_uf20,test,state_gate_value_only_z_R,20,91,1,1,0,4,30,1,1,3,0.003107041004113853,2.3200000000000003,0.000709543,0.000664583,8.5e-06,1.5793e-05,0.001398419,2.696094654591504,0,0.0,0.0
uf20-91_uf20-0101,satlib_random_3sat_uf20,test,state_gate_response_only_0_5z_t,20,91,1,1,0,4,30,1,1,3,0.003197166952304542,2.3200000000000003,0.000729997,0.000708999,8.626e-06,1.5084e-05,0.0014627060000000002,2.713384177302311,0,0.0,0.0
uf20-91_uf20-0101,satlib_random_3sat_uf20,test,Paper68_hard_threshold_0_5,20,91,1,1,0,5,13,0,0,5,0.002813166007399559,1.552,0.000267665,0.000825418,9.875e-06,2.5042e-05,0.0011279999999999999,1.8553674244838037,3,0.6,0.0
uf20-91_uf20-0101,satlib_random_3sat_uf20,test,closure_HBV,20,91,1,1,0,4,30,1,1,3,0.0037244160193949938,2.3200000000000003,0.000773753,0.000713749,9.417e-06,1.75e-05,0.001514419,2.7272920138469305,0,0.0,0.0
uf20-91_uf20-0101,satlib_random_3sat_uf20,test,closure_HSV,20,91,1,1,0,4,30,1,1,3,0.00299183395691216,2.3200000000000003,0.000658792,0.000661792,7.833e-06,1.4584e-05,0.0013430010000000001,2.6811903851499763,0,0.0,0.0
uf20-91_uf20-0101,satlib_random_3sat_uf20,test,closure_BSV,20,91,1,1,0,4,30,1,1,3,0.0031409580260515213,2.3200000000000003,0.000687629,0.000741293,8.334e-06,1.5709e-05,0.001452965,2.7107644059531117,0,0.0,0.0
uf20-91_uf20-0101,satlib_random_3sat_uf20,test,closure_HBS,20,91,1,1,0,4,30,1,1,3,0.0031097079627215862,2.3200000000000003,0.000726207,0.000693792,8.252e-06,1.5416e-05,0.001443667,2.708263776243138,0,0.0,0.0
uf20-91_uf20-0102,satlib_random_3sat_uf20,test,jeroslow_wang,20,91,1,1,0,7,63,5,5,4,0.003427457995712757,7.351999999999999,0.001409005,0.0,0.0,1.379e-05,0.0014227950000000001,7.351999999999999,0,0.0,0.0
uf20-91_uf20-0102,satlib_random_3sat_uf20,test,vsids,20,91,1,1,0,10,92,8,8,2,0.005490707932040095,11.368,0.002529793,0.0,0.0,1.7665e-05,0.002547458,11.368,0,0.0,0.0
uf20-91_uf20-0102,satlib_random_3sat_uf20,test,score_with_R_Paper69,20,91,1,1,0,16,149,13,13,6,0.009481249959208071,18.396,0.004346714,0.0,0.0,8.2209e-05,0.0044289229999999995,18.396,16,1.0,0.0
uf20-91_uf20-0102,satlib_random_3sat_uf20,test,static_gate_v17_Paper69,20,91,1,1,0,16,149,13,13,6,0.009875666000880301,18.396,0.00449019,0.0,0.0,9.3124e-05,0.004583314,18.396,16,1.0,0.0
uf20-91_uf20-0102,satlib_random_3sat_uf20,test,state_v18_primary,20,91,1,1,0,5,16,1,1,4,0.003046833095140755,2.564,0.000353793,0.000844041,1.3832e-05,1.9333e-05,0.0012309990000000002,2.8950682590178527,0,0.0,0.0
uf20-91_uf20-0102,satlib_random_3sat_uf20,test,state_v18_gate_signal_shuffled,20,91,1,1,0,5,16,1,1,4,0.0028496250743046403,2.564,0.000336458,0.000796709,1.0457e-05,2.2375e-05,0.001165999,2.877586980124726,1,0.2,0.0
uf20-91_uf20-0102,satlib_random_3sat_uf20,test,random_activation_matched_q,20,91,1,1,0,5,19,1,1,4,0.0032025829423218966,2.576,0.000393125,0.000934208,1.0917e-05,3.329e-05,0.00137154,2.9448657423550677,3,0.6,0.0
uf20-91_uf20-0102,satlib_random_3sat_uf20,test,state_Mode_A_always,20,91,1,1,0,16,149,13,13,6,0.014467832981608808,18.396,0.004721825,0.00292667,4.1251e-05,0.00010975,0.0077994959999999995,20.49361792002813,16,1.0,0.0
uf20-91_uf20-0102,satlib_random_3sat_uf20,test,state_gate_value_only_z_R,20,91,1,1,0,5,16,1,1,4,0.003471541916951537,2.564,0.000344332,0.000838168,1.3875e-05,1.9459e-05,0.001215834,2.89098974218071,0,0.0,0.0
uf20-91_uf20-0102,satlib_random_3sat_uf20,test,state_gate_response_only_0_5z_t,20,91,1,1,0,5,16,1,1,4,0.0031350000062957406,2.564,0.000481168,0.000810749,1.1125e-05,2.4834e-05,0.0013278760000000002,2.9211226260229215,1,0.2,0.0
uf20-91_uf20-0102,satlib_random_3sat_uf20,test,Paper68_hard_threshold_0_5,20,91,1,1,0,13,110,11,11,6,0.01032191701233387,15.34,0.003213667,0.002168333,2.7458e-05,6.3878e-05,0.005473336,16.81201404756603,7,0.5384615384615384,0.0
uf20-91_uf20-0102,satlib_random_3sat_uf20,test,closure_HBV,20,91,1,1,0,5,16,1,1,4,0.0028611660236492753,2.564,0.000331665,0.000794667,1.0168e-05,1.7916e-05,0.001154416,2.8744718162259706,0,0.0,0.0
uf20-91_uf20-0102,satlib_random_3sat_uf20,test,closure_HSV,20,91,1,1,0,5,16,1,1,4,0.002898791921325028,2.564,0.000347919,0.000803582,1.0418e-05,1.8458e-05,0.001180377,2.8814538390158857,0,0.0,0.0
uf20-91_uf20-0102,satlib_random_3sat_uf20,test,closure_BSV,20,91,1,1,0,5,16,1,1,4,0.002927041961811483,2.564,0.000384874,0.000792207,1.05e-05,3.9708e-05,0.0012272890000000001,2.8940704814071836,0,0.0,0.0
uf20-91_uf20-0102,satlib_random_3sat_uf20,test,closure_HBS,20,91,1,1,0,5,16,1,1,4,0.0027762079844251275,2.564,0.000330586,0.000775377,9.79e-06,1.8043e-05,0.001133796,2.8689262166755665,0,0.0,0.0
uf20-91_uf20-0103,satlib_random_3sat_uf20,test,jeroslow_wang,20,91,1,1,0,4,16,0,0,4,0.0017505830619484186,1.264,0.000385916,0.0,0.0,1.0499e-05,0.000396415,1.264,0,0.0,0.0
uf20-91_uf20-0103,satlib_random_3sat_uf20,test,vsids,20,91,1,1,0,11,107,9,9,3,0.006864707916975021,12.728000000000002,0.003052802,0.0,0.0,2.4127e-05,0.003076929,12.728000000000002,0,0.0,0.0
uf20-91_uf20-0103,satlib_random_3sat_uf20,test,score_with_R_Paper69,20,91,1,1,0,7,13,0,0,7,0.0024028329644352198,2.152,0.000292252,0.0,0.0,4.3917e-05,0.000336169,2.152,7,1.0,0.0
uf20-91_uf20-0103,satlib_random_3sat_uf20,test,static_gate_v17_Paper69,20,91,1,1,0,7,13,0,0,7,0.0020401669899001718,2.152,0.000269333,0.0,0.0,3.8916e-05,0.000308249,2.152,7,1.0,0.0
uf20-91_uf20-0103,satlib_random_3sat_uf20,test,state_v18_primary,20,91,1,1,0,5,15,0,0,5,0.003013666020706296,1.56,0.000280834,0.000877083,1.1585e-05,2.204e-05,0.001191542,1.8804565848442203,1,0.2,0.0
uf20-91_uf20-0103,satlib_random_3sat_uf20,test,state_v18_gate_signal_shuffled,20,91,1,1,0,4,23,1,1,3,0.003701666952110827,2.2920000000000003,0.00054275,0.001003916,9.334e-06,2e-05,0.0015760000000000001,2.7158537774702793,1,0.25,0.0
uf20-91_uf20-0103,satlib_random_3sat_uf20,test,random_activation_matched_q,20,91,1,1,0,4,23,1,1,3,0.002983083948493004,2.2920000000000003,0.000532959,0.0007205,8.708e-06,2.6459e-05,0.001288626,2.638566622998995,1,0.25,0.0
uf20-91_uf20-0103,satlib_random_3sat_uf20,test,state_Mode_A_always,20,91,1,1,0,7,13,0,0,7,0.004201958072371781,2.152,0.000280371,0.001354667,1.5669e-05,4.7166e-05,0.001697873,2.6086306375093877,7,1.0,0.0
uf20-91_uf20-0103,satlib_random_3sat_uf20,test,state_gate_value_only_z_R,20,91,1,1,0,6,46,3,3,5,0.004568042000755668,4.984,0.00111533,0.00101375,1.2377e-05,2.6249e-05,0.002167706,5.566988817604688,1,0.16666666666666666,0.0
uf20-91_uf20-0103,satlib_random_3sat_uf20,test,state_gate_response_only_0_5z_t,20,91,1,1,0,5,15,0,0,5,0.0031151670264080167,1.56,0.000281334,0.000890792,1.1749e-05,2.6041e-05,0.001209916,1.8853981389731789,1,0.2,0.0
uf20-91_uf20-0103,satlib_random_3sat_uf20,test,Paper68_hard_threshold_0_5,20,91,1,1,0,6,24,1,1,5,0.0037726250011473894,2.896,0.000529708,0.001017585,1.321e-05,3.5334e-05,0.0015958370000000001,3.325188794845709,5,0.8333333333333334,0.0
uf20-91_uf20-0103,satlib_random_3sat_uf20,test,closure_HBV,20,91,1,1,0,5,15,0,0,5,0.0035543330013751984,1.56,0.000299585,0.000924333,1.1665e-05,2.6708e-05,0.001262291,1.8994840156197563,1,0.2,0.0
uf20-91_uf20-0103,satlib_random_3sat_uf20,test,closure_HSV,20,91,1,1,0,5,15,0,0,5,0.0031122920336201787,1.56,0.00028996,0.000903626,1.1835e-05,2.4373e-05,0.001229794,1.8907441830014493,1,0.2,0.0
uf20-91_uf20-0103,satlib_random_3sat_uf20,test,closure_BSV,20,91,1,1,0,4,16,0,0,4,0.0027057500556111336,1.264,0.00027525,0.000732541,9.459e-06,1.696e-05,0.0010342100000000003,1.5421432837547826,0,0.0,0.0
uf20-91_uf20-0103,satlib_random_3sat_uf20,test,closure_HBS,20,91,1,1,0,5,15,0,0,5,0.0030355839990079403,1.56,0.000279621,0.000868792,1.0499e-05,2.3377e-05,0.001182289,1.8779680575580957,1,0.2,0.0
uf20-91_uf20-0105,satlib_random_3sat_uf20,test,jeroslow_wang,20,91,1,1,0,4,21,1,1,4,0.0016263750148937106,2.2840000000000003,0.000415374,0.0,0.0,9.668e-06,0.000425042,2.2840000000000003,0,0.0,0.0
uf20-91_uf20-0105,satlib_random_3sat_uf20,test,vsids,20,91,1,1,0,8,24,2,2,6,0.002594917081296444,4.496,0.000546166,0.0,0.0,1.4498e-05,0.000560664,4.496,0,0.0,0.0
uf20-91_uf20-0105,satlib_random_3sat_uf20,test,score_with_R_Paper69,20,91,1,1,0,12,100,9,9,4,0.007376125082373619,13.0,0.002989137,0.0,0.0,6.0209e-05,0.0030493459999999997,13.0,12,1.0,0.0
uf20-91_uf20-0105,satlib_random_3sat_uf20,test,static_gate_v17_Paper69,20,91,1,1,0,8,62,5,5,4,0.0044839580077677965,7.648000000000001,0.001783956,0.0,0.0,4.7583e-05,0.0018315389999999999,7.648000000000001,8,1.0,0.0
uf20-91_uf20-0105,satlib_random_3sat_uf20,test,state_v18_primary,20,91,1,1,0,7,32,2,2,4,0.004621291998773813,4.228,0.000838209,0.001239083,1.5543e-05,3.0626e-05,0.002123461,4.799089445533513,1,0.14285714285714285,0.0
uf20-91_uf20-0105,satlib_random_3sat_uf20,test,state_v18_gate_signal_shuffled,20,91,1,1,0,6,61,4,4,3,0.005083333933725953,6.044,0.001429705,0.0010605,1.225e-05,2.4708e-05,0.0025271630000000002,6.723662172482945,0,0.0,0.0
uf20-91_uf20-0105,satlib_random_3sat_uf20,test,random_activation_matched_q,20,91,1,1,0,6,61,4,4,3,0.005536042037419975,6.044,0.001492333,0.001069293,1.2959e-05,7.8125e-05,0.00265271,6.757427128193644,1,0.16666666666666666,0.0
uf20-91_uf20-0105,satlib_random_3sat_uf20,test,state_Mode_A_always,20,91,1,1,0,12,100,9,9,4,0.010809791972860694,13.0,0.003328243,0.002298168,2.575e-05,7.6626e-05,0.005728786999999999,14.540715742558772,12,1.0,0.0
uf20-91_uf20-0105,satlib_random_3sat_uf20,test,state_gate_value_only_z_R,20,91,1,1,0,6,61,4,4,3,0.005846707965247333,6.044,0.001589448,0.001107001,1.4376e-05,6.5833e-05,0.002776658,6.7907620444435715,0,0.0,0.0
uf20-91_uf20-0105,satlib_random_3sat_uf20,test,state_gate_response_only_0_5z_t,20,91,1,1,0,7,32,2,2,4,0.005306542036123574,4.228,0.000854868,0.001683584,1.7291e-05,3.4957e-05,0.0025907,4.9247499881296015,1,0.14285714285714285,0.0
uf20-91_uf20-0105,satlib_random_3sat_uf20,test,Paper68_hard_threshold_0_5,20,91,1,1,0,8,45,3,3,5,0.0063303750939667225,5.58,0.001360246,0.001543293,2.2708e-05,4.5002e-05,0.0029712490000000005,6.379095883537302,4,0.5,0.0
uf20-91_uf20-0105,satlib_random_3sat_uf20,test,closure_HBV,20,91,1,1,0,6,61,4,4,3,0.005065583041869104,6.044,0.001439956,0.001029416,1.2749e-05,2.5083e-05,0.002507204,6.718294344091746,0,0.0,0.0
uf20-91_uf20-0105,satlib_random_3sat_uf20,test,closure_HSV,20,91,1,1,0,7,32,2,2,4,0.005023084115236998,4.228,0.000926671,0.001242874,1.5667e-05,3.4414e-05,0.002219626,4.824952325299013,1,0.14285714285714285,0.0
uf20-91_uf20-0105,satlib_random_3sat_uf20,test,closure_BSV,20,91,1,1,0,7,32,2,2,4,0.004565667011775076,4.228,0.00084575,0.001202915,1.421e-05,3.1874e-05,0.002094749,4.79136756123229,1,0.14285714285714285,0.0
uf20-91_uf20-0105,satlib_random_3sat_uf20,test,closure_HBS,20,91,1,1,0,7,32,2,2,4,0.004971374990418553,4.228,0.000834294,0.001637459,1.4418e-05,3.1083e-05,0.002517254,4.904997218751376,1,0.14285714285714285,0.0
uf20-91_uf20-0106,satlib_random_3sat_uf20,test,jeroslow_wang,20,91,1,1,0,9,97,8,8,5,0.005713458056561649,11.088,0.002575833,0.0,0.0,2.0335e-05,0.002596168,11.088,0,0.0,0.0
uf20-91_uf20-0106,satlib_random_3sat_uf20,test,vsids,20,91,1,1,0,11,75,6,6,5,0.005563082988373935,9.600000000000001,0.002072505,0.0,0.0,2.096e-05,0.002093465,9.600000000000001,0,0.0,0.0
uf20-91_uf20-0106,satlib_random_3sat_uf20,test,score_with_R_Paper69,20,91,1,1,0,8,88,6,6,5,0.005253750015981495,8.752,0.002257537,0.0,0.0,5.1666e-05,0.002309203,8.752,8,1.0,0.0
uf20-91_uf20-0106,satlib_random_3sat_uf20,test,static_gate_v17_Paper69,20,91,1,1,0,8,88,6,6,5,0.005553374998271465,8.752,0.002415041,0.0,0.0,5.3458e-05,0.0024684990000000003,8.752,8,1.0,0.0
uf20-91_uf20-0106,satlib_random_3sat_uf20,test,state_v18_primary,20,91,1,1,0,8,84,7,7,3,0.007666999939829111,9.736,0.002287247,0.001670541,2.0916e-05,4.4291e-05,0.0040229950000000006,10.8179553473947,1,0.125,0.0
uf20-91_uf20-0106,satlib_random_3sat_uf20,test,state_v18_gate_signal_shuffled,20,91,1,1,0,7,90,7,7,4,0.006915916921570897,9.459999999999999,0.002396631,0.001223376,1.6541e-05,3.8751e-05,0.0036752990000000004,10.448445028225088,2,0.2857142857142857,0.0
uf20-91_uf20-0106,satlib_random_3sat_uf20,test,random_activation_matched_q,20,91,1,1,0,7,65,5,5,3,0.0059397920267656446,7.359999999999999,0.001693836,0.001167624,1.5167e-05,4.2834e-05,0.0029194609999999995,8.145167876286267,1,0.14285714285714285,0.0
uf20-91_uf20-0106,satlib_random_3sat_uf20,test,state_Mode_A_always,20,91,1,1,0,8,88,6,6,5,0.007259082980453968,8.752,0.002231583,0.001450543,1.8043e-05,5.2252e-05,0.003752421,9.761186431160407,8,1.0,0.0
uf20-91_uf20-0106,satlib_random_3sat_uf20,test,state_gate_value_only_z_R,20,91,1,1,0,7,66,5,5,3,0.005951541941612959,7.364,0.001696794,0.001254999,1.6082e-05,2.854e-05,0.002996415,8.169864096839216,0,0.0,0.0
uf20-91_uf20-0106,satlib_random_3sat_uf20,test,state_gate_response_only_0_5z_t,20,91,1,1,0,9,96,8,8,3,0.008089583949185908,11.084,0.002663754,0.001528541,1.8625e-05,4.3377e-05,0.004254297000000001,12.228162343864515,2,0.2222222222222222,0.0
uf20-91_uf20-0106,satlib_random_3sat_uf20,test,Paper68_hard_threshold_0_5,20,91,1,1,0,9,118,8,8,5,0.008694416959770024,11.171999999999999,0.002988306,0.001532916,1.8707e-05,4.7374e-05,0.004587303,12.405721894004277,6,0.6666666666666666,0.0
uf20-91_uf20-0106,satlib_random_3sat_uf20,test,closure_HBV,20,91,1,1,0,9,96,8,8,3,0.008328250027261674,11.084,0.002596003,0.001464584,1.8792e-05,4.0291e-05,0.00411967,12.191955387963821,2,0.2222222222222222,0.0
uf20-91_uf20-0106,satlib_random_3sat_uf20,test,closure_HSV,20,91,1,1,0,8,84,7,7,3,0.0069767499808222055,9.736,0.002266843,0.001303833,1.679e-05,3.6043e-05,0.003623509,10.710516483088549,1,0.125,0.0
uf20-91_uf20-0106,satlib_random_3sat_uf20,test,closure_BSV,20,91,1,1,0,8,84,7,7,3,0.007443125010468066,9.736,0.0025125,0.001423624,3.5083e-05,3.6292e-05,0.004007499,10.813787810506577,1,0.125,0.0
uf20-91_uf20-0106,satlib_random_3sat_uf20,test,closure_HBS,20,91,1,1,0,7,66,5,5,3,0.006776083959266543,7.364,0.001931748,0.001483958,1.8709e-05,3.0416e-05,0.0034648310000000002,8.295841185054647,0,0.0,0.0
uf20-91_uf20-0107,satlib_random_3sat_uf20,test,jeroslow_wang,20,91,1,1,0,5,15,0,0,5,0.0016982920933514833,1.56,0.000258415,0.0,0.0,1.1959e-05,0.00027037400000000004,1.56,0,0.0,0.0
uf20-91_uf20-0107,satlib_random_3sat_uf20,test,vsids,20,91,1,1,0,11,92,8,8,6,0.0069850829895585775,11.668000000000001,0.002988212,0.0,0.0,2.3126e-05,0.003011338,11.668000000000001,0,0.0,0.0
uf20-91_uf20-0107,satlib_random_3sat_uf20,test,score_with_R_Paper69,20,91,1,1,0,4,28,1,1,3,0.0020392079604789615,2.3120000000000003,0.000628624,0.0,0.0,3.0001e-05,0.000658625,2.3120000000000003,4,1.0,0.0
uf20-91_uf20-0107,satlib_random_3sat_uf20,test,static_gate_v17_Paper69,20,91,1,1,0,4,28,1,1,3,0.0024319590302184224,2.3120000000000003,0.000723998,0.0,0.0,3.1958e-05,0.000755956,2.3120000000000003,4,1.0,0.0
uf20-91_uf20-0107,satlib_random_3sat_uf20,test,state_v18_primary,20,91,1,1,0,5,26,1,1,4,0.003445124952122569,2.604,0.000562752,0.000918624,1.2291e-05,2.0543e-05,0.00151421,3.0112358048117205,0,0.0,0.0
uf20-91_uf20-0107,satlib_random_3sat_uf20,test,state_v18_gate_signal_shuffled,20,91,1,1,0,5,26,1,1,4,0.003473374992609024,2.604,0.000571666,0.000939334,1.0292e-05,2.2166e-05,0.001543458,3.019101842428123,0,0.0,0.0
uf20-91_uf20-0107,satlib_random_3sat_uf20,test,random_activation_matched_q,20,91,1,1,0,5,30,1,1,4,0.0035572920460253954,2.62,0.000588207,0.000903624,1.0168e-05,3.2793e-05,0.0015347919999999999,3.032771184537541,2,0.4,0.0
uf20-91_uf20-0107,satlib_random_3sat_uf20,test,state_Mode_A_always,20,91,1,1,0,4,28,1,1,3,0.0038610000628978014,2.3120000000000003,0.000756043,0.000779,9.501e-06,2.8624e-05,0.001573168,2.7350921315960433,4,1.0,0.0
uf20-91_uf20-0107,satlib_random_3sat_uf20,test,state_gate_value_only_z_R,20,91,1,1,0,4,28,1,1,3,0.003199166036210954,2.3120000000000003,0.000600794,0.000790874,8.666e-06,2.2583e-05,0.001422917,2.6946832141349475,2,0.5,0.0
uf20-91_uf20-0107,satlib_random_3sat_uf20,test,state_gate_response_only_0_5z_t,20,91,1,1,0,5,26,1,1,4,0.003371833940036595,2.604,0.000555166,0.000881708,1.0334e-05,1.9583e-05,0.001466791,2.998482808445056,0,0.0,0.0
uf20-91_uf20-0107,satlib_random_3sat_uf20,test,Paper68_hard_threshold_0_5,20,91,1,1,0,4,28,1,1,3,0.003240666934289038,2.3120000000000003,0.000609873,0.00080275,9.833e-06,2.7167e-05,0.0014496230000000001,2.701865599275253,2,0.5,0.0
uf20-91_uf20-0107,satlib_random_3sat_uf20,test,closure_HBV,20,91,1,1,0,5,26,1,1,4,0.003437125007621944,2.604,0.000568004,0.000891042,1.05e-05,2.4334e-05,0.00149388,3.0057681986594544,1,0.2,0.0
uf20-91_uf20-0107,satlib_random_3sat_uf20,test,closure_HSV,20,91,1,1,0,5,26,1,1,4,0.0036952500231564045,2.604,0.000570214,0.000938792,1.0792e-05,2.1417e-05,0.0015412149999999999,3.018498603834934,0,0.0,0.0
uf20-91_uf20-0107,satlib_random_3sat_uf20,test,closure_BSV,20,91,1,1,0,5,26,1,1,4,0.00336583296302706,2.604,0.000565081,0.000882916,1.0208e-05,1.971e-05,0.001477915,3.0014745276205503,0,0.0,0.0
uf20-91_uf20-0107,satlib_random_3sat_uf20,test,closure_HBS,20,91,1,1,0,5,26,1,1,4,0.003770457929931581,2.604,0.000822962,0.000899292,1.1335e-05,2.175e-05,0.0017553389999999999,3.076085701707425,0,0.0,0.0
uf20-91_uf20-0109,satlib_random_3sat_uf20,test,jeroslow_wang,20,91,1,1,0,4,43,2,2,3,0.0025604170514270663,3.3720000000000003,0.001037795,0.0,0.0,9.917e-06,0.001047712,3.3720000000000003,0,0.0,0.0
uf20-91_uf20-0109,satlib_random_3sat_uf20,test,vsids,20,91,1,1,0,10,111,8,8,5,0.006947500049136579,11.444,0.003194828,0.0,0.0,2.1874e-05,0.0032167019999999997,11.444,0,0.0,0.0
uf20-91_uf20-0109,satlib_random_3sat_uf20,test,score_with_R_Paper69,20,91,1,1,0,7,38,3,3,5,0.003111083060503006,5.252,0.001006746,0.0,0.0,3.9959e-05,0.001046705,5.252,7,1.0,0.0
uf20-91_uf20-0109,satlib_random_3sat_uf20,test,static_gate_v17_Paper69,20,91,1,1,0,5,15,0,0,5,0.001720665954053402,1.56,0.000272749,0.0,0.0,3.2416e-05,0.000305165,1.56,5,1.0,0.0
uf20-91_uf20-0109,satlib_random_3sat_uf20,test,state_v18_primary,20,91,1,1,0,3,31,2,2,2,0.0031198749784380198,3.024,0.00069383,0.000793626,9.126e-06,1.7043e-05,0.0015136249999999998,3.431078473301682,1,0.3333333333333333,0.0
uf20-91_uf20-0109,satlib_random_3sat_uf20,test,state_v18_gate_signal_shuffled,20,91,1,1,0,3,31,2,2,2,0.002692250069230795,3.024,0.000684379,0.000538958,6.25e-06,1.1792e-05,0.0012413790000000001,3.357859884785709,0,0.0,0.0
uf20-91_uf20-0109,satlib_random_3sat_uf20,test,random_activation_matched_q,20,91,1,1,0,3,31,2,2,2,0.0028472079429775476,3.024,0.000685374,0.000647624,8.291e-06,1.8542e-05,0.001359831,3.389716691669535,0,0.0,0.0
uf20-91_uf20-0109,satlib_random_3sat_uf20,test,state_Mode_A_always,20,91,1,1,0,7,38,3,3,5,0.004988541943021119,5.252,0.001051791,0.001240666,1.3834e-05,4.0334e-05,0.002346625,5.883107785885909,7,1.0,0.0
uf20-91_uf20-0109,satlib_random_3sat_uf20,test,state_gate_value_only_z_R,20,91,1,1,0,3,31,2,2,2,0.0028020000318065286,3.024,0.000775834,0.000529875,6.168e-06,1.3959e-05,0.001325836,3.3805739828084294,1,0.3333333333333333,0.0
uf20-91_uf20-0109,satlib_random_3sat_uf20,test,state_gate_response_only_0_5z_t,20,91,1,1,0,3,31,2,2,2,0.002635709010064602,3.024,0.000674961,0.000525542,5.959e-06,1.3501e-05,0.001219963,3.352100206804552,1,0.3333333333333333,0.0
uf20-91_uf20-0109,satlib_random_3sat_uf20,test,Paper68_hard_threshold_0_5,20,91,1,1,0,6,44,4,4,3,0.004952499992214143,5.976,0.001295872,0.001068041,1.1876e-05,2.8875e-05,0.002404664,6.622716954280959,2,0.3333333333333333,0.0
uf20-91_uf20-0109,satlib_random_3sat_uf20,test,closure_HBV,20,91,1,1,0,3,31,2,2,2,0.00265895901247859,3.024,0.000674875,0.000535834,6.042e-06,1.3459e-05,0.0012302099999999998,3.3548560631863653,1,0.3333333333333333,0.0
uf20-91_uf20-0109,satlib_random_3sat_uf20,test,closure_HSV,20,91,1,1,0,3,31,2,2,2,0.0029863329837098718,3.024,0.000863418,0.000578125,7.501e-06,1.6542e-05,0.001465586,3.4181587324286524,1,0.3333333333333333,0.0
uf20-91_uf20-0109,satlib_random_3sat_uf20,test,closure_BSV,20,91,1,1,0,3,31,2,2,2,0.0027773339534178376,3.024,0.000703709,0.000578375,6.542e-06,1.5292e-05,0.001303918,3.374679295565667,1,0.3333333333333333,0.0
uf20-91_uf20-0109,satlib_random_3sat_uf20,test,closure_HBS,20,91,1,1,0,3,31,2,2,2,0.0027935419930145144,3.024,0.000723709,0.0005575,6.917e-06,1.6293e-05,0.001304419,3.37481403588452,1,0.3333333333333333,0.0
uf20-91_uf20-011,satlib_random_3sat_uf20,test,jeroslow_wang,20,91,1,1,0,6,12,0,0,6,0.001655917032621801,1.8479999999999999,0.000278499,0.0,0.0,1.2415e-05,0.000290914,1.8479999999999999,0,0.0,0.0
uf20-91_uf20-011,satlib_random_3sat_uf20,test,vsids,20,91,1,1,0,9,51,4,4,4,0.004248499986715615,6.903999999999999,0.001600831,0.0,0.0,1.7581e-05,0.001618412,6.903999999999999,0,0.0,0.0
uf20-91_uf20-011,satlib_random_3sat_uf20,test,score_with_R_Paper69,20,91,1,1,0,5,13,0,0,5,0.0013973750174045563,1.552,0.00024525,0.0,0.0,2.6582e-05,0.000271832,1.552,5,1.0,0.0
uf20-91_uf20-011,satlib_random_3sat_uf20,test,static_gate_v17_Paper69,20,91,1,1,0,5,13,0,0,5,0.0014412910677492619,1.552,0.000246623,0.0,0.0,2.9501e-05,0.000276124,1.552,5,1.0,0.0
uf20-91_uf20-011,satlib_random_3sat_uf20,test,state_v18_primary,20,91,1,1,0,4,13,0,0,4,0.002451875014230609,1.252,0.00024604,0.000667959,1.0834e-05,1.5293e-05,0.000940126,1.504840073856614,0,0.0,0.0
uf20-91_uf20-011,satlib_random_3sat_uf20,test,state_v18_gate_signal_shuffled,20,91,1,1,0,4,13,0,0,4,0.0023492909967899323,1.252,0.000245128,0.000631291,7.999e-06,1.4874e-05,0.000899292,1.4938580655131992,0,0.0,0.0
uf20-91_uf20-011,satlib_random_3sat_uf20,test,random_activation_matched_q,20,91,1,1,0,4,13,0,0,4,0.002554332953877747,1.252,0.000267748,0.000789083,8.667e-06,2.6834e-05,0.0010923320000000001,1.5457747743982644,1,0.25,0.0
uf20-91_uf20-011,satlib_random_3sat_uf20,test,state_Mode_A_always,20,91,1,1,0,5,13,0,0,5,0.0027253750013187528,1.552,0.000244251,0.000877499,1.0501e-05,2.7749e-05,0.00116,1.8639735925542662,5,1.0,0.0
uf20-91_uf20-011,satlib_random_3sat_uf20,test,state_gate_value_only_z_R,20,91,1,1,0,4,13,0,0,4,0.0023740000324323773,1.252,0.000249207,0.000639584,8.249e-06,1.5459e-05,0.000912499,1.4974099924415305,0,0.0,0.0
uf20-91_uf20-011,satlib_random_3sat_uf20,test,state_gate_response_only_0_5z_t,20,91,1,1,0,6,12,0,0,6,0.0034542089561000466,1.8479999999999999,0.000332791,0.000946917,1.3916e-05,6.4956e-05,0.00135858,2.21338024428653,2,0.3333333333333333,0.0
uf20-91_uf20-011,satlib_random_3sat_uf20,test,Paper68_hard_threshold_0_5,20,91,1,1,0,5,13,0,0,5,0.0029367079259827733,1.552,0.00026275,0.001013415,1.1541e-05,2.6333e-05,0.0013140389999999997,1.9054012651607029,3,0.6,0.0
uf20-91_uf20-011,satlib_random_3sat_uf20,test,closure_HBV,20,91,1,1,0,4,13,0,0,4,0.0033239159965887666,1.252,0.000481042,0.001046624,1.0375e-05,1.8541e-05,0.001556582,1.6706314471080215,0,0.0,0.0
uf20-91_uf20-011,satlib_random_3sat_uf20,test,closure_HSV,20,91,1,1,0,4,13,0,0,4,0.002877832972444594,1.252,0.000271792,0.00067575,9.584e-06,1.6666e-05,0.000973792,1.513894300552245,0,0.0,0.0
uf20-91_uf20-011,satlib_random_3sat_uf20,test,closure_BSV,20,91,1,1,0,6,12,0,0,6,0.0030159580055624247,1.8479999999999999,0.000257958,0.0009065,1.2583e-05,2.8668e-05,0.001205709,2.172266696814665,2,0.3333333333333333,0.0
uf20-91_uf20-011,satlib_random_3sat_uf20,test,closure_HBS,20,91,1,1,0,4,13,0,0,4,0.0032931669848039746,1.252,0.000257916,0.0006615,9.542e-06,2.1375e-05,0.0009503329999999999,1.5075851725283391,0,0.0,0.0
uf20-91_uf20-0110,satlib_random_3sat_uf20,test,jeroslow_wang,20,91,1,1,0,8,10,0,0,8,0.0019163750112056732,2.44,0.000260291,0.0,0.0,1.5291e-05,0.000275582,2.44,0,0.0,0.0
uf20-91_uf20-0110,satlib_random_3sat_uf20,test,vsids,20,91,1,1,0,7,11,0,0,7,0.0016993749886751175,2.144,0.000250793,0.0,0.0,1.171e-05,0.00026250300000000003,2.144,0,0.0,0.0
uf20-91_uf20-0110,satlib_random_3sat_uf20,test,score_with_R_Paper69,20,91,1,1,0,7,11,0,0,7,0.0018732909811660647,2.144,0.000255211,0.0,0.0,3.9875e-05,0.00029508599999999996,2.144,7,1.0,0.0
uf20-91_uf20-0110,satlib_random_3sat_uf20,test,static_gate_v17_Paper69,20,91,1,1,0,7,11,0,0,7,0.001772457966580987,2.144,0.000245708,0.0,0.0,3.5459e-05,0.00028116700000000003,2.144,7,1.0,0.0
uf20-91_uf20-0110,satlib_random_3sat_uf20,test,state_v18_primary,20,91,1,1,0,6,12,0,0,6,0.0030706250108778477,1.8479999999999999,0.000251417,0.000953959,1.3001e-05,2.2833e-05,0.00124121,2.1818144334605867,0,0.0,0.0
uf20-91_uf20-0110,satlib_random_3sat_uf20,test,state_v18_gate_signal_shuffled,20,91,1,1,0,6,12,0,0,6,0.003391208010725677,1.8479999999999999,0.000272539,0.000985209,1.3333e-05,3.1458e-05,0.001302539,2.1983084235103805,2,0.3333333333333333,0.0
uf20-91_uf20-0110,satlib_random_3sat_uf20,test,random_activation_matched_q,20,91,1,1,0,7,11,0,0,7,0.0035354580031707883,2.144,0.000272292,0.001102083,1.4457e-05,4.1457e-05,0.001430289,2.52866586010418,2,0.2857142857142857,0.0
uf20-91_uf20-0110,satlib_random_3sat_uf20,test,state_Mode_A_always,20,91,1,1,0,7,11,0,0,7,0.0036117919953539968,2.144,0.000271958,0.001147334,1.4958e-05,4.0874e-05,0.001475124,2.540723908399155,7,1.0,0.0
uf20-91_uf20-0110,satlib_random_3sat_uf20,test,state_gate_value_only_z_R,20,91,1,1,0,6,12,0,0,6,0.0031112090218812227,1.8479999999999999,0.000252334,0.000950333,1.3458e-05,2.1917e-05,0.0012380420000000002,2.180962422821611,0,0.0,0.0
uf20-91_uf20-0110,satlib_random_3sat_uf20,test,state_gate_response_only_0_5z_t,20,91,1,1,0,7,11,0,0,7,0.003389792051166296,2.144,0.0002625,0.00108175,1.4251e-05,2.829e-05,0.001386791,2.5169673882688994,1,0.14285714285714285,0.0
uf20-91_uf20-0110,satlib_random_3sat_uf20,test,Paper68_hard_threshold_0_5,20,91,1,1,0,7,11,0,0,7,0.0035864589735865593,2.144,0.000272208,0.001214336,1.4999e-05,3.1377e-05,0.0015329200000000001,2.5562677237054188,2,0.2857142857142857,0.0
uf20-91_uf20-0110,satlib_random_3sat_uf20,test,closure_HBV,20,91,1,1,0,6,12,0,0,6,0.0029887910932302475,1.8479999999999999,0.000258,0.000889624,1.1916e-05,2.1626e-05,0.001181166,2.165666034847373,0,0.0,0.0
uf20-91_uf20-0110,satlib_random_3sat_uf20,test,closure_HSV,20,91,1,1,0,6,12,0,0,6,0.0036183750489726663,1.8479999999999999,0.000253624,0.000913376,1.3085e-05,2.1833e-05,0.001201918,2.1712471348410673,0,0.0,0.0
uf20-91_uf20-0110,satlib_random_3sat_uf20,test,closure_BSV,20,91,1,1,0,6,12,0,0,6,0.0030632499838247895,1.8479999999999999,0.000249625,0.000966293,1.2292e-05,2.1627e-05,0.001249837,2.184134602583833,0,0.0,0.0
uf20-91_uf20-0110,satlib_random_3sat_uf20,test,closure_HBS,20,91,1,1,0,6,12,0,0,6,0.003154957899823785,1.8479999999999999,0.000252959,0.000917247,1.2167e-05,2.2793e-05,0.001205166,2.1721206609002195,0,0.0,0.0
uf20-91_uf20-0111,satlib_random_3sat_uf20,test,jeroslow_wang,20,91,1,1,0,5,14,0,0,5,0.0017356669995933771,1.556,0.000274914,0.0,0.0,1.15e-05,0.000286414,1.556,0,0.0,0.0
uf20-91_uf20-0111,satlib_random_3sat_uf20,test,vsids,20,91,1,1,0,7,13,0,0,7,0.0016521249199286103,2.152,0.000269541,0.0,0.0,1.0291e-05,0.000279832,2.152,0,0.0,0.0
uf20-91_uf20-0111,satlib_random_3sat_uf20,test,score_with_R_Paper69,20,91,1,1,0,5,13,0,0,5,0.001448958064429462,1.552,0.000259041,0.0,0.0,2.6499e-05,0.00028554,1.552,5,1.0,0.0
uf20-91_uf20-0111,satlib_random_3sat_uf20,test,static_gate_v17_Paper69,20,91,1,1,0,5,13,0,0,5,0.0017850000876933336,1.552,0.000356916,0.0,0.0,8.1126e-05,0.000438042,1.552,5,1.0,0.0
uf20-91_uf20-0111,satlib_random_3sat_uf20,test,state_v18_primary,20,91,1,1,0,7,12,0,0,7,0.003897791961207986,2.148,0.000279042,0.001164667,1.8498e-05,3.1539e-05,0.001493746,2.5497321603306595,1,0.14285714285714285,0.0
uf20-91_uf20-0111,satlib_random_3sat_uf20,test,state_v18_gate_signal_shuffled,20,91,1,1,0,4,15,0,0,4,0.0026915828930214047,1.26,0.00028104,0.000784209,8.958e-06,2.1292e-05,0.001095499,1.5546265160944879,1,0.25,0.0
uf20-91_uf20-0111,satlib_random_3sat_uf20,test,random_activation_matched_q,20,91,1,1,0,5,14,0,0,5,0.0035647910553961992,1.556,0.000291,0.001176332,1.2626e-05,3.5625e-05,0.001515583,1.9636050632104936,1,0.2,0.0
uf20-91_uf20-0111,satlib_random_3sat_uf20,test,state_Mode_A_always,20,91,1,1,0,5,13,0,0,5,0.002725041937083006,1.552,0.000261377,0.000779793,1.054e-05,2.8709e-05,0.001080419,1.8425708593912826,5,1.0,0.0
uf20-91_uf20-0111,satlib_random_3sat_uf20,test,state_gate_value_only_z_R,20,91,1,1,0,7,11,0,0,7,0.0035502499667927623,2.144,0.00026904,0.001055,1.4417e-05,2.5667e-05,0.001364124,2.510871262904738,0,0.0,0.0
uf20-91_uf20-0111,satlib_random_3sat_uf20,test,state_gate_response_only_0_5z_t,20,91,1,1,0,3,15,0,0,3,0.0022039590403437614,0.96,0.000263416,0.000589125,5.958e-06,1.4666e-05,0.0008731650000000001,1.1948313982264187,1,0.3333333333333333,0.0
uf20-91_uf20-0111,satlib_random_3sat_uf20,test,Paper68_hard_threshold_0_5,20,91,1,1,0,5,13,0,0,5,0.003055916982702911,1.552,0.000268123,0.000787208,1.0248e-05,2.4541e-05,0.0010901200000000002,1.8451798730303937,3,0.6,0.0
uf20-91_uf20-0111,satlib_random_3sat_uf20,test,closure_HBV,20,91,1,1,0,7,12,0,0,7,0.003525625099427998,2.148,0.000279458,0.001058833,1.4749e-05,2.8581e-05,0.001381621,2.5195769542400157,1,0.14285714285714285,0.0
uf20-91_uf20-0111,satlib_random_3sat_uf20,test,closure_HSV,20,91,1,1,0,7,12,0,0,7,0.0033825839636847377,2.148,0.000266668,0.001026625,1.3791e-05,2.6916e-05,0.0013340000000000001,2.506769631437406,1,0.14285714285714285,0.0
uf20-91_uf20-0111,satlib_random_3sat_uf20,test,closure_BSV,20,91,1,1,0,7,12,0,0,7,0.0036631659604609013,2.148,0.000275544,0.001156083,1.4457e-05,2.95e-05,0.001475584,2.5448476220651677,1,0.14285714285714285,0.0
uf20-91_uf20-0111,satlib_random_3sat_uf20,test,closure_HBS,20,91,1,1,0,7,12,0,0,7,0.0034057090524584055,2.148,0.000267374,0.001038165,1.3918e-05,2.7959e-05,0.001347416,2.5103777674009478,1,0.14285714285714285,0.0
uf20-91_uf20-0112,satlib_random_3sat_uf20,test,jeroslow_wang,20,91,1,1,0,6,13,0,0,6,0.0016629170859232545,1.8519999999999999,0.000250127,0.0,0.0,1.2251e-05,0.000262378,1.8519999999999999,0,0.0,0.0
uf20-91_uf20-0112,satlib_random_3sat_uf20,test,vsids,20,91,1,1,0,8,65,4,4,4,0.0046230420703068376,6.66,0.001897794,0.0,0.0,2.5333e-05,0.001923127,6.66,0,0.0,0.0
uf20-91_uf20-0112,satlib_random_3sat_uf20,test,score_with_R_Paper69,20,91,1,1,0,9,22,1,1,7,0.002534167026169598,3.788,0.00049021,0.0,0.0,4.2334e-05,0.000532544,3.788,9,1.0,0.0
uf20-91_uf20-0112,satlib_random_3sat_uf20,test,static_gate_v17_Paper69,20,91,1,1,0,7,12,0,0,7,0.0019540409557521343,2.148,0.000253625,0.0,0.0,4.0624e-05,0.000294249,2.148,7,1.0,0.0
uf20-91_uf20-0112,satlib_random_3sat_uf20,test,state_v18_primary,20,91,1,1,0,8,11,0,0,8,0.003558625001460314,2.444,0.000262042,0.001130832,1.8583e-05,3.4918e-05,0.0014463750000000002,2.8329920732161007,2,0.25,0.0
uf20-91_uf20-0112,satlib_random_3sat_uf20,test,state_v18_gate_signal_shuffled,20,91,1,1,0,8,11,0,0,8,0.0036481251008808613,2.444,0.000264668,0.001265082,1.6498e-05,3.0459e-05,0.0015767070000000001,2.8680439199960857,1,0.125,0.0
uf20-91_uf20-0112,satlib_random_3sat_uf20,test,random_activation_matched_q,20,91,1,1,0,6,27,1,1,5,0.0038125839782878757,2.908,0.000655128,0.000954042,1.2459e-05,5.6375e-05,0.001678004,3.359287013965887,3,0.5,0.0
uf20-91_uf20-0112,satlib_random_3sat_uf20,test,state_Mode_A_always,20,91,1,1,0,9,22,1,1,7,0.005563875078223646,3.788,0.000576035,0.00161196,1.9415e-05,0.000104873,0.002312283,4.40987175388979,9,1.0,0.0
uf20-91_uf20-0112,satlib_random_3sat_uf20,test,state_gate_value_only_z_R,20,91,1,1,0,8,11,0,0,8,0.003444167086854577,2.444,0.000255043,0.001104499,1.6252e-05,2.6291e-05,0.001402085,2.821080598721076,0,0.0,0.0
uf20-91_uf20-0112,satlib_random_3sat_uf20,test,state_gate_response_only_0_5z_t,20,91,1,1,0,8,11,0,0,8,0.004445499973371625,2.444,0.000282293,0.001590915,6.3583e-05,4.0169e-05,0.00197696,2.9756890633931743,2,0.25,0.0
uf20-91_uf20-0112,satlib_random_3sat_uf20,test,Paper68_hard_threshold_0_5,20,91,1,1,0,8,11,0,0,8,0.003486042027361691,2.444,0.000257628,0.001113376,1.6791e-05,3.2875e-05,0.0014206699999999997,2.8260788997707493,3,0.375,0.0
uf20-91_uf20-0112,satlib_random_3sat_uf20,test,closure_HBV,20,91,1,1,0,8,11,0,0,8,0.0035880000796169043,2.444,0.000265499,0.0011585,1.7043e-05,2.675e-05,0.001467792,2.83875202014001,0,0.0,0.0
uf20-91_uf20-0112,satlib_random_3sat_uf20,test,closure_HSV,20,91,1,1,0,8,11,0,0,8,0.0035046659177169204,2.444,0.00026304,0.001124166,1.7166e-05,3.4208e-05,0.00143858,2.8308956644626866,2,0.25,0.0
uf20-91_uf20-0112,satlib_random_3sat_uf20,test,closure_BSV,20,91,1,1,0,8,11,0,0,8,0.003477000049315393,2.444,0.000259459,0.00107671,1.6541e-05,2.9708e-05,0.001382418,2.8157913016135203,1,0.125,0.0
uf20-91_uf20-0112,satlib_random_3sat_uf20,test,closure_HBS,20,91,1,1,0,8,11,0,0,8,0.0035157499369233847,2.444,0.000258168,0.001151249,1.6168e-05,3.1831e-05,0.001457416,2.8359614701431624,2,0.25,0.0
uf20-91_uf20-0113,satlib_random_3sat_uf20,test,jeroslow_wang,20,91,1,1,0,6,39,2,2,5,0.0024759999942034483,3.956,0.000715077,0.0,0.0,1.3459e-05,0.000728536,3.956,0,0.0,0.0
uf20-91_uf20-0113,satlib_random_3sat_uf20,test,vsids,20,91,1,1,0,11,107,8,8,5,0.006531374994665384,11.728000000000002,0.002928417,0.0,0.0,2.1793e-05,0.00295021,11.728000000000002,0,0.0,0.0
uf20-91_uf20-0113,satlib_random_3sat_uf20,test,score_with_R_Paper69,20,91,1,1,0,6,26,1,1,6,0.002129666041582823,2.904,0.000481749,0.0,0.0,3.9916e-05,0.000521665,2.904,6,1.0,0.0
uf20-91_uf20-0113,satlib_random_3sat_uf20,test,static_gate_v17_Paper69,20,91,1,1,0,8,51,5,5,5,0.0036798749351873994,7.604,0.001255085,0.0,0.0,5.8375e-05,0.00131346,7.604,8,1.0,0.0
uf20-91_uf20-0113,satlib_random_3sat_uf20,test,state_v18_primary,20,91,1,1,0,4,16,0,0,4,0.0031050420366227627,1.264,0.000337667,0.000771374,9.375e-06,1.6291e-05,0.0011347070000000002,1.5691712235228223,0,0.0,0.0
uf20-91_uf20-0113,satlib_random_3sat_uf20,test,state_v18_gate_signal_shuffled,20,91,1,1,0,4,16,0,0,4,0.0028322909492999315,1.264,0.000283416,0.000838081,9.082e-06,1.7541e-05,0.00114812,1.572778552658107,0,0.0,0.0
uf20-91_uf20-0113,satlib_random_3sat_uf20,test,random_activation_matched_q,20,91,1,1,0,4,16,0,0,4,0.0027110420633107424,1.264,0.000278,0.000763791,8.042e-06,2.2208e-05,0.001072041,1.5523176570133346,0,0.0,0.0
uf20-91_uf20-0113,satlib_random_3sat_uf20,test,state_Mode_A_always,20,91,1,1,0,6,26,1,1,6,0.0036937090335413814,2.904,0.000443747,0.001150041,1.2708e-05,3.5084e-05,0.00164158,3.345491043159683,6,1.0,0.0
uf20-91_uf20-0113,satlib_random_3sat_uf20,test,state_gate_value_only_z_R,20,91,1,1,0,4,16,0,0,4,0.0027225830126553774,1.264,0.000290042,0.000779332,8.584e-06,2.2416e-05,0.001100374,1.5599376120114725,2,0.5,0.0
uf20-91_uf20-0113,satlib_random_3sat_uf20,test,state_gate_response_only_0_5z_t,20,91,1,1,0,4,16,0,0,4,0.0027653330471366644,1.264,0.00029254,0.000790625,8.666e-06,1.6209e-05,0.0011080400000000002,1.5619993271498527,0,0.0,0.0
uf20-91_uf20-0113,satlib_random_3sat_uf20,test,Paper68_hard_threshold_0_5,20,91,1,1,0,4,16,0,0,4,0.0031024999916553497,1.264,0.000325874,0.001061209,8.917e-06,4.8333e-05,0.001444333,1.6524428921161043,2,0.5,0.0
uf20-91_uf20-0113,satlib_random_3sat_uf20,test,closure_HBV,20,91,1,1,0,4,16,0,0,4,0.0027340420056134462,1.264,0.000280084,0.000761876,8.707e-06,1.7126e-05,0.0010677929999999998,1.5511751882019806,0,0.0,0.0
uf20-91_uf20-0113,satlib_random_3sat_uf20,test,closure_HSV,20,91,1,1,0,4,16,0,0,4,0.003024540957994759,1.264,0.00035829,0.000794875,9.042e-06,2.3958e-05,0.0011861649999999999,1.5830104796656304,0,0.0,0.0
uf20-91_uf20-0113,satlib_random_3sat_uf20,test,closure_BSV,20,91,1,1,0,4,16,0,0,4,0.0030646659433841705,1.264,0.000314667,0.000991876,9.583e-06,1.8541e-05,0.001334667,1.6229490162531248,0,0.0,0.0
uf20-91_uf20-0113,satlib_random_3sat_uf20,test,closure_HBS,20,91,1,1,0,4,16,0,0,4,0.002821333007887006,1.264,0.000282872,0.000809376,9.334e-06,1.6958e-05,0.0011185400000000001,1.5648232260479733,0,0.0,0.0
uf20-91_uf20-0115,satlib_random_3sat_uf20,test,jeroslow_wang,20,91,1,1,0,7,85,6,6,4,0.005150582990609109,8.44,0.002320501,0.0,0.0,1.6666e-05,0.002337167,8.44,0,0.0,0.0
uf20-91_uf20-0115,satlib_random_3sat_uf20,test,vsids,20,91,1,1,0,8,74,5,5,4,0.004750207997858524,7.696000000000001,0.002107589,0.0,0.0,1.6124e-05,0.002123713,7.696000000000001,0,0.0,0.0
uf20-91_uf20-0115,satlib_random_3sat_uf20,test,score_with_R_Paper69,20,91,1,1,0,9,64,5,5,4,0.004129542037844658,7.9559999999999995,0.001600293,0.0,0.0,4.6543e-05,0.001646836,7.9559999999999995,9,1.0,0.0
uf20-91_uf20-0115,satlib_random_3sat_uf20,test,static_gate_v17_Paper69,20,91,1,1,0,9,64,5,5,4,0.0042585000628605485,7.9559999999999995,0.001662122,0.0,0.0,5.0834e-05,0.001712956,7.9559999999999995,9,1.0,0.0
uf20-91_uf20-0115,satlib_random_3sat_uf20,test,state_v18_primary,20,91,1,1,0,9,101,7,7,3,0.008465540944598615,10.104,0.002706754,0.001699249,2.1124e-05,4.0665e-05,0.004467792,11.30558027674587,1,0.1111111111111111,0.0
uf20-91_uf20-0115,satlib_random_3sat_uf20,test,state_v18_gate_signal_shuffled,20,91,1,1,0,7,91,6,6,3,0.006885375012643635,8.464,0.002313625,0.001377791,1.5294e-05,2.9501e-05,0.003736211,9.468826869147215,0,0.0,0.0
uf20-91_uf20-0115,satlib_random_3sat_uf20,test,random_activation_matched_q,20,91,1,1,0,6,40,2,2,4,0.004002667032182217,3.96,0.000893501,0.000908374,1.2668e-05,3.825e-05,0.0018527930000000001,4.458295248680514,3,0.5,0.0
uf20-91_uf20-0115,satlib_random_3sat_uf20,test,state_Mode_A_always,20,91,1,1,0,9,64,5,5,4,0.006322875036858022,7.9559999999999995,0.001696792,0.001406293,1.8294e-05,4.8168e-05,0.003169547,8.808426693413445,9,1.0,0.0
uf20-91_uf20-0115,satlib_random_3sat_uf20,test,state_gate_value_only_z_R,20,91,1,1,0,7,91,6,6,3,0.007277375087141991,8.464,0.00255434,0.001375542,1.5459e-05,3e-05,0.003975340999999999,9.533139149481267,0,0.0,0.0
uf20-91_uf20-0115,satlib_random_3sat_uf20,test,state_gate_response_only_0_5z_t,20,91,1,1,0,9,101,7,7,3,0.00950320903211832,10.104,0.003274955,0.00193446,2.8043e-05,6.2834e-05,0.005300292000000001,11.529475117953996,1,0.1111111111111111,0.0
uf20-91_uf20-0115,satlib_random_3sat_uf20,test,Paper68_hard_threshold_0_5,20,91,1,1,0,8,50,4,4,4,0.007056540925987065,6.6000000000000005,0.002018548,0.001318834,2.0707e-05,7.875e-05,0.0034368389999999997,7.524312939535011,4,0.5,0.0
uf20-91_uf20-0115,satlib_random_3sat_uf20,test,closure_HBV,20,91,1,1,0,10,104,7,7,4,0.008799082948826253,10.416,0.002813081,0.001830332,2.0791e-05,8.0125e-05,0.004744329,11.691952898611543,3,0.3,0.0
uf20-91_uf20-0115,satlib_random_3sat_uf20,test,closure_HSV,20,91,1,1,0,9,101,7,7,3,0.008409084053710103,10.104,0.002821923,0.0016505,1.9249e-05,4.2667e-05,0.004534338999999999,11.323477610076653,1,0.1111111111111111,0.0
uf20-91_uf20-0115,satlib_random_3sat_uf20,test,closure_BSV,20,91,1,1,0,9,101,7,7,3,0.008518624934367836,10.104,0.002784375,0.001635208,1.8208e-05,4.0541e-05,0.004478331999999999,11.308414933354078,1,0.1111111111111111,0.0
uf20-91_uf20-0115,satlib_random_3sat_uf20,test,closure_HBS,20,91,1,1,0,9,101,7,7,3,0.00827904196921736,10.104,0.002837013,0.001624124,1.8333e-05,4.1125e-05,0.0045205950000000005,11.31978126089039,1,0.1111111111111111,0.0
uuf50-218_uuf50-01,satlib_random_3sat_uuf50,test,jeroslow_wang,50,218,1,0,0,41,722,36,35,6,0.06162454094737768,51.187999999999995,0.024787157,0.0,0.0,0.000188289,0.024975446000000002,51.187999999999995,0,0.0,0.0
uuf50-218_uuf50-01,satlib_random_3sat_uuf50,test,vsids,50,218,1,0,0,55,876,48,47,7,0.0806981670903042,68.004,0.030794966,0.0,0.0,0.000238543,0.031033509,68.004,0,0.0,0.0
uuf50-218_uuf50-01,satlib_random_3sat_uuf50,test,score_with_R_Paper69,50,218,1,0,0,59,1050,51,50,8,0.09050091600511223,72.9,0.035892125,0.0,0.0,0.000673333,0.036565457999999995,72.9,59,1.0,0.0
uuf50-218_uuf50-01,satlib_random_3sat_uuf50,test,static_gate_v17_Paper69,50,218,1,0,0,48,912,46,45,7,0.08163324999623,64.048,0.033138829,0.0,0.0,0.000552921,0.03369175,64.048,48,1.0,0.0
uuf50-218_uuf50-01,satlib_random_3sat_uuf50,test,state_v18_primary,50,218,1,0,0,27,409,26,25,6,0.0759317500051111,35.736000000000004,0.018223276,0.019604377,0.000107586,0.000480083,0.038415322,46.06752242540426,2,0.07407407407407407,0.0
uuf50-218_uuf50-01,satlib_random_3sat_uuf50,test,state_v18_gate_signal_shuffled,50,218,1,0,0,28,531,28,27,8,0.058277291944250464,38.524,0.017791915,0.011740915,5.9371e-05,0.000202999,0.029795199999999994,46.537203090407644,1,0.03571428571428571,0.0
uuf50-218_uuf50-01,satlib_random_3sat_uuf50,test,random_activation_matched_q,50,218,1,0,0,36,655,34,33,7,0.07527433300856501,47.419999999999995,0.022565255,0.015382208,7.7788e-05,0.000401419,0.03842667,57.75457438775624,13,0.3611111111111111,0.0
uuf50-218_uuf50-01,satlib_random_3sat_uuf50,test,state_Mode_A_always,50,218,1,0,0,59,1050,51,50,8,0.11702562507707626,72.9,0.034826768,0.024921831,0.000125579,0.000511463,0.060385641,89.14028048401914,59,1.0,0.0
uuf50-218_uuf50-01,satlib_random_3sat_uuf50,test,state_gate_value_only_z_R,50,218,1,0,0,28,530,28,27,8,0.05830300005618483,38.519999999999996,0.018025684,0.011599083,5.783e-05,0.000196917,0.029879514,46.5558787296168,0,0.0,0.0
uuf50-218_uuf50-01,satlib_random_3sat_uuf50,test,state_gate_response_only_0_5z_t,50,218,1,0,0,25,456,24,23,6,0.054014959023334086,33.324,0.015900263,0.011296372,5.454e-05,0.000244332,0.027495507000000002,40.71871732576808,6,0.24,0.0
uuf50-218_uuf50-01,satlib_random_3sat_uuf50,test,Paper68_hard_threshold_0_5,50,218,1,0,0,37,778,36,35,7,0.0840571658918634,50.212,0.026807427,0.01754667,7.7585e-05,0.000292873,0.044724555,62.24034491270765,16,0.43243243243243246,0.0
uuf50-218_uuf50-01,satlib_random_3sat_uuf50,test,closure_HBV,50,218,1,0,0,27,398,26,25,6,0.051165000069886446,35.692,0.014370379,0.011304745,5.5331e-05,0.000194502,0.025924957,42.6643292862973,4,0.14814814814814814,0.0
uuf50-218_uuf50-01,satlib_random_3sat_uuf50,test,closure_HSV,50,218,1,0,0,27,409,26,25,6,0.052504958934150636,35.736000000000004,0.01460884,0.011347043,6.4831e-05,0.000196954,0.026217668,42.78705178823709,2,0.07407407407407407,0.0
uuf50-218_uuf50-01,satlib_random_3sat_uuf50,test,closure_BSV,50,218,1,0,0,27,409,26,25,6,0.052154166041873395,35.736000000000004,0.014807327,0.011245713,5.8542e-05,0.000209961,0.026321543000000003,42.81498821662207,2,0.07407407407407407,0.0
uuf50-218_uuf50-01,satlib_random_3sat_uuf50,test,closure_HBS,50,218,1,0,0,27,409,26,25,6,0.05072479194495827,35.736000000000004,0.014532989,0.010984876,5.4044e-05,0.000188706,0.025760615,42.66413069651493,2,0.07407407407407407,0.0
uuf50-218_uuf50-010,satlib_random_3sat_uuf50,test,jeroslow_wang,50,218,1,0,0,24,506,25,24,5,0.04067495896015316,34.224000000000004,0.016885085,0.0,0.0,0.000115377,0.017000462,34.224000000000004,0,0.0,0.0
uuf50-218_uuf50-010,satlib_random_3sat_uuf50,test,vsids,50,218,1,0,0,24,514,23,22,5,0.03964916698168963,32.256,0.016346425,0.0,0.0,0.00010067,0.016447095000000002,32.256,0,0.0,0.0
uuf50-218_uuf50-010,satlib_random_3sat_uuf50,test,score_with_R_Paper69,50,218,1,0,0,25,416,23,22,6,0.03589645808096975,32.164,0.014130352,0.0,0.0,0.000215127,0.014345479000000001,32.164,25,1.0,0.0
uuf50-218_uuf50-010,satlib_random_3sat_uuf50,test,static_gate_v17_Paper69,50,218,1,0,0,32,328,21,20,6,0.03652166691608727,31.912000000000003,0.01159482,0.0,0.0,0.000301459,0.011896279000000001,31.912000000000003,32,1.0,0.0
uuf50-218_uuf50-010,satlib_random_3sat_uuf50,test,state_v18_primary,50,218,1,0,0,33,595,31,30,8,0.06566412490792572,43.28,0.019914544,0.013261296,7.5831e-05,0.000253082,0.033504753,52.29086048366666,4,0.12121212121212122,0.0
uuf50-218_uuf50-010,satlib_random_3sat_uuf50,test,state_v18_gate_signal_shuffled,50,218,1,0,0,29,514,27,26,7,0.05681824998464435,37.756,0.016778835,0.011721958,6.2e-05,0.000216796,0.028779588999999994,45.496061872901066,2,0.06896551724137931,0.0
uuf50-218_uuf50-010,satlib_random_3sat_uuf50,test,random_activation_matched_q,50,218,1,0,0,18,275,15,14,5,0.03580962494015694,21.5,0.009378791,0.008092832,4.604e-05,0.00018612,0.017703783,26.26130412440616,8,0.4444444444444444,0.0
uuf50-218_uuf50-010,satlib_random_3sat_uuf50,test,state_Mode_A_always,50,218,1,0,0,25,416,23,22,6,0.048937833053059876,32.164,0.013818931,0.010995168,5.133e-05,0.000210372,0.025075800999999998,38.907954934608505,25,1.0,0.0
uuf50-218_uuf50-010,satlib_random_3sat_uuf50,test,state_gate_value_only_z_R,50,218,1,0,0,32,557,30,29,8,0.061466375016607344,41.828,0.018388759,0.012553083,6.8788e-05,0.000222207,0.031232837,50.22784514185501,0,0.0,0.0
uuf50-218_uuf50-010,satlib_random_3sat_uuf50,test,state_gate_response_only_0_5z_t,50,218,1,0,0,34,569,29,28,7,0.06535445898771286,41.476000000000006,0.018753782,0.013947624,6.9585e-05,0.000263334,0.033034324999999996,50.36034228263381,8,0.23529411764705882,0.0
uuf50-218_uuf50-010,satlib_random_3sat_uuf50,test,Paper68_hard_threshold_0_5,50,218,1,0,0,23,449,21,20,5,0.05425395804923028,29.695999999999998,0.016331152,0.012210418,6.6123e-05,0.000258962,0.028866655000000005,37.45947764256429,10,0.43478260869565216,0.0
uuf50-218_uuf50-010,satlib_random_3sat_uuf50,test,closure_HBV,50,218,1,0,0,33,595,31,30,8,0.07629987492691725,43.28,0.023138201,0.016296789,0.000115666,0.000366876,0.039917532000000006,54.01553091718956,4,0.12121212121212122,0.0
uuf50-218_uuf50-010,satlib_random_3sat_uuf50,test,closure_HSV,50,218,1,0,0,33,595,31,30,8,0.07783362490590662,43.28,0.024185878,0.016065295,0.000120458,0.000359751,0.040731382,54.23440997606912,4,0.12121212121212122,0.0
uuf50-218_uuf50-010,satlib_random_3sat_uuf50,test,closure_BSV,50,218,1,0,0,33,595,31,30,8,0.07522587501443923,43.28,0.022702347,0.015547622,0.000127084,0.000352585,0.038729638000000004,53.69605543550537,4,0.12121212121212122,0.0
uuf50-218_uuf50-010,satlib_random_3sat_uuf50,test,closure_HBS,50,218,1,0,0,33,595,31,30,8,0.07196191605180502,43.28,0.022509815,0.015241251,9.9999e-05,0.000283543,0.038134608,53.53602642966264,4,0.12121212121212122,0.0
uuf50-218_uuf50-0100,satlib_random_3sat_uuf50,test,jeroslow_wang,50,218,1,0,0,26,451,24,23,7,0.04293620807584375,33.604,0.016979536,0.0,0.0,0.000132161,0.017111697,33.604,0,0.0,0.0
uuf50-218_uuf50-0100,satlib_random_3sat_uuf50,test,vsids,50,218,1,0,0,21,348,21,20,5,0.03497095894999802,28.692,0.013839928,0.0,0.0,9.4957e-05,0.013934885,28.692,0,0.0,0.0
uuf50-218_uuf50-0100,satlib_random_3sat_uuf50,test,score_with_R_Paper69,50,218,1,0,0,52,925,47,46,7,0.0820528749609366,66.3,0.032542373,0.0,0.0,0.000515255,0.033057628,66.3,52,1.0,0.0
uuf50-218_uuf50-0100,satlib_random_3sat_uuf50,test,static_gate_v17_Paper69,50,218,1,0,0,47,822,44,43,7,0.07205762504599988,61.388000000000005,0.028826517,0.0,0.0,0.000502796,0.029329313,61.388000000000005,47,1.0,0.0
uuf50-218_uuf50-0100,satlib_random_3sat_uuf50,test,state_v18_primary,50,218,1,0,0,21,287,19,18,5,0.044200874981470406,26.448,0.011312507,0.010513879,6.4666e-05,0.000181164,0.022072216000000002,32.384162518235996,2,0.09523809523809523,0.0
uuf50-218_uuf50-0100,satlib_random_3sat_uuf50,test,state_v18_gate_signal_shuffled,50,218,1,0,0,21,312,20,19,5,0.04836629191413522,27.548000000000002,0.013442491,0.011283376,7.7418e-05,0.000190081,0.024993366,34.269784638830735,1,0.047619047619047616,0.0
uuf50-218_uuf50-0100,satlib_random_3sat_uuf50,test,random_activation_matched_q,50,218,1,0,0,22,284,19,18,7,0.04620800004340708,26.736,0.011891619,0.011251915,6.3754e-05,0.000239876,0.023447164,33.04194481749057,3,0.13636363636363635,0.0
uuf50-218_uuf50-0100,satlib_random_3sat_uuf50,test,state_Mode_A_always,50,218,1,0,0,52,925,47,46,7,0.11614008306059986,66.3,0.034443657,0.025085546,0.000162918,0.000628088,0.060320209,82.52268302185705,52,1.0,0.0
uuf50-218_uuf50-0100,satlib_random_3sat_uuf50,test,state_gate_value_only_z_R,50,218,1,0,0,22,310,21,20,5,0.04521841707173735,28.84,0.011965589,0.010813833,5.6583e-05,0.000172708,0.023008713,35.02802659884487,0,0.0,0.0
uuf50-218_uuf50-0100,satlib_random_3sat_uuf50,test,state_gate_response_only_0_5z_t,50,218,1,0,0,23,386,22,21,5,0.05430354201234877,30.444,0.015715619,0.012692085,7.329e-05,0.000251503,0.028732497,38.17139682081437,5,0.21739130434782608,0.0
uuf50-218_uuf50-0100,satlib_random_3sat_uuf50,test,Paper68_hard_threshold_0_5,50,218,1,0,0,27,431,26,25,6,0.05621800001244992,35.824,0.016045333,0.012702332,7.2879e-05,0.000237418,0.029057962,43.638928273659786,9,0.3333333333333333,0.0
uuf50-218_uuf50-0100,satlib_random_3sat_uuf50,test,closure_HBV,50,218,1,0,0,19,307,18,17,5,0.04193737497553229,24.928,0.011444783,0.009442996,6.3248e-05,0.000191458,0.021142485,30.614118104288522,3,0.15789473684210525,0.0
uuf50-218_uuf50-0100,satlib_random_3sat_uuf50,test,closure_HSV,50,218,1,0,0,21,287,19,18,5,0.04175445798318833,26.448,0.010739666,0.009774917,4.6208e-05,0.000174459,0.020735249999999997,32.024595202595556,2,0.09523809523809523,0.0
uuf50-218_uuf50-0100,satlib_random_3sat_uuf50,test,closure_BSV,50,218,1,0,0,21,287,19,18,5,0.04099495802074671,26.448,0.011082371,0.009387626,4.875e-05,0.000166416,0.020685163,32.01112466696602,2,0.09523809523809523,0.0
uuf50-218_uuf50-0100,satlib_random_3sat_uuf50,test,closure_HBS,50,218,1,0,0,21,287,19,18,5,0.04433091706596315,26.448,0.011483503,0.01057779,5.7335e-05,0.000230628,0.022349256,32.45867041830603,2,0.09523809523809523,0.0
uuf50-218_uuf50-01000,satlib_random_3sat_uuf50,test,jeroslow_wang,50,218,1,0,0,34,652,31,30,7,0.05786649999208748,43.808,0.023948435,0.0,0.0,0.000186999,0.024135434,43.808,0,0.0,0.0
uuf50-218_uuf50-01000,satlib_random_3sat_uuf50,test,vsids,50,218,1,0,0,47,762,42,41,7,0.097468041931279,59.148,0.039250281,0.0,0.0,0.000294163,0.039544444,59.148,0,0.0,0.0
uuf50-218_uuf50-01000,satlib_random_3sat_uuf50,test,score_with_R_Paper69,50,218,1,0,0,65,1016,53,52,8,0.09473995806183666,76.564,0.036310119,0.0,0.0,0.000548167,0.036858286000000004,76.564,65,1.0,0.0
uuf50-218_uuf50-01000,satlib_random_3sat_uuf50,test,static_gate_v17_Paper69,50,218,1,0,0,77,1175,60,59,10,0.10961466596927494,87.8,0.043269838,0.0,0.0,0.000705792,0.043975629999999995,87.8,77,1.0,0.0
uuf50-218_uuf50-01000,satlib_random_3sat_uuf50,test,state_v18_primary,50,218,1,0,0,45,855,42,41,7,0.09823050000704825,58.92,0.030818425,0.020075918,0.000100167,0.000367999,0.051362509,72.73357453045762,4,0.08888888888888889,0.0
uuf50-218_uuf50-01000,satlib_random_3sat_uuf50,test,state_v18_gate_signal_shuffled,50,218,1,0,0,40,740,41,40,8,0.0872594160027802,55.96,0.026847063,0.018247624,9.5627e-05,0.000347832,0.045538146,68.20715431541439,2,0.05,0.0
uuf50-218_uuf50-01000,satlib_random_3sat_uuf50,test,random_activation_matched_q,50,218,1,0,0,40,735,40,39,9,0.08597054204437882,54.94,0.026330377,0.017988082,8.7207e-05,0.000383545,0.044789210999999995,66.98573367529401,10,0.25,0.0
uuf50-218_uuf50-01000,satlib_random_3sat_uuf50,test,state_Mode_A_always,50,218,1,0,0,65,1016,53,52,8,0.12807774997781962,76.564,0.035705951,0.029503961,0.000139544,0.000561248,0.065910704,94.29020613332831,65,1.0,0.0
uuf50-218_uuf50-01000,satlib_random_3sat_uuf50,test,state_gate_value_only_z_R,50,218,1,0,0,40,726,40,39,7,0.08578645798843354,54.903999999999996,0.026631213,0.017315166,8.4664e-05,0.000281581,0.044312624,66.82155905585034,0,0.0,0.0
uuf50-218_uuf50-01000,satlib_random_3sat_uuf50,test,state_gate_response_only_0_5z_t,50,218,1,0,0,34,715,34,33,9,0.07455924991518259,47.06,0.023871648,0.01441679,7.0084e-05,0.000313499,0.038672021,57.46055976095175,11,0.3235294117647059,0.0
uuf50-218_uuf50-01000,satlib_random_3sat_uuf50,test,Paper68_hard_threshold_0_5,50,218,1,0,0,61,995,55,54,6,0.12450245802756399,77.28,0.036773829,0.027107918,0.000138501,0.000503585,0.064523833,94.63321722963924,24,0.39344262295081966,0.0
uuf50-218_uuf50-01000,satlib_random_3sat_uuf50,test,closure_HBV,50,218,1,0,0,43,809,40,39,7,0.09570033301133662,56.135999999999996,0.028426323,0.020682041,0.000110878,0.00037775,0.049596992000000006,69.47475152941827,6,0.13953488372093023,0.0
uuf50-218_uuf50-01000,satlib_random_3sat_uuf50,test,closure_HSV,50,218,1,0,0,49,963,47,46,7,0.11052874999586493,65.552,0.035355143,0.022054662,0.000116205,0.000383501,0.057909511,81.12634326700932,5,0.10204081632653061,0.0
uuf50-218_uuf50-01000,satlib_random_3sat_uuf50,test,closure_BSV,50,218,1,0,0,45,855,42,41,7,0.09909337502904236,58.92,0.03108364,0.020123373,0.000103584,0.000349457,0.05166005399999999,72.81359710166154,4,0.08888888888888889,0.0
uuf50-218_uuf50-01000,satlib_random_3sat_uuf50,test,closure_HBS,50,218,1,0,0,45,855,42,41,7,0.09920316701754928,58.92,0.031202629,0.020270209,0.000108791,0.000354919,0.051936548,72.88795815898887,4,0.08888888888888889,0.0
uuf50-218_uuf50-0101,satlib_random_3sat_uuf50,test,jeroslow_wang,50,218,1,0,0,29,649,30,29,7,0.04847333289217204,41.29600000000001,0.020825639,0.0,0.0,0.000130791,0.02095643,41.29600000000001,0,0.0,0.0
uuf50-218_uuf50-0101,satlib_random_3sat_uuf50,test,vsids,50,218,1,0,0,50,1030,45,44,5,0.07952162506990135,64.12,0.032596947,0.0,0.0,0.000203333,0.03280028,64.12,0,0.0,0.0
uuf50-218_uuf50-0101,satlib_random_3sat_uuf50,test,score_with_R_Paper69,50,218,1,0,0,62,1170,56,55,7,0.10054087499156594,79.28,0.040407453,0.0,0.0,0.000518914,0.040926367000000005,79.28,62,1.0,0.0
uuf50-218_uuf50-0101,satlib_random_3sat_uuf50,test,static_gate_v17_Paper69,50,218,1,0,0,77,1364,71,70,8,0.1233787500532344,99.556,0.05064329,0.0,0.0,0.000749204,0.051392494000000004,99.556,77,1.0,0.0
uuf50-218_uuf50-0101,satlib_random_3sat_uuf50,test,state_v18_primary,50,218,1,0,0,32,631,32,31,6,0.0754217499634251,44.124,0.023680537,0.015717043,8.4546e-05,0.000262541,0.039744667,54.813040128330165,1,0.03125,0.0
uuf50-218_uuf50-0101,satlib_random_3sat_uuf50,test,state_v18_gate_signal_shuffled,50,218,1,0,0,30,652,31,30,6,0.07232533302158117,42.608,0.02428716,0.014894957,0.000103249,0.000260663,0.039546029,53.24361787791827,3,0.1,0.0
uuf50-218_uuf50-0101,satlib_random_3sat_uuf50,test,random_activation_matched_q,50,218,1,0,0,39,624,34,33,6,0.08081775007303804,48.196000000000005,0.023179829,0.018208298,9.5251e-05,0.000464877,0.041948255,59.477679149769365,9,0.23076923076923078,0.0
uuf50-218_uuf50-0101,satlib_random_3sat_uuf50,test,state_Mode_A_always,50,218,1,0,0,62,1170,56,55,7,0.13704041705932468,79.28,0.040213795,0.030463875,0.00015592,0.000611752,0.071445342,98.49470690948982,62,1.0,0.0
uuf50-218_uuf50-0101,satlib_random_3sat_uuf50,test,state_gate_value_only_z_R,50,218,1,0,0,29,609,28,27,6,0.06599608296528459,39.136,0.020997258,0.01383175,6.6788e-05,0.000221457,0.035117253,48.580530671592314,0,0.0,0.0
uuf50-218_uuf50-0101,satlib_random_3sat_uuf50,test,state_gate_response_only_0_5z_t,50,218,1,0,0,33,624,30,29,5,0.0764586670557037,42.396,0.023313061,0.0168845,9.3001e-05,0.000300459,0.040591021000000005,53.3126609024273,8,0.24242424242424243,0.0
uuf50-218_uuf50-0101,satlib_random_3sat_uuf50,test,Paper68_hard_threshold_0_5,50,218,1,0,0,46,786,43,42,6,0.10110962495673448,59.943999999999996,0.030064503,0.022327788,0.000125123,0.00045575,0.052973163999999996,74.19074851900544,15,0.32608695652173914,0.0
uuf50-218_uuf50-0101,satlib_random_3sat_uuf50,test,closure_HBV,50,218,1,0,0,37,741,38,37,6,0.08940191706642509,52.064,0.028121246,0.018332707,0.000105083,0.000416127,0.046975163,64.69762962235538,5,0.13513513513513514,0.0
uuf50-218_uuf50-0101,satlib_random_3sat_uuf50,test,closure_HSV,50,218,1,0,0,32,631,32,31,6,0.07114324998110533,44.124,0.022429736,0.014775457,7.3794e-05,0.000249959,0.037528946,54.2171380244785,1,0.03125,0.0
uuf50-218_uuf50-0101,satlib_random_3sat_uuf50,test,closure_BSV,50,218,1,0,0,32,631,32,31,6,0.07422995800152421,44.124,0.023268178,0.015805876,8.5206e-05,0.000249624,0.03940888399999999,54.72273372416753,1,0.03125,0.0
uuf50-218_uuf50-0101,satlib_random_3sat_uuf50,test,closure_HBS,50,218,1,0,0,32,631,32,31,6,0.08383474999573082,44.124,0.027824575,0.016779791,8.633e-05,0.000293622,0.044984318,56.222206288847886,1,0.03125,0.0
uuf50-218_uuf50-0102,satlib_random_3sat_uuf50,test,jeroslow_wang,50,218,1,0,0,31,552,30,29,6,0.0645407079719007,41.507999999999996,0.025225633,0.0,0.0,0.000243791,0.025469424,41.507999999999996,0,0.0,0.0
uuf50-218_uuf50-0102,satlib_random_3sat_uuf50,test,vsids,50,218,1,0,0,43,584,34,33,5,0.07705620909109712,49.236,0.028795521,0.0,0.0,0.000241541,0.029037062000000002,49.236,0,0.0,0.0
uuf50-218_uuf50-0102,satlib_random_3sat_uuf50,test,score_with_R_Paper69,50,218,1,0,0,48,747,42,41,10,0.07943929103203118,59.388,0.029812266,0.0,0.0,0.000724335,0.030536601,59.388,48,1.0,0.0
uuf50-218_uuf50-0102,satlib_random_3sat_uuf50,test,static_gate_v17_Paper69,50,218,1,0,0,61,993,54,53,8,0.09514612494967878,76.27199999999999,0.037759431,0.0,0.0,0.000633584,0.038393015,76.27199999999999,61,1.0,0.0
uuf50-218_uuf50-0102,satlib_random_3sat_uuf50,test,state_v18_primary,50,218,1,0,0,24,450,24,23,5,0.05369720794260502,33.0,0.016173041,0.011605207,5.7331e-05,0.000186209,0.028021788,40.53625678633968,1,0.041666666666666664,0.0
uuf50-218_uuf50-0102,satlib_random_3sat_uuf50,test,state_v18_gate_signal_shuffled,50,218,1,0,0,24,450,24,23,5,0.055021457956172526,33.0,0.016757984,0.011604,5.9083e-05,0.000195876,0.028616943000000002,40.69631941002643,0,0.0,0.0
uuf50-218_uuf50-0102,satlib_random_3sat_uuf50,test,random_activation_matched_q,50,218,1,0,0,33,650,34,33,7,0.07431408297270536,46.5,0.023765888,0.015124245,8.6833e-05,0.000366006,0.039342972000000004,57.0810071694844,8,0.24242424242424243,0.0
uuf50-218_uuf50-0102,satlib_random_3sat_uuf50,test,state_Mode_A_always,50,218,1,0,0,48,747,42,41,10,0.09528887504711747,59.388,0.027967791,0.021077289,0.000123791,0.000431789,0.04960066,72.72773801143335,48,1.0,0.0
uuf50-218_uuf50-0102,satlib_random_3sat_uuf50,test,state_gate_value_only_z_R,50,218,1,0,0,24,450,24,23,5,0.05357508303131908,33.0,0.016236716,0.011412085,5.2832e-05,0.000184752,0.027886385,40.499841130863274,0,0.0,0.0
uuf50-218_uuf50-0102,satlib_random_3sat_uuf50,test,state_gate_response_only_0_5z_t,50,218,1,0,0,35,586,30,29,7,0.07254608301445842,42.844,0.021037488,0.016370418,8.4998e-05,0.000293081,0.03778598500000001,53.00626680056174,7,0.2,0.0
uuf50-218_uuf50-0102,satlib_random_3sat_uuf50,test,Paper68_hard_threshold_0_5,50,218,1,0,0,39,664,37,36,7,0.10752783401403576,51.356,0.031834977,0.021648875,0.000152456,0.000530164,0.054166472,65.92368005675006,11,0.28205128205128205,0.0
uuf50-218_uuf50-0102,satlib_random_3sat_uuf50,test,closure_HBV,50,218,1,0,0,24,450,24,23,5,0.05424600001424551,33.0,0.016186135,0.011651667,5.3123e-05,0.000193957,0.028084882000000002,40.55322546034711,1,0.041666666666666664,0.0
uuf50-218_uuf50-0102,satlib_random_3sat_uuf50,test,closure_HSV,50,218,1,0,0,24,450,24,23,5,0.05552329099737108,33.0,0.017393673,0.011516749,5.9709e-05,0.000195834,0.029165965,40.84397489772585,1,0.041666666666666664,0.0
uuf50-218_uuf50-0102,satlib_random_3sat_uuf50,test,closure_BSV,50,218,1,0,0,24,450,24,23,5,0.05466862500179559,33.0,0.016981757,0.011636833,5.7749e-05,0.000191122,0.028867460999999997,40.76369441042256,1,0.041666666666666664,0.0
uuf50-218_uuf50-0102,satlib_random_3sat_uuf50,test,closure_HBS,50,218,1,0,0,24,450,24,23,5,0.05346904194448143,33.0,0.015991385,0.011610415,4.9962e-05,0.000197833,0.027849595000000005,40.489946727009766,1,0.041666666666666664,0.0
uuf50-218_uuf50-0103,satlib_random_3sat_uuf50,test,jeroslow_wang,50,218,1,0,0,36,653,34,33,8,0.054204249987378716,47.412,0.022245918,0.0,0.0,0.000167002,0.02241292,47.412,0,0.0,0.0
uuf50-218_uuf50-0103,satlib_random_3sat_uuf50,test,vsids,50,218,1,0,0,42,699,36,35,5,0.06103824998717755,51.396,0.023618839,0.0,0.0,0.000169791,0.023788629999999998,51.396,0,0.0,0.0
uuf50-218_uuf50-0103,satlib_random_3sat_uuf50,test,score_with_R_Paper69,50,218,1,0,0,78,1356,71,70,9,0.12051562499254942,99.82400000000001,0.048708734,0.0,0.0,0.000720121,0.049428854999999994,99.82400000000001,78,1.0,0.0
uuf50-218_uuf50-0103,satlib_random_3sat_uuf50,test,static_gate_v17_Paper69,50,218,1,0,0,54,856,48,47,9,0.07837187498807907,67.62400000000001,0.031083961,0.0,0.0,0.000513335,0.031597296,67.62400000000001,54,1.0,0.0
uuf50-218_uuf50-0103,satlib_random_3sat_uuf50,test,state_v18_primary,50,218,1,0,0,32,655,32,31,6,0.07007737504318357,44.22,0.022159215,0.013963205,7.5456e-05,0.000253255,0.036451131000000005,54.02326749201395,3,0.09375,0.0
uuf50-218_uuf50-0103,satlib_random_3sat_uuf50,test,state_v18_gate_signal_shuffled,50,218,1,0,0,26,558,27,26,6,0.05980066710617393,37.032,0.01882089,0.012647541,6.1376e-05,0.000214752,0.031744559,45.56946906489729,3,0.11538461538461539,0.0
uuf50-218_uuf50-0103,satlib_random_3sat_uuf50,test,random_activation_matched_q,50,218,1,0,0,38,576,36,35,6,0.07534433295950294,49.704,0.020623368,0.016785082,9.1291e-05,0.000412328,0.03791206899999999,59.900176178530366,10,0.2631578947368421,0.0
uuf50-218_uuf50-0103,satlib_random_3sat_uuf50,test,state_Mode_A_always,50,218,1,0,0,78,1356,71,70,9,0.16157200001180172,99.82400000000001,0.049609095,0.03463033,0.000177787,0.000698754,0.085115966,122.71532215236792,78,1.0,0.0
uuf50-218_uuf50-0103,satlib_random_3sat_uuf50,test,state_gate_value_only_z_R,50,218,1,0,0,28,558,27,26,6,0.06140566698741168,37.632,0.019108515,0.012726706,6.0499e-05,0.000206373,0.032102093,46.26562524286307,0,0.0,0.0
uuf50-218_uuf50-0103,satlib_random_3sat_uuf50,test,state_gate_response_only_0_5z_t,50,218,1,0,0,27,533,26,25,6,0.06057462503667921,36.232,0.018280338,0.012798714,6.5835e-05,0.000236294,0.031381181,44.671741185487654,8,0.2962962962962963,0.0
uuf50-218_uuf50-0103,satlib_random_3sat_uuf50,test,Paper68_hard_threshold_0_5,50,218,1,0,0,38,712,35,34,6,0.08156095899175853,49.248,0.024526563,0.018224959,8.6745e-05,0.000322375,0.043160642,60.85574184628323,16,0.42105263157894735,0.0
uuf50-218_uuf50-0103,satlib_random_3sat_uuf50,test,closure_HBV,50,218,1,0,0,33,647,32,31,6,0.07160833303350955,44.488,0.022415212,0.014915413,7.8793e-05,0.000280373,0.037689791,54.62439612145642,2,0.06060606060606061,0.0
uuf50-218_uuf50-0103,satlib_random_3sat_uuf50,test,closure_HSV,50,218,1,0,0,28,552,29,28,6,0.06207679200451821,39.608,0.019640687,0.012792126,6.6251e-05,0.000217414,0.032716478,48.406859635674664,2,0.07142857142857142,0.0
uuf50-218_uuf50-0103,satlib_random_3sat_uuf50,test,closure_BSV,50,218,1,0,0,32,655,32,31,6,0.07550337503198534,44.22,0.023544919,0.016304041,0.000105374,0.000284336,0.040238670000000004,55.041898654746184,3,0.09375,0.0
uuf50-218_uuf50-0103,satlib_random_3sat_uuf50,test,closure_HBS,50,218,1,0,0,32,655,32,31,6,0.07453195797279477,44.22,0.024109566,0.014729087,8.2998e-05,0.000311958,0.039233609,54.77159478327533,3,0.09375,0.0
uuf50-218_uuf50-0104,satlib_random_3sat_uuf50,test,jeroslow_wang,50,218,1,0,0,34,704,33,32,6,0.05502587498631328,46.016000000000005,0.02236801,0.0,0.0,0.000159458,0.022527468000000002,46.016000000000005,0,0.0,0.0
uuf50-218_uuf50-0104,satlib_random_3sat_uuf50,test,vsids,50,218,1,0,0,51,938,45,44,6,0.09592154202982783,64.05199999999999,0.03700277,0.0,0.0,0.000311371,0.037314140999999995,64.05199999999999,0,0.0,0.0
uuf50-218_uuf50-0104,satlib_random_3sat_uuf50,test,score_with_R_Paper69,50,218,1,0,0,82,1365,66,65,7,0.1234342500101775,96.05999999999999,0.048047981,0.0,0.0,0.000737496,0.048785476999999994,96.05999999999999,82,1.0,0.0
uuf50-218_uuf50-0104,satlib_random_3sat_uuf50,test,static_gate_v17_Paper69,50,218,1,0,0,56,1127,50,49,8,0.09054587502032518,71.30799999999999,0.037908287,0.0,0.0,0.000543871,0.038452158,71.30799999999999,56,1.0,0.0
uuf50-218_uuf50-0104,satlib_random_3sat_uuf50,test,state_v18_primary,50,218,1,0,0,25,522,26,25,5,0.05513804196380079,35.588,0.016448238,0.011403082,6.2249e-05,0.000193001,0.02810657,43.14705829075687,2,0.08,0.0
uuf50-218_uuf50-0104,satlib_random_3sat_uuf50,test,state_v18_gate_signal_shuffled,50,218,1,0,0,28,635,29,28,6,0.06632795894984156,39.94,0.021153977,0.013225378,8.5082e-05,0.000242997,0.034707434,49.27431282182766,2,0.07142857142857142,0.0
uuf50-218_uuf50-0104,satlib_random_3sat_uuf50,test,random_activation_matched_q,50,218,1,0,0,41,733,38,37,6,0.09264233300928026,53.232,0.027651568,0.020622169,0.000120084,0.000500672,0.048894493,66.38181951493915,12,0.2926829268292683,0.0
uuf50-218_uuf50-0104,satlib_random_3sat_uuf50,test,state_Mode_A_always,50,218,1,0,0,82,1365,66,65,7,0.17997162498068064,96.05999999999999,0.050569432,0.040218005,0.000262668,0.000956246,0.09200635099999999,120.80444125799895,82,1.0,0.0
uuf50-218_uuf50-0104,satlib_random_3sat_uuf50,test,state_gate_value_only_z_R,50,218,1,0,0,26,603,27,26,5,0.05926012503914535,37.211999999999996,0.019124425,0.011790127,5.7499e-05,0.000229914,0.031201964999999998,45.60354234120903,0,0.0,0.0
uuf50-218_uuf50-0104,satlib_random_3sat_uuf50,test,state_gate_response_only_0_5z_t,50,218,1,0,0,30,752,30,29,7,0.07430195796769112,42.008,0.024590583,0.014503583,7.3083e-05,0.000270916,0.039438165000000004,52.614608636894765,12,0.4,0.0
uuf50-218_uuf50-0104,satlib_random_3sat_uuf50,test,Paper68_hard_threshold_0_5,50,218,1,0,0,30,752,30,29,7,0.07443720905575901,42.008,0.024209234,0.014414668,8.3252e-05,0.000275211,0.038982365,52.492024530441114,12,0.4,0.0
uuf50-218_uuf50-0104,satlib_random_3sat_uuf50,test,closure_HBV,50,218,1,0,0,26,521,26,25,5,0.060936667025089264,35.884,0.017330251,0.012710083,6.5876e-05,0.000240708,0.030346918,44.045583647767,4,0.15384615384615385,0.0
uuf50-218_uuf50-0104,satlib_random_3sat_uuf50,test,closure_HSV,50,218,1,0,0,22,525,22,21,5,0.05481345800217241,30.700000000000003,0.017012242,0.011000543,6.2126e-05,0.000216417,0.028291327999999998,38.3087476157682,1,0.045454545454545456,0.0
uuf50-218_uuf50-0104,satlib_random_3sat_uuf50,test,closure_BSV,50,218,1,0,0,26,603,27,26,5,0.06217345898039639,37.211999999999996,0.01973616,0.012973502,6.9459e-05,0.000211333,0.032990454,46.08454349515195,0,0.0,0.0
uuf50-218_uuf50-0104,satlib_random_3sat_uuf50,test,closure_HBS,50,218,1,0,0,22,525,22,21,5,0.05089750001206994,30.700000000000003,0.015963205,0.010269208,4.9502e-05,0.000171834,0.026453749000000002,37.81454406211968,1,0.045454545454545456,0.0
uuf50-218_uuf50-0105,satlib_random_3sat_uuf50,test,jeroslow_wang,50,218,1,0,0,27,528,25,24,5,0.041927041951566935,35.212,0.016494045,0.0,0.0,0.000121959,0.016616004,35.212,0,0.0,0.0
uuf50-218_uuf50-0105,satlib_random_3sat_uuf50,test,vsids,50,218,1,0,0,36,721,32,31,7,0.053994250018149614,45.684,0.022339462,0.0,0.0,0.000139958,0.02247942,45.684,0,0.0,0.0
uuf50-218_uuf50-0105,satlib_random_3sat_uuf50,test,score_with_R_Paper69,50,218,1,0,0,76,1261,61,60,9,0.1084605420473963,88.844,0.041946537,0.0,0.0,0.000608422,0.042554958999999996,88.844,76,1.0,0.0
uuf50-218_uuf50-0105,satlib_random_3sat_uuf50,test,static_gate_v17_Paper69,50,218,1,0,0,56,1061,52,51,6,0.08820229105185717,73.044,0.035333117,0.0,0.0,0.000527209,0.035860326,73.044,56,1.0,0.0
uuf50-218_uuf50-0105,satlib_random_3sat_uuf50,test,state_v18_primary,50,218,1,0,0,27,521,27,26,5,0.05516495800111443,37.184000000000005,0.016240332,0.011469917,5.979e-05,0.000203665,0.027973704,44.707324943042806,3,0.1111111111111111,0.0
uuf50-218_uuf50-0105,satlib_random_3sat_uuf50,test,state_v18_gate_signal_shuffled,50,218,1,0,0,25,459,25,24,5,0.05216479208320379,34.336,0.015484978,0.010744249,5.5834e-05,0.000189081,0.026474142000000003,41.45602861166533,1,0.04,0.0
uuf50-218_uuf50-0105,satlib_random_3sat_uuf50,test,random_activation_matched_q,50,218,1,0,0,26,575,26,25,5,0.05786854203324765,36.099999999999994,0.017800882,0.012064419,5.8083e-05,0.000270585,0.030193969,44.22044912276046,5,0.19230769230769232,0.0
uuf50-218_uuf50-0105,satlib_random_3sat_uuf50,test,state_Mode_A_always,50,218,1,0,0,76,1261,61,60,9,0.1451855000341311,88.844,0.041326528,0.031238288,0.000155377,0.000650122,0.073370315,108.57641444602427,76,1.0,0.0
uuf50-218_uuf50-0105,satlib_random_3sat_uuf50,test,state_gate_value_only_z_R,50,218,1,0,0,19,407,20,19,4,0.04064212494995445,27.328,0.012197105,0.008254459,3.8209e-05,0.000139668,0.020629441,32.87613863892782,0,0.0,0.0
uuf50-218_uuf50-0105,satlib_random_3sat_uuf50,test,state_gate_response_only_0_5z_t,50,218,1,0,0,22,425,22,21,4,0.04595749999862164,30.3,0.013681043,0.009639708,4.6668e-05,0.000174457,0.023541876,36.63141692343712,6,0.2727272727272727,0.0
uuf50-218_uuf50-0105,satlib_random_3sat_uuf50,test,Paper68_hard_threshold_0_5,50,218,1,0,0,22,425,22,21,4,0.045457249972969294,30.3,0.013512488,0.009363204,4.4294e-05,0.00016904,0.023089026,36.50962619810247,6,0.2727272727272727,0.0
uuf50-218_uuf50-0105,satlib_random_3sat_uuf50,test,closure_HBV,50,218,1,0,0,20,417,21,20,4,0.044714624993503094,28.668,0.013856232,0.009168917,4.4413e-05,0.000171502,0.023241064000000002,34.918515716261744,3,0.15,0.0
uuf50-218_uuf50-0105,satlib_random_3sat_uuf50,test,closure_HSV,50,218,1,0,0,27,521,27,26,5,0.054801999940536916,37.184000000000005,0.016349049,0.01131871,5.4833e-05,0.000202252,0.027924844,44.694184400170215,3,0.1111111111111111,0.0
uuf50-218_uuf50-0105,satlib_random_3sat_uuf50,test,closure_BSV,50,218,1,0,0,27,521,27,26,5,0.055957250064238906,37.184000000000005,0.016371702,0.011753331,6.1668e-05,0.000207499,0.0283942,44.820414294572714,2,0.07407407407407407,0.0
uuf50-218_uuf50-0105,satlib_random_3sat_uuf50,test,closure_HBS,50,218,1,0,0,27,521,27,26,5,0.05659816705156118,37.184000000000005,0.016929429,0.01140387,6.0249e-05,0.000217249,0.028610796999999997,44.8786664878714,3,0.1111111111111111,0.0
uuf50-218_uuf50-0106,satlib_random_3sat_uuf50,test,jeroslow_wang,50,218,1,0,0,32,523,30,29,7,0.04523070901632309,41.692,0.017470747,0.0,0.0,0.00014438,0.017615126999999998,41.692,0,0.0,0.0
uuf50-218_uuf50-0106,satlib_random_3sat_uuf50,test,vsids,50,218,1,0,0,43,614,35,34,6,0.05831866606604308,50.356,0.021328939,0.0,0.0,0.00018021,0.021509149,50.356,0,0.0,0.0
uuf50-218_uuf50-0106,satlib_random_3sat_uuf50,test,score_with_R_Paper69,50,218,1,0,0,52,863,44,43,7,0.07706875004805624,63.052,0.030726468,0.0,0.0,0.000443503,0.031169971,63.052,52,1.0,0.0
uuf50-218_uuf50-0106,satlib_random_3sat_uuf50,test,static_gate_v17_Paper69,50,218,1,0,0,43,763,38,37,6,0.06419187504798174,53.952,0.025424072,0.0,0.0,0.000396582,0.025820654,53.952,43,1.0,0.0
uuf50-218_uuf50-0106,satlib_random_3sat_uuf50,test,state_v18_primary,50,218,1,0,0,25,524,25,24,5,0.0556732079712674,34.596000000000004,0.017436054,0.011345794,5.7247e-05,0.000194168,0.029033263,42.40428565662315,2,0.08,0.0
uuf50-218_uuf50-0106,satlib_random_3sat_uuf50,test,state_v18_gate_signal_shuffled,50,218,1,0,0,25,523,26,25,5,0.056473375065252185,35.592,0.018206122,0.011431793,6.2e-05,0.000193334,0.029893249,43.6315726583183,1,0.04,0.0
uuf50-218_uuf50-0106,satlib_random_3sat_uuf50,test,random_activation_matched_q,50,218,1,0,0,26,521,27,26,5,0.055513666942715645,36.884,0.017018724,0.011603915,5.5416e-05,0.000248583,0.028926637999999998,44.663609635669616,4,0.15384615384615385,0.0
uuf50-218_uuf50-0106,satlib_random_3sat_uuf50,test,state_Mode_A_always,50,218,1,0,0,52,863,44,43,7,0.1053869160823524,63.052,0.030803817,0.023211166,0.000114,0.000465586,0.054594569,77.73481364213946,52,1.0,0.0
uuf50-218_uuf50-0106,satlib_random_3sat_uuf50,test,state_gate_value_only_z_R,50,218,1,0,0,25,533,26,25,5,0.05502812494523823,35.632,0.017363588,0.011173916,5.1875e-05,0.000182751,0.028772129999999996,43.37005582891239,0,0.0,0.0
uuf50-218_uuf50-0106,satlib_random_3sat_uuf50,test,state_gate_response_only_0_5z_t,50,218,1,0,0,28,592,28,27,7,0.06136633292771876,38.768,0.01963642,0.012427708,6.1751e-05,0.000219666,0.032345545,47.467099893772144,7,0.25,0.0
uuf50-218_uuf50-0106,satlib_random_3sat_uuf50,test,Paper68_hard_threshold_0_5,50,218,1,0,0,29,561,28,27,7,0.07983391708694398,38.944,0.026092762,0.016727878,0.000110209,0.000307628,0.043238477,50.572675005400875,7,0.2413793103448276,0.0
uuf50-218_uuf50-0106,satlib_random_3sat_uuf50,test,closure_HBV,50,218,1,0,0,28,555,28,27,5,0.06047883292194456,38.62,0.018636047,0.013066254,6.0167e-05,0.000223995,0.031986463,47.22252739242596,5,0.17857142857142858,0.0
uuf50-218_uuf50-0106,satlib_random_3sat_uuf50,test,closure_HSV,50,218,1,0,0,27,497,28,27,7,0.057249207980930805,38.088,0.016978879,0.012800038,5.9666e-05,0.000210915,0.030049497999999997,46.1695946944071,2,0.07407407407407407,0.0
uuf50-218_uuf50-0106,satlib_random_3sat_uuf50,test,closure_BSV,50,218,1,0,0,25,524,25,24,5,0.055588082992471755,34.596000000000004,0.017544791,0.0113175,5.446e-05,0.000196375,0.029113125999999996,42.425764231642255,2,0.08,0.0
uuf50-218_uuf50-0106,satlib_random_3sat_uuf50,test,closure_HBS,50,218,1,0,0,25,524,25,24,5,0.05475745804142207,34.596000000000004,0.017068641,0.011165334,5.0626e-05,0.000180789,0.028465390000000004,42.25156032910198,2,0.08,0.0
uuf50-218_uuf50-0107,satlib_random_3sat_uuf50,test,jeroslow_wang,50,218,1,0,0,49,926,48,47,7,0.07829416694585234,66.404,0.031649729,0.0,0.0,0.000221961,0.03187169,66.404,0,0.0,0.0
uuf50-218_uuf50-0107,satlib_random_3sat_uuf50,test,vsids,50,218,1,0,0,56,961,49,48,7,0.0813736249692738,69.64399999999999,0.031930895,0.0,0.0,0.000225547,0.032156442,69.64399999999999,0,0.0,0.0
uuf50-218_uuf50-0107,satlib_random_3sat_uuf50,test,score_with_R_Paper69,50,218,1,0,0,81,1280,70,69,7,0.11650212504900992,99.42,0.044839322,0.0,0.0,0.000640292,0.045479614,99.42,81,1.0,0.0
uuf50-218_uuf50-0107,satlib_random_3sat_uuf50,test,static_gate_v17_Paper69,50,218,1,0,0,53,841,44,43,8,0.07551991601940244,63.263999999999996,0.028769466,0.0,0.0,0.000486169,0.029255635000000002,63.263999999999996,53,1.0,0.0
uuf50-218_uuf50-0107,satlib_random_3sat_uuf50,test,state_v18_primary,50,218,1,0,0,40,737,40,39,5,0.08183645806275308,54.948,0.024708879,0.016875833,9.1293e-05,0.000305623,0.04198162799999999,66.2386545762386,5,0.125,0.0
uuf50-218_uuf50-0107,satlib_random_3sat_uuf50,test,state_v18_gate_signal_shuffled,50,218,1,0,0,23,429,24,23,5,0.04786379204597324,32.616,0.014119747,0.009811501,4.6627e-05,0.000169542,0.024147417000000004,39.110272786548244,2,0.08695652173913043,0.0
uuf50-218_uuf50-0107,satlib_random_3sat_uuf50,test,random_activation_matched_q,50,218,1,0,0,28,419,25,24,6,0.05369812494609505,35.076,0.014339719,0.012107171,6.6046e-05,0.000254208,0.026767144,42.27482937594601,4,0.14285714285714285,0.0
uuf50-218_uuf50-0107,satlib_random_3sat_uuf50,test,state_Mode_A_always,50,218,1,0,0,81,1280,70,69,7,0.15813045902177691,99.42,0.045184223,0.035281663,0.000171122,0.000667874,0.081304882,121.28635873253508,81,1.0,0.0
uuf50-218_uuf50-0107,satlib_random_3sat_uuf50,test,state_gate_value_only_z_R,50,218,1,0,0,24,429,24,23,5,0.04879287502262741,32.916,0.01417221,0.01036683,4.8581e-05,0.000167708,0.024755328999999996,39.57376631292483,0,0.0,0.0
uuf50-218_uuf50-0107,satlib_random_3sat_uuf50,test,state_gate_response_only_0_5z_t,50,218,1,0,0,40,667,38,37,5,0.0823054580250755,52.668,0.023162013,0.017799669,8.6834e-05,0.000325249,0.041373765,63.795174228056865,8,0.2,0.0
uuf50-218_uuf50-0107,satlib_random_3sat_uuf50,test,Paper68_hard_threshold_0_5,50,218,1,0,0,35,661,35,34,7,0.07255745795555413,48.144,0.022483582,0.01528279,7.1376e-05,0.000266584,0.038104332,58.391883918896966,12,0.34285714285714286,0.0
uuf50-218_uuf50-0107,satlib_random_3sat_uuf50,test,closure_HBV,50,218,1,0,0,34,607,33,32,5,0.0743044160772115,45.628,0.022005175,0.016815707,8.1085e-05,0.000279418,0.039181385,56.16554951698434,6,0.17647058823529413,0.0
uuf50-218_uuf50-0107,satlib_random_3sat_uuf50,test,closure_HSV,50,218,1,0,0,33,570,33,32,5,0.06735958403442055,45.18,0.01949937,0.014088333,6.8748e-05,0.000250751,0.033907202,54.29909622534758,3,0.09090909090909091,0.0
uuf50-218_uuf50-0107,satlib_random_3sat_uuf50,test,closure_BSV,50,218,1,0,0,40,737,40,39,5,0.08177120902109891,54.948,0.024550114,0.017215374,8.5793e-05,0.000301002,0.042152283000000006,66.28455100161563,5,0.125,0.0
uuf50-218_uuf50-0107,satlib_random_3sat_uuf50,test,closure_HBS,50,218,1,0,0,40,737,40,39,5,0.0813632090575993,54.948,0.024802737,0.016538292,8.4498e-05,0.000301377,0.041726904,66.17014840262671,5,0.125,0.0
uuf50-218_uuf50-011,satlib_random_3sat_uuf50,test,jeroslow_wang,50,218,1,0,0,26,516,25,24,6,0.040568375028669834,34.864,0.017034832,0.0,0.0,0.000118916,0.017153748,34.864,0,0.0,0.0
uuf50-218_uuf50-011,satlib_random_3sat_uuf50,test,vsids,50,218,1,0,0,44,794,40,39,6,0.06698954198509455,56.376000000000005,0.027397003,0.0,0.0,0.000181291,0.027578294,56.376000000000005,0,0.0,0.0
uuf50-218_uuf50-011,satlib_random_3sat_uuf50,test,score_with_R_Paper69,50,218,1,0,0,61,1111,54,53,7,0.09068212506826967,76.744,0.037053958,0.0,0.0,0.000490251,0.037544208999999995,76.744,61,1.0,0.0
uuf50-218_uuf50-011,satlib_random_3sat_uuf50,test,static_gate_v17_Paper69,50,218,1,0,0,60,1131,55,54,7,0.09102487505879253,77.524,0.037334619,0.0,0.0,0.00057463,0.037909249,77.524,60,1.0,0.0
uuf50-218_uuf50-011,satlib_random_3sat_uuf50,test,state_v18_primary,50,218,1,0,0,20,421,20,19,5,0.043560625053942204,27.684,0.013565046,0.008913625,4.5918e-05,0.000145248,0.022669836999999998,33.78088835474968,0,0.0,0.0
uuf50-218_uuf50-011,satlib_random_3sat_uuf50,test,state_v18_gate_signal_shuffled,50,218,1,0,0,19,408,19,18,5,0.0425733330193907,26.332,0.013445796,0.008676793,4.2295e-05,0.000152085,0.022316969,32.33398706366568,1,0.05263157894736842,0.0
uuf50-218_uuf50-011,satlib_random_3sat_uuf50,test,random_activation_matched_q,50,218,1,0,0,21,436,21,20,5,0.04513129102997482,29.044,0.013993331,0.009119128,4.3251e-05,0.000194124,0.023349834000000003,35.32376861941875,3,0.14285714285714285,0.0
uuf50-218_uuf50-011,satlib_random_3sat_uuf50,test,state_Mode_A_always,50,218,1,0,0,61,1111,54,53,7,0.12253462499938905,76.744,0.037137997,0.026001374,0.000170583,0.000511498,0.063821452,93.90831695040488,61,1.0,0.0
uuf50-218_uuf50-011,satlib_random_3sat_uuf50,test,state_gate_value_only_z_R,50,218,1,0,0,20,421,20,19,5,0.04396787495352328,27.684,0.013604402,0.008937793,4.0413e-05,0.000146834,0.022729442,33.79691868749468,0,0.0,0.0
uuf50-218_uuf50-011,satlib_random_3sat_uuf50,test,state_gate_response_only_0_5z_t,50,218,1,0,0,26,408,25,24,5,0.052635833038948476,34.431999999999995,0.01506987,0.011835249,5.5294e-05,0.000211582,0.027171995,41.73971111811772,9,0.34615384615384615,0.0
uuf50-218_uuf50-011,satlib_random_3sat_uuf50,test,Paper68_hard_threshold_0_5,50,218,1,0,0,26,525,26,25,5,0.05580145900603384,35.9,0.017289863,0.011927376,5.3167e-05,0.000214791,0.029485196999999998,43.829830030396785,15,0.5769230769230769,0.0
uuf50-218_uuf50-011,satlib_random_3sat_uuf50,test,closure_HBV,50,218,1,0,0,22,455,22,21,5,0.04840204201173037,30.42,0.014813673,0.009864333,4.8872e-05,0.000186497,0.024913374999999998,37.12027163913935,4,0.18181818181818182,0.0
uuf50-218_uuf50-011,satlib_random_3sat_uuf50,test,closure_HSV,50,218,1,0,0,20,421,20,19,5,0.04418462491594255,27.684,0.013875419,0.008910664,4.2455e-05,0.000148961,0.022977499,33.86363181977764,0,0.0,0.0
uuf50-218_uuf50-011,satlib_random_3sat_uuf50,test,closure_BSV,50,218,1,0,0,20,421,20,19,5,0.04371829202864319,27.684,0.013695833,0.008864126,4.15e-05,0.000146417,0.022747875999999997,33.801876378188766,0,0.0,0.0
uuf50-218_uuf50-011,satlib_random_3sat_uuf50,test,closure_HBS,50,218,1,0,0,20,421,20,19,5,0.045053415931761265,27.684,0.013670363,0.010081001,4.6002e-05,0.000155628,0.023952994,34.12598412983688,0,0.0,0.0
uuf50-218_uuf50-0110,satlib_random_3sat_uuf50,test,jeroslow_wang,50,218,1,0,0,46,935,43,42,8,0.07371879206039011,60.54,0.031229322,0.0,0.0,0.000235748,0.03146507,60.54,0,0.0,0.0
uuf50-218_uuf50-0110,satlib_random_3sat_uuf50,test,vsids,50,218,1,0,0,69,1099,56,55,9,0.09578491700813174,81.096,0.037313593,0.0,0.0,0.00026412,0.037577713,81.096,0,0.0,0.0
uuf50-218_uuf50-0110,satlib_random_3sat_uuf50,test,score_with_R_Paper69,50,218,1,0,0,84,1427,74,73,8,0.14409304095897824,104.908,0.054817443,0.0,0.0,0.000946704,0.055764147,104.908,84,1.0,0.0
uuf50-218_uuf50-0110,satlib_random_3sat_uuf50,test,static_gate_v17_Paper69,50,218,1,0,0,91,1498,75,74,10,0.1331292079994455,108.292,0.053752722,0.0,0.0,0.000847838,0.05460056,108.292,91,1.0,0.0
uuf50-218_uuf50-0110,satlib_random_3sat_uuf50,test,state_v18_primary,50,218,1,0,0,37,762,38,37,8,0.08227579097729176,52.148,0.026145082,0.016915627,8.5379e-05,0.000271876,0.043417963999999996,63.82494673316535,2,0.05405405405405406,0.0
uuf50-218_uuf50-0110,satlib_random_3sat_uuf50,test,state_v18_gate_signal_shuffled,50,218,1,0,0,41,817,41,40,8,0.08907366695348173,56.568,0.027961415,0.018128039,8.8042e-05,0.000320917,0.046498413,69.0734111652431,2,0.04878048780487805,0.0
uuf50-218_uuf50-0110,satlib_random_3sat_uuf50,test,random_activation_matched_q,50,218,1,0,0,53,1029,50,49,7,0.11308508296497166,70.016,0.035792675,0.023521792,0.000110249,0.000486456,0.059911172000000006,86.12867548532464,13,0.24528301886792453,0.0
uuf50-218_uuf50-0110,satlib_random_3sat_uuf50,test,state_Mode_A_always,50,218,1,0,0,84,1427,74,73,8,0.16908274998422712,104.908,0.049325037,0.036964333,0.00018279,0.000760622,0.08723278200000001,128.36862447331305,84,1.0,0.0
uuf50-218_uuf50-0110,satlib_random_3sat_uuf50,test,state_gate_value_only_z_R,50,218,1,0,0,36,729,37,36,8,0.07959112501703203,50.715999999999994,0.025076252,0.016399874,7.6627e-05,0.000264124,0.041816877,61.96234598887057,0,0.0,0.0
uuf50-218_uuf50-0110,satlib_random_3sat_uuf50,test,state_gate_response_only_0_5z_t,50,218,1,0,0,68,1215,64,63,8,0.13943850004579872,89.26,0.043443984,0.02980571,0.000143416,0.000510629,0.073903739,109.13587496467485,18,0.2647058823529412,0.0
uuf50-218_uuf50-0110,satlib_random_3sat_uuf50,test,Paper68_hard_threshold_0_5,50,218,1,0,0,47,922,47,46,8,0.0999563749646768,64.788,0.031974682,0.020133246,0.000105538,0.000370167,0.052583633,78.92998697979746,13,0.2765957446808511,0.0
uuf50-218_uuf50-0110,satlib_random_3sat_uuf50,test,closure_HBV,50,218,1,0,0,37,762,38,37,8,0.08336024999152869,52.148,0.02654786,0.016699379,7.929e-05,0.000274628,0.043601157,63.87421516276948,3,0.08108108108108109,0.0
uuf50-218_uuf50-0110,satlib_random_3sat_uuf50,test,closure_HSV,50,218,1,0,0,37,762,38,37,8,0.082368207979016,52.148,0.026105549,0.016841,7.9335e-05,0.0002855,0.043311384,63.79628281463566,2,0.05405405405405406,0.0
uuf50-218_uuf50-0110,satlib_random_3sat_uuf50,test,closure_BSV,50,218,1,0,0,37,762,38,37,8,0.0832856249762699,52.148,0.026881118,0.016759211,7.8916e-05,0.000274455,0.0439937,63.97978675754709,2,0.05405405405405406,0.0
uuf50-218_uuf50-0110,satlib_random_3sat_uuf50,test,closure_HBS,50,218,1,0,0,37,762,38,37,8,0.08218437503091991,52.148,0.025981991,0.01673104,8e-05,0.00027804,0.043071070999999995,63.73165237502575,2,0.05405405405405406,0.0
uuf50-218_uuf50-0111,satlib_random_3sat_uuf50,test,jeroslow_wang,50,218,1,0,0,36,642,32,31,7,0.052298499969765544,45.367999999999995,0.020705015,0.0,0.0,0.000163459,0.020868474,45.367999999999995,0,0.0,0.0
uuf50-218_uuf50-0111,satlib_random_3sat_uuf50,test,vsids,50,218,1,0,0,59,720,37,36,9,0.07055841700639576,57.580000000000005,0.024116,0.0,0.0,0.000239251,0.024355250999999998,57.580000000000005,0,0.0,0.0
uuf50-218_uuf50-0111,satlib_random_3sat_uuf50,test,score_with_R_Paper69,50,218,1,0,0,72,1164,60,59,11,0.10262854094617069,86.256,0.040046232,0.0,0.0,0.000606584,0.040652816,86.256,72,1.0,0.0
uuf50-218_uuf50-0111,satlib_random_3sat_uuf50,test,static_gate_v17_Paper69,50,218,1,0,0,59,852,47,46,11,0.07654183299746364,68.108,0.028333906,0.0,0.0,0.00053891,0.028872816,68.108,59,1.0,0.0
uuf50-218_uuf50-0111,satlib_random_3sat_uuf50,test,state_v18_primary,50,218,1,0,0,27,504,26,25,6,0.06959416694007814,36.116,0.020519465,0.015518375,0.000115748,0.000345835,0.036499423,45.932255275403286,1,0.037037037037037035,0.0
uuf50-218_uuf50-0111,satlib_random_3sat_uuf50,test,state_v18_gate_signal_shuffled,50,218,1,0,0,31,517,29,28,6,0.06505162501707673,40.367999999999995,0.017943236,0.015169743,9.4334e-05,0.000258751,0.033466064000000004,49.36845535752671,1,0.03225806451612903,0.0
uuf50-218_uuf50-0111,satlib_random_3sat_uuf50,test,random_activation_matched_q,50,218,1,0,0,29,596,28,27,7,0.060986708966083825,39.084,0.018433421,0.01300754,7.0583e-05,0.000297753,0.03180929699999999,47.63887988078935,6,0.20689655172413793,0.0
uuf50-218_uuf50-0111,satlib_random_3sat_uuf50,test,state_Mode_A_always,50,218,1,0,0,72,1164,60,59,11,0.14045795891433954,86.256,0.040610586,0.030910833,0.000166332,0.000685288,0.07237303900000001,105.72020429387933,72,1.0,0.0
uuf50-218_uuf50-0111,satlib_random_3sat_uuf50,test,state_gate_value_only_z_R,50,218,1,0,0,28,524,27,26,6,0.05675387498922646,37.495999999999995,0.016531035,0.011816959,5.7872e-05,0.000199622,0.028605488000000002,45.18923867079995,0,0.0,0.0
uuf50-218_uuf50-0111,satlib_random_3sat_uuf50,test,state_gate_response_only_0_5z_t,50,218,1,0,0,33,519,30,29,8,0.06897599995136261,41.976,0.020096922,0.014783833,7.9794e-05,0.000279248,0.035239797,51.45348799221815,7,0.21212121212121213,0.0
uuf50-218_uuf50-0111,satlib_random_3sat_uuf50,test,Paper68_hard_threshold_0_5,50,218,1,0,0,33,519,30,29,8,0.06545479199849069,41.976,0.018575281,0.014717915,7.15e-05,0.000289501,0.033654197,51.02705236432673,7,0.21212121212121213,0.0
uuf50-218_uuf50-0111,satlib_random_3sat_uuf50,test,closure_HBV,50,218,1,0,0,32,562,30,29,6,0.06556704093236476,41.848,0.019260041,0.014011247,7.1751e-05,0.000267581,0.03361062,50.88733264601402,5,0.15625,0.0
uuf50-218_uuf50-0111,satlib_random_3sat_uuf50,test,closure_HSV,50,218,1,0,0,27,504,26,25,6,0.05574362492188811,36.116,0.016569755,0.011734463,6.0832e-05,0.000234792,0.028599842,43.807720220021025,1,0.037037037037037035,0.0
uuf50-218_uuf50-0111,satlib_random_3sat_uuf50,test,closure_BSV,50,218,1,0,0,27,504,26,25,6,0.05389845895115286,36.116,0.01589089,0.011560709,5.6002e-05,0.00019929,0.027706891,43.56756752049954,1,0.037037037037037035,0.0
uuf50-218_uuf50-0111,satlib_random_3sat_uuf50,test,closure_HBS,50,218,1,0,0,27,504,26,25,6,0.05658445809967816,36.116,0.016209927,0.012193292,6.3168e-05,0.000210499,0.028676886,43.82844064542167,1,0.037037037037037035,0.0
uuf50-218_uuf50-0112,satlib_random_3sat_uuf50,test,jeroslow_wang,50,218,1,0,0,43,750,40,39,8,0.06330887496005744,55.9,0.025668575,0.0,0.0,0.000195502,0.025864077,55.9,0,0.0,0.0
uuf50-218_uuf50-0112,satlib_random_3sat_uuf50,test,vsids,50,218,1,0,0,61,985,54,53,6,0.08637620799709111,76.24,0.033982644,0.0,0.0,0.00023971,0.034222353999999996,76.24,0,0.0,0.0
uuf50-218_uuf50-0112,satlib_random_3sat_uuf50,test,score_with_R_Paper69,50,218,1,0,0,85,1217,67,66,11,0.11205041699577123,97.368,0.041670072,0.0,0.0,0.000660172,0.042330244,97.368,85,1.0,0.0
uuf50-218_uuf50-0112,satlib_random_3sat_uuf50,test,static_gate_v17_Paper69,50,218,1,0,0,88,1223,71,70,11,0.13953454105649143,102.292,0.052565314,0.0,0.0,0.001480332,0.054045646,102.292,88,1.0,0.0
uuf50-218_uuf50-0112,satlib_random_3sat_uuf50,test,state_v18_primary,50,218,1,0,0,35,606,34,33,6,0.06985266599804163,46.924,0.020941724,0.014973996,7.6664e-05,0.000263543,0.03625592699999999,56.67476879101312,3,0.08571428571428572,0.0
uuf50-218_uuf50-0112,satlib_random_3sat_uuf50,test,state_v18_gate_signal_shuffled,50,218,1,0,0,29,625,30,29,5,0.06242887501139194,41.2,0.020239896,0.012481085,6.2792e-05,0.000212629,0.032996401999999994,50.074143166642045,1,0.034482758620689655,0.0
uuf50-218_uuf50-0112,satlib_random_3sat_uuf50,test,random_activation_matched_q,50,218,1,0,0,31,542,29,28,8,0.06113629101309925,40.467999999999996,0.018508994,0.012708,6.4457e-05,0.000284042,0.031565493,48.957310562031495,6,0.1935483870967742,0.0
uuf50-218_uuf50-0112,satlib_random_3sat_uuf50,test,state_Mode_A_always,50,218,1,0,0,85,1217,67,66,11,0.15320733294356614,97.368,0.041789208,0.034514832,0.000185622,0.000716673,0.077206335,118.13208422232601,85,1.0,0.0
uuf50-218_uuf50-0112,satlib_random_3sat_uuf50,test,state_gate_value_only_z_R,50,218,1,0,0,30,573,30,29,6,0.06186020793393254,41.292,0.019613466,0.012419292,6.0582e-05,0.000206751,0.032300090999999996,49.97887536991355,0,0.0,0.0
uuf50-218_uuf50-0112,satlib_random_3sat_uuf50,test,state_gate_response_only_0_5z_t,50,218,1,0,0,32,520,28,27,5,0.06339116708841175,39.68,0.018354923,0.01374246,6.7377e-05,0.000247876,0.032412636,48.397143531960126,8,0.25,0.0
uuf50-218_uuf50-0112,satlib_random_3sat_uuf50,test,Paper68_hard_threshold_0_5,50,218,1,0,0,32,602,31,30,5,0.06666049989871681,43.008,0.020227009,0.014035461,6.5664e-05,0.000239497,0.034567631,52.304713818241574,6,0.1875,0.0
uuf50-218_uuf50-0112,satlib_random_3sat_uuf50,test,closure_HBV,50,218,1,0,0,34,586,33,32,6,0.06822304206434637,45.544000000000004,0.020564492,0.014516998,7.3417e-05,0.000254124,0.035409031,55.067002249944295,2,0.058823529411764705,0.0
uuf50-218_uuf50-0112,satlib_random_3sat_uuf50,test,closure_HSV,50,218,1,0,0,35,606,34,33,6,0.06983583304099739,46.924,0.020911091,0.015157583,7.4126e-05,0.000272455,0.036415255,56.71761890183595,3,0.08571428571428572,0.0
uuf50-218_uuf50-0112,satlib_random_3sat_uuf50,test,closure_BSV,50,218,1,0,0,35,606,34,33,6,0.07028250000439584,46.924,0.021181994,0.015117625,7.5711e-05,0.000263085,0.036638415,56.77763616641734,3,0.08571428571428572,0.0
uuf50-218_uuf50-0112,satlib_random_3sat_uuf50,test,closure_HBS,50,218,1,0,0,35,606,34,33,6,0.06980495795141906,46.924,0.020851401,0.01514292,7.3788e-05,0.000264833,0.03633294199999999,56.69548141707395,3,0.08571428571428572,0.0
uuf50-218_uuf50-0114,satlib_random_3sat_uuf50,test,jeroslow_wang,50,218,1,0,0,32,565,30,29,5,0.049100250005722046,41.86,0.020283333,0.0,0.0,0.00014604,0.020429373,41.86,0,0.0,0.0
uuf50-218_uuf50-0114,satlib_random_3sat_uuf50,test,vsids,50,218,1,0,0,40,747,39,38,8,0.06145941698923707,53.988,0.025409623,0.0,0.0,0.000163461,0.025573084,53.988,0,0.0,0.0
uuf50-218_uuf50-0114,satlib_random_3sat_uuf50,test,score_with_R_Paper69,50,218,1,0,0,73,1211,63,62,11,0.10943908302579075,89.744,0.044429178,0.0,0.0,0.000630791,0.045059969,89.744,73,1.0,0.0
uuf50-218_uuf50-0114,satlib_random_3sat_uuf50,test,static_gate_v17_Paper69,50,218,1,0,0,87,1264,69,68,11,0.11955954099539667,100.15599999999999,0.045201627,0.0,0.0,0.000802707,0.046004334,100.15599999999999,87,1.0,0.0
uuf50-218_uuf50-0114,satlib_random_3sat_uuf50,test,state_v18_primary,50,218,1,0,0,29,583,28,27,5,0.06246841698884964,39.032000000000004,0.019023951,0.012825959,6.3499e-05,0.000213501,0.03212691,47.672299595144466,1,0.034482758620689655,0.0
uuf50-218_uuf50-0114,satlib_random_3sat_uuf50,test,state_v18_gate_signal_shuffled,50,218,1,0,0,27,526,28,27,5,0.05846537498291582,38.204,0.017706233,0.01236879,8.1416e-05,0.00020979,0.030366229,46.37077720125478,2,0.07407407407407407,0.0
uuf50-218_uuf50-0114,satlib_random_3sat_uuf50,test,random_activation_matched_q,50,218,1,0,0,30,564,29,28,5,0.06307416700292379,40.256,0.01885225,0.013186708,6.7086e-05,0.000280665,0.032386709,48.966170653223784,3,0.1,0.0
uuf50-218_uuf50-0114,satlib_random_3sat_uuf50,test,state_Mode_A_always,50,218,1,0,0,73,1211,63,62,11,0.14709504100028425,89.744,0.044762003,0.031891205,0.000152498,0.000613085,0.077418791,110.56522272368784,73,1.0,0.0
uuf50-218_uuf50-0114,satlib_random_3sat_uuf50,test,state_gate_value_only_z_R,50,218,1,0,0,27,514,26,25,5,0.057929666014388204,36.156,0.017411965,0.012401875,5.6001e-05,0.000196754,0.030066595,44.2421928086415,0,0.0,0.0
uuf50-218_uuf50-0114,satlib_random_3sat_uuf50,test,state_gate_response_only_0_5z_t,50,218,1,0,0,32,651,32,31,5,0.07107708300463855,44.204,0.021941458,0.014781668,7.3752e-05,0.00026142,0.037058298,54.17056065604015,7,0.21875,0.0
uuf50-218_uuf50-0114,satlib_random_3sat_uuf50,test,Paper68_hard_threshold_0_5,50,218,1,0,0,33,695,32,31,6,0.07245095900725573,44.68,0.02270788,0.015551543,0.000106166,0.000278084,0.038643672999999996,55.072935771812325,11,0.3333333333333333,0.0
uuf50-218_uuf50-0114,satlib_random_3sat_uuf50,test,closure_HBV,50,218,1,0,0,33,631,31,30,5,0.07237341697327793,43.424,0.021808635,0.015354166,7.8288e-05,0.000283078,0.037524167000000004,53.51585274706572,5,0.15151515151515152,0.0
uuf50-218_uuf50-0114,satlib_random_3sat_uuf50,test,closure_HSV,50,218,1,0,0,29,583,28,27,5,0.06434666598215699,39.032000000000004,0.020172281,0.013585955,6.8917e-05,0.000225338,0.034052491,48.19017064887226,1,0.034482758620689655,0.0
uuf50-218_uuf50-0114,satlib_random_3sat_uuf50,test,closure_BSV,50,218,1,0,0,29,583,28,27,5,0.06395904195960611,39.032000000000004,0.019585265,0.013491878,6.9457e-05,0.000223833,0.033370433000000005,48.0067360931909,1,0.034482758620689655,0.0
uuf50-218_uuf50-0114,satlib_random_3sat_uuf50,test,closure_HBS,50,218,1,0,0,29,583,28,27,5,0.0654973330674693,39.032000000000004,0.019700737,0.013791043,8.5918e-05,0.000236417,0.033814115,48.126061151373364,1,0.034482758620689655,0.0
