scenario,shuffle_id,F_diag,globality,locality,delta_F_vs_real,delta_globality_vs_real,delta_locality_vs_real
standard_model_like_noise,0,3.983338887832053,0.007408201351289834,0.6393898256952599,0.6708532417259478,1.1102230246251565e-16,0.0
standard_model_like_noise,1,4.309093656638839,0.007408201351289723,0.6393898256952599,0.996608010532734,0.0,0.0
standard_model_like_noise,2,3.835940470484659,0.007408201351289723,0.6393898256952599,0.523454824378554,0.0,0.0
standard_model_like_noise,3,3.051476537933916,0.007408201351289723,0.6393898256952599,-0.26100910817218903,0.0,0.0
standard_model_like_noise,4,3.4425500383122287,0.007408201351289723,0.6393898256952598,0.13006439220612354,0.0,-1.1102230246251565e-16
standard_model_like_noise,5,3.843862270195416,0.007408201351289834,0.6393898256952598,0.5313766240893107,1.1102230246251565e-16,-1.1102230246251565e-16
standard_model_like_noise,6,2.880058371467609,0.007408201351289723,0.6393898256952599,-0.43242727463849606,0.0,0.0
standard_model_like_noise,7,3.764418029724083,0.007408201351289723,0.6393898256952599,0.4519323836179776,0.0,0.0
standard_model_like_noise,8,4.058999292790458,0.007408201351289834,0.6393898256952598,0.7465136466843525,1.1102230246251565e-16,-1.1102230246251565e-16
standard_model_like_noise,9,2.703324926842268,0.007408201351289723,0.6393898256952598,-0.6091607192638371,0.0,-1.1102230246251565e-16
standard_model_like_noise,10,3.2211408416097527,0.007408201351289723,0.6393898256952599,-0.09134480449635252,0.0,0.0
standard_model_like_noise,11,3.498819178058102,0.007408201351289723,0.6393898256952599,0.18633353195199698,0.0,0.0
standard_model_like_noise,12,4.064068159818504,0.007408201351289723,0.6393898256952599,0.7515825137123988,0.0,0.0
standard_model_like_noise,13,4.633679301749362,0.007408201351289723,0.6393898256952599,1.321193655643257,0.0,0.0
standard_model_like_noise,14,3.9794191541775144,0.007408201351289723,0.6393898256952599,0.6669335080714092,0.0,0.0
standard_model_like_noise,15,3.9733091138840217,0.007408201351289723,0.6393898256952599,0.6608234677779166,0.0,0.0
standard_model_like_noise,16,3.8889145290845133,0.007408201351289723,0.6393898256952599,0.5764288829784081,0.0,0.0
standard_model_like_noise,17,4.306961600568901,0.007408201351289723,0.6393898256952599,0.9944759544627955,0.0,0.0
standard_model_like_noise,18,4.21233758956699,0.007408201351289945,0.6393898256952598,0.8998519434608845,2.220446049250313e-16,-1.1102230246251565e-16
standard_model_like_noise,19,4.884339003638695,0.007408201351289723,0.6393898256952598,1.5718533575325901,0.0,-1.1102230246251565e-16
standard_model_like_noise,20,4.591732642937886,0.007408201351289723,0.6393898256952599,1.2792469968317812,0.0,0.0
standard_model_like_noise,21,3.2261579205268993,0.007408201351289723,0.6393898256952598,-0.08632772557920587,0.0,-1.1102230246251565e-16
standard_model_like_noise,22,4.166751997905079,0.007408201351289723,0.6393898256952599,0.8542663517989739,0.0,0.0
standard_model_like_noise,23,3.6246786039149974,0.007408201351289723,0.6393898256952599,0.3121929578088922,0.0,0.0
standard_model_like_noise,24,3.78548884364597,0.007408201351289723,0.6393898256952599,0.47300319753986475,0.0,0.0
standard_model_like_noise,25,4.049979536781256,0.007408201351289834,0.6393898256952599,0.7374938906751511,1.1102230246251565e-16,0.0
standard_model_like_noise,26,3.936040044039088,0.007408201351289723,0.6393898256952599,0.623554397932983,0.0,0.0
standard_model_like_noise,27,3.7124345272864243,0.007408201351289723,0.6393898256952598,0.3999488811803191,0.0,-1.1102230246251565e-16
standard_model_like_noise,28,3.572292457688541,0.007408201351289723,0.6393898256952598,0.2598068115824357,0.0,-1.1102230246251565e-16
standard_model_like_noise,29,6.436158351249575,0.007408201351289723,0.6393898256952599,3.12367270514347,0.0,0.0
standard_model_like_noise,30,4.247654899774098,0.007408201351289723,0.6393898256952598,0.9351692536679925,0.0,-1.1102230246251565e-16
standard_model_like_noise,31,3.7319949225514835,0.007408201351289723,0.6393898256952598,0.4195092764453783,0.0,-1.1102230246251565e-16
standard_model_like_noise,32,3.6038952027475633,0.007408201351289723,0.6393898256952599,0.29140955664145807,0.0,0.0
standard_model_like_noise,33,3.2458225406789305,0.007408201351289834,0.6393898256952599,-0.06666310542717468,1.1102230246251565e-16,0.0
standard_model_like_noise,34,4.828127178009905,0.007408201351289834,0.6393898256952598,1.5156415319037997,1.1102230246251565e-16,-1.1102230246251565e-16
standard_model_like_noise,35,4.793871160878872,0.007408201351289723,0.6393898256952599,1.481385514772767,0.0,0.0
standard_model_like_noise,36,5.2639614030361725,0.007408201351289723,0.6393898256952599,1.9514757569300674,0.0,0.0
standard_model_like_noise,37,3.8725783444276387,0.007408201351289723,0.6393898256952599,0.5600926983215335,0.0,0.0
standard_model_like_noise,38,4.764788043609501,0.007408201351289723,0.6393898256952599,1.452302397503396,0.0,0.0
standard_model_like_noise,39,3.551930239002993,0.007408201351289723,0.6393898256952599,0.2394445928968878,0.0,0.0
standard_model_like_noise,40,3.9308749328295227,0.007408201351289723,0.6393898256952599,0.6183892867234175,0.0,0.0
standard_model_like_noise,41,4.439002992659364,0.007408201351289723,0.6393898256952599,1.1265173465532587,0.0,0.0
standard_model_like_noise,42,4.0975356019394225,0.007408201351289723,0.6393898256952599,0.7850499558333173,0.0,0.0
standard_model_like_noise,43,3.170861531159353,0.007408201351289723,0.6393898256952599,-0.1416241149467523,0.0,0.0
standard_model_like_noise,44,3.764920953169347,0.007408201351289723,0.6393898256952598,0.45243530706324186,0.0,-1.1102230246251565e-16
standard_model_like_noise,45,3.717306790060406,0.007408201351289834,0.6393898256952598,0.404821143954301,1.1102230246251565e-16,-1.1102230246251565e-16
standard_model_like_noise,46,3.9225914961251807,0.007408201351289723,0.6393898256952599,0.6101058500190755,0.0,0.0
standard_model_like_noise,47,3.694835516268832,0.007408201351289723,0.6393898256952598,0.3823498701627268,0.0,-1.1102230246251565e-16
standard_model_like_noise,48,4.472806802841593,0.007408201351289723,0.6393898256952599,1.1603211567354874,0.0,0.0
standard_model_like_noise,49,4.022246854065756,0.007408201351289723,0.6393898256952598,0.7097612079596507,0.0,-1.1102230246251565e-16
standard_model_like_noise,50,3.5871878028236686,0.007408201351289723,0.6393898256952599,0.2747021567175634,0.0,0.0
standard_model_like_noise,51,3.179793425763604,0.007408201351289723,0.6393898256952599,-0.13269222034250117,0.0,0.0
standard_model_like_noise,52,4.2240137185556135,0.007408201351289501,0.6393898256952599,0.9115280724495083,-2.220446049250313e-16,0.0
standard_model_like_noise,53,3.640106440320465,0.007408201351289723,0.6393898256952599,0.32762079421435963,0.0,0.0
standard_model_like_noise,54,3.597626782165137,0.007408201351289723,0.6393898256952598,0.2851411360590319,0.0,-1.1102230246251565e-16
standard_model_like_noise,55,3.538761301473324,0.007408201351289723,0.6393898256952599,0.22627565536721894,0.0,0.0
standard_model_like_noise,56,4.036677955885321,0.007408201351289723,0.6393898256952598,0.724192309779216,0.0,-1.1102230246251565e-16
standard_model_like_noise,57,4.778356698615342,0.007408201351289723,0.6393898256952598,1.4658710525092369,0.0,-1.1102230246251565e-16
standard_model_like_noise,58,3.7564997435518275,0.007408201351289723,0.6393898256952599,0.4440140974457223,0.0,0.0
standard_model_like_noise,59,3.58736162704,0.007408201351289723,0.6393898256952599,0.27487598093389476,0.0,0.0
standard_model_like_noise,60,4.8508615339788514,0.007408201351289723,0.6393898256952599,1.5383758878727463,0.0,0.0
standard_model_like_noise,61,4.699583199681536,0.007408201351289501,0.6393898256952599,1.3870975535754306,-2.220446049250313e-16,0.0
standard_model_like_noise,62,4.942440593422254,0.007408201351289723,0.6393898256952598,1.6299549473161488,0.0,-1.1102230246251565e-16
standard_model_like_noise,63,4.294637239630773,0.007408201351289723,0.6393898256952599,0.9821515935246676,0.0,0.0
standard_model_like_noise,64,4.638702969769422,0.007408201351289723,0.6393898256952599,1.3262173236633172,0.0,0.0
standard_model_like_noise,65,3.194427379889254,0.007408201351289723,0.6393898256952598,-0.11805826621685123,0.0,-1.1102230246251565e-16
standard_model_like_noise,66,4.031157619202467,0.007408201351289945,0.6393898256952598,0.7186719730963622,2.220446049250313e-16,-1.1102230246251565e-16
standard_model_like_noise,67,3.8252747414097894,0.007408201351289723,0.6393898256952599,0.5127890953036842,0.0,0.0
standard_model_like_noise,68,4.367087094513261,0.007408201351289834,0.6393898256952599,1.0546014484071558,1.1102230246251565e-16,0.0
standard_model_like_noise,69,4.030217367101603,0.007408201351289723,0.6393898256952598,0.7177317209954976,0.0,-1.1102230246251565e-16
standard_model_like_noise,70,4.414573486772542,0.007408201351289723,0.6393898256952599,1.102087840666437,0.0,0.0
standard_model_like_noise,71,3.7612193357364494,0.007408201351289723,0.6393898256952599,0.4487336896303442,0.0,0.0
standard_model_like_noise,72,3.8498386905389093,0.007408201351289723,0.6393898256952599,0.5373530444328041,0.0,0.0
standard_model_like_noise,73,4.071407055226639,0.007408201351289723,0.6393898256952598,0.7589214091205339,0.0,-1.1102230246251565e-16
standard_model_like_noise,74,3.9758917319975344,0.007408201351289723,0.6393898256952598,0.6634060858914292,0.0,-1.1102230246251565e-16
standard_model_like_noise,75,4.050782166265806,0.007408201351289723,0.6393898256952599,0.7382965201597012,0.0,0.0
standard_model_like_noise,76,4.084035077303537,0.007408201351289723,0.6393898256952599,0.7715494311974318,0.0,0.0
standard_model_like_noise,77,4.032619095779817,0.007408201351289723,0.6393898256952598,0.7201334496737122,0.0,-1.1102230246251565e-16
standard_model_like_noise,78,3.265111109894041,0.007408201351289723,0.6393898256952598,-0.04737453621206411,0.0,-1.1102230246251565e-16
standard_model_like_noise,79,3.5128743944530987,0.007408201351289834,0.6393898256952599,0.2003887483469935,1.1102230246251565e-16,0.0
standard_model_like_noise,80,3.0286962691977255,0.007408201351289723,0.6393898256952598,-0.2837893769083797,0.0,-1.1102230246251565e-16
standard_model_like_noise,81,4.0593626761006965,0.007408201351289723,0.6393898256952598,0.7468770299945913,0.0,-1.1102230246251565e-16
standard_model_like_noise,82,2.7116108776553194,0.007408201351289723,0.6393898256952599,-0.6008747684507858,0.0,0.0
standard_model_like_noise,83,3.637632418240168,0.007408201351289723,0.6393898256952598,0.3251467721340626,0.0,-1.1102230246251565e-16
standard_model_like_noise,84,4.250853555539347,0.007408201351289723,0.6393898256952599,0.938367909433242,0.0,0.0
standard_model_like_noise,85,3.923012340209013,0.007408201351289723,0.6393898256952599,0.6105266941029077,0.0,0.0
standard_model_like_noise,86,4.558012626985654,0.007408201351289723,0.6393898256952598,1.245526980879549,0.0,-1.1102230246251565e-16
standard_model_like_noise,87,4.65944593497067,0.007408201351289723,0.6393898256952599,1.3469602888645644,0.0,0.0
standard_model_like_noise,88,3.553120929247158,0.007408201351289723,0.6393898256952599,0.24063528314105298,0.0,0.0
standard_model_like_noise,89,3.6444708775988364,0.007408201351289723,0.6393898256952598,0.3319852314927312,0.0,-1.1102230246251565e-16
standard_model_like_noise,90,3.696543912742861,0.007408201351289723,0.6393898256952598,0.3840582666367558,0.0,-1.1102230246251565e-16
standard_model_like_noise,91,4.150386945458564,0.007408201351289723,0.6393898256952599,0.8379012993524588,0.0,0.0
standard_model_like_noise,92,3.112100298249297,0.007408201351289723,0.6393898256952599,-0.20038534785680806,0.0,0.0
standard_model_like_noise,93,4.628027593541983,0.007408201351289723,0.6393898256952598,1.3155419474358778,0.0,-1.1102230246251565e-16
standard_model_like_noise,94,4.261868026254943,0.007408201351289723,0.6393898256952598,0.9493823801488377,0.0,-1.1102230246251565e-16
standard_model_like_noise,95,3.420111545236387,0.007408201351289723,0.6393898256952599,0.10762589913028187,0.0,0.0
standard_model_like_noise,96,5.0086491381724585,0.007408201351289723,0.6393898256952598,1.6961634920663533,0.0,-1.1102230246251565e-16
standard_model_like_noise,97,4.118811488291698,0.007408201351289723,0.6393898256952598,0.8063258421855926,0.0,-1.1102230246251565e-16
standard_model_like_noise,98,4.3798521528410195,0.007408201351289834,0.6393898256952598,1.0673665067349143,1.1102230246251565e-16,-1.1102230246251565e-16
standard_model_like_noise,99,4.116852953939009,0.007408201351289723,0.6393898256952598,0.8043673078329041,0.0,-1.1102230246251565e-16
standard_model_like_noise,100,3.48905895304586,0.007408201351289723,0.6393898256952598,0.17657330693975481,0.0,-1.1102230246251565e-16
standard_model_like_noise,101,3.467723710217991,0.007408201351289723,0.6393898256952598,0.1552380641118858,0.0,-1.1102230246251565e-16
standard_model_like_noise,102,3.7792192104982325,0.007408201351289723,0.6393898256952599,0.4667335643921273,0.0,0.0
standard_model_like_noise,103,4.0500368091510435,0.007408201351289723,0.6393898256952598,0.7375511630449383,0.0,-1.1102230246251565e-16
standard_model_like_noise,104,4.191573842298521,0.007408201351289723,0.6393898256952599,0.8790881961924155,0.0,0.0
standard_model_like_noise,105,4.3255353098958,0.007408201351289723,0.6393898256952598,1.0130496637896949,0.0,-1.1102230246251565e-16
standard_model_like_noise,106,3.9687430470489065,0.007408201351289834,0.6393898256952598,0.6562574009428013,1.1102230246251565e-16,-1.1102230246251565e-16
standard_model_like_noise,107,4.826985352485131,0.007408201351289723,0.6393898256952598,1.5144997063790262,0.0,-1.1102230246251565e-16
standard_model_like_noise,108,4.324117418533576,0.007408201351289723,0.6393898256952599,1.0116317724274708,0.0,0.0
standard_model_like_noise,109,3.9363988990106513,0.007408201351289723,0.6393898256952598,0.6239132529045461,0.0,-1.1102230246251565e-16
standard_model_like_noise,110,5.661629281581267,0.007408201351289723,0.6393898256952599,2.349143635475162,0.0,0.0
standard_model_like_noise,111,4.991460265276209,0.007408201351289723,0.6393898256952599,1.6789746191701038,0.0,0.0
standard_model_like_noise,112,4.018956421969455,0.007408201351289834,0.6393898256952599,0.7064707758633499,1.1102230246251565e-16,0.0
standard_model_like_noise,113,3.8149131434045787,0.007408201351289723,0.6393898256952598,0.5024274972984735,0.0,-1.1102230246251565e-16
standard_model_like_noise,114,3.8547479854881335,0.007408201351289723,0.6393898256952598,0.5422623393820283,0.0,-1.1102230246251565e-16
standard_model_like_noise,115,3.959924958485905,0.007408201351289723,0.6393898256952599,0.6474393123797997,0.0,0.0
standard_model_like_noise,116,3.8812368313839665,0.007408201351289834,0.6393898256952599,0.5687511852778613,1.1102230246251565e-16,0.0
standard_model_like_noise,117,4.066822723317739,0.007408201351289723,0.6393898256952599,0.754337077211634,0.0,0.0
standard_model_like_noise,118,3.683168885106115,0.007408201351289834,0.6393898256952598,0.37068323900000966,1.1102230246251565e-16,-1.1102230246251565e-16
standard_model_like_noise,119,4.4090064751733244,0.007408201351289723,0.6393898256952598,1.0965208290672193,0.0,-1.1102230246251565e-16
standard_model_like_noise,120,4.435762179713413,0.007408201351289723,0.6393898256952599,1.1232765336073074,0.0,0.0
standard_model_like_noise,121,3.8609360041375735,0.007408201351289834,0.6393898256952598,0.5484503580314684,1.1102230246251565e-16,-1.1102230246251565e-16
standard_model_like_noise,122,3.4458768985151833,0.007408201351289723,0.6393898256952599,0.13339125240907812,0.0,0.0
standard_model_like_noise,123,2.878692095489981,0.007408201351289834,0.6393898256952599,-0.43379355061612435,1.1102230246251565e-16,0.0
standard_model_like_noise,124,3.9630879436964417,0.007408201351289723,0.6393898256952599,0.6506022975903365,0.0,0.0
standard_model_like_noise,125,3.482595942577802,0.007408201351289723,0.6393898256952599,0.17011029647169673,0.0,0.0
standard_model_like_noise,126,4.3489449775383635,0.007408201351289723,0.6393898256952599,1.0364593314322583,0.0,0.0
standard_model_like_noise,127,3.8049463070144847,0.007408201351289834,0.6393898256952599,0.4924606609083795,1.1102230246251565e-16,0.0
standard_model_like_noise,128,4.119633160034726,0.007408201351289723,0.6393898256952599,0.807147513928621,0.0,0.0
standard_model_like_noise,129,3.708832524415699,0.007408201351289834,0.6393898256952599,0.3963468783095938,1.1102230246251565e-16,0.0
standard_model_like_noise,130,4.094519595483547,0.007408201351289501,0.6393898256952599,0.7820339493774418,-2.220446049250313e-16,0.0
standard_model_like_noise,131,4.950675784485035,0.007408201351289723,0.6393898256952599,1.6381901383789295,0.0,0.0
standard_model_like_noise,132,3.5185510148063743,0.007408201351289723,0.6393898256952598,0.20606536870026915,0.0,-1.1102230246251565e-16
standard_model_like_noise,133,4.261990174823793,0.007408201351289723,0.6393898256952599,0.9495045287176875,0.0,0.0
standard_model_like_noise,134,4.933596263189977,0.007408201351289723,0.6393898256952599,1.6211106170838718,0.0,0.0
standard_model_like_noise,135,3.6444318705167387,0.007408201351289723,0.6393898256952599,0.3319462244106335,0.0,0.0
standard_model_like_noise,136,4.350084696039328,0.007408201351289723,0.6393898256952599,1.037599049933223,0.0,0.0
standard_model_like_noise,137,4.003877669394988,0.007408201351289834,0.6393898256952599,0.6913920232888824,1.1102230246251565e-16,0.0
standard_model_like_noise,138,4.441149162321905,0.007408201351289723,0.6393898256952599,1.1286635162157994,0.0,0.0
standard_model_like_noise,139,4.667963574357372,0.007408201351289723,0.6393898256952599,1.3554779282512666,0.0,0.0
standard_model_like_noise,140,3.50240151992762,0.007408201351289723,0.6393898256952599,0.18991587382151476,0.0,0.0
standard_model_like_noise,141,3.614192910171975,0.007408201351289723,0.6393898256952599,0.30170726406587,0.0,0.0
standard_model_like_noise,142,4.806089680772261,0.007408201351289723,0.6393898256952599,1.4936040346661557,0.0,0.0
standard_model_like_noise,143,4.2542807584196405,0.007408201351289723,0.6393898256952598,0.9417951123135353,0.0,-1.1102230246251565e-16
standard_model_like_noise,144,3.673480688184694,0.007408201351289723,0.6393898256952599,0.360995042078589,0.0,0.0
standard_model_like_noise,145,4.376124991070698,0.007408201351289723,0.6393898256952599,1.0636393449645931,0.0,0.0
standard_model_like_noise,146,3.407574501923559,0.007408201351289723,0.6393898256952598,0.09508885581745385,0.0,-1.1102230246251565e-16
standard_model_like_noise,147,3.411188893847716,0.007408201351289834,0.6393898256952599,0.09870324774161077,1.1102230246251565e-16,0.0
standard_model_like_noise,148,4.0178967655873,0.007408201351289834,0.6393898256952599,0.7054111194811945,1.1102230246251565e-16,0.0
standard_model_like_noise,149,4.5521019227939945,0.007408201351289723,0.6393898256952599,1.2396162766878893,0.0,0.0
standard_model_like_noise,150,3.087770701746055,0.007408201351289834,0.6393898256952598,-0.22471494436005024,1.1102230246251565e-16,-1.1102230246251565e-16
standard_model_like_noise,151,3.2502590167310337,0.007408201351289834,0.6393898256952598,-0.06222662937507151,1.1102230246251565e-16,-1.1102230246251565e-16
standard_model_like_noise,152,3.935060579856109,0.007408201351289834,0.6393898256952599,0.6225749337500037,1.1102230246251565e-16,0.0
standard_model_like_noise,153,4.135434264036639,0.007408201351289723,0.6393898256952599,0.8229486179305336,0.0,0.0
standard_model_like_noise,154,3.3014835123030846,0.007408201351289723,0.6393898256952599,-0.01100213380302062,0.0,0.0
standard_model_like_noise,155,4.067250169815257,0.007408201351289723,0.6393898256952599,0.7547645237091523,0.0,0.0
standard_model_like_noise,156,4.950455635642227,0.007408201351289834,0.6393898256952599,1.6379699895361215,1.1102230246251565e-16,0.0
standard_model_like_noise,157,3.977164221808026,0.007408201351289723,0.6393898256952598,0.6646785757019207,0.0,-1.1102230246251565e-16
standard_model_like_noise,158,3.9844099577295498,0.007408201351289723,0.6393898256952598,0.6719243116234446,0.0,-1.1102230246251565e-16
standard_model_like_noise,159,4.196904350098373,0.007408201351289723,0.6393898256952598,0.8844187039922682,0.0,-1.1102230246251565e-16
standard_model_like_noise,160,3.725373211933799,0.007408201351289723,0.6393898256952599,0.4128875658276936,0.0,0.0
standard_model_like_noise,161,6.071047530258446,0.007408201351289834,0.6393898256952599,2.758561884152341,1.1102230246251565e-16,0.0
standard_model_like_noise,162,4.189476459461026,0.007408201351289834,0.6393898256952599,0.8769908133549205,1.1102230246251565e-16,0.0
standard_model_like_noise,163,3.8016011926964017,0.007408201351289723,0.6393898256952599,0.48911554659029655,0.0,0.0
standard_model_like_noise,164,3.4964322809564727,0.007408201351289723,0.6393898256952599,0.18394663485036755,0.0,0.0
standard_model_like_noise,165,3.672541118433493,0.007408201351289723,0.6393898256952599,0.3600554723273879,0.0,0.0
standard_model_like_noise,166,4.5085227433136925,0.007408201351289723,0.6393898256952599,1.1960370972075873,0.0,0.0
standard_model_like_noise,167,3.39914134494202,0.007408201351289834,0.6393898256952599,0.08665569883591484,1.1102230246251565e-16,0.0
standard_model_like_noise,168,4.045571828449656,0.007408201351289723,0.6393898256952599,0.733086182343551,0.0,0.0
standard_model_like_noise,169,3.7376433433350473,0.007408201351289723,0.6393898256952599,0.42515769722894214,0.0,0.0
standard_model_like_noise,170,3.387438796569408,0.007408201351289723,0.6393898256952599,0.07495315046330298,0.0,0.0
standard_model_like_noise,171,3.4822139033802815,0.007408201351289834,0.6393898256952598,0.1697282572741763,1.1102230246251565e-16,-1.1102230246251565e-16
standard_model_like_noise,172,4.260531892334445,0.007408201351289723,0.6393898256952599,0.9480462462283397,0.0,0.0
standard_model_like_noise,173,4.467590528120829,0.007408201351289834,0.6393898256952599,1.155104882014724,1.1102230246251565e-16,0.0
standard_model_like_noise,174,3.470851323848592,0.007408201351289834,0.6393898256952599,0.1583656777424869,1.1102230246251565e-16,0.0
standard_model_like_noise,175,4.254214683259038,0.007408201351289723,0.6393898256952599,0.9417290371529328,0.0,0.0
standard_model_like_noise,176,3.614657669949707,0.007408201351289723,0.6393898256952599,0.30217202384360187,0.0,0.0
standard_model_like_noise,177,3.362873245906655,0.007408201351289501,0.6393898256952598,0.050387599800549854,-2.220446049250313e-16,-1.1102230246251565e-16
standard_model_like_noise,178,6.473917406749123,0.007408201351289723,0.6393898256952598,3.1614317606430182,0.0,-1.1102230246251565e-16
standard_model_like_noise,179,4.477091015804456,0.007408201351289723,0.6393898256952599,1.164605369698351,0.0,0.0
standard_model_like_noise,180,3.5870325756675174,0.007408201351289723,0.6393898256952598,0.27454692956141225,0.0,-1.1102230246251565e-16
standard_model_like_noise,181,4.873179262422719,0.007408201351289723,0.6393898256952598,1.5606936163166134,0.0,-1.1102230246251565e-16
standard_model_like_noise,182,4.544579365630941,0.007408201351289723,0.6393898256952598,1.232093719524836,0.0,-1.1102230246251565e-16
standard_model_like_noise,183,4.3635826759903305,0.007408201351289723,0.6393898256952599,1.0510970298842253,0.0,0.0
standard_model_like_noise,184,3.9231663515352033,0.007408201351289723,0.6393898256952599,0.6106807054290981,0.0,0.0
standard_model_like_noise,185,3.5661792919606947,0.007408201351289723,0.6393898256952598,0.25369364585458953,0.0,-1.1102230246251565e-16
standard_model_like_noise,186,5.3828014477972905,0.007408201351289723,0.6393898256952598,2.0703158016911853,0.0,-1.1102230246251565e-16
standard_model_like_noise,187,3.9112874564456375,0.007408201351289723,0.6393898256952599,0.5988018103395323,0.0,0.0
standard_model_like_noise,188,4.287310897549275,0.007408201351289723,0.6393898256952599,0.9748252514431694,0.0,0.0
standard_model_like_noise,189,3.2534509693795677,0.007408201351289723,0.6393898256952599,-0.059034676726537505,0.0,0.0
standard_model_like_noise,190,4.45693202081898,0.007408201351289723,0.6393898256952598,1.1444463747128752,0.0,-1.1102230246251565e-16
standard_model_like_noise,191,3.2524065882156235,0.007408201351289723,0.6393898256952599,-0.060079057890481735,0.0,0.0
standard_model_like_noise,192,4.162018412586616,0.007408201351289723,0.6393898256952599,0.849532766480511,0.0,0.0
standard_model_like_noise,193,3.9333326816612164,0.007408201351289723,0.6393898256952599,0.6208470355551112,0.0,0.0
standard_model_like_noise,194,5.032343523914584,0.007408201351289723,0.6393898256952599,1.7198578778084785,0.0,0.0
standard_model_like_noise,195,2.9978512705310245,0.007408201351289723,0.6393898256952599,-0.31463437557508067,0.0,0.0
standard_model_like_noise,196,4.0608713190581245,0.007408201351289723,0.6393898256952599,0.7483856729520193,0.0,0.0
standard_model_like_noise,197,3.5309035647580065,0.007408201351289723,0.6393898256952598,0.2184179186519013,0.0,-1.1102230246251565e-16
standard_model_like_noise,198,3.2443274863255387,0.007408201351289723,0.6393898256952598,-0.0681581597805665,0.0,-1.1102230246251565e-16
standard_model_like_noise,199,3.903295906589989,0.007408201351289723,0.6393898256952598,0.5908102604838836,0.0,-1.1102230246251565e-16
coherent_wilson_shift,0,1.911335291803998,0.9160707868944874,0.15857513889327743,-0.14802113378206094,0.0,-2.7755575615628914e-17
coherent_wilson_shift,1,2.3845206920035746,0.9160707868944874,0.15857513889327748,0.3251642664175156,0.0,2.7755575615628914e-17
coherent_wilson_shift,2,1.7842321661178646,0.9160707868944874,0.15857513889327743,-0.2751242594681944,0.0,-2.7755575615628914e-17
coherent_wilson_shift,3,2.8182478447391617,0.9160707868944874,0.15857513889327746,0.7588914191531027,0.0,0.0
coherent_wilson_shift,4,3.890300251293013,0.9160707868944874,0.15857513889327743,1.830943825706954,0.0,-2.7755575615628914e-17
coherent_wilson_shift,5,1.0883319757854533,0.9160707868944874,0.15857513889327743,-0.9710244498006058,0.0,-2.7755575615628914e-17
coherent_wilson_shift,6,1.210475651565741,0.9160707868944874,0.15857513889327743,-0.8488807740203179,0.0,-2.7755575615628914e-17
coherent_wilson_shift,7,2.8768523502286145,0.9160707868944874,0.15857513889327748,0.8174959246425555,0.0,2.7755575615628914e-17
coherent_wilson_shift,8,1.9620217823621524,0.9160707868944874,0.15857513889327743,-0.09733464322390661,0.0,-2.7755575615628914e-17
coherent_wilson_shift,9,2.2039944681305674,0.9160707868944874,0.15857513889327743,0.1446380425445084,0.0,-2.7755575615628914e-17
coherent_wilson_shift,10,3.0124229717654885,0.9160707868944874,0.15857513889327743,0.9530665461794294,0.0,-2.7755575615628914e-17
coherent_wilson_shift,11,3.7898553518120597,0.9160707868944874,0.15857513889327743,1.7304989262260007,0.0,-2.7755575615628914e-17
coherent_wilson_shift,12,0.8077764198225625,0.9160707868944874,0.15857513889327746,-1.2515800057634965,0.0,0.0
coherent_wilson_shift,13,1.8293938392236613,0.9160707868944874,0.15857513889327743,-0.22996258636239775,0.0,-2.7755575615628914e-17
coherent_wilson_shift,14,2.400705406941369,0.9160707868944874,0.15857513889327746,0.3413489813553099,0.0,0.0
coherent_wilson_shift,15,4.923001925118709,0.9160707868944874,0.15857513889327746,2.86364549953265,0.0,0.0
coherent_wilson_shift,16,3.019677132314415,0.9160707868944874,0.15857513889327743,0.9603207067283561,0.0,-2.7755575615628914e-17
coherent_wilson_shift,17,2.4807482837644947,0.9160707868944874,0.15857513889327743,0.4213918581784357,0.0,-2.7755575615628914e-17
coherent_wilson_shift,18,1.7728395017412306,0.9160707868944874,0.1585751388932775,-0.2865169238448284,0.0,5.551115123125783e-17
coherent_wilson_shift,19,3.095329857648245,0.9160707868944874,0.15857513889327743,1.0359734320621858,0.0,-2.7755575615628914e-17
coherent_wilson_shift,20,1.9512850256867775,0.9160707868944874,0.15857513889327748,-0.1080713998992815,0.0,2.7755575615628914e-17
coherent_wilson_shift,21,2.696799109714328,0.9160707868944874,0.15857513889327743,0.6374426841282688,0.0,-2.7755575615628914e-17
coherent_wilson_shift,22,2.192477795053124,0.9160707868944874,0.15857513889327746,0.133121369467065,0.0,0.0
coherent_wilson_shift,23,3.2031923049294546,0.9160707868944874,0.15857513889327746,1.1438358793433956,0.0,0.0
coherent_wilson_shift,24,1.9867512162412004,0.9160707868944874,0.15857513889327748,-0.07260520934485859,0.0,2.7755575615628914e-17
coherent_wilson_shift,25,2.5352446310877066,0.9160707868944874,0.15857513889327743,0.47588820550164757,0.0,-2.7755575615628914e-17
coherent_wilson_shift,26,2.121069647155509,0.9160707868944874,0.15857513889327746,0.06171322156945003,0.0,0.0
coherent_wilson_shift,27,2.2196315054886164,0.9160707868944873,0.15857513889327743,0.1602750799025574,-1.1102230246251565e-16,-2.7755575615628914e-17
coherent_wilson_shift,28,1.3881186287854195,0.9160707868944874,0.15857513889327743,-0.6712377968006396,0.0,-2.7755575615628914e-17
coherent_wilson_shift,29,1.6829874248426753,0.9160707868944874,0.15857513889327743,-0.37636900074338375,0.0,-2.7755575615628914e-17
coherent_wilson_shift,30,1.0430441741428593,0.9160707868944874,0.15857513889327743,-1.0163122514431997,0.0,-2.7755575615628914e-17
coherent_wilson_shift,31,2.4265874366346436,0.9160707868944874,0.15857513889327743,0.3672310110485846,0.0,-2.7755575615628914e-17
coherent_wilson_shift,32,3.4916900908160975,0.9160707868944874,0.15857513889327748,1.4323336652300385,0.0,2.7755575615628914e-17
coherent_wilson_shift,33,1.9813730322194874,0.9160707868944874,0.15857513889327743,-0.07798339336657167,0.0,-2.7755575615628914e-17
coherent_wilson_shift,34,1.7770207045223714,0.9160707868944874,0.1585751388932775,-0.28233572106368765,0.0,5.551115123125783e-17
coherent_wilson_shift,35,1.6674949296597654,0.9160707868944874,0.15857513889327743,-0.3918614959262936,0.0,-2.7755575615628914e-17
coherent_wilson_shift,36,1.8423548239987044,0.9160707868944874,0.15857513889327743,-0.2170016015873546,0.0,-2.7755575615628914e-17
coherent_wilson_shift,37,2.4032169985294987,0.9160707868944874,0.15857513889327743,0.34386057294343964,0.0,-2.7755575615628914e-17
coherent_wilson_shift,38,3.2741819043385725,0.9160707868944874,0.15857513889327743,1.2148254787525135,0.0,-2.7755575615628914e-17
coherent_wilson_shift,39,1.1234234017751152,0.9160707868944874,0.15857513889327743,-0.9359330238109438,0.0,-2.7755575615628914e-17
coherent_wilson_shift,40,1.9486873748876854,0.9160707868944874,0.15857513889327748,-0.11066905069837363,0.0,2.7755575615628914e-17
coherent_wilson_shift,41,2.7284886248532985,0.9160707868944874,0.15857513889327743,0.6691321992672394,0.0,-2.7755575615628914e-17
coherent_wilson_shift,42,2.5305893516446147,0.9160707868944874,0.15857513889327743,0.4712329260585557,0.0,-2.7755575615628914e-17
coherent_wilson_shift,43,0.7798345016917446,0.9160707868944874,0.1585751388932775,-1.2795219238943143,0.0,5.551115123125783e-17
coherent_wilson_shift,44,1.5905774321553068,0.9160707868944874,0.15857513889327743,-0.46877899343075224,0.0,-2.7755575615628914e-17
coherent_wilson_shift,45,3.443438297847275,0.9160707868944874,0.15857513889327748,1.3840818722612158,0.0,2.7755575615628914e-17
coherent_wilson_shift,46,2.186109054782373,0.9160707868944874,0.15857513889327746,0.12675262919631392,0.0,0.0
coherent_wilson_shift,47,1.992493046942565,0.9160707868944874,0.15857513889327748,-0.06686337864349401,0.0,2.7755575615628914e-17
coherent_wilson_shift,48,3.1333760690530936,0.9160707868944874,0.15857513889327748,1.0740196434670346,0.0,2.7755575615628914e-17
coherent_wilson_shift,49,1.4639526545288217,0.9160707868944874,0.15857513889327743,-0.5954037710572373,0.0,-2.7755575615628914e-17
coherent_wilson_shift,50,2.7901451704951596,0.9160707868944874,0.15857513889327743,0.7307887449091006,0.0,-2.7755575615628914e-17
coherent_wilson_shift,51,1.8835911549789037,0.9160707868944874,0.15857513889327748,-0.1757652706071553,0.0,2.7755575615628914e-17
coherent_wilson_shift,52,1.9951182522533881,0.9160707868944874,0.15857513889327743,-0.0642381733326709,0.0,-2.7755575615628914e-17
coherent_wilson_shift,53,2.0338997998733745,0.9160707868944874,0.1585751388932775,-0.025456625712684477,0.0,5.551115123125783e-17
coherent_wilson_shift,54,1.2409439245469929,0.9160707868944874,0.1585751388932774,-0.8184125010390662,0.0,-5.551115123125783e-17
coherent_wilson_shift,55,2.2016162255035034,0.9160707868944874,0.15857513889327743,0.14225979991744442,0.0,-2.7755575615628914e-17
coherent_wilson_shift,56,1.7042912913672263,0.9160707868944874,0.15857513889327746,-0.3550651342188327,0.0,0.0
coherent_wilson_shift,57,2.6540309462914964,0.9160707868944874,0.15857513889327746,0.5946745207054374,0.0,0.0
coherent_wilson_shift,58,3.1695001643767324,0.9160707868944874,0.15857513889327743,1.1101437387906734,0.0,-2.7755575615628914e-17
coherent_wilson_shift,59,1.9159675643169953,0.9160707868944874,0.15857513889327743,-0.1433888612690637,0.0,-2.7755575615628914e-17
coherent_wilson_shift,60,2.165147979017712,0.9160707868944874,0.15857513889327743,0.10579155343165292,0.0,-2.7755575615628914e-17
coherent_wilson_shift,61,1.890232515266482,0.9160707868944874,0.15857513889327743,-0.16912391031957696,0.0,-2.7755575615628914e-17
coherent_wilson_shift,62,2.336393045057722,0.9160707868944874,0.15857513889327746,0.27703661947166314,0.0,0.0
coherent_wilson_shift,63,1.740397778510721,0.9160707868944874,0.15857513889327746,-0.31895864707533805,0.0,0.0
coherent_wilson_shift,64,2.5739101718465496,0.9160707868944874,0.15857513889327746,0.5145537462604906,0.0,0.0
coherent_wilson_shift,65,2.1964667461651084,0.9160707868944874,0.15857513889327743,0.13711032057904937,0.0,-2.7755575615628914e-17
coherent_wilson_shift,66,1.3676438669413074,0.9160707868944874,0.15857513889327746,-0.6917125586447517,0.0,0.0
coherent_wilson_shift,67,3.4200303853142375,0.9160707868944874,0.15857513889327743,1.3606739597281785,0.0,-2.7755575615628914e-17
coherent_wilson_shift,68,2.071035622567326,0.9160707868944874,0.15857513889327743,0.011679196981266848,0.0,-2.7755575615628914e-17
coherent_wilson_shift,69,2.1304723797507683,0.9160707868944874,0.15857513889327743,0.07111595416470928,0.0,-2.7755575615628914e-17
coherent_wilson_shift,70,2.1709417247206786,0.9160707868944874,0.15857513889327743,0.11158529913461956,0.0,-2.7755575615628914e-17
coherent_wilson_shift,71,3.811038242401195,0.9160707868944874,0.15857513889327743,1.751681816815136,0.0,-2.7755575615628914e-17
coherent_wilson_shift,72,2.408573195709422,0.9160707868944874,0.15857513889327743,0.34921677012336305,0.0,-2.7755575615628914e-17
coherent_wilson_shift,73,1.914575105546637,0.9160707868944874,0.15857513889327746,-0.14478132003942212,0.0,0.0
coherent_wilson_shift,74,2.235951946700456,0.9160707868944874,0.15857513889327746,0.1765955211143968,0.0,0.0
coherent_wilson_shift,75,2.476663977149851,0.9160707868944874,0.15857513889327748,0.41730755156379207,0.0,2.7755575615628914e-17
coherent_wilson_shift,76,2.1757055183118594,0.9160707868944874,0.15857513889327743,0.11634909272580041,0.0,-2.7755575615628914e-17
coherent_wilson_shift,77,3.1721688900454326,0.9160707868944874,0.15857513889327743,1.1128124644593735,0.0,-2.7755575615628914e-17
coherent_wilson_shift,78,2.2600940227357325,0.9160707868944874,0.15857513889327743,0.20073759714967343,0.0,-2.7755575615628914e-17
coherent_wilson_shift,79,1.4638961360616385,0.9160707868944874,0.15857513889327743,-0.5954602895244205,0.0,-2.7755575615628914e-17
coherent_wilson_shift,80,2.2369148439489788,0.9160707868944874,0.15857513889327743,0.17755841836291975,0.0,-2.7755575615628914e-17
coherent_wilson_shift,81,3.0866633949661537,0.9160707868944874,0.15857513889327754,1.0273069693800947,0.0,8.326672684688674e-17
coherent_wilson_shift,82,3.9231811489044217,0.9160707868944874,0.15857513889327743,1.8638247233183627,0.0,-2.7755575615628914e-17
coherent_wilson_shift,83,2.627170681177483,0.9160707868944874,0.1585751388932775,0.5678142555914238,0.0,5.551115123125783e-17
coherent_wilson_shift,84,3.0187510926775385,0.9160707868944874,0.15857513889327743,0.9593946670914795,0.0,-2.7755575615628914e-17
coherent_wilson_shift,85,1.558498265274524,0.9160707868944874,0.15857513889327754,-0.500858160311535,0.0,8.326672684688674e-17
coherent_wilson_shift,86,2.8540305323032804,0.9160707868944874,0.15857513889327746,0.7946741067172214,0.0,0.0
coherent_wilson_shift,87,2.280383248134159,0.9160707868944874,0.15857513889327746,0.22102682254810002,0.0,0.0
coherent_wilson_shift,88,2.265281484069823,0.9160707868944874,0.15857513889327743,0.2059250584837642,0.0,-2.7755575615628914e-17
coherent_wilson_shift,89,1.5785034876130672,0.9160707868944874,0.15857513889327743,-0.4808529379729918,0.0,-2.7755575615628914e-17
coherent_wilson_shift,90,1.5964599129043222,0.9160707868944874,0.15857513889327743,-0.4628965126817368,0.0,-2.7755575615628914e-17
coherent_wilson_shift,91,2.2234276092789305,0.9160707868944874,0.15857513889327746,0.16407118369287144,0.0,0.0
coherent_wilson_shift,92,1.6841374895471448,0.9160707868944874,0.15857513889327743,-0.3752189360389142,0.0,-2.7755575615628914e-17
coherent_wilson_shift,93,1.9890721031764127,0.9160707868944874,0.15857513889327743,-0.07028432240964633,0.0,-2.7755575615628914e-17
coherent_wilson_shift,94,1.7895645232363906,0.9160707868944874,0.15857513889327748,-0.26979190234966843,0.0,2.7755575615628914e-17
coherent_wilson_shift,95,2.4272203709406552,0.9160707868944874,0.15857513889327746,0.3678639453545962,0.0,0.0
coherent_wilson_shift,96,1.6178802732027968,0.9160707868944874,0.15857513889327743,-0.4414761523832622,0.0,-2.7755575615628914e-17
coherent_wilson_shift,97,2.288249564224503,0.9160707868944874,0.15857513889327746,0.22889313863844407,0.0,0.0
coherent_wilson_shift,98,2.2157836937402684,0.9160707868944874,0.15857513889327754,0.15642726815420938,0.0,8.326672684688674e-17
coherent_wilson_shift,99,2.706693431488024,0.9160707868944874,0.15857513889327754,0.647337005901965,0.0,8.326672684688674e-17
coherent_wilson_shift,100,1.8248880040976052,0.9160707868944874,0.15857513889327743,-0.23446842148845382,0.0,-2.7755575615628914e-17
coherent_wilson_shift,101,1.8036247850732918,0.9160707868944874,0.15857513889327746,-0.2557316405127672,0.0,0.0
coherent_wilson_shift,102,3.1680580779831238,0.9160707868944874,0.15857513889327743,1.1087016523970648,0.0,-2.7755575615628914e-17
coherent_wilson_shift,103,2.861448366022064,0.9160707868944874,0.15857513889327746,0.802091940436005,0.0,0.0
coherent_wilson_shift,104,2.4079156167003686,0.9160707868944874,0.15857513889327743,0.34855919111430955,0.0,-2.7755575615628914e-17
coherent_wilson_shift,105,2.170477079708955,0.9160707868944874,0.15857513889327746,0.11112065412289596,0.0,0.0
coherent_wilson_shift,106,2.6043814760421626,0.9160707868944874,0.15857513889327748,0.5450250504561036,0.0,2.7755575615628914e-17
coherent_wilson_shift,107,3.4952317524577,0.9160707868944874,0.15857513889327743,1.435875326871641,0.0,-2.7755575615628914e-17
coherent_wilson_shift,108,1.642687093484498,0.9160707868944874,0.15857513889327743,-0.4166693321015611,0.0,-2.7755575615628914e-17
coherent_wilson_shift,109,2.79566615309212,0.9160707868944874,0.15857513889327743,0.736309727506061,0.0,-2.7755575615628914e-17
coherent_wilson_shift,110,2.5248243229640885,0.9160707868944874,0.15857513889327743,0.4654678973780295,0.0,-2.7755575615628914e-17
coherent_wilson_shift,111,1.4173010683818013,0.9160707868944874,0.15857513889327743,-0.6420553572042578,0.0,-2.7755575615628914e-17
coherent_wilson_shift,112,2.0626281734414182,0.9160707868944874,0.15857513889327743,0.0032717478553592194,0.0,-2.7755575615628914e-17
coherent_wilson_shift,113,3.0662796108749792,0.9160707868944874,0.15857513889327743,1.0069231852889202,0.0,-2.7755575615628914e-17
coherent_wilson_shift,114,2.100952232164538,0.9160707868944874,0.15857513889327746,0.041595806578479166,0.0,0.0
coherent_wilson_shift,115,2.788835795943279,0.9160707868944874,0.15857513889327743,0.72947937035722,0.0,-2.7755575615628914e-17
coherent_wilson_shift,116,1.966218218449709,0.9160707868944874,0.15857513889327748,-0.09313820713635002,0.0,2.7755575615628914e-17
coherent_wilson_shift,117,2.3591693356249555,0.9160707868944874,0.15857513889327746,0.29981291003889643,0.0,0.0
coherent_wilson_shift,118,1.9330768265279483,0.9160707868944874,0.15857513889327743,-0.1262795990581107,0.0,-2.7755575615628914e-17
coherent_wilson_shift,119,2.32201827909806,0.9160707868944874,0.15857513889327743,0.2626618535120011,0.0,-2.7755575615628914e-17
coherent_wilson_shift,120,2.2381802242378597,0.9160707868944874,0.15857513889327743,0.17882379865180065,0.0,-2.7755575615628914e-17
coherent_wilson_shift,121,2.323024453902426,0.9160707868944874,0.15857513889327743,0.26366802831636704,0.0,-2.7755575615628914e-17
coherent_wilson_shift,122,1.8972596733361065,0.9160707868944874,0.15857513889327743,-0.16209675224995257,0.0,-2.7755575615628914e-17
coherent_wilson_shift,123,1.7557622564262299,0.9160707868944874,0.15857513889327748,-0.3035941691598292,0.0,2.7755575615628914e-17
coherent_wilson_shift,124,1.5769179965076534,0.9160707868944874,0.15857513889327743,-0.4824384290784056,0.0,-2.7755575615628914e-17
coherent_wilson_shift,125,2.288423497429368,0.9160707868944874,0.15857513889327743,0.22906707184330877,0.0,-2.7755575615628914e-17
coherent_wilson_shift,126,1.379875774321726,0.9160707868944874,0.15857513889327743,-0.679480651264333,0.0,-2.7755575615628914e-17
coherent_wilson_shift,127,2.547717868729751,0.9160707868944874,0.15857513889327746,0.4883614431436918,0.0,0.0
coherent_wilson_shift,128,2.3153044826523073,0.9160707868944874,0.15857513889327743,0.25594805706624824,0.0,-2.7755575615628914e-17
coherent_wilson_shift,129,1.3058154363586518,0.9160707868944874,0.15857513889327746,-0.7535409892274072,0.0,0.0
coherent_wilson_shift,130,2.092158239124571,0.9160707868944874,0.15857513889327746,0.03280181353851219,0.0,0.0
coherent_wilson_shift,131,2.1251063680598996,0.9160707868944874,0.15857513889327743,0.06574994247384058,0.0,-2.7755575615628914e-17
coherent_wilson_shift,132,3.458711016447583,0.9160707868944874,0.15857513889327743,1.399354590861524,0.0,-2.7755575615628914e-17
coherent_wilson_shift,133,2.5801710069878485,0.9160707868944874,0.15857513889327743,0.5208145814017895,0.0,-2.7755575615628914e-17
coherent_wilson_shift,134,1.1365184776437671,0.9160707868944874,0.15857513889327743,-0.9228379479422919,0.0,-2.7755575615628914e-17
coherent_wilson_shift,135,2.534592118002641,0.9160707868944874,0.15857513889327746,0.4752356924165819,0.0,0.0
coherent_wilson_shift,136,1.9084663934345731,0.9160707868944874,0.15857513889327743,-0.1508900321514859,0.0,-2.7755575615628914e-17
coherent_wilson_shift,137,2.280505658010301,0.9160707868944874,0.1585751388932775,0.22114923242424211,0.0,5.551115123125783e-17
coherent_wilson_shift,138,1.0791787336211773,0.9160707868944874,0.15857513889327743,-0.9801776919648817,0.0,-2.7755575615628914e-17
coherent_wilson_shift,139,3.0203657387416296,0.9160707868944874,0.15857513889327743,0.9610093131555706,0.0,-2.7755575615628914e-17
coherent_wilson_shift,140,1.6474478985769787,0.9160707868944874,0.15857513889327746,-0.4119085270090803,0.0,0.0
coherent_wilson_shift,141,1.5242388306134127,0.9160707868944874,0.15857513889327746,-0.5351175949726463,0.0,0.0
coherent_wilson_shift,142,2.121417415529535,0.9160707868944874,0.15857513889327743,0.062060989943475864,0.0,-2.7755575615628914e-17
coherent_wilson_shift,143,2.956896361002995,0.9160707868944874,0.15857513889327748,0.897539935416936,0.0,2.7755575615628914e-17
coherent_wilson_shift,144,1.4106598076844419,0.9160707868944874,0.15857513889327748,-0.6486966179016171,0.0,2.7755575615628914e-17
coherent_wilson_shift,145,1.7717712618941976,0.9160707868944874,0.1585751388932775,-0.2875851636918614,0.0,5.551115123125783e-17
coherent_wilson_shift,146,2.760461034120173,0.9160707868944874,0.15857513889327746,0.7011046085341142,0.0,0.0
coherent_wilson_shift,147,2.5164532280663217,0.9160707868944874,0.15857513889327743,0.45709680248026263,0.0,-2.7755575615628914e-17
coherent_wilson_shift,148,1.6964784360085425,0.9160707868944874,0.1585751388932775,-0.3628779895775165,0.0,5.551115123125783e-17
coherent_wilson_shift,149,1.95417853853341,0.9160707868944874,0.15857513889327748,-0.10517788705264897,0.0,2.7755575615628914e-17
coherent_wilson_shift,150,2.2785031265411,0.9160707868944874,0.15857513889327743,0.21914670095504096,0.0,-2.7755575615628914e-17
coherent_wilson_shift,151,1.8799645239421339,0.9160707868944874,0.15857513889327748,-0.17939190164392516,0.0,2.7755575615628914e-17
coherent_wilson_shift,152,2.4044693207702137,0.9160707868944874,0.15857513889327746,0.34511289518415467,0.0,0.0
coherent_wilson_shift,153,2.8340457376708956,0.9160707868944874,0.15857513889327748,0.7746893120848366,0.0,2.7755575615628914e-17
coherent_wilson_shift,154,2.2658507059338664,0.9160707868944874,0.15857513889327743,0.20649428034780737,0.0,-2.7755575615628914e-17
coherent_wilson_shift,155,1.7444604528461989,0.9160707868944874,0.15857513889327748,-0.31489597273986014,0.0,2.7755575615628914e-17
coherent_wilson_shift,156,1.243700709567165,0.9160707868944874,0.15857513889327746,-0.815655716018894,0.0,0.0
coherent_wilson_shift,157,2.2355697495511317,0.9160707868944874,0.15857513889327743,0.17621332396507272,0.0,-2.7755575615628914e-17
coherent_wilson_shift,158,1.6894238873572276,0.9160707868944874,0.15857513889327743,-0.36993253822883143,0.0,-2.7755575615628914e-17
coherent_wilson_shift,159,1.616620737602771,0.9160707868944874,0.15857513889327743,-0.442735687983288,0.0,-2.7755575615628914e-17
coherent_wilson_shift,160,1.7632693592903637,0.9160707868944874,0.15857513889327743,-0.29608706629569537,0.0,-2.7755575615628914e-17
coherent_wilson_shift,161,1.9428708795287064,0.9160707868944874,0.15857513889327748,-0.11648554605735262,0.0,2.7755575615628914e-17
coherent_wilson_shift,162,2.2038266029130122,0.9160707868944874,0.15857513889327743,0.14447017732695322,0.0,-2.7755575615628914e-17
coherent_wilson_shift,163,1.9461561923736,0.9160707868944874,0.1585751388932775,-0.11320023321245909,0.0,5.551115123125783e-17
coherent_wilson_shift,164,2.3481521624700123,0.9160707868944874,0.1585751388932775,0.2887957368839533,0.0,5.551115123125783e-17
coherent_wilson_shift,165,2.0942284715099353,0.9160707868944874,0.1585751388932775,0.03487204592387627,0.0,5.551115123125783e-17
coherent_wilson_shift,166,1.8594442462649923,0.9160707868944874,0.15857513889327743,-0.19991217932106675,0.0,-2.7755575615628914e-17
coherent_wilson_shift,167,2.2797343859661403,0.9160707868944874,0.15857513889327754,0.22037796038008128,0.0,8.326672684688674e-17
coherent_wilson_shift,168,4.230213930860567,0.9160707868944874,0.15857513889327743,2.1708575052745083,0.0,-2.7755575615628914e-17
coherent_wilson_shift,169,1.8686940810749817,0.9160707868944874,0.15857513889327743,-0.19066234451107733,0.0,-2.7755575615628914e-17
coherent_wilson_shift,170,1.7799960047998715,0.9160707868944874,0.15857513889327746,-0.2793604207861875,0.0,0.0
coherent_wilson_shift,171,2.421696652572015,0.9160707868944874,0.15857513889327743,0.3623402269859559,0.0,-2.7755575615628914e-17
coherent_wilson_shift,172,2.0963637490163816,0.9160707868944874,0.15857513889327743,0.037007323430322536,0.0,-2.7755575615628914e-17
coherent_wilson_shift,173,1.6948878645293892,0.9160707868944874,0.15857513889327743,-0.3644685610566698,0.0,-2.7755575615628914e-17
coherent_wilson_shift,174,2.889152466949942,0.9160707868944874,0.15857513889327746,0.829796041363883,0.0,0.0
coherent_wilson_shift,175,1.4319451367523381,0.9160707868944874,0.1585751388932775,-0.6274112888337209,0.0,5.551115123125783e-17
coherent_wilson_shift,176,1.7558535147636423,0.9160707868944874,0.15857513889327746,-0.30350291082241676,0.0,0.0
coherent_wilson_shift,177,2.800462705814909,0.9160707868944874,0.15857513889327746,0.7411062802288502,0.0,0.0
coherent_wilson_shift,178,1.6298411575247567,0.9160707868944874,0.15857513889327743,-0.42951526806130236,0.0,-2.7755575615628914e-17
coherent_wilson_shift,179,1.5442879466081427,0.9160707868944874,0.15857513889327754,-0.5150684789779163,0.0,8.326672684688674e-17
coherent_wilson_shift,180,2.4560158428302894,0.9160707868944874,0.15857513889327746,0.3966594172442304,0.0,0.0
coherent_wilson_shift,181,1.7176743919843773,0.9160707868944874,0.15857513889327743,-0.3416820336016817,0.0,-2.7755575615628914e-17
coherent_wilson_shift,182,2.2556099611120675,0.9160707868944874,0.15857513889327746,0.19625353552600844,0.0,0.0
coherent_wilson_shift,183,1.8700182705789636,0.9160707868944874,0.1585751388932775,-0.1893381550070954,0.0,5.551115123125783e-17
coherent_wilson_shift,184,2.2168640647973215,0.9160707868944874,0.15857513889327746,0.15750763921126243,0.0,0.0
coherent_wilson_shift,185,2.8765750505756156,0.9160707868944874,0.15857513889327748,0.8172186249895566,0.0,2.7755575615628914e-17
coherent_wilson_shift,186,2.5022737986874253,0.9160707868944874,0.15857513889327743,0.44291737310136625,0.0,-2.7755575615628914e-17
coherent_wilson_shift,187,2.270963269001356,0.9160707868944874,0.15857513889327746,0.2116068434152969,0.0,0.0
coherent_wilson_shift,188,2.515241693697495,0.9160707868944874,0.15857513889327748,0.45588526811143604,0.0,2.7755575615628914e-17
coherent_wilson_shift,189,2.382451490510023,0.9160707868944874,0.15857513889327743,0.3230950649239639,0.0,-2.7755575615628914e-17
coherent_wilson_shift,190,1.8413563363748424,0.9160707868944874,0.15857513889327743,-0.2180000892112166,0.0,-2.7755575615628914e-17
coherent_wilson_shift,191,2.778001839051911,0.9160707868944874,0.15857513889327746,0.7186454134658518,0.0,0.0
coherent_wilson_shift,192,4.831802994375987,0.9160707868944874,0.15857513889327746,2.7724465687899276,0.0,0.0
coherent_wilson_shift,193,1.98096321785287,0.9160707868944874,0.15857513889327743,-0.07839320773318903,0.0,-2.7755575615628914e-17
coherent_wilson_shift,194,3.5455545045320385,0.9160707868944874,0.15857513889327743,1.4861980789459794,0.0,-2.7755575615628914e-17
coherent_wilson_shift,195,3.056806720940879,0.9160707868944874,0.15857513889327746,0.9974502953548199,0.0,0.0
coherent_wilson_shift,196,2.021620033027242,0.9160707868944874,0.15857513889327748,-0.03773639255881722,0.0,2.7755575615628914e-17
coherent_wilson_shift,197,1.4894947091584878,0.9160707868944874,0.15857513889327743,-0.5698617164275712,0.0,-2.7755575615628914e-17
coherent_wilson_shift,198,1.8027773524904012,0.9160707868944874,0.15857513889327743,-0.25657907309565786,0.0,-2.7755575615628914e-17
coherent_wilson_shift,199,2.025752430761215,0.9160707868944874,0.15857513889327746,-0.03360399482484411,0.0,0.0
localized_charm_like_projection,0,4.332753520420063,0.013938873826909726,0.6893675160415195,1.9286342051285112,0.0,1.1102230246251565e-16
localized_charm_like_projection,1,3.8803786082171117,0.013938873826909726,0.6893675160415194,1.47625929292556,0.0,0.0
localized_charm_like_projection,2,3.541410009649869,0.013938873826909948,0.6893675160415194,1.1372906943583172,2.220446049250313e-16,0.0
localized_charm_like_projection,3,3.9473574674978087,0.013938873826909726,0.6893675160415194,1.543238152206257,0.0,0.0
localized_charm_like_projection,4,5.894131336402757,0.013938873826909615,0.6893675160415195,3.4900120211112053,-1.1102230246251565e-16,1.1102230246251565e-16
localized_charm_like_projection,5,3.9708919339835784,0.013938873826909948,0.6893675160415194,1.5667726186920268,2.220446049250313e-16,0.0
localized_charm_like_projection,6,4.520127838172233,0.013938873826909948,0.6893675160415194,2.1160085228806818,2.220446049250313e-16,0.0
localized_charm_like_projection,7,4.240629632998298,0.013938873826909726,0.6893675160415194,1.8365103177067468,0.0,0.0
localized_charm_like_projection,8,4.772159174894363,0.013938873826909726,0.6893675160415194,2.3680398596028116,0.0,0.0
localized_charm_like_projection,9,4.3474611115452895,0.013938873826909726,0.6893675160415194,1.9433417962537378,0.0,0.0
localized_charm_like_projection,10,3.5519035043973823,0.013938873826909726,0.6893675160415194,1.1477841891058307,0.0,0.0
localized_charm_like_projection,11,3.552835519779542,0.013938873826909615,0.6893675160415195,1.1487162044879904,-1.1102230246251565e-16,1.1102230246251565e-16
localized_charm_like_projection,12,4.924749506102934,0.013938873826909948,0.6893675160415195,2.5206301908113824,2.220446049250313e-16,1.1102230246251565e-16
localized_charm_like_projection,13,4.229771081489433,0.013938873826909948,0.6893675160415194,1.8256517661978817,2.220446049250313e-16,0.0
localized_charm_like_projection,14,3.7467223223293753,0.013938873826909726,0.6893675160415194,1.3426030070378236,0.0,0.0
localized_charm_like_projection,15,5.534346992723976,0.013938873826909726,0.6893675160415194,3.1302276774324245,0.0,0.0
localized_charm_like_projection,16,4.396831480021394,0.013938873826909726,0.6893675160415194,1.9927121647298423,0.0,0.0
localized_charm_like_projection,17,4.82105435763287,0.013938873826909726,0.6893675160415194,2.4169350423413185,0.0,0.0
localized_charm_like_projection,18,5.036330284903925,0.013938873826909615,0.6893675160415195,2.632210969612373,-1.1102230246251565e-16,1.1102230246251565e-16
localized_charm_like_projection,19,5.496912865194497,0.013938873826909948,0.6893675160415194,3.0927935499029457,2.220446049250313e-16,0.0
localized_charm_like_projection,20,4.869251557632192,0.013938873826909948,0.6893675160415194,2.4651322423406405,2.220446049250313e-16,0.0
localized_charm_like_projection,21,4.720307041540485,0.013938873826909726,0.6893675160415194,2.316187726248933,0.0,0.0
localized_charm_like_projection,22,4.228458401981364,0.013938873826909726,0.6893675160415194,1.824339086689812,0.0,0.0
localized_charm_like_projection,23,4.446814692881027,0.013938873826909726,0.6893675160415194,2.0426953775894754,0.0,0.0
localized_charm_like_projection,24,3.9251431062639317,0.013938873826909615,0.6893675160415195,1.52102379097238,-1.1102230246251565e-16,1.1102230246251565e-16
localized_charm_like_projection,25,4.127019562593076,0.013938873826909726,0.6893675160415194,1.7229002473015242,0.0,0.0
localized_charm_like_projection,26,3.2020972908125214,0.013938873826909726,0.6893675160415194,0.7979779755209697,0.0,0.0
localized_charm_like_projection,27,4.894159009339983,0.013938873826909726,0.6893675160415194,2.4900396940484315,0.0,0.0
localized_charm_like_projection,28,4.555687757181398,0.013938873826909615,0.6893675160415195,2.1515684418898466,-1.1102230246251565e-16,1.1102230246251565e-16
localized_charm_like_projection,29,3.942131845523224,0.013938873826909726,0.6893675160415194,1.5380125302316725,0.0,0.0
localized_charm_like_projection,30,4.160407616351294,0.013938873826909948,0.6893675160415194,1.756288301059742,2.220446049250313e-16,0.0
localized_charm_like_projection,31,3.3002581572528515,0.013938873826909948,0.6893675160415194,0.8961388419612999,2.220446049250313e-16,0.0
localized_charm_like_projection,32,4.171875489265803,0.013938873826909726,0.6893675160415194,1.7677561739742513,0.0,0.0
localized_charm_like_projection,33,4.820634489737733,0.013938873826909726,0.6893675160415195,2.4165151744461815,0.0,1.1102230246251565e-16
localized_charm_like_projection,34,4.562989626153478,0.013938873826909726,0.6893675160415194,2.1588703108619267,0.0,0.0
localized_charm_like_projection,35,4.52413146921774,0.013938873826909726,0.6893675160415194,2.1200121539261882,0.0,0.0
localized_charm_like_projection,36,5.259519361630673,0.013938873826909726,0.6893675160415194,2.8554000463391214,0.0,0.0
localized_charm_like_projection,37,3.66630017639945,0.013938873826909726,0.6893675160415194,1.2621808611078982,0.0,0.0
localized_charm_like_projection,38,5.174012154419723,0.013938873826909615,0.6893675160415195,2.769892839128171,-1.1102230246251565e-16,1.1102230246251565e-16
localized_charm_like_projection,39,4.673898079207491,0.013938873826909726,0.6893675160415194,2.269778763915939,0.0,0.0
localized_charm_like_projection,40,4.884506460696794,0.013938873826909948,0.6893675160415194,2.480387145405242,2.220446049250313e-16,0.0
localized_charm_like_projection,41,4.1000120886280085,0.013938873826909726,0.6893675160415195,1.6958927733364568,0.0,1.1102230246251565e-16
localized_charm_like_projection,42,4.2365602389081225,0.013938873826909726,0.6893675160415194,1.8324409236165708,0.0,0.0
localized_charm_like_projection,43,4.597943749554042,0.013938873826909726,0.6893675160415195,2.19382443426249,0.0,1.1102230246251565e-16
localized_charm_like_projection,44,5.241693988085364,0.013938873826909726,0.6893675160415194,2.8375746727938127,0.0,0.0
localized_charm_like_projection,45,3.934350703216847,0.013938873826909726,0.6893675160415194,1.5302313879252956,0.0,0.0
localized_charm_like_projection,46,5.3006970877550454,0.013938873826909615,0.6893675160415195,2.896577772463494,-1.1102230246251565e-16,1.1102230246251565e-16
localized_charm_like_projection,47,4.808275204935409,0.013938873826909726,0.6893675160415194,2.4041558896438575,0.0,0.0
localized_charm_like_projection,48,6.0481639501465025,0.013938873826909726,0.6893675160415195,3.644044634854951,0.0,1.1102230246251565e-16
localized_charm_like_projection,49,3.4663392854740716,0.013938873826909504,0.6893675160415195,1.06221997018252,-2.220446049250313e-16,1.1102230246251565e-16
localized_charm_like_projection,50,4.368536477771554,0.013938873826909615,0.6893675160415195,1.964417162480002,-1.1102230246251565e-16,1.1102230246251565e-16
localized_charm_like_projection,51,5.271497541829644,0.013938873826909615,0.6893675160415195,2.8673782265380927,-1.1102230246251565e-16,1.1102230246251565e-16
localized_charm_like_projection,52,4.922466344512606,0.013938873826909726,0.6893675160415194,2.5183470292210544,0.0,0.0
localized_charm_like_projection,53,4.825418735632086,0.013938873826909615,0.6893675160415195,2.4212994203405342,-1.1102230246251565e-16,1.1102230246251565e-16
localized_charm_like_projection,54,4.5701560326892965,0.013938873826909726,0.6893675160415194,2.166036717397745,0.0,0.0
localized_charm_like_projection,55,3.519432456010009,0.013938873826909948,0.6893675160415194,1.1153131407184573,2.220446049250313e-16,0.0
localized_charm_like_projection,56,5.10578799478314,0.013938873826909726,0.6893675160415194,2.701668679491588,0.0,0.0
localized_charm_like_projection,57,3.6911804533434758,0.013938873826909615,0.6893675160415195,1.2870611380519241,-1.1102230246251565e-16,1.1102230246251565e-16
localized_charm_like_projection,58,3.5995777464978507,0.013938873826909726,0.6893675160415194,1.195458431206299,0.0,0.0
localized_charm_like_projection,59,4.85648865392609,0.013938873826909726,0.6893675160415194,2.452369338634538,0.0,0.0
localized_charm_like_projection,60,4.645035708977883,0.013938873826909726,0.6893675160415194,2.240916393686331,0.0,0.0
localized_charm_like_projection,61,3.140035363708681,0.013938873826909726,0.6893675160415195,0.7359160484171294,0.0,1.1102230246251565e-16
localized_charm_like_projection,62,3.4020460423847623,0.013938873826909615,0.6893675160415195,0.9979267270932106,-1.1102230246251565e-16,1.1102230246251565e-16
localized_charm_like_projection,63,4.511608303333552,0.013938873826909726,0.6893675160415194,2.1074889880420002,0.0,0.0
localized_charm_like_projection,64,4.147429088620266,0.013938873826909615,0.6893675160415194,1.743309773328714,-1.1102230246251565e-16,0.0
localized_charm_like_projection,65,4.0583573081105415,0.013938873826909726,0.6893675160415194,1.6542379928189899,0.0,0.0
localized_charm_like_projection,66,4.491761533587617,0.013938873826909726,0.6893675160415195,2.0876422182960654,0.0,1.1102230246251565e-16
localized_charm_like_projection,67,4.736659841023802,0.013938873826909726,0.6893675160415194,2.3325405257322505,0.0,0.0
localized_charm_like_projection,68,3.936406079327266,0.013938873826909726,0.6893675160415195,1.5322867640357143,0.0,1.1102230246251565e-16
localized_charm_like_projection,69,4.983628148340215,0.013938873826909726,0.6893675160415194,2.5795088330486635,0.0,0.0
localized_charm_like_projection,70,4.744667601761825,0.013938873826909726,0.6893675160415194,2.3405482864702734,0.0,0.0
localized_charm_like_projection,71,3.6430481113539486,0.013938873826909726,0.6893675160415194,1.238928796062397,0.0,0.0
localized_charm_like_projection,72,4.549050445800733,0.013938873826909726,0.6893675160415195,2.144931130509181,0.0,1.1102230246251565e-16
localized_charm_like_projection,73,3.3698630457449514,0.013938873826909615,0.6893675160415195,0.9657437304533998,-1.1102230246251565e-16,1.1102230246251565e-16
localized_charm_like_projection,74,4.086945344120586,0.013938873826909726,0.6893675160415194,1.6828260288290346,0.0,0.0
localized_charm_like_projection,75,5.195602534202825,0.013938873826909726,0.6893675160415194,2.7914832189112735,0.0,0.0
localized_charm_like_projection,76,4.262017966689649,0.013938873826909948,0.6893675160415194,1.8578986513980977,2.220446049250313e-16,0.0
localized_charm_like_projection,77,3.9608698224775427,0.013938873826909726,0.6893675160415194,1.556750507185991,0.0,0.0
localized_charm_like_projection,78,4.708350894325929,0.013938873826909948,0.6893675160415194,2.3042315790343775,2.220446049250313e-16,0.0
localized_charm_like_projection,79,3.605526636660973,0.013938873826909726,0.6893675160415194,1.2014073213694214,0.0,0.0
localized_charm_like_projection,80,4.430596164067637,0.013938873826909726,0.6893675160415194,2.0264768487760856,0.0,0.0
localized_charm_like_projection,81,4.1143695421264965,0.013938873826909726,0.6893675160415194,1.7102502268349449,0.0,0.0
localized_charm_like_projection,82,4.052891232251476,0.013938873826909726,0.6893675160415194,1.648771916959924,0.0,0.0
localized_charm_like_projection,83,4.433986820802254,0.013938873826909726,0.6893675160415195,2.029867505510702,0.0,1.1102230246251565e-16
localized_charm_like_projection,84,3.7133670893976016,0.013938873826909948,0.6893675160415194,1.30924777410605,2.220446049250313e-16,0.0
localized_charm_like_projection,85,4.49324098623228,0.013938873826909726,0.6893675160415194,2.0891216709407283,0.0,0.0
localized_charm_like_projection,86,4.467299957546472,0.013938873826909726,0.6893675160415194,2.0631806422549204,0.0,0.0
localized_charm_like_projection,87,4.967546795007597,0.013938873826909726,0.6893675160415194,2.5634274797160455,0.0,0.0
localized_charm_like_projection,88,4.143835231998002,0.013938873826909726,0.6893675160415194,1.7397159167064506,0.0,0.0
localized_charm_like_projection,89,5.674209231920315,0.013938873826909948,0.6893675160415194,3.2700899166287636,2.220446049250313e-16,0.0
localized_charm_like_projection,90,4.4489009475492605,0.013938873826909726,0.6893675160415194,2.044781632257709,0.0,0.0
localized_charm_like_projection,91,4.117499992357594,0.013938873826909726,0.6893675160415194,1.7133806770660422,0.0,0.0
localized_charm_like_projection,92,3.853922487445855,0.013938873826909726,0.6893675160415194,1.4498031721543034,0.0,0.0
localized_charm_like_projection,93,3.9845563678399802,0.013938873826909726,0.6893675160415194,1.5804370525484286,0.0,0.0
localized_charm_like_projection,94,3.5160703624374867,0.013938873826909726,0.6893675160415194,1.111951047145935,0.0,0.0
localized_charm_like_projection,95,3.79114596940007,0.013938873826909948,0.6893675160415194,1.3870266541085186,2.220446049250313e-16,0.0
localized_charm_like_projection,96,4.124045943327615,0.013938873826909726,0.6893675160415194,1.7199266280360632,0.0,0.0
localized_charm_like_projection,97,5.722055597085481,0.013938873826909726,0.6893675160415194,3.317936281793929,0.0,0.0
localized_charm_like_projection,98,3.8393731874451817,0.013938873826909726,0.6893675160415194,1.43525387215363,0.0,0.0
localized_charm_like_projection,99,5.533382252983433,0.013938873826909726,0.6893675160415194,3.1292629376918812,0.0,0.0
localized_charm_like_projection,100,5.070439330623082,0.013938873826909615,0.6893675160415195,2.6663200153315305,-1.1102230246251565e-16,1.1102230246251565e-16
localized_charm_like_projection,101,4.546352801124492,0.013938873826909726,0.6893675160415194,2.14223348583294,0.0,0.0
localized_charm_like_projection,102,4.142000418799129,0.013938873826909726,0.6893675160415194,1.7378811035075774,0.0,0.0
localized_charm_like_projection,103,4.6680652049545825,0.013938873826909726,0.6893675160415194,2.263945889663031,0.0,0.0
localized_charm_like_projection,104,3.879828099827603,0.013938873826909726,0.6893675160415194,1.4757087845360513,0.0,0.0
localized_charm_like_projection,105,4.498821801854928,0.013938873826909726,0.6893675160415194,2.094702486563376,0.0,0.0
localized_charm_like_projection,106,4.53980572767557,0.013938873826909726,0.6893675160415194,2.1356864123840182,0.0,0.0
localized_charm_like_projection,107,4.834141740684825,0.013938873826909726,0.6893675160415194,2.4300224253932736,0.0,0.0
localized_charm_like_projection,108,4.640557035478402,0.013938873826909615,0.6893675160415195,2.23643772018685,-1.1102230246251565e-16,1.1102230246251565e-16
localized_charm_like_projection,109,4.666357460708455,0.013938873826909726,0.6893675160415194,2.2622381454169034,0.0,0.0
localized_charm_like_projection,110,5.870784577407991,0.013938873826909726,0.6893675160415194,3.4666652621164395,0.0,0.0
localized_charm_like_projection,111,4.127830479113603,0.013938873826909726,0.6893675160415194,1.7237111638220517,0.0,0.0
localized_charm_like_projection,112,4.75523721962425,0.013938873826909726,0.6893675160415194,2.351117904332698,0.0,0.0
localized_charm_like_projection,113,5.6291061654222,0.013938873826909726,0.6893675160415194,3.224986850130648,0.0,0.0
localized_charm_like_projection,114,3.526771330362002,0.013938873826909726,0.6893675160415194,1.1226520150704502,0.0,0.0
localized_charm_like_projection,115,3.436951666642073,0.013938873826909615,0.6893675160415195,1.0328323513505215,-1.1102230246251565e-16,1.1102230246251565e-16
localized_charm_like_projection,116,4.030976474847862,0.013938873826909726,0.6893675160415195,1.6268571595563106,0.0,1.1102230246251565e-16
localized_charm_like_projection,117,3.3297166394161386,0.013938873826909726,0.6893675160415194,0.925597324124587,0.0,0.0
localized_charm_like_projection,118,3.860336996018562,0.013938873826909726,0.6893675160415194,1.4562176807270104,0.0,0.0
localized_charm_like_projection,119,4.295882128888979,0.013938873826909726,0.6893675160415194,1.8917628135974276,0.0,0.0
localized_charm_like_projection,120,4.506100600498527,0.013938873826909726,0.6893675160415194,2.1019812852069757,0.0,0.0
localized_charm_like_projection,121,3.422289817307074,0.013938873826909948,0.6893675160415194,1.0181705020155225,2.220446049250313e-16,0.0
localized_charm_like_projection,122,3.959001571647857,0.013938873826909615,0.6893675160415195,1.5548822563563052,-1.1102230246251565e-16,1.1102230246251565e-16
localized_charm_like_projection,123,4.825291409535136,0.013938873826909726,0.6893675160415194,2.421172094243584,0.0,0.0
localized_charm_like_projection,124,5.509510868052104,0.013938873826909726,0.6893675160415194,3.105391552760552,0.0,0.0
localized_charm_like_projection,125,4.658156092290727,0.013938873826909615,0.6893675160415195,2.2540367769991754,-1.1102230246251565e-16,1.1102230246251565e-16
localized_charm_like_projection,126,3.956003144449242,0.013938873826909726,0.6893675160415194,1.5518838291576902,0.0,0.0
localized_charm_like_projection,127,5.833784539617248,0.013938873826909615,0.6893675160415195,3.4296652243256966,-1.1102230246251565e-16,1.1102230246251565e-16
localized_charm_like_projection,128,4.245125982070742,0.013938873826909948,0.6893675160415194,1.8410066667791902,2.220446049250313e-16,0.0
localized_charm_like_projection,129,3.8099082905239325,0.013938873826909726,0.6893675160415194,1.4057889752323809,0.0,0.0
localized_charm_like_projection,130,8.21136386551597,0.013938873826909726,0.6893675160415194,5.807244550224419,0.0,0.0
localized_charm_like_projection,131,4.108914501548804,0.013938873826909726,0.6893675160415194,1.7047951862572521,0.0,0.0
localized_charm_like_projection,132,5.286917057477604,0.013938873826909726,0.6893675160415194,2.8827977421860522,0.0,0.0
localized_charm_like_projection,133,4.000866830775926,0.013938873826909948,0.6893675160415194,1.596747515484374,2.220446049250313e-16,0.0
localized_charm_like_projection,134,4.050176928619118,0.013938873826909726,0.6893675160415194,1.6460576133275664,0.0,0.0
localized_charm_like_projection,135,5.197782415433122,0.013938873826909726,0.6893675160415194,2.79366310014157,0.0,0.0
localized_charm_like_projection,136,4.0389524531071395,0.013938873826909504,0.6893675160415195,1.6348331378155878,-2.220446049250313e-16,1.1102230246251565e-16
localized_charm_like_projection,137,4.968458847660172,0.013938873826909615,0.6893675160415195,2.5643395323686207,-1.1102230246251565e-16,1.1102230246251565e-16
localized_charm_like_projection,138,4.786718182677615,0.013938873826909948,0.6893675160415194,2.382598867386063,2.220446049250313e-16,0.0
localized_charm_like_projection,139,3.5806996685843226,0.013938873826909726,0.6893675160415194,1.176580353292771,0.0,0.0
localized_charm_like_projection,140,6.243517491104827,0.013938873826909726,0.6893675160415195,3.839398175813275,0.0,1.1102230246251565e-16
localized_charm_like_projection,141,5.2748004581084365,0.013938873826909948,0.6893675160415194,2.870681142816885,2.220446049250313e-16,0.0
localized_charm_like_projection,142,3.3807807583749865,0.013938873826909726,0.6893675160415194,0.9766614430834348,0.0,0.0
localized_charm_like_projection,143,3.5868699760967675,0.013938873826909726,0.6893675160415194,1.1827506608052158,0.0,0.0
localized_charm_like_projection,144,3.7344385447456556,0.013938873826909726,0.6893675160415195,1.330319229454104,0.0,1.1102230246251565e-16
localized_charm_like_projection,145,3.6090233667222376,0.013938873826909726,0.6893675160415194,1.204904051430686,0.0,0.0
localized_charm_like_projection,146,4.845628084151293,0.013938873826909726,0.6893675160415194,2.441508768859741,0.0,0.0
localized_charm_like_projection,147,4.579668515491239,0.013938873826909726,0.6893675160415194,2.1755492001996872,0.0,0.0
localized_charm_like_projection,148,5.017428261704571,0.013938873826909726,0.6893675160415194,2.613308946413019,0.0,0.0
localized_charm_like_projection,149,4.499052658831931,0.013938873826909726,0.6893675160415194,2.0949333435403794,0.0,0.0
localized_charm_like_projection,150,5.224867297069492,0.013938873826909726,0.6893675160415194,2.8207479817779406,0.0,0.0
localized_charm_like_projection,151,4.873754173793291,0.013938873826909726,0.6893675160415194,2.469634858501739,0.0,0.0
localized_charm_like_projection,152,5.230275974184623,0.013938873826909948,0.6893675160415194,2.8261566588930718,2.220446049250313e-16,0.0
localized_charm_like_projection,153,5.193084158443412,0.013938873826909615,0.6893675160415195,2.7889648431518603,-1.1102230246251565e-16,1.1102230246251565e-16
localized_charm_like_projection,154,4.045931649907594,0.013938873826909615,0.6893675160415195,1.6418123346160423,-1.1102230246251565e-16,1.1102230246251565e-16
localized_charm_like_projection,155,4.2125311088197,0.013938873826909726,0.6893675160415194,1.8084117935281485,0.0,0.0
localized_charm_like_projection,156,4.878493683296969,0.013938873826909615,0.6893675160415195,2.4743743680054173,-1.1102230246251565e-16,1.1102230246251565e-16
localized_charm_like_projection,157,4.977172082123412,0.013938873826909726,0.6893675160415194,2.57305276683186,0.0,0.0
localized_charm_like_projection,158,4.680816795688145,0.013938873826909615,0.6893675160415195,2.276697480396593,-1.1102230246251565e-16,1.1102230246251565e-16
localized_charm_like_projection,159,4.451038727362768,0.013938873826909948,0.6893675160415194,2.046919412071216,2.220446049250313e-16,0.0
localized_charm_like_projection,160,3.6147548481084124,0.013938873826909726,0.6893675160415194,1.2106355328168608,0.0,0.0
localized_charm_like_projection,161,3.968247029959312,0.013938873826909615,0.6893675160415195,1.5641277146677601,-1.1102230246251565e-16,1.1102230246251565e-16
localized_charm_like_projection,162,3.8053106959597267,0.013938873826909726,0.6893675160415194,1.401191380668175,0.0,0.0
localized_charm_like_projection,163,5.213359186181254,0.013938873826909948,0.6893675160415194,2.8092398708897024,2.220446049250313e-16,0.0
localized_charm_like_projection,164,4.689516650508729,0.013938873826909615,0.6893675160415195,2.2853973352171773,-1.1102230246251565e-16,1.1102230246251565e-16
localized_charm_like_projection,165,3.3642094368507105,0.013938873826909615,0.6893675160415195,0.9600901215591588,-1.1102230246251565e-16,1.1102230246251565e-16
localized_charm_like_projection,166,5.29205449905696,0.013938873826909726,0.6893675160415194,2.887935183765408,0.0,0.0
localized_charm_like_projection,167,5.640902219104378,0.013938873826909726,0.6893675160415194,3.236782903812826,0.0,0.0
localized_charm_like_projection,168,5.06638012174957,0.013938873826909726,0.6893675160415194,2.6622608064580184,0.0,0.0
localized_charm_like_projection,169,4.080874525285274,0.013938873826909948,0.6893675160415194,1.676755209993722,2.220446049250313e-16,0.0
localized_charm_like_projection,170,4.281337479772071,0.013938873826909615,0.6893675160415195,1.877218164480519,-1.1102230246251565e-16,1.1102230246251565e-16
localized_charm_like_projection,171,2.5961010731268965,0.013938873826909726,0.6893675160415194,0.19198175783534488,0.0,0.0
localized_charm_like_projection,172,4.765916714657869,0.013938873826909948,0.6893675160415194,2.361797399366317,2.220446049250313e-16,0.0
localized_charm_like_projection,173,5.02896952380623,0.013938873826909726,0.6893675160415195,2.6248502085146788,0.0,1.1102230246251565e-16
localized_charm_like_projection,174,4.025972806163852,0.013938873826909726,0.6893675160415194,1.6218534908723,0.0,0.0
localized_charm_like_projection,175,4.7727683077702,0.013938873826909726,0.6893675160415194,2.368648992478648,0.0,0.0
localized_charm_like_projection,176,6.0745410726653635,0.013938873826909726,0.6893675160415194,3.670421757373812,0.0,0.0
localized_charm_like_projection,177,2.6182687744022513,0.013938873826909726,0.6893675160415194,0.2141494591106996,0.0,0.0
localized_charm_like_projection,178,3.761096738765178,0.013938873826909615,0.6893675160415195,1.3569774234736265,-1.1102230246251565e-16,1.1102230246251565e-16
localized_charm_like_projection,179,3.5752296269362898,0.013938873826909948,0.6893675160415194,1.1711103116447381,2.220446049250313e-16,0.0
localized_charm_like_projection,180,4.962073136812407,0.013938873826909726,0.6893675160415194,2.5579538215208553,0.0,0.0
localized_charm_like_projection,181,4.6963898320757504,0.013938873826909726,0.6893675160415194,2.292270516784199,0.0,0.0
localized_charm_like_projection,182,5.649664529113101,0.013938873826909726,0.6893675160415194,3.2455452138215497,0.0,0.0
localized_charm_like_projection,183,4.870047672177209,0.013938873826909726,0.6893675160415194,2.465928356885657,0.0,0.0
localized_charm_like_projection,184,5.753625499235451,0.013938873826910059,0.6893675160415194,3.349506183943899,3.3306690738754696e-16,0.0
localized_charm_like_projection,185,6.106071581177316,0.013938873826909726,0.6893675160415194,3.7019522658857644,0.0,0.0
localized_charm_like_projection,186,4.580346467060347,0.013938873826909615,0.6893675160415195,2.1762271517687957,-1.1102230246251565e-16,1.1102230246251565e-16
localized_charm_like_projection,187,4.268649800100031,0.013938873826909726,0.6893675160415194,1.864530484808479,0.0,0.0
localized_charm_like_projection,188,4.138062597527326,0.013938873826909726,0.6893675160415194,1.7339432822357743,0.0,0.0
localized_charm_like_projection,189,3.4279818460791005,0.013938873826909726,0.6893675160415194,1.0238625307875489,0.0,0.0
localized_charm_like_projection,190,5.319534593776463,0.013938873826909615,0.6893675160415195,2.915415278484911,-1.1102230246251565e-16,1.1102230246251565e-16
localized_charm_like_projection,191,4.041738106473733,0.013938873826909726,0.6893675160415194,1.6376187911821818,0.0,0.0
localized_charm_like_projection,192,3.660485551496057,0.013938873826909726,0.6893675160415194,1.2563662362045052,0.0,0.0
localized_charm_like_projection,193,4.629910604383663,0.013938873826909726,0.6893675160415194,2.225791289092111,0.0,0.0
localized_charm_like_projection,194,3.544972030179495,0.013938873826909726,0.6893675160415195,1.1408527148879433,0.0,1.1102230246251565e-16
localized_charm_like_projection,195,3.93522706895754,0.013938873826909726,0.6893675160415194,1.5311077536659883,0.0,0.0
localized_charm_like_projection,196,5.013237457643472,0.013938873826909726,0.6893675160415194,2.60911814235192,0.0,0.0
localized_charm_like_projection,197,5.8327778858167605,0.013938873826909948,0.6893675160415194,3.428658570525209,2.220446049250313e-16,0.0
localized_charm_like_projection,198,4.717504191201298,0.013938873826909615,0.6893675160415195,2.3133848759097466,-1.1102230246251565e-16,1.1102230246251565e-16
localized_charm_like_projection,199,4.245084680828679,0.013938873826909726,0.6893675160415195,1.8409653655371274,0.0,1.1102230246251565e-16
mixed_coherent_plus_local,0,4.777226433665262,0.6594189876436138,0.4178386014012899,3.4787014938916965,1.1102230246251565e-16,0.0
mixed_coherent_plus_local,1,4.464583285609556,0.6594189876436137,0.4178386014012899,3.1660583458359906,0.0,0.0
mixed_coherent_plus_local,2,2.5668423362442807,0.6594189876436138,0.4178386014012899,1.2683173964707153,1.1102230246251565e-16,0.0
mixed_coherent_plus_local,3,2.1968345967395013,0.6594189876436138,0.4178386014012899,0.8983096569659359,1.1102230246251565e-16,0.0
mixed_coherent_plus_local,4,4.3575971358778,0.6594189876436138,0.4178386014012899,3.0590721961042346,1.1102230246251565e-16,0.0
mixed_coherent_plus_local,5,3.502379581658161,0.6594189876436138,0.4178386014012899,2.203854641884596,1.1102230246251565e-16,0.0
mixed_coherent_plus_local,6,3.2269937163829283,0.6594189876436137,0.4178386014012898,1.928468776609363,0.0,-1.1102230246251565e-16
mixed_coherent_plus_local,7,3.0548515821317217,0.6594189876436138,0.4178386014012898,1.7563266423581563,1.1102230246251565e-16,-1.1102230246251565e-16
mixed_coherent_plus_local,8,2.2206265516795813,0.6594189876436138,0.4178386014012899,0.9221016119060159,1.1102230246251565e-16,0.0
mixed_coherent_plus_local,9,2.2802344450811445,0.6594189876436136,0.4178386014012899,0.9817095053075791,-1.1102230246251565e-16,0.0
mixed_coherent_plus_local,10,3.7777100610491443,0.6594189876436138,0.4178386014012899,2.479185121275579,1.1102230246251565e-16,0.0
mixed_coherent_plus_local,11,2.8586441959774156,0.6594189876436137,0.4178386014012899,1.5601192562038502,0.0,0.0
mixed_coherent_plus_local,12,3.38510434775207,0.6594189876436138,0.4178386014012899,2.0865794079785047,1.1102230246251565e-16,0.0
mixed_coherent_plus_local,13,2.7216590333958597,0.6594189876436138,0.4178386014012899,1.4231340936222943,1.1102230246251565e-16,0.0
mixed_coherent_plus_local,14,2.8043642468531864,0.6594189876436138,0.4178386014012899,1.505839307079621,1.1102230246251565e-16,0.0
mixed_coherent_plus_local,15,3.92833295891785,0.6594189876436137,0.4178386014012899,2.629808019144285,0.0,0.0
mixed_coherent_plus_local,16,4.45451412954827,0.6594189876436137,0.4178386014012899,3.155989189774705,0.0,0.0
mixed_coherent_plus_local,17,2.751308623819029,0.6594189876436138,0.4178386014012899,1.4527836840454638,1.1102230246251565e-16,0.0
mixed_coherent_plus_local,18,3.5107444214959154,0.6594189876436138,0.4178386014012899,2.21221948172235,1.1102230246251565e-16,0.0
mixed_coherent_plus_local,19,2.3717578220440294,0.6594189876436137,0.4178386014012899,1.073232882270464,0.0,0.0
mixed_coherent_plus_local,20,3.4204567097484633,0.6594189876436138,0.4178386014012899,2.121931769974898,1.1102230246251565e-16,0.0
mixed_coherent_plus_local,21,3.6256464802579846,0.6594189876436138,0.4178386014012899,2.327121540484419,1.1102230246251565e-16,0.0
mixed_coherent_plus_local,22,2.114088134245076,0.6594189876436138,0.4178386014012899,0.8155631944715107,1.1102230246251565e-16,0.0
mixed_coherent_plus_local,23,2.7244150785539825,0.6594189876436137,0.4178386014012899,1.425890138780417,0.0,0.0
mixed_coherent_plus_local,24,3.960886924698694,0.6594189876436138,0.4178386014012899,2.6623619849251288,1.1102230246251565e-16,0.0
mixed_coherent_plus_local,25,3.787401789841518,0.6594189876436138,0.4178386014012899,2.4888768500679523,1.1102230246251565e-16,0.0
mixed_coherent_plus_local,26,3.373112639228138,0.6594189876436137,0.4178386014012899,2.0745876994545727,0.0,0.0
mixed_coherent_plus_local,27,3.738600973089295,0.6594189876436137,0.4178386014012899,2.440076033315729,0.0,0.0
mixed_coherent_plus_local,28,2.9952906898093135,0.6594189876436138,0.4178386014012899,1.696765750035748,1.1102230246251565e-16,0.0
mixed_coherent_plus_local,29,3.5692430501813237,0.6594189876436138,0.4178386014012899,2.270718110407758,1.1102230246251565e-16,0.0
mixed_coherent_plus_local,30,2.7187861129778135,0.6594189876436138,0.4178386014012899,1.420261173204248,1.1102230246251565e-16,0.0
mixed_coherent_plus_local,31,3.2272484034590008,0.6594189876436138,0.4178386014012899,1.9287234636854353,1.1102230246251565e-16,0.0
mixed_coherent_plus_local,32,3.984737100502625,0.6594189876436138,0.4178386014012899,2.6862121607290597,1.1102230246251565e-16,0.0
mixed_coherent_plus_local,33,3.898720016435154,0.6594189876436138,0.4178386014012899,2.6001950766615884,1.1102230246251565e-16,0.0
mixed_coherent_plus_local,34,2.9548468293280936,0.6594189876436138,0.4178386014012899,1.6563218895545282,1.1102230246251565e-16,0.0
mixed_coherent_plus_local,35,3.407730321626154,0.6594189876436138,0.4178386014012899,2.109205381852589,1.1102230246251565e-16,0.0
mixed_coherent_plus_local,36,3.10387291242988,0.6594189876436138,0.4178386014012899,1.8053479726563146,1.1102230246251565e-16,0.0
mixed_coherent_plus_local,37,3.3247181757324453,0.6594189876436137,0.4178386014012899,2.02619323595888,0.0,0.0
mixed_coherent_plus_local,38,5.0874006778577465,0.6594189876436138,0.4178386014012899,3.7888757380841813,1.1102230246251565e-16,0.0
mixed_coherent_plus_local,39,2.6014835337401943,0.6594189876436137,0.4178386014012899,1.3029585939666288,0.0,0.0
mixed_coherent_plus_local,40,2.4598849402599585,0.6594189876436138,0.4178386014012898,1.161360000486393,1.1102230246251565e-16,-1.1102230246251565e-16
mixed_coherent_plus_local,41,3.071149709608447,0.6594189876436138,0.4178386014012899,1.7726247698348814,1.1102230246251565e-16,0.0
mixed_coherent_plus_local,42,3.50879047813784,0.6594189876436137,0.4178386014012899,2.2102655383642746,0.0,0.0
mixed_coherent_plus_local,43,3.2314075395188304,0.6594189876436137,0.4178386014012898,1.932882599745265,0.0,-1.1102230246251565e-16
mixed_coherent_plus_local,44,2.0559696608396214,0.6594189876436137,0.4178386014012899,0.757444721066056,0.0,0.0
mixed_coherent_plus_local,45,2.4379986962353746,0.6594189876436137,0.4178386014012899,1.1394737564618092,0.0,0.0
mixed_coherent_plus_local,46,3.8294113373279326,0.6594189876436138,0.4178386014012899,2.530886397554367,1.1102230246251565e-16,0.0
mixed_coherent_plus_local,47,3.2598008670410055,0.6594189876436138,0.4178386014012899,1.96127592726744,1.1102230246251565e-16,0.0
mixed_coherent_plus_local,48,4.350082623238717,0.6594189876436138,0.4178386014012899,3.051557683465152,1.1102230246251565e-16,0.0
mixed_coherent_plus_local,49,3.6293184098124196,0.6594189876436138,0.4178386014012899,2.330793470038854,1.1102230246251565e-16,0.0
mixed_coherent_plus_local,50,3.3395156092324756,0.6594189876436137,0.4178386014012899,2.0409906694589104,0.0,0.0
mixed_coherent_plus_local,51,3.631845526947986,0.6594189876436137,0.4178386014012899,2.3333205871744207,0.0,0.0
mixed_coherent_plus_local,52,3.1167472350739827,0.6594189876436137,0.4178386014012899,1.8182222953004172,0.0,0.0
mixed_coherent_plus_local,53,2.9102670423496595,0.6594189876436138,0.4178386014012898,1.611742102576094,1.1102230246251565e-16,-1.1102230246251565e-16
mixed_coherent_plus_local,54,3.8737088362457373,0.6594189876436138,0.4178386014012899,2.575183896472172,1.1102230246251565e-16,0.0
mixed_coherent_plus_local,55,3.7866427948676287,0.6594189876436138,0.4178386014012898,2.488117855094063,1.1102230246251565e-16,-1.1102230246251565e-16
mixed_coherent_plus_local,56,2.4530732512213276,0.6594189876436137,0.4178386014012899,1.1545483114477622,0.0,0.0
mixed_coherent_plus_local,57,3.4503742627475957,0.6594189876436138,0.41783860140128987,2.15184932297403,1.1102230246251565e-16,-5.551115123125783e-17
mixed_coherent_plus_local,58,2.1168922909724155,0.6594189876436137,0.4178386014012899,0.8183673511988501,0.0,0.0
mixed_coherent_plus_local,59,2.7218297351473377,0.6594189876436138,0.4178386014012899,1.4233047953737723,1.1102230246251565e-16,0.0
mixed_coherent_plus_local,60,3.2485388084040867,0.6594189876436138,0.4178386014012899,1.9500138686305213,1.1102230246251565e-16,0.0
mixed_coherent_plus_local,61,2.6318259588701194,0.6594189876436138,0.4178386014012899,1.333301019096554,1.1102230246251565e-16,0.0
mixed_coherent_plus_local,62,2.438155775819741,0.6594189876436138,0.4178386014012899,1.1396308360461755,1.1102230246251565e-16,0.0
mixed_coherent_plus_local,63,2.14630768374817,0.6594189876436137,0.4178386014012899,0.8477827439746044,0.0,0.0
mixed_coherent_plus_local,64,2.01755574657044,0.6594189876436138,0.4178386014012899,0.7190308067968745,1.1102230246251565e-16,0.0
mixed_coherent_plus_local,65,2.5096015073399824,0.6594189876436137,0.4178386014012899,1.211076567566417,0.0,0.0
mixed_coherent_plus_local,66,1.890216479374623,0.6594189876436138,0.4178386014012899,0.5916915396010576,1.1102230246251565e-16,0.0
mixed_coherent_plus_local,67,3.038791825256268,0.6594189876436136,0.41783860140128987,1.7402668854827026,-1.1102230246251565e-16,-5.551115123125783e-17
mixed_coherent_plus_local,68,2.307381462870148,0.6594189876436137,0.4178386014012899,1.0088565230965825,0.0,0.0
mixed_coherent_plus_local,69,3.0361762715123692,0.6594189876436138,0.4178386014012898,1.7376513317388038,1.1102230246251565e-16,-1.1102230246251565e-16
mixed_coherent_plus_local,70,2.70806846144986,0.6594189876436136,0.4178386014012899,1.4095435216762946,-1.1102230246251565e-16,0.0
mixed_coherent_plus_local,71,2.8607799747232487,0.6594189876436138,0.4178386014012899,1.5622550349496833,1.1102230246251565e-16,0.0
mixed_coherent_plus_local,72,4.53654556122309,0.6594189876436138,0.4178386014012899,3.2380206214495244,1.1102230246251565e-16,0.0
mixed_coherent_plus_local,73,2.60039182383877,0.6594189876436137,0.4178386014012899,1.3018668840652048,0.0,0.0
mixed_coherent_plus_local,74,3.1287734634039186,0.6594189876436138,0.4178386014012899,1.8302485236303532,1.1102230246251565e-16,0.0
mixed_coherent_plus_local,75,4.243110404527256,0.6594189876436138,0.4178386014012899,2.9445854647536907,1.1102230246251565e-16,0.0
mixed_coherent_plus_local,76,3.364992867389427,0.6594189876436138,0.4178386014012899,2.0664679276158617,1.1102230246251565e-16,0.0
mixed_coherent_plus_local,77,3.9418113138896462,0.6594189876436137,0.4178386014012899,2.643286374116081,0.0,0.0
mixed_coherent_plus_local,78,1.450749108196664,0.6594189876436138,0.4178386014012899,0.1522241684230985,1.1102230246251565e-16,0.0
mixed_coherent_plus_local,79,2.3817730722591346,0.6594189876436138,0.4178386014012899,1.0832481324855692,1.1102230246251565e-16,0.0
mixed_coherent_plus_local,80,3.7362661625574893,0.6594189876436137,0.4178386014012899,2.4377412227839237,0.0,0.0
mixed_coherent_plus_local,81,2.456903453772009,0.6594189876436138,0.4178386014012899,1.1583785139984435,1.1102230246251565e-16,0.0
mixed_coherent_plus_local,82,2.2652233353778333,0.6594189876436137,0.4178386014012899,0.9666983956042678,0.0,0.0
mixed_coherent_plus_local,83,2.7885156553613326,0.6594189876436137,0.4178386014012898,1.4899907155877672,0.0,-1.1102230246251565e-16
mixed_coherent_plus_local,84,2.9851323360213717,0.6594189876436138,0.4178386014012899,1.6866073962478063,1.1102230246251565e-16,0.0
mixed_coherent_plus_local,85,2.6178291839333383,0.6594189876436138,0.4178386014012899,1.3193042441597729,1.1102230246251565e-16,0.0
mixed_coherent_plus_local,86,3.4270933587412764,0.6594189876436138,0.4178386014012899,2.1285684189677108,1.1102230246251565e-16,0.0
mixed_coherent_plus_local,87,3.5643375989347503,0.6594189876436138,0.4178386014012899,2.2658126591611847,1.1102230246251565e-16,0.0
mixed_coherent_plus_local,88,2.9519008228878967,0.6594189876436138,0.4178386014012899,1.6533758831143313,1.1102230246251565e-16,0.0
mixed_coherent_plus_local,89,3.191710063243918,0.6594189876436138,0.4178386014012899,1.8931851234703527,1.1102230246251565e-16,0.0
mixed_coherent_plus_local,90,3.2485636658802326,0.6594189876436137,0.4178386014012898,1.9500387261066672,0.0,-1.1102230246251565e-16
mixed_coherent_plus_local,91,2.777961040361813,0.6594189876436137,0.4178386014012899,1.4794361005882475,0.0,0.0
mixed_coherent_plus_local,92,3.8883336938073425,0.6594189876436137,0.4178386014012899,2.5898087540337773,0.0,0.0
mixed_coherent_plus_local,93,3.57206051447753,0.6594189876436137,0.4178386014012899,2.2735355747039643,0.0,0.0
mixed_coherent_plus_local,94,3.2722268052089376,0.6594189876436138,0.4178386014012899,1.9737018654353722,1.1102230246251565e-16,0.0
mixed_coherent_plus_local,95,3.1662214625882963,0.6594189876436138,0.4178386014012899,1.8676965228147309,1.1102230246251565e-16,0.0
mixed_coherent_plus_local,96,2.9273237247336814,0.6594189876436137,0.4178386014012899,1.628798784960116,0.0,0.0
mixed_coherent_plus_local,97,2.4652233592879518,0.6594189876436137,0.4178386014012899,1.1666984195143864,0.0,0.0
mixed_coherent_plus_local,98,2.593643179829307,0.6594189876436138,0.4178386014012899,1.2951182400557417,1.1102230246251565e-16,0.0
mixed_coherent_plus_local,99,4.211065199814818,0.6594189876436138,0.4178386014012899,2.9125402600412524,1.1102230246251565e-16,0.0
mixed_coherent_plus_local,100,2.751780364905983,0.6594189876436137,0.4178386014012899,1.4532554251324175,0.0,0.0
mixed_coherent_plus_local,101,1.787641788461961,0.6594189876436137,0.4178386014012899,0.48911684868839567,0.0,0.0
mixed_coherent_plus_local,102,2.173960077326808,0.6594189876436138,0.4178386014012899,0.8754351375532428,1.1102230246251565e-16,0.0
mixed_coherent_plus_local,103,4.217908237351175,0.6594189876436138,0.4178386014012899,2.9193832975776095,1.1102230246251565e-16,0.0
mixed_coherent_plus_local,104,3.5791386653551873,0.6594189876436138,0.4178386014012899,2.280613725581622,1.1102230246251565e-16,0.0
mixed_coherent_plus_local,105,4.073858090592449,0.6594189876436138,0.4178386014012899,2.7753331508188834,1.1102230246251565e-16,0.0
mixed_coherent_plus_local,106,2.9010792572891293,0.6594189876436138,0.4178386014012899,1.6025543175155639,1.1102230246251565e-16,0.0
mixed_coherent_plus_local,107,3.450286890424462,0.6594189876436138,0.4178386014012899,2.1517619506508963,1.1102230246251565e-16,0.0
mixed_coherent_plus_local,108,3.620140030464156,0.6594189876436138,0.4178386014012899,2.3216150906905906,1.1102230246251565e-16,0.0
mixed_coherent_plus_local,109,5.850806059756923,0.6594189876436138,0.4178386014012899,4.552281119983358,1.1102230246251565e-16,0.0
mixed_coherent_plus_local,110,3.352845619436743,0.6594189876436138,0.4178386014012899,2.054320679663178,1.1102230246251565e-16,0.0
mixed_coherent_plus_local,111,2.5329109690170637,0.6594189876436138,0.4178386014012899,1.2343860292434983,1.1102230246251565e-16,0.0
mixed_coherent_plus_local,112,3.118970868215212,0.6594189876436137,0.4178386014012899,1.8204459284416468,0.0,0.0
mixed_coherent_plus_local,113,3.5778152988985727,0.6594189876436137,0.4178386014012899,2.2792903591250075,0.0,0.0
mixed_coherent_plus_local,114,2.7439895066112707,0.6594189876436138,0.4178386014012899,1.4454645668377053,1.1102230246251565e-16,0.0
mixed_coherent_plus_local,115,1.9665285113238533,0.6594189876436138,0.4178386014012899,0.6680035715502879,1.1102230246251565e-16,0.0
mixed_coherent_plus_local,116,2.167879840109375,0.6594189876436137,0.4178386014012899,0.8693549003358096,0.0,0.0
mixed_coherent_plus_local,117,2.9210653163973026,0.6594189876436138,0.4178386014012899,1.6225403766237372,1.1102230246251565e-16,0.0
mixed_coherent_plus_local,118,2.8783207723656483,0.6594189876436138,0.4178386014012898,1.579795832592083,1.1102230246251565e-16,-1.1102230246251565e-16
mixed_coherent_plus_local,119,3.8081676542213474,0.6594189876436137,0.4178386014012899,2.509642714447782,0.0,0.0
mixed_coherent_plus_local,120,2.26573329180019,0.6594189876436138,0.4178386014012899,0.9672083520266244,1.1102230246251565e-16,0.0
mixed_coherent_plus_local,121,2.619514208652445,0.6594189876436137,0.4178386014012899,1.3209892688788798,0.0,0.0
mixed_coherent_plus_local,122,3.1189967728687975,0.6594189876436138,0.4178386014012899,1.820471833095232,1.1102230246251565e-16,0.0
mixed_coherent_plus_local,123,4.280692837077312,0.6594189876436138,0.4178386014012899,2.9821678973037464,1.1102230246251565e-16,0.0
mixed_coherent_plus_local,124,3.837024884151575,0.6594189876436138,0.4178386014012899,2.5384999443780094,1.1102230246251565e-16,0.0
mixed_coherent_plus_local,125,3.747093008374419,0.6594189876436138,0.4178386014012898,2.4485680686008537,1.1102230246251565e-16,-1.1102230246251565e-16
mixed_coherent_plus_local,126,5.04161199145223,0.6594189876436138,0.4178386014012898,3.743087051678665,1.1102230246251565e-16,-1.1102230246251565e-16
mixed_coherent_plus_local,127,5.017074412316571,0.6594189876436138,0.4178386014012899,3.718549472543006,1.1102230246251565e-16,0.0
mixed_coherent_plus_local,128,3.5560519063627627,0.6594189876436138,0.4178386014012899,2.2575269665891975,1.1102230246251565e-16,0.0
mixed_coherent_plus_local,129,2.2989754595692364,0.6594189876436138,0.4178386014012899,1.000450519795671,1.1102230246251565e-16,0.0
mixed_coherent_plus_local,130,3.0529614065190063,0.6594189876436138,0.4178386014012899,1.7544364667454408,1.1102230246251565e-16,0.0
mixed_coherent_plus_local,131,3.4931508965880353,0.6594189876436138,0.4178386014012899,2.1946259568144697,1.1102230246251565e-16,0.0
mixed_coherent_plus_local,132,2.2574629967945263,0.6594189876436138,0.4178386014012899,0.9589380570209609,1.1102230246251565e-16,0.0
mixed_coherent_plus_local,133,3.0550354187264315,0.6594189876436138,0.4178386014012899,1.756510478952866,1.1102230246251565e-16,0.0
mixed_coherent_plus_local,134,1.9364578229480889,0.6594189876436138,0.4178386014012899,0.6379328831745235,1.1102230246251565e-16,0.0
mixed_coherent_plus_local,135,2.7315824819241534,0.6594189876436138,0.4178386014012899,1.433057542150588,1.1102230246251565e-16,0.0
mixed_coherent_plus_local,136,2.6640261252364086,0.6594189876436138,0.4178386014012899,1.3655011854628432,1.1102230246251565e-16,0.0
mixed_coherent_plus_local,137,3.6774830887445082,0.6594189876436138,0.4178386014012899,2.378958148970943,1.1102230246251565e-16,0.0
mixed_coherent_plus_local,138,3.03783118692639,0.6594189876436138,0.4178386014012899,1.7393062471528247,1.1102230246251565e-16,0.0
mixed_coherent_plus_local,139,4.345295200897889,0.6594189876436138,0.4178386014012899,3.0467702611243235,1.1102230246251565e-16,0.0
mixed_coherent_plus_local,140,1.8138887087943611,0.6594189876436138,0.4178386014012899,0.5153637690207957,1.1102230246251565e-16,0.0
mixed_coherent_plus_local,141,2.6577366254942154,0.6594189876436137,0.4178386014012899,1.35921168572065,0.0,0.0
mixed_coherent_plus_local,142,2.6556963953968973,0.6594189876436138,0.4178386014012899,1.3571714556233319,1.1102230246251565e-16,0.0
mixed_coherent_plus_local,143,2.6937142267769043,0.6594189876436137,0.4178386014012899,1.3951892870033389,0.0,0.0
mixed_coherent_plus_local,144,2.14355526418918,0.6594189876436138,0.4178386014012899,0.8450303244156145,1.1102230246251565e-16,0.0
mixed_coherent_plus_local,145,2.188754456106555,0.6594189876436138,0.4178386014012899,0.8902295163329896,1.1102230246251565e-16,0.0
mixed_coherent_plus_local,146,3.386064923867978,0.6594189876436138,0.4178386014012899,2.0875399840944127,1.1102230246251565e-16,0.0
mixed_coherent_plus_local,147,1.7819859540528893,0.6594189876436137,0.4178386014012899,0.48346101427932386,0.0,0.0
mixed_coherent_plus_local,148,4.078605559464634,0.6594189876436137,0.4178386014012899,2.780080619691069,0.0,0.0
mixed_coherent_plus_local,149,2.5114958135301353,0.6594189876436137,0.4178386014012899,1.2129708737565699,0.0,0.0
mixed_coherent_plus_local,150,2.787578709413221,0.6594189876436136,0.4178386014012899,1.4890537696396555,-1.1102230246251565e-16,0.0
mixed_coherent_plus_local,151,3.609715650050099,0.6594189876436138,0.4178386014012899,2.3111907102765334,1.1102230246251565e-16,0.0
mixed_coherent_plus_local,152,4.141694860621534,0.6594189876436138,0.4178386014012899,2.843169920847969,1.1102230246251565e-16,0.0
mixed_coherent_plus_local,153,3.23131415704169,0.6594189876436137,0.4178386014012899,1.9327892172681247,0.0,0.0
mixed_coherent_plus_local,154,3.70456932288724,0.6594189876436138,0.4178386014012899,2.4060443831136746,1.1102230246251565e-16,0.0
mixed_coherent_plus_local,155,3.2380529596933068,0.6594189876436138,0.4178386014012899,1.9395280199197413,1.1102230246251565e-16,0.0
mixed_coherent_plus_local,156,3.4792186436357593,0.6594189876436137,0.4178386014012899,2.180693703862194,0.0,0.0
mixed_coherent_plus_local,157,2.2691633912206317,0.6594189876436138,0.4178386014012899,0.9706384514470663,1.1102230246251565e-16,0.0
mixed_coherent_plus_local,158,3.723280763157739,0.6594189876436138,0.4178386014012899,2.4247558233841735,1.1102230246251565e-16,0.0
mixed_coherent_plus_local,159,3.582265995329842,0.6594189876436138,0.4178386014012899,2.283741055556277,1.1102230246251565e-16,0.0
mixed_coherent_plus_local,160,3.6947756688094415,0.6594189876436137,0.4178386014012899,2.3962507290358763,0.0,0.0
mixed_coherent_plus_local,161,3.093554420280859,0.6594189876436138,0.4178386014012898,1.7950294805072937,1.1102230246251565e-16,-1.1102230246251565e-16
mixed_coherent_plus_local,162,3.2412595531125445,0.6594189876436137,0.4178386014012899,1.9427346133389791,0.0,0.0
mixed_coherent_plus_local,163,2.1292072461010356,0.6594189876436138,0.4178386014012899,0.8306823063274702,1.1102230246251565e-16,0.0
mixed_coherent_plus_local,164,3.7419239507688355,0.6594189876436138,0.4178386014012899,2.44339901099527,1.1102230246251565e-16,0.0
mixed_coherent_plus_local,165,3.3351266400423154,0.6594189876436138,0.4178386014012898,2.0366017002687498,1.1102230246251565e-16,-1.1102230246251565e-16
mixed_coherent_plus_local,166,2.599804476542857,0.6594189876436137,0.4178386014012899,1.3012795367692915,0.0,0.0
mixed_coherent_plus_local,167,3.3508856991204636,0.6594189876436138,0.4178386014012899,2.0523607593468984,1.1102230246251565e-16,0.0
mixed_coherent_plus_local,168,3.322836645308564,0.6594189876436138,0.4178386014012899,2.0243117055349984,1.1102230246251565e-16,0.0
mixed_coherent_plus_local,169,3.606487647449079,0.6594189876436138,0.4178386014012899,2.3079627076755136,1.1102230246251565e-16,0.0
mixed_coherent_plus_local,170,3.586009090268139,0.6594189876436138,0.4178386014012899,2.2874841504945733,1.1102230246251565e-16,0.0
mixed_coherent_plus_local,171,1.3934434029104485,0.6594189876436137,0.4178386014012899,0.09491846313688312,0.0,0.0
mixed_coherent_plus_local,172,2.063190662459554,0.6594189876436138,0.4178386014012899,0.7646657226859885,1.1102230246251565e-16,0.0
mixed_coherent_plus_local,173,3.062360760543175,0.6594189876436137,0.4178386014012899,1.7638358207696097,0.0,0.0
mixed_coherent_plus_local,174,2.3488203918606056,0.6594189876436138,0.4178386014012899,1.0502954520870402,1.1102230246251565e-16,0.0
mixed_coherent_plus_local,175,2.3027109490799083,0.6594189876436138,0.4178386014012899,1.0041860093063428,1.1102230246251565e-16,0.0
mixed_coherent_plus_local,176,2.244577358466771,0.6594189876436138,0.4178386014012898,0.9460524186932056,1.1102230246251565e-16,-1.1102230246251565e-16
mixed_coherent_plus_local,177,3.181443439239737,0.6594189876436137,0.4178386014012899,1.8829184994661714,0.0,0.0
mixed_coherent_plus_local,178,4.578408762625045,0.6594189876436138,0.4178386014012899,3.27988382285148,1.1102230246251565e-16,0.0
mixed_coherent_plus_local,179,4.270531398306452,0.6594189876436137,0.4178386014012899,2.9720064585328867,0.0,0.0
mixed_coherent_plus_local,180,3.8936111802574556,0.6594189876436138,0.4178386014012898,2.59508624048389,1.1102230246251565e-16,-1.1102230246251565e-16
mixed_coherent_plus_local,181,3.0891087103635644,0.6594189876436138,0.4178386014012899,1.790583770589999,1.1102230246251565e-16,0.0
mixed_coherent_plus_local,182,1.7815578653155877,0.6594189876436138,0.4178386014012898,0.48303292554202226,1.1102230246251565e-16,-1.1102230246251565e-16
mixed_coherent_plus_local,183,3.1452039511507364,0.6594189876436137,0.4178386014012899,1.846679011377171,0.0,0.0
mixed_coherent_plus_local,184,4.428987200219405,0.6594189876436137,0.4178386014012899,3.1304622604458396,0.0,0.0
mixed_coherent_plus_local,185,2.5699596888811667,0.6594189876436137,0.4178386014012899,1.2714347491076012,0.0,0.0
mixed_coherent_plus_local,186,3.9172867398530995,0.6594189876436138,0.4178386014012898,2.6187618000795343,1.1102230246251565e-16,-1.1102230246251565e-16
mixed_coherent_plus_local,187,3.431726092019726,0.6594189876436137,0.4178386014012899,2.1332011522461602,0.0,0.0
mixed_coherent_plus_local,188,3.899118994363229,0.6594189876436138,0.4178386014012899,2.6005940545896635,1.1102230246251565e-16,0.0
mixed_coherent_plus_local,189,2.6431876366654357,0.6594189876436137,0.4178386014012899,1.3446626968918702,0.0,0.0
mixed_coherent_plus_local,190,2.8359115172886913,0.6594189876436138,0.4178386014012899,1.5373865775151259,1.1102230246251565e-16,0.0
mixed_coherent_plus_local,191,2.7279300672105244,0.6594189876436138,0.4178386014012899,1.429405127436959,1.1102230246251565e-16,0.0
mixed_coherent_plus_local,192,3.126053353775126,0.6594189876436138,0.4178386014012899,1.8275284140015604,1.1102230246251565e-16,0.0
mixed_coherent_plus_local,193,2.9184257504732245,0.6594189876436138,0.4178386014012899,1.619900810699659,1.1102230246251565e-16,0.0
mixed_coherent_plus_local,194,2.622677332094084,0.6594189876436136,0.4178386014012899,1.3241523923205187,-1.1102230246251565e-16,0.0
mixed_coherent_plus_local,195,2.66475355098099,0.6594189876436138,0.4178386014012898,1.3662286112074244,1.1102230246251565e-16,-1.1102230246251565e-16
mixed_coherent_plus_local,196,3.612026381519503,0.6594189876436138,0.4178386014012899,2.313501441745937,1.1102230246251565e-16,0.0
mixed_coherent_plus_local,197,2.17052419576356,0.6594189876436137,0.4178386014012899,0.8719992559899945,0.0,0.0
mixed_coherent_plus_local,198,3.08588208123384,0.6594189876436138,0.4178386014012898,1.7873571414602745,1.1102230246251565e-16,-1.1102230246251565e-16
mixed_coherent_plus_local,199,2.9028591164297497,0.6594189876436137,0.4178386014012899,1.6043341766561843,0.0,0.0
