{
  "config": {
    "seed": 42,
    "phi4_1d_n": 512,
    "phi4_2d_n": 160,
    "sine_gordon_n": 512,
    "length_phi4": 20.0,
    "length_sine_gordon": 30.0,
    "equal_energy_offset": 0.3
  },
  "phi4_1d": {
    "ranking_by_F_MAAT": [
      "kink",
      "distorted_kink",
      "strong_distorted_kink",
      "vacuum_plus",
      "vacuum_minus",
      "chaos"
    ],
    "results": {
      "vacuum_plus": {
        "Energy": 0.0,
        "F_MAAT": 35.45506709678484,
        "Stability": 0.0001,
        "H": 1.0,
        "B": 1.0,
        "S": 0.0,
        "V": 0.0,
        "R": 1.0,
        "d_H": 0.0,
        "d_R": 0.0,
        "Info": 0.0
      },
      "vacuum_minus": {
        "Energy": 0.0,
        "F_MAAT": 35.45506709678484,
        "Stability": 0.0001,
        "H": 1.0,
        "B": 1.0,
        "S": 0.0,
        "V": 0.0,
        "R": 1.0,
        "d_H": 0.0,
        "d_R": 0.0,
        "Info": 0.0
      },
      "kink": {
        "Energy": 0.6666326224537886,
        "F_MAAT": 1.5104353929880334,
        "Stability": 0.6866357948940125,
        "H": 0.9999999998915474,
        "B": 1.0,
        "S": 0.4445704641049708,
        "V": 0.4999944149119673,
        "R": 0.9933915301473221,
        "d_H": 1.0845247878252932e-10,
        "d_R": 0.006652432250653362,
        "Info": 0.999977659897412
      },
      "distorted_kink": {
        "Energy": 0.9555151882796247,
        "F_MAAT": 1.9822212162057933,
        "Stability": 0.6468499597941582,
        "H": 0.7858852818639241,
        "B": 1.0,
        "S": 0.4455493737992097,
        "V": 0.4999875945907454,
        "R": 0.7868972147380859,
        "d_H": 0.272450347496328,
        "d_R": 0.27081400374869036,
        "Info": 0.9999503795941046
      },
      "strong_distorted_kink": {
        "Energy": 5.454418300943553,
        "F_MAAT": 6.641043687756145,
        "Stability": 0.07683982759087178,
        "H": 0.0754798585503445,
        "B": 1.0,
        "S": 0.45034549773597893,
        "V": 0.4998825204720239,
        "R": 0.07683982759087178,
        "d_H": 12.248567488146623,
        "d_R": 12.01408437984048,
        "Info": 0.9995301922736753
      },
      "chaos": {
        "Energy": 1051.7834834313592,
        "F_MAAT": 46.422605859354306,
        "Stability": 1.1704849972003116e-06,
        "H": 1.1707302596399512e-06,
        "B": 1.0,
        "S": 0.2475581660601627,
        "V": 0.0,
        "R": 1.1704849972003116e-06,
        "d_H": 854166.7228942063,
        "d_R": 854345.704478831,
        "Info": 0.0
      }
    }
  },
  "phi4_2d": {
    "ranking_by_F_MAAT": [
      "domain_wall",
      "distorted_domain_wall",
      "strong_distorted_domain_wall",
      "chaos",
      "vacuum_plus",
      "vacuum_minus"
    ],
    "results": {
      "vacuum_plus": {
        "Energy": 0.0,
        "F_MAAT": 35.45506709678484,
        "Stability": 0.0001,
        "H": 1.0,
        "B": 1.0,
        "S": 0.0,
        "V": 0.0,
        "R": 1.0,
        "d_H": 0.0,
        "d_R": 0.0,
        "Info": 0.0
      },
      "vacuum_minus": {
        "Energy": 0.0,
        "F_MAAT": 35.45506709678484,
        "Stability": 0.0001,
        "H": 1.0,
        "B": 1.0,
        "S": 0.0,
        "V": 0.0,
        "R": 1.0,
        "d_H": 0.0,
        "d_R": 0.0,
        "Info": 0.0
      },
      "domain_wall": {
        "Energy": 13.410124980833963,
        "F_MAAT": 1.5098469740386737,
        "Stability": 0.6867300062638811,
        "H": 0.9999999885082583,
        "B": 1.0,
        "S": 0.4448351985906403,
        "V": 0.49997116370707795,
        "R": 0.9934308968872873,
        "d_H": 1.1491741813824787e-08,
        "d_R": 0.006612541580190071,
        "Info": 0.9998846614801824
      },
      "distorted_domain_wall": {
        "Energy": 13.597402137152974,
        "F_MAAT": 1.5104095283540229,
        "Stability": 0.6867131512528322,
        "H": 0.999902388735589,
        "B": 1.0,
        "S": 0.44483595391093017,
        "V": 0.4999700287144854,
        "R": 0.9929696768885972,
        "d_H": 9.762079330003947e-05,
        "d_R": 0.0070800984914584,
        "Info": 0.9998801220437346
      },
      "strong_distorted_domain_wall": {
        "Energy": 15.645637925997905,
        "F_MAAT": 1.5311448790018811,
        "Stability": 0.6852699643700892,
        "H": 0.9915401968188413,
        "B": 1.0,
        "S": 0.4448393193861147,
        "V": 0.49995773872211435,
        "R": 0.9808111823596447,
        "d_H": 0.008531982070217789,
        "d_R": 0.019564232122833876,
        "Info": 0.9998309691753747
      },
      "chaos": {
        "Energy": 4441.853365117749,
        "F_MAAT": 28.903067225417843,
        "Stability": 3.7202154646602335e-05,
        "H": 3.724790777977141e-05,
        "B": 1.0,
        "S": 0.25035098031713754,
        "V": 0.0008074198397386379,
        "R": 3.7202154646602335e-05,
        "d_H": 26846.14550713852,
        "d_R": 26879.163514704647,
        "Info": 0.0008080722933402238
      }
    }
  },
  "equal_energy_phi4_1d": {
    "base_kink_energy": 0.6666326224537886,
    "target_energy": 0.9666326224537887,
    "ranking_by_F_MAAT": [
      "kink_reference",
      "two_bump",
      "localized_bump",
      "smooth_wave",
      "rough_noise"
    ],
    "ranking_by_energy": [
      "kink_reference",
      "localized_bump",
      "two_bump",
      "rough_noise",
      "smooth_wave"
    ],
    "results": {
      "smooth_wave": {
        "amplitude": 0.15285682678222656,
        "Energy": 0.9666278174983989,
        "F_MAAT": 1.998289261962946,
        "Stability": 0.6455369399354974,
        "H": 0.7794587193364159,
        "B": 1.0,
        "S": 0.4455867562760847,
        "V": 0.49998733432473724,
        "R": 0.7806737374742917,
        "d_H": 0.282941578806559,
        "d_R": 0.28094484545527704,
        "Info": 0.9999493385822711
      },
      "localized_bump": {
        "amplitude": 1.00958251953125,
        "Energy": 0.9665781430791772,
        "F_MAAT": 1.5955880362605914,
        "Stability": 0.6831796617550788,
        "H": 0.9338525843722557,
        "B": 1.0,
        "S": 0.4665566464574669,
        "V": 0.49998504002493926,
        "R": 0.9309045929725743,
        "d_H": 0.07083282386824385,
        "d_R": 0.07422394040058325,
        "Info": 0.9999401618901103
      },
      "rough_noise": {
        "amplitude": 0.017447710037231445,
        "Energy": 0.9666264878301071,
        "F_MAAT": 12.15556051422725,
        "Stability": 0.004863314491216199,
        "H": 0.0048625984079992465,
        "B": 1.0,
        "S": 0.44479714610354176,
        "V": 0.4999684334302414,
        "R": 0.004863314491216199,
        "d_H": 204.65136498933248,
        "d_R": 204.6210845106017,
        "Info": 0.999873741692049
      },
      "two_bump": {
        "amplitude": 0.3473052978515625,
        "Energy": 0.9666050310081529,
        "F_MAAT": 1.5392547952832736,
        "Stability": 0.6866979314478322,
        "H": 0.9181241866537619,
        "B": 1.0,
        "S": 0.4843956387655753,
        "V": 0.4999899833682981,
        "R": 0.9648218901117686,
        "d_H": 0.0891772752928407,
        "d_R": 0.036460729434897296,
        "Info": 0.9999599342758395
      },
      "kink_reference": {
        "amplitude": 0.0,
        "Energy": 0.6666326224537886,
        "F_MAAT": 1.5104353929880334,
        "Stability": 0.6866357948940125,
        "H": 0.9999999998915474,
        "B": 1.0,
        "S": 0.4445704641049708,
        "V": 0.4999944149119673,
        "R": 0.9933915301473221,
        "d_H": 1.0845247878252932e-10,
        "d_R": 0.006652432250653362,
        "Info": 0.999977659897412
      }
    }
  },
  "sine_gordon": {
    "ranking_by_F_MAAT": [
      "soliton",
      "distorted_soliton",
      "strong_distorted_soliton",
      "vacuum_0",
      "vacuum_2pi",
      "chaos"
    ],
    "results": {
      "vacuum_0": {
        "Energy": 0.0,
        "F_MAAT": 35.45506709678484,
        "Stability": 0.0001,
        "H": 1.0,
        "B": 1.0,
        "S": 0.0,