{
  "input_csv": "/Volumes/MAATSSD/structural-selection-principle/experiments/maat_dynamic_fields_v05_v09/v09_flrw_stability_scan/outputs/representative_flrw_trajectory.csv",
  "reference_index": 76,
  "a_reference": 0.9987769984958164,
  "H_reference": 1.0022741854679424,
  "z_min": 0.0,
  "z_max": 2.3292566616527215,
  "Omega_m0_lcdm_reference": 0.30074133971798844,
  "Omega_r0_lcdm_reference": 0.00010036986573606789,
  "Omega_lambda0_lcdm_reference": 0.6991582904162754,
  "Omega_maat_at_reference": 0.0033133285567139,
  "w_maat_at_reference": -0.8012166284256832,
  "max_abs_delta_H_over_H": 0.039912959285457725,
  "z_at_max_abs_delta_H_over_H": 2.3292566616527215,
  "mean_abs_delta_H_over_H": 0.004807163599734227,
  "max_Omega_maat": 0.02905372156220547,
  "z_at_max_Omega_maat": 1.842238969276445,
  "w_maat_min": -0.8012166284256805,
  "w_maat_max": 9.905179361965834,
  "max_abs_delta_fsigma8": 0.03357690694163364,
  "z_at_max_abs_delta_fsigma8": 2.3292566616527215,
  "sigma8_0": 0.811,
  "growth_index_gamma": 0.55,
  "status": "diagnostic observable projection, not data fit"
}