{
  "model": "Societal Critical Coherence Index Toy Framework",
  "status": "synthetic toy model; no real people, parties, countries, or communities are evaluated",
  "parameters": {
    "A_star": 1.0,
    "sigma_A": 0.3,
    "alpha_sig": 0.45,
    "epsilon": 1e-09
  },
  "definitions": {
    "S_eff": "exp[-0.5 ((A_raw - A_star)/sigma_A)^2]",
    "R_resp_soc": "(H B V)^(1/3)",
    "R_rob_soc": "min(R_resp_soc, (H B S_eff V)^(1/4))",
    "R_sig_soc": "R_resp_soc^(1-alpha) S_eff^alpha",
    "CCI_soc": "A_raw / (H + B + V + R_rob_soc + epsilon)",
    "ASI_soc": "R_sig_soc / (1 + CCI_soc)"
  },
  "archetypes": [
    {
      "name": "stagnant_order",
      "H": 0.82,
      "B": 0.76,
      "A_raw": 0.18,
      "V": 0.7,
      "description": "Stable but low-transformational system with limited civic activity.",
      "S_eff": 0.023859911879380215,
      "R_resp_soc": 0.7584177608640044,
      "R_rob_soc": 0.31941005238565284,
      "R_sig_soc": 0.1599192145692199,
      "CCI_soc": 0.06924648143356814,
      "Stress_soc": 0.06924648143356814,
      "ASI_soc": 0.14956253524894636,
      "Stagnation_proxy": 0.7418664669716711,
      "Fragmentation_proxy": 0.012960000000000001,
      "regime": "stable but stagnant"
    },
    {
      "name": "constructive_reform",
      "H": 0.78,
      "B": 0.74,
      "A_raw": 0.96,
      "V": 0.76,
      "description": "Moderate-to-high activity integrated by coherence, balance, and trust.",
      "S_eff": 0.9911505004882849,
      "R_resp_soc": 0.7598245208896296,
      "R_rob_soc": 0.7598245208896296,
      "R_sig_soc": 0.8563575672929469,
      "CCI_soc": 0.3158077030720314,
      "Stress_soc": 0.3158077030720314,
      "ASI_soc": 0.650822734426618,
      "Stagnation_proxy": 0.006725619628903476,
      "Fragmentation_proxy": 0.059904,
      "regime": "constructive transformation"
    },
    {
      "name": "polarized_mobilization",
      "H": 0.42,
      "B": 0.28,
      "A_raw": 1.42,
      "V": 0.35,
      "description": "High mobilization with weak balance and low shared coherence.",
      "S_eff": 0.37531109885139957,
      "R_resp_soc": 0.3452696904062658,
      "R_rob_soc": 0.3452696904062658,
      "R_sig_soc": 0.35847864053932665,
      "CCI_soc": 1.0177243931736302,
      "Stress_soc": 1.0177243931736302,
      "ASI_soc": 0.17766481971082496,
      "Stagnation_proxy": 0.21864111540201012,
      "Fragmentation_proxy": 0.6645599999999999,
      "regime": "polarization risk"
    },
    {
      "name": "fragmented_activism",
      "H": 0.38,
      "B": 0.46,
      "A_raw": 1.1,
      "V": 0.22,
      "description": "Activity near the constructive window but poor connectedness.",
      "S_eff": 0.9459594689067654,
      "R_resp_soc": 0.3375369872586488,
      "R_rob_soc": 0.3375369872586488,
      "R_sig_soc": 0.5366849185453332,
      "CCI_soc": 0.7870990243847613,
      "Stress_soc": 0.7870990243847613,
      "ASI_soc": 0.3003106773728422,
      "Stagnation_proxy": 0.019094320986276222,
      "Fragmentation_proxy": 0.46332000000000007,
      "regime": "fragmentation risk"
    },
    {
      "name": "authoritarian_stability",
      "H": 0.7,
      "B": 0.32,
      "A_raw": 0.24,
      "V": 0.3,
      "description": "Low activity and restricted connectedness with apparent order.",
      "S_eff": 0.040401478874163205,
      "R_resp_soc": 0.4065585427259414,
      "R_rob_soc": 0.22826621304126996,
      "R_sig_soc": 0.14384556227938913,
      "CCI_soc": 0.15501210181003316,
      "Stress_soc": 0.15501210181003316,
      "ASI_soc": 0.12454030745995391,
      "Stagnation_proxy": 0.4222233492953682,
      "Fragmentation_proxy": 0.11423999999999998,
      "regime": "constrained stability"
    },
    {
      "name": "creative_democratic_renewal",
      "H": 0.84,
      "B": 0.81,
      "A_raw": 1.02,
      "V": 0.86,
      "description": "High coherence, balance, trust, and controlled transformation.",
      "S_eff": 0.9977802450856064,
      "R_resp_soc": 0.836413278258722,
      "R_rob_soc": 0.836413278258722,
      "R_sig_soc": 0.9055182567146945,
      "CCI_soc": 0.30480395422825496,
      "Stress_soc": 0.30480395422825496,
      "ASI_soc": 0.6939879771059372,
      "Stagnation_proxy": 0.001857194945042674,
      "Fragmentation_proxy": 0.027131999999999993,
      "regime": "constructive transformation"
    }
  ],
  "key_results": {
    "best_ASI_archetype": "creative_democratic_renewal",
    "best_ASI_value": 0.6939879771059372,
    "highest_CCI_archetype": "polarized_mobilization",
    "highest_CCI_value": 1.0177243931736302,
    "highest_R_sig_archetype": "creative_democratic_renewal",
    "highest_R_sig_value": 0.9055182567146945,
    "constructive_reform_ASI": 0.650822734426618,
    "creative_democratic_renewal_ASI": 0.6939879771059372,
    "polarized_mobilization_CCI": 1.0177243931736302,
    "authoritarian_stability_R_sig": 0.14384556227938913
  },
  "ensemble": {
    "n": 5000,
    "seed": 44,
    "regime_counts": {
      "mixed regime": 2876,
      "constrained stability": 784,
      "constructive transformation": 221,
      "fragmentation risk": 379,
      "polarization risk": 672,
      "stable but stagnant": 68
    },
    "mean_CCI_soc": 0.4530261798613432,
    "mean_ASI_soc": 0.28129876225517236,
    "corr_CCI_ASI": -0.10813570189685463
  }
}