set,source_n,t,delta,sigma,config,alpha,dsigma,F_MAAT,H,B,R
known_zero,1,14.134725141734695,-0.05,0.45,HBR,10.0,0.002,0.448438853031925,0.9611015085657382,0.6666666666666666,0.9967069366688567
known_zero,1,14.134725141734695,-0.02,0.48,HBR,10.0,0.002,0.20140684174447607,0.9842592352932567,0.8333333333333333,0.9967858576223427
known_zero,1,14.134725141734695,-0.01,0.49,HBR,10.0,0.002,0.10643583592770306,0.992099083813463,0.9090909090909091,0.99681173104062
known_zero,1,14.134725141734695,-0.005,0.495,HBR,10.0,0.002,0.055936603550594426,0.996041879541167,0.9523809523809523,0.9968245874858258
known_zero,1,14.134725141734695,-0.002,0.498,HBR,10.0,0.002,0.024561727802511774,0.9984149091363574,0.9803921568627451,0.996832275798938
known_zero,1,14.134725141734695,0.0,0.5,HBR,10.0,0.002,0.003167620891456515,0.9999999999999993,1.0,0.9968373907235745
known_zero,1,14.134725141734695,0.002,0.502,HBR,10.0,0.002,0.02454890649311168,0.9984174725783888,0.9803921568627451,0.9968424971710539
known_zero,1,14.134725141734695,0.005,0.505,HBR,10.0,0.002,0.05589496006987267,0.9960578252183172,0.9523809523809523,0.9968501409790239
known_zero,1,14.134725141734695,0.01,0.51,HBR,10.0,0.002,0.10632078236424371,0.9921623658563791,0.9090909090909091,0.996862838476364
known_zero,1,14.134725141734695,0.02,0.52,HBR,10.0,0.002,0.201051150819072,0.9845084302013415,0.8333333333333333,0.9968880760886593
known_zero,1,14.134725141734695,0.05,0.55,HBR,10.0,0.002,0.4466362952417274,0.9625886526041028,0.6666666666666665,0.996962545749788
jittered_zero,1,14.151482552448488,-0.05,0.45,HBR,10.0,0.002,0.4506295563432585,0.9590071292426331,0.6666666666666666,0.9966977861904448
jittered_zero,1,14.151482552448488,-0.02,0.48,HBR,10.0,0.002,0.20622742317957776,0.9795346654954282,0.8333333333333333,0.9967769899078464
jittered_zero,1,14.151482552448488,-0.01,0.49,HBR,10.0,0.002,0.11395480037225107,0.9846761685523614,0.9090909090909091,0.9968029556492776
jittered_zero,1,14.151482552448488,-0.005,0.495,HBR,10.0,0.002,0.06580099688039581,0.9862734694549945,0.9523809523809523,0.9968158578994095
jittered_zero,1,14.151482552448488,-0.002,0.498,HBR,10.0,0.002,0.03630978783020269,0.9867627152151642,0.9803921568627451,0.9968235735820455
jittered_zero,1,14.151482552448488,0.0,0.5,HBR,10.0,0.002,0.016398055387830252,0.986865300134933,1.0,0.9968287067059279
jittered_zero,1,14.151482552448488,0.002,0.502,HBR,10.0,0.002,0.03627802435719619,0.9867839043032159,0.9803921568627451,0.9968338313150604
jittered_zero,1,14.151482552448488,0.005,0.505,HBR,10.0,0.002,0.06571967079304343,0.9863283078891892,0.9523809523809523,0.9968415022951904
jittered_zero,1,14.151482552448488,0.01,0.51,HBR,10.0,0.002,0.11377945499230985,0.9847981705553941,0.9090909090909091,0.996854244892581
jittered_zero,1,14.151482552448488,0.02,0.52,HBR,10.0,0.002,0.20579489447324004,0.9798575931352255,0.8333333333333333,0.9968795720084369
jittered_zero,1,14.151482552448488,0.05,0.55,HBR,10.0,0.002,0.4487404319980815,0.9605733040815293,0.6666666666666665,0.9969543046923055
known_zero,2,21.022039638771556,-0.05,0.45,HBR,10.0,0.002,0.4672257933124346,0.9446491667826473,0.6666666666666666,0.9951925801058175
known_zero,2,21.022039638771556,-0.02,0.48,HBR,10.0,0.002,0.20972212220098407,0.9775040758940319,0.8333333333333333,0.9953630360755067
known_zero,2,21.022039638771556,-0.01,0.49,HBR,10.0,0.002,0.11127464436114284,0.9886920147975717,0.9090909090909091,0.9954184693962098
known_zero,2,21.022039638771556,-0.005,0.495,HBR,10.0,0.002,0.05903983477518545,0.9943309299219829,0.9523809523809523,0.9954459310011573
known_zero,2,21.022039638771556,-0.002,0.498,HBR,10.0,0.002,0.02662446589113649,0.9977287441659157,0.9803921568627451,0.995462326938867
known_zero,2,21.022039638771556,0.0,0.5,HBR,10.0,0.002,0.004537052933734842,0.9999999999999989,1.0,0.9954732239398181
known_zero,2,21.022039638771556,0.002,0.502,HBR,10.0,0.002,0.02659712079586633,0.997734210669961,0.9803921568627451,0.9954840941174949
known_zero,2,21.022039638771556,0.005,0.505,HBR,10.0,0.002,0.05895104178412486,0.9943648643266608,0.9523809523809523,0.9955003492325938
known_zero,2,21.022039638771556,0.01,0.51,HBR,10.0,0.002,0.11102956766324201,0.9888262321598006,0.9090909090909091,0.9955273078938603
known_zero,2,21.022039638771556,0.02,0.52,HBR,10.0,0.002,0.2089664815849653,0.9780290946078216,0.8333333333333333,0.9955807293494429
known_zero,2,21.022039638771556,0.05,0.55,HBR,10.0,0.002,0.4634303351978166,0.9477228107223034,0.6666666666666665,0.995737098213088
jittered_zero,2,20.996435692539457,-0.05,0.45,HBR,10.0,0.002,0.4741286609372099,0.9381622031600517,0.6666666666666666,0.9951805187651019
jittered_zero,2,20.996435692539457,-0.02,0.48,HBR,10.0,0.002,0.2237312707147018,0.96391727650466,0.8333333333333333,0.9953509274341423
jittered_zero,2,20.996435692539457,-0.01,0.49,HBR,10.0,0.002,0.13090835120696392,0.9694814516285136,0.9090909090909091,0.9954063482122284
jittered_zero,2,20.996435692539457,-0.005,0.495,HBR,10.0,0.002,0.08271776284232607,0.9710756096628144,0.9523809523809523,0.9954338041332041
jittered_zero,2,20.996435692539457,-0.002,0.498,HBR,10.0,0.002,0.053212357734344,0.9715626295074796,0.9803921568627451,0.9954501968463159
jittered_zero,2,20.996435692539457,0.0,0.5,HBR,10.0,0.002,0.03327822720533122,0.9716797667678875,1.0,0.9954610917744485
jittered_zero,2,20.996435692539457,0.002,0.502,HBR,10.0,0.002,0.05312196315554152,0.9716292151651861,0.9803921568627451,0.9954719599405613
jittered_zero,2,20.996435692539457,0.005,0.505,HBR,10.0,0.002,0.08248914755660407,0.9712445518762685,0.9523809523809523,0.9954882121526487
jittered_zero,2,20.996435692539457,0.01,0.51,HBR,10.0,0.002,0.13043301181702185,0.9698363711435223,0.9090909090909091,0.9955151662784941
jittered_zero,2,20.996435692539457,0.02,0.52,HBR,10.0,0.002,0.22265208377266643,0.964747124704856,0.8333333333333333,0.9955685797860927
jittered_zero,2,20.996435692539457,0.05,0.55,HBR,10.0,0.002,0.46995545880625716,0.9415704370752448,0.6666666666666665,0.9957249335308574
known_zero,3,25.01085758014569,-0.05,0.45,HBR,10.0,0.002,0.4799298297032964,0.9336977547960507,0.6666666666666666,0.994154923843751
known_zero,3,25.01085758014569,-0.02,0.48,HBR,10.0,0.002,0.21538339585879185,0.972935912267784,0.8333333333333333,0.9943910154380573
known_zero,3,25.01085758014569,-0.01,0.49,HBR,10.0,0.002,0.11457585503166896,0.9863757877100621,0.9090909090909091,0.9944675589526293
known_zero,3,25.01085758014569,-0.005,0.495,HBR,10.0,0.002,0.06115865148319025,0.9931646959802954,0.9523809523809523,0.994505435038754
known_zero,3,25.01085758014569,-0.002,0.498,HBR,10.0,0.002,0.02803308725948268,0.99726029084361,0.9803921568627451,0.9945280351016973
known_zero,3,25.01085758014569,0.0,0.5,HBR,10.0,0.002,0.005471893821462421,0.9999999999999991,1.0,0.9945430497176299
known_zero,3,25.01085758014569,0.002,0.502,HBR,10.0,0.002,0.027995376363790382,0.9972678288300868,0.9803921568627451,0.9945580227910095
known_zero,3,25.01085758014569,0.005,0.505,HBR,10.0,0.002,0.06103622166719123,0.9932114242265121,0.9523809523809523,0.9945804047547341
known_zero,3,25.01085758014569,0.01,0.51,HBR,10.0,0.002,0.11423816542818546,0.9865601821055644,0.9090909090909091,0.9946175019038989
known_zero,3,25.01085758014569,0.02,0.52,HBR,10.0,0.002,0.21434408918065473,0.9736539570616771,0.8333333333333333,0.9946909294959566
known_zero,3,25.01085758014569,0.05,0.55,HBR,10.0,0.002,0.4747407863763027,0.9378475617179498,0.6666666666666665,0.9949052018063149
jittered_zero,3,24.902128954938,-0.05,0.45,HBR,10.0,0.002,0.5659507152159969,0.8566011123153524,0.6666666666666666,0.9943135376484016
jittered_zero,3,24.902128954938,-0.02,0.48,HBR,10.0,0.002,0.32881975281877585,0.8684644529263259,0.8333333333333333,0.9945453582615695
jittered_zero,3,24.902128954938,-0.01,0.49,HBR,10.0,0.002,0.2392107227760983,0.8706575646257254,0.9090909090909091,0.9946205099975687
jittered_zero,3,24.902128954938,-0.005,0.495,HBR,10.0,0.002,0.19180158569296937,0.8713994500208556,0.9523809523809523,0.9946576960503063
jittered_zero,3,24.902128954938,-0.002,0.498,HBR,10.0,0.002,0.16241230254884204,0.8717301560838657,0.9803921568627451,0.9946798839517534
jittered_zero,3,24.902128954938,0.0,0.5,HBR,10.0,0.002,0.14239662211578266,0.871902979588369,1.0,0.9946946245642161
jittered_zero,3,24.902128954938,0.002,0.502,HBR,10.0,0.002,0.16202987151505827,0.8720377861379158,0.9803921568627451,0.994709324248846
jittered_zero,3,24.902128954938,0.005,0.505,HBR,10.0,0.002,0.1908448228688983,0.8721690340932947,0.9523809523809523,0.9947312972783688
jittered_zero,3,24.902128954938,0.01,0.51,HBR,10.0,0.002,0.23729231489070907,0.872200356640641,0.9090909090909091,0.9947677159203726
jittered_zero,3,24.902128954938,0.02,0.52,HBR,10.0,0.002,0.32494425802819893,0.8715786780094457,0.8333333333333333,0.994839797841478
jittered_zero,3,24.902128954938,0.05,0.55,HBR,10.0,0.002,0.5556235193025015,0.8648525560429545,0.6666666666666665,0.9950501220458011
known_zero,4,30.424876125859512,-0.05,0.45,HBR,10.0,0.002,0.4767352621559756,0.9364674648638552,0.6666666666666666,0.994386161666154
known_zero,4,30.424876125859512,-0.02,0.48,HBR,10.0,0.002,0.2138403122129871,0.9741889664571849,0.8333333333333333,0.9946456140983146
known_zero,4,30.424876125859512,-0.01,0.49,HBR,10.0,0.002,0.11365217143051165,0.9870276580623059,0.9090909090909091,0.9947291658102755
known_zero,4,30.424876125859512,-0.005,0.495,HBR,10.0,0.002,0.060557640134482574,0.993497077254125,0.9523809523809523,0.9947704050878861
known_zero,4,30.424876125859512,-0.002,0.498,HBR,10.0,0.002,0.027629836748693976,0.9973948046693598,0.9803921568627451,0.9947949786151669
known_zero,4,30.424876125859512,0.0,0.5,HBR,10.0,0.002,0.005202217597116089,0.9999999999999989,1.0,0.9948112904996831
known_zero,4,30.424876125859512,0.002,0.502,HBR,10.0,0.002,0.027588893640210256,0.9974029889592034,0.9803921568627451,0.994827546223938
known_zero,4,30.424876125859512,0.005,0.505,HBR,10.0,0.002,0.06042470948585403,0.9935478324877147,0.9523809523809523,0.9948518249083396
known_zero,4,30.424876125859512,0.01,0.51,HBR,10.0,0.002,0.11328544355806805,0.987228077640945,0.9090909090909091,0.994892011155
known_zero,4,30.424876125859512,0.02,0.52,HBR,10.0,0.002,0.21271100937775633,0.9749704493510974,0.8333333333333333,0.9949713504202379
known_zero,4,30.424876125859512,0.05,0.55,HBR,10.0,0.002,0.47108608736175134,0.9410013264396799,0.6666666666666665,0.9952013012560579
jittered_zero,4,30.399674919671074,-0.05,0.45,HBR,10.0,0.002,0.48477955226228553,0.9290215285503006,0.6666666666666666,0.9943250858872219
jittered_zero,4,30.399674919671074,-0.02,0.48,HBR,10.0,0.002,0.22971935158554094,0.9588996920719517,0.8333333333333333,0.9945857214812309
jittered_zero,4,30.399674919671074,-0.01,0.49,HBR,10.0,0.002,0.13586306983030796,0.9654043004402622,0.9090909090909091,0.9946696680727003
jittered_zero,4,30.399674919671074,-0.005,0.495,HBR,10.0,0.002,0.08735790627639013,0.9672823784039413,0.9523809523809523,0.9947111048680419
jittered_zero,4,30.399674919671074,-0.002,0.498,HBR,10.0,0.002,0.057744600407528594,0.9678638375314097,0.9803921568627451,0.9947357969291326
jittered_zero,4,30.399674919671074,0.0,0.5,HBR,10.0,0.002,0.037774277643301116,0.9680102069792821,1.0,0.994752187845436
jittered_zero,4,30.399674919671074,0.002,0.502,HBR,10.0,0.002,0.057610530591623646,0.9679617627126996,0.9803921568627451,0.9947685226086483
jittered_zero,4,30.399674919671074,0.005,0.505,HBR,10.0,0.002,0.08701874218397398,0.9675309220683522,0.9523809523809523,0.9947929198645089
jittered_zero,4,30.399674919671074,0.01,0.51,HBR,10.0,0.002,0.1351572963918256,0.9659269904930734,0.9090909090909091,0.994833303763394
jittered_zero,4,30.399674919671074,0.02,0.52,HBR,10.0,0.002,0.22811380873059922,0.9601245073720227,0.8333333333333333,0.9949130384466167
jittered_zero,4,30.399674919671074,0.05,0.55,HBR,10.0,0.002,0.47856151664585816,0.9340467794339291,0.6666666666666665,0.9951441762361495
known_zero,5,32.93506158773919,-0.05,0.45,HBR,10.0,0.002,0.48103192284056756,0.9327883465159038,0.6666666666666666,0.9940280451794354
known_zero,5,32.93506158773919,-0.02,0.48,HBR,10.0,0.002,0.21573838041461812,0.9726625557810072,0.8333333333333333,0.9943174484835883
known_zero,5,32.93506158773919,-0.01,0.49,HBR,10.0,0.002,0.11475549237655853,0.9862551947009693,0.9090909090909091,0.9944105068086257
known_zero,5,32.93506158773919,-0.005,0.495,HBR,10.0,0.002,0.06126451105652817,0.9931085189596559,0.9523809523809523,0.9944564127747164
known_zero,5,32.93506158773919,-0.002,0.498,HBR,10.0,0.002,0.02809913664683809,0.997238821422717,0.9803921568627451,0.9944837589501452
known_zero,5,32.93506158773919,0.0,0.5,HBR,10.0,0.002,0.005513262189622488,0.9999999999999973,1.0,0.9945019079455897
known_zero,5,32.93506158773919,0.002,0.502,HBR,10.0,0.002,0.02805357015126077,0.9972479296084082,0.9803921568627451,0.9945199917688711
known_zero,5,32.93506158773919,0.005,0.505,HBR,10.0,0.002,0.061116578475432205,0.9931649775537247,0.9523809523809523,0.9945469957885292
known_zero,5,32.93506158773919,0.01,0.51,HBR,10.0,0.002,0.11434746835326492,0.9864779649275477,0.9090909090909091,0.9945916797434632
known_zero,5,32.93506158773919,0.02,0.52,HBR,10.0,0.002,0.21448266163317098,0.9735298889618965,0.8333333333333333,0.9946798496135232
known_zero,5,32.93506158773919,0.05,0.55,HBR,10.0,0.002,0.4747627110190043,0.9377988976905485,0.6666666666666665,0.994935015346009
jittered_zero,5,32.960423164821364,-0.05,0.45,HBR,10.0,0.002,0.4897302476717557,0.924781869933809,0.6666666666666666,0.993950617641663
jittered_zero,5,32.960423164821364,-0.02,0.48,HBR,10.0,0.002,0.2327762557759673,0.9563033215992078,0.8333333333333333,0.9942420760137433
jittered_zero,5,32.960423164821364,-0.01,0.49,HBR,10.0,0.002,0.13852480830463115,0.9631613469305872,0.9090909090909091,0.994335808940708
jittered_zero,5,32.960423164821364,-0.005,0.495,HBR,10.0,0.002,0.08990318294308039,0.9651427809586103,0.9523809523809523,0.9943820503016795
jittered_zero,5,32.960423164821364,-0.002,0.498,HBR,10.0,0.002,0.06025035070948161,0.9657583457530321,0.9803921568627451,0.9944095971100885
jittered_zero,5,32.960423164821364,0.0,0.5,HBR,10.0,0.002,0.04026679873769672,0.9659153324504479,1.0,0.9944278796105847
jittered_zero,5,32.960423164821364,0.002,0.502,HBR,10.0,0.002,0.0601003243549371,0.965867793818648,0.9803921568627451,0.9944460967394705
jittered_zero,5,32.960423164821364,0.005,0.505,HBR,10.0,0.002,0.0895237133784595,0.9654205003972283,0.9523809523809523,0.9944733003450036
jittered_zero,5,32.960423164821364,0.01,0.51,HBR,10.0,0.002,0.13773556600178677,0.9637449225078248,0.9090909090909091,0.9945183159550733
jittered_zero,5,32.960423164821364,0.02,0.52,HBR,10.0,0.002,0.23098341641864564,0.9576677177145854,0.8333333333333333,0.994607145466772
jittered_zero,5,32.960423164821364,0.05,0.55,HBR,10.0,0.002,0.48281148980700517,0.9303472178783501,0.6666666666666665,0.9948642614865384
known_zero,6,37.586178158825675,-0.05,0.45,HBR,10.0,0.002,0.5103776006599136,0.9080300262816691,0.6666666666666666,0.9916008117252761
known_zero,6,37.586178158825675,-0.02,0.48,HBR,10.0,0.002,0.22899119885695204,0.9620646912877403,0.8333333333333333,0.9920358252860575
known_zero,6,37.586178158825675,-0.01,0.49,HBR,10.0,0.002,0.12251593757885924,0.9808351721182147,0.9090909090909091,0.9921758651656046
known_zero,6,37.586178158825675,-0.005,0.495,HBR,10.0,0.002,0.06625438606755968,0.9903677174633926,0.9523809523809523,0.9922449776934653
known_zero,6,37.586178158825675,-0.002,0.498,HBR,10.0,0.002,0.031418819331276715,0.9961350439944587,0.9803921568627451,0.9922861577819798
known_zero,6,37.586178158825675,0.0,0.5,HBR,10.0,0.002,0.007716201367786155,0.9999999999999933,1.0,0.9923134920883556
known_zero,6,37.586178158825675,0.002,0.502,HBR,10.0,0.002,0.0313500207608915,0.9961487928613068,0.9803921568627451,0.9923407315025247
known_zero,6,37.586178158825675,0.005,0.505,HBR,10.0,0.002,0.06603112613691545,0.9904526623120269,0.9523809523809523,0.992381413404044
known_zero,6,37.586178158825675,0.01,0.51,HBR,10.0,0.002,0.12190112503048724,0.9811685331997123,0.9090909090909091,0.9924487466527169
known_zero,6,37.586178158825675,0.02,0.52,HBR,10.0,0.002,0.22710710308374898,0.9633489626962383,0.8333333333333333,0.9925816687917619
known_zero,6,37.586178158825675,0.05,0.55,HBR,10.0,0.002,0.5011014713845945,0.915231404872882,0.6666666666666665,0.992966830220473
jittered_zero,6,37.51017958860205,-0.05,0.45,HBR,10.0,0.002,0.5842210416971849,0.8434969823272475,0.6666666666666666,0.9914795277125585
jittered_zero,6,37.51017958860205,-0.02,0.48,HBR,10.0,0.002,0.33540454507836287,0.8650507977827935,0.8333333333333333,0.9919169050526174
jittered_zero,6,37.51017958860205,-0.01,0.49,HBR,10.0,0.002,0.24374705429397728,0.8689559086158688,0.9090909090909091,0.992057726437119
jittered_zero,6,37.51017958860205,-0.005,0.495,HBR,10.0,0.002,0.1957354479932208,0.8701920379527224,0.9523809523809523,0.9921272284706433
jittered_zero,6,37.51017958860205,-0.002,0.498,HBR,10.0,0.002,0.16612368912010103,0.8706990558073804,0.9803921568627451,0.992168641858378
jittered_zero,6,37.51017958860205,0.0,0.5,HBR,10.0,0.002,0.14601776704935374,0.870939043528588,1.0,0.9921961315279826
jittered_zero,6,37.51017958860205,0.002,0.502,HBR,10.0,0.002,0.16560704582985605,0.8711008257169223,0.9803921568627451,0.992223526169063
jittered_zero,6,37.51017958860205,0.005,0.505,HBR,10.0,0.002,0.19444201098860572,0.8711978172307685,0.9523809523809523,0.9922644406541471
jittered_zero,6,37.51017958860205,0.01,0.51,HBR,10.0,0.002,0.24114718480551678,0.8709770801973388,0.9090909090909091,0.9923321608527587
jittered_zero,6,37.51017958860205,0.02,0.52,HBR,10.0,0.002,0.33010287245994374,0.8691681754282807,0.8333333333333333,0.9924658542767644
jittered_zero,6,37.51017958860205,0.05,0.55,HBR,10.0,0.002,0.5693712412647707,0.8549316273080342,0.6666666666666665,0.9928533080750632
known_zero,7,40.9187190121475,-0.05,0.45,HBR,10.0,0.002,0.4872320772451572,0.9275224294682839,0.6666666666666666,0.9934925983805438
known_zero,7,40.9187190121475,-0.02,0.48,HBR,10.0,0.002,0.21841895370703793,0.9705173092650679,0.8333333333333333,0.9938476479093483
known_zero,7,40.9187190121475,-0.01,0.49,HBR,10.0,0.002,0.1163017152389495,0.9851763566587973,0.9090909090909091,0.993961382290428
known_zero,7,40.9187190121475,-0.005,0.495,HBR,10.0,0.002,0.062250908293846434,0.9925675724503821,0.9523809523809523,0.9940174089322616
known_zero,7,40.9187190121475,-0.002,0.498,HBR,10.0,0.002,0.028751998658332723,0.9970220796459638,0.9803921568627451,0.9940507590528069
known_zero,7,40.9187190121475,0.0,0.5,HBR,10.0,0.002,0.005944752673356388,0.9999999999999951,1.0,0.9940728824031336
known_zero,7,40.9187190121475,0.002,0.502,HBR,10.0,0.002,0.02869643776015811,0.9970331850905182,0.9803921568627451,0.9940949181001331
known_zero,7,40.9187190121475,0.005,0.505,HBR,10.0,0.002,0.06207054348736949,0.9926363671327026,0.9523809523809523,0.994127808037279
known_zero,7,40.9187190121475,0.01,0.51,HBR,10.0,0.002,0.11580438914309968,0.9854475149523834,0.9090909090909091,0.9941821911199265
known_zero,7,40.9187190121475,0.02,0.52,HBR,10.0,0.002,0.21688964597725363,0.9715708623879178,0.8333333333333333,0.9942893505291519
known_zero,7,40.9187190121475,0.05,0.55,HBR,10.0,0.002,0.47961695685240635,0.9335735315547302,0.6666666666666665,0.9945983423150876
jittered_zero,7,40.765894027706324,-0.05,0.45,HBR,10.0,0.002,0.6390304258799052,0.7970523455724908,0.6666666666666666,0.9932922046865709
jittered_zero,7,40.765894027706324,-0.02,0.48,HBR,10.0,0.002,0.40155936952495874,0.8082615918379685,0.8333333333333333,0.993651942444745
jittered_zero,7,40.765894027706324,-0.01,0.49,HBR,10.0,0.002,0.31142968058955084,0.810691863147937,0.9090909090909091,0.9937672477605874
jittered_zero,7,40.765894027706324,-0.005,0.495,HBR,10.0,0.002,0.26366484004290514,0.8116552587956364,0.9523809523809523,0.9938240612242045
jittered_zero,7,40.765894027706324,-0.002,0.498,HBR,10.0,0.002,0.23403045696189656,0.812152804919513,0.9803921568627451,0.9938578838486355
jittered_zero,7,40.765894027706324,0.0,0.5,HBR,10.0,0.002,0.21383806117282025,0.812451075330416,1.0,0.9938803223675559
jittered_zero,7,40.765894027706324,0.002,0.502,HBR,10.0,0.002,0.23328393040129283,0.8127226985043737,0.9803921568627451,0.9939026733630766
jittered_zero,7,40.765894027706324,0.005,0.505,HBR,10.0,0.002,0.26179787380616915,0.8130803965057547,0.9523809523809523,0.9939360364862591
jittered_zero,7,40.765894027706324,0.01,0.51,HBR,10.0,0.002,0.3076911128268612,0.8135450170000904,0.9090909090909091,0.9939912088273687
jittered_zero,7,40.765894027706324,0.02,0.52,HBR,10.0,0.002,0.3940453496468902,0.8139907572987476,0.8333333333333333,0.9940999489247065
jittered_zero,7,40.765894027706324,0.05,0.55,HBR,10.0,0.002,0.6196209195165975,0.8117573226826148,0.6666666666666665,0.994413697510775
known_zero,8,43.327073280915,-0.05,0.45,HBR,10.0,0.002,0.5054082975711859,0.9121996883466348,0.6666666666666666,0.991985455983426
known_zero,8,43.327073280915,-0.02,0.48,HBR,10.0,0.002,0.22662154406301344,0.9639597111058769,0.8333333333333333,0.9924345545760233
known_zero,8,43.327073280915,-0.01,0.49,HBR,10.0,0.002,0.12110350602729135,0.9818232084395584,0.9090909090909091,0.992578370069253
known_zero,8,43.327073280915,-0.005,0.495,HBR,10.0,0.002,0.06533789381595043,0.9908721293886014,0.9523809523809523,0.992649205448942
known_zero,8,43.327073280915,-0.002,0.498,HBR,10.0,0.002,0.03080547796364997,0.9963393374684193,0.9803921568627451,0.9926913673884493
known_zero,8,43.327073280915,0.0,0.5,HBR,10.0,0.002,0.007307298525104289,0.9999999999999958,1.0,0.992719334865578
known_zero,8,43.327073280915,0.002,0.502,HBR,10.0,0.002,0.030735136060865254,0.996353395344953,0.9803921568627451,0.9927471904510379
known_zero,8,43.327073280915,0.005,0.505,HBR,10.0,0.002,0.06510960686022915,0.9909590365118206,0.9523809523809523,0.9927887649551141
known_zero,8,43.327073280915,0.01,0.51,HBR,10.0,0.002,0.12047466076983133,0.98216461380263,0.9090909090909091,0.9928575022939433
known_zero,8,43.327073280915,0.02,0.52,HBR,10.0,0.002,0.2246928855620879,0.965277563275705,0.8333333333333333,0.9929929247303005
known_zero,8,43.327073280915,0.05,0.55,HBR,10.0,0.002,0.495887136155889,0.9196305441075909,0.6666666666666665,0.99338323189146
jittered_zero,8,43.32183058735719,-0.05,0.45,HBR,10.0,0.002,0.5057284920389585,0.9118860185809801,0.6666666666666666,0.9920089916352852
jittered_zero,8,43.32183058735719,-0.02,0.48,HBR,10.0,0.002,0.22775760528410344,0.96284305418566,0.8333333333333333,0.9924573971739443
jittered_zero,8,43.32183058735719,-0.01,0.49,HBR,10.0,0.002,0.1233927037191702,0.9795558720313089,0.9090909090909091,0.9926009864022707
jittered_zero,8,43.32183058735719,-0.005,0.495,HBR,10.0,0.002,0.0693842673303484,0.9868484189985844,0.9523809523809523,0.9926717095196785
jittered_zero,8,43.32183058735719,-0.002,0.498,HBR,10.0,0.002,0.0373550105092477,0.9898127317216874,0.9803921568627451,0.9927138043776108
jittered_zero,8,43.32183058735719,0.0,0.5,HBR,10.0,0.002,0.016836580050878402,0.9904936360209065,1.0,0.9927417272479907
jittered_zero,8,43.32183058735719,0.002,0.502,HBR,10.0,0.002,0.037259605872883045,0.9898515957030476,0.9803921568627451,0.9927695383178006
jittered_zero,8,43.32183058735719,0.005,0.505,HBR,10.0,0.002,0.06911755216576466,0.9869731247257865,0.9523809523809523,0.9928110462185719
jittered_zero,8,43.32183058735719,0.01,0.51,HBR,10.0,0.002,0.12272096239334102,0.9799389696838424,0.9090909090909091,0.992879673003248
jittered_zero,8,43.32183058735719,0.02,0.52,HBR,10.0,0.002,0.22578758468793078,0.9642001381591686,0.8333333333333333,0.9930148760075546
jittered_zero,8,43.32183058735719,0.05,0.55,HBR,10.0,0.002,0.4961809938376251,0.9193406253062805,0.6666666666666665,0.9934045379599633
known_zero,9,48.00515088116716,-0.05,0.45,HBR,10.0,0.002,0.4917028738752692,0.9237510392166932,0.6666666666666666,0.9930988390913229
known_zero,9,48.00515088116716,-0.02,0.48,HBR,10.0,0.002,0.22034020427910556,0.9689846315704569,0.8333333333333333,0.9935090377232603
known_zero,9,48.00515088116716,-0.01,0.49,HBR,10.0,0.002,0.11740778306728906,0.9844060682222358,0.9090909090909091,0.99363950695175
known_zero,9,48.00515088116716,-0.005,0.495,HBR,10.0,0.002,0.06295574500844119,0.9921814467161187,0.9523809523809523,0.993703603490572
known_zero,9,48.00515088116716,-0.002,0.498,HBR,10.0,0.002,0.029218113130877552,0.9968673944996768,0.9803921568627451,0.993741701780839
known_zero,9,48.00515088116716,0.0,0.5,HBR,10.0,0.002,0.006252554703049447,0.999999999999998,1.0,0.9937669518377038
known_zero,9,48.00515088116716,0.002,0.502,HBR,10.0,0.002,0.029154701501323668,0.9968800687256301,0.9803921568627451,0.9937920834331997
known_zero,9,48.00515088116716,0.005,0.505,HBR,10.0,0.002,0.06274990649859394,0.9922599235742646,0.9523809523809523,0.9938295597962546
known_zero,9,48.00515088116716,0.01,0.51,HBR,10.0,0.002,0.1168403382016829,0.9847151574483936,0.9090909090909091,0.9938914350975481
known_zero,9,48.00515088116716,0.02,0.52,HBR,10.0,0.002,0.2185962580129261,0.9701838147538802,0.8333333333333333,0.9940130182990854
known_zero,9,48.00515088116716,0.05,0.55,HBR,10.0,0.002,0.4830342650968429,0.9306107721919501,0.6666666666666665,0.994360966487041
jittered_zero,9,47.96419464484395,-0.05,0.45,HBR,10.0,0.002,0.5157584388482485,0.9020125756639759,0.6666666666666666,0.9928591045202251
jittered_zero,9,47.96419464484395,-0.02,0.48,HBR,10.0,0.002,0.260707209537826,0.930866886061407,0.8333333333333333,0.9932760463300688
jittered_zero,9,47.96419464484395,-0.01,0.49,HBR,10.0,0.002,0.16770753794614912,0.93633282160905,0.9090909090909091,0.9934087471533855
jittered_zero,9,47.96419464484395,-0.005,0.495,HBR,10.0,0.002,0.11944577786779077,0.9379035292370896,0.9523809523809523,0.9934739565823915
jittered_zero,9,47.96419464484395,-0.002,0.498,HBR,10.0,0.002,0.08984669178387746,0.9384406610971886,0.9803921568627451,0.9935127216910863
jittered_zero,9,47.96419464484395,0.0,0.5,HBR,10.0,0.002,0.06982000823289068,0.9386266733928698,1.0,0.99353841591538
jittered_zero,9,47.96419464484395,0.002,0.502,HBR,10.0,0.002,0.08954531936648841,0.9386750840292755,0.9803921568627451,0.9935639913776105
jittered_zero,9,47.96419464484395,0.005,0.505,HBR,10.0,0.002,0.1186886926250686,0.9384927882019901,0.9523809523809523,0.9936021329804262
jittered_zero,9,47.96419464484395,0.01,0.51,HBR,10.0,0.002,0.1661676700616225,0.9375338123629915,0.9090909090909091,0.9936651155334758
jittered_zero,9,47.96419464484395,0.02,0.52,HBR,10.0,0.002,0.2574332224955258,0.9334375617683206,0.8333333333333333,0.993788907770975
jittered_zero,9,47.96419464484395,0.05,0.55,HBR,10.0,0.002,0.5049516246187827,0.9106353460524086,0.6666666666666665,0.9941434409936285
known_zero,10,49.7738324776723,-0.05,0.45,HBR,10.0,0.002,0.4838475086182017,0.9304355642863273,0.6666666666666666,0.9937397309196585
known_zero,10,49.7738324776723,-0.02,0.48,HBR,10.0,0.002,0.2167839615328242,0.971840645464156,0.8333333333333333,0.9941183929882773
known_zero,10,49.7738324776723,-0.01,0.49,HBR,10.0,0.002,0.11532359126413169,0.9858653424888674,0.9090909090909091,0.994238751736836
known_zero,10,49.7738324776723,-0.005,0.495,HBR,10.0,0.002,0.061614819530852495,0.992918985171376,0.9523809523809523,0.9942978680511099
known_zero,10,49.7738324776723,-0.002,0.498,HBR,10.0,0.002,0.02832545463177994,0.9971643170177054,0.9803921568627451,0.9943330021657221
known_zero,10,49.7738324776723,0.0,0.5,HBR,10.0,0.002,0.005659699848297412,0.9999999999999976,1.0,0.994356286077165
known_zero,10,49.7738324776723,0.002,0.502,HBR,10.0,0.002,0.02826702037294663,0.9971759971149301,0.9803921568627451,0.994379459498058
known_zero,10,49.7738324776723,0.005,0.505,HBR,10.0,0.002,0.061425115773021774,0.9929913706347446,0.9523809523809523,0.9944140135319193
known_zero,10,49.7738324776723,0.01,0.51,HBR,10.0,0.002,0.11480040027111289,0.986150856747427,0.9090909090909091,0.9944710580556753
known_zero,10,49.7738324776723,0.02,0.52,HBR,10.0,0.002,0.21517415705401255,0.9729515384958729,0.8333333333333333,0.9945831284928832
known_zero,10,49.7738324776723,0.05,0.55,HBR,10.0,0.002,0.47581479712769675,0.9368422385629088,0.6666666666666665,0.9949037208791125
jittered_zero,10,49.72853878341692,-0.05,0.45,HBR,10.0,0.002,0.5062874823668827,0.9096286303110789,0.6666666666666666,0.9939150756603279
jittered_zero,10,49.72853878341692,-0.02,0.48,HBR,10.0,0.002,0.25630927241131396,0.934017709312355,0.8333333333333333,0.9942885373666719
jittered_zero,10,49.72853878341692,-0.01,0.49,HBR,10.0,0.002,0.16435679782198623,0.9385322215773898,0.9090909090909091,0.9944071708919855
jittered_zero,10,49.72853878341692,-0.005,0.495,HBR,10.0,0.002,0.11638359973928002,0.9398420129998174,0.9523809523809523,0.9944654260482827
jittered_zero,10,49.72853878341692,-0.002,0.498,HBR,10.0,0.002,0.0868703764313997,0.9403034726128008,0.9803921568627451,0.9945000439225264
jittered_zero,10,49.72853878341692,0.0,0.5,HBR,10.0,0.002,0.06686324085853579,0.9404740983881623,1.0,0.9945229838606486
jittered_zero,10,49.72853878341692,0.002,0.502,HBR,10.0,0.002,0.08657784805704091,0.9405352923625137,0.9803921568627451,0.9945458134564323
jittered_zero,10,49.72853878341692,0.005,0.505,HBR,10.0,0.002,0.11564931920437271,0.940424166283256,0.9523809523809523,0.9945798520280753
jittered_zero,10,49.72853878341692,0.01,0.51,HBR,10.0,0.002,0.16286736466600943,0.9397148645270713,0.9090909090909091,0.9946360381734967
jittered_zero,10,49.72853878341692,0.02,0.52,HBR,10.0,0.002,0.2531710802674522,0.9365221839035618,0.8333333333333333,0.9947463945143795
jittered_zero,10,49.72853878341692,0.05,0.55,HBR,10.0,0.002,0.49621435688486193,0.9177787956857721,0.6666666666666665,0.9950618648009109
known_zero,11,52.970321477714464,-0.05,0.45,HBR,10.0,0.002,0.5366720487278491,0.8865053160904419,0.6666666666666666,0.9893186710348176
known_zero,11,52.970321477714464,-0.02,0.48,HBR,10.0,0.002,0.24079023071214475,0.9527614607607556,0.8333333333333333,0.989972648751946
known_zero,11,52.970321477714464,-0.01,0.49,HBR,10.0,0.002,0.12940708259844252,0.9760608936314579,0.9090909090909091,0.9901819159019264
known_zero,11,52.970321477714464,-0.005,0.495,HBR,10.0,0.002,0.07067669091286322,0.9879492099258184,0.9523809523809523,0.9902849616379372
known_zero,11,52.970321477714464,-0.002,0.498,HBR,10.0,0.002,0.034354969379337436,0.9951600207123376,0.9803921568627451,0.9903462869972613
known_zero,11,52.970321477714464,0.0,0.5,HBR,10.0,0.002,0.00965954075537322,0.9999999999999925,1.0,0.9903869627508224
known_zero,11,52.970321477714464,0.002,0.502,HBR,10.0,0.002,0.034252402928824026,0.9951805136597117,0.9803921568627451,0.9904274730181959
known_zero,11,52.970321477714464,0.005,0.505,HBR,10.0,0.002,0.07034397503194137,0.9880754559346303,0.9523809523809523,0.990487929568131
known_zero,11,52.970321477714464,0.01,0.51,HBR,10.0,0.002,0.12849211542679415,0.9765539967732079,0.9090909090909091,0.9905878723187743
known_zero,11,52.970321477714464,0.02,0.52,HBR,10.0,0.002,0.2379965512796657,0.954643795365035,0.8333333333333333,0.9907847260476625
known_zero,11,52.970321477714464,0.05,0.55,HBR,10.0,0.002,0.5230776053072956,0.8967962152340385,0.6666666666666665,0.9913517435174586
jittered_zero,11,52.89373578635762,-0.05,0.45,HBR,10.0,0.002,0.6248406774551313,0.8115680497428915,0.6666666666666666,0.9894673306077538
jittered_zero,11,52.89373578635762,-0.02,0.48,HBR,10.0,0.002,0.3700227476886228,0.8371366267617796,0.8333333333333333,0.9901159683471287
jittered_zero,11,52.89373578635762,-0.01,0.49,HBR,10.0,0.002,0.27714704807422885,0.8418838130012204,0.9090909090909091,0.9903235166883252
jittered_zero,11,52.89373578635762,-0.005,0.495,HBR,10.0,0.002,0.22868846970803097,0.8434304017969873,0.9523809523809523,0.9904257142050873
jittered_zero,11,52.89373578635762,-0.002,0.498,HBR,10.0,0.002,0.19886067949039019,0.8440875611868589,0.9803921568627451,0.9904865341761029
jittered_zero,11,52.89373578635762,0.0,0.5,HBR,10.0,0.002,0.17863232073042715,0.8444126012927239,1.0,0.9905268744722077
jittered_zero,11,52.89373578635762,0.002,0.502,HBR,10.0,0.002,0.19811627706915283,0.8446474748645119,0.9803921568627451,0.9905670504519846
jittered_zero,11,52.89373578635762,0.005,0.505,HBR,10.0,0.002,0.22682495063239005,0.8448319126914667,0.9523809523809523,0.9906270077554089
jittered_zero,11,52.89373578635762,0.01,0.51,HBR,10.0,0.002,0.2734021544189268,0.8446990839430896,0.9090909090909091,0.9907261242222773
jittered_zero,11,52.89373578635762,0.02,0.52,HBR,10.0,0.002,0.362392975360671,0.8428626170553658,0.8333333333333333,0.9909213468918113
jittered_zero,11,52.89373578635762,0.05,0.55,HBR,10.0,0.002,0.6035817328537368,0.8273199385746755,0.6666666666666665,0.9914836389673077
known_zero,12,56.44624769706339,-0.05,0.45,HBR,10.0,0.002,0.5338824289496501,0.8887822788341435,0.6666666666666666,0.9895407407853105
known_zero,12,56.44624769706339,-0.02,0.48,HBR,10.0,0.002,0.23944778093977467,0.9538221127154456,0.8333333333333333,0.9902001995106103
known_zero,12,56.44624769706339,-0.01,0.49,HBR,10.0,0.002,0.1286046487949384,0.9766186212612601,0.9090909090909091,0.9904108629203604
known_zero,12,56.44624769706339,-0.005,0.495,HBR,10.0,0.002,0.07015549251744202,0.9882351681831587,0.9523809523809523,0.9905145303188009
known_zero,12,56.44624769706339,-0.002,0.498,HBR,10.0,0.002,0.0340061613331712,0.9952761388318061,0.9803921568627451,0.9905762047372185
known_zero,12,56.44624769706339,0.0,0.5,HBR,10.0,0.002,0.009427193333301885,0.9999999999999922,1.0,0.9906171033437224
known_zero,12,56.44624769706339,0.002,0.502,HBR,10.0,0.002,0.03390306802953001,0.995296737540615,0.9803921568627451,0.9906578286488271
known_zero,12,56.44624769706339,0.005,0.505,HBR,10.0,0.002,0.06982105214121995,0.9883621097251136,0.9523809523809523,0.9907185932270826
known_zero,12,56.44624769706339,0.01,0.51,HBR,10.0,0.002,0.12768478406105183,0.9771147227681751,0.9090909090909091,0.9908190110891684
known_zero,12,56.44624769706339,0.02,0.52,HBR,10.0,0.002,0.2366378864270251,0.955717978562379,0.8333333333333333,0.9910166746783867
known_zero,12,56.44624769706339,0.05,0.55,HBR,10.0,0.002,0.5201891055954471,0.8991787325976981,0.6666666666666665,0.991585059599141
jittered_zero,12,56.3502752964221,-0.05,0.45,HBR,10.0,0.002,0.6582166651345676,0.7850686166470304,0.6666666666666666,0.9892903592206037
jittered_zero,12,56.3502752964221,-0.02,0.48,HBR,10.0,0.002,0.40744139661688383,0.8065205182705973,0.8333333333333333,0.9899568732115382
jittered_zero,12,56.3502752964221,-0.01,0.49,HBR,10.0,0.002,0.31507022311798194,0.8106805162459528,0.9090909090909091,0.9901698322965424
jittered_zero,12,56.3502752964221,-0.005,0.495,HBR,10.0,0.002,0.2666448536276216,0.8121406606611736,0.9523809523809523,0.9902746371580619
jittered_zero,12,56.3502752964221,-0.002,0.498,HBR,10.0,0.002,0.2367631440442359,0.8128159997041158,0.9803921568627451,0.990336990752642
jittered_zero,12,56.3502752964221,0.0,0.5,HBR,10.0,0.002,0.21646780721267395,0.8131826273672432,1.0,0.9903783407717764
jittered_zero,12,56.3502752964221,0.002,0.502,HBR,10.0,0.002,0.23586002971890957,0.8134826088370468,0.9803921568627451,0.9904195163946995
jittered_zero,12,56.3502752964221,0.005,0.505,HBR,10.0,0.002,0.2643851562035658,0.8138083762201476,0.9523809523809523,0.9904809544013635
jittered_zero,12,56.3502752964221,0.01,0.51,HBR,10.0,0.002,0.3105372219437163,0.8140244258899644,0.9090909090909091,0.9905824891989526
jittered_zero,12,56.3502752964221,0.02,0.52,HBR,10.0,0.002,0.39826801187305483,0.8132749162898448,0.8333333333333333,0.990782366354954
jittered_zero,12,56.3502752964221,0.05,0.55,HBR,10.0,0.002,0.6335487327173146,0.8029978109292834,0.6666666666666665,0.9913572318643694
known_zero,13,59.34704400260235,-0.05,0.45,HBR,10.0,0.002,0.48277044849444667,0.9313798731833699,0.6666666666666666,0.9938020047944821
known_zero,13,59.34704400260235,-0.02,0.48,HBR,10.0,0.002,0.21620344010470108,0.9723158357867623,0.8333333333333333,0.9942095397644946
known_zero,13,59.34704400260235,-0.01,0.49,HBR,10.0,0.002,0.11496557385043304,0.9861196599056187,0.9090909090909091,0.9943382671266724
known_zero,13,59.34704400260235,-0.005,0.495,HBR,10.0,0.002,0.061378444442623796,0.9930503671811559,0.9523809523809523,0.9944013449227941
known_zero,13,59.34704400260235,-0.002,0.498,HBR,10.0,0.002,0.028165350714763615,0.9972178887748789,0.9803921568627451,0.9944387861883899
known_zero,13,59.34704400260235,0.0,0.5,HBR,10.0,0.002,0.005551803275460868,0.9999999999999991,1.0,0.994463579500802
known_zero,13,59.34704400260235,0.002,0.502,HBR,10.0,0.002,0.028103155419890467,0.9972303207680839,0.9803921568627451,0.9944882395617911
known_zero,13,59.34704400260235,0.005,0.505,HBR,10.0,0.002,0.06117652566554818,0.9931274250048159,0.9523809523809523,0.9945249812496844
known_zero,13,59.34704400260235,0.01,0.51,HBR,10.0,0.002,0.11440864437852293,0.9864236870138987,0.9090909090909091,0.9945855604479739
known_zero,13,59.34704400260235,0.02,0.52,HBR,10.0,0.002,0.21448939267211106,0.9734994144322938,0.8333333333333333,0.9947042917618748
known_zero,13,59.34704400260235,0.05,0.55,HBR,10.0,0.002,0.47420942750661516,0.9382172314282038,0.6666666666666665,0.9950417801326592
jittered_zero,13,59.15154964820637,-0.05,0.45,HBR,10.0,0.002,0.6865687771179928,0.7602554311935755,0.6666666666666666,0.9930216023702042
jittered_zero,13,59.15154964820637,-0.02,0.48,HBR,10.0,0.002,0.4487480478076952,0.7711591674568076,0.8333333333333333,0.9934555019556862
jittered_zero,13,59.15154964820637,-0.01,0.49,HBR,10.0,0.002,0.35813850656381807,0.7738317861927153,0.9090909090909091,0.9935930453733074
jittered_zero,13,59.15154964820637,-0.005,0.495,HBR,10.0,0.002,0.31005955205687097,0.7749864419840258,0.9523809523809523,0.9936605358391224
jittered_zero,13,59.15154964820637,-0.002,0.498,HBR,10.0,0.002,0.2802127105762532,0.7756213843555679,0.9803921568627451,0.9937006261145388
jittered_zero,13,59.15154964820637,0.0,0.5,HBR,10.0,0.002,0.25986867746831055,0.7760206822949537,1.0,0.9937271860019192
jittered_zero,13,59.15154964820637,0.002,0.502,HBR,10.0,0.002,0.2791549279327847,0.7764008573490988,0.9803921568627451,0.9937536130822838
jittered_zero,13,59.15154964820637,0.005,0.505,HBR,10.0,0.002,0.30741453934798946,0.7769354268279047,0.9523809523809523,0.9937930061129582
jittered_zero,13,59.15154964820637,0.01,0.51,HBR,10.0,0.002,0.3528445124105047,0.7777319127931448,0.9090909090909091,0.9938580063105216
jittered_zero,13,59.15154964820637,0.02,0.52,HBR,10.0,0.002,0.4381284155597927,0.7789765889188192,0.8333333333333333,0.993985586960373
jittered_zero,13,59.15154964820637,0.05,0.55,HBR,10.0,0.002,0.6594774018553055,0.7800900310964807,0.6666666666666665,0.9943496712206368
known_zero,14,60.83177852460981,-0.05,0.45,HBR,10.0,0.002,0.49684487589364185,0.9194449023970488,0.6666666666666666,0.9926326630703259
known_zero,14,60.83177852460981,-0.02,0.48,HBR,10.0,0.002,0.2225102754024054,0.9672608514592009,0.8333333333333333,0.993122109679223
known_zero,14,60.83177852460981,-0.01,0.49,HBR,10.0,0.002,0.11864877712234963,0.9835444235179921,0.9090909090909091,0.993276580059513
known_zero,14,60.83177852460981,-0.005,0.495,HBR,10.0,0.002,0.06374359878296931,0.9917507292523605,0.9523809523809523,0.993352244398078
known_zero,14,60.83177852460981,-0.002,0.498,HBR,10.0,0.002,0.029737710054074135,0.996695138248614,0.9803921568627451,0.9933971473734157
known_zero,14,60.83177852460981,0.0,0.5,HBR,10.0,0.002,0.006594820306445385,0.9999999999999998,1.0,0.9934268777934399
known_zero,14,60.83177852460981,0.002,0.502,HBR,10.0,0.002,0.029663048226354464,0.9967100605316151,0.9803921568627451,0.9934564451948923
known_zero,14,60.83177852460981,0.005,0.505,HBR,10.0,0.002,0.06350125653899151,0.9918430787860659,0.9523809523809523,0.9935004923144796
known_zero,14,60.83177852460981,0.01,0.51,HBR,10.0,0.002,0.1179808566419301,0.9839078493851495,0.9090909090909091,0.9935730999122279
known_zero,14,60.83177852460981,0.02,0.52,HBR,10.0,0.002,0.22045879434226417,0.9686685807601674,0.8333333333333333,0.9937153415613843
known_zero,14,60.83177852460981,0.05,0.55,HBR,10.0,0.002,0.4866669127634648,0.9274619107359323,0.6666666666666665,0.9941191078204364
jittered_zero,14,60.9099302516158,-0.05,0.45,HBR,10.0,0.002,0.5706896438636944,0.8545696009353605,0.6666666666666666,0.9919652443472488
jittered_zero,14,60.9099302516158,-0.02,0.48,HBR,10.0,0.002,0.32345716769452515,0.8749537061923021,0.8333333333333333,0.9924771298377054
jittered_zero,14,60.9099302516158,-0.01,0.49,HBR,10.0,0.002,0.23196617613927978,0.8787386378283986,0.9090909090909091,0.9926389954107913
jittered_zero,14,60.9099302516158,-0.005,0.495,HBR,10.0,0.002,0.18394505856568974,0.879988362431864,0.9523809523809523,0.9927183423802578
jittered_zero,14,60.9099302516158,-0.002,0.498,HBR,10.0,0.002,0.15429590252364678,0.8805289881425996,0.9803921568627451,0.992765450251451
jittered_zero,14,60.9099302516158,0.0,0.5,HBR,10.0,0.002,0.13415156286317362,0.8808022473061649,1.0,0.9927966486750579
jittered_zero,14,60.9099302516158,0.002,0.502,HBR,10.0,0.002,0.15369154432128382,0.8810060773232361,0.9803921568627451,0.9928276825518548
jittered_zero,14,60.9099302516158,0.005,0.505,HBR,10.0,0.002,0.18243210040113844,0.8811826519933709,0.9523809523809523,0.9928739265437876
jittered_zero,14,60.9099302516158,0.01,0.51,HBR,10.0,0.002,0.22892559657204625,0.8811383415141988,0.9090909090909091,0.9929501881135134
jittered_zero,14,60.9099302516158,0.02,0.52,HBR,10.0,0.002,0.3172608217251022,0.8798401303126614,0.8333333333333333,0.993099710264585
jittered_zero,14,60.9099302516158,0.05,0.55,HBR,10.0,0.002,0.5533813380384078,0.8681243736215071,0.6666666666666665,0.9935251100963772
known_zero,15,65.1125440480816,-0.05,0.45,HBR,10.0,0.002,0.5302369639815934,0.8917808784600535,0.6666666666666666,0.989815192673013
known_zero,15,65.1125440480816,-0.02,0.48,HBR,10.0,0.002,0.2376444570426642,0.9552532630662139,0.8333333333333333,0.9905012770757393
known_zero,15,65.1125440480816,-0.01,0.49,HBR,10.0,0.002,0.12751793072026302,0.9773762675514717,0.9090909090909091,0.9907191600544881
known_zero,15,65.1125440480816,-0.005,0.495,HBR,10.0,0.002,0.06944670104284613,0.9886248521752836,0.9523809523809523,0.9908261417691883
known_zero,15,65.1125440480816,-0.002,0.498,HBR,10.0,0.002,0.033530456649463726,0.995434663983768,0.9803921568627451,0.9908897120837253
known_zero,15,65.1125440480816,0.0,0.5,HBR,10.0,0.002,0.00910952963567876,0.9999999999999905,1.0,0.9909318364226916
known_zero,15,65.1125440480816,0.002,0.502,HBR,10.0,0.002,0.03342434247999764,0.9954558669664167,0.9803921568627451,0.9909737571372419
known_zero,15,65.1125440480816,0.005,0.505,HBR,10.0,0.002,0.06910243850876413,0.9887555797071281,0.9523809523809523,0.9910362584128867
known_zero,15,65.1125440480816,0.01,0.51,HBR,10.0,0.002,0.1265708267414587,0.9778875642158888,0.9090909090909091,0.9911394219846651
known_zero,15,65.1125440480816,0.02,0.52,HBR,10.0,0.002,0.23474952029929885,0.9572101725187306,0.8333333333333333,0.9913420300966943
known_zero,15,65.1125440480816,0.05,0.55,HBR,10.0,0.002,0.5160993250647612,0.9025578480199006,0.6666666666666665,0.9919210875918972
jittered_zero,15,65.052123106459,-0.05,0.45,HBR,10.0,0.002,0.5939503432897094,0.8371081029583065,0.6666666666666666,0.9893736888091927
jittered_zero,15,65.052123106459,-0.02,0.48,HBR,10.0,0.002,0.33413920666986396,0.8677581442299351,0.8333333333333333,0.9900741783327927
jittered_zero,15,65.052123106459,-0.01,0.49,HBR,10.0,0.002,0.24040301964621297,0.8734169578512866,0.9090909090909091,0.9902967655112496
jittered_zero,15,65.052123106459,-0.005,0.495,HBR,10.0,0.002,0.1917662373903278,0.875171128306141,0.9523809523809523,0.990406081438692
jittered_zero,15,65.052123106459,-0.002,0.498,HBR,10.0,0.002,0.1619194272668817,0.8758660106570229,0.9803921568627451,0.9904710466078918
jittered_zero,15,65.052123106459,0.0,0.5,HBR,10.0,0.002,0.14171555804675248,0.8761794312527138,1.0,0.9905140984980265
jittered_zero,15,65.052123106459,0.002,0.502,HBR,10.0,0.002,0.1612536156567974,0.8763733634005522,0.9803921568627451,0.9905569448888097
jittered_zero,15,65.052123106459,0.005,0.505,HBR,10.0,0.002,0.19009805546987543,0.8764422524021949,0.9523809523809523,0.9906208311757156
jittered_zero,15,65.052123106459,0.01,0.51,HBR,10.0,0.002,0.23704077288696582,0.8759785993027983,0.9090909090909091,0.9907262938053678
jittered_zero,15,65.052123106459,0.02,0.52,HBR,10.0,0.002,0.3272138482655759,0.8730308325670698,0.8333333333333333,0.9909334654997769
jittered_zero,15,65.052123106459,0.05,0.55,HBR,10.0,0.002,0.5736478559902541,0.8524228411587242,0.6666666666666665,0.9915259438906268
known_zero,16,67.07981052949417,-0.05,0.45,HBR,10.0,0.002,0.5039382020145042,0.9135015955822378,0.6666666666666666,0.9920290008334434
known_zero,16,67.07981052949417,-0.02,0.48,HBR,10.0,0.002,0.2256540073182008,0.9647567013840603,0.8333333333333333,0.9925745874335518
known_zero,16,67.07981052949417,-0.01,0.49,HBR,10.0,0.002,0.12047689996113015,0.9822712143319539,0.9090909090909091,0.9927475299384938
known_zero,16,67.07981052949417,-0.005,0.495,HBR,10.0,0.002,0.06491450154579702,0.991108846160548,0.9523809523809523,0.9928323893607628
known_zero,16,67.07981052949417,-0.002,0.498,HBR,10.0,0.002,0.030514521741847638,0.9964371190644601,0.9803921568627451,0.9928827967724236
known_zero,16,67.07981052949417,0.0,0.5,HBR,10.0,0.002,0.007109017617426204,0.9999999999999893,1.0,0.9929161916721995
known_zero,16,67.07981052949417,0.002,0.502,HBR,10.0,0.002,0.0304305896713748,0.9964538932568515,0.9803921568627451,0.9929494194987567
known_zero,16,67.07981052949417,0.005,0.505,HBR,10.0,0.002,0.06464209690975412,0.9912125769202448,0.9523809523809523,0.9929989497655584
known_zero,16,67.07981052949417,0.01,0.51,HBR,10.0,0.002,0.11972640448397232,0.9826789135167552,0.9090909090909091,0.993080676384154
known_zero,16,67.07981052949417,0.02,0.52,HBR,10.0,0.002,0.22335120608074305,0.9663320277365348,0.8333333333333333,0.9932410854327077
known_zero,16,67.07981052949417,0.05,0.55,HBR,10.0,0.002,0.49255107499185447,0.922410554048562,0.6666666666666665,0.9936988373785547
jittered_zero,16,66.84925636772533,-0.05,0.45,HBR,10.0,0.002,0.7704626544569615,0.699490268917257,0.6666666666666666,0.992434612805028
jittered_zero,16,66.84925636772533,-0.02,0.48,HBR,10.0,0.002,0.5304594116491538,0.7110006852747044,0.8333333333333333,0.9929688654093957
jittered_zero,16,66.84925636772533,-0.01,0.49,HBR,10.0,0.002,0.4390434579161475,0.7140176136415931,0.9090909090909091,0.9931380215002492
jittered_zero,16,66.84925636772533,-0.005,0.495,HBR,10.0,0.002,0.39054541127736864,0.7153715996711396,0.9523809523809523,0.993220986252328
jittered_zero,16,66.84925636772533,-0.002,0.498,HBR,10.0,0.002,0.36044203398062485,0.7161347608447856,0.9803921568627451,0.9932702564086076
jittered_zero,16,66.84925636772533,0.0,0.5,HBR,10.0,0.002,0.3399248751205538,0.7166230980284823,1.0,0.9933028929527521
jittered_zero,16,66.84925636772533,0.002,0.502,HBR,10.0,0.002,0.35903633153004766,0.7170951376827348,0.9803921568627451,0.9933353622773363
jittered_zero,16,66.84925636772533,0.005,0.505,HBR,10.0,0.002,0.38703065593019603,0.7177727516513346,0.9523809523809523,0.9933837545204784
jittered_zero,16,66.84925636772533,0.01,0.51,HBR,10.0,0.002,0.43201038372434064,0.7188214150533413,0.9090909090909091,0.9934635837252337
jittered_zero,16,66.84925636772533,0.02,0.52,HBR,10.0,0.002,0.5163648288909407,0.7206202139103601,0.8333333333333333,0.9936201953882157
jittered_zero,16,66.84925636772533,0.05,0.55,HBR,10.0,0.002,0.7347366373960897,0.7237419353429169,0.6666666666666665,0.9940665366779851
known_zero,17,69.54640171117398,-0.05,0.45,HBR,10.0,0.002,0.525176193582085,0.8959274400526698,0.6666666666666666,0.9902327780911926
known_zero,17,69.54640171117398,-0.02,0.48,HBR,10.0,0.002,0.23527644191771915,0.9571257512283787,0.8333333333333333,0.990907201351597
known_zero,17,69.54640171117398,-0.01,0.49,HBR,10.0,0.002,0.1261152118102747,0.9783509795234915,0.9090909090909091,0.9911214160385803
known_zero,17,69.54640171117398,-0.005,0.495,HBR,10.0,0.002,0.06853976279413523,0.989122104686965,0.9523809523809523,0.9912266063875943
known_zero,17,69.54640171117398,-0.002,0.498,HBR,10.0,0.002,0.03292524645923757,0.9956359767268169,0.9803921568627451,0.9912891157788304
known_zero,17,69.54640171117398,0.0,0.5,HBR,10.0,0.002,0.008707259724978048,0.9999999999999876,1.0,0.9913305386716256
known_zero,17,69.54640171117398,0.002,0.502,HBR,10.0,0.002,0.03282094380102327,0.9956568186176615,0.9803921568627451,0.9913717626339813
known_zero,17,69.54640171117398,0.005,0.505,HBR,10.0,0.002,0.06820135056357388,0.9892506829897988,0.9523809523809523,0.9914332276287724
known_zero,17,69.54640171117398,0.01,0.51,HBR,10.0,0.002,0.12518393301759356,0.9788543646747737,0.9090909090909091,0.9915346878308904
known_zero,17,69.54640171117398,0.02,0.52,HBR,10.0,0.002,0.23242768537227002,0.9590560542942462,0.8333333333333333,0.9917339794365386
known_zero,17,69.54640171117398,0.05,0.55,HBR,10.0,0.002,0.5112294361443591,0.9066140990210061,0.6666666666666665,0.9923038293765784
jittered_zero,17,69.48486026670199,-0.05,0.45,HBR,10.0,0.002,0.5831859203327457,0.8453408590639157,0.6666666666666666,0.9903414832298562
jittered_zero,17,69.48486026670199,-0.02,0.48,HBR,10.0,0.002,0.3258308927320622,0.8741699292624517,0.8333333333333333,0.991011796797496
jittered_zero,17,69.48486026670199,-0.01,0.49,HBR,10.0,0.002,0.23253769456119994,0.8794896521295295,0.9090909090909091,0.9912246954703873
jittered_zero,17,69.48486026670199,-0.005,0.495,HBR,10.0,0.002,0.1840250897575658,0.8811509279208914,0.9523809523809523,0.9913292375804761
jittered_zero,17,69.48486026670199,-0.002,0.498,HBR,10.0,0.002,0.15421969528773366,0.8818166179632105,0.9803921568627451,0.99139136111221
jittered_zero,17,69.48486026670199,0.0,0.5,HBR,10.0,0.002,0.13402947241754568,0.8821218428502057,1.0,0.9914325280406558
jittered_zero,17,69.48486026670199,0.002,0.502,HBR,10.0,0.002,0.15357000979397517,0.8823166083821772,0.9803921568627451,0.9914734970535589
jittered_zero,17,69.48486026670199,0.005,0.505,HBR,10.0,0.002,0.1823974043179308,0.8824035512627676,0.9523809523809523,0.9915345815171046
jittered_zero,17,69.48486026670199,0.01,0.51,HBR,10.0,0.002,0.2292577155555311,0.8820136306958712,0.9090909090909091,0.9916354125104214
jittered_zero,17,69.48486026670199,0.02,0.52,HBR,10.0,0.002,0.3190797036018007,0.8793624856073476,0.8333333333333333,0.991833464232416
jittered_zero,17,69.48486026670199,0.05,0.55,HBR,10.0,0.002,0.5634437263053073,0.8604073605141306,0.6666666666666665,0.992399737838152
known_zero,18,72.0671576744819,-0.05,0.45,HBR,10.0,0.002,0.56514920146724,0.8638303979012387,0.6666666666666666,0.9867828585810802
known_zero,18,72.0671576744819,-0.02,0.48,HBR,10.0,0.002,0.2536813527481364,0.9427200612025461,0.8333333333333333,0.9877023461234322
known_zero,18,72.0671576744819,-0.01,0.49,HBR,10.0,0.002,0.13695625713604784,0.9708645126160571,0.9090909090909091,0.9879949199067866
known_zero,18,72.0671576744819,-0.005,0.495,HBR,10.0,0.002,0.07552571132434742,0.9853057073263565,0.9523809523809523,0.9881386827160955
known_zero,18,72.0671576744819,-0.002,0.498,HBR,10.0,0.002,0.03757433118738395,0.9940915611019829,0.9803921568627451,0.9882241434630402
known_zero,18,72.0671576744819,0.0,0.5,HBR,10.0,0.002,0.011788423528276817,0.999999999999992,1.0,0.9882807877026575
known_zero,18,72.0671576744819,0.002,0.502,HBR,10.0,0.002,0.037431204723338184,0.994120151572288,0.9803921568627451,0.9883371696411304
known_zero,18,72.0671576744819,0.005,0.505,HBR,10.0,0.002,0.0750616134134445,0.9854812811139444,0.9523809523809523,0.9884212532933756
known_zero,18,72.0671576744819,0.01,0.51,HBR,10.0,0.002,0.13568190730934762,0.9715467535834486,0.9090909090909091,0.9885600977195845
known_zero,18,72.0671576744819,0.02,0.52,HBR,10.0,0.002,0.2498057137950326,0.9452986847244588,0.8333333333333333,0.9888329950369237
known_zero,18,72.0671576744819,0.05,0.55,HBR,10.0,0.002,0.5465224943114546,0.8775532009094661,0.6666666666666665,0.9896146158663631
jittered_zero,18,72.05684870358684,-0.05,0.45,HBR,10.0,0.002,0.5677103932044791,0.8615820674022293,0.6666666666666666,0.9868272120949618
jittered_zero,18,72.05684870358684,-0.02,0.48,HBR,10.0,0.002,0.26065703339063273,0.9361263258589799,0.8333333333333333,0.9877450821802483
jittered_zero,18,72.05684870358684,-0.01,0.49,HBR,10.0,0.002,0.14946753558554443,0.9587524623182118,0.9090909090909091,0.9880371331908262
jittered_zero,18,72.05684870358684,-0.005,0.495,HBR,10.0,0.002,0.09422272627595155,0.9670135262598314,0.9523809523809523,0.9881806376245563
jittered_zero,18,72.05684870358684,-0.002,0.498,HBR,10.0,0.002,0.06228086218958825,0.969790905718805,0.9803921568627451,0.988265944301968
jittered_zero,18,72.05684870358684,0.0,0.5,HBR,10.0,0.002,0.0417955941109528,0.9703976309349618,1.0,0.9883224862250575
jittered_zero,18,72.05684870358684,0.002,0.502,HBR,10.0,0.002,0.062019661034494335,0.9699335203035958,0.9803921568627451,0.9883787661632137
jittered_zero,18,72.05684870358684,0.005,0.505,HBR,10.0,0.002,0.0935373335285364,0.9674004090932435,0.9523809523809523,0.9884626974060404
jittered_zero,18,72.05684870358684,0.01,0.51,HBR,10.0,0.002,0.14790212963243995,0.9597064946796419,0.9090909090909091,0.988601289385708
jittered_zero,18,72.05684870358684,0.02,0.52,HBR,10.0,0.002,0.256468763261759,0.9389824089961498,0.8333333333333333,0.9888736876473238
jittered_zero,18,72.05684870358684,0.05,0.55,HBR,10.0,0.002,0.5488275389335897,0.8754980150094752,0.6666666666666665,0.9896538570794572
known_zero,19,75.70469069908393,-0.05,0.45,HBR,10.0,0.002,0.5040614809088847,0.9134230149815012,0.6666666666666666,0.9919920445846969
known_zero,19,75.70469069908393,-0.02,0.48,HBR,10.0,0.002,0.225620634784403,0.9647911030237043,0.8333333333333333,0.992572319216355
known_zero,19,75.70469069908393,-0.01,0.49,HBR,10.0,0.002,0.12044043624042784,0.9822998296554167,0.9090909090909091,0.9927548091377458
known_zero,19,75.70469069908393,-0.005,0.495,HBR,10.0,0.002,0.06488537133000757,0.9911260463446018,0.9523809523809523,0.9928440809055954
known_zero,19,75.70469069908393,-0.002,0.498,HBR,10.0,0.002,0.03049258830816188,0.9964446981812721,0.9803921568627451,0.9928970221501647
known_zero,19,75.70469069908393,0.0,0.5,HBR,10.0,0.002,0.007093036789515405,0.9999999999999876,1.0,0.9929320594217798
known_zero,19,75.70469069908393,0.002,0.502,HBR,10.0,0.002,0.03040456653636327,0.9964622897281118,0.9803921568627451,0.9929668924032137
known_zero,19,75.70469069908393,0.005,0.505,HBR,10.0,0.002,0.0645996915024135,0.9912348344345029,0.9523809523809523,0.9930187611115142
known_zero,19,75.70469069908393,0.01,0.51,HBR,10.0,0.002,0.11965334841719812,0.9827274262286816,0.9090909090909091,0.9931042022168921
known_zero,19,75.70469069908393,0.02,0.52,HBR,10.0,0.002,0.22320538112256222,0.966443489018607,0.8333333333333333,0.9932713667413974
known_zero,19,75.70469069908393,0.05,0.55,HBR,10.0,0.002,0.4921141704874762,0.9227714850638853,0.6666666666666665,0.9937442404817678
jittered_zero,19,75.57080854589069,-0.05,0.45,HBR,10.0,0.002,0.6707679197519367,0.774120627009389,0.6666666666666666,0.9907676394207451
jittered_zero,19,75.57080854589069,-0.02,0.48,HBR,10.0,0.002,0.42687797043813497,0.7898504415205989,0.8333333333333333,0.9913925107173007
jittered_zero,19,75.57080854589069,-0.01,0.49,HBR,10.0,0.002,0.33533334887770394,0.7932814020500234,0.9090909090909091,0.9915896601176051
jittered_zero,19,75.57080854589069,-0.005,0.495,HBR,10.0,0.002,0.28699981155188475,0.7946439551974286,0.9523809523809523,0.9916862245364735
jittered_zero,19,75.57080854589069,-0.002,0.498,HBR,10.0,0.002,0.25706815469403804,0.7953485890298099,0.9803921568627451,0.9917435296954914
jittered_zero,19,75.57080854589069,0.0,0.5,HBR,10.0,0.002,0.23669569290829126,0.7957714909340671,1.0,0.9917814714221442
jittered_zero,19,75.57080854589069,0.002,0.502,HBR,10.0,0.002,0.255975851968308,0.7961570740707674,0.9803921568627451,0.9918192050259064
jittered_zero,19,75.57080854589069,0.005,0.505,HBR,10.0,0.002,0.28426784520047366,0.7966658767283534,0.9523809523809523,0.991875417526555
jittered_zero,19,75.57080854589069,0.01,0.51,HBR,10.0,0.002,0.3298607923372888,0.7973302957138254,0.9090909090909091,0.9919680794131931
jittered_zero,19,75.57080854589069,0.02,0.52,HBR,10.0,0.002,0.4158643520440388,0.7979882271221866,0.8333333333333333,0.9921496158576528
jittered_zero,19,75.57080854589069,0.05,0.55,HBR,10.0,0.002,0.6420857619956268,0.7951228159493422,0.6666666666666665,0.9926650697687089
known_zero,20,77.1448400688748,-0.05,0.45,HBR,10.0,0.002,0.48687057930529193,0.9279207351779472,0.6666666666666666,0.993425202511212
known_zero,20,77.1448400688748,-0.02,0.48,HBR,10.0,0.002,0.2178925684037086,0.9709714208029193,0.8333333333333333,0.9939058772123421
known_zero,20,77.1448400688748,-0.01,0.49,HBR,10.0,0.002,0.1159231056460951,0.9854546977672675,0.9090909090909091,0.9940569267244785
known_zero,20,77.1448400688748,-0.005,0.495,HBR,10.0,0.002,0.061983521801412506,0.9927197626399495,0.9523809523809523,0.9941308014185698
known_zero,20,77.1448400688748,-0.002,0.498,HBR,10.0,0.002,0.028563202171964175,0.9970861056151709,0.9803921568627451,0.9941746069480571
known_zero,20,77.1448400688748,0.0,0.5,HBR,10.0,0.002,0.00581326808407956,0.9999999999999913,1.0,0.9942035962610322
known_zero,20,77.1448400688748,0.002,0.502,HBR,10.0,0.002,0.028490478448295085,0.9971006416895268,0.9803921568627451,0.9942324151848071
known_zero,20,77.1448400688748,0.005,0.505,HBR,10.0,0.002,0.061747433280777426,0.9928098273494622,0.9523809523809523,0.9942753261579614
known_zero,20,77.1448400688748,0.01,0.51,HBR,10.0,0.002,0.11527204426932855,0.9858098173782002,0.9090909090909091,0.9943460058292504
known_zero,20,77.1448400688748,0.02,0.52,HBR,10.0,0.002,0.21588973864106528,0.9723522077397264,0.8333333333333333,0.9944842724569231
known_zero,20,77.1448400688748,0.05,0.55,HBR,10.0,0.002,0.4768812823662504,0.935870337941687,0.6666666666666665,0.9948753417743968
jittered_zero,20,77.11252035437101,-0.05,0.45,HBR,10.0,0.002,0.49952843473183806,0.9161354634705796,0.6666666666666666,0.9935486128662444
jittered_zero,20,77.11252035437101,-0.02,0.48,HBR,10.0,0.002,0.24301947279607097,0.9467643448860226,0.8333333333333333,0.9940250659348852
jittered_zero,20,77.11252035437101,-0.01,0.49,HBR,10.0,0.002,0.1493908118817524,0.9529066801674676,0.9090909090909091,0.9941747034380592
jittered_zero,20,77.11252035437101,-0.005,0.495,HBR,10.0,0.002,0.10094039154973751,0.9546776914093418,0.9523809523809523,0.994247871197044
jittered_zero,20,77.11252035437101,-0.002,0.498,HBR,10.0,0.002,0.07129301029419917,0.9552661577813777,0.9803921568627451,0.9942912522649636
jittered_zero,20,77.11252035437101,0.0,0.5,HBR,10.0,0.002,0.051264196664016125,0.9554546654086858,1.0,0.994319958477851
jittered_zero,20,77.11252035437101,0.002,0.502,HBR,10.0,0.002,0.07101164823626459,0.9554799637016661,0.9803921568627451,0.9943484942007353
jittered_zero,20,77.11252035437101,0.005,0.505,HBR,10.0,0.002,0.10023165079815977,0.9552170592133653,0.9523809523809523,0.9943909801831728
jittered_zero,20,77.11252035437101,0.01,0.51,HBR,10.0,0.002,0.1479361195367611,0.9540191891244053,0.9090909090909091,0.994460951030477
jittered_zero,20,77.11252035437101,0.02,0.52,HBR,10.0,0.002,0.239836259169286,0.9492359740254901,0.8333333333333333,0.9945977981083577
jittered_zero,20,77.11252035437101,0.05,0.55,HBR,10.0,0.002,0.48815337192825076,0.9252787475843405,0.6666666666666665,0.9949845936648127
known_zero,21,79.33737502024937,-0.05,0.45,HBR,10.0,0.002,0.5489437579596506,0.8767171934658207,0.6666666666666666,0.9881627769092545
known_zero,21,79.33737502024937,-0.02,0.48,HBR,10.0,0.002,0.24606582992288145,0.9486600827812629,0.8333333333333333,0.989021168187166
known_zero,21,79.33737502024937,-0.01,0.49,HBR,10.0,0.002,0.13244016482271906,0.9739790276146756,0.9090909090909091,0.989293252429131
known_zero,21,79.33737502024937,-0.005,0.495,HBR,10.0,0.002,0.0726057840991645,0.9869004763294486,0.9523809523809523,0.9894267531517924
known_zero,21,79.33737502024937,-0.002,0.498,HBR,10.0,0.002,0.0356272600370343,0.994738654786382,0.9803921568627451,0.9895060518263386
known_zero,21,79.33737502024937,0.0,0.5,HBR,10.0,0.002,0.010496307834630436,0.9999999999999993,1.0,0.9895585861721188
known_zero,21,79.33737502024937,0.002,0.502,HBR,10.0,0.002,0.03549473264831067,0.9947651316115381,0.9803921568627451,0.9896108568302497
known_zero,21,79.33737502024937,0.005,0.505,HBR,10.0,0.002,0.07217594553881139,0.9870633832785585,0.9523809523809523,0.9896887711289519
known_zero,21,79.33737502024937,0.01,0.51,HBR,10.0,0.002,0.13125879537903645,0.9746140378635135,0.9090909090909091,0.989817327437064
known_zero,21,79.33737502024937,0.02,0.52,HBR,10.0,0.002,0.24246420549029757,0.9510747249687608,0.8333333333333333,0.9900696306596646
known_zero,21,79.33737502024937,0.05,0.55,HBR,10.0,0.002,0.5314995398790552,0.8897798947160479,0.6666666666666665,0.9907894041859909
jittered_zero,21,79.30009662629865,-0.05,0.45,HBR,10.0,0.002,0.5767363400414072,0.8524451171846404,0.6666666666666666,0.9884425253388853
jittered_zero,21,79.30009662629865,-0.02,0.48,HBR,10.0,0.002,0.30011998605828555,0.8984976092446254,0.8333333333333333,0.9892905630895018
jittered_zero,21,79.30009662629865,-0.01,0.49,HBR,10.0,0.002,0.20271486547237416,0.9076385002753427,0.9090909090909091,0.9895593078288215
jittered_zero,21,79.30009662629865,-0.005,0.495,HBR,10.0,0.002,0.15313179499671248,0.9103016181341912,0.9523809523809523,0.9896911591860663
jittered_zero,21,79.30009662629865,-0.002,0.498,HBR,10.0,0.002,0.12305794008797127,0.9112189266099167,0.9803921568627451,0.989769474694569
jittered_zero,21,79.30009662629865,0.0,0.5,HBR,10.0,0.002,0.10285075984687225,0.9115398565396282,1.0,0.9898213562689323
jittered_zero,21,79.30009662629865,0.002,0.502,HBR,10.0,0.002,0.12250422954912348,0.9116282875903734,0.9803921568627451,0.9898729762846661
jittered_zero,21,79.30009662629865,0.005,0.505,HBR,10.0,0.002,0.15173982607660513,0.9113313401284697,0.9523809523809523,0.9899499185947032
jittered_zero,21,79.30009662629865,0.01,0.51,HBR,10.0,0.002,0.19987704982003565,0.9097420574283904,0.9090909090909091,0.9900768654569365
jittered_zero,21,79.30009662629865,0.02,0.52,HBR,10.0,0.002,0.2940426842740523,0.9030295344160089,0.8333333333333333,0.9903259888601718
jittered_zero,21,79.30009662629865,0.05,0.55,HBR,10.0,0.002,0.5563911461966096,0.867688802250248,0.6666666666666665,0.991036526871519
known_zero,22,82.91038085408603,-0.05,0.45,HBR,10.0,0.002,0.548555266538477,0.8770397155105616,0.6666666666666666,0.9881832166791837
known_zero,22,82.91038085408603,-0.02,0.48,HBR,10.0,0.002,0.24583900557840246,0.9488413401979456,0.8333333333333333,0.9890565518699536
known_zero,22,82.91038085408603,-0.01,0.49,HBR,10.0,0.002,0.13229743805456268,0.9740791881969744,0.9090909090909091,0.9893327216324358
known_zero,22,82.91038085408603,-0.005,0.495,HBR,10.0,0.002,0.07251074915566282,0.986953020549209,0.9523809523809523,0.9894681068109223
known_zero,22,82.91038085408603,-0.002,0.498,HBR,10.0,0.002,0.03556264234978662,0.9947602743751492,0.9803921568627451,0.9895484866988109
known_zero,22,82.91038085408603,0.0,0.5,HBR,10.0,0.002,0.010452718291811785,0.9999999999999956,1.0,0.9896017215186043
known_zero,22,82.91038085408603,0.002,0.502,HBR,10.0,0.002,0.03542837027327522,0.9947870998715631,0.9803921568627451,0.9896546765348048
known_zero,22,82.91038085408603,0.005,0.505,HBR,10.0,0.002,0.07207524755888935,0.987118083673645,0.9523809523809523,0.9897335874362764
known_zero,22,82.91038085408603,0.01,0.51,HBR,10.0,0.002,0.13110046156166646,0.9747226734601181,0.9090909090909091,0.9898637259939399
known_zero,22,82.91038085408603,0.02,0.52,HBR,10.0,0.002,0.24218944135594372,0.9512887373342473,0.8333333333333333,0.9901189055110841
known_zero,22,82.91038085408603,0.05,0.55,HBR,10.0,0.002,0.5308725720032864,0.8902878504751204,0.6666666666666665,0.9908451404053094
jittered_zero,22,83.08769473868333,-0.05,0.45,HBR,10.0,0.002,0.8068671653109373,0.67642398744538,0.6666666666666666,0.9895877289185424
jittered_zero,22,83.08769473868333,-0.02,0.48,HBR,10.0,0.002,0.5603517193469728,0.6918429093081466,0.8333333333333333,0.9904124526751041
jittered_zero,22,83.08769473868333,-0.01,0.49,HBR,10.0,0.002,0.46764330389195136,0.6956127483457712,0.9090909090909091,0.990672816021026
jittered_zero,22,83.08769473868333,-0.005,0.495,HBR,10.0,0.002,0.418666010874422,0.6972343907872889,0.9523809523809523,0.9908003707644774
jittered_zero,22,83.08769473868333,-0.002,0.498,HBR,10.0,0.002,0.3883281446615109,0.6981231808684558,0.9803921568627451,0.9908760754537983
jittered_zero,22,83.08769473868333,0.0,0.5,HBR,10.0,0.002,0.36767661414496255,0.6986807258390968,1.0,0.9909262030315936
jittered_zero,22,83.08769473868333,0.002,0.502,HBR,10.0,0.002,0.38667115419341014,0.6992103703967341,0.9803921568627451,0.9909760584220663
jittered_zero,22,83.08769473868333,0.005,0.505,HBR,10.0,0.002,0.4145225959132928,0.6999527284276228,0.9523809523809523,0.9910503341102718
jittered_zero,22,83.08769473868333,0.01,0.51,HBR,10.0,0.002,0.4593497761986395,0.7010520169540712,0.9090909090909091,0.9911727850359621
jittered_zero,22,83.08769473868333,0.02,0.52,HBR,10.0,0.002,0.5437113262858537,0.7027420262447535,0.8333333333333333,0.9914127293239904
jittered_zero,22,83.08769473868333,0.05,0.55,HBR,10.0,0.002,0.7643590276787903,0.7040141284351503,0.6666666666666665,0.9920943499840352
known_zero,23,84.73549298051705,-0.05,0.45,HBR,10.0,0.002,0.5245260931128869,0.8965000552531004,0.6666666666666666,0.9902438424235227
known_zero,23,84.73549298051705,-0.02,0.48,HBR,10.0,0.002,0.23481435288558905,0.9575048925752546,0.8333333333333333,0.9909726455651936
known_zero,23,84.73549298051705,-0.01,0.49,HBR,10.0,0.002,0.1258114175384509,0.978567833587723,0.9090909090909091,0.9912028560714364
known_zero,23,84.73549298051705,-0.005,0.495,HBR,10.0,0.002,0.06833318524158229,0.9892375736802693,0.9523809523809523,0.9913156676380106
known_zero,23,84.73549298051705,-0.002,0.498,HBR,10.0,0.002,0.032782797651547166,0.9956838831376391,0.9803921568627451,0.9913826320341573
known_zero,23,84.73549298051705,0.0,0.5,HBR,10.0,0.002,0.008609983232646622,0.9999999999999973,1.0,0.9914269765196507
known_zero,23,84.73549298051705,0.002,0.502,HBR,10.0,0.002,0.03267118112785785,0.9957061866959271,0.9803921568627451,0.9914710837022982
known_zero,23,84.73549298051705,0.005,0.505,HBR,10.0,0.002,0.06797103483260623,0.9893751896129871,0.9523809523809523,0.9915368022416964
known_zero,23,84.73549298051705,0.01,0.51,HBR,10.0,0.002,0.12481473241112125,0.9791067334789098,0.9090909090909091,0.9916451640893746
known_zero,23,84.73549298051705,0.02,0.52,HBR,10.0,0.002,0.23176483110950447,0.9595723948132688,0.8333333333333333,0.9918575721181501
known_zero,23,84.73549298051705,0.05,0.55,HBR,10.0,0.002,0.5095840040014569,0.9079627413075848,0.6666666666666665,0.9924615965002526
jittered_zero,23,84.51612257992386,-0.05,0.45,HBR,10.0,0.002,0.8166560886876938,0.6689687452034105,0.6666666666666666,0.990868902041286
jittered_zero,23,84.51612257992386,-0.02,0.48,HBR,10.0,0.002,0.5730340067295701,0.6823215230899317,0.8333333333333333,0.9915775104033869
jittered_zero,23,84.51612257992386,-0.01,0.49,HBR,10.0,0.002,0.48067745340606666,0.6858238423997008,0.9090909090909091,0.9918009968179446
jittered_zero,23,84.51612257992386,-0.005,0.495,HBR,10.0,0.002,0.4317583117295033,0.6873953372158942,0.9523809523809523,0.9919104482079789
jittered_zero,23,84.51612257992386,-0.002,0.498,HBR,10.0,0.002,0.4014178234456677,0.6882809114247471,0.9803921568627451,0.9919753971536094
jittered_zero,23,84.51612257992386,0.0,0.5,HBR,10.0,0.002,0.38074901031531094,0.6888474880284059,1.0,0.9920183982915755
jittered_zero,23,84.51612257992386,0.002,0.502,HBR,10.0,0.002,0.39971391203833784,0.6893950764219837,0.9803921568627451,0.9920611623628707
jittered_zero,23,84.51612257992386,0.005,0.505,HBR,10.0,0.002,0.42749789239467173,0.6901809825099445,0.9523809523809523,0.9921248666915796
jittered_zero,23,84.51612257992386,0.01,0.51,HBR,10.0,0.002,0.472152040959918,0.6913967934843565,0.9090909090909091,0.9922298727893947
jittered_zero,23,84.51612257992386,0.02,0.52,HBR,10.0,0.002,0.5559467000178512,0.6934806356403032,0.8333333333333333,0.9924355744132399
jittered_zero,23,84.51612257992386,0.05,0.55,HBR,10.0,0.002,0.773311197438352,0.6970897301924335,0.6666666666666665,0.993019526929427
known_zero,24,87.42527461312523,-0.05,0.45,HBR,10.0,0.002,0.5055551477248504,0.9121978574689857,0.6666666666666666,0.9918417841897694
known_zero,24,87.42527461312523,-0.02,0.48,HBR,10.0,0.002,0.22619450467666366,0.9643423959223062,0.8333333333333333,0.9924644527372977
known_zero,24,87.42527461312523,-0.01,0.49,HBR,10.0,0.002,0.1207567108409263,0.982083045149571,0.9090909090909091,0.9926599465423225
known_zero,24,87.42527461312523,-0.005,0.495,HBR,10.0,0.002,0.06508196415294645,0.9910196101556038,0.9523809523809523,0.992755525247181
known_zero,24,87.42527461312523,-0.002,0.498,HBR,10.0,0.002,0.03062027865166428,0.9964026013420461,0.9803921568627451,0.9928121902590226
known_zero,24,87.42527461312523,0.0,0.5,HBR,10.0,0.002,0.007176000678716811,0.9999999999999925,1.0,0.992849685333497
known_zero,24,87.42527461312523,0.002,0.502,HBR,10.0,0.002,0.03052608025995506,0.9964214271380325,0.9803921568627451,0.9928869566033082
known_zero,24,87.42527461312523,0.005,0.505,HBR,10.0,0.002,0.06477624191270322,0.9911360167626166,0.9523809523809523,0.9929424466234045
known_zero,24,87.42527461312523,0.01,0.51,HBR,10.0,0.002,0.11991444676034109,0.9825404961777187,0.9090909090909091,0.9930338286924131
known_zero,24,87.42527461312523,0.02,0.52,HBR,10.0,0.002,0.22361027530065491,0.9661094864909133,0.8333333333333333,0.9932125322544137
known_zero,24,87.42527461312523,0.05,0.55,HBR,10.0,0.002,0.4927764996102735,0.922185320857248,0.6666666666666665,0.9937175032869464
jittered_zero,24,87.54645747925322,-0.05,0.45,HBR,10.0,0.002,0.6281975037952074,0.8063643814720597,0.6666666666666666,0.9925153076163168
jittered_zero,24,87.54645747925322,-0.02,0.48,HBR,10.0,0.002,0.3848327956050824,0.8223375112413625,0.8333333333333333,0.9931169293602415
jittered_zero,24,87.54645747925322,-0.01,0.49,HBR,10.0,0.002,0.2935209095983766,0.8257249764487148,0.9090909090909091,0.9933052994306213
jittered_zero,24,87.54645747925322,-0.005,0.495,HBR,10.0,0.002,0.245317054462734,0.8270399380404176,0.9523809523809523,0.9933972964298206
jittered_zero,24,87.54645747925322,-0.002,0.498,HBR,10.0,0.002,0.21546744835709666,0.8277077931424126,0.9803921568627451,0.993451806128384
jittered_zero,24,87.54645747925322,0.0,0.5,HBR,10.0,0.002,0.19515141056795884,0.8281028015754052,1.0,0.9934878617203659
jittered_zero,24,87.54645747925322,0.002,0.502,HBR,10.0,0.002,0.21448933454293798,0.8284578351523616,0.9803921568627451,0.993523691429947
jittered_zero,24,87.54645747925322,0.005,0.505,HBR,10.0,0.002,0.2428703978013367,0.8289159362871946,0.9523809523809523,0.9935770152288214
jittered_zero,24,87.54645747925322,0.01,0.51,HBR,10.0,0.002,0.28861781597578556,0.8294833348706541,0.9090909090909091,0.9936647766376582
jittered_zero,24,87.54645747925322,0.02,0.52,HBR,10.0,0.002,0.37494900082599253,0.8299045622137015,0.8333333333333333,0.9938362006849207
jittered_zero,24,87.54645747925322,0.05,0.55,HBR,10.0,0.002,0.6021953639458624,0.8261052486173199,0.6666666666666665,0.9943190361546438
known_zero,25,88.80911120763446,-0.05,0.45,HBR,10.0,0.002,0.5254717160077808,0.8957411464850243,0.6666666666666666,0.9901460701369257
known_zero,25,88.80911120763446,-0.02,0.48,HBR,10.0,0.002,0.2351957570134011,0.9572080202309533,0.8333333333333333,0.9909019836173755
known_zero,25,88.80911120763446,-0.01,0.49,HBR,10.0,0.002,0.12602647748721296,0.9784202810712767,0.9090909090909091,0.9911391590293416
known_zero,25,88.80911120763446,-0.005,0.495,HBR,10.0,0.002,0.06846869065531674,0.9891639907930041,0.9523809523809523,0.9912550810554345
known_zero,25,88.80911120763446,-0.002,0.498,HBR,10.0,0.002,0.03287166654648262,0.9956544925470173,0.9803921568627451,0.9913237947594462
known_zero,25,88.80911120763446,0.0,0.5,HBR,10.0,0.002,0.008668203366007637,0.9999999999999853,1.0,0.9913692571891017
known_zero,25,88.80911120763446,0.002,0.502,HBR,10.0,0.002,0.032757269655155845,0.9956773515277504,0.9803921568627451,0.9914144439721398
known_zero,25,88.80911120763446,0.005,0.505,HBR,10.0,0.002,0.06809752220146335,0.9893050217894812,0.9523809523809523,0.9914817105127576
known_zero,25,88.80911120763446,0.01,0.51,HBR,10.0,0.002,0.12500500642140028,0.9789724794035835,0.9090909090909091,0.9915924638423622
known_zero,25,88.80911120763446,0.02,0.52,HBR,10.0,0.002,0.23207063985169935,0.9593260113025389,0.8333333333333333,0.9918089604713315
known_zero,25,88.80911120763446,0.05,0.55,HBR,10.0,0.002,0.5101616448638521,0.907476502750386,0.6666666666666665,0.9924199433413919
jittered_zero,25,88.83893309019668,-0.05,0.45,HBR,10.0,0.002,0.545071236247438,0.8786672480196723,0.6666666666666666,0.9897953070908061
jittered_zero,25,88.83893309019668,-0.02,0.48,HBR,10.0,0.002,0.27041077777650313,0.9244013604164991,0.8333333333333333,0.9905645042185329
jittered_zero,25,88.83893309019668,-0.01,0.49,HBR,10.0,0.002,0.17284687876447213,0.9339800431651314,0.9090909090909091,0.9908060344323383
jittered_zero,25,88.83893309019668,-0.005,0.495,HBR,10.0,0.002,0.1232306930614712,0.9367646398938583,0.9523809523809523,0.9909241208438865
jittered_zero,25,88.83893309019668,-0.002,0.498,HBR,10.0,0.002,0.09319324324262152,0.9376824309434559,0.9803921568627451,0.9909941291001022
jittered_zero,25,88.83893309019668,0.0,0.5,HBR,10.0,0.002,0.07303956573007502,0.93796781726655,1.0,0.9910404528846055
jittered_zero,25,88.83893309019668,0.002,0.502,HBR,10.0,0.002,0.09277070501286988,0.9379912911425132,0.9803921568627451,0.9910864996894575
jittered_zero,25,88.83893309019668,0.005,0.505,HBR,10.0,0.002,0.12216531367687877,0.937544688480857,0.9523809523809523,0.9911550537837254
jittered_zero,25,88.83893309019668,0.01,0.51,HBR,10.0,0.002,0.17065342688426968,0.9355947592191707,0.9090909090909091,0.9912679465022273
jittered_zero,25,88.83893309019668,0.02,0.52,HBR,10.0,0.002,0.26556970280369996,0.9280214651123917,0.8333333333333333,0.9914886979198804
jittered_zero,25,88.83893309019668,0.05,0.55,HBR,10.0,0.002,0.5275672858131116,0.8920945376615025,0.6666666666666665,0.9921122631364595
known_zero,26,92.49189927055849,-0.05,0.45,HBR,10.0,0.002,0.5682448190073712,0.8614630205534229,0.6666666666666666,0.9864362653201073
known_zero,26,92.49189927055849,-0.02,0.48,HBR,10.0,0.002,0.2548418583376224,0.941844137063424,0.8333333333333333,0.9874742842040936
known_zero,26,92.49189927055849,-0.01,0.49,HBR,10.0,0.002,0.13758643089045658,0.970441811315432,0.9090909090909091,0.9878025834813174
known_zero,26,92.49189927055849,-0.005,0.495,HBR,10.0,0.002,0.07591326541975922,0.9850985320480001,0.9523809523809523,0.9879635338476815
known_zero,26,92.49189927055849,-0.002,0.498,HBR,10.0,0.002,0.03782366941932824,0.9940097413857144,0.9803921568627451,0.9880590953265602
known_zero,26,92.49189927055849,0.0,0.5,HBR,10.0,0.002,0.011948716324342279,0.9999999999999791,1.0,0.9881223861075679
known_zero,26,92.49189927055849,0.002,0.502,HBR,10.0,0.002,0.03766376934434426,0.9940416819207608,0.9803921568627451,0.9881853453024195
known_zero,26,92.49189927055849,0.005,0.505,HBR,10.0,0.002,0.07539479219165057,0.9852946322600636,0.9523809523809523,0.9882791659327119
known_zero,26,92.49189927055849,0.01,0.51,HBR,10.0,0.002,0.1361629193085468,0.9712035236118106,0.9090909090909091,0.988433898691036
known_zero,26,92.49189927055849,0.02,0.52,HBR,10.0,0.002,0.25051369771338716,0.9447210694324494,0.8333333333333333,0.9887373229787358
known_zero,26,92.49189927055849,0.05,0.55,HBR,10.0,0.002,0.5474581292968699,0.8767445670683346,0.6666666666666665,0.9896010127215021
jittered_zero,26,92.46234974832157,-0.05,0.45,HBR,10.0,0.002,0.5922833940555888,0.8412292801172248,0.6666666666666666,0.9861692778268429
jittered_zero,26,92.46234974832157,-0.02,0.48,HBR,10.0,0.002,0.3007207262384062,0.8998438049919695,0.8333333333333333,0.9872173127883127
jittered_zero,26,92.46234974832157,-0.01,0.49,HBR,10.0,0.002,0.1995098678376214,0.9124058602305746,0.9090909090909091,0.9875488428477809
jittered_zero,26,92.46234974832157,-0.005,0.495,HBR,10.0,0.002,0.14880869106853456,0.9160779804393906,0.9523809523809523,0.9877113888523513
jittered_zero,26,92.46234974832157,-0.002,0.498,HBR,10.0,0.002,0.11840137225916263,0.9172899036691736,0.9803921568627451,0.987807901454814
jittered_zero,26,92.46234974832157,0.0,0.5,HBR,10.0,0.002,0.09812346656310383,0.9176665920275308,1.0,0.9878718237244204
jittered_zero,26,92.46234974832157,0.002,0.502,HBR,10.0,0.002,0.11782858976513279,0.9176970011272926,0.9803921568627451,0.9879354123408314
jittered_zero,26,92.46234974832157,0.005,0.505,HBR,10.0,0.002,0.1473646171532266,0.9171058239808796,0.9523809523809523,0.9880301732427552
jittered_zero,26,92.46234974832157,0.01,0.51,HBR,10.0,0.002,0.19653776100736792,0.9145311862367248,0.9090909090909091,0.9881864628823744
jittered_zero,26,92.46234974832157,0.02,0.52,HBR,10.0,0.002,0.29417162577988065,0.9045874336447273,0.8333333333333333,0.9884929629256609
jittered_zero,26,92.46234974832157,0.05,0.55,HBR,10.0,0.002,0.5688719979338513,0.8583738739186443,0.6666666666666665,0.9893655836043498
known_zero,27,94.65134404051989,-0.05,0.45,HBR,10.0,0.002,0.48851884225302766,0.9265515094822829,0.6666666666666666,0.9932547568540984
known_zero,27,94.65134404051989,-0.02,0.48,HBR,10.0,0.002,0.21850694760519546,0.9704890141911483,0.8333333333333333,0.993789172784676
known_zero,27,94.65134404051989,-0.01,0.49,HBR,10.0,0.002,0.11625815052295314,0.9852247230139031,0.9090909090909091,0.9939558875006376
known_zero,27,94.65134404051989,-0.005,0.495,HBR,10.0,0.002,0.06219066273204226,0.992607611030714,0.9523809523809523,0.9940371980107844
known_zero,27,94.65134404051989,-0.002,0.498,HBR,10.0,0.002,0.02869730177060797,0.997041929011848,0.9803921568627451,0.994085341123192
known_zero,27,94.65134404051989,0.0,0.5,HBR,10.0,0.002,0.0059002007693268995,0.9999999999999987,1.0,0.9941171712293537
known_zero,27,94.65134404051989,0.002,0.502,HBR,10.0,0.002,0.028617473680458378,0.9970578849451215,0.9803921568627451,0.9941487905913281
known_zero,27,94.65134404051989,0.005,0.505,HBR,10.0,0.002,0.06193151385715586,0.9927064606025869,0.9523809523809523,0.9941958272783956
known_zero,27,94.65134404051989,0.01,0.51,HBR,10.0,0.002,0.11554352880697598,0.9856144019437518,0.9090909090909091,0.9942731860177322
known_zero,27,94.65134404051989,0.02,0.52,HBR,10.0,0.002,0.21630883352840133,0.9720036075694453,0.8333333333333333,0.9944240897166501
known_zero,27,94.65134404051989,0.05,0.55,HBR,10.0,0.002,0.47755787015644335,0.9352633841095787,0.6666666666666665,0.9948476521886107
jittered_zero,27,94.76011070554453,-0.05,0.45,HBR,10.0,0.002,0.5764823139735271,0.8479748598184155,0.6666666666666666,0.9939057300581157
jittered_zero,27,94.76011070554453,-0.02,0.48,HBR,10.0,0.002,0.3353122648736462,0.8629535165166381,0.8333333333333333,0.9944193738064412
jittered_zero,27,94.76011070554453,-0.01,0.49,HBR,10.0,0.002,0.2445939036226849,0.8660193583260434,0.9090909090909091,0.9945790398456072
jittered_zero,27,94.76011070554453,-0.005,0.495,HBR,10.0,0.002,0.19666388426656034,0.8671735092757529,0.9523809523809523,0.9946568020208565
jittered_zero,27,94.76011070554453,-0.002,0.498,HBR,10.0,0.002,0.16697140584130246,0.8677448951906878,0.9803921568627451,0.9947028083843317
jittered_zero,27,94.76011070554453,0.0,0.5,HBR,10.0,0.002,0.14675713849436764,0.8680756351752463,1.0,0.994733210748125
jittered_zero,27,94.76011070554453,0.002,0.502,HBR,10.0,0.002,0.16619444169956396,0.8683664681210845,0.9803921568627451,0.9947633997654447
jittered_zero,27,94.76011070554453,0.005,0.505,HBR,10.0,0.002,0.19472006260788316,0.8687284738528419,0.9523809523809523,0.9948082860422827
jittered_zero,27,94.76011070554453,0.01,0.51,HBR,10.0,0.002,0.2406962041526149,0.8691366377670314,0.9090909090909091,0.9948820476660386
jittered_zero,27,94.76011070554453,0.02,0.52,HBR,10.0,0.002,0.32743717226946745,0.8692461734583499,0.8333333333333333,0.9950257077164596
jittered_zero,27,94.76011070554453,0.05,0.55,HBR,10.0,0.002,0.555476545554281,0.8646520650417607,0.6666666666666665,0.9954271399739631
known_zero,28,95.87063422824531,-0.05,0.45,HBR,10.0,0.002,0.5000957807527577,0.9167857858161444,0.6666666666666666,0.9922807125376347
known_zero,28,95.87063422824531,-0.02,0.48,HBR,10.0,0.002,0.2236742374242332,0.9663570056972962,0.8333333333333333,0.9928946246903175
known_zero,28,95.87063422824531,-0.01,0.49,HBR,10.0,0.002,0.11927120794388546,0.9831209551414746,0.9090909090909091,0.9930861030484254
known_zero,28,95.87063422824531,-0.005,0.495,HBR,10.0,0.002,0.06412370893899474,0.9915462774034732,0.9523809523809523,0.9931794792632103
known_zero,28,95.87063422824531,-0.002,0.498,HBR,10.0,0.002,0.02998146833784944,0.9966151267470436,0.9803921568627451,0.9932347618137576
known_zero,28,95.87063422824531,0.0,0.5,HBR,10.0,0.002,0.006751429537527714,0.9999999999999969,1.0,0.9932713101559568
known_zero,28,95.87063422824531,0.002,0.502,HBR,10.0,0.002,0.029889723477317477,0.9966334629850463,0.9803921568627451,0.9933076147939758
known_zero,28,95.87063422824531,0.005,0.505,HBR,10.0,0.002,0.06382592401061901,0.9916597289985217,0.9523809523809523,0.9933616178789657
known_zero,28,95.87063422824531,0.01,0.51,HBR,10.0,0.002,0.11845055151140746,0.9835672616123718,0.9090909090909091,0.9934504243186622
known_zero,28,95.87063422824531,0.02,0.52,HBR,10.0,0.002,0.22115415101908284,0.9680846009297221,0.8333333333333333,0.9936236195878868
known_zero,28,95.87063422824531,0.05,0.55,HBR,10.0,0.002,0.4875981278687455,0.9266077214839287,0.6666666666666665,0.9941093713235338
jittered_zero,28,95.70730159461198,-0.05,0.45,HBR,10.0,0.002,0.6527465397905635,0.7857447192552637,0.6666666666666666,0.9938608145668093
jittered_zero,28,95.70730159461198,-0.02,0.48,HBR,10.0,0.002,0.41252187364376863,0.798830080476694,0.8333333333333333,0.9944223175699953
jittered_zero,28,95.70730159461198,-0.01,0.49,HBR,10.0,0.002,0.3214671054718041,0.8019262134641945,0.9090909090909091,0.9945964050652698
jittered_zero,28,95.70730159461198,-0.005,0.495,HBR,10.0,0.002,0.2732315233192655,0.8032347572383582,0.9523809523809523,0.9946810941131694
jittered_zero,28,95.70730159461198,-0.002,0.498,HBR,10.0,0.002,0.24331139734188464,0.8039437242415199,0.9803921568627451,0.9947311661821446
jittered_zero,28,95.70730159461198,0.0,0.5,HBR,10.0,0.002,0.2229269993289382,0.8043848250801848,1.0,0.9947642414376874
jittered_zero,28,95.70730159461198,0.002,0.502,HBR,10.0,0.002,0.24217959439866363,0.8048008221430758,0.9803921568627451,0.9947970733372967
jittered_zero,28,95.70730159461198,0.005,0.505,HBR,10.0,0.002,0.27040112992250764,0.8053780333329011,0.9523809523809523,0.994845867769818
jittered_zero,28,95.70730159461198,0.01,0.51,HBR,10.0,0.002,0.3157999971173485,0.8062165545822194,0.9090909090909091,0.9949259935862106
jittered_zero,28,95.70730159461198,0.02,0.52,HBR,10.0,0.002,0.4011373104070145,0.807440876978591,0.8333333333333333,0.9950818243404274
jittered_zero,28,95.70730159461198,0.05,0.55,HBR,10.0,0.002,0.6234282133618259,0.8077777029891835,0.6666666666666665,0.995515359286683
known_zero,29,98.83119421819369,-0.05,0.45,HBR,10.0,0.002,0.5941210874608823,0.841432006372133,0.6666666666666666,0.984121503651545
known_zero,29,98.83119421819369,-0.02,0.48,HBR,10.0,0.002,0.26686552387595786,0.9325856832907332,0.8333333333333333,0.9853585233234008
known_zero,29,98.83119421819369,-0.01,0.49,HBR,10.0,0.002,0.1446882479833975,0.9655805665385802,0.9090909090909091,0.9857501707635232
known_zero,29,98.83119421819369,-0.005,0.495,HBR,10.0,0.002,0.08049329291244371,0.9826073886928419,0.9523809523809523,0.9859422569721518
known_zero,29,98.83119421819369,-0.002,0.498,HBR,10.0,0.002,0.04087062538365038,0.9929984237406883,0.9803921568627451,0.9860563304067719
known_zero,29,98.83119421819369,0.0,0.5,HBR,10.0,0.002,0.013965168148474271,0.999999999999982,1.0,0.9861318924613611
known_zero,29,98.83119421819369,0.002,0.502,HBR,10.0,0.002,0.04067928793494548,0.9930366357943505,0.9803921568627451,0.9862070672480521
known_zero,29,98.83119421819369,0.005,0.505,HBR,10.0,0.002,0.07987312761613741,0.982841291425363,0.9523809523809523,0.9863191075015406
known_zero,29,98.83119421819369,0.01,0.51,HBR,10.0,0.002,0.14298795442797435,0.9664847037267256,0.9090909090909091,0.9865039320107171
known_zero,29,98.83119421819369,0.02,0.52,HBR,10.0,0.002,0.26171500701270534,0.9359689548984548,0.8333333333333333,0.9868665273674504
known_zero,29,98.83119421819369,0.05,0.55,HBR,10.0,0.002,0.5696691363518099,0.8589623635056177,0.6666666666666665,0.9878999456206307
jittered_zero,29,98.93802221250124,-0.05,0.45,HBR,10.0,0.002,0.7877451430285864,0.6932919346940567,0.6666666666666666,0.9841510096520203
jittered_zero,29,98.93802221250124,-0.02,0.48,HBR,10.0,0.002,0.5269987220423198,0.718955260642144,0.8333333333333333,0.9853868068014978
jittered_zero,29,98.93802221250124,-0.01,0.49,HBR,10.0,0.002,0.4321509496015422,0.7243238448328613,0.9090909090909091,0.9857780188986144
jittered_zero,29,98.93802221250124,-0.005,0.495,HBR,10.0,0.002,0.3826403319219013,0.7263518803193156,0.9523809523809523,0.9859698826627271
jittered_zero,29,98.93802221250124,-0.002,0.498,HBR,10.0,0.002,0.35215527062690005,0.7273563716901075,0.9803921568627451,0.9860838211581016
jittered_zero,29,98.93802221250124,0.0,0.5,HBR,10.0,0.002,0.33147732347372594,0.7279376060286579,1.0,0.9861592926521136
jittered_zero,29,98.93802221250124,0.002,0.502,HBR,10.0,0.002,0.3505024681049397,0.7284483226967637,0.9803921568627451,0.9862343764042781
jittered_zero,29,98.93802221250124,0.005,0.505,HBR,10.0,0.002,0.3785057839446004,0.7290829045929655,0.9523809523809523,0.9863462792301778
jittered_zero,29,98.93802221250124,0.01,0.51,HBR,10.0,0.002,0.42386375663174425,0.7297940428644519,0.9090909090909091,0.986530872406374
jittered_zero,29,98.93802221250124,0.02,0.52,HBR,10.0,0.002,0.5102813324166755,0.729959578945526,0.8333333333333333,0.9868929968424244
jittered_zero,29,98.93802221250124,0.05,0.55,HBR,10.0,0.002,0.743627077423174,0.721795503735917,0.6666666666666665,0.9879249424621616
known_zero,30,101.31785100573138,-0.05,0.45,HBR,10.0,0.002,0.5761878985312355,0.8552777930185946,0.6666666666666666,0.9857092642277474
known_zero,30,101.31785100573138,-0.02,0.48,HBR,10.0,0.002,0.2584347477756449,0.9390734552669951,0.8333333333333333,0.9868358008199153
known_zero,30,101.31785100573138,-0.01,0.49,HBR,10.0,0.002,0.13968909507805768,0.9690025452923912,0.9090909090909091,0.9871918565499295
known_zero,30,101.31785100573138,-0.005,0.495,HBR,10.0,0.002,0.07726282558344717,0.9843649627958079,0.9523809523809523,0.9873663749472528
known_zero,30,101.31785100573138,-0.002,0.498,HBR,10.0,0.002,0.038718747865320785,0.993712908895646,0.9803921568627451,0.9874699801863127
known_zero,30,101.31785100573138,0.0,0.5,HBR,10.0,0.002,0.012539700905762239,0.9999999999999782,1.0,0.9875385935360184
known_zero,30,101.31785100573138,0.002,0.502,HBR,10.0,0.002,0.03854529275922963,0.993747554908815,0.9803921568627451,0.9876068436282934
known_zero,30,101.31785100573138,0.005,0.505,HBR,10.0,0.002,0.07670046442487133,0.9845774867801259,0.9523809523809523,0.9877085417408065
known_zero,30,101.31785100573138,0.01,0.51,HBR,10.0,0.002,0.1381457258004026,0.9698268752910546,0.9090909090909091,0.9878762486285159
known_zero,30,101.31785100573138,0.02,0.52,HBR,10.0,0.002,0.2537472456488034,0.9421784079914713,0.8333333333333333,0.988205052954657
known_zero,30,101.31785100573138,0.05,0.55,HBR,10.0,0.002,0.5537509361179227,0.87165025126643,0.6666666666666665,0.9891405892937204
jittered_zero,30,101.45418708406415,-0.05,0.45,HBR,10.0,0.002,0.8134701037569193,0.674411650450716,0.6666666666666666,0.9860084065610729
jittered_zero,30,101.45418708406415,-0.02,0.48,HBR,10.0,0.002,0.5593060689563959,0.6948746896655251,0.8333333333333333,0.9871228691070633
jittered_zero,30,101.45418708406415,-0.01,0.49,HBR,10.0,0.002,0.46528804357959236,0.6995109483740367,0.9090909090909091,0.9874750676313431
jittered_zero,30,101.45418708406415,-0.005,0.495,HBR,10.0,0.002,0.41590109131324743,0.7013966683815798,0.9523809523809523,0.9876476880159227
jittered_zero,30,101.45418708406415,-0.002,0.498,HBR,10.0,0.002,0.38539578836023985,0.7023891544061506,0.9803921568627451,0.9877501641337316
jittered_zero,30,101.45418708406415,0.0,0.5,HBR,10.0,0.002,0.36466508377509854,0.7029930283972571,1.0,0.9878180287483642
jittered_zero,30,101.45418708406415,0.002,0.502,HBR,10.0,0.002,0.38360623863107934,0.7035508198734268,0.9803921568627451,0.987885533302358
jittered_zero,30,101.45418708406415,0.005,0.505,HBR,10.0,0.002,0.4114255427808841,0.7043014997846124,0.9523809523809523,0.9879861190768526
jittered_zero,30,101.45418708406415,0.01,0.51,HBR,10.0,0.002,0.45632501185620306,0.7053253643688379,0.9090909090909091,0.9881519878929879
jittered_zero,30,101.45418708406415,0.02,0.52,HBR,10.0,0.002,0.5412852689378909,0.7065410432587677,0.8333333333333333,0.9884771747945198
jittered_zero,30,101.45418708406415,0.05,0.55,HBR,10.0,0.002,0.7668375742514529,0.7041821453752892,0.6666666666666665,0.9894023162907868
known_zero,31,103.72553804047834,-0.05,0.45,HBR,10.0,0.002,0.5254639080957993,0.8957730567487973,0.6666666666666666,0.9901185287366723
known_zero,31,103.72553804047834,-0.02,0.48,HBR,10.0,0.002,0.2350728835530082,0.9573152819150393,0.8333333333333333,0.9909127081294479
known_zero,31,103.72553804047834,-0.01,0.49,HBR,10.0,0.002,0.125930014969057,0.9784917644023384,0.9090909090909091,0.9911623571534681
known_zero,31,103.72553804047834,-0.005,0.495,HBR,10.0,0.002,0.06839818474498373,0.9892044053147515,0.9523809523809523,0.9912844717023915
known_zero,31,103.72553804047834,-0.002,0.498,HBR,10.0,0.002,0.0328208942565084,0.9956718073494766,0.9803921568627451,0.9913568877508524
known_zero,31,103.72553804047834,0.0,0.5,HBR,10.0,0.002,0.00863233850614856,0.9999999999999967,1.0,0.9914048131461691
known_zero,31,103.72553804047834,0.002,0.502,HBR,10.0,0.002,0.03270029089209461,0.9956959066056886,0.9803921568627451,0.9914524588058349
known_zero,31,103.72553804047834,0.005,0.505,HBR,10.0,0.002,0.06800687609987108,0.9893530963078514,0.9523809523809523,0.9915234062190412
known_zero,31,103.72553804047834,0.01,0.51,HBR,10.0,0.002,0.12485308844037413,0.9790740063413346,0.9090909090909091,0.9916402753254377
known_zero,31,103.72553804047834,0.02,0.52,HBR,10.0,0.002,0.23177786837539371,0.9595488893998876,0.8333333333333333,0.9918689376318902
known_zero,31,103.72553804047834,0.05,0.55,HBR,10.0,0.002,0.5093177415604926,0.9081547585305373,0.6666666666666665,0.9925159882700646
jittered_zero,31,103.69770123250304,-0.05,0.45,HBR,10.0,0.002,0.5414726530826268,0.8816768786302855,0.6666666666666666,0.9899727077917599
jittered_zero,31,103.69770123250304,-0.02,0.48,HBR,10.0,0.002,0.2657794012564444,0.9284974549321845,0.8333333333333333,0.9907726306648719
jittered_zero,31,103.69770123250304,-0.01,0.49,HBR,10.0,0.002,0.16779037035846842,0.9385080814341581,0.9090909090909091,0.991024147075621
jittered_zero,31,103.69770123250304,-0.005,0.495,HBR,10.0,0.002,0.11803424374466644,0.9414332345202743,0.9523809523809523,0.9911471867362657
jittered_zero,31,103.69770123250304,-0.002,0.498,HBR,10.0,0.002,0.08795565924431073,0.9423915645494757,0.9803921568627451,0.9912201551375553
jittered_zero,31,103.69770123250304,0.0,0.5,HBR,10.0,0.002,0.0677951903790347,0.9426829240094475,1.0,0.9912684476445414
jittered_zero,31,103.69770123250304,0.002,0.502,HBR,10.0,0.002,0.08753633669088114,0.9426952236223458,0.9803921568627451,0.9913164595211558
jittered_zero,31,103.69770123250304,0.005,0.505,HBR,10.0,0.002,0.11697576125960155,0.9422013746629064,0.9523809523809523,0.9913879545898953
jittered_zero,31,103.69770123250304,0.01,0.51,HBR,10.0,0.002,0.16560305068150963,0.9401063037531183,0.9090909090909091,0.9915057320317959
jittered_zero,31,103.69770123250304,0.02,0.52,HBR,10.0,0.002,0.2609007585103976,0.9321317964346066,0.8333333333333333,0.9917361946175761
jittered_zero,31,103.69770123250304,0.05,0.55,HBR,10.0,0.002,0.5234378842980755,0.8955366066149023,0.6666666666666665,0.9923885188709561
known_zero,32,105.44662305232609,-0.05,0.45,HBR,10.0,0.002,0.5099621343880134,0.9085584225542968,0.6666666666666666,0.9914359425862344
known_zero,32,105.44662305232609,-0.02,0.48,HBR,10.0,0.002,0.22804938974126374,0.9628783640341164,0.8333333333333333,0.992131471847405
known_zero,32,105.44662305232609,-0.01,0.49,HBR,10.0,0.002,0.12181560014873323,0.9813505833228212,0.9090909090909091,0.9923495046567324
known_zero,32,105.44662305232609,-0.005,0.495,HBR,10.0,0.002,0.06575331334977093,0.9906533588414433,0.9523809523809523,0.992456045472746
known_zero,32,105.44662305232609,-0.002,0.498,HBR,10.0,0.002,0.031062475154588584,0.9962561077685976,0.9803921568627451,0.9925191918572392
known_zero,32,105.44662305232609,0.0,0.5,HBR,10.0,0.002,0.007466839135145714,0.9999999999999898,1.0,0.9925609684505725
known_zero,32,105.44662305232609,0.002,0.502,HBR,10.0,0.002,0.030957493914774162,0.9962770879005614,0.9803921568627451,0.9926024900315177
known_zero,32,105.44662305232609,0.005,0.505,HBR,10.0,0.002,0.06541261388421843,0.9907830303661604,0.9523809523809523,0.9926642975773435
known_zero,32,105.44662305232609,0.01,0.51,HBR,10.0,0.002,0.1208771643073098,0.9818598014833526,0.9090909090909091,0.9927660565026153
known_zero,32,105.44662305232609,0.02,0.52,HBR,10.0,0.002,0.2251716309722973,0.9648427268581665,0.8333333333333333,0.9929649566849822
known_zero,32,105.44662305232609,0.05,0.55,HBR,10.0,0.002,0.4957561699571043,0.9196185197556549,0.6666666666666665,0.9935263305909907
jittered_zero,32,105.5685419155486,-0.05,0.45,HBR,10.0,0.002,0.6501683096373151,0.7897953778758074,0.6666666666666666,0.9913161056121992
jittered_zero,32,105.5685419155486,-0.02,0.48,HBR,10.0,0.002,0.40460923973649016,0.8071265804803865,0.8333333333333333,0.9920191047430301
jittered_zero,32,105.5685419155486,-0.01,0.49,HBR,10.0,0.002,0.31275877763989746,0.8108616704676896,0.9090909090909091,0.9922394777597352
jittered_zero,32,105.5685419155486,-0.005,0.495,HBR,10.0,0.002,0.2643213698031382,0.8123297426501427,0.9523809523809523,0.9923471618342176
jittered_zero,32,105.5685419155486,-0.002,0.498,HBR,10.0,0.002,0.23434283830834154,0.8130828617488642,0.9803921568627451,0.992410985736949
jittered_zero,32,105.5685419155486,0.0,0.5,HBR,10.0,0.002,0.21394544957488987,0.813531982015195,1.0,0.9924532105289224
jittered_zero,32,105.5685419155486,0.002,0.502,HBR,10.0,0.002,0.23320565737264465,0.813938958988267,0.9803921568627451,0.9924951775439209
jittered_zero,32,105.5685419155486,0.005,0.505,HBR,10.0,0.002,0.26147686943307863,0.814470947351278,0.9523809523809523,0.9925576480936976
jittered_zero,32,105.5685419155486,0.01,0.51,HBR,10.0,0.002,0.30705874302976827,0.8151509281221045,0.9090909090909091,0.9926604984378795
jittered_zero,32,105.5685419155486,0.02,0.52,HBR,10.0,0.002,0.39312162364004316,0.8157592555576424,0.8333333333333333,0.9928615314253679
jittered_zero,32,105.5685419155486,0.05,0.55,HBR,10.0,0.002,0.6199919183803442,0.8122606058832318,0.6666666666666665,0.9934289214130111
known_zero,33,107.1686111842764,-0.05,0.45,HBR,10.0,0.002,0.5677373850731133,0.8619028257032723,0.6666666666666666,0.9864333369763568
known_zero,33,107.1686111842764,-0.02,0.48,HBR,10.0,0.002,0.25443473378970666,0.9421743064623047,0.8333333333333333,0.9875302061355012
known_zero,33,107.1686111842764,-0.01,0.49,HBR,10.0,0.002,0.137312441389344,0.9706362741118347,0.9090909090909091,0.9878753118760053
known_zero,33,107.1686111842764,-0.005,0.495,HBR,10.0,0.002,0.07572511967663417,0.9852034832501676,0.9523809523809523,0.9880441674418189
known_zero,33,107.1686111842764,-0.002,0.498,HBR,10.0,0.002,0.03769327585244043,0.9940536243707101,0.9803921568627451,0.9881443162348964
known_zero,33,107.1686111842764,0.0,0.5,HBR,10.0,0.002,0.011859444919072775,0.9999999999999796,1.0,0.988210601119034
known_zero,33,107.1686111842764,0.002,0.502,HBR,10.0,0.002,0.03752587235912404,0.9940870640203442,0.9803921568627451,0.9882765035828337
known_zero,33,107.1686111842764,0.005,0.505,HBR,10.0,0.002,0.07518230559351664,0.9854088150084964,0.9523809523809523,0.9883746446413999
known_zero,33,107.1686111842764,0.01,0.51,HBR,10.0,0.002,0.13582199048059812,0.9714340223688044,0.9090909090909091,0.9885363293464448
known_zero,33,107.1686111842764,0.02,0.52,HBR,10.0,0.002,0.2499021326486113,0.9451886655786216,0.8333333333333333,0.9888527457003562
known_zero,33,107.1686111842764,0.05,0.55,HBR,10.0,0.002,0.5459531654161865,0.8779341643234619,0.6666666666666665,0.9897485228278562
jittered_zero,33,107.16051235321373,-0.05,0.45,HBR,10.0,0.002,0.5688464853198376,0.8608568852716192,0.6666666666666666,0.986537077185679
jittered_zero,33,107.16051235321373,-0.02,0.48,HBR,10.0,0.002,0.2586249295753987,0.9381401001257096,0.8333333333333333,0.9876297562242481
jittered_zero,33,107.16051235321373,-0.01,0.49,HBR,10.0,0.002,0.14544318582575702,0.9626805824661329,0.9090909090909091,0.9879735095866987
jittered_zero,33,107.16051235321373,-0.005,0.495,HBR,10.0,0.002,0.08879149305568676,0.9723182062567479,0.9523809523809523,0.9881416970162334
jittered_zero,33,107.16051235321373,-0.002,0.498,HBR,10.0,0.002,0.05617390834629628,0.9757556817373967,0.9803921568627451,0.9882414474712351
jittered_zero,33,107.16051235321373,0.0,0.5,HBR,10.0,0.002,0.035530401276775266,0.9765112832854872,1.0,0.9883074678488408
jittered_zero,33,107.16051235321373,0.002,0.502,HBR,10.0,0.002,0.05590353602224066,0.9758895211583299,0.9803921568627451,0.9883731066435516
jittered_zero,33,107.16051235321373,0.005,0.505,HBR,10.0,0.002,0.08806854676184465,0.9726973821156821,0.9523809523809523,0.9884708537606167
jittered_zero,33,107.16051235321373,0.01,0.51,HBR,10.0,0.002,0.14373279802533026,0.963686356808997,0.9090909090909091,0.9886318860314166
jittered_zero,33,107.16051235321373,0.02,0.52,HBR,10.0,0.002,0.25387466548743404,0.9413515818798047,0.8333333333333333,0.9889470128151054
jittered_zero,33,107.16051235321373,0.05,0.55,HBR,10.0,0.002,0.5469355570945267,0.8769919080397018,0.6666666666666665,0.9898390394632699
known_zero,34,111.02953554316967,-0.05,0.45,HBR,10.0,0.002,0.4950046005676655,0.9211054396313956,0.6666666666666666,0.992668282100742
known_zero,34,111.02953554316967,-0.02,0.48,HBR,10.0,0.002,0.221275127270843,0.9682834002720753,0.8333333333333333,0.9932994447043254
known_zero,34,111.02953554316967,-0.01,0.49,HBR,10.0,0.002,0.1178502555104239,0.9841163903612618,0.9090909090909091,0.993492297740623
known_zero,34,111.02953554316967,-0.005,0.495,HBR,10.0,0.002,0.06320503710012988,0.9920519565029204,0.9523809523809523,0.9935855853839999
known_zero,34,111.02953554316967,-0.002,0.498,HBR,10.0,0.002,0.029368135858150467,0.9968192956787184,0.9803921568627451,0.9936405722498404
known_zero,34,111.02953554316967,0.0,0.5,HBR,10.0,0.002,0.006343252202669051,0.999999999999996,1.0,0.9936768237472274
known_zero,34,111.02953554316967,0.002,0.502,HBR,10.0,0.002,0.029277279040887047,0.9968374551285157,0.9803921568627451,0.9937127525144186
known_zero,34,111.02953554316967,0.005,0.505,HBR,10.0,0.002,0.06291010747385815,0.9921643836433235,0.9523809523809523,0.9937660450319691
known_zero,34,111.02953554316967,0.01,0.51,HBR,10.0,0.002,0.1170371964882484,0.9845591228052624,0.9090909090909091,0.9938532812289774
known_zero,34,111.02953554316967,0.02,0.52,HBR,10.0,0.002,0.21877605183991222,0.9700007055254583,0.8333333333333333,0.9940219253128224
known_zero,34,111.02953554316967,0.05,0.55,HBR,10.0,0.002,0.48256847574289485,0.9309296412108611,0.6666666666666665,0.9944834824478753
jittered_zero,34,111.01479129312351,-0.05,0.45,HBR,10.0,0.002,0.5000489891645679,0.916692159315271,0.6666666666666666,0.9924284955065767
jittered_zero,34,111.01479129312351,-0.02,0.48,HBR,10.0,0.002,0.22985889391676545,0.9602303771308254,0.8333333333333333,0.9930688420545025
jittered_zero,34,111.01479129312351,-0.01,0.49,HBR,10.0,0.002,0.13091292643650995,0.971567260539006,0.9090909090909091,0.9932648159378842
jittered_zero,34,111.01479129312351,-0.005,0.495,HBR,10.0,0.002,0.08052557403575095,0.9752387744042467,0.9523809523809523,0.9933596763096274
jittered_zero,34,111.01479129312351,-0.002,0.498,HBR,10.0,0.002,0.05028196117428534,0.9764095379381454,0.9803921568627451,0.9934156108718302
jittered_zero,34,111.01479129312351,0.0,0.5,HBR,10.0,0.002,0.03016096893641682,0.9766841782092185,1.0,0.9934524958837463
jittered_zero,34,111.01479129312351,0.002,0.502,HBR,10.0,0.002,0.05007291426704097,0.9765414735857886,0.9803921568627451,0.9934890595524188
jittered_zero,34,111.01479129312351,0.005,0.505,HBR,10.0,0.002,0.07998766665191999,0.9755831590564598,0.9523809523809523,0.9935433070463487
jittered_zero,34,111.01479129312351,0.01,0.51,HBR,10.0,0.002,0.12973794031208508,0.9723499181880008,0.9090909090909091,0.9936321419514175
jittered_zero,34,111.01479129312351,0.02,0.52,HBR,10.0,0.002,0.22689656527999805,0.9623666728105525,0.8333333333333333,0.9938040104831429
jittered_zero,34,111.01479129312351,0.05,0.55,HBR,10.0,0.002,0.4869841534492355,0.9270219270004159,0.6666666666666665,0.9942754625948576
known_zero,35,111.87465917699264,-0.05,0.45,HBR,10.0,0.002,0.48250567901843333,0.9317018123802554,0.6666666666666666,0.9937216799071119
known_zero,35,111.87465917699264,-0.02,0.48,HBR,10.0,0.002,0.21571991951247185,0.972735628062546,0.8333333333333333,0.9942611097548744
known_zero,35,111.87465917699264,-0.01,0.49,HBR,10.0,0.002,0.114615032092587,0.9863779619406764,0.9090909090909091,0.9944264074233675
known_zero,35,111.87465917699264,-0.005,0.495,HBR,10.0,0.002,0.06113053088751877,0.9931915918058454,0.9523809523809523,0.9945064693551776
known_zero,35,111.87465917699264,-0.002,0.498,HBR,10.0,0.002,0.027990258604670047,0.9972772717800574,0.9803921568627451,0.9945536954620966
known_zero,35,111.87465917699264,0.0,0.5,HBR,10.0,0.002,0.005429869658169495,0.9999999999999998,1.0,0.9945848454353613
known_zero,35,111.87465917699264,0.002,0.502,HBR,10.0,0.002,0.0279122507906078,0.9972928645740751,0.9803921568627451,0.9946157302681194
known_zero,35,111.87465917699264,0.005,0.505,HBR,10.0,0.002,0.060877264834226466,0.9932882603459012,0.9523809523809523,0.9946615643677322
known_zero,35,111.87465917699264,0.01,0.51,HBR,10.0,0.002,0.11391636707979538,0.9867594953273594,0.9090909090909091,0.9947366545753819
known_zero,35,111.87465917699264,0.02,0.52,HBR,10.0,0.002,0.21356861622815956,0.9742220936886699,0.8333333333333333,0.9948820611342407
known_zero,35,111.87465917699264,0.05,0.55,HBR,10.0,0.002,0.47173633289894285,0.9403133350692275,0.6666666666666665,0.9952820638778901
jittered_zero,35,112.11561304166068,-0.05,0.45,HBR,10.0,0.002,0.7645526785689206,0.7041936324774898,0.6666666666666666,0.9916494055846464
jittered_zero,35,112.11561304166068,-0.02,0.48,HBR,10.0,0.002,0.5227535736722023,0.7169945955673246,0.8333333333333333,0.9922848746392127
jittered_zero,35,112.11561304166068,-0.01,0.49,HBR,10.0,0.002,0.4307109997768477,0.7204673069526372,0.9090909090909091,0.9924828165161765
jittered_zero,35,112.11561304166068,-0.005,0.495,HBR,10.0,0.002,0.3818920756927007,0.7220552975817618,0.9523809523809523,0.9925793123231024
jittered_zero,35,112.11561304166068,-0.002,0.498,HBR,10.0,0.002,0.3515935279851826,0.7229609355283981,0.9803921568627451,0.9926364335558705
jittered_zero,35,112.11561304166068,0.0,0.5,HBR,10.0,0.002,0.3309451099090712,0.7235451434264856,1.0,0.9926741945440392
jittered_zero,35,112.11561304166068,0.002,0.502,HBR,10.0,0.002,0.3499243685370442,0.724113773296374,0.9803921568627451,0.9927117016668183
jittered_zero,35,112.11561304166068,0.005,0.505,HBR,10.0,0.002,0.37771859903145966,0.7249376386018148,0.9523809523809523,0.9927674900800486
jittered_zero,35,112.11561304166068,0.01,0.51,HBR,10.0,0.002,0.4223599199022846,0.7262337486041663,0.9090909090909091,0.992859225457285
jittered_zero,35,112.11561304166068,0.02,0.52,HBR,10.0,0.002,0.5060184734776276,0.7285414991799285,0.8333333333333333,0.9930381199913357
jittered_zero,35,112.11561304166068,0.05,0.55,HBR,10.0,0.002,0.7221463527515745,0.733300065824261,0.6666666666666665,0.9935400055343758
known_zero,36,114.32022091545271,-0.05,0.45,HBR,10.0,0.002,0.5455829490766446,0.879493050111908,0.6666666666666666,0.9883600504910698
known_zero,36,114.32022091545271,-0.02,0.48,HBR,10.0,0.002,0.24416173247179995,0.9501797479185933,0.8333333333333333,0.989321354193482
known_zero,36,114.32022091545271,-0.01,0.49,HBR,10.0,0.002,0.13124833650830675,0.9748148836934356,0.9090909090909091,0.9896237408736757
known_zero,36,114.32022091545271,-0.005,0.495,HBR,10.0,0.002,0.07181379369714339,0.9873381916412591,0.9523809523809523,0.989771691265875
known_zero,36,114.32022091545271,-0.002,0.498,HBR,10.0,0.002,0.0350893134854213,0.994918592546384,0.9803921568627451,0.9898594412336491
known_zero,36,114.32022091545271,0.0,0.5,HBR,10.0,0.002,0.010133652359849367,0.9999999999999885,1.0,0.9899175200917635
known_zero,36,114.32022091545271,0.002,0.502,HBR,10.0,0.002,0.03494291211105838,0.9949478422299205,0.9803921568627451,0.9899752642705262
known_zero,36,114.32022091545271,0.005,0.505,HBR,10.0,0.002,0.0713389199592273,0.9875182573442534,0.9523809523809523,0.9900612571437333
known_zero,36,114.32022091545271,0.01,0.51,HBR,10.0,0.002,0.1299428300209686,0.975517406906741,0.9090909090909091,0.9902029318145835
known_zero,36,114.32022091545271,0.02,0.52,HBR,10.0,0.002,0.240178673017404,0.9528557765952855,0.8333333333333333,0.9904802096151291
known_zero,36,114.32022091545271,0.05,0.55,HBR,10.0,0.002,0.5262421695996023,0.8940405252938682,0.6666666666666665,0.991265482521753
jittered_zero,36,114.26717901645753,-0.05,0.45,HBR,10.0,0.002,0.5993262869571281,0.833492434321327,0.6666666666666666,0.9883380093443319
jittered_zero,36,114.26717901645753,-0.02,0.48,HBR,10.0,0.002,0.33164603587600605,0.8706052055123907,0.8333333333333333,0.9892998498493917
jittered_zero,36,114.26717901645753,-0.01,0.49,HBR,10.0,0.002,0.2363213724219303,0.877604522077567,0.9090909090909091,0.989602456724493
jittered_zero,36,114.26717901645753,-0.005,0.495,HBR,10.0,0.002,0.1871868051348822,0.8797704323868429,0.9523809523809523,0.989750524427003
jittered_zero,36,114.26717901645753,-0.002,0.498,HBR,10.0,0.002,0.15714351765087384,0.8806216016671562,0.9803921568627451,0.9898383470243036
jittered_zero,36,114.26717901645753,0.0,0.5,HBR,10.0,0.002,0.13685159687462708,0.881000852784048,1.0,0.9898964752220443
jittered_zero,36,114.26717901645753,0.002,0.502,HBR,10.0,0.002,0.15633562636779832,0.8812301325816475,0.9803921568627451,0.9899542694681793
jittered_zero,36,114.26717901645753,0.005,0.505,HBR,10.0,0.002,0.1851613912779287,0.881296080157473,0.9523809523809523,0.9900403387916881
jittered_zero,36,114.26717901645753,0.01,0.51,HBR,10.0,0.002,0.23223034960396605,0.8806862892649987,0.9090909090909091,0.9901821444199728
jittered_zero,36,114.26717901645753,0.02,0.52,HBR,10.0,0.002,0.32315459351238024,0.877001186654316,0.8333333333333333,0.9904596970273377
jittered_zero,36,114.26717901645753,0.05,0.55,HBR,10.0,0.002,0.573652341096382,0.8526598494290735,0.6666666666666665,0.991245890069088
known_zero,37,116.22668032085755,-0.05,0.45,HBR,10.0,0.002,0.5750030408843462,0.8562395628709341,0.6666666666666666,0.9857693724178179
known_zero,37,116.22668032085755,-0.02,0.48,HBR,10.0,0.002,0.25771784494833117,0.9396412422850061,0.8333333333333333,0.9869467874304814
known_zero,37,116.22668032085755,-0.01,0.49,HBR,10.0,0.002,0.13923285158382415,0.9693214487033259,0.9090909090909091,0.9873174282464287
known_zero,37,116.22668032085755,-0.005,0.495,HBR,10.0,0.002,0.07695736200098716,0.9845336306135061,0.9523809523809523,0.9874988206923067
known_zero,37,116.22668032085755,-0.002,0.498,HBR,10.0,0.002,0.03851040713918043,0.9937826495678509,0.9803921568627451,0.9876064197243886
known_zero,37,116.22668032085755,0.0,0.5,HBR,10.0,0.002,0.012398907832294193,0.9999999999999984,1.0,0.9876776419180456
known_zero,37,116.22668032085755,0.002,0.502,HBR,10.0,0.002,0.03833042116250947,0.9938186005677986,0.9803921568627451,0.9877484583205622
known_zero,37,116.22668032085755,0.005,0.505,HBR,10.0,0.002,0.07637380946338841,0.9847542061207271,0.9523809523809523,0.9878539269175516
known_zero,37,116.22668032085755,0.01,0.51,HBR,10.0,0.002,0.1376311503464677,0.9701773048217243,0.9090909090909091,0.9880277102332325
known_zero,37,116.22668032085755,0.02,0.52,HBR,10.0,0.002,0.2528517630122552,0.9428671070991043,0.8333333333333333,0.9883679077556445
known_zero,37,116.22668032085755,0.05,0.55,HBR,10.0,0.002,0.5516884399769694,0.8732809652784623,0.6666666666666665,0.9893319162183324
jittered_zero,37,116.2855229268188,-0.05,0.45,HBR,10.0,0.002,0.6535140871055443,0.7918967212034173,0.6666666666666666,0.9853831971644563
jittered_zero,37,116.2855229268188,-0.02,0.48,HBR,10.0,0.002,0.3800754936680776,0.8317362860966547,0.8333333333333333,0.9865768206337923
jittered_zero,37,116.2855229268188,-0.01,0.49,HBR,10.0,0.002,0.2836183922622049,0.839310100947132,0.9090909090909091,0.9869526844400747
jittered_zero,37,116.2855229268188,-0.005,0.495,HBR,10.0,0.002,0.2340476428373059,0.8417176235151748,0.9523809523809523,0.9871366555239404
jittered_zero,37,116.2855229268188,-0.002,0.498,HBR,10.0,0.002,0.20378121550759445,0.8427016094182043,0.9803921568627451,0.9872457913336901
jittered_zero,37,116.2855229268188,0.0,0.5,HBR,10.0,0.002,0.18335617768417878,0.8431645798759425,1.0,0.9873180337354965
jittered_zero,37,116.2855229268188,0.002,0.502,HBR,10.0,0.002,0.20271949747495374,0.8434737021198185,0.9803921568627451,0.9873898669119883
jittered_zero,37,116.2855229268188,0.005,0.505,HBR,10.0,0.002,0.23138747841517285,0.8436518694149643,0.9523809523809523,0.9874968542571786
jittered_zero,37,116.2855229268188,0.01,0.51,HBR,10.0,0.002,0.2782565116842629,0.8432069338941706,0.9090909090909091,0.9876731518191638
jittered_zero,37,116.2855229268188,0.02,0.52,HBR,10.0,0.002,0.3690303070892143,0.8397469302129605,0.8333333333333333,0.9880183147537883
jittered_zero,37,116.2855229268188,0.05,0.55,HBR,10.0,0.002,0.6211941146061561,0.8149204720060155,0.6666666666666665,0.9889967281174415
known_zero,38,118.79078286597621,-0.05,0.45,HBR,10.0,0.002,0.6133986066221281,0.8268852118962561,0.6666666666666666,0.9823141589593968
known_zero,38,118.79078286597621,-0.02,0.48,HBR,10.0,0.002,0.2757142317659778,0.9258562860221626,0.8333333333333333,0.9837766199818431
known_zero,38,118.79078286597621,-0.01,0.49,HBR,10.0,0.002,0.1498919918683156,0.9620445216030472,0.9090909090909091,0.9842382739376189
known_zero,38,118.79078286597621,-0.005,0.495,HBR,10.0,0.002,0.08384000896397532,0.9807944744523794,0.9523809523809523,0.9844644440820512
known_zero,38,118.79078286597621,-0.002,0.498,HBR,10.0,0.002,0.04309166412432116,0.9922622083178766,0.9803921568627451,0.9845986792093877
known_zero,38,118.79078286597621,0.0,0.5,HBR,10.0,0.002,0.015430882669468179,0.9999999999999782,1.0,0.9846875633726001
known_zero,38,118.79078286597621,0.002,0.502,HBR,10.0,0.002,0.042866262835138905,0.9923072161685051,0.9803921568627451,0.9847759657510798
known_zero,38,118.79078286597621,0.005,0.505,HBR,10.0,0.002,0.08310964172980988,0.9810693773997914,0.9523809523809523,0.9849076714747815
known_zero,38,118.79078286597621,0.01,0.51,HBR,10.0,0.002,0.1478916049356099,0.9631034121955909,0.9090909090909091,0.9851248075713982
known_zero,38,118.79078286597621,0.02,0.52,HBR,10.0,0.002,0.2696706909935809,0.9297923113046027,0.8333333333333333,0.9855503180950376
known_zero,38,118.79078286597621,0.05,0.55,HBR,10.0,0.002,0.5849370717226722,0.8469251349788742,0.6666666666666665,0.9867594506554648
jittered_zero,38,118.67966323637259,-0.05,0.45,HBR,10.0,0.002,0.8359252227904038,0.6620319381176558,0.6666666666666666,0.9821427295964587
jittered_zero,38,118.67966323637259,-0.02,0.48,HBR,10.0,0.002,0.5720270223238273,0.6885414221682671,0.8333333333333333,0.9836101338989016
jittered_zero,38,118.67966323637259,-0.01,0.49,HBR,10.0,0.002,0.4763083904963618,0.6942359521900137,0.9090909090909091,0.9840733685414412
jittered_zero,38,118.67966323637259,-0.005,0.495,HBR,10.0,0.002,0.4263922458711696,0.6964370619990928,0.9523809523809523,0.9843003166819518
jittered_zero,38,118.67966323637259,-0.002,0.498,HBR,10.0,0.002,0.39567302437845264,0.6975486591079066,0.9803921568627451,0.9844350146847923
jittered_zero,38,118.67966323637259,0.0,0.5,HBR,10.0,0.002,0.3748427071840686,0.6982026332158568,1.0,0.9845242058041256
jittered_zero,38,118.67966323637259,0.002,0.502,HBR,10.0,0.002,0.3937184339794779,0.6987871351792635,0.9803921568627451,0.9846129138404157
jittered_zero,38,118.67966323637259,0.005,0.505,HBR,10.0,0.002,0.4215030993029445,0.6995342955905633,0.9523809523809523,0.9847450756234699
jittered_zero,38,118.67966323637259,0.01,0.51,HBR,10.0,0.002,0.46651108009073533,0.7004378334107283,0.9090909090909091,0.9849629653725045
jittered_zero,38,118.67966323637259,0.02,0.52,HBR,10.0,0.002,0.552282051582906,0.7010033056732639,0.8333333333333333,0.9853899592041593
jittered_zero,38,118.67966323637259,0.05,0.55,HBR,10.0,0.002,0.7841123357053463,0.6940855631966845,0.6666666666666665,0.9866033532099865
known_zero,39,121.37012500242065,-0.05,0.45,HBR,10.0,0.002,0.5326883914994226,0.8899174040659926,0.6666666666666666,0.9894592883819024
known_zero,39,121.37012500242065,-0.02,0.48,HBR,10.0,0.002,0.23821810168563742,0.9548485432257233,0.8333333333333333,0.9903528350230728
known_zero,39,121.37012500242065,-0.01,0.49,HBR,10.0,0.002,0.12774733334322155,0.9772374873675108,0.9090909090909091,0.9906325750284833
known_zero,39,121.37012500242065,-0.005,0.495,HBR,10.0,0.002,0.06955760998441601,0.9885720274304709,0.9523809523809523,0.9907691957068245
known_zero,39,121.37012500242065,-0.002,0.498,HBR,10.0,0.002,0.03358753199613828,0.9954175972954702,0.9803921568627451,0.9908501464107436
known_zero,39,121.37012500242065,0.0,0.5,HBR,10.0,0.002,0.009137932051524852,0.9999999999999902,1.0,0.9909036919642857
known_zero,39,121.37012500242065,0.002,0.502,HBR,10.0,0.002,0.03345273900315517,0.9954445305150058,0.9803921568627451,0.9909569025438373
known_zero,39,121.37012500242065,0.005,0.505,HBR,10.0,0.002,0.06912030373896674,0.9887380789475166,0.9523809523809523,0.991036094604374
known_zero,39,121.37012500242065,0.01,0.51,HBR,10.0,0.002,0.12654424127806538,0.9778869113144736,0.9090909090909091,0.9911664340030046
known_zero,39,121.37012500242065,0.02,0.52,HBR,10.0,0.002,0.23454048785775938,0.9573339795580451,0.8333333333333333,0.9914210424753103
known_zero,39,121.37012500242065,0.05,0.55,HBR,10.0,0.002,0.5147199865525056,0.9036056931295621,0.6666666666666665,0.9921383809135988
jittered_zero,39,121.5525877800734,-0.05,0.45,HBR,10.0,0.002,0.7671140660394437,0.702807178819034,0.6666666666666666,0.9910639164484784
jittered_zero,39,121.5525877800734,-0.02,0.48,HBR,10.0,0.002,0.5212248488455729,0.7183740920765612,0.8333333333333333,0.9918945616129248
jittered_zero,39,121.5525877800734,-0.01,0.49,HBR,10.0,0.002,0.42851716715150595,0.722288909646883,0.9090909090909091,0.9921540225448324
jittered_zero,39,121.5525877800734,-0.005,0.495,HBR,10.0,0.002,0.3794975813267963,0.7240041923336518,0.9523809523809523,0.992280627514449
jittered_zero,39,121.5525877800734,-0.002,0.498,HBR,10.0,0.002,0.3491204306994907,0.7249561976205221,0.9803921568627451,0.9923556077509035
jittered_zero,39,121.5525877800734,0.0,0.5,HBR,10.0,0.002,0.32843687735969596,0.7255588605074841,1.0,0.992405189070468
jittered_zero,39,121.5525877800734,0.002,0.502,HBR,10.0,0.002,0.347394714138392,0.7261360221722277,0.9803921568627451,0.9924544481914228
jittered_zero,39,121.5525877800734,0.005,0.505,HBR,10.0,0.002,0.3751823105614285,0.7269541825676101,0.9523809523809523,0.9925277368550933
jittered_zero,39,121.5525877800734,0.01,0.51,HBR,10.0,0.002,0.4198796374806434,0.7281919479057783,0.9090909090909091,0.992648300080778
jittered_zero,39,121.5525877800734,0.02,0.52,HBR,10.0,0.002,0.5038941112726931,0.7302044616295047,0.8333333333333333,0.9928835875903075
jittered_zero,39,121.5525877800734,0.05,0.55,HBR,10.0,0.002,0.7228372902926353,0.7327900918117275,0.6666666666666665,0.9935447298818795
known_zero,40,122.94682929355258,-0.05,0.45,HBR,10.0,0.002,0.49344547262906924,0.9224183969071301,0.6666666666666666,0.9928020314542005
known_zero,40,122.94682929355258,-0.02,0.48,HBR,10.0,0.002,0.22054747199729124,0.968868042949399,0.8333333333333333,0.993422665726236
known_zero,40,122.94682929355258,-0.01,0.49,HBR,10.0,0.002,0.11741710883735369,0.984420537802784,0.9090909090909091,0.993615635591321
known_zero,40,122.94682929355258,-0.005,0.495,HBR,10.0,0.002,0.06292373569323206,0.9922071782359841,0.9523809523809523,0.9937096406190316
known_zero,40,122.94682929355258,-0.002,0.498,HBR,10.0,0.002,0.029179584158085595,0.9968821649937221,0.9803921568627451,0.993765265835349
known_zero,40,122.94682929355258,0.0,0.5,HBR,10.0,0.002,0.006217258332388969,0.9999999999999909,1.0,0.9938020288234346
known_zero,40,122.94682929355258,0.002,0.502,HBR,10.0,0.002,0.029087366384856535,0.9969005967355727,0.9803921568627451,0.9938385374139178
known_zero,40,122.94682929355258,0.005,0.505,HBR,10.0,0.002,0.06262438302624754,0.9923213121002205,0.9523809523809523,0.993892827013888
known_zero,40,122.94682929355258,0.01,0.51,HBR,10.0,0.002,0.11659180026911321,0.9848701230396513,0.9090909090909091,0.9939820615863936
known_zero,40,122.94682929355258,0.02,0.52,HBR,10.0,0.002,0.21801033469858558,0.9706128741195642,0.8333333333333333,0.9941559434297562
known_zero,40,122.94682929355258,0.05,0.55,HBR,10.0,0.002,0.4808161203273839,0.9324131263108767,0.6666666666666665,0.9946426835938561
jittered_zero,40,122.87399996059301,-0.05,0.45,HBR,10.0,0.002,0.551847946054154,0.8701544972314731,0.6666666666666666,0.9927282303192028
jittered_zero,40,122.87399996059301,-0.02,0.48,HBR,10.0,0.002,0.30397053656526424,0.8913845529408082,0.8333333333333333,0.9933525604627156
jittered_zero,40,122.87399996059301,-0.01,0.49,HBR,10.0,0.002,0.21227928145114508,0.8953908144444291,0.9090909090909091,0.9935468020795623
jittered_zero,40,122.87399996059301,-0.005,0.495,HBR,10.0,0.002,0.16416032675799883,0.8967382094787137,0.9523809523809523,0.9936414498083007
jittered_zero,40,122.87399996059301,-0.002,0.498,HBR,10.0,0.002,0.13445259318507335,0.8973336860565699,0.9803921568627451,0.9936974627483905
jittered_zero,40,122.87399996059301,0.0,0.5,HBR,10.0,0.002,0.11426901819733198,0.8976421447906227,1.0,0.9937344850766288
jittered_zero,40,122.87399996059301,0.002,0.502,HBR,10.0,0.002,0.13376945196648204,0.8978802254700514,0.9803921568627451,0.9937712536829296
jittered_zero,40,122.87399996059301,0.005,0.505,HBR,10.0,0.002,0.16244974026928027,0.8981067232065428,0.9523809523809523,0.9938259345539378
jittered_zero,40,122.87399996059301,0.01,0.51,HBR,10.0,0.002,0.20883868666654823,0.898143209489234,0.9090909090909091,0.9939158244965821
jittered_zero,40,122.87399996059301,0.02,0.52,HBR,10.0,0.002,0.2969370679776337,0.8970093324477875,0.8333333333333333,0.9940910287729503
jittered_zero,40,122.87399996059301,0.05,0.55,HBR,10.0,0.002,0.5318826705574146,0.8860475597221245,0.6666666666666665,0.9945818197949166
random_critical_line,1,115.67481788659867,-0.05,0.45,HBR,10.0,0.002,1.311801350750791,0.40868633548797456,0.6666666666666666,0.988537283743452
random_critical_line,1,115.67481788659867,-0.02,0.48,HBR,10.0,0.002,1.059429140295718,0.42036104455949247,0.8333333333333333,0.9895883044506889
random_critical_line,1,115.67481788659867,-0.01,0.49,HBR,10.0,0.002,0.9633035641437979,0.42406833066303656,0.9090909090909091,0.9899184580681358
random_critical_line,1,115.67481788659867,-0.005,0.495,HBR,10.0,0.002,0.9123420335179773,0.425886566169692,0.9523809523809523,0.9900799073801774
random_critical_line,1,115.67481788659867,-0.002,0.498,HBR,10.0,0.002,0.880726256031331,0.42696608849884105,0.9803921568627451,0.9901756356941068
random_critical_line,1,115.67481788659867,0.0,0.5,HBR,10.0,0.002,0.8591866707388408,0.4276809936553934,1.0,0.9902389834996342
random_critical_line,1,115.67481788659867,0.002,0.502,HBR,10.0,0.002,0.8772644586052321,0.4283920680149028,0.9803921568627451,0.9903019569266275
random_critical_line,1,115.67481788659867,0.005,0.505,HBR,10.0,0.002,0.9036873761722872,0.42945147971131326,0.9523809523809523,0.9903957197224403
random_critical_line,1,115.67481788659867,0.01,0.51,HBR,10.0,0.002,0.9459930797659741,0.43119790595048035,0.9090909090909091,0.9905501489043608
random_critical_line,1,115.67481788659867,0.02,0.52,HBR,10.0,0.002,1.0247988194773874,0.43461818012706677,0.8333333333333333,0.9908522153984846
random_critical_line,1,115.67481788659867,0.05,0.55,HBR,10.0,0.002,1.2250624926417746,0.4442938411488977,0.6666666666666665,0.991706330346891
random_critical_line,2,16.26644896251567,-0.05,0.45,HBR,10.0,0.002,1.4286835758583607,0.36104306522646556,0.6666666666666666,0.9955494987155493
random_critical_line,2,16.26644896251567,-0.02,0.48,HBR,10.0,0.002,1.19612198896353,0.36441642808793584,0.8333333333333333,0.995667014456784
random_critical_line,2,16.26644896251567,-0.01,0.49,HBR,10.0,0.002,1.1060225067606997,0.36552940610879736,0.9090909090909091,0.9957054695797664
random_critical_line,2,16.26644896251567,-0.005,0.495,HBR,10.0,0.002,1.0579679909300659,0.36608372108979137,0.9523809523809523,0.9957245646351142
random_critical_line,2,16.26644896251567,-0.002,0.498,HBR,10.0,0.002,1.0280628035257622,0.36641561164839276,0.9803921568627451,0.9957359795057897
random_critical_line,2,16.26644896251567,0.0,0.5,HBR,10.0,0.002,1.0076496781939173,0.3666365803840355,1.0,0.9957435719070119
random_critical_line,2,16.26644896251567,0.002,0.502,HBR,10.0,0.002,1.0268428216996266,0.3668573154640932,0.9803921568627451,0.9957511503289868
random_critical_line,2,16.26644896251567,0.005,0.505,HBR,10.0,0.002,1.0549180328226313,0.3671879793362006,0.9523809523809523,0.9957624918084759
random_critical_line,2,16.26644896251567,0.01,0.51,HBR,10.0,0.002,1.0999225652454387,0.36773791336705397,0.9090909090909091,0.9957813247505584
random_critical_line,2,16.26644896251567,0.02,0.52,HBR,10.0,0.002,1.1839219035386497,0.3688333687287257,0.8333333333333333,0.9958187313910296
random_critical_line,2,16.26644896251567,0.05,0.55,HBR,10.0,0.002,1.3981798213782786,0.3720841240895765,0.6666666666666665,0.9959289064352144
random_critical_line,3,66.1615120626664,-0.05,0.45,HBR,10.0,0.002,1.194481848359506,0.4571459100892255,0.6666666666666666,0.9937554991388438
random_critical_line,3,66.1615120626664,-0.02,0.48,HBR,10.0,0.002,0.9504585633375844,0.4665374916121593,0.8333333333333333,0.9942962161990162
random_critical_line,3,66.1615120626664,-0.01,0.49,HBR,10.0,0.002,0.8568253580844263,0.4695563388017176,0.9090909090909091,0.9944671745720195
random_critical_line,3,66.1615120626664,-0.005,0.495,HBR,10.0,0.002,0.8070566443178341,0.471044572539085,0.9523809523809523,0.9945509755354393
random_critical_line,3,66.1615120626664,-0.002,0.498,HBR,10.0,0.002,0.776139644217256,0.4719307053124406,0.9803921568627451,0.9946007267836718
random_critical_line,3,66.1615120626664,0.0,0.5,HBR,10.0,0.002,0.7550589038189107,0.4725186183669002,1.0,0.994633675490234
random_critical_line,3,66.1615120626664,0.002,0.502,HBR,10.0,0.002,0.7735899544435431,0.47310425470449535,0.9803921568627451,0.9946664501426395
random_critical_line,3,66.1615120626664,0.005,0.505,HBR,10.0,0.002,0.800682344211316,0.4739784349747597,0.9523809523809523,0.9947152875957161
random_critical_line,3,66.1615120626664,0.01,0.51,HBR,10.0,0.002,0.8440762173856841,0.47542398477270664,0.9090909090909091,0.9947958248564245
random_critical_line,3,66.1615120626664,0.02,0.52,HBR,10.0,0.002,0.9249559589999815,0.47827215199693873,0.8333333333333333,0.994953726096834
random_critical_line,3,66.1615120626664,0.05,0.55,HBR,10.0,0.002,1.1306497918153269,0.48647146928748,0.6666666666666665,0.9954029391789708
random_critical_line,4,93.22698521085066,-0.05,0.45,HBR,10.0,0.002,1.345936635812557,0.39419986436513954,0.6666666666666666,0.9904713883091717
random_critical_line,4,93.22698521085066,-0.02,0.48,HBR,10.0,0.002,1.095937918900155,0.40458818263887714,0.8333333333333333,0.991307202835574
random_critical_line,4,93.22698521085066,-0.01,0.49,HBR,10.0,0.002,1.000411325166797,0.4079395278382676,0.9090909090909091,0.991570911939623
random_critical_line,4,93.22698521085066,-0.005,0.495,HBR,10.0,0.002,0.9497141110901678,0.40959377910991634,0.9523809523809523,0.9917000822683876
random_critical_line,4,93.22698521085066,-0.002,0.498,HBR,10.0,0.002,0.9182457943771133,0.4105794154215573,0.9803921568627451,0.9917767390114769
random_critical_line,4,93.22698521085066,0.0,0.5,HBR,10.0,0.002,0.8967999100018481,0.4112336122488925,1.0,0.9918274943190789
random_critical_line,4,93.22698521085066,0.002,0.502,HBR,10.0,0.002,0.91496773157632,0.41188548680492304,0.9803921568627451,0.9918779719907548
random_critical_line,4,93.22698521085066,0.005,0.505,HBR,10.0,0.002,0.9415188578509511,0.4128589315992388,0.9523809523809523,0.9919531711247939
random_critical_line,4,93.22698521085066,0.01,0.51,HBR,10.0,0.002,0.9840201313375102,0.4144696473189708,0.9090909090909091,0.9920771354266468
random_critical_line,4,93.22698521085066,0.02,0.52,HBR,10.0,0.002,1.0631500342449962,0.41764693747874154,0.8333333333333333,0.9923200160430917
random_critical_line,4,93.22698521085066,0.05,0.55,HBR,10.0,0.002,1.2638709289291823,0.4268207641187024,0.6666666666666665,0.9930098348688361
random_critical_line,5,75.52126666078637,-0.05,0.45,HBR,10.0,0.002,0.7500063377429576,0.7154781396748879,0.6666666666666666,0.9903102543961105
random_critical_line,5,75.52126666078637,-0.02,0.48,HBR,10.0,0.002,0.5073481082100798,0.7291045150509416,0.8333333333333333,0.9909528124637339
random_critical_line,5,75.52126666078637,-0.01,0.49,HBR,10.0,0.002,0.4155657259438506,0.7324413810652995,0.9090909090909091,0.9911557634008655
random_critical_line,5,75.52126666078637,-0.005,0.495,HBR,10.0,0.002,0.36698292260208815,0.7338801773918027,0.9523809523809523,0.9912552113628045
random_critical_line,5,75.52126666078637,-0.002,0.498,HBR,10.0,0.002,0.3368599391360348,0.7346701823556648,0.9803921568627451,0.9913142411858359
random_critical_line,5,75.52126666078637,0.0,0.5,HBR,10.0,0.002,0.31634262846566336,0.7351664377032634,1.0,0.9913533304241553
random_critical_line,5,75.52126666078637,0.002,0.502,HBR,10.0,0.002,0.33546419803013783,0.7356384484512243,0.9803921568627451,0.9913922097344291
random_critical_line,5,75.52126666078637,0.005,0.505,HBR,10.0,0.002,0.3634927862890765,0.7363012037150748,0.9523809523809523,0.9914501374219101
random_critical_line,5,75.52126666078637,0.01,0.51,HBR,10.0,0.002,0.4085798623600647,0.737286008511276,0.9090909090909091,0.9915456490029037
random_critical_line,5,75.52126666078637,0.02,0.52,HBR,10.0,0.002,0.49333183396922087,0.7388142326042743,0.8333333333333333,0.9917328515637155
random_critical_line,5,75.52126666078637,0.05,0.55,HBR,10.0,0.002,0.7142055370214249,0.7400959773038146,0.6666666666666665,0.9922650431566228
random_critical_line,6,84.22539179414463,-0.05,0.45,HBR,10.0,0.002,1.1069401303079354,0.4999838310198508,0.6666666666666666,0.9917388095791602
random_critical_line,6,84.22539179414463,-0.02,0.48,HBR,10.0,0.002,0.861392769822331,0.5109547335365503,0.8333333333333333,0.9924318475314637
random_critical_line,6,84.22539179414463,-0.01,0.49,HBR,10.0,0.002,0.7674905227590022,0.5143747316764113,0.9090909090909091,0.9926500303562364
random_critical_line,6,84.22539179414463,-0.005,0.495,HBR,10.0,0.002,0.7176309130928794,0.5160398958863651,0.9523809523809523,0.9927568092196821
random_critical_line,6,84.22539179414463,-0.002,0.498,HBR,10.0,0.002,0.6866731620626662,0.5170246205417072,0.9803921568627451,0.9928201480790543
random_critical_line,6,84.22539179414463,0.0,0.5,HBR,10.0,0.002,0.6655709566490782,0.5176751107197731,1.0,0.9928620731028193
random_critical_line,6,84.22539179414463,0.002,0.502,HBR,10.0,0.002,0.6840850798102167,0.5183208052129239,0.9803921568627451,0.9929037588890409
random_critical_line,6,84.22539179414463,0.005,0.505,HBR,10.0,0.002,0.711160539778351,0.5192803537502312,0.9523809523809523,0.9929658417341443
random_critical_line,6,84.22539179414463,0.01,0.51,HBR,10.0,0.002,0.7545485785773345,0.5208556200873886,0.9090909090909091,0.9930681345969083
random_critical_line,6,84.22539179414463,0.02,0.52,HBR,10.0,0.002,0.8354993068453118,0.5239162895576426,0.8333333333333333,0.9932683697400896
random_critical_line,6,84.22539179414463,0.05,0.55,HBR,10.0,0.002,1.042039564082518,0.5323836053814606,0.6666666666666665,0.9938356090578202
random_critical_line,7,55.91558846826685,-0.05,0.45,HBR,10.0,0.002,1.2750521413222147,0.42416893529510574,0.6666666666666666,0.988107716464451
random_critical_line,7,55.91558846826685,-0.02,0.48,HBR,10.0,0.002,1.0301302463469928,0.4332015377212993,0.8333333333333333,0.9888066416959245
random_critical_line,7,55.91558846826685,-0.01,0.49,HBR,10.0,0.002,0.9363814791864622,0.43603146182151153,0.9090909090909091,0.9890301907423706
random_critical_line,7,55.91558846826685,-0.005,0.495,HBR,10.0,0.002,0.8865892418056484,0.43741191478001007,0.9523809523809523,0.9891402509547589
random_critical_line,7,55.91558846826685,-0.002,0.498,HBR,10.0,0.002,0.8556690334372461,0.4382290891917092,0.9803921568627451,0.9892057451378325
random_critical_line,7,55.91558846826685,0.0,0.5,HBR,10.0,0.002,0.8345906827969504,0.4387692375697866,1.0,0.9892491836373473
random_critical_line,7,55.91558846826685,0.002,0.502,HBR,10.0,0.002,0.8531277365546255,0.4393056729793609,0.9803921568627451,0.9892924435522471
random_critical_line,7,55.91558846826685,0.005,0.505,HBR,10.0,0.002,0.8802358870108012,0.4401033553244335,0.9523809523809523,0.989357000158342
random_critical_line,7,55.91558846826685,0.01,0.51,HBR,10.0,0.002,0.9236739655327737,0.4414142077174471,0.9090909090909091,0.9894637117752473
random_critical_line,7,55.91558846826685,0.02,0.52,HBR,10.0,0.002,1.0047087908399372,0.44396594745727475,0.8333333333333333,0.9896738647792043
random_critical_line,7,55.91558846826685,0.05,0.55,HBR,10.0,0.002,1.211386489357178,0.4510609670764707,0.6666666666666665,0.9902789433057447
random_critical_line,8,14.4429103246933,-0.05,0.45,HBR,10.0,0.002,0.6389396186255687,0.7945287297495001,0.6666666666666666,0.9965376302195744
random_critical_line,8,14.4429103246933,-0.02,0.48,HBR,10.0,0.002,0.4109406531016374,0.7983284247825257,0.8333333333333333,0.9966218289140721
random_critical_line,8,14.4429103246933,-0.01,0.49,HBR,10.0,0.002,0.32274561040662425,0.7992518070766645,0.9090909090909091,0.9966494252191194
random_critical_line,8,14.4429103246933,-0.005,0.495,HBR,10.0,0.002,0.2757150325997976,0.7996489780178563,0.9523809523809523,0.9966631363946098
random_critical_line,8,14.4429103246933,-0.002,0.498,HBR,10.0,0.002,0.24644706447281822,0.7998666759524081,0.9803921568627451,0.9966713354109088
random_critical_line,8,14.4429103246933,0.0,0.5,HBR,10.0,0.002,0.226468247343134,0.8000032385479615,1.0,0.9966767899178015
random_critical_line,8,14.4429103246933,0.002,0.502,HBR,10.0,0.002,0.2461032773590557,0.8001329566419363,0.9803921568627451,0.9966822352400079
random_critical_line,8,14.4429103246933,0.005,0.505,HBR,10.0,0.002,0.27485549046583463,0.800314724182235,0.9523809523809523,0.9966903860366271
random_critical_line,8,14.4429103246933,0.01,0.51,HBR,10.0,0.002,0.32102599525521885,0.8005836166832973,0.9090909090909091,0.9967039249979363
random_critical_line,8,14.4429103246933,0.02,0.52,HBR,10.0,0.002,0.40749718149264996,0.8009945773964603,0.8333333333333333,0.9967308324300233
random_critical_line,8,14.4429103246933,0.05,0.55,HBR,10.0,0.002,0.6302573533276727,0.8012379136095847,0.6666666666666665,0.9968102082863868
random_critical_line,9,78.36085164653298,-0.05,0.45,HBR,10.0,0.002,1.3140187252049655,0.4063229138764157,0.6666666666666666,0.9920849542788623
random_critical_line,9,78.36085164653298,-0.02,0.48,HBR,10.0,0.002,1.0666515656623197,0.41601274820688905,0.8333333333333333,0.992735877795002
random_critical_line,9,78.36085164653298,-0.01,0.49,HBR,10.0,0.002,0.9719035622035007,0.41915688773753973,0.9090909090909091,0.9929416410543797
random_critical_line,9,78.36085164653298,-0.005,0.495,HBR,10.0,0.002,0.921577520736431,0.4207125155536337,0.9523809523809523,0.9930424991632906
random_critical_line,9,78.36085164653298,-0.002,0.498,HBR,10.0,0.002,0.8903261603556194,0.42164058980396757,0.9803921568627451,0.9931023762647778
random_critical_line,9,78.36085164653298,0.0,0.5,HBR,10.0,0.002,0.8690225313835139,0.42225708753316676,1.0,0.9931420308294279
random_critical_line,9,78.36085164653298,0.002,0.502,HBR,10.0,0.002,0.8873307098200416,0.4228718055591663,0.9803921568627451,0.9931814758322465
random_critical_line,9,78.36085164653298,0.005,0.505,HBR,10.0,0.002,0.9140888253388982,0.4237905365801396,0.9523809523809523,0.9932402527196688
random_critical_line,9,78.36085164653298,0.01,0.51,HBR,10.0,0.002,0.9569256781583835,0.425312798633167,0.9090909090909091,0.9933371812944837
random_critical_line,9,78.36085164653298,0.02,0.52,HBR,10.0,0.002,1.036691852370834,0.428323520618054,0.8333333333333333,0.9935272233212114
random_critical_line,9,78.36085164653298,0.05,0.55,HBR,10.0,0.002,1.2390504903330382,0.4370814673003385,0.6666666666666665,0.9940679594481102
random_critical_line,10,87.3354419751233,-0.05,0.45,HBR,10.0,0.002,0.59945398738786,0.8308325788257924,0.6666666666666666,0.9913755008857632
random_critical_line,10,87.3354419751233,-0.02,0.48,HBR,10.0,0.002,0.35165556554800814,0.8510218123217318,0.8333333333333333,0.99201555694045
random_critical_line,10,87.3354419751233,-0.01,0.49,HBR,10.0,0.002,0.2598376811417261,0.8549486030928306,0.9090909090909091,0.9922168704887543
random_critical_line,10,87.3354419751233,-0.005,0.495,HBR,10.0,0.002,0.21159840539981178,0.85633474225984,0.9523809523809523,0.9923153629755629
random_critical_line,10,87.3354419751233,-0.002,0.498,HBR,10.0,0.002,0.18179868790088088,0.8569800755594462,0.9803921568627451,0.9923737774335285
random_critical_line,10,87.3354419751233,0.0,0.5,HBR,10.0,0.002,0.16154552560623522,0.8573328612731965,1.0,0.9924124392784828
random_critical_line,10,87.3354419751233,0.002,0.502,HBR,10.0,0.002,0.18096987320366104,0.8576240164933011,0.9803921568627451,0.9924508776874735
random_critical_line,10,87.3354419751233,0.005,0.505,HBR,10.0,0.002,0.2095242501033784,0.8579461017628676,0.9523809523809523,0.9925081190892953
random_critical_line,10,87.3354419751233,0.01,0.51,HBR,10.0,0.002,0.25567429420361687,0.8581820362996814,0.9090909090909091,0.9926024218521228
random_critical_line,10,87.3354419751233,0.02,0.52,HBR,10.0,0.002,0.34320989346451386,0.8575728306815136,0.8333333333333333,0.9927869727893754
random_critical_line,10,87.3354419751233,0.05,0.55,HBR,10.0,0.002,0.5764255923275514,0.8485319615505614,0.6666666666666665,0.993309524061722
random_critical_line,11,71.58277162104798,-0.05,0.45,HBR,10.0,0.002,1.2660103028342176,0.42789025925364865,0.6666666666666666,0.9884110009800233
random_critical_line,11,71.58277162104798,-0.02,0.48,HBR,10.0,0.002,1.0184914990552203,0.4380719213133664,0.8333333333333333,0.9892603225063663
random_critical_line,11,71.58277162104798,-0.01,0.49,HBR,10.0,0.002,0.9239904140879782,0.44124485267448704,0.9090909090909091,0.9895302947791442
random_critical_line,11,71.58277162104798,-0.005,0.495,HBR,10.0,0.002,0.8738427665484724,0.4427890954533542,0.9523809523809523,0.9896629012905032
random_critical_line,11,71.58277162104798,-0.002,0.498,HBR,10.0,0.002,0.8427158757977281,0.443702057372103,0.9803921568627451,0.9897417140893076
random_critical_line,11,71.58277162104798,0.0,0.5,HBR,10.0,0.002,0.8215024530938987,0.4443050248171791,1.0,0.9897939453685382
random_critical_line,11,71.58277162104798,0.002,0.502,HBR,10.0,0.002,0.8399065969056745,0.444903446337236,0.9803921568627451,0.9898459294998485
random_critical_line,11,71.58277162104798,0.005,0.505,HBR,10.0,0.002,0.8668194155284595,0.445792543628114,0.9523809523809523,0.9899234447586714
random_critical_line,11,71.58277162104798,0.01,0.51,HBR,10.0,0.002,0.9099426137707456,0.4472515758640139,0.9090909090909091,0.9900514170148722
random_critical_line,11,71.58277162104798,0.02,0.52,HBR,10.0,0.002,0.9903871191309923,0.4500839814492249,0.8333333333333333,0.9903028493951035
random_critical_line,11,71.58277162104798,0.05,0.55,HBR,10.0,0.002,1.1955964862658046,0.4578960441685097,0.6666666666666665,0.9910222629849359
random_critical_line,12,104.59533483358547,-0.05,0.45,HBR,10.0,0.002,1.1542578274602122,0.4761955304918526,0.6666666666666666,0.9931575284425427
random_critical_line,12,104.59533483358547,-0.02,0.48,HBR,10.0,0.002,0.9068620840338615,0.4875470060966527,0.8333333333333333,0.9938470505871485
random_critical_line,12,104.59533483358547,-0.01,0.49,HBR,10.0,0.002,0.8122133092520095,0.4911780826148063,0.9090909090909091,0.9940630873076276
random_critical_line,12,104.59533483358547,-0.005,0.495,HBR,10.0,0.002,0.7619564350082791,0.4929646401764148,0.9523809523809523,0.9941686292799189
random_critical_line,12,104.59533483358547,-0.002,0.498,HBR,10.0,0.002,0.730752723373032,0.494027266485133,0.9803921568627451,0.9942311758608247
random_critical_line,12,104.59533483358547,0.0,0.5,HBR,10.0,0.002,0.709483396866447,0.49473179849802995,1.0,0.9942725523230123
random_critical_line,12,104.59533483358547,0.002,0.502,HBR,10.0,0.002,0.7278278929379326,0.49543321840349275,0.9803921568627451,0.9943136735327741
random_critical_line,12,104.59533483358547,0.005,0.505,HBR,10.0,0.002,0.7546442368064584,0.49647950659566137,0.9523809523809523,0.9943748800153541
random_critical_line,12,104.59533483358547,0.01,0.51,HBR,10.0,0.002,0.797588040663469,0.49820771987743,0.9090909090909091,0.9944756356055425
random_critical_line,12,104.59533483358547,0.02,0.52,HBR,10.0,0.002,0.8776045712044469,0.5016055151297024,0.8333333333333333,0.9946725218495216
random_critical_line,12,104.59533483358547,0.05,0.55,HBR,10.0,0.002,1.0809921757581114,0.5113283083000414,0.6666666666666665,0.995227768884031
random_critical_line,13,44.573968321733346,-0.05,0.45,HBR,10.0,0.002,1.73295158923244,0.2687521380296874,0.6666666666666666,0.9865702575805129
random_critical_line,13,44.573968321733346,-0.02,0.48,HBR,10.0,0.002,1.4870517141800939,0.2747630477769241,0.8333333333333333,0.9871986827118898
random_critical_line,13,44.573968321733346,-0.01,0.49,HBR,10.0,0.002,1.3926385518893665,0.27674760722614866,0.9090909090909091,0.9874010214395145
random_critical_line,13,44.573968321733346,-0.005,0.495,HBR,10.0,0.002,1.3424517998756256,0.27773614002828795,0.9523809523809523,0.987500887852509
random_critical_line,13,44.573968321733346,-0.002,0.498,HBR,10.0,0.002,1.3112751138950802,0.2783280396558785,0.9803921568627451,0.9875603951575396
random_critical_line,13,44.573968321733346,0.0,0.5,HBR,10.0,0.002,1.2900175837164836,0.2787221262525306,1.0,0.9875998958115019
random_critical_line,13,44.573968321733346,0.002,0.502,HBR,10.0,0.002,1.3083689270506755,0.2791157996614308,0.9803921568627451,0.9876392603220107
random_critical_line,13,44.573968321733346,0.005,0.505,HBR,10.0,0.002,1.335186314073399,0.2797055300909742,0.9523809523809523,0.9876980528693605
random_critical_line,13,44.573968321733346,0.01,0.51,HBR,10.0,0.002,1.3781074467807217,0.28068631627355073,0.9090909090909091,0.987795366513943
random_critical_line,13,44.573968321733346,0.02,0.52,HBR,10.0,0.002,1.4579884360693431,0.28263989731020367,0.8333333333333333,0.9879874931927572
random_critical_line,13,44.573968321733346,0.05,0.55,HBR,10.0,0.002,1.6602747214890885,0.2884343190025843,0.6666666666666665,0.9885443902881308
random_critical_line,14,52.06573865508001,-0.05,0.45,HBR,10.0,0.002,1.4573694030764759,0.3526643314421456,0.6666666666666666,0.9903808448110037
random_critical_line,14,52.06573865508001,-0.02,0.48,HBR,10.0,0.002,1.2121112753408376,0.36033404161406296,0.8333333333333333,0.9909750375068221
random_critical_line,14,52.06573865508001,-0.01,0.49,HBR,10.0,0.002,1.1180015003698702,0.3628313303670108,0.9090909090909091,0.9911651454968216
random_critical_line,14,52.06573865508001,-0.005,0.495,HBR,10.0,0.002,1.0679828755901237,0.3640685755762816,0.9523809523809523,0.9912587520392899
random_critical_line,14,52.06573865508001,-0.002,0.498,HBR,10.0,0.002,1.0369122782021896,0.3648072416090161,0.9803921568627451,0.9913144583245691
random_critical_line,14,52.06573865508001,0.0,0.5,HBR,10.0,0.002,1.0157276345128816,0.3652981444101446,1.0,0.9913514064357081
random_critical_line,14,52.06573865508001,0.002,0.502,HBR,10.0,0.002,1.034153586696697,0.36578781017049594,0.9803921568627451,0.9913882037245777
random_critical_line,14,52.06573865508001,0.005,0.505,HBR,10.0,0.002,1.0610861045767268,0.3665199818920355,0.9523809523809523,0.9914431181864982
random_critical_line,14,52.06573865508001,0.01,0.51,HBR,10.0,0.002,1.1042076565780508,0.36773403522928094,0.9090909090909091,0.991533896700032
random_critical_line,14,52.06573865508001,0.02,0.52,HBR,10.0,0.002,1.1845211742084905,0.37013858924110715,0.8333333333333333,0.9917126911934905
random_critical_line,14,52.06573865508001,0.05,0.55,HBR,10.0,0.002,1.388351977023943,0.3771606201409454,0.6666666666666665,0.9922276275406554
random_critical_line,15,34.083930540703776,-0.05,0.45,HBR,10.0,0.002,1.4753266208021936,0.3462316529201266,0.6666666666666666,0.990828019733033
random_critical_line,15,34.083930540703776,-0.02,0.48,HBR,10.0,0.002,1.2345951074115873,0.35223623650310426,0.8333333333333333,0.9912184365944686
random_critical_line,15,34.083930540703776,-0.01,0.49,HBR,10.0,0.002,1.141890514442489,0.35420225520471704,0.9090909090909091,0.9913445281304417
random_critical_line,15,34.083930540703776,-0.005,0.495,HBR,10.0,0.002,1.0925553575454054,0.3551784668002851,0.9523809523809523,0.9914068332118788
random_critical_line,15,34.083930540703776,-0.002,0.498,HBR,10.0,0.002,1.0618887648346411,0.35576200171295386,0.9803921568627451,0.9914439815272755
random_critical_line,15,34.083930540703776,0.0,0.5,HBR,10.0,0.002,1.0409709361806159,0.3561501078655508,1.0,0.9914686497903091
random_critical_line,15,34.083930540703776,0.002,0.502,HBR,10.0,0.002,1.0596616920982402,0.35653747824558607,0.9803921568627451,0.9914932405215238
random_critical_line,15,34.083930540703776,0.005,0.505,HBR,10.0,0.002,1.0869876554446682,0.35711715041015624,0.9523809523809523,0.9915299817927054
random_critical_line,15,34.083930540703776,0.01,0.51,HBR,10.0,0.002,1.1307549655342013,0.3580795672701349,0.9090909090909091,0.9915908331150803
random_critical_line,15,34.083930540703776,0.02,0.52,HBR,10.0,0.002,1.2123228521150111,0.3599904194225313,0.8333333333333333,0.9917111091503926
random_critical_line,15,34.083930540703776,0.05,0.55,HBR,10.0,0.002,1.4196257461810726,0.36560939161869743,0.6666666666666665,0.9920607966982606
random_critical_line,16,20.878369869579164,-0.05,0.45,HBR,10.0,0.002,0.5753112714844968,0.8479272091666322,0.6666666666666666,0.9951262372544307
random_critical_line,16,20.878369869579164,-0.02,0.48,HBR,10.0,0.002,0.34227746224947553,0.8562086109102673,0.8333333333333333,0.9952964193831135
random_critical_line,16,20.878369869579164,-0.01,0.49,HBR,10.0,0.002,0.25332260261800843,0.8578265417610546,0.9090909090909091,0.9953517794657541
random_critical_line,16,20.878369869579164,-0.005,0.495,HBR,10.0,0.002,0.2060914464275406,0.8584131392244223,0.9523809523809523,0.9953792077383021
random_critical_line,16,20.878369869579164,-0.002,0.498,HBR,10.0,0.002,0.1767605986686069,0.8586937643008744,0.9803921568627451,0.9953955847161955
random_critical_line,16,20.878369869579164,0.0,0.5,HBR,10.0,0.002,0.15676373882479572,0.8588511751180334,1.0,0.9954064695076664
random_critical_line,16,20.878369869579164,0.002,0.502,HBR,10.0,0.002,0.17639976053265527,0.8589849062763592,0.9803921568627451,0.995417327818632
random_critical_line,16,20.878369869579164,0.005,0.505,HBR,10.0,0.002,0.20518897907392955,0.8591412607004832,0.9523809523809523,0.9954335657734629
random_critical_line,16,20.878369869579164,0.01,0.51,HBR,10.0,0.002,0.25151501458394,0.8592846849876763,0.9090909090909091,0.9954604975294411
random_critical_line,16,20.878369869579164,0.02,0.52,HBR,10.0,0.002,0.33864118068750265,0.8591399893335004,0.8333333333333333,0.9955138714578113
random_critical_line,16,20.878369869579164,0.05,0.55,HBR,10.0,0.002,0.565864009615495,0.8555081602568596,0.6666666666666665,0.9956701465641521
random_critical_line,17,103.60153443879253,-0.05,0.45,HBR,10.0,0.002,0.6940796881428444,0.7572677745632865,0.6666666666666666,0.9894795083940218
random_critical_line,17,103.60153443879253,-0.02,0.48,HBR,10.0,0.002,0.4455442828197185,0.7760990008175651,0.8333333333333333,0.9902998157931396
random_critical_line,17,103.60153443879253,-0.01,0.49,HBR,10.0,0.002,0.35300861877585366,0.7801948854482712,0.9090909090909091,0.9905579570752069
random_critical_line,17,103.60153443879253,-0.005,0.495,HBR,10.0,0.002,0.304288517927877,0.7818135693779983,0.9523809523809523,0.9906842781422199
random_critical_line,17,103.60153443879253,-0.002,0.498,HBR,10.0,0.002,0.2741595503483805,0.7826472717151046,0.9803921568627451,0.9907592055645842
random_critical_line,17,103.60153443879253,0.0,0.5,HBR,10.0,0.002,0.25366983466344545,0.7831460023958149,1.0,0.990808800017394
random_critical_line,17,103.60153443879253,0.002,0.502,HBR,10.0,0.002,0.27284406095230007,0.7835992886156968,0.9803921568627451,0.990858110598985
random_critical_line,17,103.60153443879253,0.005,0.505,HBR,10.0,0.002,0.3009981350240515,0.7841945414344869,0.9523809523809523,0.9909315476742974
random_critical_line,17,103.60153443879253,0.01,0.51,HBR,10.0,0.002,0.34641602564024454,0.7849634500387488,0.9090909090909091,0.9910525457557455
random_critical_line,17,103.60153443879253,0.02,0.52,HBR,10.0,0.002,0.43226526799272047,0.7856884476083588,0.8333333333333333,0.9912893901339545
random_critical_line,17,103.60153443879253,0.05,0.55,HBR,10.0,0.002,0.659321806442879,0.782090666527872,0.6666666666666665,0.9919603968420593
random_critical_line,18,16.493213114599975,-0.05,0.45,HBR,10.0,0.002,1.4821775073653676,0.34227539714719235,0.6666666666666666,0.9954376511615765
random_critical_line,18,16.493213114599975,-0.02,0.48,HBR,10.0,0.002,1.2492249667288728,0.34560704349894245,0.8333333333333333,0.9955593408388528
random_critical_line,18,16.493213114599975,-0.01,0.49,HBR,10.0,0.002,1.1589918693635997,0.3467084232685469,0.9090909090909091,0.9955991536973499
random_critical_line,18,16.493213114599975,-0.005,0.495,HBR,10.0,0.002,1.1108699346180195,0.3472573723714954,0.9523809523809523,0.9956189214351246
random_critical_line,18,16.493213114599975,-0.002,0.498,HBR,10.0,0.002,1.0809241011567383,0.3475861820957581,0.9803921568627451,0.9956307379498736
random_critical_line,18,16.493213114599975,0.0,0.5,HBR,10.0,0.002,1.060483797541295,0.34780515473997414,1.0,0.9956385972981068
random_critical_line,18,16.493213114599975,0.002,0.502,HBR,10.0,0.002,1.0796496981557022,0.34802393997156683,0.9803921568627451,0.9956464420163172
random_critical_line,18,16.493213114599975,0.005,0.505,HBR,10.0,0.002,1.107683924033037,0.3483517657834505,0.9523809523809523,0.9956581817233007
random_critical_line,18,16.493213114599975,0.01,0.51,HBR,10.0,0.002,1.1526198261767517,0.3488972009670143,0.9090909090909091,0.9956776751456113
random_critical_line,18,16.493213114599975,0.02,0.52,HBR,10.0,0.002,1.2364807042265276,0.34998452589337853,0.8333333333333333,0.995716390710773
random_critical_line,18,16.493213114599975,0.05,0.55,HBR,10.0,0.002,1.4503137695771808,0.3532178257064041,0.6666666666666665,0.9958303979242811
random_critical_line,19,83.72452343010441,-0.05,0.45,HBR,10.0,0.002,1.2541103964354385,0.4312527713805621,0.6666666666666666,0.9924442849523977
random_critical_line,19,83.72452343010441,-0.02,0.48,HBR,10.0,0.002,1.0067036178846425,0.441524845933902,0.8333333333333333,0.9931624066946028
random_critical_line,19,83.72452343010441,-0.01,0.49,HBR,10.0,0.002,0.9120219374607336,0.44482320427751576,0.9090909090909091,0.9933885642084246
random_critical_line,19,83.72452343010441,-0.005,0.495,HBR,10.0,0.002,0.8617435443475533,0.4464484140937182,0.9523809523809523,0.9934992609283044
random_critical_line,19,83.72452343010441,-0.002,0.498,HBR,10.0,0.002,0.8305253518527483,0.4474158252881253,0.9803921568627451,0.9935649286425575
random_critical_line,19,83.72452343010441,0.0,0.5,HBR,10.0,0.002,0.8092457292667561,0.44805754205155873,1.0,0.993608397215056
random_critical_line,19,83.72452343010441,0.002,0.502,HBR,10.0,0.002,0.8275794220800186,0.4486966744682651,0.9803921568627451,0.993651619381424
random_critical_line,19,83.72452343010441,0.005,0.505,HBR,10.0,0.002,0.8543786223226179,0.44965051821965857,0.9523809523809523,0.9937159934460098
random_critical_line,19,83.72452343010441,0.01,0.51,HBR,10.0,0.002,0.8972913963664876,0.4512272780562262,0.9090909090909091,0.9938220697487384
random_critical_line,19,83.72452343010441,0.02,0.52,HBR,10.0,0.002,0.9772369608802972,0.45433191729690264,0.8333333333333333,0.99402974184739
random_critical_line,19,83.72452343010441,0.05,0.55,HBR,10.0,0.002,1.18034636670345,0.4632515708635282,0.6666666666666665,0.9946182977858641
random_critical_line,20,57.745680608883475,-0.05,0.45,HBR,10.0,0.002,1.4866732313945246,0.34224131152774706,0.6666666666666666,0.9910711789791936
random_critical_line,20,57.745680608883475,-0.02,0.48,HBR,10.0,0.002,1.2403379058582462,0.3500684794646822,0.8333333333333333,0.9916452356175638
random_critical_line,20,57.745680608883475,-0.01,0.49,HBR,10.0,0.002,1.1458262690687657,0.35263882940514235,0.9090909090909091,0.9918283734621636
random_critical_line,20,57.745680608883475,-0.005,0.495,HBR,10.0,0.002,1.0955987957383033,0.3539165067301209,0.9523809523809523,0.9919184515132068
random_critical_line,20,57.745680608883475,-0.002,0.498,HBR,10.0,0.002,1.0644003720629673,0.35468068451860535,0.9803921568627451,0.991972027419617
random_critical_line,20,57.745680608883475,0.0,0.5,HBR,10.0,0.002,1.0431294661181931,0.35518911779752643,1.0,0.9920075498817933
random_critical_line,20,57.745680608883475,0.002,0.502,HBR,10.0,0.002,1.0614683226387263,0.35569673252811784,0.9803921568627451,0.9920429172813661
random_critical_line,20,57.745680608883475,0.005,0.505,HBR,10.0,0.002,1.088268638978373,0.35645661300944165,0.9523809523809523,0.9920956791013404
random_critical_line,20,57.745680608883475,0.01,0.51,HBR,10.0,0.002,1.1311657184186796,0.3577189437903313,0.9090909090909091,0.9921828495942812
random_critical_line,20,57.745680608883475,0.02,0.52,HBR,10.0,0.002,1.2110149077609869,0.36022792288696287,0.8333333333333333,0.9923543555416231
random_critical_line,20,57.745680608883475,0.05,0.55,HBR,10.0,0.002,1.4133325695826846,0.3676261809269814,0.6666666666666665,0.9928469142948638
random_critical_line,21,84.02280967991845,-0.05,0.45,HBR,10.0,0.002,1.2139377517350016,0.4490246847286764,0.6666666666666666,0.9922350759920058
random_critical_line,21,84.02280967991845,-0.02,0.48,HBR,10.0,0.002,0.9670999216656049,0.4594691886696334,0.8333333333333333,0.9929301384862433
random_critical_line,21,84.02280967991845,-0.01,0.49,HBR,10.0,0.002,0.8726319580455494,0.462806115855112,0.9090909090909091,0.9931488673616612
random_critical_line,21,84.02280967991845,-0.005,0.495,HBR,10.0,0.002,0.8224647817292852,0.46444707400377616,0.9523809523809523,0.9932558957591211
random_critical_line,21,84.02280967991845,-0.002,0.498,HBR,10.0,0.002,0.7913146921140024,0.46542280592296703,0.9803921568627451,0.9933193769000737
random_critical_line,21,84.02280967991845,0.0,0.5,HBR,10.0,0.002,0.7700810381851286,0.4660696006799107,1.0,0.9933613936962796
random_critical_line,21,84.02280967991845,0.002,0.502,HBR,10.0,0.002,0.7884611500334037,0.4667134363682922,0.9803921568627451,0.9934031687990248
random_critical_line,21,84.02280967991845,0.005,0.505,HBR,10.0,0.002,0.8153308175400826,0.4676736336583317,0.9523809523809523,0.99346538103183
random_critical_line,21,84.02280967991845,0.01,0.51,HBR,10.0,0.002,0.8583632512485821,0.4692591175817312,0.9090909090909091,0.993567877374769
random_critical_line,21,84.02280967991845,0.02,0.52,HBR,10.0,0.002,0.9385562827550344,0.4723742508405508,0.8333333333333333,0.9937684742864593
random_critical_line,21,84.02280967991845,0.05,0.55,HBR,10.0,0.002,1.1424699384181725,0.4812707984523303,0.6666666666666665,0.9943364451755817
random_critical_line,22,109.77912990487772,-0.05,0.45,HBR,10.0,0.002,2.060798059266867,0.1963682624973697,0.6666666666666666,0.9728071101913532
random_critical_line,22,109.77912990487772,-0.02,0.48,HBR,10.0,0.002,1.800563915725243,0.20344630387773951,0.8333333333333333,0.9744430645734311
random_critical_line,22,109.77912990487772,-0.01,0.49,HBR,10.0,0.002,1.7014889817370735,0.2058055044578607,0.9090909090909091,0.9749636481415918
random_critical_line,22,109.77912990487772,-0.005,0.495,HBR,10.0,0.002,1.6489929361978786,0.2069847762717993,0.9523809523809523,0.9752194669238154
random_critical_line,22,109.77912990487772,-0.002,0.498,HBR,10.0,0.002,1.616437555373468,0.20769219610834208,0.9803921568627451,0.975371547343051
random_critical_line,22,109.77912990487772,0.0,0.5,HBR,10.0,0.002,1.594263755906736,0.20816374085762038,1.0,0.9754723511284061
random_critical_line,22,109.77912990487772,0.002,0.502,HBR,10.0,0.002,1.6117011147345968,0.20863522592085912,0.9803921568627451,0.9755726909953042
random_critical_line,22,109.77912990487772,0.005,0.505,HBR,10.0,0.002,1.6371518019949307,0.2093423324292367,0.9523809523809523,0.9757223358144806
random_critical_line,22,109.77912990487772,0.01,0.51,HBR,10.0,0.002,1.6778064804381378,0.2105204855368484,0.9090909090909091,0.9759694556389137
random_critical_line,22,109.77912990487772,0.02,0.52,HBR,10.0,0.002,1.753197050148996,0.21287521633406412,0.8333333333333333,0.976455237342189
random_critical_line,22,109.77912990487772,0.05,0.55,HBR,10.0,0.002,1.9423483117556353,0.21992219460557613,0.6666666666666665,0.9778473083300047
random_critical_line,23,78.24505918641165,-0.05,0.45,HBR,10.0,0.002,1.3056358911022858,0.4097390180923974,0.6666666666666666,0.9920954864785367
random_critical_line,23,78.24505918641165,-0.02,0.48,HBR,10.0,0.002,1.058468084514336,0.41943468049457827,0.8333333333333333,0.9927275188778879
random_critical_line,23,78.24505918641165,-0.01,0.49,HBR,10.0,0.002,0.9637790134777152,0.4225823414170866,0.9090909090909091,0.9929272569787846
random_critical_line,23,78.24505918641165,-0.005,0.495,HBR,10.0,0.002,0.9134810461012717,0.42414003972553294,0.9523809523809523,0.9930251519267254
random_critical_line,23,78.24505918641165,-0.002,0.498,HBR,10.0,0.002,0.882246087419916,0.425069456904185,0.9803921568627451,0.9930832667490754
random_critical_line,23,78.24505918641165,0.0,0.5,HBR,10.0,0.002,0.8609532091072556,0.42568689217002154,1.0,0.993121752923082
random_critical_line,23,78.24505918641165,0.002,0.502,HBR,10.0,0.002,0.8792719915499069,0.4263025817043482,0.9803921568627451,0.993160034679766
random_critical_line,23,78.24505918641165,0.005,0.505,HBR,10.0,0.002,0.9060457388607306,0.42722283399126343,0.9523809523809523,0.9932170762968884
random_critical_line,23,78.24505918641165,0.01,0.51,HBR,10.0,0.002,0.9489079164091184,0.42874780326822653,0.9090909090909091,0.9933111381731002
random_critical_line,23,78.24505918641165,0.02,0.52,HBR,10.0,0.002,1.028722030405936,0.4317645906277474,0.8333333333333333,0.9934955409257324
random_critical_line,23,78.24505918641165,0.05,0.55,HBR,10.0,0.002,1.2312032878707129,0.44054604188777396,0.6666666666666665,0.9940200886915147
random_critical_line,24,21.2302572155262,-0.05,0.45,HBR,10.0,0.002,0.6313450457842624,0.8015862794689189,0.6666666666666666,0.9952938364041549
random_critical_line,24,21.2302572155262,-0.02,0.48,HBR,10.0,0.002,0.3998642978367125,0.8081584834589998,0.8333333333333333,0.9954646715577727
random_critical_line,24,21.2302572155262,-0.01,0.49,HBR,10.0,0.002,0.3109723719088409,0.8096345284230604,0.9090909090909091,0.9955202048576074
random_critical_line,24,21.2302572155262,-0.005,0.495,HBR,10.0,0.002,0.26368106509414935,0.8102368459782665,0.9523809523809523,0.9955477116400596
random_critical_line,24,21.2302572155262,-0.002,0.498,HBR,10.0,0.002,0.2342845936244049,0.8105548775399357,0.9803921568627451,0.9955641331621047
random_critical_line,24,21.2302572155262,0.0,0.5,HBR,10.0,0.002,0.21423169277952092,0.8107488759006758,1.0,0.9955750465891062
random_critical_line,24,21.2302572155262,0.002,0.502,HBR,10.0,0.002,0.2338018692750292,0.8109284899448699,0.9803921568627451,0.9955859326909602
random_critical_line,24,21.2302572155262,0.005,0.505,HBR,10.0,0.002,0.2624740256161825,0.8111710184999088,0.9523809523809523,0.9956022107555421
random_critical_line,24,21.2302572155262,0.01,0.51,HBR,10.0,0.002,0.3085566612868373,0.8115038832039315,0.9090909090909091,0.9956292051838979
random_critical_line,24,21.2302572155262,0.02,0.52,HBR,10.0,0.002,0.3950198613134877,0.8119052384894643,0.8333333333333333,0.99568268897339
random_critical_line,24,21.2302572155262,0.05,0.55,HBR,10.0,0.002,0.6190103254879495,0.8110904432731726,0.6666666666666665,0.9958391733448991
random_critical_line,25,74.17467388308766,-0.05,0.45,HBR,10.0,0.002,1.9482917196031317,0.21788238531002663,0.6666666666666666,0.9811531329306538
random_critical_line,25,74.17467388308766,-0.02,0.48,HBR,10.0,0.002,1.6944338153314984,0.2244357571190457,0.8333333333333333,0.9822135931627749
random_critical_line,25,74.17467388308766,-0.01,0.49,HBR,10.0,0.002,1.5974054400369144,0.22661703788113086,0.9090909090909091,0.9825524855470305
random_critical_line,25,74.17467388308766,-0.005,0.495,HBR,10.0,0.002,1.5459180543129478,0.22770687374354553,0.9523809523809523,0.9827192828398013
random_critical_line,25,74.17467388308766,-0.002,0.498,HBR,10.0,0.002,1.5139632132888978,0.22836049136470804,0.9803921568627451,0.9828185244935895
random_critical_line,25,74.17467388308766,0.0,0.5,HBR,10.0,0.002,1.4921878388728282,0.22879611206282277,1.0,0.982884339464678
random_critical_line,25,74.17467388308766,0.002,0.502,HBR,10.0,0.002,1.510022077852256,0.2292316298534386,0.9803921568627451,0.9829498789232949
random_critical_line,25,74.17467388308766,0.005,0.505,HBR,10.0,0.002,1.5360651942397578,0.22988470722687704,0.9523809523809523,0.9830476741229004
random_critical_line,25,74.17467388308766,0.01,0.51,HBR,10.0,0.002,1.5776995664535607,0.23097261386139906,0.9090909090909091,0.9832093053198989
random_critical_line,25,74.17467388308766,0.02,0.52,HBR,10.0,0.002,1.655020840760124,0.2331461812776496,0.8333333333333333,0.9835275303838452
random_critical_line,25,74.17467388308766,0.05,0.55,HBR,10.0,0.002,1.849737813786368,0.2396457191586051,0.6666666666666665,0.984443187762112
random_critical_line,26,114.3658193455127,-0.05,0.45,HBR,10.0,0.002,0.5869929989035099,0.843798246483755,0.6666666666666666,0.988381983096057
random_critical_line,26,114.3658193455127,-0.02,0.48,HBR,10.0,0.002,0.31552419923749675,0.8847162711638278,0.8333333333333333,0.9893428347855964
random_critical_line,26,114.3658193455127,-0.01,0.49,HBR,10.0,0.002,0.21940016070990934,0.8925426049662522,0.9090909090909091,0.9896450345597799
random_critical_line,26,114.3658193455127,-0.005,0.495,HBR,10.0,0.002,0.17009583951623589,0.8948974836294665,0.9523809523809523,0.9897928851580936
random_critical_line,26,114.3658193455127,-0.002,0.498,HBR,10.0,0.002,0.14003847677967685,0.8957760214628241,0.9803921568627451,0.9898805732765315
random_critical_line,26,114.3658193455127,0.0,0.5,HBR,10.0,0.002,0.11977519544785951,0.8961362187862818,1.0,0.9899386100924681
random_critical_line,26,114.3658193455127,0.002,0.502,HBR,10.0,0.002,0.13931831537194705,0.8963165584603676,0.9803921568627451,0.9899963115887296
random_critical_line,26,114.3658193455127,0.005,0.505,HBR,10.0,0.002,0.16828861818807678,0.8962542145357244,0.9523809523809523,0.9900822392508083
random_critical_line,26,114.3658193455127,0.01,0.51,HBR,10.0,0.002,0.21573767558294865,0.8952939336597552,0.9090909090909091,0.9902238021200781
random_critical_line,26,114.3658193455127,0.02,0.52,HBR,10.0,0.002,0.3078336297833621,0.8905041524430741,0.8333333333333333,0.9905008449636181
random_critical_line,26,114.3658193455127,0.05,0.55,HBR,10.0,0.002,0.5627401367313957,0.8619809033869071,0.6666666666666665,0.9912853285946988
random_critical_line,27,51.63755610637329,-0.05,0.45,HBR,10.0,0.002,1.5654616155035124,0.3165038037657967,0.6666666666666666,0.990469220388912
random_critical_line,27,51.63755610637329,-0.02,0.48,HBR,10.0,0.002,1.319494030306693,0.32362563756236723,0.8333333333333333,0.9910358173506556
random_critical_line,27,51.63755610637329,-0.01,0.49,HBR,10.0,0.002,1.2250794748327591,0.3259707503632573,0.9090909090909091,0.9912171261872422
random_critical_line,27,51.63755610637329,-0.005,0.495,HBR,10.0,0.002,1.1748958782066865,0.3271376952585104,0.9523809523809523,0.9913064059998968
random_critical_line,27,51.63755610637329,-0.002,0.498,HBR,10.0,0.002,1.1437223032080512,0.3278360411861792,0.9803921568627451,0.9913595393012222
random_critical_line,27,51.63755610637329,0.0,0.5,HBR,10.0,0.002,1.122467350998101,0.32830084061706755,1.0,0.9913947816364747
random_critical_line,27,51.63755610637329,0.002,0.502,HBR,10.0,0.002,1.140821673583579,0.32876502523417983,0.9803921568627451,0.9914298807539357
random_critical_line,27,51.63755610637329,0.005,0.505,HBR,10.0,0.002,1.1676442783384244,0.3294601434403601,0.9523809523809523,0.9914822621556469
random_critical_line,27,51.63755610637329,0.01,0.51,HBR,10.0,0.002,1.2105760907655398,0.33061556145600535,0.9090909090909091,0.9915688565273851
random_critical_line,27,51.63755610637329,0.02,0.52,HBR,10.0,0.002,1.2904857877017593,0.3329145776290507,0.8333333333333333,0.9917394222697639
random_critical_line,27,51.63755610637329,0.05,0.55,HBR,10.0,0.002,1.4929152253451727,0.3397142223206339,0.6666666666666665,0.9922307579506435
random_critical_line,28,81.56375628658915,-0.05,0.45,HBR,10.0,0.002,2.016161815846994,0.2041149956250947,0.6666666666666666,0.9786071754108239
random_critical_line,28,81.56375628658915,-0.02,0.48,HBR,10.0,0.002,1.7603688756864937,0.21062020719213487,0.8333333333333333,0.9798570497157567
random_critical_line,28,81.56375628658915,-0.01,0.49,HBR,10.0,0.002,1.6627193868679346,0.21278613526340234,0.9090909090909091,0.9802559875949747
random_critical_line,28,81.56375628658915,-0.005,0.495,HBR,10.0,0.002,1.6109258876011388,0.21386840407228794,0.9523809523809523,0.9804522481251081
random_critical_line,28,81.56375628658915,-0.002,0.498,HBR,10.0,0.002,1.578788795001922,0.2145175136581164,0.9803921568627451,0.9805689912156789
random_critical_line,28,81.56375628658915,0.0,0.5,HBR,10.0,0.002,1.556892508500216,0.214950141777553,1.0,0.980646400848434
random_critical_line,28,81.56375628658915,0.002,0.502,HBR,10.0,0.002,1.5746063058429498,0.21538267685725912,0.9803921568627451,0.9807234769217982
random_critical_line,28,81.56375628658915,0.005,0.505,HBR,10.0,0.002,1.6004696404900116,0.21603129800434756,0.9523809523809523,0.9808384688086164
random_critical_line,28,81.56375628658915,0.01,0.51,HBR,10.0,0.002,1.6418067196945485,0.2171118226613076,0.9090909090909091,0.9810284748071952
random_critical_line,28,81.56375628658915,0.02,0.52,HBR,10.0,0.002,1.718542157850854,0.21927077837589162,0.8333333333333333,0.9814023909282559
random_critical_line,28,81.56375628658915,0.05,0.55,HBR,10.0,0.002,1.9115708236437572,0.2257273735388865,0.6666666666666665,0.9824769501921581
random_critical_line,29,119.75687489087834,-0.05,0.45,HBR,10.0,0.002,1.790998751156291,0.25489584684143146,0.6666666666666666,0.981539146170611
random_critical_line,29,119.75687489087834,-0.02,0.48,HBR,10.0,0.002,1.5322372976965204,0.2637626232024927,0.8333333333333333,0.9829372401864274
random_critical_line,29,119.75687489087834,-0.01,0.49,HBR,10.0,0.002,1.4337425135142423,0.26668913772871694,0.9090909090909091,0.9833789233464141
random_critical_line,29,119.75687489087834,-0.005,0.495,HBR,10.0,0.002,1.3815529120820431,0.26814642683386536,0.9523809523809523,0.9835953767121521
random_critical_line,29,119.75687489087834,-0.002,0.498,HBR,10.0,0.002,1.3491865862860428,0.26901882667064064,0.9803921568627451,0.9837238664981605
random_critical_line,29,119.75687489087834,0.0,0.5,HBR,10.0,0.002,1.3271409736730637,0.26959958967102404,1.0,0.9838089554531224
random_critical_line,29,119.75687489087834,0.002,0.502,HBR,10.0,0.002,1.3447082328337558,0.2701796750897906,0.9803921568627451,0.9838935904809348
random_critical_line,29,119.75687489087834,0.005,0.505,HBR,10.0,0.002,1.370356970757149,0.27104851774476646,0.9523809523809523,0.9840196971167251
random_critical_line,29,119.75687489087834,0.01,0.51,HBR,10.0,0.002,1.4113502187841964,0.2724931042978977,0.9090909090909091,0.9842276387834565
random_critical_line,29,119.75687489087834,0.02,0.52,HBR,10.0,0.002,1.48744941225069,0.2753688346784614,0.8333333333333333,0.9846352681436414
random_critical_line,29,119.75687489087834,0.05,0.55,HBR,10.0,0.002,1.678971431139309,0.2838812865566438,0.6666666666666665,0.9857946717312196
random_critical_line,30,17.246610081763357,-0.05,0.45,HBR,10.0,0.002,1.6022948339443224,0.30363684134630653,0.6666666666666666,0.9951051855132896
random_critical_line,30,17.246610081763357,-0.02,0.48,HBR,10.0,0.002,1.3683288705421803,0.3068991124929326,0.8333333333333333,0.9952402590911604
random_critical_line,30,17.246610081763357,-0.01,0.49,HBR,10.0,0.002,1.2777534945568068,0.30798118642035993,0.9090909090909091,0.9952844195935051
random_critical_line,30,17.246610081763357,-0.005,0.495,HBR,10.0,0.002,1.2294595926559853,0.30852119983778736,0.9523809523809523,0.995306340231288
random_critical_line,30,17.246610081763357,-0.002,0.498,HBR,10.0,0.002,1.1994103153769675,0.308844877773518,0.9803921568627451,0.9953194418400827
random_critical_line,30,17.246610081763357,0.0,0.5,HBR,10.0,0.002,1.178900939739562,0.3090605249228005,1.0,0.9953281551598192
random_critical_line,30,17.246610081763357,0.002,0.502,HBR,10.0,0.002,1.1979976809340611,0.30927606122809537,0.9803921568627451,0.995336851649544
random_critical_line,30,17.246610081763357,0.005,0.505,HBR,10.0,0.002,1.2259280041566774,0.3095991572348969,0.9523809523809523,0.9953498649005972
random_critical_line,30,17.246610081763357,0.01,0.51,HBR,10.0,0.002,1.2706903004722887,0.3101370923622331,0.9090909090909091,0.9953714699725302
random_critical_line,30,17.246610081763357,0.02,0.52,HBR,10.0,0.002,1.3542023456893693,0.31121085355916117,0.8333333333333333,0.9954143681726157
random_critical_line,30,17.246610081763357,0.05,0.55,HBR,10.0,0.002,1.5669761302319325,0.31441495484517945,0.6666666666666665,0.9955406038936162
random_critical_line,31,74.17271923470066,-0.05,0.45,HBR,10.0,0.002,1.9488761502300909,0.21775631926571432,0.6666666666666666,0.9811475733348295
random_critical_line,31,74.17271923470066,-0.02,0.48,HBR,10.0,0.002,1.6950140302007857,0.22430677146816475,0.8333333333333333,0.9822083492646009
random_critical_line,31,74.17271923470066,-0.01,0.49,HBR,10.0,0.002,1.5979841280095992,0.22648712052949185,0.9090909090909091,0.9825473435979324
random_critical_line,31,74.17271923470066,-0.005,0.495,HBR,10.0,0.002,1.5464959564237528,0.2275764985766075,0.9523809523809523,0.9827141912597912
random_critical_line,31,74.17271923470066,-0.002,0.498,HBR,10.0,0.002,1.5145406367636614,0.22822984411065525,0.9803921568627451,0.9828134629425956
random_critical_line,31,74.17271923470066,0.0,0.5,HBR,10.0,0.002,1.4927649403033258,0.22866528450853246,1.0,0.982879297853149
random_critical_line,31,74.17271923470066,0.002,0.502,HBR,10.0,0.002,1.5105988548827998,0.22910062287570238,0.9803921568627451,0.9829448571874966
random_critical_line,31,74.17271923470066,0.005,0.505,HBR,10.0,0.002,1.5366414802670416,0.22975343276509647,0.9523809523809523,0.9830426820815148
random_critical_line,31,74.17271923470066,0.01,0.51,HBR,10.0,0.002,1.5782750224522515,0.23084089802268495,0.9090909090909091,0.9832043624525892
random_critical_line,31,74.17271923470066,0.02,0.52,HBR,10.0,0.002,1.65559459322544,0.23301359947333583,0.8333333333333333,0.9835226846855625
random_critical_line,31,74.17271923470066,0.05,0.55,HBR,10.0,0.002,1.8503061153829057,0.23951067707515913,0.6666666666666665,0.984438624301123
random_critical_line,32,25.70418411220618,-0.05,0.45,HBR,10.0,0.002,1.1253109563366808,0.49020479297476427,0.6666666666666666,0.9931100275654337
random_critical_line,32,25.70418411220618,-0.02,0.48,HBR,10.0,0.002,0.8900011168239478,0.4960727058397206,0.8333333333333333,0.9933752596016522
random_critical_line,32,25.70418411220618,-0.01,0.49,HBR,10.0,0.002,0.7991912342241364,0.4979174957591617,0.9090909090909091,0.9934613033475838
random_critical_line,32,25.70418411220618,-0.005,0.495,HBR,10.0,0.002,0.7508195778198428,0.49881893116873943,0.9523809523809523,0.993503890361436
random_critical_line,32,25.70418411220618,-0.002,0.498,HBR,10.0,0.002,0.7207362122038957,0.4993530772736719,0.9803921568627451,0.9935293045411043
random_critical_line,32,25.70418411220618,0.0,0.5,HBR,10.0,0.002,0.7002093279615782,0.4997063754446353,1.0,0.9935461900745984
random_critical_line,32,25.70418411220618,0.002,0.502,HBR,10.0,0.002,0.7192927236628369,0.500057433731685,0.9803921568627451,0.9935630299501842
random_critical_line,32,25.70418411220618,0.005,0.505,HBR,10.0,0.002,0.7472108144827513,0.5005798207669221,0.9523809523809523,0.993588204424936
random_critical_line,32,25.70418411220618,0.01,0.51,HBR,10.0,0.002,0.7919734076896658,0.5014392638987163,0.9090909090909091,0.9936299353374743
random_critical_line,32,25.70418411220618,0.02,0.52,HBR,10.0,0.002,0.8755630657660629,0.5031161534182765,0.8333333333333333,0.9937125544855396
random_critical_line,32,25.70418411220618,0.05,0.55,HBR,10.0,0.002,1.0891739636285191,0.507811832245636,0.6666666666666665,0.9939538057067195
random_critical_line,33,52.08932885627607,-0.05,0.45,HBR,10.0,0.002,1.4468366311775576,0.35640182936157633,0.6666666666666666,0.9903715803716159
random_critical_line,33,52.08932885627607,-0.02,0.48,HBR,10.0,0.002,1.2016566756593319,0.3641238029173573,0.8333333333333333,0.9909672747962681
random_critical_line,33,52.08932885627607,-0.01,0.49,HBR,10.0,0.002,1.1075801103869327,0.3666350026009055,0.9090909090909091,0.9911578622236783
random_critical_line,33,52.08932885627607,-0.005,0.495,HBR,10.0,0.002,1.057579406911048,0.3678785375166517,0.9523809523809523,0.9912517046323821
random_critical_line,33,52.08932885627607,-0.002,0.498,HBR,10.0,0.002,1.0265199800150167,0.36862076364011614,0.9803921568627451,0.9913075512185724
random_critical_line,33,52.08932885627607,0.0,0.5,HBR,10.0,0.002,1.005342956504677,0.3691139506470776,1.0,0.9913445923590134
random_critical_line,33,52.08932885627607,0.002,0.502,HBR,10.0,0.002,1.0237766669199801,0.3696058291978386,0.9803921568627451,0.9913814822752612
random_critical_line,33,52.08932885627607,0.005,0.505,HBR,10.0,0.002,1.050721080048067,0.3703411860934554,0.9523809523809523,0.9914365349279824
random_critical_line,33,52.08932885627607,0.01,0.51,HBR,10.0,0.002,1.093863141499736,0.3715601903454856,0.9090909090909091,0.9915275417714684
random_critical_line,33,52.08932885627607,0.02,0.52,HBR,10.0,0.002,1.174220217223342,0.373973303187599,0.8333333333333333,0.9917067855544757
random_critical_line,33,52.08932885627607,0.05,0.55,HBR,10.0,0.002,1.378201443731265,0.3810102696999556,0.6666666666666665,0.9922230124731872
random_critical_line,34,85.31831083971072,-0.05,0.45,HBR,10.0,0.002,1.2577614129157766,0.4311462740079313,0.6666666666666666,0.9890717111857047
random_critical_line,34,85.31831083971072,-0.02,0.48,HBR,10.0,0.002,1.0096596984355748,0.44169240335566634,0.8333333333333333,0.989855226439101
random_critical_line,34,85.31831083971072,-0.01,0.49,HBR,10.0,0.002,0.9148384897649853,0.4450438602030498,0.9090909090909091,0.9901034260563268
random_critical_line,34,85.31831083971072,-0.005,0.495,HBR,10.0,0.002,0.864507345819728,0.44668828373054614,0.9523809523809523,0.9902251849333054
random_critical_line,34,85.31831083971072,-0.002,0.498,HBR,10.0,0.002,0.8332629005264443,0.44766486315593684,0.9803921568627451,0.990297502512705
random_critical_line,34,85.31831083971072,0.0,0.5,HBR,10.0,0.002,0.8119680130816611,0.4483117066205014,1.0,0.9903454094333091
random_critical_line,34,85.31831083971072,0.002,0.502,HBR,10.0,0.002,0.8302882234854535,0.4489551764570303,0.9803921568627451,0.9903930739575085
random_critical_line,34,85.31831083971072,0.005,0.505,HBR,10.0,0.002,0.8570705281452111,0.4499140451321189,0.9523809523809523,0.9904641189391953
random_critical_line,34,85.31831083971072,0.01,0.51,HBR,10.0,0.002,0.8999639611635957,0.45149522690669847,0.9090909090909091,0.9905813325968549
random_critical_line,34,85.31831083971072,0.02,0.52,HBR,10.0,0.002,0.9799034989414271,0.45459388735003214,0.8333333333333333,0.9908113477821264
random_critical_line,34,85.31831083971072,0.05,0.55,HBR,10.0,0.002,1.1832463397063095,0.4633780509298317,0.6666666666666665,0.9914674127105435
random_critical_line,35,42.290143080909836,-0.05,0.45,HBR,10.0,0.002,1.1875498023101363,0.459708953467248,0.6666666666666666,0.9950891034683953
random_critical_line,35,42.290143080909836,-0.02,0.48,HBR,10.0,0.002,0.9477814762916125,0.46724556203592504,0.8333333333333333,0.9954507903839858
random_critical_line,35,42.290143080909836,-0.01,0.49,HBR,10.0,0.002,0.8554568715063934,0.46968023441097595,0.9090909090909091,0.9955663342777183
random_critical_line,35,42.290143080909836,-0.005,0.495,HBR,10.0,0.002,0.806322409596743,0.47088290182343434,0.9523809523809523,0.9956231927912126
random_critical_line,35,42.290143080909836,-0.002,0.498,HBR,10.0,0.002,0.775779613618647,0.471599793950311,0.9803921568627451,0.9956570190446835
random_critical_line,35,42.290143080909836,0.0,0.5,HBR,10.0,0.002,0.7549457140338262,0.47207575716586825,1.0,0.9956794503140444
random_critical_line,35,42.290143080909836,0.002,0.502,HBR,10.0,0.002,0.7737215115786964,0.4725501468493613,0.9803921568627451,0.995701786370192
random_critical_line,35,42.290143080909836,0.005,0.505,HBR,10.0,0.002,0.801177112589699,0.473258778060046,0.9523809523809523,0.9957351127504435
random_critical_line,35,42.290143080909836,0.01,0.51,HBR,10.0,0.002,0.8451659781677373,0.47443194394400856,0.9090909090909091,0.9957901859496472
random_critical_line,35,42.290143080909836,0.02,0.52,HBR,10.0,0.002,0.9271972954033157,0.4767486374438702,0.8333333333333333,0.995898587761306
random_critical_line,35,42.290143080909836,0.05,0.55,HBR,10.0,0.002,1.1360474945324688,0.48346061271831436,0.6666666666666665,0.9962102431385947
random_critical_line,36,119.4631652959751,-0.05,0.45,HBR,10.0,0.002,1.6475683783502977,0.29408315692887993,0.6666666666666666,0.9819542450900098
random_critical_line,36,119.4631652959751,-0.02,0.48,HBR,10.0,0.002,1.3898858913970362,0.30397693125539105,0.8333333333333333,0.9833788117731496
random_critical_line,36,119.4631652959751,-0.01,0.49,HBR,10.0,0.002,1.2918905424919176,0.3071936839607806,0.9090909090909091,0.9838286583849026
random_critical_line,36,119.4631652959751,-0.005,0.495,HBR,10.0,0.002,1.239976375312082,0.3087860305614551,0.9523809523809523,0.98404907375219
random_critical_line,36,119.4631652959751,-0.002,0.498,HBR,10.0,0.002,1.2077834649680972,0.3097362137165672,0.9803921568627451,0.9841799029512943
random_critical_line,36,119.4631652959751,0.0,0.5,HBR,10.0,0.002,1.185856842235842,0.31036747092577727,1.0,0.9842665358903835
random_critical_line,36,119.4631652959751,0.002,0.502,HBR,10.0,0.002,1.203545784340962,0.3109969579487566,0.9803921568627451,0.9843527024697004
random_critical_line,36,119.4631652959751,0.005,0.505,HBR,10.0,0.002,1.2293820757535887,0.3119378480692921,0.9523809523809523,0.9844810832468107
random_critical_line,36,119.4631652959751,0.01,0.51,HBR,10.0,0.002,1.2707012435192953,0.3134970113369987,0.9090909090909091,0.9846927537946614
random_critical_line,36,119.4631652959751,0.02,0.52,HBR,10.0,0.002,1.3475016970307596,0.31658112558685125,0.8333333333333333,0.9851076140163944
random_critical_line,36,119.4631652959751,0.05,0.55,HBR,10.0,0.002,1.5415102255029316,0.3255506631104745,0.6666666666666665,0.9862869572849283
random_critical_line,37,64.20461405797917,-0.05,0.45,HBR,10.0,0.002,1.6997007190483933,0.2787840768635694,0.6666666666666666,0.983224407874897
random_critical_line,37,64.20461405797917,-0.02,0.48,HBR,10.0,0.002,1.4493970456201988,0.28619200473375794,0.8333333333333333,0.9841439119507388
random_critical_line,37,64.20461405797917,-0.01,0.49,HBR,10.0,0.002,1.3536338545797406,0.2886214256812807,0.9090909090909091,0.9844380783348863
random_critical_line,37,64.20461405797917,-0.005,0.495,HBR,10.0,0.002,1.302793897680381,0.28982830752580674,0.9523809523809523,0.9845829197842101
random_critical_line,37,64.20461405797917,-0.002,0.498,HBR,10.0,0.002,1.271232226126084,0.2905498891647717,0.9803921568627451,0.9846691161773282
random_critical_line,37,64.20461405797917,0.0,0.5,HBR,10.0,0.002,1.2497209194774273,0.2910298725934406,1.0,0.9847262872763247
random_critical_line,37,64.20461405797917,0.002,0.502,HBR,10.0,0.002,1.267820785099903,0.29150899395653557,0.9803921568627451,0.9847832249779114
random_critical_line,37,64.20461405797917,0.005,0.505,HBR,10.0,0.002,1.2942652548559246,0.29222604987950956,0.9523809523809523,0.9848681960240635
random_critical_line,37,64.20461405797917,0.01,0.51,HBR,10.0,0.002,1.3365762813846114,0.2934167702116242,0.9090909090909091,0.9850086610893622
random_critical_line,37,64.20461405797917,0.02,0.52,HBR,10.0,0.002,1.4152795994256928,0.2957815725828465,0.8333333333333333,0.9852853196739004
random_critical_line,37,64.20461405797917,0.05,0.55,HBR,10.0,0.002,1.6143669201826545,0.30273839820918147,0.6666666666666665,0.9860821677297266
random_critical_line,38,82.71226490614599,-0.05,0.45,HBR,10.0,0.002,0.8956350093318458,0.6209076810644953,0.6666666666666666,0.9864949906875135
random_critical_line,38,82.71226490614599,-0.02,0.48,HBR,10.0,0.002,0.647381045973728,0.636093217330098,0.8333333333333333,0.9874303355927335
random_critical_line,38,82.71226490614599,-0.01,0.49,HBR,10.0,0.002,0.5540002330901994,0.6399656137012396,0.9090909090909091,0.9877267180830986
random_critical_line,38,82.71226490614599,-0.005,0.495,HBR,10.0,0.002,0.5046685202673922,0.6416730718256151,0.9523809523809523,0.987872125552392
random_critical_line,38,82.71226490614599,-0.002,0.498,HBR,10.0,0.002,0.47411226115776484,0.6426242859661834,0.9803921568627451,0.9879584921234689
random_critical_line,38,82.71226490614599,0.0,0.5,HBR,10.0,0.002,0.4533127836839154,0.6432279547381866,1.0,0.988015706993209
random_critical_line,38,82.71226490614599,0.002,0.502,HBR,10.0,0.002,0.4721575245821326,0.6438072951645425,0.9803921568627451,0.988072633229191
random_critical_line,38,82.71226490614599,0.005,0.505,HBR,10.0,0.002,0.4997808594405591,0.6446308197334785,0.9523809523809523,0.9881574844555244
random_critical_line,38,82.71226490614599,0.01,0.51,HBR,10.0,0.002,0.544219064591625,0.6458827126229164,0.9090909090909091,0.9882974797391151
random_critical_line,38,82.71226490614599,0.02,0.52,HBR,10.0,0.002,0.6277721183116404,0.6479401342668645,0.8333333333333333,0.988572209733556
random_critical_line,38,82.71226490614599,0.05,0.55,HBR,10.0,0.002,0.8458172638083192,0.6507362139650184,0.6666666666666665,0.9893558189898365
random_critical_line,39,42.9795477337457,-0.05,0.45,HBR,10.0,0.002,0.8798942373381484,0.6263477252736043,0.6666666666666666,0.9934420589539416
random_critical_line,39,42.9795477337457,-0.02,0.48,HBR,10.0,0.002,0.6423607673440557,0.6351647925769467,0.8333333333333333,0.9938505729351151
random_critical_line,39,42.9795477337457,-0.01,0.49,HBR,10.0,0.002,0.5512498633874026,0.6376902207226032,0.9090909090909091,0.9939811636292126
random_critical_line,39,42.9795477337457,-0.005,0.495,HBR,10.0,0.002,0.5028086364198182,0.638875221471567,0.9523809523809523,0.9940454420534759
random_critical_line,39,42.9795477337457,-0.002,0.498,HBR,10.0,0.002,0.4727091491233338,0.6395614073981909,0.9803921568627451,0.9940836873783823
random_critical_line,39,42.9795477337457,0.0,0.5,HBR,10.0,0.002,0.45218212034188476,0.6400085449001948,1.0,0.994109051052878
random_critical_line,39,42.9795477337457,0.002,0.502,HBR,10.0,0.002,0.47127381139547264,0.6404474399396701,0.9803921568627451,0.9941343086310533
random_critical_line,39,42.9795477337457,0.005,0.505,HBR,10.0,0.002,0.4992200863041129,0.6410903566385893,0.9523809523809523,0.9941719969461763
random_critical_line,39,42.9795477337457,0.01,0.51,HBR,10.0,0.002,0.544071293654897,0.6421208751590883,0.9090909090909091,0.9942342859935404
random_critical_line,39,42.9795477337457,0.02,0.52,HBR,10.0,0.002,0.6279918865529619,0.6440291655876753,0.8333333333333333,0.9943569183012013
random_critical_line,39,42.9795477337457,0.05,0.55,HBR,10.0,0.002,0.8437681879017682,0.6485613214931762,0.6666666666666665,0.994709684198094
random_critical_line,40,28.430002041193422,-0.05,0.45,HBR,10.0,0.002,1.7188591559208775,0.2713003383926167,0.6666666666666666,0.9911739445351022
random_critical_line,40,28.430002041193422,-0.02,0.48,HBR,10.0,0.002,1.4785802069453073,0.2758969325903237,0.8333333333333333,0.991505548962307
random_critical_line,40,28.430002041193422,-0.01,0.49,HBR,10.0,0.002,1.3859506587382187,0.2774212413700967,0.9090909090909091,0.9916130900420635
random_critical_line,40,28.430002041193422,-0.005,0.495,HBR,10.0,0.002,1.3366390073842118,0.278181852086803,0.9523809523809523,0.9916663110585426
random_critical_line,40,28.430002041193422,-0.002,0.498,HBR,10.0,0.002,1.3059820592801914,0.27863771643737106,0.9803921568627451,0.991698069306158
random_critical_line,40,28.430002041193422,0.0,0.5,HBR,10.0,0.002,1.2850688088680131,0.2789414149427819,1.0,0.9917191691616812
random_critical_line,40,28.430002041193422,0.002,0.502,HBR,10.0,0.002,1.3037626654040129,0.27924494356100804,0.9803921568627451,0.9917402113599376
random_critical_line,40,28.430002041193422,0.005,0.505,HBR,10.0,0.002,1.3310905159010473,0.27969991601133976,0.9523809523809523,0.9917716669056501
random_critical_line,40,28.430002041193422,0.01,0.51,HBR,10.0,0.002,1.3748536272531495,0.2804573414726884,0.9090909090909091,0.9918238068267438
random_critical_line,40,28.430002041193422,0.02,0.52,HBR,10.0,0.002,1.456385755846204,0.2819689108344521,0.8333333333333333,0.9919270232568198
random_critical_line,40,28.430002041193422,0.05,0.55,HBR,10.0,0.002,1.663366238262701,0.2864764008936474,0.6666666666666665,0.9922283431220766
known_zero,1,14.134725141734695,-0.05,0.45,HR,10.0,0.002,0.042973744925260536,0.9611015085657382,0.6666666666666666,0.9967069366688567
known_zero,1,14.134725141734695,-0.02,0.48,HR,10.0,0.002,0.01908528495172132,0.9842592352932567,0.8333333333333333,0.9967858576223427
known_zero,1,14.134725141734695,-0.01,0.49,HR,10.0,0.002,0.011125656124478148,0.992099083813463,0.9090909090909091,0.99681173104062
known_zero,1,14.134725141734695,-0.005,0.495,HR,10.0,0.002,0.007146439382212342,0.996041879541167,0.9523809523809523,0.9968245874858258
known_zero,1,14.134725141734695,-0.002,0.498,HR,10.0,0.002,0.004759100507351996,0.9984149091363574,0.9803921568627451,0.996832275798938
known_zero,1,14.134725141734695,0.0,0.5,HR,10.0,0.002,0.0031676208924566037,0.9999999999999993,1.0,0.9968373907235745
known_zero,1,14.134725141734695,0.002,0.502,HR,10.0,0.002,0.004746279197951897,0.9984174725783888,0.9803921568627451,0.9968424971710539
known_zero,1,14.134725141734695,0.005,0.505,HR,10.0,0.002,0.007104795901490582,0.9960578252183172,0.9523809523809523,0.9968501409790239
known_zero,1,14.134725141734695,0.01,0.51,HR,10.0,0.002,0.011010602561018788,0.9921623658563791,0.9090909090909091,0.996862838476364
known_zero,1,14.134725141734695,0.02,0.52,HR,10.0,0.002,0.01872959402631723,0.9845084302013415,0.8333333333333333,0.9968880760886593
known_zero,1,14.134725141734695,0.05,0.55,HR,10.0,0.002,0.04117118713506274,0.9625886526041028,0.6666666666666665,0.996962545749788
jittered_zero,1,14.151482552448488,-0.05,0.45,HR,10.0,0.002,0.04516444823659406,0.9590071292426331,0.6666666666666666,0.9966977861904448
jittered_zero,1,14.151482552448488,-0.02,0.48,HR,10.0,0.002,0.02390586638682302,0.9795346654954282,0.8333333333333333,0.9967769899078464
jittered_zero,1,14.151482552448488,-0.01,0.49,HR,10.0,0.002,0.01864462056902616,0.9846761685523614,0.9090909090909091,0.9968029556492776
jittered_zero,1,14.151482552448488,-0.005,0.495,HR,10.0,0.002,0.017010832712013733,0.9862734694549945,0.9523809523809523,0.9968158578994095
jittered_zero,1,14.151482552448488,-0.002,0.498,HR,10.0,0.002,0.01650716053504291,0.9867627152151642,0.9803921568627451,0.9968235735820455
jittered_zero,1,14.151482552448488,0.0,0.5,HR,10.0,0.002,0.01639805538883034,0.986865300134933,1.0,0.9968287067059279
jittered_zero,1,14.151482552448488,0.002,0.502,HR,10.0,0.002,0.016475397062036407,0.9867839043032159,0.9803921568627451,0.9968338313150604
jittered_zero,1,14.151482552448488,0.005,0.505,HR,10.0,0.002,0.016929506624661344,0.9863283078891892,0.9523809523809523,0.9968415022951904
jittered_zero,1,14.151482552448488,0.01,0.51,HR,10.0,0.002,0.01846927518908493,0.9847981705553941,0.9090909090909091,0.996854244892581
jittered_zero,1,14.151482552448488,0.02,0.52,HR,10.0,0.002,0.02347333768048529,0.9798575931352255,0.8333333333333333,0.9968795720084369
jittered_zero,1,14.151482552448488,0.05,0.55,HR,10.0,0.002,0.043275323891416875,0.9605733040815293,0.6666666666666665,0.9969543046923055
known_zero,2,21.022039638771556,-0.05,0.45,HR,10.0,0.002,0.061760685205770126,0.9446491667826473,0.6666666666666666,0.9951925801058175
known_zero,2,21.022039638771556,-0.02,0.48,HR,10.0,0.002,0.027400565408229337,0.9775040758940319,0.8333333333333333,0.9953630360755067
known_zero,2,21.022039638771556,-0.01,0.49,HR,10.0,0.002,0.015964464557917928,0.9886920147975717,0.9090909090909091,0.9954184693962098
known_zero,2,21.022039638771556,-0.005,0.495,HR,10.0,0.002,0.010249670606803363,0.9943309299219829,0.9523809523809523,0.9954459310011573
known_zero,2,21.022039638771556,-0.002,0.498,HR,10.0,0.002,0.006821838595976713,0.9977287441659157,0.9803921568627451,0.995462326938867
known_zero,2,21.022039638771556,0.0,0.5,HR,10.0,0.002,0.004537052934734931,0.9999999999999989,1.0,0.9954732239398181
known_zero,2,21.022039638771556,0.002,0.502,HR,10.0,0.002,0.0067944935007065495,0.997734210669961,0.9803921568627451,0.9954840941174949
known_zero,2,21.022039638771556,0.005,0.505,HR,10.0,0.002,0.01016087761574277,0.9943648643266608,0.9523809523809523,0.9955003492325938
known_zero,2,21.022039638771556,0.01,0.51,HR,10.0,0.002,0.0157193878600171,0.9888262321598006,0.9090909090909091,0.9955273078938603
known_zero,2,21.022039638771556,0.02,0.52,HR,10.0,0.002,0.026644924792210565,0.9780290946078216,0.8333333333333333,0.9955807293494429
known_zero,2,21.022039638771556,0.05,0.55,HR,10.0,0.002,0.057965227091152004,0.9477228107223034,0.6666666666666665,0.995737098213088
jittered_zero,2,20.996435692539457,-0.05,0.45,HR,10.0,0.002,0.06866355283054543,0.9381622031600517,0.6666666666666666,0.9951805187651019
jittered_zero,2,20.996435692539457,-0.02,0.48,HR,10.0,0.002,0.041409713921947054,0.96391727650466,0.8333333333333333,0.9953509274341423
jittered_zero,2,20.996435692539457,-0.01,0.49,HR,10.0,0.002,0.03559817140373902,0.9694814516285136,0.9090909090909091,0.9954063482122284
jittered_zero,2,20.996435692539457,-0.005,0.495,HR,10.0,0.002,0.03392759867394399,0.9710756096628144,0.9523809523809523,0.9954338041332041
jittered_zero,2,20.996435692539457,-0.002,0.498,HR,10.0,0.002,0.033409730439184215,0.9715626295074796,0.9803921568627451,0.9954501968463159
jittered_zero,2,20.996435692539457,0.0,0.5,HR,10.0,0.002,0.03327822720633131,0.9716797667678875,1.0,0.9954610917744485
jittered_zero,2,20.996435692539457,0.002,0.502,HR,10.0,0.002,0.033319335860381744,0.9716292151651861,0.9803921568627451,0.9954719599405613
jittered_zero,2,20.996435692539457,0.005,0.505,HR,10.0,0.002,0.03369898338822199,0.9712445518762685,0.9523809523809523,0.9954882121526487
jittered_zero,2,20.996435692539457,0.01,0.51,HR,10.0,0.002,0.03512283201379696,0.9698363711435223,0.9090909090909091,0.9955151662784941
jittered_zero,2,20.996435692539457,0.02,0.52,HR,10.0,0.002,0.040330526979911706,0.964747124704856,0.8333333333333333,0.9955685797860927
jittered_zero,2,20.996435692539457,0.05,0.55,HR,10.0,0.002,0.06449035069959252,0.9415704370752448,0.6666666666666665,0.9957249335308574
known_zero,3,25.01085758014569,-0.05,0.45,HR,10.0,0.002,0.07446472159663194,0.9336977547960507,0.6666666666666666,0.994154923843751
known_zero,3,25.01085758014569,-0.02,0.48,HR,10.0,0.002,0.033061839066037116,0.972935912267784,0.8333333333333333,0.9943910154380573
known_zero,3,25.01085758014569,-0.01,0.49,HR,10.0,0.002,0.01926567522844406,0.9863757877100621,0.9090909090909091,0.9944675589526293
known_zero,3,25.01085758014569,-0.005,0.495,HR,10.0,0.002,0.012368487314808167,0.9931646959802954,0.9523809523809523,0.994505435038754
known_zero,3,25.01085758014569,-0.002,0.498,HR,10.0,0.002,0.008230459964322904,0.99726029084361,0.9803921568627451,0.9945280351016973
known_zero,3,25.01085758014569,0.0,0.5,HR,10.0,0.002,0.00547189382246251,0.9999999999999991,1.0,0.9945430497176299
known_zero,3,25.01085758014569,0.002,0.502,HR,10.0,0.002,0.008192749068630607,0.9972678288300868,0.9803921568627451,0.9945580227910095
known_zero,3,25.01085758014569,0.005,0.505,HR,10.0,0.002,0.01224605749880914,0.9932114242265121,0.9523809523809523,0.9945804047547341
known_zero,3,25.01085758014569,0.01,0.51,HR,10.0,0.002,0.018927985624960546,0.9865601821055644,0.9090909090909091,0.9946175019038989
known_zero,3,25.01085758014569,0.02,0.52,HR,10.0,0.002,0.032022532387899996,0.9736539570616771,0.8333333333333333,0.9946909294959566
known_zero,3,25.01085758014569,0.05,0.55,HR,10.0,0.002,0.069275678269638,0.9378475617179498,0.6666666666666665,0.9949052018063149
jittered_zero,3,24.902128954938,-0.05,0.45,HR,10.0,0.002,0.16048560710933243,0.8566011123153524,0.6666666666666666,0.9943135376484016
jittered_zero,3,24.902128954938,-0.02,0.48,HR,10.0,0.002,0.1464981960260211,0.8684644529263259,0.8333333333333333,0.9945453582615695
jittered_zero,3,24.902128954938,-0.01,0.49,HR,10.0,0.002,0.14390054297287339,0.8706575646257254,0.9090909090909091,0.9946205099975687
jittered_zero,3,24.902128954938,-0.005,0.495,HR,10.0,0.002,0.1430114215245873,0.8713994500208556,0.9523809523809523,0.9946576960503063
jittered_zero,3,24.902128954938,-0.002,0.498,HR,10.0,0.002,0.14260967525368226,0.8717301560838657,0.9803921568627451,0.9946798839517534
jittered_zero,3,24.902128954938,0.0,0.5,HR,10.0,0.002,0.14239662211678275,0.871902979588369,1.0,0.9946946245642161
jittered_zero,3,24.902128954938,0.002,0.502,HR,10.0,0.002,0.1422272442198985,0.8720377861379158,0.9803921568627451,0.994709324248846
jittered_zero,3,24.902128954938,0.005,0.505,HR,10.0,0.002,0.14205465870051623,0.8721690340932947,0.9523809523809523,0.9947312972783688
jittered_zero,3,24.902128954938,0.01,0.51,HR,10.0,0.002,0.14198213508748414,0.872200356640641,0.9090909090909091,0.9947677159203726
jittered_zero,3,24.902128954938,0.02,0.52,HR,10.0,0.002,0.1426227012354442,0.8715786780094457,0.8333333333333333,0.994839797841478
jittered_zero,3,24.902128954938,0.05,0.55,HR,10.0,0.002,0.1501584111958368,0.8648525560429545,0.6666666666666665,0.9950501220458011
known_zero,4,30.424876125859512,-0.05,0.45,HR,10.0,0.002,0.07127015404931111,0.9364674648638552,0.6666666666666666,0.994386161666154
known_zero,4,30.424876125859512,-0.02,0.48,HR,10.0,0.002,0.031518755420232365,0.9741889664571849,0.8333333333333333,0.9946456140983146
known_zero,4,30.424876125859512,-0.01,0.49,HR,10.0,0.002,0.018341991627286735,0.9870276580623059,0.9090909090909091,0.9947291658102755
known_zero,4,30.424876125859512,-0.005,0.495,HR,10.0,0.002,0.01176747596610049,0.993497077254125,0.9523809523809523,0.9947704050878861
known_zero,4,30.424876125859512,-0.002,0.498,HR,10.0,0.002,0.007827209453534196,0.9973948046693598,0.9803921568627451,0.9947949786151669
known_zero,4,30.424876125859512,0.0,0.5,HR,10.0,0.002,0.0052022175981161775,0.9999999999999989,1.0,0.9948112904996831
known_zero,4,30.424876125859512,0.002,0.502,HR,10.0,0.002,0.007786266345050476,0.9974029889592034,0.9803921568627451,0.994827546223938
known_zero,4,30.424876125859512,0.005,0.505,HR,10.0,0.002,0.011634545317471951,0.9935478324877147,0.9523809523809523,0.9948518249083396
known_zero,4,30.424876125859512,0.01,0.51,HR,10.0,0.002,0.017975263754843138,0.987228077640945,0.9090909090909091,0.994892011155
known_zero,4,30.424876125859512,0.02,0.52,HR,10.0,0.002,0.030389452585001576,0.9749704493510974,0.8333333333333333,0.9949713504202379
known_zero,4,30.424876125859512,0.05,0.55,HR,10.0,0.002,0.06562097925508667,0.9410013264396799,0.6666666666666665,0.9952013012560579
jittered_zero,4,30.399674919671074,-0.05,0.45,HR,10.0,0.002,0.07931444415562108,0.9290215285503006,0.6666666666666666,0.9943250858872219
jittered_zero,4,30.399674919671074,-0.02,0.48,HR,10.0,0.002,0.047397794792786205,0.9588996920719517,0.8333333333333333,0.9945857214812309
jittered_zero,4,30.399674919671074,-0.01,0.49,HR,10.0,0.002,0.040552890027083045,0.9654043004402622,0.9090909090909091,0.9946696680727003
jittered_zero,4,30.399674919671074,-0.005,0.495,HR,10.0,0.002,0.038567742108008056,0.9672823784039413,0.9523809523809523,0.9947111048680419
jittered_zero,4,30.399674919671074,-0.002,0.498,HR,10.0,0.002,0.03794197311236881,0.9678638375314097,0.9803921568627451,0.9947357969291326
jittered_zero,4,30.399674919671074,0.0,0.5,HR,10.0,0.002,0.037774277644301205,0.9680102069792821,1.0,0.994752187845436
jittered_zero,4,30.399674919671074,0.002,0.502,HR,10.0,0.002,0.03780790329646387,0.9679617627126996,0.9803921568627451,0.9947685226086483
jittered_zero,4,30.399674919671074,0.005,0.505,HR,10.0,0.002,0.0382285780155919,0.9675309220683522,0.9523809523809523,0.9947929198645089
jittered_zero,4,30.399674919671074,0.01,0.51,HR,10.0,0.002,0.03984711658860072,0.9659269904930734,0.9090909090909091,0.994833303763394
jittered_zero,4,30.399674919671074,0.02,0.52,HR,10.0,0.002,0.045792251937844454,0.9601245073720227,0.8333333333333333,0.9949130384466167
jittered_zero,4,30.399674919671074,0.05,0.55,HR,10.0,0.002,0.07309640853919352,0.9340467794339291,0.6666666666666665,0.9951441762361495
known_zero,5,32.93506158773919,-0.05,0.45,HR,10.0,0.002,0.07556681473390309,0.9327883465159038,0.6666666666666666,0.9940280451794354
known_zero,5,32.93506158773919,-0.02,0.48,HR,10.0,0.002,0.03341682362186336,0.9726625557810072,0.8333333333333333,0.9943174484835883
known_zero,5,32.93506158773919,-0.01,0.49,HR,10.0,0.002,0.019445312573333626,0.9862551947009693,0.9090909090909091,0.9944105068086257
known_zero,5,32.93506158773919,-0.005,0.495,HR,10.0,0.002,0.012474346888146089,0.9931085189596559,0.9523809523809523,0.9944564127747164
known_zero,5,32.93506158773919,-0.002,0.498,HR,10.0,0.002,0.008296509351678312,0.997238821422717,0.9803921568627451,0.9944837589501452
known_zero,5,32.93506158773919,0.0,0.5,HR,10.0,0.002,0.005513262190622577,0.9999999999999973,1.0,0.9945019079455897
known_zero,5,32.93506158773919,0.002,0.502,HR,10.0,0.002,0.008250942856100995,0.9972479296084082,0.9803921568627451,0.9945199917688711
known_zero,5,32.93506158773919,0.005,0.505,HR,10.0,0.002,0.01232641430705012,0.9931649775537247,0.9523809523809523,0.9945469957885292
known_zero,5,32.93506158773919,0.01,0.51,HR,10.0,0.002,0.019037288550040013,0.9864779649275477,0.9090909090909091,0.9945916797434632
known_zero,5,32.93506158773919,0.02,0.52,HR,10.0,0.002,0.03216110484041623,0.9735298889618965,0.8333333333333333,0.9946798496135232
known_zero,5,32.93506158773919,0.05,0.55,HR,10.0,0.002,0.06929760291233966,0.9377988976905485,0.6666666666666665,0.994935015346009
jittered_zero,5,32.960423164821364,-0.05,0.45,HR,10.0,0.002,0.08426513956509121,0.924781869933809,0.6666666666666666,0.993950617641663
jittered_zero,5,32.960423164821364,-0.02,0.48,HR,10.0,0.002,0.05045469898321255,0.9563033215992078,0.8333333333333333,0.9942420760137433
jittered_zero,5,32.960423164821364,-0.01,0.49,HR,10.0,0.002,0.04321462850140626,0.9631613469305872,0.9090909090909091,0.994335808940708
jittered_zero,5,32.960423164821364,-0.005,0.495,HR,10.0,0.002,0.04111301877469831,0.9651427809586103,0.9523809523809523,0.9943820503016795
jittered_zero,5,32.960423164821364,-0.002,0.498,HR,10.0,0.002,0.04044772341432183,0.9657583457530321,0.9803921568627451,0.9944095971100885
jittered_zero,5,32.960423164821364,0.0,0.5,HR,10.0,0.002,0.04026679873869681,0.9659153324504479,1.0,0.9944278796105847
jittered_zero,5,32.960423164821364,0.002,0.502,HR,10.0,0.002,0.040297697059777315,0.965867793818648,0.9803921568627451,0.9944460967394705
jittered_zero,5,32.960423164821364,0.005,0.505,HR,10.0,0.002,0.04073354921007742,0.9654205003972283,0.9523809523809523,0.9944733003450036
jittered_zero,5,32.960423164821364,0.01,0.51,HR,10.0,0.002,0.04242538619856187,0.9637449225078248,0.9090909090909091,0.9945183159550733
jittered_zero,5,32.960423164821364,0.02,0.52,HR,10.0,0.002,0.04866185962589091,0.9576677177145854,0.8333333333333333,0.994607145466772
jittered_zero,5,32.960423164821364,0.05,0.55,HR,10.0,0.002,0.07734638170034051,0.9303472178783501,0.6666666666666665,0.9948642614865384
known_zero,6,37.586178158825675,-0.05,0.45,HR,10.0,0.002,0.10491249255324901,0.9080300262816691,0.6666666666666666,0.9916008117252761
known_zero,6,37.586178158825675,-0.02,0.48,HR,10.0,0.002,0.04666964206419731,0.9620646912877403,0.8333333333333333,0.9920358252860575
known_zero,6,37.586178158825675,-0.01,0.49,HR,10.0,0.002,0.02720575777563434,0.9808351721182147,0.9090909090909091,0.9921758651656046
known_zero,6,37.586178158825675,-0.005,0.495,HR,10.0,0.002,0.017464221899177592,0.9903677174633926,0.9523809523809523,0.9922449776934653
known_zero,6,37.586178158825675,-0.002,0.498,HR,10.0,0.002,0.011616192036116937,0.9961350439944587,0.9803921568627451,0.9922861577819798
known_zero,6,37.586178158825675,0.0,0.5,HR,10.0,0.002,0.0077162013687862435,0.9999999999999933,1.0,0.9923134920883556
known_zero,6,37.586178158825675,0.002,0.502,HR,10.0,0.002,0.011547393465731725,0.9961487928613068,0.9803921568627451,0.9923407315025247
known_zero,6,37.586178158825675,0.005,0.505,HR,10.0,0.002,0.017240961968533364,0.9904526623120269,0.9523809523809523,0.992381413404044
known_zero,6,37.586178158825675,0.01,0.51,HR,10.0,0.002,0.02659094522726232,0.9811685331997123,0.9090909090909091,0.9924487466527169
known_zero,6,37.586178158825675,0.02,0.52,HR,10.0,0.002,0.04478554629099422,0.9633489626962383,0.8333333333333333,0.9925816687917619
known_zero,6,37.586178158825675,0.05,0.55,HR,10.0,0.002,0.09563636327792983,0.915231404872882,0.6666666666666665,0.992966830220473
jittered_zero,6,37.51017958860205,-0.05,0.45,HR,10.0,0.002,0.17875593359052042,0.8434969823272475,0.6666666666666666,0.9914795277125585
jittered_zero,6,37.51017958860205,-0.02,0.48,HR,10.0,0.002,0.15308298828560818,0.8650507977827935,0.8333333333333333,0.9919169050526174
jittered_zero,6,37.51017958860205,-0.01,0.49,HR,10.0,0.002,0.14843687449075235,0.8689559086158688,0.9090909090909091,0.992057726437119
jittered_zero,6,37.51017958860205,-0.005,0.495,HR,10.0,0.002,0.1469452838248387,0.8701920379527224,0.9523809523809523,0.9921272284706433
jittered_zero,6,37.51017958860205,-0.002,0.498,HR,10.0,0.002,0.14632106182494126,0.8706990558073804,0.9803921568627451,0.992168641858378
jittered_zero,6,37.51017958860205,0.0,0.5,HR,10.0,0.002,0.14601776705035382,0.870939043528588,1.0,0.9921961315279826
jittered_zero,6,37.51017958860205,0.002,0.502,HR,10.0,0.002,0.14580441853469628,0.8711008257169223,0.9803921568627451,0.992223526169063
jittered_zero,6,37.51017958860205,0.005,0.505,HR,10.0,0.002,0.14565184682022364,0.8711978172307685,0.9523809523809523,0.9922644406541471
jittered_zero,6,37.51017958860205,0.01,0.51,HR,10.0,0.002,0.14583700500229185,0.8709770801973388,0.9090909090909091,0.9923321608527587
jittered_zero,6,37.51017958860205,0.02,0.52,HR,10.0,0.002,0.14778131566718897,0.8691681754282807,0.8333333333333333,0.9924658542767644
jittered_zero,6,37.51017958860205,0.05,0.55,HR,10.0,0.002,0.163906133158106,0.8549316273080342,0.6666666666666665,0.9928533080750632
known_zero,7,40.9187190121475,-0.05,0.45,HR,10.0,0.002,0.08176696913849273,0.9275224294682839,0.6666666666666666,0.9934925983805438
known_zero,7,40.9187190121475,-0.02,0.48,HR,10.0,0.002,0.03609739691428317,0.9705173092650679,0.8333333333333333,0.9938476479093483
known_zero,7,40.9187190121475,-0.01,0.49,HR,10.0,0.002,0.020991535435724584,0.9851763566587973,0.9090909090909091,0.993961382290428
known_zero,7,40.9187190121475,-0.005,0.495,HR,10.0,0.002,0.01346074412546435,0.9925675724503821,0.9523809523809523,0.9940174089322616
known_zero,7,40.9187190121475,-0.002,0.498,HR,10.0,0.002,0.00894937136317294,0.9970220796459638,0.9803921568627451,0.9940507590528069
known_zero,7,40.9187190121475,0.0,0.5,HR,10.0,0.002,0.005944752674356477,0.9999999999999951,1.0,0.9940728824031336
known_zero,7,40.9187190121475,0.002,0.502,HR,10.0,0.002,0.008893810464998328,0.9970331850905182,0.9803921568627451,0.9940949181001331
known_zero,7,40.9187190121475,0.005,0.505,HR,10.0,0.002,0.013280379318987411,0.9926363671327026,0.9523809523809523,0.994127808037279
known_zero,7,40.9187190121475,0.01,0.51,HR,10.0,0.002,0.02049420933987476,0.9854475149523834,0.9090909090909091,0.9941821911199265
known_zero,7,40.9187190121475,0.02,0.52,HR,10.0,0.002,0.034568089184498864,0.9715708623879178,0.8333333333333333,0.9942893505291519
known_zero,7,40.9187190121475,0.05,0.55,HR,10.0,0.002,0.0741518487457417,0.9335735315547302,0.6666666666666665,0.9945983423150876
jittered_zero,7,40.765894027706324,-0.05,0.45,HR,10.0,0.002,0.23356531777324074,0.7970523455724908,0.6666666666666666,0.9932922046865709
jittered_zero,7,40.765894027706324,-0.02,0.48,HR,10.0,0.002,0.219237812732204,0.8082615918379685,0.8333333333333333,0.993651942444745
jittered_zero,7,40.765894027706324,-0.01,0.49,HR,10.0,0.002,0.21611950078632594,0.810691863147937,0.9090909090909091,0.9937672477605874
jittered_zero,7,40.765894027706324,-0.005,0.495,HR,10.0,0.002,0.21487467587452308,0.8116552587956364,0.9523809523809523,0.9938240612242045
jittered_zero,7,40.765894027706324,-0.002,0.498,HR,10.0,0.002,0.21422782966673679,0.812152804919513,0.9803921568627451,0.9938578838486355
jittered_zero,7,40.765894027706324,0.0,0.5,HR,10.0,0.002,0.21383806117382034,0.812451075330416,1.0,0.9938803223675559
jittered_zero,7,40.765894027706324,0.002,0.502,HR,10.0,0.002,0.21348130310613306,0.8127226985043737,0.9803921568627451,0.9939026733630766
jittered_zero,7,40.765894027706324,0.005,0.505,HR,10.0,0.002,0.2130077096377871,0.8130803965057547,0.9523809523809523,0.9939360364862591
jittered_zero,7,40.765894027706324,0.01,0.51,HR,10.0,0.002,0.21238093302363625,0.8135450170000904,0.9090909090909091,0.9939912088273687
jittered_zero,7,40.765894027706324,0.02,0.52,HR,10.0,0.002,0.21172379285413545,0.8139907572987476,0.8333333333333333,0.9940999489247065
jittered_zero,7,40.765894027706324,0.05,0.55,HR,10.0,0.002,0.2141558114099328,0.8117573226826148,0.6666666666666665,0.994413697510775
known_zero,8,43.327073280915,-0.05,0.45,HR,10.0,0.002,0.09994318946452141,0.9121996883466348,0.6666666666666666,0.991985455983426
known_zero,8,43.327073280915,-0.02,0.48,HR,10.0,0.002,0.04429998727025868,0.9639597111058769,0.8333333333333333,0.9924345545760233
known_zero,8,43.327073280915,-0.01,0.49,HR,10.0,0.002,0.025793326224066444,0.9818232084395584,0.9090909090909091,0.992578370069253
known_zero,8,43.327073280915,-0.005,0.495,HR,10.0,0.002,0.01654772964756834,0.9908721293886014,0.9523809523809523,0.992649205448942
known_zero,8,43.327073280915,-0.002,0.498,HR,10.0,0.002,0.011002850668490194,0.9963393374684193,0.9803921568627451,0.9926913673884493
known_zero,8,43.327073280915,0.0,0.5,HR,10.0,0.002,0.007307298526104378,0.9999999999999958,1.0,0.992719334865578
known_zero,8,43.327073280915,0.002,0.502,HR,10.0,0.002,0.010932508765705473,0.996353395344953,0.9803921568627451,0.9927471904510379
known_zero,8,43.327073280915,0.005,0.505,HR,10.0,0.002,0.01631944269184707,0.9909590365118206,0.9523809523809523,0.9927887649551141
known_zero,8,43.327073280915,0.01,0.51,HR,10.0,0.002,0.025164480966606426,0.98216461380263,0.9090909090909091,0.9928575022939433
known_zero,8,43.327073280915,0.02,0.52,HR,10.0,0.002,0.04237132876933315,0.965277563275705,0.8333333333333333,0.9929929247303005
known_zero,8,43.327073280915,0.05,0.55,HR,10.0,0.002,0.09042202804922433,0.9196305441075909,0.6666666666666665,0.99338323189146
jittered_zero,8,43.32183058735719,-0.05,0.45,HR,10.0,0.002,0.10026338393229403,0.9118860185809801,0.6666666666666666,0.9920089916352852
jittered_zero,8,43.32183058735719,-0.02,0.48,HR,10.0,0.002,0.04543604849134866,0.96284305418566,0.8333333333333333,0.9924573971739443
jittered_zero,8,43.32183058735719,-0.01,0.49,HR,10.0,0.002,0.02808252391594529,0.9795558720313089,0.9090909090909091,0.9926009864022707
jittered_zero,8,43.32183058735719,-0.005,0.495,HR,10.0,0.002,0.020594103161966318,0.9868484189985844,0.9523809523809523,0.9926717095196785
jittered_zero,8,43.32183058735719,-0.002,0.498,HR,10.0,0.002,0.017552383214087926,0.9898127317216874,0.9803921568627451,0.9927138043776108
jittered_zero,8,43.32183058735719,0.0,0.5,HR,10.0,0.002,0.01683658005187849,0.9904936360209065,1.0,0.9927417272479907
jittered_zero,8,43.32183058735719,0.002,0.502,HR,10.0,0.002,0.017456978577723263,0.9898515957030476,0.9803921568627451,0.9927695383178006
jittered_zero,8,43.32183058735719,0.005,0.505,HR,10.0,0.002,0.02032738799738258,0.9869731247257865,0.9523809523809523,0.9928110462185719
jittered_zero,8,43.32183058735719,0.01,0.51,HR,10.0,0.002,0.027410782590116103,0.9799389696838424,0.9090909090909091,0.992879673003248
jittered_zero,8,43.32183058735719,0.02,0.52,HR,10.0,0.002,0.043466027895176035,0.9642001381591686,0.8333333333333333,0.9930148760075546
jittered_zero,8,43.32183058735719,0.05,0.55,HR,10.0,0.002,0.09071588573096048,0.9193406253062805,0.6666666666666665,0.9934045379599633
known_zero,9,48.00515088116716,-0.05,0.45,HR,10.0,0.002,0.08623776576860472,0.9237510392166932,0.6666666666666666,0.9930988390913229
known_zero,9,48.00515088116716,-0.02,0.48,HR,10.0,0.002,0.03801864748635081,0.9689846315704569,0.8333333333333333,0.9935090377232603
known_zero,9,48.00515088116716,-0.01,0.49,HR,10.0,0.002,0.022097603264064146,0.9844060682222358,0.9090909090909091,0.99363950695175
known_zero,9,48.00515088116716,-0.005,0.495,HR,10.0,0.002,0.0141655808400591,0.9921814467161187,0.9523809523809523,0.993703603490572
known_zero,9,48.00515088116716,-0.002,0.498,HR,10.0,0.002,0.009415485835717774,0.9968673944996768,0.9803921568627451,0.993741701780839
known_zero,9,48.00515088116716,0.0,0.5,HR,10.0,0.002,0.006252554704049536,0.999999999999998,1.0,0.9937669518377038
known_zero,9,48.00515088116716,0.002,0.502,HR,10.0,0.002,0.00935207420616389,0.9968800687256301,0.9803921568627451,0.9937920834331997
known_zero,9,48.00515088116716,0.005,0.505,HR,10.0,0.002,0.013959742330211853,0.9922599235742646,0.9523809523809523,0.9938295597962546
known_zero,9,48.00515088116716,0.01,0.51,HR,10.0,0.002,0.021530158398457993,0.9847151574483936,0.9090909090909091,0.9938914350975481
known_zero,9,48.00515088116716,0.02,0.52,HR,10.0,0.002,0.03627470122017135,0.9701838147538802,0.8333333333333333,0.9940130182990854
known_zero,9,48.00515088116716,0.05,0.55,HR,10.0,0.002,0.07756915699017823,0.9306107721919501,0.6666666666666665,0.994360966487041
jittered_zero,9,47.96419464484395,-0.05,0.45,HR,10.0,0.002,0.11029333074158393,0.9020125756639759,0.6666666666666666,0.9928591045202251
jittered_zero,9,47.96419464484395,-0.02,0.48,HR,10.0,0.002,0.07838565274507127,0.930866886061407,0.8333333333333333,0.9932760463300688
jittered_zero,9,47.96419464484395,-0.01,0.49,HR,10.0,0.002,0.07239735814292418,0.93633282160905,0.9090909090909091,0.9934087471533855
jittered_zero,9,47.96419464484395,-0.005,0.495,HR,10.0,0.002,0.07065561369940869,0.9379035292370896,0.9523809523809523,0.9934739565823915
jittered_zero,9,47.96419464484395,-0.002,0.498,HR,10.0,0.002,0.07004406448871768,0.9384406610971886,0.9803921568627451,0.9935127216910863
jittered_zero,9,47.96419464484395,0.0,0.5,HR,10.0,0.002,0.06982000823389077,0.9386266733928698,1.0,0.99353841591538
jittered_zero,9,47.96419464484395,0.002,0.502,HR,10.0,0.002,0.06974269207132863,0.9386750840292755,0.9803921568627451,0.9935639913776105
jittered_zero,9,47.96419464484395,0.005,0.505,HR,10.0,0.002,0.06989852845668652,0.9384927882019901,0.9523809523809523,0.9936021329804262
jittered_zero,9,47.96419464484395,0.01,0.51,HR,10.0,0.002,0.0708574902583976,0.9375338123629915,0.9090909090909091,0.9936651155334758
jittered_zero,9,47.96419464484395,0.02,0.52,HR,10.0,0.002,0.0751116657027711,0.9334375617683206,0.8333333333333333,0.993788907770975
jittered_zero,9,47.96419464484395,0.05,0.55,HR,10.0,0.002,0.09948651651211808,0.9106353460524086,0.6666666666666665,0.9941434409936285
known_zero,10,49.7738324776723,-0.05,0.45,HR,10.0,0.002,0.0783824005115372,0.9304355642863273,0.6666666666666666,0.9937397309196585
known_zero,10,49.7738324776723,-0.02,0.48,HR,10.0,0.002,0.03446240474006945,0.971840645464156,0.8333333333333333,0.9941183929882773
known_zero,10,49.7738324776723,-0.01,0.49,HR,10.0,0.002,0.020013411460906776,0.9858653424888674,0.9090909090909091,0.994238751736836
known_zero,10,49.7738324776723,-0.005,0.495,HR,10.0,0.002,0.012824655362470412,0.992918985171376,0.9523809523809523,0.9942978680511099
known_zero,10,49.7738324776723,-0.002,0.498,HR,10.0,0.002,0.008522827336620162,0.9971643170177054,0.9803921568627451,0.9943330021657221
known_zero,10,49.7738324776723,0.0,0.5,HR,10.0,0.002,0.005659699849297501,0.9999999999999976,1.0,0.994356286077165
known_zero,10,49.7738324776723,0.002,0.502,HR,10.0,0.002,0.00846439307778685,0.9971759971149301,0.9803921568627451,0.994379459498058
known_zero,10,49.7738324776723,0.005,0.505,HR,10.0,0.002,0.01263495160463969,0.9929913706347446,0.9523809523809523,0.9944140135319193
known_zero,10,49.7738324776723,0.01,0.51,HR,10.0,0.002,0.01949022046788798,0.986150856747427,0.9090909090909091,0.9944710580556753
known_zero,10,49.7738324776723,0.02,0.52,HR,10.0,0.002,0.032852600261257796,0.9729515384958729,0.8333333333333333,0.9945831284928832
known_zero,10,49.7738324776723,0.05,0.55,HR,10.0,0.002,0.07034968902103211,0.9368422385629088,0.6666666666666665,0.9949037208791125
jittered_zero,10,49.72853878341692,-0.05,0.45,HR,10.0,0.002,0.10082237426021823,0.9096286303110789,0.6666666666666666,0.9939150756603279
jittered_zero,10,49.72853878341692,-0.02,0.48,HR,10.0,0.002,0.0739877156185592,0.934017709312355,0.8333333333333333,0.9942885373666719
jittered_zero,10,49.72853878341692,-0.01,0.49,HR,10.0,0.002,0.06904661801876133,0.9385322215773898,0.9090909090909091,0.9944071708919855
jittered_zero,10,49.72853878341692,-0.005,0.495,HR,10.0,0.002,0.06759343557089793,0.9398420129998174,0.9523809523809523,0.9944654260482827
jittered_zero,10,49.72853878341692,-0.002,0.498,HR,10.0,0.002,0.06706774913623993,0.9403034726128008,0.9803921568627451,0.9945000439225264
jittered_zero,10,49.72853878341692,0.0,0.5,HR,10.0,0.002,0.06686324085953588,0.9404740983881623,1.0,0.9945229838606486
jittered_zero,10,49.72853878341692,0.002,0.502,HR,10.0,0.002,0.06677522076188114,0.9405352923625137,0.9803921568627451,0.9945458134564323
jittered_zero,10,49.72853878341692,0.005,0.505,HR,10.0,0.002,0.06685915503599062,0.940424166283256,0.9523809523809523,0.9945798520280753
jittered_zero,10,49.72853878341692,0.01,0.51,HR,10.0,0.002,0.0675571848627845,0.9397148645270713,0.9090909090909091,0.9946360381734967
jittered_zero,10,49.72853878341692,0.02,0.52,HR,10.0,0.002,0.07084952347469746,0.9365221839035618,0.8333333333333333,0.9947463945143795
jittered_zero,10,49.72853878341692,0.05,0.55,HR,10.0,0.002,0.0907492487781973,0.9177787956857721,0.6666666666666665,0.9950618648009109
known_zero,11,52.970321477714464,-0.05,0.45,HR,10.0,0.002,0.1312069406211847,0.8865053160904419,0.6666666666666666,0.9893186710348176
known_zero,11,52.970321477714464,-0.02,0.48,HR,10.0,0.002,0.05846867391939,0.9527614607607556,0.8333333333333333,0.989972648751946
known_zero,11,52.970321477714464,-0.01,0.49,HR,10.0,0.002,0.03409690279521761,0.9760608936314579,0.9090909090909091,0.9901819159019264
known_zero,11,52.970321477714464,-0.005,0.495,HR,10.0,0.002,0.021886526744481126,0.9879492099258184,0.9523809523809523,0.9902849616379372
known_zero,11,52.970321477714464,-0.002,0.498,HR,10.0,0.002,0.014552342084177657,0.9951600207123376,0.9803921568627451,0.9903462869972613
known_zero,11,52.970321477714464,0.0,0.5,HR,10.0,0.002,0.009659540756373309,0.9999999999999925,1.0,0.9903869627508224
known_zero,11,52.970321477714464,0.002,0.502,HR,10.0,0.002,0.014449775633664244,0.9951805136597117,0.9803921568627451,0.9904274730181959
known_zero,11,52.970321477714464,0.005,0.505,HR,10.0,0.002,0.021553810863559286,0.9880754559346303,0.9523809523809523,0.990487929568131
known_zero,11,52.970321477714464,0.01,0.51,HR,10.0,0.002,0.033181935623569234,0.9765539967732079,0.9090909090909091,0.9905878723187743
known_zero,11,52.970321477714464,0.02,0.52,HR,10.0,0.002,0.055674994486910954,0.954643795365035,0.8333333333333333,0.9907847260476625
known_zero,11,52.970321477714464,0.05,0.55,HR,10.0,0.002,0.11761249720063105,0.8967962152340385,0.6666666666666665,0.9913517435174586
jittered_zero,11,52.89373578635762,-0.05,0.45,HR,10.0,0.002,0.21937556934846672,0.8115680497428915,0.6666666666666666,0.9894673306077538
jittered_zero,11,52.89373578635762,-0.02,0.48,HR,10.0,0.002,0.1877011908958681,0.8371366267617796,0.8333333333333333,0.9901159683471287
jittered_zero,11,52.89373578635762,-0.01,0.49,HR,10.0,0.002,0.18183686827100395,0.8418838130012204,0.9090909090909091,0.9903235166883252
jittered_zero,11,52.89373578635762,-0.005,0.495,HR,10.0,0.002,0.1798983055396489,0.8434304017969873,0.9523809523809523,0.9904257142050873
jittered_zero,11,52.89373578635762,-0.002,0.498,HR,10.0,0.002,0.1790580521952304,0.8440875611868589,0.9803921568627451,0.9904865341761029
jittered_zero,11,52.89373578635762,0.0,0.5,HR,10.0,0.002,0.17863232073142724,0.8444126012927239,1.0,0.9905268744722077
jittered_zero,11,52.89373578635762,0.002,0.502,HR,10.0,0.002,0.17831364977399305,0.8446474748645119,0.9803921568627451,0.9905670504519846
jittered_zero,11,52.89373578635762,0.005,0.505,HR,10.0,0.002,0.17803478646400797,0.8448319126914667,0.9523809523809523,0.9906270077554089
jittered_zero,11,52.89373578635762,0.01,0.51,HR,10.0,0.002,0.17809197461570186,0.8446990839430896,0.9090909090909091,0.9907261242222773
jittered_zero,11,52.89373578635762,0.02,0.52,HR,10.0,0.002,0.18007141856791622,0.8428626170553658,0.8333333333333333,0.9909213468918113
jittered_zero,11,52.89373578635762,0.05,0.55,HR,10.0,0.002,0.1981166247470722,0.8273199385746755,0.6666666666666665,0.9914836389673077
known_zero,12,56.44624769706339,-0.05,0.45,HR,10.0,0.002,0.1284173208429856,0.8887822788341435,0.6666666666666666,0.9895407407853105
known_zero,12,56.44624769706339,-0.02,0.48,HR,10.0,0.002,0.05712622414701991,0.9538221127154456,0.8333333333333333,0.9902001995106103
known_zero,12,56.44624769706339,-0.01,0.49,HR,10.0,0.002,0.03329446899171349,0.9766186212612601,0.9090909090909091,0.9904108629203604
known_zero,12,56.44624769706339,-0.005,0.495,HR,10.0,0.002,0.021365328349059944,0.9882351681831587,0.9523809523809523,0.9905145303188009
known_zero,12,56.44624769706339,-0.002,0.498,HR,10.0,0.002,0.01420353403801142,0.9952761388318061,0.9803921568627451,0.9905762047372185
known_zero,12,56.44624769706339,0.0,0.5,HR,10.0,0.002,0.009427193334301974,0.9999999999999922,1.0,0.9906171033437224
known_zero,12,56.44624769706339,0.002,0.502,HR,10.0,0.002,0.014100440734370237,0.995296737540615,0.9803921568627451,0.9906578286488271
known_zero,12,56.44624769706339,0.005,0.505,HR,10.0,0.002,0.021030887972837867,0.9883621097251136,0.9523809523809523,0.9907185932270826
known_zero,12,56.44624769706339,0.01,0.51,HR,10.0,0.002,0.03237460425782692,0.9771147227681751,0.9090909090909091,0.9908190110891684
known_zero,12,56.44624769706339,0.02,0.52,HR,10.0,0.002,0.05431632963427036,0.955717978562379,0.8333333333333333,0.9910166746783867
known_zero,12,56.44624769706339,0.05,0.55,HR,10.0,0.002,0.11472399748878237,0.8991787325976981,0.6666666666666665,0.991585059599141
jittered_zero,12,56.3502752964221,-0.05,0.45,HR,10.0,0.002,0.25275155702790314,0.7850686166470304,0.6666666666666666,0.9892903592206037
jittered_zero,12,56.3502752964221,-0.02,0.48,HR,10.0,0.002,0.22511983982412911,0.8065205182705973,0.8333333333333333,0.9899568732115382
jittered_zero,12,56.3502752964221,-0.01,0.49,HR,10.0,0.002,0.21976004331475704,0.8106805162459528,0.9090909090909091,0.9901698322965424
jittered_zero,12,56.3502752964221,-0.005,0.495,HR,10.0,0.002,0.21785468945923944,0.8121406606611736,0.9523809523809523,0.9902746371580619
jittered_zero,12,56.3502752964221,-0.002,0.498,HR,10.0,0.002,0.21696051674907613,0.8128159997041158,0.9803921568627451,0.990336990752642
jittered_zero,12,56.3502752964221,0.0,0.5,HR,10.0,0.002,0.21646780721367403,0.8131826273672432,1.0,0.9903783407717764
jittered_zero,12,56.3502752964221,0.002,0.502,HR,10.0,0.002,0.2160574024237498,0.8134826088370468,0.9803921568627451,0.9904195163946995
jittered_zero,12,56.3502752964221,0.005,0.505,HR,10.0,0.002,0.2155949920351837,0.8138083762201476,0.9523809523809523,0.9904809544013635
jittered_zero,12,56.3502752964221,0.01,0.51,HR,10.0,0.002,0.21522704214049135,0.8140244258899644,0.9090909090909091,0.9905824891989526
jittered_zero,12,56.3502752964221,0.02,0.52,HR,10.0,0.002,0.21594645508030005,0.8132749162898448,0.8333333333333333,0.990782366354954
jittered_zero,12,56.3502752964221,0.05,0.55,HR,10.0,0.002,0.22808362461064993,0.8029978109292834,0.6666666666666665,0.9913572318643694
known_zero,13,59.34704400260235,-0.05,0.45,HR,10.0,0.002,0.0773053403877822,0.9313798731833699,0.6666666666666666,0.9938020047944821
known_zero,13,59.34704400260235,-0.02,0.48,HR,10.0,0.002,0.033881883311946324,0.9723158357867623,0.8333333333333333,0.9942095397644946
known_zero,13,59.34704400260235,-0.01,0.49,HR,10.0,0.002,0.019655394047208136,0.9861196599056187,0.9090909090909091,0.9943382671266724
known_zero,13,59.34704400260235,-0.005,0.495,HR,10.0,0.002,0.012588280274241713,0.9930503671811559,0.9523809523809523,0.9944013449227941
known_zero,13,59.34704400260235,-0.002,0.498,HR,10.0,0.002,0.008362723419603835,0.9972178887748789,0.9803921568627451,0.9944387861883899
known_zero,13,59.34704400260235,0.0,0.5,HR,10.0,0.002,0.005551803276460957,0.9999999999999991,1.0,0.994463579500802
known_zero,13,59.34704400260235,0.002,0.502,HR,10.0,0.002,0.008300528124730689,0.9972303207680839,0.9803921568627451,0.9944882395617911
known_zero,13,59.34704400260235,0.005,0.505,HR,10.0,0.002,0.012386361497166098,0.9931274250048159,0.9523809523809523,0.9945249812496844
known_zero,13,59.34704400260235,0.01,0.51,HR,10.0,0.002,0.019098464575298017,0.9864236870138987,0.9090909090909091,0.9945855604479739
known_zero,13,59.34704400260235,0.02,0.52,HR,10.0,0.002,0.03216783587935633,0.9734994144322938,0.8333333333333333,0.9947042917618748
known_zero,13,59.34704400260235,0.05,0.55,HR,10.0,0.002,0.06874431939995054,0.9382172314282038,0.6666666666666665,0.9950417801326592
jittered_zero,13,59.15154964820637,-0.05,0.45,HR,10.0,0.002,0.28110366901132827,0.7602554311935755,0.6666666666666666,0.9930216023702042
jittered_zero,13,59.15154964820637,-0.02,0.48,HR,10.0,0.002,0.2664264910149405,0.7711591674568076,0.8333333333333333,0.9934555019556862
jittered_zero,13,59.15154964820637,-0.01,0.49,HR,10.0,0.002,0.26282832676059315,0.7738317861927153,0.9090909090909091,0.9935930453733074
jittered_zero,13,59.15154964820637,-0.005,0.495,HR,10.0,0.002,0.26126938788848886,0.7749864419840258,0.9523809523809523,0.9936605358391224
jittered_zero,13,59.15154964820637,-0.002,0.498,HR,10.0,0.002,0.2604100832810934,0.7756213843555679,0.9803921568627451,0.9937006261145388
jittered_zero,13,59.15154964820637,0.0,0.5,HR,10.0,0.002,0.25986867746931064,0.7760206822949537,1.0,0.9937271860019192
jittered_zero,13,59.15154964820637,0.002,0.502,HR,10.0,0.002,0.2593523006376249,0.7764008573490988,0.9803921568627451,0.9937536130822838
jittered_zero,13,59.15154964820637,0.005,0.505,HR,10.0,0.002,0.25862437517960735,0.7769354268279047,0.9523809523809523,0.9937930061129582
jittered_zero,13,59.15154964820637,0.01,0.51,HR,10.0,0.002,0.25753433260727976,0.7777319127931448,0.9090909090909091,0.9938580063105216
jittered_zero,13,59.15154964820637,0.02,0.52,HR,10.0,0.002,0.25580685876703796,0.7789765889188192,0.8333333333333333,0.993985586960373
jittered_zero,13,59.15154964820637,0.05,0.55,HR,10.0,0.002,0.2540122937486408,0.7800900310964807,0.6666666666666665,0.9943496712206368
known_zero,14,60.83177852460981,-0.05,0.45,HR,10.0,0.002,0.09137976778697736,0.9194449023970488,0.6666666666666666,0.9926326630703259
known_zero,14,60.83177852460981,-0.02,0.48,HR,10.0,0.002,0.04018871860965065,0.9672608514592009,0.8333333333333333,0.993122109679223
known_zero,14,60.83177852460981,-0.01,0.49,HR,10.0,0.002,0.023338597319124715,0.9835444235179921,0.9090909090909091,0.993276580059513
known_zero,14,60.83177852460981,-0.005,0.495,HR,10.0,0.002,0.014953434614587233,0.9917507292523605,0.9523809523809523,0.993352244398078
known_zero,14,60.83177852460981,-0.002,0.498,HR,10.0,0.002,0.009935082758914358,0.996695138248614,0.9803921568627451,0.9933971473734157
known_zero,14,60.83177852460981,0.0,0.5,HR,10.0,0.002,0.006594820307445474,0.9999999999999998,1.0,0.9934268777934399
known_zero,14,60.83177852460981,0.002,0.502,HR,10.0,0.002,0.009860420931194686,0.9967100605316151,0.9803921568627451,0.9934564451948923
known_zero,14,60.83177852460981,0.005,0.505,HR,10.0,0.002,0.01471109237060943,0.9918430787860659,0.9523809523809523,0.9935004923144796
known_zero,14,60.83177852460981,0.01,0.51,HR,10.0,0.002,0.02267067683870519,0.9839078493851495,0.9090909090909091,0.9935730999122279
known_zero,14,60.83177852460981,0.02,0.52,HR,10.0,0.002,0.03813723754950944,0.9686685807601674,0.8333333333333333,0.9937153415613843
known_zero,14,60.83177852460981,0.05,0.55,HR,10.0,0.002,0.08120180465680017,0.9274619107359323,0.6666666666666665,0.9941191078204364
jittered_zero,14,60.9099302516158,-0.05,0.45,HR,10.0,0.002,0.1652245357570299,0.8545696009353605,0.6666666666666666,0.9919652443472488
jittered_zero,14,60.9099302516158,-0.02,0.48,HR,10.0,0.002,0.14113561090177046,0.8749537061923021,0.8333333333333333,0.9924771298377054
jittered_zero,14,60.9099302516158,-0.01,0.49,HR,10.0,0.002,0.13665599633605485,0.8787386378283986,0.9090909090909091,0.9926389954107913
jittered_zero,14,60.9099302516158,-0.005,0.495,HR,10.0,0.002,0.13515489439730766,0.879988362431864,0.9523809523809523,0.9927183423802578
jittered_zero,14,60.9099302516158,-0.002,0.498,HR,10.0,0.002,0.134493275228487,0.8805289881425996,0.9803921568627451,0.992765450251451
jittered_zero,14,60.9099302516158,0.0,0.5,HR,10.0,0.002,0.1341515628641737,0.8808022473061649,1.0,0.9927966486750579
jittered_zero,14,60.9099302516158,0.002,0.502,HR,10.0,0.002,0.13388891702612404,0.8810060773232361,0.9803921568627451,0.9928276825518548
jittered_zero,14,60.9099302516158,0.005,0.505,HR,10.0,0.002,0.13364193623275636,0.8811826519933709,0.9523809523809523,0.9928739265437876
jittered_zero,14,60.9099302516158,0.01,0.51,HR,10.0,0.002,0.13361541676882135,0.8811383415141988,0.9090909090909091,0.9929501881135134
jittered_zero,14,60.9099302516158,0.02,0.52,HR,10.0,0.002,0.13493926493234748,0.8798401303126614,0.8333333333333333,0.993099710264585
jittered_zero,14,60.9099302516158,0.05,0.55,HR,10.0,0.002,0.14791622993174322,0.8681243736215071,0.6666666666666665,0.9935251100963772
known_zero,15,65.1125440480816,-0.05,0.45,HR,10.0,0.002,0.12477185587492888,0.8917808784600535,0.6666666666666666,0.989815192673013
known_zero,15,65.1125440480816,-0.02,0.48,HR,10.0,0.002,0.05532290024990944,0.9552532630662139,0.8333333333333333,0.9905012770757393
known_zero,15,65.1125440480816,-0.01,0.49,HR,10.0,0.002,0.032207750917038105,0.9773762675514717,0.9090909090909091,0.9907191600544881
known_zero,15,65.1125440480816,-0.005,0.495,HR,10.0,0.002,0.02065653687446404,0.9886248521752836,0.9523809523809523,0.9908261417691883
known_zero,15,65.1125440480816,-0.002,0.498,HR,10.0,0.002,0.013727829354303948,0.995434663983768,0.9803921568627451,0.9908897120837253
known_zero,15,65.1125440480816,0.0,0.5,HR,10.0,0.002,0.009109529636678848,0.9999999999999905,1.0,0.9909318364226916
known_zero,15,65.1125440480816,0.002,0.502,HR,10.0,0.002,0.01362171518483786,0.9954558669664167,0.9803921568627451,0.9909737571372419
known_zero,15,65.1125440480816,0.005,0.505,HR,10.0,0.002,0.020312274340382044,0.9887555797071281,0.9523809523809523,0.9910362584128867
known_zero,15,65.1125440480816,0.01,0.51,HR,10.0,0.002,0.03126064693823377,0.9778875642158888,0.9090909090909091,0.9911394219846651
known_zero,15,65.1125440480816,0.02,0.52,HR,10.0,0.002,0.052427963506544085,0.9572101725187306,0.8333333333333333,0.9913420300966943
known_zero,15,65.1125440480816,0.05,0.55,HR,10.0,0.002,0.11063421695809657,0.9025578480199006,0.6666666666666665,0.9919210875918972
jittered_zero,15,65.052123106459,-0.05,0.45,HR,10.0,0.002,0.18848523518304489,0.8371081029583065,0.6666666666666666,0.9893736888091927
jittered_zero,15,65.052123106459,-0.02,0.48,HR,10.0,0.002,0.15181764987710922,0.8677581442299351,0.8333333333333333,0.9900741783327927
jittered_zero,15,65.052123106459,-0.01,0.49,HR,10.0,0.002,0.14509283984298807,0.8734169578512866,0.9090909090909091,0.9902967655112496
jittered_zero,15,65.052123106459,-0.005,0.495,HR,10.0,0.002,0.14297607322194572,0.875171128306141,0.9523809523809523,0.990406081438692
jittered_zero,15,65.052123106459,-0.002,0.498,HR,10.0,0.002,0.14211679997172189,0.8758660106570229,0.9803921568627451,0.9904710466078918
jittered_zero,15,65.052123106459,0.0,0.5,HR,10.0,0.002,0.14171555804775257,0.8761794312527138,1.0,0.9905140984980265
jittered_zero,15,65.052123106459,0.002,0.502,HR,10.0,0.002,0.14145098836163764,0.8763733634005522,0.9803921568627451,0.9905569448888097
jittered_zero,15,65.052123106459,0.005,0.505,HR,10.0,0.002,0.14130789130149335,0.8764422524021949,0.9523809523809523,0.9906208311757156
jittered_zero,15,65.052123106459,0.01,0.51,HR,10.0,0.002,0.1417305930837409,0.8759785993027983,0.9090909090909091,0.9907262938053678
jittered_zero,15,65.052123106459,0.02,0.52,HR,10.0,0.002,0.1448922914728212,0.8730308325670698,0.8333333333333333,0.9909334654997769
jittered_zero,15,65.052123106459,0.05,0.55,HR,10.0,0.002,0.16818274788358953,0.8524228411587242,0.6666666666666665,0.9915259438906268
known_zero,16,67.07981052949417,-0.05,0.45,HR,10.0,0.002,0.09847309390783975,0.9135015955822378,0.6666666666666666,0.9920290008334434
known_zero,16,67.07981052949417,-0.02,0.48,HR,10.0,0.002,0.043332450525446035,0.9647567013840603,0.8333333333333333,0.9925745874335518
known_zero,16,67.07981052949417,-0.01,0.49,HR,10.0,0.002,0.02516672015790524,0.9822712143319539,0.9090909090909091,0.9927475299384938
known_zero,16,67.07981052949417,-0.005,0.495,HR,10.0,0.002,0.016124337377414935,0.991108846160548,0.9523809523809523,0.9928323893607628
known_zero,16,67.07981052949417,-0.002,0.498,HR,10.0,0.002,0.01071189444668786,0.9964371190644601,0.9803921568627451,0.9928827967724236
known_zero,16,67.07981052949417,0.0,0.5,HR,10.0,0.002,0.007109017618426293,0.9999999999999893,1.0,0.9929161916721995
known_zero,16,67.07981052949417,0.002,0.502,HR,10.0,0.002,0.01062796237621502,0.9964538932568515,0.9803921568627451,0.9929494194987567
known_zero,16,67.07981052949417,0.005,0.505,HR,10.0,0.002,0.015851932741372036,0.9912125769202448,0.9523809523809523,0.9929989497655584
known_zero,16,67.07981052949417,0.01,0.51,HR,10.0,0.002,0.02441622468074741,0.9826789135167552,0.9090909090909091,0.993080676384154
known_zero,16,67.07981052949417,0.02,0.52,HR,10.0,0.002,0.041029649287988294,0.9663320277365348,0.8333333333333333,0.9932410854327077
known_zero,16,67.07981052949417,0.05,0.55,HR,10.0,0.002,0.08708596688518985,0.922410554048562,0.6666666666666665,0.9936988373785547
jittered_zero,16,66.84925636772533,-0.05,0.45,HR,10.0,0.002,0.3649975463502971,0.699490268917257,0.6666666666666666,0.992434612805028
jittered_zero,16,66.84925636772533,-0.02,0.48,HR,10.0,0.002,0.348137854856399,0.7110006852747044,0.8333333333333333,0.9929688654093957
jittered_zero,16,66.84925636772533,-0.01,0.49,HR,10.0,0.002,0.3437332781129226,0.7140176136415931,0.9090909090909091,0.9931380215002492
jittered_zero,16,66.84925636772533,-0.005,0.495,HR,10.0,0.002,0.3417552471089866,0.7153715996711396,0.9523809523809523,0.993220986252328
jittered_zero,16,66.84925636772533,-0.002,0.498,HR,10.0,0.002,0.34063940668546505,0.7161347608447856,0.9803921568627451,0.9932702564086076
jittered_zero,16,66.84925636772533,0.0,0.5,HR,10.0,0.002,0.3399248751215539,0.7166230980284823,1.0,0.9933028929527521
jittered_zero,16,66.84925636772533,0.002,0.502,HR,10.0,0.002,0.33923370423488786,0.7170951376827348,0.9803921568627451,0.9933353622773363
jittered_zero,16,66.84925636772533,0.005,0.505,HR,10.0,0.002,0.338240491761814,0.7177727516513346,0.9523809523809523,0.9933837545204784
jittered_zero,16,66.84925636772533,0.01,0.51,HR,10.0,0.002,0.3367002039211157,0.7188214150533413,0.9090909090909091,0.9934635837252337
jittered_zero,16,66.84925636772533,0.02,0.52,HR,10.0,0.002,0.334043272098186,0.7206202139103601,0.8333333333333333,0.9936201953882157
jittered_zero,16,66.84925636772533,0.05,0.55,HR,10.0,0.002,0.32927152928942505,0.7237419353429169,0.6666666666666665,0.9940665366779851
known_zero,17,69.54640171117398,-0.05,0.45,HR,10.0,0.002,0.11971108547542046,0.8959274400526698,0.6666666666666666,0.9902327780911926
known_zero,17,69.54640171117398,-0.02,0.48,HR,10.0,0.002,0.0529548851249644,0.9571257512283787,0.8333333333333333,0.990907201351597
known_zero,17,69.54640171117398,-0.01,0.49,HR,10.0,0.002,0.030805032007049787,0.9783509795234915,0.9090909090909091,0.9911214160385803
known_zero,17,69.54640171117398,-0.005,0.495,HR,10.0,0.002,0.019749598625753154,0.989122104686965,0.9523809523809523,0.9912266063875943
known_zero,17,69.54640171117398,-0.002,0.498,HR,10.0,0.002,0.013122619164077786,0.9956359767268169,0.9803921568627451,0.9912891157788304
known_zero,17,69.54640171117398,0.0,0.5,HR,10.0,0.002,0.008707259725978137,0.9999999999999876,1.0,0.9913305386716256
known_zero,17,69.54640171117398,0.002,0.502,HR,10.0,0.002,0.01301831650586349,0.9956568186176615,0.9803921568627451,0.9913717626339813
known_zero,17,69.54640171117398,0.005,0.505,HR,10.0,0.002,0.019411186395191786,0.9892506829897988,0.9523809523809523,0.9914332276287724
known_zero,17,69.54640171117398,0.01,0.51,HR,10.0,0.002,0.029873753214368644,0.9788543646747737,0.9090909090909091,0.9915346878308904
known_zero,17,69.54640171117398,0.02,0.52,HR,10.0,0.002,0.05010612857951526,0.9590560542942462,0.8333333333333333,0.9917339794365386
known_zero,17,69.54640171117398,0.05,0.55,HR,10.0,0.002,0.10576432803769456,0.9066140990210061,0.6666666666666665,0.9923038293765784
jittered_zero,17,69.48486026670199,-0.05,0.45,HR,10.0,0.002,0.17772081222608124,0.8453408590639157,0.6666666666666666,0.9903414832298562
jittered_zero,17,69.48486026670199,-0.02,0.48,HR,10.0,0.002,0.14350933593930748,0.8741699292624517,0.8333333333333333,0.991011796797496
jittered_zero,17,69.48486026670199,-0.01,0.49,HR,10.0,0.002,0.137227514757975,0.8794896521295295,0.9090909090909091,0.9912246954703873
jittered_zero,17,69.48486026670199,-0.005,0.495,HR,10.0,0.002,0.1352349255891837,0.8811509279208914,0.9523809523809523,0.9913292375804761
jittered_zero,17,69.48486026670199,-0.002,0.498,HR,10.0,0.002,0.13441706799257389,0.8818166179632105,0.9803921568627451,0.99139136111221
jittered_zero,17,69.48486026670199,0.0,0.5,HR,10.0,0.002,0.13402947241854576,0.8821218428502057,1.0,0.9914325280406558
jittered_zero,17,69.48486026670199,0.002,0.502,HR,10.0,0.002,0.1337673824988154,0.8823166083821772,0.9803921568627451,0.9914734970535589
jittered_zero,17,69.48486026670199,0.005,0.505,HR,10.0,0.002,0.13360724014954872,0.8824035512627676,0.9523809523809523,0.9915345815171046
jittered_zero,17,69.48486026670199,0.01,0.51,HR,10.0,0.002,0.13394753575230617,0.8820136306958712,0.9090909090909091,0.9916354125104214
jittered_zero,17,69.48486026670199,0.02,0.52,HR,10.0,0.002,0.13675814680904594,0.8793624856073476,0.8333333333333333,0.991833464232416
jittered_zero,17,69.48486026670199,0.05,0.55,HR,10.0,0.002,0.15797861819864265,0.8604073605141306,0.6666666666666665,0.992399737838152
known_zero,18,72.0671576744819,-0.05,0.45,HR,10.0,0.002,0.15968409336057557,0.8638303979012387,0.6666666666666666,0.9867828585810802
known_zero,18,72.0671576744819,-0.02,0.48,HR,10.0,0.002,0.07135979595538168,0.9427200612025461,0.8333333333333333,0.9877023461234322
known_zero,18,72.0671576744819,-0.01,0.49,HR,10.0,0.002,0.04164607733282291,0.9708645126160571,0.9090909090909091,0.9879949199067866
known_zero,18,72.0671576744819,-0.005,0.495,HR,10.0,0.002,0.026735547155965336,0.9853057073263565,0.9523809523809523,0.9881386827160955
known_zero,18,72.0671576744819,-0.002,0.498,HR,10.0,0.002,0.017771703892224176,0.9940915611019829,0.9803921568627451,0.9882241434630402
known_zero,18,72.0671576744819,0.0,0.5,HR,10.0,0.002,0.011788423529276906,0.999999999999992,1.0,0.9882807877026575
known_zero,18,72.0671576744819,0.002,0.502,HR,10.0,0.002,0.017628577428178402,0.994120151572288,0.9803921568627451,0.9883371696411304
known_zero,18,72.0671576744819,0.005,0.505,HR,10.0,0.002,0.026271449245062424,0.9854812811139444,0.9523809523809523,0.9884212532933756
known_zero,18,72.0671576744819,0.01,0.51,HR,10.0,0.002,0.040371727506122695,0.9715467535834486,0.9090909090909091,0.9885600977195845
known_zero,18,72.0671576744819,0.02,0.52,HR,10.0,0.002,0.06748415700227785,0.9452986847244588,0.8333333333333333,0.9888329950369237
known_zero,18,72.0671576744819,0.05,0.55,HR,10.0,0.002,0.14105738620479003,0.8775532009094661,0.6666666666666665,0.9896146158663631
jittered_zero,18,72.05684870358684,-0.05,0.45,HR,10.0,0.002,0.1622452850978146,0.8615820674022293,0.6666666666666666,0.9868272120949618
jittered_zero,18,72.05684870358684,-0.02,0.48,HR,10.0,0.002,0.07833547659787797,0.9361263258589799,0.8333333333333333,0.9877450821802483
jittered_zero,18,72.05684870358684,-0.01,0.49,HR,10.0,0.002,0.05415735578231952,0.9587524623182118,0.9090909090909091,0.9880371331908262
jittered_zero,18,72.05684870358684,-0.005,0.495,HR,10.0,0.002,0.045432562107569456,0.9670135262598314,0.9523809523809523,0.9881806376245563
jittered_zero,18,72.05684870358684,-0.002,0.498,HR,10.0,0.002,0.042478234894428465,0.969790905718805,0.9803921568627451,0.988265944301968
jittered_zero,18,72.05684870358684,0.0,0.5,HR,10.0,0.002,0.04179559411195289,0.9703976309349618,1.0,0.9883224862250575
jittered_zero,18,72.05684870358684,0.002,0.502,HR,10.0,0.002,0.04221703373933456,0.9699335203035958,0.9803921568627451,0.9883787661632137
jittered_zero,18,72.05684870358684,0.005,0.505,HR,10.0,0.002,0.04474716936015431,0.9674004090932435,0.9523809523809523,0.9884626974060404
jittered_zero,18,72.05684870358684,0.01,0.51,HR,10.0,0.002,0.05259194982921505,0.9597064946796419,0.9090909090909091,0.988601289385708
jittered_zero,18,72.05684870358684,0.02,0.52,HR,10.0,0.002,0.07414720646900425,0.9389824089961498,0.8333333333333333,0.9888736876473238
jittered_zero,18,72.05684870358684,0.05,0.55,HR,10.0,0.002,0.14336243082692504,0.8754980150094752,0.6666666666666665,0.9896538570794572
known_zero,19,75.70469069908393,-0.05,0.45,HR,10.0,0.002,0.09859637280222021,0.9134230149815012,0.6666666666666666,0.9919920445846969
known_zero,19,75.70469069908393,-0.02,0.48,HR,10.0,0.002,0.04329907799164824,0.9647911030237043,0.8333333333333333,0.992572319216355
known_zero,19,75.70469069908393,-0.01,0.49,HR,10.0,0.002,0.02513025643720293,0.9822998296554167,0.9090909090909091,0.9927548091377458
known_zero,19,75.70469069908393,-0.005,0.495,HR,10.0,0.002,0.016095207161625498,0.9911260463446018,0.9523809523809523,0.9928440809055954
known_zero,19,75.70469069908393,-0.002,0.498,HR,10.0,0.002,0.010689961013002097,0.9964446981812721,0.9803921568627451,0.9928970221501647
known_zero,19,75.70469069908393,0.0,0.5,HR,10.0,0.002,0.007093036790515494,0.9999999999999876,1.0,0.9929320594217798
known_zero,19,75.70469069908393,0.002,0.502,HR,10.0,0.002,0.010601939241203492,0.9964622897281118,0.9803921568627451,0.9929668924032137
known_zero,19,75.70469069908393,0.005,0.505,HR,10.0,0.002,0.015809527334031417,0.9912348344345029,0.9523809523809523,0.9930187611115142
known_zero,19,75.70469069908393,0.01,0.51,HR,10.0,0.002,0.02434316861397321,0.9827274262286816,0.9090909090909091,0.9931042022168921
known_zero,19,75.70469069908393,0.02,0.52,HR,10.0,0.002,0.040883824329807465,0.966443489018607,0.8333333333333333,0.9932713667413974
known_zero,19,75.70469069908393,0.05,0.55,HR,10.0,0.002,0.08664906238081158,0.9227714850638853,0.6666666666666665,0.9937442404817678
jittered_zero,19,75.57080854589069,-0.05,0.45,HR,10.0,0.002,0.26530281164527225,0.774120627009389,0.6666666666666666,0.9907676394207451
jittered_zero,19,75.57080854589069,-0.02,0.48,HR,10.0,0.002,0.24455641364538022,0.7898504415205989,0.8333333333333333,0.9913925107173007
jittered_zero,19,75.57080854589069,-0.01,0.49,HR,10.0,0.002,0.240023169074479,0.7932814020500234,0.9090909090909091,0.9915896601176051
jittered_zero,19,75.57080854589069,-0.005,0.495,HR,10.0,0.002,0.23820964738350262,0.7946439551974286,0.9523809523809523,0.9916862245364735
jittered_zero,19,75.57080854589069,-0.002,0.498,HR,10.0,0.002,0.23726552739887824,0.7953485890298099,0.9803921568627451,0.9917435296954914
jittered_zero,19,75.57080854589069,0.0,0.5,HR,10.0,0.002,0.23669569290929135,0.7957714909340671,1.0,0.9917814714221442
jittered_zero,19,75.57080854589069,0.002,0.502,HR,10.0,0.002,0.23617322467314827,0.7961570740707674,0.9803921568627451,0.9918192050259064
jittered_zero,19,75.57080854589069,0.005,0.505,HR,10.0,0.002,0.23547768103209157,0.7966658767283534,0.9523809523809523,0.991875417526555
jittered_zero,19,75.57080854589069,0.01,0.51,HR,10.0,0.002,0.2345506125340639,0.7973302957138254,0.9090909090909091,0.9919680794131931
jittered_zero,19,75.57080854589069,0.02,0.52,HR,10.0,0.002,0.23354279525128407,0.7979882271221866,0.8333333333333333,0.9921496158576528
jittered_zero,19,75.57080854589069,0.05,0.55,HR,10.0,0.002,0.2366206538889622,0.7951228159493422,0.6666666666666665,0.9926650697687089
known_zero,20,77.1448400688748,-0.05,0.45,HR,10.0,0.002,0.08140547119862745,0.9279207351779472,0.6666666666666666,0.993425202511212
known_zero,20,77.1448400688748,-0.02,0.48,HR,10.0,0.002,0.03557101161095385,0.9709714208029193,0.8333333333333333,0.9939058772123421
known_zero,20,77.1448400688748,-0.01,0.49,HR,10.0,0.002,0.020612925842870194,0.9854546977672675,0.9090909090909091,0.9940569267244785
known_zero,20,77.1448400688748,-0.005,0.495,HR,10.0,0.002,0.013193357633030417,0.9927197626399495,0.9523809523809523,0.9941308014185698
known_zero,20,77.1448400688748,-0.002,0.498,HR,10.0,0.002,0.008760574876804393,0.9970861056151709,0.9803921568627451,0.9941746069480571
known_zero,20,77.1448400688748,0.0,0.5,HR,10.0,0.002,0.005813268085079649,0.9999999999999913,1.0,0.9942035962610322
known_zero,20,77.1448400688748,0.002,0.502,HR,10.0,0.002,0.008687851153135306,0.9971006416895268,0.9803921568627451,0.9942324151848071
known_zero,20,77.1448400688748,0.005,0.505,HR,10.0,0.002,0.01295726911239534,0.9928098273494622,0.9523809523809523,0.9942753261579614
known_zero,20,77.1448400688748,0.01,0.51,HR,10.0,0.002,0.01996186446610363,0.9858098173782002,0.9090909090909091,0.9943460058292504
known_zero,20,77.1448400688748,0.02,0.52,HR,10.0,0.002,0.033568181848310535,0.9723522077397264,0.8333333333333333,0.9944842724569231
known_zero,20,77.1448400688748,0.05,0.55,HR,10.0,0.002,0.07141617425958573,0.935870337941687,0.6666666666666665,0.9948753417743968
jittered_zero,20,77.11252035437101,-0.05,0.45,HR,10.0,0.002,0.0940633266251736,0.9161354634705796,0.6666666666666666,0.9935486128662444
jittered_zero,20,77.11252035437101,-0.02,0.48,HR,10.0,0.002,0.06069791600331623,0.9467643448860226,0.8333333333333333,0.9940250659348852
jittered_zero,20,77.11252035437101,-0.01,0.49,HR,10.0,0.002,0.0540806320785275,0.9529066801674676,0.9090909090909091,0.9941747034380592
jittered_zero,20,77.11252035437101,-0.005,0.495,HR,10.0,0.002,0.05215022738135543,0.9546776914093418,0.9523809523809523,0.994247871197044
jittered_zero,20,77.11252035437101,-0.002,0.498,HR,10.0,0.002,0.051490382999039394,0.9552661577813777,0.9803921568627451,0.9942912522649636
jittered_zero,20,77.11252035437101,0.0,0.5,HR,10.0,0.002,0.051264196665016214,0.9554546654086858,1.0,0.994319958477851
jittered_zero,20,77.11252035437101,0.002,0.502,HR,10.0,0.002,0.05120902094110482,0.9554799637016661,0.9803921568627451,0.9943484942007353
jittered_zero,20,77.11252035437101,0.005,0.505,HR,10.0,0.002,0.05144148662977769,0.9552170592133653,0.9523809523809523,0.9943909801831728
jittered_zero,20,77.11252035437101,0.01,0.51,HR,10.0,0.002,0.0526259397335362,0.9540191891244053,0.9090909090909091,0.994460951030477
jittered_zero,20,77.11252035437101,0.02,0.52,HR,10.0,0.002,0.05751470237653125,0.9492359740254901,0.8333333333333333,0.9945977981083577
jittered_zero,20,77.11252035437101,0.05,0.55,HR,10.0,0.002,0.08268826382158607,0.9252787475843405,0.6666666666666665,0.9949845936648127
known_zero,21,79.33737502024937,-0.05,0.45,HR,10.0,0.002,0.1434786498529861,0.8767171934658207,0.6666666666666666,0.9881627769092545
known_zero,21,79.33737502024937,-0.02,0.48,HR,10.0,0.002,0.0637442731301267,0.9486600827812629,0.8333333333333333,0.989021168187166
known_zero,21,79.33737502024937,-0.01,0.49,HR,10.0,0.002,0.03712998501949415,0.9739790276146756,0.9090909090909091,0.989293252429131
known_zero,21,79.33737502024937,-0.005,0.495,HR,10.0,0.002,0.023815619930782427,0.9869004763294486,0.9523809523809523,0.9894267531517924
known_zero,21,79.33737502024937,-0.002,0.498,HR,10.0,0.002,0.01582463274187452,0.994738654786382,0.9803921568627451,0.9895060518263386
known_zero,21,79.33737502024937,0.0,0.5,HR,10.0,0.002,0.010496307835630525,0.9999999999999993,1.0,0.9895585861721188
known_zero,21,79.33737502024937,0.002,0.502,HR,10.0,0.002,0.015692105353150892,0.9947651316115381,0.9803921568627451,0.9896108568302497
known_zero,21,79.33737502024937,0.005,0.505,HR,10.0,0.002,0.02338578137042931,0.9870633832785585,0.9523809523809523,0.9896887711289519
known_zero,21,79.33737502024937,0.01,0.51,HR,10.0,0.002,0.03594861557581155,0.9746140378635135,0.9090909090909091,0.989817327437064
known_zero,21,79.33737502024937,0.02,0.52,HR,10.0,0.002,0.060142648697542836,0.9510747249687608,0.8333333333333333,0.9900696306596646
known_zero,21,79.33737502024937,0.05,0.55,HR,10.0,0.002,0.12603443177239054,0.8897798947160479,0.6666666666666665,0.9907894041859909
jittered_zero,21,79.30009662629865,-0.05,0.45,HR,10.0,0.002,0.1712712319347427,0.8524451171846404,0.6666666666666666,0.9884425253388853
jittered_zero,21,79.30009662629865,-0.02,0.48,HR,10.0,0.002,0.11779842926553077,0.8984976092446254,0.8333333333333333,0.9892905630895018
jittered_zero,21,79.30009662629865,-0.01,0.49,HR,10.0,0.002,0.10740468566914926,0.9076385002753427,0.9090909090909091,0.9895593078288215
jittered_zero,21,79.30009662629865,-0.005,0.495,HR,10.0,0.002,0.10434163082833038,0.9103016181341912,0.9523809523809523,0.9896911591860663
jittered_zero,21,79.30009662629865,-0.002,0.498,HR,10.0,0.002,0.1032553127928115,0.9112189266099167,0.9803921568627451,0.989769474694569
jittered_zero,21,79.30009662629865,0.0,0.5,HR,10.0,0.002,0.10285075984787234,0.9115398565396282,1.0,0.9898213562689323
jittered_zero,21,79.30009662629865,0.002,0.502,HR,10.0,0.002,0.1027016022539637,0.9116282875903734,0.9803921568627451,0.9898729762846661
jittered_zero,21,79.30009662629865,0.005,0.505,HR,10.0,0.002,0.10294966190822305,0.9113313401284697,0.9523809523809523,0.9899499185947032
jittered_zero,21,79.30009662629865,0.01,0.51,HR,10.0,0.002,0.10456687001681074,0.9097420574283904,0.9090909090909091,0.9900768654569365
jittered_zero,21,79.30009662629865,0.02,0.52,HR,10.0,0.002,0.11172112748129755,0.9030295344160089,0.8333333333333333,0.9903259888601718
jittered_zero,21,79.30009662629865,0.05,0.55,HR,10.0,0.002,0.15092603808994495,0.867688802250248,0.6666666666666665,0.991036526871519
known_zero,22,82.91038085408603,-0.05,0.45,HR,10.0,0.002,0.14309015843181253,0.8770397155105616,0.6666666666666666,0.9881832166791837
known_zero,22,82.91038085408603,-0.02,0.48,HR,10.0,0.002,0.06351744878564773,0.9488413401979456,0.8333333333333333,0.9890565518699536
known_zero,22,82.91038085408603,-0.01,0.49,HR,10.0,0.002,0.03698725825133776,0.9740791881969744,0.9090909090909091,0.9893327216324358
known_zero,22,82.91038085408603,-0.005,0.495,HR,10.0,0.002,0.023720584987280736,0.986953020549209,0.9523809523809523,0.9894681068109223
known_zero,22,82.91038085408603,-0.002,0.498,HR,10.0,0.002,0.015760015054626843,0.9947602743751492,0.9803921568627451,0.9895484866988109
known_zero,22,82.91038085408603,0.0,0.5,HR,10.0,0.002,0.010452718292811873,0.9999999999999956,1.0,0.9896017215186043
known_zero,22,82.91038085408603,0.002,0.502,HR,10.0,0.002,0.01562574297811544,0.9947870998715631,0.9803921568627451,0.9896546765348048
known_zero,22,82.91038085408603,0.005,0.505,HR,10.0,0.002,0.023285083390507264,0.987118083673645,0.9523809523809523,0.9897335874362764
known_zero,22,82.91038085408603,0.01,0.51,HR,10.0,0.002,0.03579028175844157,0.9747226734601181,0.9090909090909091,0.9898637259939399
known_zero,22,82.91038085408603,0.02,0.52,HR,10.0,0.002,0.05986788456318897,0.9512887373342473,0.8333333333333333,0.9901189055110841
known_zero,22,82.91038085408603,0.05,0.55,HR,10.0,0.002,0.1254074638966218,0.8902878504751204,0.6666666666666665,0.9908451404053094
jittered_zero,22,83.08769473868333,-0.05,0.45,HR,10.0,0.002,0.40140205720427286,0.67642398744538,0.6666666666666666,0.9895877289185424
jittered_zero,22,83.08769473868333,-0.02,0.48,HR,10.0,0.002,0.37803016255421806,0.6918429093081466,0.8333333333333333,0.9904124526751041
jittered_zero,22,83.08769473868333,-0.01,0.49,HR,10.0,0.002,0.37233312408872643,0.6956127483457712,0.9090909090909091,0.990672816021026
jittered_zero,22,83.08769473868333,-0.005,0.495,HR,10.0,0.002,0.36987584670603996,0.6972343907872889,0.9523809523809523,0.9908003707644774
jittered_zero,22,83.08769473868333,-0.002,0.498,HR,10.0,0.002,0.3685255173663511,0.6981231808684558,0.9803921568627451,0.9908760754537983
jittered_zero,22,83.08769473868333,0.0,0.5,HR,10.0,0.002,0.36767661414596264,0.6986807258390968,1.0,0.9909262030315936
jittered_zero,22,83.08769473868333,0.002,0.502,HR,10.0,0.002,0.36686852689825034,0.6992103703967341,0.9803921568627451,0.9909760584220663
jittered_zero,22,83.08769473868333,0.005,0.505,HR,10.0,0.002,0.36573243174491077,0.6999527284276228,0.9523809523809523,0.9910503341102718
jittered_zero,22,83.08769473868333,0.01,0.51,HR,10.0,0.002,0.36403959639541456,0.7010520169540712,0.9090909090909091,0.9911727850359621
jittered_zero,22,83.08769473868333,0.02,0.52,HR,10.0,0.002,0.361389769493099,0.7027420262447535,0.8333333333333333,0.9914127293239904
jittered_zero,22,83.08769473868333,0.05,0.55,HR,10.0,0.002,0.3588939195721257,0.7040141284351503,0.6666666666666665,0.9920943499840352
known_zero,23,84.73549298051705,-0.05,0.45,HR,10.0,0.002,0.1190609850062224,0.8965000552531004,0.6666666666666666,0.9902438424235227
known_zero,23,84.73549298051705,-0.02,0.48,HR,10.0,0.002,0.052492796092834304,0.9575048925752546,0.8333333333333333,0.9909726455651936
known_zero,23,84.73549298051705,-0.01,0.49,HR,10.0,0.002,0.03050123773522599,0.978567833587723,0.9090909090909091,0.9912028560714364
known_zero,23,84.73549298051705,-0.005,0.495,HR,10.0,0.002,0.01954302107320021,0.9892375736802693,0.9523809523809523,0.9913156676380106
known_zero,23,84.73549298051705,-0.002,0.498,HR,10.0,0.002,0.012980170356387391,0.9956838831376391,0.9803921568627451,0.9913826320341573
known_zero,23,84.73549298051705,0.0,0.5,HR,10.0,0.002,0.008609983233646711,0.9999999999999973,1.0,0.9914269765196507
known_zero,23,84.73549298051705,0.002,0.502,HR,10.0,0.002,0.01286855383269807,0.9957061866959271,0.9803921568627451,0.9914710837022982
known_zero,23,84.73549298051705,0.005,0.505,HR,10.0,0.002,0.019180870664224154,0.9893751896129871,0.9523809523809523,0.9915368022416964
known_zero,23,84.73549298051705,0.01,0.51,HR,10.0,0.002,0.02950455260789634,0.9791067334789098,0.9090909090909091,0.9916451640893746
known_zero,23,84.73549298051705,0.02,0.52,HR,10.0,0.002,0.04944327431674974,0.9595723948132688,0.8333333333333333,0.9918575721181501
known_zero,23,84.73549298051705,0.05,0.55,HR,10.0,0.002,0.10411889589479222,0.9079627413075848,0.6666666666666665,0.9924615965002526
jittered_zero,23,84.51612257992386,-0.05,0.45,HR,10.0,0.002,0.4111909805810293,0.6689687452034105,0.6666666666666666,0.990868902041286
jittered_zero,23,84.51612257992386,-0.02,0.48,HR,10.0,0.002,0.39071244993681525,0.6823215230899317,0.8333333333333333,0.9915775104033869
jittered_zero,23,84.51612257992386,-0.01,0.49,HR,10.0,0.002,0.38536727360284173,0.6858238423997008,0.9090909090909091,0.9918009968179446
jittered_zero,23,84.51612257992386,-0.005,0.495,HR,10.0,0.002,0.3829681475611212,0.6873953372158942,0.9523809523809523,0.9919104482079789
jittered_zero,23,84.51612257992386,-0.002,0.498,HR,10.0,0.002,0.3816151961505079,0.6882809114247471,0.9803921568627451,0.9919753971536094
jittered_zero,23,84.51612257992386,0.0,0.5,HR,10.0,0.002,0.38074901031631103,0.6888474880284059,1.0,0.9920183982915755
jittered_zero,23,84.51612257992386,0.002,0.502,HR,10.0,0.002,0.37991128474317803,0.6893950764219837,0.9803921568627451,0.9920611623628707
jittered_zero,23,84.51612257992386,0.005,0.505,HR,10.0,0.002,0.37870772822628973,0.6901809825099445,0.9523809523809523,0.9921248666915796
jittered_zero,23,84.51612257992386,0.01,0.51,HR,10.0,0.002,0.37684186115669305,0.6913967934843565,0.9090909090909091,0.9922298727893947
jittered_zero,23,84.51612257992386,0.02,0.52,HR,10.0,0.002,0.37362514322509643,0.6934806356403032,0.8333333333333333,0.9924355744132399
jittered_zero,23,84.51612257992386,0.05,0.55,HR,10.0,0.002,0.3678460893316873,0.6970897301924335,0.6666666666666665,0.993019526929427
known_zero,24,87.42527461312523,-0.05,0.45,HR,10.0,0.002,0.1000900396181859,0.9121978574689857,0.6666666666666666,0.9918417841897694
known_zero,24,87.42527461312523,-0.02,0.48,HR,10.0,0.002,0.04387294788390891,0.9643423959223062,0.8333333333333333,0.9924644527372977
known_zero,24,87.42527461312523,-0.01,0.49,HR,10.0,0.002,0.02544653103770138,0.982083045149571,0.9090909090909091,0.9926599465423225
known_zero,24,87.42527461312523,-0.005,0.495,HR,10.0,0.002,0.016291799984564374,0.9910196101556038,0.9523809523809523,0.992755525247181
known_zero,24,87.42527461312523,-0.002,0.498,HR,10.0,0.002,0.010817651356504497,0.9964026013420461,0.9803921568627451,0.9928121902590226
known_zero,24,87.42527461312523,0.0,0.5,HR,10.0,0.002,0.0071760006797169,0.9999999999999925,1.0,0.992849685333497
known_zero,24,87.42527461312523,0.002,0.502,HR,10.0,0.002,0.010723452964795283,0.9964214271380325,0.9803921568627451,0.9928869566033082
known_zero,24,87.42527461312523,0.005,0.505,HR,10.0,0.002,0.015986077744321134,0.9911360167626166,0.9523809523809523,0.9929424466234045
known_zero,24,87.42527461312523,0.01,0.51,HR,10.0,0.002,0.024604266957116164,0.9825404961777187,0.9090909090909091,0.9930338286924131
known_zero,24,87.42527461312523,0.02,0.52,HR,10.0,0.002,0.04128871850790017,0.9661094864909133,0.8333333333333333,0.9932125322544137
known_zero,24,87.42527461312523,0.05,0.55,HR,10.0,0.002,0.08731139150360888,0.922185320857248,0.6666666666666665,0.9937175032869464
jittered_zero,24,87.54645747925322,-0.05,0.45,HR,10.0,0.002,0.22273239568854297,0.8063643814720597,0.6666666666666666,0.9925153076163168
jittered_zero,24,87.54645747925322,-0.02,0.48,HR,10.0,0.002,0.20251123881232766,0.8223375112413625,0.8333333333333333,0.9931169293602415
jittered_zero,24,87.54645747925322,-0.01,0.49,HR,10.0,0.002,0.19821072979515172,0.8257249764487148,0.9090909090909091,0.9933052994306213
jittered_zero,24,87.54645747925322,-0.005,0.495,HR,10.0,0.002,0.1965268902943519,0.8270399380404176,0.9523809523809523,0.9933972964298206
jittered_zero,24,87.54645747925322,-0.002,0.498,HR,10.0,0.002,0.1956648210619369,0.8277077931424126,0.9803921568627451,0.993451806128384
jittered_zero,24,87.54645747925322,0.0,0.5,HR,10.0,0.002,0.19515141056895893,0.8281028015754052,1.0,0.9934878617203659
jittered_zero,24,87.54645747925322,0.002,0.502,HR,10.0,0.002,0.1946867072477782,0.8284578351523616,0.9803921568627451,0.993523691429947
jittered_zero,24,87.54645747925322,0.005,0.505,HR,10.0,0.002,0.19408023363295462,0.8289159362871946,0.9523809523809523,0.9935770152288214
jittered_zero,24,87.54645747925322,0.01,0.51,HR,10.0,0.002,0.19330763617256067,0.8294833348706541,0.9090909090909091,0.9936647766376582
jittered_zero,24,87.54645747925322,0.02,0.52,HR,10.0,0.002,0.19262744403323778,0.8299045622137015,0.8333333333333333,0.9938362006849207
jittered_zero,24,87.54645747925322,0.05,0.55,HR,10.0,0.002,0.19673025583919782,0.8261052486173199,0.6666666666666665,0.9943190361546438
known_zero,25,88.80911120763446,-0.05,0.45,HR,10.0,0.002,0.12000660790111635,0.8957411464850243,0.6666666666666666,0.9901460701369257
known_zero,25,88.80911120763446,-0.02,0.48,HR,10.0,0.002,0.05287420022064635,0.9572080202309533,0.8333333333333333,0.9909019836173755
known_zero,25,88.80911120763446,-0.01,0.49,HR,10.0,0.002,0.030716297683988043,0.9784202810712767,0.9090909090909091,0.9911391590293416
known_zero,25,88.80911120763446,-0.005,0.495,HR,10.0,0.002,0.019678526486934668,0.9891639907930041,0.9523809523809523,0.9912550810554345
known_zero,25,88.80911120763446,-0.002,0.498,HR,10.0,0.002,0.013069039251322839,0.9956544925470173,0.9803921568627451,0.9913237947594462
known_zero,25,88.80911120763446,0.0,0.5,HR,10.0,0.002,0.008668203367007726,0.9999999999999853,1.0,0.9913692571891017
known_zero,25,88.80911120763446,0.002,0.502,HR,10.0,0.002,0.012954642359996068,0.9956773515277504,0.9803921568627451,0.9914144439721398
known_zero,25,88.80911120763446,0.005,0.505,HR,10.0,0.002,0.01930735803308127,0.9893050217894812,0.9523809523809523,0.9914817105127576
known_zero,25,88.80911120763446,0.01,0.51,HR,10.0,0.002,0.029694826618175352,0.9789724794035835,0.9090909090909091,0.9915924638423622
known_zero,25,88.80911120763446,0.02,0.52,HR,10.0,0.002,0.0497490830589446,0.9593260113025389,0.8333333333333333,0.9918089604713315
known_zero,25,88.80911120763446,0.05,0.55,HR,10.0,0.002,0.1046965367571875,0.907476502750386,0.6666666666666665,0.9924199433413919
jittered_zero,25,88.83893309019668,-0.05,0.45,HR,10.0,0.002,0.13960612814077353,0.8786672480196723,0.6666666666666666,0.9897953070908061
jittered_zero,25,88.83893309019668,-0.02,0.48,HR,10.0,0.002,0.08808922098374844,0.9244013604164991,0.8333333333333333,0.9905645042185329
jittered_zero,25,88.83893309019668,-0.01,0.49,HR,10.0,0.002,0.07753669896124721,0.9339800431651314,0.9090909090909091,0.9908060344323383
jittered_zero,25,88.83893309019668,-0.005,0.495,HR,10.0,0.002,0.07444052889308912,0.9367646398938583,0.9523809523809523,0.9909241208438865
jittered_zero,25,88.83893309019668,-0.002,0.498,HR,10.0,0.002,0.07339061594746174,0.9376824309434559,0.9803921568627451,0.9909941291001022
jittered_zero,25,88.83893309019668,0.0,0.5,HR,10.0,0.002,0.0730395657310751,0.93796781726655,1.0,0.9910404528846055
jittered_zero,25,88.83893309019668,0.002,0.502,HR,10.0,0.002,0.0729680777177101,0.9379912911425132,0.9803921568627451,0.9910864996894575
jittered_zero,25,88.83893309019668,0.005,0.505,HR,10.0,0.002,0.07337514950849669,0.937544688480857,0.9523809523809523,0.9911550537837254
jittered_zero,25,88.83893309019668,0.01,0.51,HR,10.0,0.002,0.07534324708104476,0.9355947592191707,0.9090909090909091,0.9912679465022273
jittered_zero,25,88.83893309019668,0.02,0.52,HR,10.0,0.002,0.08324814601094518,0.9280214651123917,0.8333333333333333,0.9914886979198804
jittered_zero,25,88.83893309019668,0.05,0.55,HR,10.0,0.002,0.12210217770644695,0.8920945376615025,0.6666666666666665,0.9921122631364595
known_zero,26,92.49189927055849,-0.05,0.45,HR,10.0,0.002,0.1627797109007067,0.8614630205534229,0.6666666666666666,0.9864362653201073
known_zero,26,92.49189927055849,-0.02,0.48,HR,10.0,0.002,0.07252030154486767,0.941844137063424,0.8333333333333333,0.9874742842040936
known_zero,26,92.49189927055849,-0.01,0.49,HR,10.0,0.002,0.04227625108723167,0.970441811315432,0.9090909090909091,0.9878025834813174
known_zero,26,92.49189927055849,-0.005,0.495,HR,10.0,0.002,0.027123101251377128,0.9850985320480001,0.9523809523809523,0.9879635338476815
known_zero,26,92.49189927055849,-0.002,0.498,HR,10.0,0.002,0.018021042124168465,0.9940097413857144,0.9803921568627451,0.9880590953265602
known_zero,26,92.49189927055849,0.0,0.5,HR,10.0,0.002,0.011948716325342367,0.9999999999999791,1.0,0.9881223861075679
known_zero,26,92.49189927055849,0.002,0.502,HR,10.0,0.002,0.017861142049184483,0.9940416819207608,0.9803921568627451,0.9881853453024195
known_zero,26,92.49189927055849,0.005,0.505,HR,10.0,0.002,0.02660462802326849,0.9852946322600636,0.9523809523809523,0.9882791659327119
known_zero,26,92.49189927055849,0.01,0.51,HR,10.0,0.002,0.04085273950532189,0.9712035236118106,0.9090909090909091,0.988433898691036
known_zero,26,92.49189927055849,0.02,0.52,HR,10.0,0.002,0.06819214092063243,0.9447210694324494,0.8333333333333333,0.9887373229787358
known_zero,26,92.49189927055849,0.05,0.55,HR,10.0,0.002,0.1419930211902053,0.8767445670683346,0.6666666666666665,0.9896010127215021
jittered_zero,26,92.46234974832157,-0.05,0.45,HR,10.0,0.002,0.1868182859489244,0.8412292801172248,0.6666666666666666,0.9861692778268429
jittered_zero,26,92.46234974832157,-0.02,0.48,HR,10.0,0.002,0.11839916944565142,0.8998438049919695,0.8333333333333333,0.9872173127883127
jittered_zero,26,92.46234974832157,-0.01,0.49,HR,10.0,0.002,0.1041996880343965,0.9124058602305746,0.9090909090909091,0.9875488428477809
jittered_zero,26,92.46234974832157,-0.005,0.495,HR,10.0,0.002,0.10001852690015248,0.9160779804393906,0.9523809523809523,0.9877113888523513
jittered_zero,26,92.46234974832157,-0.002,0.498,HR,10.0,0.002,0.09859874496400285,0.9172899036691736,0.9803921568627451,0.987807901454814
jittered_zero,26,92.46234974832157,0.0,0.5,HR,10.0,0.002,0.09812346656410392,0.9176665920275308,1.0,0.9878718237244204
jittered_zero,26,92.46234974832157,0.002,0.502,HR,10.0,0.002,0.09802596246997301,0.9176970011272926,0.9803921568627451,0.9879354123408314
jittered_zero,26,92.46234974832157,0.005,0.505,HR,10.0,0.002,0.09857445298484452,0.9171058239808796,0.9523809523809523,0.9880301732427552
jittered_zero,26,92.46234974832157,0.01,0.51,HR,10.0,0.002,0.10122758120414299,0.9145311862367248,0.9090909090909091,0.9881864628823744
jittered_zero,26,92.46234974832157,0.02,0.52,HR,10.0,0.002,0.1118500689871259,0.9045874336447273,0.8333333333333333,0.9884929629256609
jittered_zero,26,92.46234974832157,0.05,0.55,HR,10.0,0.002,0.1634068898271867,0.8583738739186443,0.6666666666666665,0.9893655836043498
known_zero,27,94.65134404051989,-0.05,0.45,HR,10.0,0.002,0.08305373414636318,0.9265515094822829,0.6666666666666666,0.9932547568540984
known_zero,27,94.65134404051989,-0.02,0.48,HR,10.0,0.002,0.03618539081244072,0.9704890141911483,0.8333333333333333,0.993789172784676
known_zero,27,94.65134404051989,-0.01,0.49,HR,10.0,0.002,0.020947970719728228,0.9852247230139031,0.9090909090909091,0.9939558875006376
known_zero,27,94.65134404051989,-0.005,0.495,HR,10.0,0.002,0.013400498563660178,0.992607611030714,0.9523809523809523,0.9940371980107844
known_zero,27,94.65134404051989,-0.002,0.498,HR,10.0,0.002,0.008894674475448193,0.997041929011848,0.9803921568627451,0.994085341123192
known_zero,27,94.65134404051989,0.0,0.5,HR,10.0,0.002,0.005900200770326988,0.9999999999999987,1.0,0.9941171712293537
known_zero,27,94.65134404051989,0.002,0.502,HR,10.0,0.002,0.0088148463852986,0.9970578849451215,0.9803921568627451,0.9941487905913281
known_zero,27,94.65134404051989,0.005,0.505,HR,10.0,0.002,0.013141349688773774,0.9927064606025869,0.9523809523809523,0.9941958272783956
known_zero,27,94.65134404051989,0.01,0.51,HR,10.0,0.002,0.02023334900375106,0.9856144019437518,0.9090909090909091,0.9942731860177322
known_zero,27,94.65134404051989,0.02,0.52,HR,10.0,0.002,0.033987276735646596,0.9720036075694453,0.8333333333333333,0.9944240897166501
known_zero,27,94.65134404051989,0.05,0.55,HR,10.0,0.002,0.07209276204977873,0.9352633841095787,0.6666666666666665,0.9948476521886107
jittered_zero,27,94.76011070554453,-0.05,0.45,HR,10.0,0.002,0.17101720586686261,0.8479748598184155,0.6666666666666666,0.9939057300581157
jittered_zero,27,94.76011070554453,-0.02,0.48,HR,10.0,0.002,0.15299070808089144,0.8629535165166381,0.8333333333333333,0.9944193738064412
jittered_zero,27,94.76011070554453,-0.01,0.49,HR,10.0,0.002,0.14928372381946,0.8660193583260434,0.9090909090909091,0.9945790398456072
jittered_zero,27,94.76011070554453,-0.005,0.495,HR,10.0,0.002,0.14787372009817826,0.8671735092757529,0.9523809523809523,0.9946568020208565
jittered_zero,27,94.76011070554453,-0.002,0.498,HR,10.0,0.002,0.1471687785461427,0.8677448951906878,0.9803921568627451,0.9947028083843317
jittered_zero,27,94.76011070554453,0.0,0.5,HR,10.0,0.002,0.14675713849536773,0.8680756351752463,1.0,0.994733210748125
jittered_zero,27,94.76011070554453,0.002,0.502,HR,10.0,0.002,0.14639181440440419,0.8683664681210845,0.9803921568627451,0.9947633997654447
jittered_zero,27,94.76011070554453,0.005,0.505,HR,10.0,0.002,0.14592989843950108,0.8687284738528419,0.9523809523809523,0.9948082860422827
jittered_zero,27,94.76011070554453,0.01,0.51,HR,10.0,0.002,0.14538602434939,0.8691366377670314,0.9090909090909091,0.9948820476660386
jittered_zero,27,94.76011070554453,0.02,0.52,HR,10.0,0.002,0.14511561547671276,0.8692461734583499,0.8333333333333333,0.9950257077164596
jittered_zero,27,94.76011070554453,0.05,0.55,HR,10.0,0.002,0.15001143744761636,0.8646520650417607,0.6666666666666665,0.9954271399739631
known_zero,28,95.87063422824531,-0.05,0.45,HR,10.0,0.002,0.09463067264609322,0.9167857858161444,0.6666666666666666,0.9922807125376347
known_zero,28,95.87063422824531,-0.02,0.48,HR,10.0,0.002,0.04135268063147847,0.9663570056972962,0.8333333333333333,0.9928946246903175
known_zero,28,95.87063422824531,-0.01,0.49,HR,10.0,0.002,0.023961028140660545,0.9831209551414746,0.9090909090909091,0.9930861030484254
known_zero,28,95.87063422824531,-0.005,0.495,HR,10.0,0.002,0.015333544770612668,0.9915462774034732,0.9523809523809523,0.9931794792632103
known_zero,28,95.87063422824531,-0.002,0.498,HR,10.0,0.002,0.01017884104268966,0.9966151267470436,0.9803921568627451,0.9932347618137576
known_zero,28,95.87063422824531,0.0,0.5,HR,10.0,0.002,0.006751429538527803,0.9999999999999969,1.0,0.9932713101559568
known_zero,28,95.87063422824531,0.002,0.502,HR,10.0,0.002,0.010087096182157702,0.9966334629850463,0.9803921568627451,0.9933076147939758
known_zero,28,95.87063422824531,0.005,0.505,HR,10.0,0.002,0.01503575984223694,0.9916597289985217,0.9523809523809523,0.9933616178789657
known_zero,28,95.87063422824531,0.01,0.51,HR,10.0,0.002,0.023140371708182547,0.9835672616123718,0.9090909090909091,0.9934504243186622
known_zero,28,95.87063422824531,0.02,0.52,HR,10.0,0.002,0.0388325942263281,0.9680846009297221,0.8333333333333333,0.9936236195878868
known_zero,28,95.87063422824531,0.05,0.55,HR,10.0,0.002,0.08213301976208089,0.9266077214839287,0.6666666666666665,0.9941093713235338
jittered_zero,28,95.70730159461198,-0.05,0.45,HR,10.0,0.002,0.24728143168389907,0.7857447192552637,0.6666666666666666,0.9938608145668093
jittered_zero,28,95.70730159461198,-0.02,0.48,HR,10.0,0.002,0.23020031685101386,0.798830080476694,0.8333333333333333,0.9944223175699953
jittered_zero,28,95.70730159461198,-0.01,0.49,HR,10.0,0.002,0.22615692566857917,0.8019262134641945,0.9090909090909091,0.9945964050652698
jittered_zero,28,95.70730159461198,-0.005,0.495,HR,10.0,0.002,0.2244413591508834,0.8032347572383582,0.9523809523809523,0.9946810941131694
jittered_zero,28,95.70730159461198,-0.002,0.498,HR,10.0,0.002,0.22350877004672487,0.8039437242415199,0.9803921568627451,0.9947311661821446
jittered_zero,28,95.70730159461198,0.0,0.5,HR,10.0,0.002,0.22292699932993829,0.8043848250801848,1.0,0.9947642414376874
jittered_zero,28,95.70730159461198,0.002,0.502,HR,10.0,0.002,0.22237696710350385,0.8048008221430758,0.9803921568627451,0.9947970733372967
jittered_zero,28,95.70730159461198,0.005,0.505,HR,10.0,0.002,0.22161096575412556,0.8053780333329011,0.9523809523809523,0.994845867769818
jittered_zero,28,95.70730159461198,0.01,0.51,HR,10.0,0.002,0.22048981731412362,0.8062165545822194,0.9090909090909091,0.9949259935862106
jittered_zero,28,95.70730159461198,0.02,0.52,HR,10.0,0.002,0.21881575361425976,0.807440876978591,0.8333333333333333,0.9950818243404274
jittered_zero,28,95.70730159461198,0.05,0.55,HR,10.0,0.002,0.2179631052551612,0.8077777029891835,0.6666666666666665,0.995515359286683
known_zero,29,98.83119421819369,-0.05,0.45,HR,10.0,0.002,0.18865597935421785,0.841432006372133,0.6666666666666666,0.984121503651545
known_zero,29,98.83119421819369,-0.02,0.48,HR,10.0,0.002,0.08454396708320311,0.9325856832907332,0.8333333333333333,0.9853585233234008
known_zero,29,98.83119421819369,-0.01,0.49,HR,10.0,0.002,0.049378068180172596,0.9655805665385802,0.9090909090909091,0.9857501707635232
known_zero,29,98.83119421819369,-0.005,0.495,HR,10.0,0.002,0.03170312874406163,0.9826073886928419,0.9523809523809523,0.9859422569721518
known_zero,29,98.83119421819369,-0.002,0.498,HR,10.0,0.002,0.021067998088490605,0.9929984237406883,0.9803921568627451,0.9860563304067719
known_zero,29,98.83119421819369,0.0,0.5,HR,10.0,0.002,0.01396516814947436,0.999999999999982,1.0,0.9861318924613611
known_zero,29,98.83119421819369,0.002,0.502,HR,10.0,0.002,0.020876660639785702,0.9930366357943505,0.9803921568627451,0.9862070672480521
known_zero,29,98.83119421819369,0.005,0.505,HR,10.0,0.002,0.031082963447755317,0.982841291425363,0.9523809523809523,0.9863191075015406
known_zero,29,98.83119421819369,0.01,0.51,HR,10.0,0.002,0.04767777462474944,0.9664847037267256,0.9090909090909091,0.9865039320107171
known_zero,29,98.83119421819369,0.02,0.52,HR,10.0,0.002,0.07939345021995062,0.9359689548984548,0.8333333333333333,0.9868665273674504
known_zero,29,98.83119421819369,0.05,0.55,HR,10.0,0.002,0.1642040282451452,0.8589623635056177,0.6666666666666665,0.9878999456206307
jittered_zero,29,98.93802221250124,-0.05,0.45,HR,10.0,0.002,0.382280034921922,0.6932919346940567,0.6666666666666666,0.9841510096520203
jittered_zero,29,98.93802221250124,-0.02,0.48,HR,10.0,0.002,0.3446771652495651,0.718955260642144,0.8333333333333333,0.9853868068014978
jittered_zero,29,98.93802221250124,-0.01,0.49,HR,10.0,0.002,0.3368407697983173,0.7243238448328613,0.9090909090909091,0.9857780188986144
jittered_zero,29,98.93802221250124,-0.005,0.495,HR,10.0,0.002,0.3338501677535192,0.7263518803193156,0.9523809523809523,0.9859698826627271
jittered_zero,29,98.93802221250124,-0.002,0.498,HR,10.0,0.002,0.33235264333174025,0.7273563716901075,0.9803921568627451,0.9860838211581016
jittered_zero,29,98.93802221250124,0.0,0.5,HR,10.0,0.002,0.331477323474726,0.7279376060286579,1.0,0.9861592926521136
jittered_zero,29,98.93802221250124,0.002,0.502,HR,10.0,0.002,0.3306998408097799,0.7284483226967637,0.9803921568627451,0.9862343764042781
jittered_zero,29,98.93802221250124,0.005,0.505,HR,10.0,0.002,0.32971561977621827,0.7290829045929655,0.9523809523809523,0.9863462792301778
jittered_zero,29,98.93802221250124,0.01,0.51,HR,10.0,0.002,0.3285535768285194,0.7297940428644519,0.9090909090909091,0.986530872406374
jittered_zero,29,98.93802221250124,0.02,0.52,HR,10.0,0.002,0.3279597756239207,0.729959578945526,0.8333333333333333,0.9868929968424244
jittered_zero,29,98.93802221250124,0.05,0.55,HR,10.0,0.002,0.3381619693165093,0.721795503735917,0.6666666666666665,0.9879249424621616
known_zero,30,101.31785100573138,-0.05,0.45,HR,10.0,0.002,0.170722790424571,0.8552777930185946,0.6666666666666666,0.9857092642277474
known_zero,30,101.31785100573138,-0.02,0.48,HR,10.0,0.002,0.07611319098289014,0.9390734552669951,0.8333333333333333,0.9868358008199153
known_zero,30,101.31785100573138,-0.01,0.49,HR,10.0,0.002,0.04437891527483278,0.9690025452923912,0.9090909090909091,0.9871918565499295
known_zero,30,101.31785100573138,-0.005,0.495,HR,10.0,0.002,0.028472661415065086,0.9843649627958079,0.9523809523809523,0.9873663749472528
known_zero,30,101.31785100573138,-0.002,0.498,HR,10.0,0.002,0.018916120570161007,0.993712908895646,0.9803921568627451,0.9874699801863127
known_zero,30,101.31785100573138,0.0,0.5,HR,10.0,0.002,0.012539700906762328,0.9999999999999782,1.0,0.9875385935360184
known_zero,30,101.31785100573138,0.002,0.502,HR,10.0,0.002,0.018742665464069854,0.993747554908815,0.9803921568627451,0.9876068436282934
known_zero,30,101.31785100573138,0.005,0.505,HR,10.0,0.002,0.027910300256489242,0.9845774867801259,0.9523809523809523,0.9877085417408065
known_zero,30,101.31785100573138,0.01,0.51,HR,10.0,0.002,0.0428355459971777,0.9698268752910546,0.9090909090909091,0.9878762486285159
known_zero,30,101.31785100573138,0.02,0.52,HR,10.0,0.002,0.07142568885604868,0.9421784079914713,0.8333333333333333,0.988205052954657
known_zero,30,101.31785100573138,0.05,0.55,HR,10.0,0.002,0.14828582801125803,0.87165025126643,0.6666666666666665,0.9891405892937204
jittered_zero,30,101.45418708406415,-0.05,0.45,HR,10.0,0.002,0.40800499565025483,0.674411650450716,0.6666666666666666,0.9860084065610729
jittered_zero,30,101.45418708406415,-0.02,0.48,HR,10.0,0.002,0.3769845121636412,0.6948746896655251,0.8333333333333333,0.9871228691070633
jittered_zero,30,101.45418708406415,-0.01,0.49,HR,10.0,0.002,0.36997786377636743,0.6995109483740367,0.9090909090909091,0.9874750676313431
jittered_zero,30,101.45418708406415,-0.005,0.495,HR,10.0,0.002,0.3671109271448653,0.7013966683815798,0.9523809523809523,0.9876476880159227
jittered_zero,30,101.45418708406415,-0.002,0.498,HR,10.0,0.002,0.36559316106508005,0.7023891544061506,0.9803921568627451,0.9877501641337316
jittered_zero,30,101.45418708406415,0.0,0.5,HR,10.0,0.002,0.36466508377609863,0.7029930283972571,1.0,0.9878180287483642
jittered_zero,30,101.45418708406415,0.002,0.502,HR,10.0,0.002,0.36380361133591954,0.7035508198734268,0.9803921568627451,0.987885533302358
jittered_zero,30,101.45418708406415,0.005,0.505,HR,10.0,0.002,0.362635378612502,0.7043014997846124,0.9523809523809523,0.9879861190768526
jittered_zero,30,101.45418708406415,0.01,0.51,HR,10.0,0.002,0.36101483205297813,0.7053253643688379,0.9090909090909091,0.9881519878929879
jittered_zero,30,101.45418708406415,0.02,0.52,HR,10.0,0.002,0.35896371214513617,0.7065410432587677,0.8333333333333333,0.9884771747945198
jittered_zero,30,101.45418708406415,0.05,0.55,HR,10.0,0.002,0.3613724661447884,0.7041821453752892,0.6666666666666665,0.9894023162907868
known_zero,31,103.72553804047834,-0.05,0.45,HR,10.0,0.002,0.11999879998913492,0.8957730567487973,0.6666666666666666,0.9901185287366723
known_zero,31,103.72553804047834,-0.02,0.48,HR,10.0,0.002,0.052751326760253466,0.9573152819150393,0.8333333333333333,0.9909127081294479
known_zero,31,103.72553804047834,-0.01,0.49,HR,10.0,0.002,0.030619835165832106,0.9784917644023384,0.9090909090909091,0.9911623571534681
known_zero,31,103.72553804047834,-0.005,0.495,HR,10.0,0.002,0.019608020576601645,0.9892044053147515,0.9523809523809523,0.9912844717023915
known_zero,31,103.72553804047834,-0.002,0.498,HR,10.0,0.002,0.01301826696134862,0.9956718073494766,0.9803921568627451,0.9913568877508524
known_zero,31,103.72553804047834,0.0,0.5,HR,10.0,0.002,0.00863233850714865,0.9999999999999967,1.0,0.9914048131461691
known_zero,31,103.72553804047834,0.002,0.502,HR,10.0,0.002,0.012897663596934833,0.9956959066056886,0.9803921568627451,0.9914524588058349
known_zero,31,103.72553804047834,0.005,0.505,HR,10.0,0.002,0.019216711931489,0.9893530963078514,0.9523809523809523,0.9915234062190412
known_zero,31,103.72553804047834,0.01,0.51,HR,10.0,0.002,0.029542908637149205,0.9790740063413346,0.9090909090909091,0.9916402753254377
known_zero,31,103.72553804047834,0.02,0.52,HR,10.0,0.002,0.04945631158263896,0.9595488893998876,0.8333333333333333,0.9918689376318902
known_zero,31,103.72553804047834,0.05,0.55,HR,10.0,0.002,0.10385263345382792,0.9081547585305373,0.6666666666666665,0.9925159882700646
jittered_zero,31,103.69770123250304,-0.05,0.45,HR,10.0,0.002,0.1360075449759623,0.8816768786302855,0.6666666666666666,0.9899727077917599
jittered_zero,31,103.69770123250304,-0.02,0.48,HR,10.0,0.002,0.08345784446368965,0.9284974549321845,0.8333333333333333,0.9907726306648719
jittered_zero,31,103.69770123250304,-0.01,0.49,HR,10.0,0.002,0.07248019055524352,0.9385080814341581,0.9090909090909091,0.991024147075621
jittered_zero,31,103.69770123250304,-0.005,0.495,HR,10.0,0.002,0.06924407957628435,0.9414332345202743,0.9523809523809523,0.9911471867362657
jittered_zero,31,103.69770123250304,-0.002,0.498,HR,10.0,0.002,0.06815303194915096,0.9423915645494757,0.9803921568627451,0.9912201551375553
jittered_zero,31,103.69770123250304,0.0,0.5,HR,10.0,0.002,0.06779519038003479,0.9426829240094475,1.0,0.9912684476445414
jittered_zero,31,103.69770123250304,0.002,0.502,HR,10.0,0.002,0.06773370939572135,0.9426952236223458,0.9803921568627451,0.9913164595211558
jittered_zero,31,103.69770123250304,0.005,0.505,HR,10.0,0.002,0.06818559709121946,0.9422013746629064,0.9523809523809523,0.9913879545898953
jittered_zero,31,103.69770123250304,0.01,0.51,HR,10.0,0.002,0.07029287087828473,0.9401063037531183,0.9090909090909091,0.9915057320317959
jittered_zero,31,103.69770123250304,0.02,0.52,HR,10.0,0.002,0.07857920171764285,0.9321317964346066,0.8333333333333333,0.9917361946175761
jittered_zero,31,103.69770123250304,0.05,0.55,HR,10.0,0.002,0.11797277619141083,0.8955366066149023,0.6666666666666665,0.9923885188709561
known_zero,32,105.44662305232609,-0.05,0.45,HR,10.0,0.002,0.10449702628134899,0.9085584225542968,0.6666666666666666,0.9914359425862344
known_zero,32,105.44662305232609,-0.02,0.48,HR,10.0,0.002,0.04572783294850899,0.9628783640341164,0.8333333333333333,0.992131471847405
known_zero,32,105.44662305232609,-0.01,0.49,HR,10.0,0.002,0.026505420345508325,0.9813505833228212,0.9090909090909091,0.9923495046567324
known_zero,32,105.44662305232609,-0.005,0.495,HR,10.0,0.002,0.01696314918138885,0.9906533588414433,0.9523809523809523,0.992456045472746
known_zero,32,105.44662305232609,-0.002,0.498,HR,10.0,0.002,0.011259847859428806,0.9962561077685976,0.9803921568627451,0.9925191918572392
known_zero,32,105.44662305232609,0.0,0.5,HR,10.0,0.002,0.007466839136145803,0.9999999999999898,1.0,0.9925609684505725
known_zero,32,105.44662305232609,0.002,0.502,HR,10.0,0.002,0.011154866619614385,0.9962770879005614,0.9803921568627451,0.9926024900315177
known_zero,32,105.44662305232609,0.005,0.505,HR,10.0,0.002,0.01662244971583634,0.9907830303661604,0.9523809523809523,0.9926642975773435
known_zero,32,105.44662305232609,0.01,0.51,HR,10.0,0.002,0.025566984504084882,0.9818598014833526,0.9090909090909091,0.9927660565026153
known_zero,32,105.44662305232609,0.02,0.52,HR,10.0,0.002,0.04285007417954257,0.9648427268581665,0.8333333333333333,0.9929649566849822
known_zero,32,105.44662305232609,0.05,0.55,HR,10.0,0.002,0.0902910618504397,0.9196185197556549,0.6666666666666665,0.9935263305909907
jittered_zero,32,105.5685419155486,-0.05,0.45,HR,10.0,0.002,0.2447032015306506,0.7897953778758074,0.6666666666666666,0.9913161056121992
jittered_zero,32,105.5685419155486,-0.02,0.48,HR,10.0,0.002,0.2222876829437354,0.8071265804803865,0.8333333333333333,0.9920191047430301
jittered_zero,32,105.5685419155486,-0.01,0.49,HR,10.0,0.002,0.21744859783667253,0.8108616704676896,0.9090909090909091,0.9922394777597352
jittered_zero,32,105.5685419155486,-0.005,0.495,HR,10.0,0.002,0.21553120563475608,0.8123297426501427,0.9523809523809523,0.9923471618342176
jittered_zero,32,105.5685419155486,-0.002,0.498,HR,10.0,0.002,0.21454021101318177,0.8130828617488642,0.9803921568627451,0.992410985736949
jittered_zero,32,105.5685419155486,0.0,0.5,HR,10.0,0.002,0.21394544957588996,0.813531982015195,1.0,0.9924532105289224
jittered_zero,32,105.5685419155486,0.002,0.502,HR,10.0,0.002,0.21340303007748487,0.813938958988267,0.9803921568627451,0.9924951775439209
jittered_zero,32,105.5685419155486,0.005,0.505,HR,10.0,0.002,0.21268670526469652,0.814470947351278,0.9523809523809523,0.9925576480936976
jittered_zero,32,105.5685419155486,0.01,0.51,HR,10.0,0.002,0.21174856322654337,0.8151509281221045,0.9090909090909091,0.9926604984378795
jittered_zero,32,105.5685419155486,0.02,0.52,HR,10.0,0.002,0.21080006684728844,0.8157592555576424,0.8333333333333333,0.9928615314253679
jittered_zero,32,105.5685419155486,0.05,0.55,HR,10.0,0.002,0.21452681027367948,0.8122606058832318,0.6666666666666665,0.9934289214130111
known_zero,33,107.1686111842764,-0.05,0.45,HR,10.0,0.002,0.1622722769664488,0.8619028257032723,0.6666666666666666,0.9864333369763568
known_zero,33,107.1686111842764,-0.02,0.48,HR,10.0,0.002,0.07211317699695188,0.9421743064623047,0.8333333333333333,0.9875302061355012
known_zero,33,107.1686111842764,-0.01,0.49,HR,10.0,0.002,0.04200226158611911,0.9706362741118347,0.9090909090909091,0.9878753118760053
known_zero,33,107.1686111842764,-0.005,0.495,HR,10.0,0.002,0.02693495550825209,0.9852034832501676,0.9523809523809523,0.9880441674418189
known_zero,33,107.1686111842764,-0.002,0.498,HR,10.0,0.002,0.01789064855728065,0.9940536243707101,0.9803921568627451,0.9881443162348964
known_zero,33,107.1686111842764,0.0,0.5,HR,10.0,0.002,0.011859444920072864,0.9999999999999796,1.0,0.988210601119034
known_zero,33,107.1686111842764,0.002,0.502,HR,10.0,0.002,0.01772324506396426,0.9940870640203442,0.9803921568627451,0.9882765035828337
known_zero,33,107.1686111842764,0.005,0.505,HR,10.0,0.002,0.02639214142513456,0.9854088150084964,0.9523809523809523,0.9883746446413999
known_zero,33,107.1686111842764,0.01,0.51,HR,10.0,0.002,0.040511810677373215,0.9714340223688044,0.9090909090909091,0.9885363293464448
known_zero,33,107.1686111842764,0.02,0.52,HR,10.0,0.002,0.06758057585585658,0.9451886655786216,0.8333333333333333,0.9888527457003562
known_zero,33,107.1686111842764,0.05,0.55,HR,10.0,0.002,0.1404880573095219,0.8779341643234619,0.6666666666666665,0.9897485228278562
jittered_zero,33,107.16051235321373,-0.05,0.45,HR,10.0,0.002,0.16338137721317308,0.8608568852716192,0.6666666666666666,0.986537077185679
jittered_zero,33,107.16051235321373,-0.02,0.48,HR,10.0,0.002,0.07630337278264393,0.9381401001257096,0.8333333333333333,0.9876297562242481
jittered_zero,33,107.16051235321373,-0.01,0.49,HR,10.0,0.002,0.05013300602253211,0.9626805824661329,0.9090909090909091,0.9879735095866987
jittered_zero,33,107.16051235321373,-0.005,0.495,HR,10.0,0.002,0.04000132888730468,0.9723182062567479,0.9523809523809523,0.9881416970162334
jittered_zero,33,107.16051235321373,-0.002,0.498,HR,10.0,0.002,0.0363712810511365,0.9757556817373967,0.9803921568627451,0.9882414474712351
jittered_zero,33,107.16051235321373,0.0,0.5,HR,10.0,0.002,0.035530401277775354,0.9765112832854872,1.0,0.9883074678488408
jittered_zero,33,107.16051235321373,0.002,0.502,HR,10.0,0.002,0.03610090872708088,0.9758895211583299,0.9803921568627451,0.9883731066435516
jittered_zero,33,107.16051235321373,0.005,0.505,HR,10.0,0.002,0.03927838259346257,0.9726973821156821,0.9523809523809523,0.9884708537606167
jittered_zero,33,107.16051235321373,0.01,0.51,HR,10.0,0.002,0.048422618222105356,0.963686356808997,0.9090909090909091,0.9886318860314166
jittered_zero,33,107.16051235321373,0.02,0.52,HR,10.0,0.002,0.07155310869467929,0.9413515818798047,0.8333333333333333,0.9889470128151054
jittered_zero,33,107.16051235321373,0.05,0.55,HR,10.0,0.002,0.141470448987862,0.8769919080397018,0.6666666666666665,0.9898390394632699
known_zero,34,111.02953554316967,-0.05,0.45,HR,10.0,0.002,0.089539492461001,0.9211054396313956,0.6666666666666666,0.992668282100742
known_zero,34,111.02953554316967,-0.02,0.48,HR,10.0,0.002,0.03895357047808826,0.9682834002720753,0.8333333333333333,0.9932994447043254
known_zero,34,111.02953554316967,-0.01,0.49,HR,10.0,0.002,0.022540075707198987,0.9841163903612618,0.9090909090909091,0.993492297740623
known_zero,34,111.02953554316967,-0.005,0.495,HR,10.0,0.002,0.014414872931747801,0.9920519565029204,0.9523809523809523,0.9935855853839999
known_zero,34,111.02953554316967,-0.002,0.498,HR,10.0,0.002,0.00956550856299069,0.9968192956787184,0.9803921568627451,0.9936405722498404
known_zero,34,111.02953554316967,0.0,0.5,HR,10.0,0.002,0.00634325220366914,0.999999999999996,1.0,0.9936768237472274
known_zero,34,111.02953554316967,0.002,0.502,HR,10.0,0.002,0.009474651745727267,0.9968374551285157,0.9803921568627451,0.9937127525144186
known_zero,34,111.02953554316967,0.005,0.505,HR,10.0,0.002,0.014119943305476064,0.9921643836433235,0.9523809523809523,0.9937660450319691
known_zero,34,111.02953554316967,0.01,0.51,HR,10.0,0.002,0.021727016685023484,0.9845591228052624,0.9090909090909091,0.9938532812289774
known_zero,34,111.02953554316967,0.02,0.52,HR,10.0,0.002,0.036454495047157455,0.9700007055254583,0.8333333333333333,0.9940219253128224
known_zero,34,111.02953554316967,0.05,0.55,HR,10.0,0.002,0.07710336763623024,0.9309296412108611,0.6666666666666665,0.9944834824478753
jittered_zero,34,111.01479129312351,-0.05,0.45,HR,10.0,0.002,0.0945838810579034,0.916692159315271,0.6666666666666666,0.9924284955065767
jittered_zero,34,111.01479129312351,-0.02,0.48,HR,10.0,0.002,0.04753733712401073,0.9602303771308254,0.8333333333333333,0.9930688420545025
jittered_zero,34,111.01479129312351,-0.01,0.49,HR,10.0,0.002,0.03560274663328503,0.971567260539006,0.9090909090909091,0.9932648159378842
jittered_zero,34,111.01479129312351,-0.005,0.495,HR,10.0,0.002,0.03173540986736886,0.9752387744042467,0.9523809523809523,0.9933596763096274
jittered_zero,34,111.01479129312351,-0.002,0.498,HR,10.0,0.002,0.03047933387912557,0.9764095379381454,0.9803921568627451,0.9934156108718302
jittered_zero,34,111.01479129312351,0.0,0.5,HR,10.0,0.002,0.030160968937416908,0.9766841782092185,1.0,0.9934524958837463
jittered_zero,34,111.01479129312351,0.002,0.502,HR,10.0,0.002,0.03027028697188119,0.9765414735857886,0.9803921568627451,0.9934890595524188
jittered_zero,34,111.01479129312351,0.005,0.505,HR,10.0,0.002,0.031197502483537906,0.9755831590564598,0.9523809523809523,0.9935433070463487
jittered_zero,34,111.01479129312351,0.01,0.51,HR,10.0,0.002,0.03442776050886016,0.9723499181880008,0.9090909090909091,0.9936321419514175
jittered_zero,34,111.01479129312351,0.02,0.52,HR,10.0,0.002,0.044575008487243294,0.9623666728105525,0.8333333333333333,0.9938040104831429
jittered_zero,34,111.01479129312351,0.05,0.55,HR,10.0,0.002,0.08151904534257087,0.9270219270004159,0.6666666666666665,0.9942754625948576
known_zero,35,111.87465917699264,-0.05,0.45,HR,10.0,0.002,0.07704057091176883,0.9317018123802554,0.6666666666666666,0.9937216799071119
known_zero,35,111.87465917699264,-0.02,0.48,HR,10.0,0.002,0.03339836271971712,0.972735628062546,0.8333333333333333,0.9942611097548744
known_zero,35,111.87465917699264,-0.01,0.49,HR,10.0,0.002,0.01930485228936208,0.9863779619406764,0.9090909090909091,0.9944264074233675
known_zero,35,111.87465917699264,-0.005,0.495,HR,10.0,0.002,0.012340366719136688,0.9931915918058454,0.9523809523809523,0.9945064693551776
known_zero,35,111.87465917699264,-0.002,0.498,HR,10.0,0.002,0.008187631309510269,0.9972772717800574,0.9803921568627451,0.9945536954620966
known_zero,35,111.87465917699264,0.0,0.5,HR,10.0,0.002,0.005429869659169584,0.9999999999999998,1.0,0.9945848454353613
known_zero,35,111.87465917699264,0.002,0.502,HR,10.0,0.002,0.008109623495448024,0.9972928645740751,0.9803921568627451,0.9946157302681194
known_zero,35,111.87465917699264,0.005,0.505,HR,10.0,0.002,0.012087100665844385,0.9932882603459012,0.9523809523809523,0.9946615643677322
known_zero,35,111.87465917699264,0.01,0.51,HR,10.0,0.002,0.018606187276570478,0.9867594953273594,0.9090909090909091,0.9947366545753819
known_zero,35,111.87465917699264,0.02,0.52,HR,10.0,0.002,0.03124705943540483,0.9742220936886699,0.8333333333333333,0.9948820611342407
known_zero,35,111.87465917699264,0.05,0.55,HR,10.0,0.002,0.06627122479227818,0.9403133350692275,0.6666666666666665,0.9952820638778901
jittered_zero,35,112.11561304166068,-0.05,0.45,HR,10.0,0.002,0.35908757046225626,0.7041936324774898,0.6666666666666666,0.9916494055846464
jittered_zero,35,112.11561304166068,-0.02,0.48,HR,10.0,0.002,0.34043201687944763,0.7169945955673246,0.8333333333333333,0.9922848746392127
jittered_zero,35,112.11561304166068,-0.01,0.49,HR,10.0,0.002,0.33540081997362275,0.7204673069526372,0.9090909090909091,0.9924828165161765
jittered_zero,35,112.11561304166068,-0.005,0.495,HR,10.0,0.002,0.3331019115243187,0.7220552975817618,0.9523809523809523,0.9925793123231024
jittered_zero,35,112.11561304166068,-0.002,0.498,HR,10.0,0.002,0.3317909006900228,0.7229609355283981,0.9803921568627451,0.9926364335558705
jittered_zero,35,112.11561304166068,0.0,0.5,HR,10.0,0.002,0.3309451099100713,0.7235451434264856,1.0,0.9926741945440392
jittered_zero,35,112.11561304166068,0.002,0.502,HR,10.0,0.002,0.33012174124188437,0.724113773296374,0.9803921568627451,0.9927117016668183
jittered_zero,35,112.11561304166068,0.005,0.505,HR,10.0,0.002,0.3289284348630776,0.7249376386018148,0.9523809523809523,0.9927674900800486
jittered_zero,35,112.11561304166068,0.01,0.51,HR,10.0,0.002,0.3270497400990597,0.7262337486041663,0.9090909090909091,0.992859225457285
jittered_zero,35,112.11561304166068,0.02,0.52,HR,10.0,0.002,0.3236969166848729,0.7285414991799285,0.8333333333333333,0.9930381199913357
jittered_zero,35,112.11561304166068,0.05,0.55,HR,10.0,0.002,0.3166812446449099,0.733300065824261,0.6666666666666665,0.9935400055343758
known_zero,36,114.32022091545271,-0.05,0.45,HR,10.0,0.002,0.1401178409699801,0.879493050111908,0.6666666666666666,0.9883600504910698
known_zero,36,114.32022091545271,-0.02,0.48,HR,10.0,0.002,0.06184017567904519,0.9501797479185933,0.8333333333333333,0.989321354193482
known_zero,36,114.32022091545271,-0.01,0.49,HR,10.0,0.002,0.03593815670508184,0.9748148836934356,0.9090909090909091,0.9896237408736757
known_zero,36,114.32022091545271,-0.005,0.495,HR,10.0,0.002,0.023023629528761302,0.9873381916412591,0.9523809523809523,0.989771691265875
known_zero,36,114.32022091545271,-0.002,0.498,HR,10.0,0.002,0.015286686190261523,0.994918592546384,0.9803921568627451,0.9898594412336491
known_zero,36,114.32022091545271,0.0,0.5,HR,10.0,0.002,0.010133652360849456,0.9999999999999885,1.0,0.9899175200917635
known_zero,36,114.32022091545271,0.002,0.502,HR,10.0,0.002,0.015140284815898599,0.9949478422299205,0.9803921568627451,0.9899752642705262
known_zero,36,114.32022091545271,0.005,0.505,HR,10.0,0.002,0.022548755790845212,0.9875182573442534,0.9523809523809523,0.9900612571437333
known_zero,36,114.32022091545271,0.01,0.51,HR,10.0,0.002,0.034632650217743685,0.975517406906741,0.9090909090909091,0.9902029318145835
known_zero,36,114.32022091545271,0.02,0.52,HR,10.0,0.002,0.057857116224649265,0.9528557765952855,0.8333333333333333,0.9904802096151291
known_zero,36,114.32022091545271,0.05,0.55,HR,10.0,0.002,0.1207770614929377,0.8940405252938682,0.6666666666666665,0.991265482521753
jittered_zero,36,114.26717901645753,-0.05,0.45,HR,10.0,0.002,0.19386117885046358,0.833492434321327,0.6666666666666666,0.9883380093443319
jittered_zero,36,114.26717901645753,-0.02,0.48,HR,10.0,0.002,0.14932447908325136,0.8706052055123907,0.8333333333333333,0.9892998498493917
jittered_zero,36,114.26717901645753,-0.01,0.49,HR,10.0,0.002,0.1410111926187054,0.877604522077567,0.9090909090909091,0.989602456724493
jittered_zero,36,114.26717901645753,-0.005,0.495,HR,10.0,0.002,0.13839664096650012,0.8797704323868429,0.9523809523809523,0.989750524427003
jittered_zero,36,114.26717901645753,-0.002,0.498,HR,10.0,0.002,0.13734089035571406,0.8806216016671562,0.9803921568627451,0.9898383470243036
jittered_zero,36,114.26717901645753,0.0,0.5,HR,10.0,0.002,0.13685159687562717,0.881000852784048,1.0,0.9898964752220443
jittered_zero,36,114.26717901645753,0.002,0.502,HR,10.0,0.002,0.13653299907263855,0.8812301325816475,0.9803921568627451,0.9899542694681793
jittered_zero,36,114.26717901645753,0.005,0.505,HR,10.0,0.002,0.1363712271095466,0.881296080157473,0.9523809523809523,0.9900403387916881
jittered_zero,36,114.26717901645753,0.01,0.51,HR,10.0,0.002,0.13692016980074115,0.8806862892649987,0.9090909090909091,0.9901821444199728
jittered_zero,36,114.26717901645753,0.02,0.52,HR,10.0,0.002,0.1408330367196255,0.877001186654316,0.8333333333333333,0.9904596970273377
jittered_zero,36,114.26717901645753,0.05,0.55,HR,10.0,0.002,0.16818723298971727,0.8526598494290735,0.6666666666666665,0.991245890069088
known_zero,37,116.22668032085755,-0.05,0.45,HR,10.0,0.002,0.16953793277768175,0.8562395628709341,0.6666666666666666,0.9857693724178179
known_zero,37,116.22668032085755,-0.02,0.48,HR,10.0,0.002,0.07539628815557642,0.9396412422850061,0.8333333333333333,0.9869467874304814
known_zero,37,116.22668032085755,-0.01,0.49,HR,10.0,0.002,0.043922671780599255,0.9693214487033259,0.9090909090909091,0.9873174282464287
known_zero,37,116.22668032085755,-0.005,0.495,HR,10.0,0.002,0.028167197832605066,0.9845336306135061,0.9523809523809523,0.9874988206923067
known_zero,37,116.22668032085755,-0.002,0.498,HR,10.0,0.002,0.018707779844020653,0.9937826495678509,0.9803921568627451,0.9876064197243886
known_zero,37,116.22668032085755,0.0,0.5,HR,10.0,0.002,0.012398907833294281,0.9999999999999984,1.0,0.9876776419180456
known_zero,37,116.22668032085755,0.002,0.502,HR,10.0,0.002,0.018527793867349686,0.9938186005677986,0.9803921568627451,0.9877484583205622
known_zero,37,116.22668032085755,0.005,0.505,HR,10.0,0.002,0.02758364529500632,0.9847542061207271,0.9523809523809523,0.9878539269175516
known_zero,37,116.22668032085755,0.01,0.51,HR,10.0,0.002,0.04232097054324279,0.9701773048217243,0.9090909090909091,0.9880277102332325
known_zero,37,116.22668032085755,0.02,0.52,HR,10.0,0.002,0.07053020621950046,0.9428671070991043,0.8333333333333333,0.9883679077556445
known_zero,37,116.22668032085755,0.05,0.55,HR,10.0,0.002,0.14622333187030467,0.8732809652784623,0.6666666666666665,0.9893319162183324
jittered_zero,37,116.2855229268188,-0.05,0.45,HR,10.0,0.002,0.24804897899887973,0.7918967212034173,0.6666666666666666,0.9853831971644563
jittered_zero,37,116.2855229268188,-0.02,0.48,HR,10.0,0.002,0.19775393687532283,0.8317362860966547,0.8333333333333333,0.9865768206337923
jittered_zero,37,116.2855229268188,-0.01,0.49,HR,10.0,0.002,0.18830821245898,0.839310100947132,0.9090909090909091,0.9869526844400747
jittered_zero,37,116.2855229268188,-0.005,0.495,HR,10.0,0.002,0.1852574786689238,0.8417176235151748,0.9523809523809523,0.9871366555239404
jittered_zero,37,116.2855229268188,-0.002,0.498,HR,10.0,0.002,0.18397858821243468,0.8427016094182043,0.9803921568627451,0.9872457913336901
jittered_zero,37,116.2855229268188,0.0,0.5,HR,10.0,0.002,0.18335617768517887,0.8431645798759425,1.0,0.9873180337354965
jittered_zero,37,116.2855229268188,0.002,0.502,HR,10.0,0.002,0.18291687017979397,0.8434737021198185,0.9803921568627451,0.9873898669119883
jittered_zero,37,116.2855229268188,0.005,0.505,HR,10.0,0.002,0.18259731424679077,0.8436518694149643,0.9523809523809523,0.9874968542571786
jittered_zero,37,116.2855229268188,0.01,0.51,HR,10.0,0.002,0.18294633188103798,0.8432069338941706,0.9090909090909091,0.9876731518191638
jittered_zero,37,116.2855229268188,0.02,0.52,HR,10.0,0.002,0.18670875029645953,0.8397469302129605,0.8333333333333333,0.9880183147537883
jittered_zero,37,116.2855229268188,0.05,0.55,HR,10.0,0.002,0.2157290064994915,0.8149204720060155,0.6666666666666665,0.9889967281174415
known_zero,38,118.79078286597621,-0.05,0.45,HR,10.0,0.002,0.2079334985154636,0.8268852118962561,0.6666666666666666,0.9823141589593968
known_zero,38,118.79078286597621,-0.02,0.48,HR,10.0,0.002,0.09339267497322308,0.9258562860221626,0.8333333333333333,0.9837766199818431
known_zero,38,118.79078286597621,-0.01,0.49,HR,10.0,0.002,0.054581812065090676,0.9620445216030472,0.9090909090909091,0.9842382739376189
known_zero,38,118.79078286597621,-0.005,0.495,HR,10.0,0.002,0.03504984479559324,0.9807944744523794,0.9523809523809523,0.9844644440820512
known_zero,38,118.79078286597621,-0.002,0.498,HR,10.0,0.002,0.02328903682916138,0.9922622083178766,0.9803921568627451,0.9845986792093877
known_zero,38,118.79078286597621,0.0,0.5,HR,10.0,0.002,0.015430882670468268,0.9999999999999782,1.0,0.9846875633726001
known_zero,38,118.79078286597621,0.002,0.502,HR,10.0,0.002,0.023063635539979123,0.9923072161685051,0.9803921568627451,0.9847759657510798
known_zero,38,118.79078286597621,0.005,0.505,HR,10.0,0.002,0.03431947756142779,0.9810693773997914,0.9523809523809523,0.9849076714747815
known_zero,38,118.79078286597621,0.01,0.51,HR,10.0,0.002,0.052581425132385,0.9631034121955909,0.9090909090909091,0.9851248075713982
known_zero,38,118.79078286597621,0.02,0.52,HR,10.0,0.002,0.08734913420082614,0.9297923113046027,0.8333333333333333,0.9855503180950376
known_zero,38,118.79078286597621,0.05,0.55,HR,10.0,0.002,0.17947196361600748,0.8469251349788742,0.6666666666666665,0.9867594506554648
jittered_zero,38,118.67966323637259,-0.05,0.45,HR,10.0,0.002,0.43046011468373946,0.6620319381176558,0.6666666666666666,0.9821427295964587
jittered_zero,38,118.67966323637259,-0.02,0.48,HR,10.0,0.002,0.3897054655310725,0.6885414221682671,0.8333333333333333,0.9836101338989016
jittered_zero,38,118.67966323637259,-0.01,0.49,HR,10.0,0.002,0.3809982106931369,0.6942359521900137,0.9090909090909091,0.9840733685414412
jittered_zero,38,118.67966323637259,-0.005,0.495,HR,10.0,0.002,0.37760208170278753,0.6964370619990928,0.9523809523809523,0.9843003166819518
jittered_zero,38,118.67966323637259,-0.002,0.498,HR,10.0,0.002,0.37587039708329284,0.6975486591079066,0.9803921568627451,0.9844350146847923
jittered_zero,38,118.67966323637259,0.0,0.5,HR,10.0,0.002,0.3748427071850687,0.6982026332158568,1.0,0.9845242058041256
jittered_zero,38,118.67966323637259,0.002,0.502,HR,10.0,0.002,0.3739158066843181,0.6987871351792635,0.9803921568627451,0.9846129138404157
jittered_zero,38,118.67966323637259,0.005,0.505,HR,10.0,0.002,0.3727129351345624,0.6995342955905633,0.9523809523809523,0.9847450756234699
jittered_zero,38,118.67966323637259,0.01,0.51,HR,10.0,0.002,0.3712009002875104,0.7004378334107283,0.9090909090909091,0.9849629653725045
jittered_zero,38,118.67966323637259,0.02,0.52,HR,10.0,0.002,0.3699604947901512,0.7010033056732639,0.8333333333333333,0.9853899592041593
jittered_zero,38,118.67966323637259,0.05,0.55,HR,10.0,0.002,0.3786472275986817,0.6940855631966845,0.6666666666666665,0.9866033532099865
known_zero,39,121.37012500242065,-0.05,0.45,HR,10.0,0.002,0.1272232833927581,0.8899174040659926,0.6666666666666666,0.9894592883819024
known_zero,39,121.37012500242065,-0.02,0.48,HR,10.0,0.002,0.05589654489288266,0.9548485432257233,0.8333333333333333,0.9903528350230728
known_zero,39,121.37012500242065,-0.01,0.49,HR,10.0,0.002,0.03243715353999665,0.9772374873675108,0.9090909090909091,0.9906325750284833
known_zero,39,121.37012500242065,-0.005,0.495,HR,10.0,0.002,0.02076744581603393,0.9885720274304709,0.9523809523809523,0.9907691957068245
known_zero,39,121.37012500242065,-0.002,0.498,HR,10.0,0.002,0.013784904700978505,0.9954175972954702,0.9803921568627451,0.9908501464107436
known_zero,39,121.37012500242065,0.0,0.5,HR,10.0,0.002,0.00913793205252494,0.9999999999999902,1.0,0.9909036919642857
known_zero,39,121.37012500242065,0.002,0.502,HR,10.0,0.002,0.013650111707995394,0.9954445305150058,0.9803921568627451,0.9909569025438373
known_zero,39,121.37012500242065,0.005,0.505,HR,10.0,0.002,0.020330139570584667,0.9887380789475166,0.9523809523809523,0.991036094604374
known_zero,39,121.37012500242065,0.01,0.51,HR,10.0,0.002,0.03123406147484047,0.9778869113144736,0.9090909090909091,0.9911664340030046
known_zero,39,121.37012500242065,0.02,0.52,HR,10.0,0.002,0.05221893106500464,0.9573339795580451,0.8333333333333333,0.9914210424753103
known_zero,39,121.37012500242065,0.05,0.55,HR,10.0,0.002,0.109254878445841,0.9036056931295621,0.6666666666666665,0.9921383809135988
jittered_zero,39,121.5525877800734,-0.05,0.45,HR,10.0,0.002,0.3616489579327792,0.702807178819034,0.6666666666666666,0.9910639164484784
jittered_zero,39,121.5525877800734,-0.02,0.48,HR,10.0,0.002,0.3389032920528181,0.7183740920765612,0.8333333333333333,0.9918945616129248
jittered_zero,39,121.5525877800734,-0.01,0.49,HR,10.0,0.002,0.333206987348281,0.722288909646883,0.9090909090909091,0.9921540225448324
jittered_zero,39,121.5525877800734,-0.005,0.495,HR,10.0,0.002,0.3307074171584142,0.7240041923336518,0.9523809523809523,0.992280627514449
jittered_zero,39,121.5525877800734,-0.002,0.498,HR,10.0,0.002,0.3293178034043309,0.7249561976205221,0.9803921568627451,0.9923556077509035
jittered_zero,39,121.5525877800734,0.0,0.5,HR,10.0,0.002,0.32843687736069604,0.7255588605074841,1.0,0.992405189070468
jittered_zero,39,121.5525877800734,0.002,0.502,HR,10.0,0.002,0.3275920868432322,0.7261360221722277,0.9803921568627451,0.9924544481914228
jittered_zero,39,121.5525877800734,0.005,0.505,HR,10.0,0.002,0.32639214639304637,0.7269541825676101,0.9523809523809523,0.9925277368550933
jittered_zero,39,121.5525877800734,0.01,0.51,HR,10.0,0.002,0.32456945767741846,0.7281919479057783,0.9090909090909091,0.992648300080778
jittered_zero,39,121.5525877800734,0.02,0.52,HR,10.0,0.002,0.3215725544799384,0.7302044616295047,0.8333333333333333,0.9928835875903075
jittered_zero,39,121.5525877800734,0.05,0.55,HR,10.0,0.002,0.31737218218597074,0.7327900918117275,0.6666666666666665,0.9935447298818795
known_zero,40,122.94682929355258,-0.05,0.45,HR,10.0,0.002,0.08798036452240474,0.9224183969071301,0.6666666666666666,0.9928020314542005
known_zero,40,122.94682929355258,-0.02,0.48,HR,10.0,0.002,0.0382259152045365,0.968868042949399,0.8333333333333333,0.993422665726236
known_zero,40,122.94682929355258,-0.01,0.49,HR,10.0,0.002,0.02210692903412878,0.984420537802784,0.9090909090909091,0.993615635591321
known_zero,40,122.94682929355258,-0.005,0.495,HR,10.0,0.002,0.014133571524849984,0.9922071782359841,0.9523809523809523,0.9937096406190316
known_zero,40,122.94682929355258,-0.002,0.498,HR,10.0,0.002,0.009376956862925816,0.9968821649937221,0.9803921568627451,0.993765265835349
known_zero,40,122.94682929355258,0.0,0.5,HR,10.0,0.002,0.0062172583333890575,0.9999999999999909,1.0,0.9938020288234346
known_zero,40,122.94682929355258,0.002,0.502,HR,10.0,0.002,0.009284739089696757,0.9969005967355727,0.9803921568627451,0.9938385374139178
known_zero,40,122.94682929355258,0.005,0.505,HR,10.0,0.002,0.01383421885786545,0.9923213121002205,0.9523809523809523,0.993892827013888
known_zero,40,122.94682929355258,0.01,0.51,HR,10.0,0.002,0.021281620465888308,0.9848701230396513,0.9090909090909091,0.9939820615863936
known_zero,40,122.94682929355258,0.02,0.52,HR,10.0,0.002,0.035688777905830846,0.9706128741195642,0.8333333333333333,0.9941559434297562
known_zero,40,122.94682929355258,0.05,0.55,HR,10.0,0.002,0.07535101222071924,0.9324131263108767,0.6666666666666665,0.9946426835938561
jittered_zero,40,122.87399996059301,-0.05,0.45,HR,10.0,0.002,0.14638283794748955,0.8701544972314731,0.6666666666666666,0.9927282303192028
jittered_zero,40,122.87399996059301,-0.02,0.48,HR,10.0,0.002,0.12164897977250948,0.8913845529408082,0.8333333333333333,0.9933525604627156
jittered_zero,40,122.87399996059301,-0.01,0.49,HR,10.0,0.002,0.11696910164792018,0.8953908144444291,0.9090909090909091,0.9935468020795623
jittered_zero,40,122.87399996059301,-0.005,0.495,HR,10.0,0.002,0.11537016258961673,0.8967382094787137,0.9523809523809523,0.9936414498083007
jittered_zero,40,122.87399996059301,-0.002,0.498,HR,10.0,0.002,0.11464996588991358,0.8973336860565699,0.9803921568627451,0.9936974627483905
jittered_zero,40,122.87399996059301,0.0,0.5,HR,10.0,0.002,0.11426901819833207,0.8976421447906227,1.0,0.9937344850766288
jittered_zero,40,122.87399996059301,0.002,0.502,HR,10.0,0.002,0.11396682467132226,0.8978802254700514,0.9803921568627451,0.9937712536829296
jittered_zero,40,122.87399996059301,0.005,0.505,HR,10.0,0.002,0.11365957610089819,0.8981067232065428,0.9523809523809523,0.9938259345539378
jittered_zero,40,122.87399996059301,0.01,0.51,HR,10.0,0.002,0.11352850686332332,0.898143209489234,0.9090909090909091,0.9939158244965821
jittered_zero,40,122.87399996059301,0.02,0.52,HR,10.0,0.002,0.11461551118487899,0.8970093324477875,0.8333333333333333,0.9940910287729503
jittered_zero,40,122.87399996059301,0.05,0.55,HR,10.0,0.002,0.12641756245074998,0.8860475597221245,0.6666666666666665,0.9945818197949166
random_critical_line,1,115.67481788659867,-0.05,0.45,HR,10.0,0.002,0.9063362426441264,0.40868633548797456,0.6666666666666666,0.988537283743452
random_critical_line,1,115.67481788659867,-0.02,0.48,HR,10.0,0.002,0.8771075835029633,0.42036104455949247,0.8333333333333333,0.9895883044506889
random_critical_line,1,115.67481788659867,-0.01,0.49,HR,10.0,0.002,0.867993384340573,0.42406833066303656,0.9090909090909091,0.9899184580681358
random_critical_line,1,115.67481788659867,-0.005,0.495,HR,10.0,0.002,0.8635518693495952,0.425886566169692,0.9523809523809523,0.9900799073801774
random_critical_line,1,115.67481788659867,-0.002,0.498,HR,10.0,0.002,0.8609236287361712,0.42696608849884105,0.9803921568627451,0.9901756356941068
random_critical_line,1,115.67481788659867,0.0,0.5,HR,10.0,0.002,0.8591866707398409,0.4276809936553934,1.0,0.9902389834996342
random_critical_line,1,115.67481788659867,0.002,0.502,HR,10.0,0.002,0.8574618313100723,0.4283920680149028,0.9803921568627451,0.9903019569266275
random_critical_line,1,115.67481788659867,0.005,0.505,HR,10.0,0.002,0.8548972120039051,0.42945147971131326,0.9523809523809523,0.9903957197224403
random_critical_line,1,115.67481788659867,0.01,0.51,HR,10.0,0.002,0.8506828999627493,0.43119790595048035,0.9090909090909091,0.9905501489043608
random_critical_line,1,115.67481788659867,0.02,0.52,HR,10.0,0.002,0.8424772626846326,0.43461818012706677,0.8333333333333333,0.9908522153984846
random_critical_line,1,115.67481788659867,0.05,0.55,HR,10.0,0.002,0.81959738453511,0.4442938411488977,0.6666666666666665,0.991706330346891
random_critical_line,2,16.26644896251567,-0.05,0.45,HR,10.0,0.002,1.0232184677516962,0.36104306522646556,0.6666666666666666,0.9955494987155493
random_critical_line,2,16.26644896251567,-0.02,0.48,HR,10.0,0.002,1.0138004321707752,0.36441642808793584,0.8333333333333333,0.995667014456784
random_critical_line,2,16.26644896251567,-0.01,0.49,HR,10.0,0.002,1.0107123269574747,0.36552940610879736,0.9090909090909091,0.9957054695797664
random_critical_line,2,16.26644896251567,-0.005,0.495,HR,10.0,0.002,1.0091778267616838,0.36608372108979137,0.9523809523809523,0.9957245646351142
random_critical_line,2,16.26644896251567,-0.002,0.498,HR,10.0,0.002,1.0082601762306025,0.36641561164839276,0.9803921568627451,0.9957359795057897
random_critical_line,2,16.26644896251567,0.0,0.5,HR,10.0,0.002,1.0076496781949174,0.3666365803840355,1.0,0.9957435719070119
random_critical_line,2,16.26644896251567,0.002,0.502,HR,10.0,0.002,1.007040194404467,0.3668573154640932,0.9803921568627451,0.9957511503289868
random_critical_line,2,16.26644896251567,0.005,0.505,HR,10.0,0.002,1.0061278686542492,0.3671879793362006,0.9523809523809523,0.9957624918084759
random_critical_line,2,16.26644896251567,0.01,0.51,HR,10.0,0.002,1.0046123854422138,0.36773791336705397,0.9090909090909091,0.9957813247505584
random_critical_line,2,16.26644896251567,0.02,0.52,HR,10.0,0.002,1.0016003467458947,0.3688333687287257,0.8333333333333333,0.9958187313910296
random_critical_line,2,16.26644896251567,0.05,0.55,HR,10.0,0.002,0.9927147132716139,0.3720841240895765,0.6666666666666665,0.9959289064352144
random_critical_line,3,66.1615120626664,-0.05,0.45,HR,10.0,0.002,0.7890167402528415,0.4571459100892255,0.6666666666666666,0.9937554991388438
random_critical_line,3,66.1615120626664,-0.02,0.48,HR,10.0,0.002,0.7681370065448296,0.4665374916121593,0.8333333333333333,0.9942962161990162
random_critical_line,3,66.1615120626664,-0.01,0.49,HR,10.0,0.002,0.7615151782812014,0.4695563388017176,0.9090909090909091,0.9944671745720195
random_critical_line,3,66.1615120626664,-0.005,0.495,HR,10.0,0.002,0.758266480149452,0.471044572539085,0.9523809523809523,0.9945509755354393
random_critical_line,3,66.1615120626664,-0.002,0.498,HR,10.0,0.002,0.7563370169220962,0.4719307053124406,0.9803921568627451,0.9946007267836718
random_critical_line,3,66.1615120626664,0.0,0.5,HR,10.0,0.002,0.7550589038199108,0.4725186183669002,1.0,0.994633675490234
random_critical_line,3,66.1615120626664,0.002,0.502,HR,10.0,0.002,0.7537873271483833,0.47310425470449535,0.9803921568627451,0.9946664501426395
random_critical_line,3,66.1615120626664,0.005,0.505,HR,10.0,0.002,0.7518921800429339,0.4739784349747597,0.9523809523809523,0.9947152875957161
random_critical_line,3,66.1615120626664,0.01,0.51,HR,10.0,0.002,0.7487660375824592,0.47542398477270664,0.9090909090909091,0.9947958248564245
random_critical_line,3,66.1615120626664,0.02,0.52,HR,10.0,0.002,0.7426344022072268,0.47827215199693873,0.8333333333333333,0.994953726096834
random_critical_line,3,66.1615120626664,0.05,0.55,HR,10.0,0.002,0.7251846837086621,0.48647146928748,0.6666666666666665,0.9954029391789708
random_critical_line,4,93.22698521085066,-0.05,0.45,HR,10.0,0.002,0.9404715277058926,0.39419986436513954,0.6666666666666666,0.9904713883091717
random_critical_line,4,93.22698521085066,-0.02,0.48,HR,10.0,0.002,0.9136163621074004,0.40458818263887714,0.8333333333333333,0.991307202835574
random_critical_line,4,93.22698521085066,-0.01,0.49,HR,10.0,0.002,0.9051011453635721,0.4079395278382676,0.9090909090909091,0.991570911939623
random_critical_line,4,93.22698521085066,-0.005,0.495,HR,10.0,0.002,0.9009239469217857,0.40959377910991634,0.9523809523809523,0.9917000822683876
random_critical_line,4,93.22698521085066,-0.002,0.498,HR,10.0,0.002,0.8984431670819535,0.4105794154215573,0.9803921568627451,0.9917767390114769
random_critical_line,4,93.22698521085066,0.0,0.5,HR,10.0,0.002,0.8967999100028482,0.4112336122488925,1.0,0.9918274943190789
random_critical_line,4,93.22698521085066,0.002,0.502,HR,10.0,0.002,0.8951651042811603,0.41188548680492304,0.9803921568627451,0.9918779719907548
random_critical_line,4,93.22698521085066,0.005,0.505,HR,10.0,0.002,0.892728693682569,0.4128589315992388,0.9523809523809523,0.9919531711247939
random_critical_line,4,93.22698521085066,0.01,0.51,HR,10.0,0.002,0.8887099515342853,0.4144696473189708,0.9090909090909091,0.9920771354266468
random_critical_line,4,93.22698521085066,0.02,0.52,HR,10.0,0.002,0.8808284774522416,0.41764693747874154,0.8333333333333333,0.9923200160430917
random_critical_line,4,93.22698521085066,0.05,0.55,HR,10.0,0.002,0.8584058208225178,0.4268207641187024,0.6666666666666665,0.9930098348688361
random_critical_line,5,75.52126666078637,-0.05,0.45,HR,10.0,0.002,0.3445412296362931,0.7154781396748879,0.6666666666666666,0.9903102543961105
random_critical_line,5,75.52126666078637,-0.02,0.48,HR,10.0,0.002,0.32502655141732506,0.7291045150509416,0.8333333333333333,0.9909528124637339
random_critical_line,5,75.52126666078637,-0.01,0.49,HR,10.0,0.002,0.3202555461406257,0.7324413810652995,0.9090909090909091,0.9911557634008655
random_critical_line,5,75.52126666078637,-0.005,0.495,HR,10.0,0.002,0.31819275843370604,0.7338801773918027,0.9523809523809523,0.9912552113628045
random_critical_line,5,75.52126666078637,-0.002,0.498,HR,10.0,0.002,0.317057311840875,0.7346701823556648,0.9803921568627451,0.9913142411858359
random_critical_line,5,75.52126666078637,0.0,0.5,HR,10.0,0.002,0.31634262846666344,0.7351664377032634,1.0,0.9913533304241553
random_critical_line,5,75.52126666078637,0.002,0.502,HR,10.0,0.002,0.315661570734978,0.7356384484512243,0.9803921568627451,0.9913922097344291
random_critical_line,5,75.52126666078637,0.005,0.505,HR,10.0,0.002,0.31470262212069444,0.7363012037150748,0.9523809523809523,0.9914501374219101
random_critical_line,5,75.52126666078637,0.01,0.51,HR,10.0,0.002,0.31326968255683973,0.737286008511276,0.9090909090909091,0.9915456490029037
random_critical_line,5,75.52126666078637,0.02,0.52,HR,10.0,0.002,0.3110102771764661,0.7388142326042743,0.8333333333333333,0.9917328515637155
random_critical_line,5,75.52126666078637,0.05,0.55,HR,10.0,0.002,0.3087404289147601,0.7400959773038146,0.6666666666666665,0.9922650431566228
random_critical_line,6,84.22539179414463,-0.05,0.45,HR,10.0,0.002,0.701475022201271,0.4999838310198508,0.6666666666666666,0.9917388095791602
random_critical_line,6,84.22539179414463,-0.02,0.48,HR,10.0,0.002,0.6790712130295763,0.5109547335365503,0.8333333333333333,0.9924318475314637
random_critical_line,6,84.22539179414463,-0.01,0.49,HR,10.0,0.002,0.6721803429557773,0.5143747316764113,0.9090909090909091,0.9926500303562364
random_critical_line,6,84.22539179414463,-0.005,0.495,HR,10.0,0.002,0.6688407489244973,0.5160398958863651,0.9523809523809523,0.9927568092196821
random_critical_line,6,84.22539179414463,-0.002,0.498,HR,10.0,0.002,0.6668705347675064,0.5170246205417072,0.9803921568627451,0.9928201480790543
random_critical_line,6,84.22539179414463,0.0,0.5,HR,10.0,0.002,0.6655709566500783,0.5176751107197731,1.0,0.9928620731028193
random_critical_line,6,84.22539179414463,0.002,0.502,HR,10.0,0.002,0.6642824525150569,0.5183208052129239,0.9803921568627451,0.9929037588890409
random_critical_line,6,84.22539179414463,0.005,0.505,HR,10.0,0.002,0.6623703756099689,0.5192803537502312,0.9523809523809523,0.9929658417341443
random_critical_line,6,84.22539179414463,0.01,0.51,HR,10.0,0.002,0.6592383987741096,0.5208556200873886,0.9090909090909091,0.9930681345969083
random_critical_line,6,84.22539179414463,0.02,0.52,HR,10.0,0.002,0.6531777500525571,0.5239162895576426,0.8333333333333333,0.9932683697400896
random_critical_line,6,84.22539179414463,0.05,0.55,HR,10.0,0.002,0.6365744559758533,0.5323836053814606,0.6666666666666665,0.9938356090578202
random_critical_line,7,55.91558846826685,-0.05,0.45,HR,10.0,0.002,0.8695870332155502,0.42416893529510574,0.6666666666666666,0.988107716464451
random_critical_line,7,55.91558846826685,-0.02,0.48,HR,10.0,0.002,0.8478086895542382,0.4332015377212993,0.8333333333333333,0.9888066416959245
random_critical_line,7,55.91558846826685,-0.01,0.49,HR,10.0,0.002,0.8410712993832373,0.43603146182151153,0.9090909090909091,0.9890301907423706
random_critical_line,7,55.91558846826685,-0.005,0.495,HR,10.0,0.002,0.8377990776372662,0.43741191478001007,0.9523809523809523,0.9891402509547589
random_critical_line,7,55.91558846826685,-0.002,0.498,HR,10.0,0.002,0.8358664061420863,0.4382290891917092,0.9803921568627451,0.9892057451378325
random_critical_line,7,55.91558846826685,0.0,0.5,HR,10.0,0.002,0.8345906827979505,0.4387692375697866,1.0,0.9892491836373473
random_critical_line,7,55.91558846826685,0.002,0.502,HR,10.0,0.002,0.8333251092594657,0.4393056729793609,0.9803921568627451,0.9892924435522471
random_critical_line,7,55.91558846826685,0.005,0.505,HR,10.0,0.002,0.8314457228424191,0.4401033553244335,0.9523809523809523,0.989357000158342
random_critical_line,7,55.91558846826685,0.01,0.51,HR,10.0,0.002,0.8283637857295488,0.4414142077174471,0.9090909090909091,0.9894637117752473
random_critical_line,7,55.91558846826685,0.02,0.52,HR,10.0,0.002,0.8223872340471824,0.44396594745727475,0.8333333333333333,0.9896738647792043
random_critical_line,7,55.91558846826685,0.05,0.55,HR,10.0,0.002,0.8059213812505133,0.4510609670764707,0.6666666666666665,0.9902789433057447
random_critical_line,8,14.4429103246933,-0.05,0.45,HR,10.0,0.002,0.23347451051890422,0.7945287297495001,0.6666666666666666,0.9965376302195744
random_critical_line,8,14.4429103246933,-0.02,0.48,HR,10.0,0.002,0.22861909630888272,0.7983284247825257,0.8333333333333333,0.9966218289140721
random_critical_line,8,14.4429103246933,-0.01,0.49,HR,10.0,0.002,0.22743543060339935,0.7992518070766645,0.9090909090909091,0.9966494252191194
random_critical_line,8,14.4429103246933,-0.005,0.495,HR,10.0,0.002,0.22692486843141557,0.7996489780178563,0.9523809523809523,0.9966631363946098
random_critical_line,8,14.4429103246933,-0.002,0.498,HR,10.0,0.002,0.22664443717765845,0.7998666759524081,0.9803921568627451,0.9966713354109088
random_critical_line,8,14.4429103246933,0.0,0.5,HR,10.0,0.002,0.2264682473441341,0.8000032385479615,1.0,0.9966767899178015
random_critical_line,8,14.4429103246933,0.002,0.502,HR,10.0,0.002,0.22630065006389594,0.8001329566419363,0.9803921568627451,0.9966822352400079
random_critical_line,8,14.4429103246933,0.005,0.505,HR,10.0,0.002,0.22606532629745257,0.800314724182235,0.9523809523809523,0.9966903860366271
random_critical_line,8,14.4429103246933,0.01,0.51,HR,10.0,0.002,0.22571581545199396,0.8005836166832973,0.9090909090909091,0.9967039249979363
random_critical_line,8,14.4429103246933,0.02,0.52,HR,10.0,0.002,0.22517562469989522,0.8009945773964603,0.8333333333333333,0.9967308324300233
random_critical_line,8,14.4429103246933,0.05,0.55,HR,10.0,0.002,0.224792245221008,0.8012379136095847,0.6666666666666665,0.9968102082863868
random_critical_line,9,78.36085164653298,-0.05,0.45,HR,10.0,0.002,0.9085536170983012,0.4063229138764157,0.6666666666666666,0.9920849542788623
random_critical_line,9,78.36085164653298,-0.02,0.48,HR,10.0,0.002,0.8843300088695649,0.41601274820688905,0.8333333333333333,0.992735877795002
random_critical_line,9,78.36085164653298,-0.01,0.49,HR,10.0,0.002,0.8765933824002758,0.41915688773753973,0.9090909090909091,0.9929416410543797
random_critical_line,9,78.36085164653298,-0.005,0.495,HR,10.0,0.002,0.8727873565680488,0.4207125155536337,0.9523809523809523,0.9930424991632906
random_critical_line,9,78.36085164653298,-0.002,0.498,HR,10.0,0.002,0.8705235330604596,0.42164058980396757,0.9803921568627451,0.9931023762647778
random_critical_line,9,78.36085164653298,0.0,0.5,HR,10.0,0.002,0.869022531384514,0.42225708753316676,1.0,0.9931420308294279
random_critical_line,9,78.36085164653298,0.002,0.502,HR,10.0,0.002,0.8675280825248818,0.4228718055591663,0.9803921568627451,0.9931814758322465
random_critical_line,9,78.36085164653298,0.005,0.505,HR,10.0,0.002,0.8652986611705161,0.4237905365801396,0.9523809523809523,0.9932402527196688
random_critical_line,9,78.36085164653298,0.01,0.51,HR,10.0,0.002,0.8616154983551586,0.425312798633167,0.9090909090909091,0.9933371812944837
random_critical_line,9,78.36085164653298,0.02,0.52,HR,10.0,0.002,0.8543702955780791,0.428323520618054,0.8333333333333333,0.9935272233212114
random_critical_line,9,78.36085164653298,0.05,0.55,HR,10.0,0.002,0.8335853822263737,0.4370814673003385,0.6666666666666665,0.9940679594481102
random_critical_line,10,87.3354419751233,-0.05,0.45,HR,10.0,0.002,0.19398887928119557,0.8308325788257924,0.6666666666666666,0.9913755008857632
random_critical_line,10,87.3354419751233,-0.02,0.48,HR,10.0,0.002,0.16933400875525337,0.8510218123217318,0.8333333333333333,0.99201555694045
random_critical_line,10,87.3354419751233,-0.01,0.49,HR,10.0,0.002,0.16452750133850116,0.8549486030928306,0.9090909090909091,0.9922168704887543
random_critical_line,10,87.3354419751233,-0.005,0.495,HR,10.0,0.002,0.1628082412314297,0.85633474225984,0.9523809523809523,0.9923153629755629
random_critical_line,10,87.3354419751233,-0.002,0.498,HR,10.0,0.002,0.1619960606057211,0.8569800755594462,0.9803921568627451,0.9923737774335285
random_critical_line,10,87.3354419751233,0.0,0.5,HR,10.0,0.002,0.1615455256072353,0.8573328612731965,1.0,0.9924124392784828
random_critical_line,10,87.3354419751233,0.002,0.502,HR,10.0,0.002,0.16116724590850126,0.8576240164933011,0.9803921568627451,0.9924508776874735
random_critical_line,10,87.3354419751233,0.005,0.505,HR,10.0,0.002,0.16073408593499633,0.8579461017628676,0.9523809523809523,0.9925081190892953
random_critical_line,10,87.3354419751233,0.01,0.51,HR,10.0,0.002,0.16036411440039192,0.8581820362996814,0.9090909090909091,0.9926024218521228
random_critical_line,10,87.3354419751233,0.02,0.52,HR,10.0,0.002,0.16088833667175914,0.8575728306815136,0.8333333333333333,0.9927869727893754
random_critical_line,10,87.3354419751233,0.05,0.55,HR,10.0,0.002,0.17096048422088675,0.8485319615505614,0.6666666666666665,0.993309524061722
random_critical_line,11,71.58277162104798,-0.05,0.45,HR,10.0,0.002,0.860545194727553,0.42789025925364865,0.6666666666666666,0.9884110009800233
random_critical_line,11,71.58277162104798,-0.02,0.48,HR,10.0,0.002,0.8361699422624655,0.4380719213133664,0.8333333333333333,0.9892603225063663
random_critical_line,11,71.58277162104798,-0.01,0.49,HR,10.0,0.002,0.8286802342847533,0.44124485267448704,0.9090909090909091,0.9895302947791442
random_critical_line,11,71.58277162104798,-0.005,0.495,HR,10.0,0.002,0.8250526023800903,0.4427890954533542,0.9523809523809523,0.9896629012905032
random_critical_line,11,71.58277162104798,-0.002,0.498,HR,10.0,0.002,0.8229132485025683,0.443702057372103,0.9803921568627451,0.9897417140893076
random_critical_line,11,71.58277162104798,0.0,0.5,HR,10.0,0.002,0.8215024530948988,0.4443050248171791,1.0,0.9897939453685382
random_critical_line,11,71.58277162104798,0.002,0.502,HR,10.0,0.002,0.8201039696105146,0.444903446337236,0.9803921568627451,0.9898459294998485
random_critical_line,11,71.58277162104798,0.005,0.505,HR,10.0,0.002,0.8180292513600774,0.445792543628114,0.9523809523809523,0.9899234447586714
random_critical_line,11,71.58277162104798,0.01,0.51,HR,10.0,0.002,0.8146324339675207,0.4472515758640139,0.9090909090909091,0.9900514170148722
random_critical_line,11,71.58277162104798,0.02,0.52,HR,10.0,0.002,0.8080655623382376,0.4500839814492249,0.8333333333333333,0.9903028493951035
random_critical_line,11,71.58277162104798,0.05,0.55,HR,10.0,0.002,0.7901313781591399,0.4578960441685097,0.6666666666666665,0.9910222629849359
random_critical_line,12,104.59533483358547,-0.05,0.45,HR,10.0,0.002,0.7487927193535476,0.4761955304918526,0.6666666666666666,0.9931575284425427
random_critical_line,12,104.59533483358547,-0.02,0.48,HR,10.0,0.002,0.7245405272411067,0.4875470060966527,0.8333333333333333,0.9938470505871485
random_critical_line,12,104.59533483358547,-0.01,0.49,HR,10.0,0.002,0.7169031294487846,0.4911780826148063,0.9090909090909091,0.9940630873076276
random_critical_line,12,104.59533483358547,-0.005,0.495,HR,10.0,0.002,0.713166270839897,0.4929646401764148,0.9523809523809523,0.9941686292799189
random_critical_line,12,104.59533483358547,-0.002,0.498,HR,10.0,0.002,0.7109500960778722,0.494027266485133,0.9803921568627451,0.9942311758608247
random_critical_line,12,104.59533483358547,0.0,0.5,HR,10.0,0.002,0.7094833968674471,0.49473179849802995,1.0,0.9942725523230123
random_critical_line,12,104.59533483358547,0.002,0.502,HR,10.0,0.002,0.7080252656427728,0.49543321840349275,0.9803921568627451,0.9943136735327741
random_critical_line,12,104.59533483358547,0.005,0.505,HR,10.0,0.002,0.7058540726380763,0.49647950659566137,0.9523809523809523,0.9943748800153541
random_critical_line,12,104.59533483358547,0.01,0.51,HR,10.0,0.002,0.7022778608602441,0.49820771987743,0.9090909090909091,0.9944756356055425
random_critical_line,12,104.59533483358547,0.02,0.52,HR,10.0,0.002,0.6952830144116922,0.5016055151297024,0.8333333333333333,0.9946725218495216
random_critical_line,12,104.59533483358547,0.05,0.55,HR,10.0,0.002,0.6755270676514467,0.5113283083000414,0.6666666666666665,0.995227768884031
random_critical_line,13,44.573968321733346,-0.05,0.45,HR,10.0,0.002,1.3274864811257756,0.2687521380296874,0.6666666666666666,0.9865702575805129
random_critical_line,13,44.573968321733346,-0.02,0.48,HR,10.0,0.002,1.304730157387339,0.2747630477769241,0.8333333333333333,0.9871986827118898
random_critical_line,13,44.573968321733346,-0.01,0.49,HR,10.0,0.002,1.2973283720861415,0.27674760722614866,0.9090909090909091,0.9874010214395145
random_critical_line,13,44.573968321733346,-0.005,0.495,HR,10.0,0.002,1.2936616357072435,0.27773614002828795,0.9523809523809523,0.987500887852509
random_critical_line,13,44.573968321733346,-0.002,0.498,HR,10.0,0.002,1.2914724865999205,0.2783280396558785,0.9803921568627451,0.9875603951575396
random_critical_line,13,44.573968321733346,0.0,0.5,HR,10.0,0.002,1.2900175837174837,0.2787221262525306,1.0,0.9875998958115019
random_critical_line,13,44.573968321733346,0.002,0.502,HR,10.0,0.002,1.2885662997555158,0.2791157996614308,0.9803921568627451,0.9876392603220107
random_critical_line,13,44.573968321733346,0.005,0.505,HR,10.0,0.002,1.286396149905017,0.2797055300909742,0.9523809523809523,0.9876980528693605
random_critical_line,13,44.573968321733346,0.01,0.51,HR,10.0,0.002,1.2827972669774967,0.28068631627355073,0.9090909090909091,0.987795366513943
random_critical_line,13,44.573968321733346,0.02,0.52,HR,10.0,0.002,1.2756668792765884,0.28263989731020367,0.8333333333333333,0.9879874931927572
random_critical_line,13,44.573968321733346,0.05,0.55,HR,10.0,0.002,1.2548096133824238,0.2884343190025843,0.6666666666666665,0.9885443902881308
random_critical_line,14,52.06573865508001,-0.05,0.45,HR,10.0,0.002,1.0519042949698114,0.3526643314421456,0.6666666666666666,0.9903808448110037
random_critical_line,14,52.06573865508001,-0.02,0.48,HR,10.0,0.002,1.0297897185480829,0.36033404161406296,0.8333333333333333,0.9909750375068221
random_critical_line,14,52.06573865508001,-0.01,0.49,HR,10.0,0.002,1.0226913205666452,0.3628313303670108,0.9090909090909091,0.9911651454968216
random_critical_line,14,52.06573865508001,-0.005,0.495,HR,10.0,0.002,1.0191927114217416,0.3640685755762816,0.9523809523809523,0.9912587520392899
random_critical_line,14,52.06573865508001,-0.002,0.498,HR,10.0,0.002,1.0171096509070299,0.3648072416090161,0.9803921568627451,0.9913144583245691
random_critical_line,14,52.06573865508001,0.0,0.5,HR,10.0,0.002,1.0157276345138817,0.3652981444101446,1.0,0.9913514064357081
random_critical_line,14,52.06573865508001,0.002,0.502,HR,10.0,0.002,1.0143509594015374,0.36578781017049594,0.9803921568627451,0.9913882037245777
random_critical_line,14,52.06573865508001,0.005,0.505,HR,10.0,0.002,1.0122959404083447,0.3665199818920355,0.9523809523809523,0.9914431181864982
random_critical_line,14,52.06573865508001,0.01,0.51,HR,10.0,0.002,1.0088974767748258,0.36773403522928094,0.9090909090909091,0.991533896700032
random_critical_line,14,52.06573865508001,0.02,0.52,HR,10.0,0.002,1.0021996174157357,0.37013858924110715,0.8333333333333333,0.9917126911934905
random_critical_line,14,52.06573865508001,0.05,0.55,HR,10.0,0.002,0.9828868689172783,0.3771606201409454,0.6666666666666665,0.9922276275406554
random_critical_line,15,34.083930540703776,-0.05,0.45,HR,10.0,0.002,1.069861512695529,0.3462316529201266,0.6666666666666666,0.990828019733033
random_critical_line,15,34.083930540703776,-0.02,0.48,HR,10.0,0.002,1.0522735506188325,0.35223623650310426,0.8333333333333333,0.9912184365944686
random_critical_line,15,34.083930540703776,-0.01,0.49,HR,10.0,0.002,1.046580334639264,0.35420225520471704,0.9090909090909091,0.9913445281304417
random_critical_line,15,34.083930540703776,-0.005,0.495,HR,10.0,0.002,1.0437651933770233,0.3551784668002851,0.9523809523809523,0.9914068332118788
random_critical_line,15,34.083930540703776,-0.002,0.498,HR,10.0,0.002,1.0420861375394814,0.35576200171295386,0.9803921568627451,0.9914439815272755
random_critical_line,15,34.083930540703776,0.0,0.5,HR,10.0,0.002,1.040970936181616,0.3561501078655508,1.0,0.9914686497903091
random_critical_line,15,34.083930540703776,0.002,0.502,HR,10.0,0.002,1.0398590648030805,0.35653747824558607,0.9803921568627451,0.9914932405215238
random_critical_line,15,34.083930540703776,0.005,0.505,HR,10.0,0.002,1.0381974912762861,0.35711715041015624,0.9523809523809523,0.9915299817927054
random_critical_line,15,34.083930540703776,0.01,0.51,HR,10.0,0.002,1.0354447857309763,0.3580795672701349,0.9090909090909091,0.9915908331150803
random_critical_line,15,34.083930540703776,0.02,0.52,HR,10.0,0.002,1.0300012953222564,0.3599904194225313,0.8333333333333333,0.9917111091503926
random_critical_line,15,34.083930540703776,0.05,0.55,HR,10.0,0.002,1.014160638074408,0.36560939161869743,0.6666666666666665,0.9920607966982606
random_critical_line,16,20.878369869579164,-0.05,0.45,HR,10.0,0.002,0.16984616337783237,0.8479272091666322,0.6666666666666666,0.9951262372544307
random_critical_line,16,20.878369869579164,-0.02,0.48,HR,10.0,0.002,0.15995590545672084,0.8562086109102673,0.8333333333333333,0.9952964193831135
random_critical_line,16,20.878369869579164,-0.01,0.49,HR,10.0,0.002,0.15801242281478353,0.8578265417610546,0.9090909090909091,0.9953517794657541
random_critical_line,16,20.878369869579164,-0.005,0.495,HR,10.0,0.002,0.15730128225915851,0.8584131392244223,0.9523809523809523,0.9953792077383021
random_critical_line,16,20.878369869579164,-0.002,0.498,HR,10.0,0.002,0.15695797137344714,0.8586937643008744,0.9803921568627451,0.9953955847161955
random_critical_line,16,20.878369869579164,0.0,0.5,HR,10.0,0.002,0.1567637388257958,0.8588511751180334,1.0,0.9954064695076664
random_critical_line,16,20.878369869579164,0.002,0.502,HR,10.0,0.002,0.15659713323749552,0.8589849062763592,0.9803921568627451,0.995417327818632
random_critical_line,16,20.878369869579164,0.005,0.505,HR,10.0,0.002,0.15639881490554747,0.8591412607004832,0.9523809523809523,0.9954335657734629
random_critical_line,16,20.878369869579164,0.01,0.51,HR,10.0,0.002,0.15620483478071512,0.8592846849876763,0.9090909090909091,0.9954604975294411
random_critical_line,16,20.878369869579164,0.02,0.52,HR,10.0,0.002,0.15631962389474793,0.8591399893335004,0.8333333333333333,0.9955138714578113
random_critical_line,16,20.878369869579164,0.05,0.55,HR,10.0,0.002,0.16039890150883032,0.8555081602568596,0.6666666666666665,0.9956701465641521
random_critical_line,17,103.60153443879253,-0.05,0.45,HR,10.0,0.002,0.2886145800361799,0.7572677745632865,0.6666666666666666,0.9894795083940218
random_critical_line,17,103.60153443879253,-0.02,0.48,HR,10.0,0.002,0.2632227260269637,0.7760990008175651,0.8333333333333333,0.9902998157931396
random_critical_line,17,103.60153443879253,-0.01,0.49,HR,10.0,0.002,0.2576984389726288,0.7801948854482712,0.9090909090909091,0.9905579570752069
random_critical_line,17,103.60153443879253,-0.005,0.495,HR,10.0,0.002,0.2554983537594949,0.7818135693779983,0.9523809523809523,0.9906842781422199
random_critical_line,17,103.60153443879253,-0.002,0.498,HR,10.0,0.002,0.2543569230532208,0.7826472717151046,0.9803921568627451,0.9907592055645842
random_critical_line,17,103.60153443879253,0.0,0.5,HR,10.0,0.002,0.25366983466444554,0.7831460023958149,1.0,0.990808800017394
random_critical_line,17,103.60153443879253,0.002,0.502,HR,10.0,0.002,0.25304143365714027,0.7835992886156968,0.9803921568627451,0.990858110598985
random_critical_line,17,103.60153443879253,0.005,0.505,HR,10.0,0.002,0.2522079708556694,0.7841945414344869,0.9523809523809523,0.9909315476742974
random_critical_line,17,103.60153443879253,0.01,0.51,HR,10.0,0.002,0.25110584583701967,0.7849634500387488,0.9090909090909091,0.9910525457557455
random_critical_line,17,103.60153443879253,0.02,0.52,HR,10.0,0.002,0.24994371119996578,0.7856884476083588,0.8333333333333333,0.9912893901339545
random_critical_line,17,103.60153443879253,0.05,0.55,HR,10.0,0.002,0.2538566983362143,0.782090666527872,0.6666666666666665,0.9919603968420593
random_critical_line,18,16.493213114599975,-0.05,0.45,HR,10.0,0.002,1.076712399258703,0.34227539714719235,0.6666666666666666,0.9954376511615765
random_critical_line,18,16.493213114599975,-0.02,0.48,HR,10.0,0.002,1.066903409936118,0.34560704349894245,0.8333333333333333,0.9955593408388528
random_critical_line,18,16.493213114599975,-0.01,0.49,HR,10.0,0.002,1.0636816895603747,0.3467084232685469,0.9090909090909091,0.9955991536973499
random_critical_line,18,16.493213114599975,-0.005,0.495,HR,10.0,0.002,1.0620797704496374,0.3472573723714954,0.9523809523809523,0.9956189214351246
random_critical_line,18,16.493213114599975,-0.002,0.498,HR,10.0,0.002,1.0611214738615786,0.3475861820957581,0.9803921568627451,0.9956307379498736
random_critical_line,18,16.493213114599975,0.0,0.5,HR,10.0,0.002,1.0604837975422952,0.34780515473997414,1.0,0.9956385972981068
random_critical_line,18,16.493213114599975,0.002,0.502,HR,10.0,0.002,1.0598470708605425,0.34802393997156683,0.9803921568627451,0.9956464420163172
random_critical_line,18,16.493213114599975,0.005,0.505,HR,10.0,0.002,1.0588937598646548,0.3483517657834505,0.9523809523809523,0.9956581817233007
random_critical_line,18,16.493213114599975,0.01,0.51,HR,10.0,0.002,1.0573096463735268,0.3488972009670143,0.9090909090909091,0.9956776751456113
random_critical_line,18,16.493213114599975,0.02,0.52,HR,10.0,0.002,1.0541591474337728,0.34998452589337853,0.8333333333333333,0.995716390710773
random_critical_line,18,16.493213114599975,0.05,0.55,HR,10.0,0.002,1.0448486614705161,0.3532178257064041,0.6666666666666665,0.9958303979242811
random_critical_line,19,83.72452343010441,-0.05,0.45,HR,10.0,0.002,0.8486452883287738,0.4312527713805621,0.6666666666666666,0.9924442849523977
random_critical_line,19,83.72452343010441,-0.02,0.48,HR,10.0,0.002,0.8243820610918878,0.441524845933902,0.8333333333333333,0.9931624066946028
random_critical_line,19,83.72452343010441,-0.01,0.49,HR,10.0,0.002,0.8167117576575087,0.44482320427751576,0.9090909090909091,0.9933885642084246
random_critical_line,19,83.72452343010441,-0.005,0.495,HR,10.0,0.002,0.8129533801791712,0.4464484140937182,0.9523809523809523,0.9934992609283044
random_critical_line,19,83.72452343010441,-0.002,0.498,HR,10.0,0.002,0.8107227245575885,0.4474158252881253,0.9803921568627451,0.9935649286425575
random_critical_line,19,83.72452343010441,0.0,0.5,HR,10.0,0.002,0.8092457292677562,0.44805754205155873,1.0,0.993608397215056
random_critical_line,19,83.72452343010441,0.002,0.502,HR,10.0,0.002,0.8077767947848588,0.4486966744682651,0.9803921568627451,0.993651619381424
random_critical_line,19,83.72452343010441,0.005,0.505,HR,10.0,0.002,0.8055884581542357,0.44965051821965857,0.9523809523809523,0.9937159934460098
random_critical_line,19,83.72452343010441,0.01,0.51,HR,10.0,0.002,0.8019812165632627,0.4512272780562262,0.9090909090909091,0.9938220697487384
random_critical_line,19,83.72452343010441,0.02,0.52,HR,10.0,0.002,0.7949154040875425,0.45433191729690264,0.8333333333333333,0.99402974184739
random_critical_line,19,83.72452343010441,0.05,0.55,HR,10.0,0.002,0.7748812585967851,0.4632515708635282,0.6666666666666665,0.9946182977858641
random_critical_line,20,57.745680608883475,-0.05,0.45,HR,10.0,0.002,1.08120812328786,0.34224131152774706,0.6666666666666666,0.9910711789791936
random_critical_line,20,57.745680608883475,-0.02,0.48,HR,10.0,0.002,1.0580163490654915,0.3500684794646822,0.8333333333333333,0.9916452356175638
random_critical_line,20,57.745680608883475,-0.01,0.49,HR,10.0,0.002,1.0505160892655407,0.35263882940514235,0.9090909090909091,0.9918283734621636
random_critical_line,20,57.745680608883475,-0.005,0.495,HR,10.0,0.002,1.0468086315699212,0.3539165067301209,0.9523809523809523,0.9919184515132068
random_critical_line,20,57.745680608883475,-0.002,0.498,HR,10.0,0.002,1.0445977447678076,0.35468068451860535,0.9803921568627451,0.991972027419617
random_critical_line,20,57.745680608883475,0.0,0.5,HR,10.0,0.002,1.0431294661191932,0.35518911779752643,1.0,0.9920075498817933
random_critical_line,20,57.745680608883475,0.002,0.502,HR,10.0,0.002,1.0416656953435666,0.35569673252811784,0.9803921568627451,0.9920429172813661
random_critical_line,20,57.745680608883475,0.005,0.505,HR,10.0,0.002,1.0394784748099908,0.35645661300944165,0.9523809523809523,0.9920956791013404
random_critical_line,20,57.745680608883475,0.01,0.51,HR,10.0,0.002,1.0358555386154547,0.3577189437903313,0.9090909090909091,0.9921828495942812
random_critical_line,20,57.745680608883475,0.02,0.52,HR,10.0,0.002,1.0286933509682321,0.36022792288696287,0.8333333333333333,0.9923543555416231
random_critical_line,20,57.745680608883475,0.05,0.55,HR,10.0,0.002,1.00786746147602,0.3676261809269814,0.6666666666666665,0.9928469142948638
random_critical_line,21,84.02280967991845,-0.05,0.45,HR,10.0,0.002,0.8084726436283372,0.4490246847286764,0.6666666666666666,0.9922350759920058
random_critical_line,21,84.02280967991845,-0.02,0.48,HR,10.0,0.002,0.7847783648728501,0.4594691886696334,0.8333333333333333,0.9929301384862433
random_critical_line,21,84.02280967991845,-0.01,0.49,HR,10.0,0.002,0.7773217782423245,0.462806115855112,0.9090909090909091,0.9931488673616612
random_critical_line,21,84.02280967991845,-0.005,0.495,HR,10.0,0.002,0.773674617560903,0.46444707400377616,0.9523809523809523,0.9932558957591211
random_critical_line,21,84.02280967991845,-0.002,0.498,HR,10.0,0.002,0.7715120648188426,0.46542280592296703,0.9803921568627451,0.9933193769000737
random_critical_line,21,84.02280967991845,0.0,0.5,HR,10.0,0.002,0.7700810381861287,0.4660696006799107,1.0,0.9933613936962796
random_critical_line,21,84.02280967991845,0.002,0.502,HR,10.0,0.002,0.7686585227382439,0.4667134363682922,0.9803921568627451,0.9934031687990248
random_critical_line,21,84.02280967991845,0.005,0.505,HR,10.0,0.002,0.7665406533717005,0.4676736336583317,0.9523809523809523,0.99346538103183
random_critical_line,21,84.02280967991845,0.01,0.51,HR,10.0,0.002,0.7630530714453573,0.4692591175817312,0.9090909090909091,0.993567877374769
random_critical_line,21,84.02280967991845,0.02,0.52,HR,10.0,0.002,0.7562347259622797,0.4723742508405508,0.8333333333333333,0.9937684742864593
random_critical_line,21,84.02280967991845,0.05,0.55,HR,10.0,0.002,0.7370048303115079,0.4812707984523303,0.6666666666666665,0.9943364451755817
random_critical_line,22,109.77912990487772,-0.05,0.45,HR,10.0,0.002,1.6553329511602024,0.1963682624973697,0.6666666666666666,0.9728071101913532
random_critical_line,22,109.77912990487772,-0.02,0.48,HR,10.0,0.002,1.6182423589324884,0.20344630387773951,0.8333333333333333,0.9744430645734311
random_critical_line,22,109.77912990487772,-0.01,0.49,HR,10.0,0.002,1.6061788019338485,0.2058055044578607,0.9090909090909091,0.9749636481415918
random_critical_line,22,109.77912990487772,-0.005,0.495,HR,10.0,0.002,1.6002027720294965,0.2069847762717993,0.9523809523809523,0.9752194669238154
random_critical_line,22,109.77912990487772,-0.002,0.498,HR,10.0,0.002,1.5966349280783083,0.20769219610834208,0.9803921568627451,0.975371547343051
random_critical_line,22,109.77912990487772,0.0,0.5,HR,10.0,0.002,1.5942637559077362,0.20816374085762038,1.0,0.9754723511284061
random_critical_line,22,109.77912990487772,0.002,0.502,HR,10.0,0.002,1.591898487439437,0.20863522592085912,0.9803921568627451,0.9755726909953042
random_critical_line,22,109.77912990487772,0.005,0.505,HR,10.0,0.002,1.5883616378265486,0.2093423324292367,0.9523809523809523,0.9757223358144806
random_critical_line,22,109.77912990487772,0.01,0.51,HR,10.0,0.002,1.5824963006349129,0.2105204855368484,0.9090909090909091,0.9759694556389137
random_critical_line,22,109.77912990487772,0.02,0.52,HR,10.0,0.002,1.5708754933562412,0.21287521633406412,0.8333333333333333,0.976455237342189
random_critical_line,22,109.77912990487772,0.05,0.55,HR,10.0,0.002,1.5368832036489706,0.21992219460557613,0.6666666666666665,0.9778473083300047
random_critical_line,23,78.24505918641165,-0.05,0.45,HR,10.0,0.002,0.9001707829956214,0.4097390180923974,0.6666666666666666,0.9920954864785367
random_critical_line,23,78.24505918641165,-0.02,0.48,HR,10.0,0.002,0.8761465277215812,0.41943468049457827,0.8333333333333333,0.9927275188778879
random_critical_line,23,78.24505918641165,-0.01,0.49,HR,10.0,0.002,0.8684688336744903,0.4225823414170866,0.9090909090909091,0.9929272569787846
random_critical_line,23,78.24505918641165,-0.005,0.495,HR,10.0,0.002,0.8646908819328896,0.42414003972553294,0.9523809523809523,0.9930251519267254
random_critical_line,23,78.24505918641165,-0.002,0.498,HR,10.0,0.002,0.8624434601247561,0.425069456904185,0.9803921568627451,0.9930832667490754
random_critical_line,23,78.24505918641165,0.0,0.5,HR,10.0,0.002,0.8609532091082557,0.42568689217002154,1.0,0.993121752923082
random_critical_line,23,78.24505918641165,0.002,0.502,HR,10.0,0.002,0.8594693642547471,0.4263025817043482,0.9803921568627451,0.993160034679766
random_critical_line,23,78.24505918641165,0.005,0.505,HR,10.0,0.002,0.8572555746923485,0.42722283399126343,0.9523809523809523,0.9932170762968884
random_critical_line,23,78.24505918641165,0.01,0.51,HR,10.0,0.002,0.8535977366058936,0.42874780326822653,0.9090909090909091,0.9933111381731002
random_critical_line,23,78.24505918641165,0.02,0.52,HR,10.0,0.002,0.8464004736131812,0.4317645906277474,0.8333333333333333,0.9934955409257324
random_critical_line,23,78.24505918641165,0.05,0.55,HR,10.0,0.002,0.8257381797640483,0.44054604188777396,0.6666666666666665,0.9940200886915147
random_critical_line,24,21.2302572155262,-0.05,0.45,HR,10.0,0.002,0.225879937677598,0.8015862794689189,0.6666666666666666,0.9952938364041549
random_critical_line,24,21.2302572155262,-0.02,0.48,HR,10.0,0.002,0.2175427410439578,0.8081584834589998,0.8333333333333333,0.9954646715577727
random_critical_line,24,21.2302572155262,-0.01,0.49,HR,10.0,0.002,0.215662192105616,0.8096345284230604,0.9090909090909091,0.9955202048576074
random_critical_line,24,21.2302572155262,-0.005,0.495,HR,10.0,0.002,0.2148909009257673,0.8102368459782665,0.9523809523809523,0.9955477116400596
random_critical_line,24,21.2302572155262,-0.002,0.498,HR,10.0,0.002,0.21448196632924513,0.8105548775399357,0.9803921568627451,0.9955641331621047
random_critical_line,24,21.2302572155262,0.0,0.5,HR,10.0,0.002,0.214231692780521,0.8107488759006758,1.0,0.9955750465891062
random_critical_line,24,21.2302572155262,0.002,0.502,HR,10.0,0.002,0.21399924197986941,0.8109284899448699,0.9803921568627451,0.9955859326909602
random_critical_line,24,21.2302572155262,0.005,0.505,HR,10.0,0.002,0.21368386144780044,0.8111710184999088,0.9523809523809523,0.9956022107555421
random_critical_line,24,21.2302572155262,0.01,0.51,HR,10.0,0.002,0.21324648148361233,0.8115038832039315,0.9090909090909091,0.9956292051838979
random_critical_line,24,21.2302572155262,0.02,0.52,HR,10.0,0.002,0.21269830452073302,0.8119052384894643,0.8333333333333333,0.99568268897339
random_critical_line,24,21.2302572155262,0.05,0.55,HR,10.0,0.002,0.21354521738128485,0.8110904432731726,0.6666666666666665,0.9958391733448991
random_critical_line,25,74.17467388308766,-0.05,0.45,HR,10.0,0.002,1.5428266114964673,0.21788238531002663,0.6666666666666666,0.9811531329306538
random_critical_line,25,74.17467388308766,-0.02,0.48,HR,10.0,0.002,1.5121122585387436,0.2244357571190457,0.8333333333333333,0.9822135931627749
random_critical_line,25,74.17467388308766,-0.01,0.49,HR,10.0,0.002,1.5020952602336894,0.22661703788113086,0.9090909090909091,0.9825524855470305
random_critical_line,25,74.17467388308766,-0.005,0.495,HR,10.0,0.002,1.4971278901445657,0.22770687374354553,0.9523809523809523,0.9827192828398013
random_critical_line,25,74.17467388308766,-0.002,0.498,HR,10.0,0.002,1.4941605859937381,0.22836049136470804,0.9803921568627451,0.9828185244935895
random_critical_line,25,74.17467388308766,0.0,0.5,HR,10.0,0.002,1.4921878388738283,0.22879611206282277,1.0,0.982884339464678
random_critical_line,25,74.17467388308766,0.002,0.502,HR,10.0,0.002,1.4902194505570963,0.2292316298534386,0.9803921568627451,0.9829498789232949
random_critical_line,25,74.17467388308766,0.005,0.505,HR,10.0,0.002,1.4872750300713757,0.22988470722687704,0.9523809523809523,0.9830476741229004
random_critical_line,25,74.17467388308766,0.01,0.51,HR,10.0,0.002,1.4823893866503357,0.23097261386139906,0.9090909090909091,0.9832093053198989
random_critical_line,25,74.17467388308766,0.02,0.52,HR,10.0,0.002,1.4726992839673692,0.2331461812776496,0.8333333333333333,0.9835275303838452
random_critical_line,25,74.17467388308766,0.05,0.55,HR,10.0,0.002,1.4442727056797033,0.2396457191586051,0.6666666666666665,0.984443187762112
random_critical_line,26,114.3658193455127,-0.05,0.45,HR,10.0,0.002,0.18152789079684545,0.843798246483755,0.6666666666666666,0.988381983096057
random_critical_line,26,114.3658193455127,-0.02,0.48,HR,10.0,0.002,0.133202642444742,0.8847162711638278,0.8333333333333333,0.9893428347855964
random_critical_line,26,114.3658193455127,-0.01,0.49,HR,10.0,0.002,0.12408998090668444,0.8925426049662522,0.9090909090909091,0.9896450345597799
random_critical_line,26,114.3658193455127,-0.005,0.495,HR,10.0,0.002,0.12130567534785382,0.8948974836294665,0.9523809523809523,0.9897928851580936
random_critical_line,26,114.3658193455127,-0.002,0.498,HR,10.0,0.002,0.12023584948451706,0.8957760214628241,0.9803921568627451,0.9898805732765315
random_critical_line,26,114.3658193455127,0.0,0.5,HR,10.0,0.002,0.1197751954488596,0.8961362187862818,1.0,0.9899386100924681
random_critical_line,26,114.3658193455127,0.002,0.502,HR,10.0,0.002,0.11951568807678728,0.8963165584603676,0.9803921568627451,0.9899963115887296
random_critical_line,26,114.3658193455127,0.005,0.505,HR,10.0,0.002,0.1194984540196947,0.8962542145357244,0.9523809523809523,0.9900822392508083
random_critical_line,26,114.3658193455127,0.01,0.51,HR,10.0,0.002,0.12042749577972374,0.8952939336597552,0.9090909090909091,0.9902238021200781
random_critical_line,26,114.3658193455127,0.02,0.52,HR,10.0,0.002,0.12551207299060735,0.8905041524430741,0.8333333333333333,0.9905008449636181
random_critical_line,26,114.3658193455127,0.05,0.55,HR,10.0,0.002,0.1572750286247311,0.8619809033869071,0.6666666666666665,0.9912853285946988
random_critical_line,27,51.63755610637329,-0.05,0.45,HR,10.0,0.002,1.159996507396848,0.3165038037657967,0.6666666666666666,0.990469220388912
random_critical_line,27,51.63755610637329,-0.02,0.48,HR,10.0,0.002,1.1371724735139384,0.32362563756236723,0.8333333333333333,0.9910358173506556
random_critical_line,27,51.63755610637329,-0.01,0.49,HR,10.0,0.002,1.1297692950295342,0.3259707503632573,0.9090909090909091,0.9912171261872422
random_critical_line,27,51.63755610637329,-0.005,0.495,HR,10.0,0.002,1.1261057140383044,0.3271376952585104,0.9523809523809523,0.9913064059998968
random_critical_line,27,51.63755610637329,-0.002,0.498,HR,10.0,0.002,1.1239196759128915,0.3278360411861792,0.9803921568627451,0.9913595393012222
random_critical_line,27,51.63755610637329,0.0,0.5,HR,10.0,0.002,1.122467350999101,0.32830084061706755,1.0,0.9913947816364747
random_critical_line,27,51.63755610637329,0.002,0.502,HR,10.0,0.002,1.1210190462884193,0.32876502523417983,0.9803921568627451,0.9914298807539357
random_critical_line,27,51.63755610637329,0.005,0.505,HR,10.0,0.002,1.1188541141700423,0.3294601434403601,0.9523809523809523,0.9914822621556469
random_critical_line,27,51.63755610637329,0.01,0.51,HR,10.0,0.002,1.1152659109623149,0.33061556145600535,0.9090909090909091,0.9915688565273851
random_critical_line,27,51.63755610637329,0.02,0.52,HR,10.0,0.002,1.1081642309090045,0.3329145776290507,0.8333333333333333,0.9917394222697639
random_critical_line,27,51.63755610637329,0.05,0.55,HR,10.0,0.002,1.087450117238508,0.3397142223206339,0.6666666666666665,0.9922307579506435
random_critical_line,28,81.56375628658915,-0.05,0.45,HR,10.0,0.002,1.6106967077403294,0.2041149956250947,0.6666666666666666,0.9786071754108239
random_critical_line,28,81.56375628658915,-0.02,0.48,HR,10.0,0.002,1.578047318893739,0.21062020719213487,0.8333333333333333,0.9798570497157567
random_critical_line,28,81.56375628658915,-0.01,0.49,HR,10.0,0.002,1.5674092070647097,0.21278613526340234,0.9090909090909091,0.9802559875949747
random_critical_line,28,81.56375628658915,-0.005,0.495,HR,10.0,0.002,1.5621357234327566,0.21386840407228794,0.9523809523809523,0.9804522481251081
random_critical_line,28,81.56375628658915,-0.002,0.498,HR,10.0,0.002,1.5589861677067622,0.2145175136581164,0.9803921568627451,0.9805689912156789
random_critical_line,28,81.56375628658915,0.0,0.5,HR,10.0,0.002,1.5568925085012162,0.214950141777553,1.0,0.980646400848434
random_critical_line,28,81.56375628658915,0.002,0.502,HR,10.0,0.002,1.5548036785477901,0.21538267685725912,0.9803921568627451,0.9807234769217982
random_critical_line,28,81.56375628658915,0.005,0.505,HR,10.0,0.002,1.5516794763216295,0.21603129800434756,0.9523809523809523,0.9808384688086164
random_critical_line,28,81.56375628658915,0.01,0.51,HR,10.0,0.002,1.5464965398913235,0.2171118226613076,0.9090909090909091,0.9810284748071952
random_critical_line,28,81.56375628658915,0.02,0.52,HR,10.0,0.002,1.5362206010580992,0.21927077837589162,0.8333333333333333,0.9814023909282559
random_critical_line,28,81.56375628658915,0.05,0.55,HR,10.0,0.002,1.5061057155370925,0.2257273735388865,0.6666666666666665,0.9824769501921581
random_critical_line,29,119.75687489087834,-0.05,0.45,HR,10.0,0.002,1.3855336430496266,0.25489584684143146,0.6666666666666666,0.981539146170611
random_critical_line,29,119.75687489087834,-0.02,0.48,HR,10.0,0.002,1.3499157409037656,0.2637626232024927,0.8333333333333333,0.9829372401864274
random_critical_line,29,119.75687489087834,-0.01,0.49,HR,10.0,0.002,1.3384323337110173,0.26668913772871694,0.9090909090909091,0.9833789233464141
random_critical_line,29,119.75687489087834,-0.005,0.495,HR,10.0,0.002,1.332762747913661,0.26814642683386536,0.9523809523809523,0.9835953767121521
random_critical_line,29,119.75687489087834,-0.002,0.498,HR,10.0,0.002,1.3293839589908831,0.26901882667064064,0.9803921568627451,0.9837238664981605
random_critical_line,29,119.75687489087834,0.0,0.5,HR,10.0,0.002,1.3271409736740638,0.26959958967102404,1.0,0.9838089554531224
random_critical_line,29,119.75687489087834,0.002,0.502,HR,10.0,0.002,1.3249056055385962,0.2701796750897906,0.9803921568627451,0.9838935904809348
random_critical_line,29,119.75687489087834,0.005,0.505,HR,10.0,0.002,1.321566806588767,0.27104851774476646,0.9523809523809523,0.9840196971167251
random_critical_line,29,119.75687489087834,0.01,0.51,HR,10.0,0.002,1.3160400389809714,0.2724931042978977,0.9090909090909091,0.9842276387834565
random_critical_line,29,119.75687489087834,0.02,0.52,HR,10.0,0.002,1.3051278554579353,0.2753688346784614,0.8333333333333333,0.9846352681436414
random_critical_line,29,119.75687489087834,0.05,0.55,HR,10.0,0.002,1.2735063230326442,0.2838812865566438,0.6666666666666665,0.9857946717312196
random_critical_line,30,17.246610081763357,-0.05,0.45,HR,10.0,0.002,1.196829725837658,0.30363684134630653,0.6666666666666666,0.9951051855132896
random_critical_line,30,17.246610081763357,-0.02,0.48,HR,10.0,0.002,1.1860073137494256,0.3068991124929326,0.8333333333333333,0.9952402590911604
random_critical_line,30,17.246610081763357,-0.01,0.49,HR,10.0,0.002,1.1824433147535818,0.30798118642035993,0.9090909090909091,0.9952844195935051
random_critical_line,30,17.246610081763357,-0.005,0.495,HR,10.0,0.002,1.1806694284876031,0.30852119983778736,0.9523809523809523,0.995306340231288
random_critical_line,30,17.246610081763357,-0.002,0.498,HR,10.0,0.002,1.1796076880818078,0.308844877773518,0.9803921568627451,0.9953194418400827
random_critical_line,30,17.246610081763357,0.0,0.5,HR,10.0,0.002,1.178900939740562,0.3090605249228005,1.0,0.9953281551598192
random_critical_line,30,17.246610081763357,0.002,0.502,HR,10.0,0.002,1.1781950536389014,0.30927606122809537,0.9803921568627451,0.995336851649544
random_critical_line,30,17.246610081763357,0.005,0.505,HR,10.0,0.002,1.1771378399882952,0.3095991572348969,0.9523809523809523,0.9953498649005972
random_critical_line,30,17.246610081763357,0.01,0.51,HR,10.0,0.002,1.1753801206690637,0.3101370923622331,0.9090909090909091,0.9953714699725302
random_critical_line,30,17.246610081763357,0.02,0.52,HR,10.0,0.002,1.1718807888966145,0.31121085355916117,0.8333333333333333,0.9954143681726157
random_critical_line,30,17.246610081763357,0.05,0.55,HR,10.0,0.002,1.1615110221252678,0.31441495484517945,0.6666666666666665,0.9955406038936162
random_critical_line,31,74.17271923470066,-0.05,0.45,HR,10.0,0.002,1.5434110421234264,0.21775631926571432,0.6666666666666666,0.9811475733348295
random_critical_line,31,74.17271923470066,-0.02,0.48,HR,10.0,0.002,1.512692473408031,0.22430677146816475,0.8333333333333333,0.9822083492646009
random_critical_line,31,74.17271923470066,-0.01,0.49,HR,10.0,0.002,1.5026739482063742,0.22648712052949185,0.9090909090909091,0.9825473435979324
random_critical_line,31,74.17271923470066,-0.005,0.495,HR,10.0,0.002,1.4977057922553707,0.2275764985766075,0.9523809523809523,0.9827141912597912
random_critical_line,31,74.17271923470066,-0.002,0.498,HR,10.0,0.002,1.4947380094685017,0.22822984411065525,0.9803921568627451,0.9828134629425956
random_critical_line,31,74.17271923470066,0.0,0.5,HR,10.0,0.002,1.492764940304326,0.22866528450853246,1.0,0.982879297853149
random_critical_line,31,74.17271923470066,0.002,0.502,HR,10.0,0.002,1.49079622758764,0.22910062287570238,0.9803921568627451,0.9829448571874966
random_critical_line,31,74.17271923470066,0.005,0.505,HR,10.0,0.002,1.4878513160986595,0.22975343276509647,0.9523809523809523,0.9830426820815148
random_critical_line,31,74.17271923470066,0.01,0.51,HR,10.0,0.002,1.4829648426490265,0.23084089802268495,0.9090909090909091,0.9832043624525892
random_critical_line,31,74.17271923470066,0.02,0.52,HR,10.0,0.002,1.4732730364326851,0.23301359947333583,0.8333333333333333,0.9835226846855625
random_critical_line,31,74.17271923470066,0.05,0.55,HR,10.0,0.002,1.444841007276241,0.23951067707515913,0.6666666666666665,0.984438624301123
random_critical_line,32,25.70418411220618,-0.05,0.45,HR,10.0,0.002,0.7198458482300163,0.49020479297476427,0.6666666666666666,0.9931100275654337
random_critical_line,32,25.70418411220618,-0.02,0.48,HR,10.0,0.002,0.707679560031193,0.4960727058397206,0.8333333333333333,0.9933752596016522
random_critical_line,32,25.70418411220618,-0.01,0.49,HR,10.0,0.002,0.7038810544209115,0.4979174957591617,0.9090909090909091,0.9934613033475838
random_critical_line,32,25.70418411220618,-0.005,0.495,HR,10.0,0.002,0.7020294136514607,0.49881893116873943,0.9523809523809523,0.993503890361436
random_critical_line,32,25.70418411220618,-0.002,0.498,HR,10.0,0.002,0.7009335849087359,0.4993530772736719,0.9803921568627451,0.9935293045411043
random_critical_line,32,25.70418411220618,0.0,0.5,HR,10.0,0.002,0.7002093279625783,0.4997063754446353,1.0,0.9935461900745984
random_critical_line,32,25.70418411220618,0.002,0.502,HR,10.0,0.002,0.6994900963676771,0.500057433731685,0.9803921568627451,0.9935630299501842
random_critical_line,32,25.70418411220618,0.005,0.505,HR,10.0,0.002,0.6984206503143692,0.5005798207669221,0.9523809523809523,0.993588204424936
random_critical_line,32,25.70418411220618,0.01,0.51,HR,10.0,0.002,0.696663227886441,0.5014392638987163,0.9090909090909091,0.9936299353374743
random_critical_line,32,25.70418411220618,0.02,0.52,HR,10.0,0.002,0.6932415089733082,0.5031161534182765,0.8333333333333333,0.9937125544855396
random_critical_line,32,25.70418411220618,0.05,0.55,HR,10.0,0.002,0.6837088555218547,0.507811832245636,0.6666666666666665,0.9939538057067195
random_critical_line,33,52.08932885627607,-0.05,0.45,HR,10.0,0.002,1.041371523070893,0.35640182936157633,0.6666666666666666,0.9903715803716159
random_critical_line,33,52.08932885627607,-0.02,0.48,HR,10.0,0.002,1.0193351188665771,0.3641238029173573,0.8333333333333333,0.9909672747962681
random_critical_line,33,52.08932885627607,-0.01,0.49,HR,10.0,0.002,1.0122699305837077,0.3666350026009055,0.9090909090909091,0.9911578622236783
random_critical_line,33,52.08932885627607,-0.005,0.495,HR,10.0,0.002,1.008789242742666,0.3678785375166517,0.9523809523809523,0.9912517046323821
random_critical_line,33,52.08932885627607,-0.002,0.498,HR,10.0,0.002,1.006717352719857,0.36862076364011614,0.9803921568627451,0.9913075512185724
random_critical_line,33,52.08932885627607,0.0,0.5,HR,10.0,0.002,1.005342956505677,0.3691139506470776,1.0,0.9913445923590134
random_critical_line,33,52.08932885627607,0.002,0.502,HR,10.0,0.002,1.0039740396248202,0.3696058291978386,0.9803921568627451,0.9913814822752612
random_critical_line,33,52.08932885627607,0.005,0.505,HR,10.0,0.002,1.001930915879685,0.3703411860934554,0.9523809523809523,0.9914365349279824
random_critical_line,33,52.08932885627607,0.01,0.51,HR,10.0,0.002,0.9985529616965109,0.3715601903454856,0.9090909090909091,0.9915275417714684
random_critical_line,33,52.08932885627607,0.02,0.52,HR,10.0,0.002,0.9918986604305873,0.373973303187599,0.8333333333333333,0.9917067855544757
random_critical_line,33,52.08932885627607,0.05,0.55,HR,10.0,0.002,0.9727363356246004,0.3810102696999556,0.6666666666666665,0.9922230124731872
random_critical_line,34,85.31831083971072,-0.05,0.45,HR,10.0,0.002,0.8522963048091121,0.4311462740079313,0.6666666666666666,0.9890717111857047
random_critical_line,34,85.31831083971072,-0.02,0.48,HR,10.0,0.002,0.82733814164282,0.44169240335566634,0.8333333333333333,0.989855226439101
random_critical_line,34,85.31831083971072,-0.01,0.49,HR,10.0,0.002,0.8195283099617604,0.4450438602030498,0.9090909090909091,0.9901034260563268
random_critical_line,34,85.31831083971072,-0.005,0.495,HR,10.0,0.002,0.8157171816513459,0.44668828373054614,0.9523809523809523,0.9902251849333054
random_critical_line,34,85.31831083971072,-0.002,0.498,HR,10.0,0.002,0.8134602732312844,0.44766486315593684,0.9803921568627451,0.990297502512705
random_critical_line,34,85.31831083971072,0.0,0.5,HR,10.0,0.002,0.8119680130826612,0.4483117066205014,1.0,0.9903454094333091
random_critical_line,34,85.31831083971072,0.002,0.502,HR,10.0,0.002,0.8104855961902937,0.4489551764570303,0.9803921568627451,0.9903930739575085
random_critical_line,34,85.31831083971072,0.005,0.505,HR,10.0,0.002,0.808280363976829,0.4499140451321189,0.9523809523809523,0.9904641189391953
random_critical_line,34,85.31831083971072,0.01,0.51,HR,10.0,0.002,0.8046537813603708,0.45149522690669847,0.9090909090909091,0.9905813325968549
random_critical_line,34,85.31831083971072,0.02,0.52,HR,10.0,0.002,0.7975819421486724,0.45459388735003214,0.8333333333333333,0.9908113477821264
random_critical_line,34,85.31831083971072,0.05,0.55,HR,10.0,0.002,0.7777812315996449,0.4633780509298317,0.6666666666666665,0.9914674127105435
random_critical_line,35,42.290143080909836,-0.05,0.45,HR,10.0,0.002,0.7820846942034717,0.459708953467248,0.6666666666666666,0.9950891034683953
random_critical_line,35,42.290143080909836,-0.02,0.48,HR,10.0,0.002,0.7654599194988577,0.46724556203592504,0.8333333333333333,0.9954507903839858
random_critical_line,35,42.290143080909836,-0.01,0.49,HR,10.0,0.002,0.7601466917031685,0.46968023441097595,0.9090909090909091,0.9955663342777183
random_critical_line,35,42.290143080909836,-0.005,0.495,HR,10.0,0.002,0.7575322454283608,0.47088290182343434,0.9523809523809523,0.9956231927912126
random_critical_line,35,42.290143080909836,-0.002,0.498,HR,10.0,0.002,0.7559769863234872,0.471599793950311,0.9803921568627451,0.9956570190446835
random_critical_line,35,42.290143080909836,0.0,0.5,HR,10.0,0.002,0.7549457140348262,0.47207575716586825,1.0,0.9956794503140444
random_critical_line,35,42.290143080909836,0.002,0.502,HR,10.0,0.002,0.7539188842835366,0.4725501468493613,0.9803921568627451,0.995701786370192
random_critical_line,35,42.290143080909836,0.005,0.505,HR,10.0,0.002,0.7523869484213169,0.473258778060046,0.9523809523809523,0.9957351127504435
random_critical_line,35,42.290143080909836,0.01,0.51,HR,10.0,0.002,0.7498557983645124,0.47443194394400856,0.9090909090909091,0.9957901859496472
random_critical_line,35,42.290143080909836,0.02,0.52,HR,10.0,0.002,0.744875738610561,0.4767486374438702,0.8333333333333333,0.995898587761306
random_critical_line,35,42.290143080909836,0.05,0.55,HR,10.0,0.002,0.7305823864258041,0.48346061271831436,0.6666666666666665,0.9962102431385947
random_critical_line,36,119.4631652959751,-0.05,0.45,HR,10.0,0.002,1.2421032702436332,0.29408315692887993,0.6666666666666666,0.9819542450900098
random_critical_line,36,119.4631652959751,-0.02,0.48,HR,10.0,0.002,1.2075643346042815,0.30397693125539105,0.8333333333333333,0.9833788117731496
random_critical_line,36,119.4631652959751,-0.01,0.49,HR,10.0,0.002,1.1965803626886926,0.3071936839607806,0.9090909090909091,0.9838286583849026
random_critical_line,36,119.4631652959751,-0.005,0.495,HR,10.0,0.002,1.1911862111437,0.3087860305614551,0.9523809523809523,0.98404907375219
random_critical_line,36,119.4631652959751,-0.002,0.498,HR,10.0,0.002,1.1879808376729375,0.3097362137165672,0.9803921568627451,0.9841799029512943
random_critical_line,36,119.4631652959751,0.0,0.5,HR,10.0,0.002,1.185856842236842,0.31036747092577727,1.0,0.9842665358903835
random_critical_line,36,119.4631652959751,0.002,0.502,HR,10.0,0.002,1.1837431570458024,0.3109969579487566,0.9803921568627451,0.9843527024697004
random_critical_line,36,119.4631652959751,0.005,0.505,HR,10.0,0.002,1.1805919115852066,0.3119378480692921,0.9523809523809523,0.9844810832468107
random_critical_line,36,119.4631652959751,0.01,0.51,HR,10.0,0.002,1.1753910637160703,0.3134970113369987,0.9090909090909091,0.9846927537946614
random_critical_line,36,119.4631652959751,0.02,0.52,HR,10.0,0.002,1.1651801402380049,0.31658112558685125,0.8333333333333333,0.9851076140163944
random_critical_line,36,119.4631652959751,0.05,0.55,HR,10.0,0.002,1.136045117396267,0.3255506631104745,0.6666666666666665,0.9862869572849283
random_critical_line,37,64.20461405797917,-0.05,0.45,HR,10.0,0.002,1.2942356109417288,0.2787840768635694,0.6666666666666666,0.983224407874897
random_critical_line,37,64.20461405797917,-0.02,0.48,HR,10.0,0.002,1.267075488827444,0.28619200473375794,0.8333333333333333,0.9841439119507388
random_critical_line,37,64.20461405797917,-0.01,0.49,HR,10.0,0.002,1.2583236747765156,0.2886214256812807,0.9090909090909091,0.9844380783348863
random_critical_line,37,64.20461405797917,-0.005,0.495,HR,10.0,0.002,1.254003733511999,0.28982830752580674,0.9523809523809523,0.9845829197842101
random_critical_line,37,64.20461405797917,-0.002,0.498,HR,10.0,0.002,1.2514295988309243,0.2905498891647717,0.9803921568627451,0.9846691161773282
random_critical_line,37,64.20461405797917,0.0,0.5,HR,10.0,0.002,1.2497209194784273,0.2910298725934406,1.0,0.9847262872763247
random_critical_line,37,64.20461405797917,0.002,0.502,HR,10.0,0.002,1.2480181578047433,0.29150899395653557,0.9803921568627451,0.9847832249779114
random_critical_line,37,64.20461405797917,0.005,0.505,HR,10.0,0.002,1.2454750906875425,0.29222604987950956,0.9523809523809523,0.9848681960240635
random_critical_line,37,64.20461405797917,0.01,0.51,HR,10.0,0.002,1.2412661015813864,0.2934167702116242,0.9090909090909091,0.9850086610893622
random_critical_line,37,64.20461405797917,0.02,0.52,HR,10.0,0.002,1.232958042632938,0.2957815725828465,0.8333333333333333,0.9852853196739004
random_critical_line,37,64.20461405797917,0.05,0.55,HR,10.0,0.002,1.2089018120759898,0.30273839820918147,0.6666666666666665,0.9860821677297266
random_critical_line,38,82.71226490614599,-0.05,0.45,HR,10.0,0.002,0.4901699012251814,0.6209076810644953,0.6666666666666666,0.9864949906875135
random_critical_line,38,82.71226490614599,-0.02,0.48,HR,10.0,0.002,0.46505948918097334,0.636093217330098,0.8333333333333333,0.9874303355927335
random_critical_line,38,82.71226490614599,-0.01,0.49,HR,10.0,0.002,0.4586900532869746,0.6399656137012396,0.9090909090909091,0.9877267180830986
random_critical_line,38,82.71226490614599,-0.005,0.495,HR,10.0,0.002,0.45587835609901006,0.6416730718256151,0.9523809523809523,0.987872125552392
random_critical_line,38,82.71226490614599,-0.002,0.498,HR,10.0,0.002,0.45430963386260503,0.6426242859661834,0.9803921568627451,0.9879584921234689
random_critical_line,38,82.71226490614599,0.0,0.5,HR,10.0,0.002,0.4533127836849155,0.6432279547381866,1.0,0.988015706993209
random_critical_line,38,82.71226490614599,0.002,0.502,HR,10.0,0.002,0.4523548972869728,0.6438072951645425,0.9803921568627451,0.988072633229191
random_critical_line,38,82.71226490614599,0.005,0.505,HR,10.0,0.002,0.45099069527217706,0.6446308197334785,0.9523809523809523,0.9881574844555244
random_critical_line,38,82.71226490614599,0.01,0.51,HR,10.0,0.002,0.44890888478840013,0.6458827126229164,0.9090909090909091,0.9882974797391151
random_critical_line,38,82.71226490614599,0.02,0.52,HR,10.0,0.002,0.4454505615188857,0.6479401342668645,0.8333333333333333,0.988572209733556
random_critical_line,38,82.71226490614599,0.05,0.55,HR,10.0,0.002,0.44035215570165454,0.6507362139650184,0.6666666666666665,0.9893558189898365
random_critical_line,39,42.9795477337457,-0.05,0.45,HR,10.0,0.002,0.474429129231484,0.6263477252736043,0.6666666666666666,0.9934420589539416
random_critical_line,39,42.9795477337457,-0.02,0.48,HR,10.0,0.002,0.4600392105513009,0.6351647925769467,0.8333333333333333,0.9938505729351151
random_critical_line,39,42.9795477337457,-0.01,0.49,HR,10.0,0.002,0.45593968358417764,0.6376902207226032,0.9090909090909091,0.9939811636292126
random_critical_line,39,42.9795477337457,-0.005,0.495,HR,10.0,0.002,0.45401847225143616,0.638875221471567,0.9523809523809523,0.9940454420534759
random_critical_line,39,42.9795477337457,-0.002,0.498,HR,10.0,0.002,0.452906521828174,0.6395614073981909,0.9803921568627451,0.9940836873783823
random_critical_line,39,42.9795477337457,0.0,0.5,HR,10.0,0.002,0.45218212034288485,0.6400085449001948,1.0,0.994109051052878
random_critical_line,39,42.9795477337457,0.002,0.502,HR,10.0,0.002,0.45147118410031284,0.6404474399396701,0.9803921568627451,0.9941343086310533
random_critical_line,39,42.9795477337457,0.005,0.505,HR,10.0,0.002,0.4504299221357308,0.6410903566385893,0.9523809523809523,0.9941719969461763
random_critical_line,39,42.9795477337457,0.01,0.51,HR,10.0,0.002,0.44876111385167217,0.6421208751590883,0.9090909090909091,0.9942342859935404
random_critical_line,39,42.9795477337457,0.02,0.52,HR,10.0,0.002,0.4456703297602071,0.6440291655876753,0.8333333333333333,0.9943569183012013
random_critical_line,39,42.9795477337457,0.05,0.55,HR,10.0,0.002,0.4383030797951036,0.6485613214931762,0.6666666666666665,0.994709684198094
random_critical_line,40,28.430002041193422,-0.05,0.45,HR,10.0,0.002,1.313394047814213,0.2713003383926167,0.6666666666666666,0.9911739445351022
random_critical_line,40,28.430002041193422,-0.02,0.48,HR,10.0,0.002,1.2962586501525526,0.2758969325903237,0.8333333333333333,0.991505548962307
random_critical_line,40,28.430002041193422,-0.01,0.49,HR,10.0,0.002,1.2906404789349937,0.2774212413700967,0.9090909090909091,0.9916130900420635
random_critical_line,40,28.430002041193422,-0.005,0.495,HR,10.0,0.002,1.2878488432158297,0.278181852086803,0.9523809523809523,0.9916663110585426
random_critical_line,40,28.430002041193422,-0.002,0.498,HR,10.0,0.002,1.2861794319850317,0.27863771643737106,0.9803921568627451,0.991698069306158
random_critical_line,40,28.430002041193422,0.0,0.5,HR,10.0,0.002,1.2850688088690132,0.2789414149427819,1.0,0.9917191691616812
random_critical_line,40,28.430002041193422,0.002,0.502,HR,10.0,0.002,1.2839600381088532,0.27924494356100804,0.9803921568627451,0.9917402113599376
random_critical_line,40,28.430002041193422,0.005,0.505,HR,10.0,0.002,1.2823003517326652,0.27969991601133976,0.9523809523809523,0.9917716669056501
random_critical_line,40,28.430002041193422,0.01,0.51,HR,10.0,0.002,1.2795434474499245,0.2804573414726884,0.9090909090909091,0.9918238068267438
random_critical_line,40,28.430002041193422,0.02,0.52,HR,10.0,0.002,1.2740641990534494,0.2819689108344521,0.8333333333333333,0.9919270232568198
random_critical_line,40,28.430002041193422,0.05,0.55,HR,10.0,0.002,1.2579011301560363,0.2864764008936474,0.6666666666666665,0.9922283431220766
known_zero,1,14.134725141734695,-0.05,0.45,BR,10.0,0.002,0.40876360550295154,0.9611015085657382,0.6666666666666666,0.9967069366688567
known_zero,1,14.134725141734695,-0.02,0.48,BR,10.0,0.002,0.18554087561989602,0.9842592352932567,0.8333333333333333,0.9967858576223427
known_zero,1,14.134725141734695,-0.01,0.49,BR,10.0,0.002,0.09850354211995918,0.992099083813463,0.9090909090909091,0.99681173104062
known_zero,1,14.134725141734695,-0.005,0.495,BR,10.0,0.002,0.05197062900217379,0.996041879541167,0.9523809523809523,0.9968245874858258
known_zero,1,14.134725141734695,-0.002,0.498,BR,10.0,0.002,0.022975379354247105,0.9984149091363574,0.9803921568627451,0.996832275798938
known_zero,1,14.134725141734695,0.0,0.5,BR,10.0,0.002,0.0031676208924559376,0.9999999999999993,1.0,0.9968373907235745
known_zero,1,14.134725141734695,0.002,0.502,BR,10.0,0.002,0.02296512555332171,0.9984174725783888,0.9803921568627451,0.9968424971710539
known_zero,1,14.134725141734695,0.005,0.505,BR,10.0,0.002,0.05194499443617902,0.9960578252183172,0.9523809523809523,0.9968501409790239
known_zero,1,14.134725141734695,0.01,0.51,BR,10.0,0.002,0.09845227253310027,0.9921623658563791,0.9090909090909091,0.996862838476364
known_zero,1,14.134725141734695,0.02,0.52,BR,10.0,0.002,0.18543833280717464,0.9845084302013415,0.8333333333333333,0.9968880760886593
known_zero,1,14.134725141734695,0.05,0.55,BR,10.0,0.002,0.40850718478268105,0.9625886526041028,0.6666666666666665,0.996962545749788
jittered_zero,1,14.151482552448488,-0.05,0.45,BR,10.0,0.002,0.40877278625616936,0.9590071292426331,0.6666666666666666,0.9966977861904448
jittered_zero,1,14.151482552448488,-0.02,0.48,BR,10.0,0.002,0.1855497719679669,0.9795346654954282,0.8333333333333333,0.9967769899078464
jittered_zero,1,14.151482552448488,-0.01,0.49,BR,10.0,0.002,0.09851234561784783,0.9846761685523614,0.9090909090909091,0.9968029556492776
jittered_zero,1,14.151482552448488,-0.005,0.495,BR,10.0,0.002,0.051979386435277185,0.9862734694549945,0.9523809523809523,0.9968158578994095
jittered_zero,1,14.151482552448488,-0.002,0.498,BR,10.0,0.002,0.022984109263067796,0.9867627152151642,0.9803921568627451,0.9968235735820455
jittered_zero,1,14.151482552448488,0.0,0.5,BR,10.0,0.002,0.0031763324993371246,0.986865300134933,1.0,0.9968287067059279
jittered_zero,1,14.151482552448488,0.002,0.502,BR,10.0,0.002,0.0229738188962377,0.9867839043032159,0.9803921568627451,0.9968338313150604
jittered_zero,1,14.151482552448488,0.005,0.505,BR,10.0,0.002,0.051953660454179026,0.9863283078891892,0.9523809523809523,0.9968415022951904
jittered_zero,1,14.151482552448488,0.01,0.51,BR,10.0,0.002,0.09846089319834385,0.9847981705553941,0.9090909090909091,0.996854244892581
jittered_zero,1,14.151482552448488,0.02,0.52,BR,10.0,0.002,0.18544686347044476,0.9798575931352255,0.8333333333333333,0.9968795720084369
jittered_zero,1,14.151482552448488,0.05,0.55,BR,10.0,0.002,0.4085154509824283,0.9605733040815293,0.6666666666666665,0.9969543046923055
known_zero,2,21.022039638771556,-0.05,0.45,BR,10.0,0.002,0.41028412081212895,0.9446491667826473,0.6666666666666666,0.9951925801058175
known_zero,2,21.022039638771556,-0.02,0.48,BR,10.0,0.002,0.1869693047832622,0.9775040758940319,0.8333333333333333,0.9953630360755067
known_zero,2,21.022039638771556,-0.01,0.49,BR,10.0,0.002,0.09990223778398993,0.9886920147975717,0.9090909090909091,0.9954184693962098
known_zero,2,21.022039638771556,-0.005,0.495,BR,10.0,0.002,0.05335463452947425,0.9943309299219829,0.9523809523809523,0.9954459310011573
known_zero,2,21.022039638771556,-0.002,0.498,BR,10.0,0.002,0.024350626844355197,0.9977287441659157,0.9803921568627451,0.995462326938867
known_zero,2,21.022039638771556,0.0,0.5,BR,10.0,0.002,0.0045370529347338205,0.9999999999999989,1.0,0.9954732239398181
known_zero,2,21.022039638771556,0.002,0.502,BR,10.0,0.002,0.024328760682213887,0.997734210669961,0.9803921568627451,0.9954840941174949
known_zero,2,21.022039638771556,0.005,0.505,BR,10.0,0.002,0.05329996883408081,0.9943648643266608,0.9523809523809523,0.9955003492325938
known_zero,2,21.022039638771556,0.01,0.51,BR,10.0,0.002,0.09979290432147145,0.9888262321598006,0.9090909090909091,0.9955273078938603
known_zero,2,21.022039638771556,0.02,0.52,BR,10.0,0.002,0.18675062128392486,0.9780290946078216,0.8333333333333333,0.9955807293494429
known_zero,2,21.022039638771556,0.05,0.55,BR,10.0,0.002,0.40973712196352413,0.9477228107223034,0.6666666666666665,0.995737098213088
jittered_zero,2,20.996435692539457,-0.05,0.45,BR,10.0,0.002,0.41029624049031643,0.9381622031600517,0.6666666666666666,0.9951805187651019
jittered_zero,2,20.996435692539457,-0.02,0.48,BR,10.0,0.002,0.1869814699075206,0.96391727650466,0.8333333333333333,0.9953509274341423
jittered_zero,2,20.996435692539457,-0.01,0.49,BR,10.0,0.002,0.09991441483128646,0.9694814516285136,0.9090909090909091,0.9954063482122284
jittered_zero,2,20.996435692539457,-0.005,0.495,BR,10.0,0.002,0.05336681695088251,0.9710756096628144,0.9523809523809523,0.9954338041332041
jittered_zero,2,20.996435692539457,-0.002,0.498,BR,10.0,0.002,0.024362812304445897,0.9715626295074796,0.9803921568627451,0.9954501968463159
jittered_zero,2,20.996435692539457,0.0,0.5,BR,10.0,0.002,0.004549240343704502,0.9716797667678875,1.0,0.9954610917744485
jittered_zero,2,20.996435692539457,0.002,0.502,BR,10.0,0.002,0.024340949978817486,0.9716292151651861,0.9803921568627451,0.9954719599405613
jittered_zero,2,20.996435692539457,0.005,0.505,BR,10.0,0.002,0.05331216084781771,0.9712445518762685,0.9523809523809523,0.9954882121526487
jittered_zero,2,20.996435692539457,0.01,0.51,BR,10.0,0.002,0.09980510056090267,0.9698363711435223,0.9090909090909091,0.9955151662784941
jittered_zero,2,20.996435692539457,0.02,0.52,BR,10.0,0.002,0.18676282485228063,0.964747124704856,0.8333333333333333,0.9955685797860927
jittered_zero,2,20.996435692539457,0.05,0.55,BR,10.0,0.002,0.40974933879923253,0.9415704370752448,0.6666666666666665,0.9957249335308574
known_zero,3,25.01085758014569,-0.05,0.45,BR,10.0,0.002,0.41132733357823587,0.9336977547960507,0.6666666666666666,0.994154923843751
known_zero,3,25.01085758014569,-0.02,0.48,BR,10.0,0.002,0.18794633077703427,0.972935912267784,0.8333333333333333,0.9943910154380573
known_zero,3,25.01085758014569,-0.01,0.49,BR,10.0,0.002,0.10085798148228847,0.9863757877100621,0.9090909090909091,0.9944675589526293
known_zero,3,25.01085758014569,-0.005,0.495,BR,10.0,0.002,0.05429987977363401,0.9931646959802954,0.9523809523809523,0.994505435038754
known_zero,3,25.01085758014569,-0.002,0.498,BR,10.0,0.002,0.02528961823209061,0.99726029084361,0.9803921568627451,0.9945280351016973
known_zero,3,25.01085758014569,0.0,0.5,BR,10.0,0.002,0.005471893822461622,0.9999999999999991,1.0,0.9945430497176299
known_zero,3,25.01085758014569,0.002,0.502,BR,10.0,0.002,0.025259466002934487,0.9972678288300868,0.9803921568627451,0.9945580227910095
known_zero,3,25.01085758014569,0.005,0.505,BR,10.0,0.002,0.054224498697045286,0.9932114242265121,0.9523809523809523,0.9945804047547341
known_zero,3,25.01085758014569,0.01,0.51,BR,10.0,0.002,0.1007072157312362,0.9865601821055644,0.9090909090909091,0.9946175019038989
known_zero,3,25.01085758014569,0.02,0.52,BR,10.0,0.002,0.1876447704909579,0.9736539570616771,0.8333333333333333,0.9946909294959566
known_zero,3,25.01085758014569,0.05,0.55,BR,10.0,0.002,0.4105729290346313,0.9378475617179498,0.6666666666666665,0.9949052018063149
jittered_zero,3,24.902128954938,-0.05,0.45,BR,10.0,0.002,0.4111677999390976,0.8566011123153524,0.6666666666666666,0.9943135376484016
jittered_zero,3,24.902128954938,-0.02,0.48,BR,10.0,0.002,0.18779112940823955,0.8684644529263259,0.8333333333333333,0.9945453582615695
jittered_zero,3,24.902128954938,-0.01,0.49,BR,10.0,0.002,0.10070419136346138,0.8706575646257254,0.9090909090909091,0.9946205099975687
jittered_zero,3,24.902128954938,-0.005,0.495,BR,10.0,0.002,0.05414678925082087,0.8713994500208556,0.9523809523809523,0.9946576960503063
jittered_zero,3,24.902128954938,-0.002,0.498,BR,10.0,0.002,0.02513694555378838,0.8717301560838657,0.9803921568627451,0.9946798839517534
jittered_zero,3,24.902128954938,0.0,0.5,BR,10.0,0.002,0.005319498913759571,0.871902979588369,1.0,0.9946946245642161
jittered_zero,3,24.902128954938,0.002,0.502,BR,10.0,0.002,0.025107348231179744,0.8720377861379158,0.9803921568627451,0.994709324248846
jittered_zero,3,24.902128954938,0.005,0.505,BR,10.0,0.002,0.05407279544835904,0.8721690340932947,0.9523809523809523,0.9947312972783688
jittered_zero,3,24.902128954938,0.01,0.51,BR,10.0,0.002,0.10055620021607785,0.872200356640641,0.9090909090909091,0.9947677159203726
jittered_zero,3,24.902128954938,0.02,0.52,BR,10.0,0.002,0.1874951187728381,0.8715786780094457,0.8333333333333333,0.994839797841478
jittered_zero,3,24.902128954938,0.05,0.55,BR,10.0,0.002,0.410427277282549,0.8648525560429545,0.6666666666666665,0.9950501220458011
known_zero,4,30.424876125859512,-0.05,0.45,BR,10.0,0.002,0.4110947632530563,0.9364674648638552,0.6666666666666666,0.994386161666154
known_zero,4,30.424876125859512,-0.02,0.48,BR,10.0,0.002,0.18769032879309203,0.9741889664571849,0.8333333333333333,0.9946456140983146
known_zero,4,30.424876125859512,-0.01,0.49,BR,10.0,0.002,0.10059495384314397,0.9870276580623059,0.9090909090909091,0.9947291658102755
known_zero,4,30.424876125859512,-0.005,0.495,BR,10.0,0.002,0.054033481272879116,0.993497077254125,0.9523809523809523,0.9947704050878861
known_zero,4,30.424876125859512,-0.002,0.498,BR,10.0,0.002,0.025021241992303617,0.9973948046693598,0.9803921568627451,0.9947949786151669
known_zero,4,30.424876125859512,0.0,0.5,BR,10.0,0.002,0.005202217598115067,0.9999999999999989,1.0,0.9948112904996831
known_zero,4,30.424876125859512,0.002,0.502,BR,10.0,0.002,0.0249885045173631,0.9974029889592034,0.9803921568627451,0.994827546223938
known_zero,4,30.424876125859512,0.005,0.505,BR,10.0,0.002,0.05395163677067025,0.9935478324877147,0.9523809523809523,0.9948518249083396
known_zero,4,30.424876125859512,0.01,0.51,BR,10.0,0.002,0.1004312590182463,0.987228077640945,0.9090909090909091,0.994892011155
known_zero,4,30.424876125859512,0.02,0.52,BR,10.0,0.002,0.18736289257733577,0.9749704493510974,0.8333333333333333,0.9949713504202379
known_zero,4,30.424876125859512,0.05,0.55,BR,10.0,0.002,0.4102753575715242,0.9410013264396799,0.6666666666666665,0.9952013012560579
jittered_zero,4,30.399674919671074,-0.05,0.45,BR,10.0,0.002,0.41115618572353946,0.9290215285503006,0.6666666666666666,0.9943250858872219
jittered_zero,4,30.399674919671074,-0.02,0.48,BR,10.0,0.002,0.18775054563768975,0.9588996920719517,0.8333333333333333,0.9945857214812309
jittered_zero,4,30.399674919671074,-0.01,0.49,BR,10.0,0.002,0.10065476863400392,0.9654043004402622,0.9090909090909091,0.9946696680727003
jittered_zero,4,30.399674919671074,-0.005,0.495,BR,10.0,0.002,0.05409309501602262,0.9672823784039413,0.9523809523809523,0.9947111048680419
jittered_zero,4,30.399674919671074,-0.002,0.498,BR,10.0,0.002,0.02508073510171325,0.9678638375314097,0.9803921568627451,0.9947357969291326
jittered_zero,4,30.399674919671074,0.0,0.5,BR,10.0,0.002,0.00526163028326711,0.9680102069792821,1.0,0.994752187845436
jittered_zero,4,30.399674919671074,0.002,0.502,BR,10.0,0.002,0.025047836777042858,0.9679617627126996,0.9803921568627451,0.9947685226086483
jittered_zero,4,30.399674919671074,0.005,0.505,BR,10.0,0.002,0.05401084839023455,0.9675309220683522,0.9523809523809523,0.9947929198645089
jittered_zero,4,30.399674919671074,0.01,0.51,BR,10.0,0.002,0.10049026956727322,0.9659269904930734,0.9090909090909091,0.994833303763394
jittered_zero,4,30.399674919671074,0.02,0.52,BR,10.0,0.002,0.18742150098088328,0.9601245073720227,0.8333333333333333,0.9949130384466167
jittered_zero,4,30.399674919671074,0.05,0.55,BR,10.0,0.002,0.41033275968645355,0.9340467794339291,0.6666666666666665,0.9951441762361495
known_zero,5,32.93506158773919,-0.05,0.45,BR,10.0,0.002,0.4114549663630092,0.9327883465159038,0.6666666666666666,0.9940280451794354
known_zero,5,32.93506158773919,-0.02,0.48,BR,10.0,0.002,0.1880203154317357,0.9726625557810072,0.8333333333333333,0.9943174484835883
known_zero,5,32.93506158773919,-0.01,0.49,BR,10.0,0.002,0.10091535266557143,0.9862551947009693,0.9090909090909091,0.9944105068086257
known_zero,5,32.93506158773919,-0.005,0.495,BR,10.0,0.002,0.054349174096802,0.9931085189596559,0.9523809523809523,0.9944564127747164
known_zero,5,32.93506158773919,-0.002,0.498,BR,10.0,0.002,0.025334138985252348,0.997238821422717,0.9803921568627451,0.9944837589501452
known_zero,5,32.93506158773919,0.0,0.5,BR,10.0,0.002,0.005513262190619913,0.9999999999999973,1.0,0.9945019079455897
known_zero,5,32.93506158773919,0.002,0.502,BR,10.0,0.002,0.02529770585261822,0.9972479296084082,0.9803921568627451,0.9945199917688711
known_zero,5,32.93506158773919,0.005,0.505,BR,10.0,0.002,0.05425809027715105,0.9931649775537247,0.9523809523809523,0.9945469957885292
known_zero,5,32.93506158773919,0.01,0.51,BR,10.0,0.002,0.10073317796856683,0.9864779649275477,0.9090909090909091,0.9945916797434632
known_zero,5,32.93506158773919,0.02,0.52,BR,10.0,0.002,0.18765590957327466,0.9735298889618965,0.8333333333333333,0.9946798496135232
known_zero,5,32.93506158773919,0.05,0.55,BR,10.0,0.002,0.410542963272115,0.9377988976905485,0.6666666666666665,0.994935015346009
jittered_zero,5,32.960423164821364,-0.05,0.45,BR,10.0,0.002,0.4115328621063183,0.924781869933809,0.6666666666666666,0.993950617641663
jittered_zero,5,32.960423164821364,-0.02,0.48,BR,10.0,0.002,0.1880961215305248,0.9563033215992078,0.8333333333333333,0.9942420760137433
jittered_zero,5,32.960423164821364,-0.01,0.49,BR,10.0,0.002,0.10099047322505275,0.9631613469305872,0.9090909090909091,0.994335808940708
jittered_zero,5,32.960423164821364,-0.005,0.495,BR,10.0,0.002,0.05442395389863315,0.9651427809586103,0.9523809523809523,0.9943820503016795
jittered_zero,5,32.960423164821364,-0.002,0.498,BR,10.0,0.002,0.02540871496979675,0.9657583457530321,0.9803921568627451,0.9944095971100885
jittered_zero,5,32.960423164821364,0.0,0.5,BR,10.0,0.002,0.005587702561016394,0.9659153324504479,1.0,0.9944278796105847
jittered_zero,5,32.960423164821364,0.002,0.502,BR,10.0,0.002,0.025372010819265416,0.965867793818648,0.9803921568627451,0.9944460967394705
jittered_zero,5,32.960423164821364,0.005,0.505,BR,10.0,0.002,0.05433219253111251,0.9654205003972283,0.9523809523809523,0.9944733003450036
jittered_zero,5,32.960423164821364,0.01,0.51,BR,10.0,0.002,0.10080694340997699,0.9637449225078248,0.9090909090909091,0.9945183159550733
jittered_zero,5,32.960423164821364,0.02,0.52,BR,10.0,0.002,0.1877290052572693,0.9576677177145854,0.8333333333333333,0.994607145466772
jittered_zero,5,32.960423164821364,0.05,0.55,BR,10.0,0.002,0.4106140798518868,0.9303472178783501,0.6666666666666665,0.9948642614865384
known_zero,6,37.586178158825675,-0.05,0.45,BR,10.0,0.002,0.4138997683255637,0.9080300262816691,0.6666666666666666,0.9916008117252761
known_zero,6,37.586178158825675,-0.02,0.48,BR,10.0,0.002,0.19031761494145827,0.9620646912877403,0.8333333333333333,0.9920358252860575
known_zero,6,37.586178158825675,-0.01,0.49,BR,10.0,0.002,0.10316508377926288,0.9808351721182147,0.9090909090909091,0.9921758651656046
known_zero,6,37.586178158825675,-0.005,0.495,BR,10.0,0.002,0.05657541303256487,0.9903677174633926,0.9523809523809523,0.9922449776934653
known_zero,6,37.586178158825675,-0.002,0.498,BR,10.0,0.002,0.027546375083562762,0.9961350439944587,0.9803921568627451,0.9922861577819798
known_zero,6,37.586178158825675,0.0,0.5,BR,10.0,0.002,0.007716201368779582,0.9999999999999933,1.0,0.9923134920883556
known_zero,6,37.586178158825675,0.002,0.502,BR,10.0,0.002,0.02749137862971725,0.9961487928613068,0.9803921568627451,0.9923407315025247
known_zero,6,37.586178158825675,0.005,0.505,BR,10.0,0.002,0.056437920443122895,0.9904526623120269,0.9523809523809523,0.992381413404044
known_zero,6,37.586178158825675,0.01,0.51,BR,10.0,0.002,0.10289008820860772,0.9811685331997123,0.9090909090909091,0.9924487466527169
known_zero,6,37.586178158825675,0.02,0.52,BR,10.0,0.002,0.18976754066155677,0.9633489626962383,0.8333333333333333,0.9925816687917619
known_zero,6,37.586178158825675,0.05,0.55,BR,10.0,0.002,0.41252312720529516,0.915231404872882,0.6666666666666665,0.992966830220473
jittered_zero,6,37.51017958860205,-0.05,0.45,BR,10.0,0.002,0.4140220871347987,0.8434969823272475,0.6666666666666666,0.9914795277125585
jittered_zero,6,37.51017958860205,-0.02,0.48,BR,10.0,0.002,0.1904374970654261,0.8650507977827935,0.8333333333333333,0.9919169050526174
jittered_zero,6,37.51017958860205,-0.01,0.49,BR,10.0,0.002,0.10328416121966616,0.8689559086158688,0.9090909090909091,0.992057726437119
jittered_zero,6,37.51017958860205,-0.005,0.495,BR,10.0,0.002,0.05669408958184766,0.8701920379527224,0.9523809523809523,0.9921272284706433
jittered_zero,6,37.51017958860205,-0.002,0.498,BR,10.0,0.002,0.027664811566732155,0.8706990558073804,0.9803921568627451,0.992168641858378
jittered_zero,6,37.51017958860205,0.0,0.5,BR,10.0,0.002,0.007834478004088482,0.870939043528588,1.0,0.9921961315279826
jittered_zero,6,37.51017958860205,0.002,0.502,BR,10.0,0.002,0.027609495574678632,0.8711008257169223,0.9803921568627451,0.992223526169063
jittered_zero,6,37.51017958860205,0.005,0.505,BR,10.0,0.002,0.056555798148904005,0.8711978172307685,0.9523809523809523,0.9922644406541471
jittered_zero,6,37.51017958860205,0.01,0.51,BR,10.0,0.002,0.10300756797642624,0.8709770801973388,0.9090909090909091,0.9923321608527587
jittered_zero,6,37.51017958860205,0.02,0.52,BR,10.0,0.002,0.18988422755573228,0.8691681754282807,0.8333333333333333,0.9924658542767644
jittered_zero,6,37.51017958860205,0.05,0.55,BR,10.0,0.002,0.4126374599621689,0.8549316273080342,0.6666666666666665,0.9928533080750632
known_zero,7,40.9187190121475,-0.05,0.45,BR,10.0,0.002,0.4119937751684222,0.9275224294682839,0.6666666666666666,0.9934925983805438
known_zero,7,40.9187190121475,-0.02,0.48,BR,10.0,0.002,0.18849291258559975,0.9705173092650679,0.8333333333333333,0.9938476479093483
known_zero,7,40.9187190121475,-0.01,0.49,BR,10.0,0.002,0.1013671036969531,0.9851763566587973,0.9090909090909091,0.993961382290428
known_zero,7,40.9187190121475,-0.005,0.495,BR,10.0,0.002,0.05479072262994789,0.9925675724503821,0.9523809523809523,0.9940174089322616
known_zero,7,40.9187190121475,-0.002,0.498,BR,10.0,0.002,0.025769635478032498,0.9970220796459638,0.9803921568627451,0.9940507590528069
known_zero,7,40.9187190121475,0.0,0.5,BR,10.0,0.002,0.005944752674351592,0.9999999999999951,1.0,0.9940728824031336
known_zero,7,40.9187190121475,0.002,0.502,BR,10.0,0.002,0.025725213132285093,0.9970331850905182,0.9803921568627451,0.9940949181001331
known_zero,7,40.9187190121475,0.005,0.505,BR,10.0,0.002,0.0546796652442113,0.9926363671327026,0.9523809523809523,0.994127808037279
known_zero,7,40.9187190121475,0.01,0.51,BR,10.0,0.002,0.10114497805838327,0.9854475149523834,0.9090909090909091,0.9941821911199265
known_zero,7,40.9187190121475,0.02,0.52,BR,10.0,0.002,0.18804857436603298,0.9715708623879178,0.8333333333333333,0.9942893505291519
known_zero,7,40.9187190121475,0.05,0.55,BR,10.0,0.002,0.4108814074935585,0.9335735315547302,0.6666666666666665,0.9945983423150876
jittered_zero,7,40.765894027706324,-0.05,0.45,BR,10.0,0.002,0.41219550179160047,0.7970523455724908,0.6666666666666666,0.9932922046865709
jittered_zero,7,40.765894027706324,-0.02,0.48,BR,10.0,0.002,0.1886898489434088,0.8082615918379685,0.8333333333333333,0.993651942444745
jittered_zero,7,40.765894027706324,-0.01,0.49,BR,10.0,0.002,0.10156243672936267,0.810691863147937,0.9090909090909091,0.9937672477605874
jittered_zero,7,40.765894027706324,-0.005,0.495,BR,10.0,0.002,0.054985252939904077,0.8116552587956364,0.9523809523809523,0.9938240612242045
jittered_zero,7,40.765894027706324,-0.002,0.498,BR,10.0,0.002,0.025963683836809144,0.812152804919513,0.9803921568627451,0.9938578838486355
jittered_zero,7,40.765894027706324,0.0,0.5,BR,10.0,0.002,0.006138479604862536,0.812451075330416,1.0,0.9938803223675559
jittered_zero,7,40.765894027706324,0.002,0.502,BR,10.0,0.002,0.025918618535270558,0.8127226985043737,0.9803921568627451,0.9939026733630766
jittered_zero,7,40.765894027706324,0.005,0.505,BR,10.0,0.002,0.05487258817487349,0.8130803965057547,0.9523809523809523,0.9939360364862591
jittered_zero,7,40.765894027706324,0.01,0.51,BR,10.0,0.002,0.10133709640495207,0.8135450170000904,0.9090909090909091,0.9939912088273687
jittered_zero,7,40.765894027706324,0.02,0.52,BR,10.0,0.002,0.18823908193421393,0.8139907572987476,0.8333333333333333,0.9940999489247065
jittered_zero,7,40.765894027706324,0.05,0.55,BR,10.0,0.002,0.411067072337356,0.8117573226826148,0.6666666666666665,0.994413697510775
known_zero,8,43.327073280915,-0.05,0.45,BR,10.0,0.002,0.4135119412174289,0.9121996883466348,0.6666666666666666,0.991985455983426
known_zero,8,43.327073280915,-0.02,0.48,BR,10.0,0.002,0.18991576536045446,0.9639597111058769,0.8333333333333333,0.9924345545760233
known_zero,8,43.327073280915,-0.01,0.49,BR,10.0,0.002,0.10275948705396527,0.9818232084395584,0.9090909090909091,0.992578370069253
known_zero,8,43.327073280915,-0.005,0.495,BR,10.0,0.002,0.05616810894099397,0.9908721293886014,0.9523809523809523,0.992649205448942
known_zero,8,43.327073280915,-0.002,0.498,BR,10.0,0.002,0.027138098811454354,0.9963393374684193,0.9803921568627451,0.9926913673884493
known_zero,8,43.327073280915,0.0,0.5,BR,10.0,0.002,0.007307298526100159,0.9999999999999958,1.0,0.992719334865578
known_zero,8,43.327073280915,0.002,0.502,BR,10.0,0.002,0.027081866335880844,0.996353395344953,0.9803921568627451,0.9927471904510379
known_zero,8,43.327073280915,0.005,0.505,BR,10.0,0.002,0.056027525847004406,0.9909590365118206,0.9523809523809523,0.9927887649551141
known_zero,8,43.327073280915,0.01,0.51,BR,10.0,0.002,0.10247830725821909,0.98216461380263,0.9090909090909091,0.9928575022939433
known_zero,8,43.327073280915,0.02,0.52,BR,10.0,0.002,0.18935329689981564,0.965277563275705,0.8333333333333333,0.9929929247303005
known_zero,8,43.327073280915,0.05,0.55,BR,10.0,0.002,0.41210386407033345,0.9196305441075909,0.6666666666666665,0.99338323189146
jittered_zero,8,43.32183058735719,-0.05,0.45,BR,10.0,0.002,0.41348821569552685,0.9118860185809801,0.6666666666666666,0.9920089916352852
jittered_zero,8,43.32183058735719,-0.02,0.48,BR,10.0,0.002,0.18989274889560165,0.96284305418566,0.8333333333333333,0.9924573971739443
jittered_zero,8,43.32183058735719,-0.01,0.49,BR,10.0,0.002,0.10273670187544232,0.9795558720313089,0.9090909090909091,0.9926009864022707
jittered_zero,8,43.32183058735719,-0.005,0.495,BR,10.0,0.002,0.05614543847944004,0.9868484189985844,0.9523809523809523,0.9926717095196785
jittered_zero,8,43.32183058735719,-0.002,0.498,BR,10.0,0.002,0.027115496886687067,0.9898127317216874,0.9803921568627451,0.9927138043776108
jittered_zero,8,43.32183058735719,0.0,0.5,BR,10.0,0.002,0.007284742170963343,0.9904936360209065,1.0,0.9927417272479907
jittered_zero,8,43.32183058735719,0.002,0.502,BR,10.0,0.002,0.02705935545350971,0.9898515957030476,0.9803921568627451,0.9927695383178006
jittered_zero,8,43.32183058735719,0.005,0.505,BR,10.0,0.002,0.05600508299287717,0.9869731247257865,0.9523809523809523,0.9928110462185719
jittered_zero,8,43.32183058735719,0.01,0.51,BR,10.0,0.002,0.10245597730480797,0.9799389696838424,0.9090909090909091,0.992879673003248
jittered_zero,8,43.32183058735719,0.02,0.52,BR,10.0,0.002,0.18933119096725412,0.9642001381591686,0.8333333333333333,0.9930148760075546
jittered_zero,8,43.32183058735719,0.05,0.55,BR,10.0,0.002,0.4120824163154928,0.9193406253062805,0.6666666666666665,0.9934045379599633
known_zero,9,48.00515088116716,-0.05,0.45,BR,10.0,0.002,0.4123901921537668,0.9237510392166932,0.6666666666666666,0.9930988390913229
known_zero,9,48.00515088116716,-0.02,0.48,BR,10.0,0.002,0.18883367697058637,0.9689846315704569,0.8333333333333333,0.9935090377232603
known_zero,9,48.00515088116716,-0.01,0.49,BR,10.0,0.002,0.10169098697073664,0.9844060682222358,0.9090909090909091,0.99363950695175
known_zero,9,48.00515088116716,-0.005,0.495,BR,10.0,0.002,0.05510646658227843,0.9921814467161187,0.9523809523809523,0.993703603490572
known_zero,9,48.00515088116716,-0.002,0.498,BR,10.0,0.002,0.026080590751832396,0.9968673944996768,0.9803921568627451,0.993741701780839
known_zero,9,48.00515088116716,0.0,0.5,BR,10.0,0.002,0.006252554704047538,0.999999999999998,1.0,0.9937669518377038
known_zero,9,48.00515088116716,0.002,0.502,BR,10.0,0.002,0.026029893095524607,0.9968800687256301,0.9803921568627451,0.9937920834331997
known_zero,9,48.00515088116716,0.005,0.505,BR,10.0,0.002,0.05497972021328413,0.9922599235742646,0.9523809523809523,0.9938295597962546
known_zero,9,48.00515088116716,0.01,0.51,BR,10.0,0.002,0.10143747831653947,0.9847151574483936,0.9090909090909091,0.9938914350975481
known_zero,9,48.00515088116716,0.02,0.52,BR,10.0,0.002,0.18832653232270755,0.9701838147538802,0.8333333333333333,0.9940130182990854
known_zero,9,48.00515088116716,0.05,0.55,BR,10.0,0.002,0.41112010099334295,0.9306107721919501,0.6666666666666665,0.994360966487041
jittered_zero,9,47.96419464484395,-0.05,0.45,BR,10.0,0.002,0.41263162181045543,0.9020125756639759,0.6666666666666666,0.9928591045202251
jittered_zero,9,47.96419464484395,-0.02,0.48,BR,10.0,0.002,0.18906821808540483,0.930866886061407,0.8333333333333333,0.9932760463300688
jittered_zero,9,47.96419464484395,-0.01,0.49,BR,10.0,0.002,0.10192325088171608,0.93633282160905,0.9090909090909091,0.9934087471533855
jittered_zero,9,47.96419464484395,-0.005,0.495,BR,10.0,0.002,0.05533759530858526,0.9379035292370896,0.9523809523809523,0.9934739565823915
jittered_zero,9,47.96419464484395,-0.002,0.498,BR,10.0,0.002,0.026311039443314765,0.9384406610971886,0.9803921568627451,0.9935127216910863
jittered_zero,9,47.96419464484395,0.0,0.5,BR,10.0,0.002,0.006482550483296546,0.9386266733928698,1.0,0.99353841591538
jittered_zero,9,47.96419464484395,0.002,0.502,BR,10.0,0.002,0.026259436315767267,0.9386750840292755,0.9803921568627451,0.9935639913776105
jittered_zero,9,47.96419464484395,0.005,0.505,BR,10.0,0.002,0.05520858525317203,0.9384927882019901,0.9523809523809523,0.9936021329804262
jittered_zero,9,47.96419464484395,0.01,0.51,BR,10.0,0.002,0.10166521479526089,0.9375338123629915,0.9090909090909091,0.9936651155334758
jittered_zero,9,47.96419464484395,0.02,0.52,BR,10.0,0.002,0.18855201809784497,0.9334375617683206,0.8333333333333333,0.993788907770975
jittered_zero,9,47.96419464484395,0.05,0.55,BR,10.0,0.002,0.41133888400781515,0.9106353460524086,0.6666666666666665,0.9941434409936285
known_zero,10,49.7738324776723,-0.05,0.45,BR,10.0,0.002,0.41174505483839874,0.9304355642863273,0.6666666666666666,0.9937397309196585
known_zero,10,49.7738324776723,-0.02,0.48,BR,10.0,0.002,0.18822052857598112,0.971840645464156,0.8333333333333333,0.9941183929882773
known_zero,10,49.7738324776723,-0.01,0.49,BR,10.0,0.002,0.10108808807527592,0.9858653424888674,0.9090909090909091,0.994238751736836
known_zero,10,49.7738324776723,-0.005,0.495,BR,10.0,0.002,0.05450861533644717,0.992918985171376,0.9523809523809523,0.9942978680511099
known_zero,10,49.7738324776723,-0.002,0.498,BR,10.0,0.002,0.025485743484630282,0.9971643170177054,0.9803921568627451,0.9943330021657221
known_zero,10,49.7738324776723,0.0,0.5,BR,10.0,0.002,0.0056596998492950586,0.9999999999999976,1.0,0.994356286077165
known_zero,10,49.7738324776723,0.002,0.502,BR,10.0,0.002,0.025439022469662217,0.9971759971149301,0.9803921568627451,0.994379459498058
known_zero,10,49.7738324776723,0.005,0.505,BR,10.0,0.002,0.05439181060267258,0.9929913706347446,0.9523809523809523,0.9944140135319193
known_zero,10,49.7738324776723,0.01,0.51,BR,10.0,0.002,0.1008544629191553,0.986150856747427,0.9090909090909091,0.9944710580556753
known_zero,10,49.7738324776723,0.02,0.52,BR,10.0,0.002,0.1877531527450228,0.9729515384958729,0.8333333333333333,0.9945831284928832
known_zero,10,49.7738324776723,0.05,0.55,BR,10.0,0.002,0.410574417546604,0.9368422385629088,0.6666666666666665,0.9949037208791125
jittered_zero,10,49.72853878341692,-0.05,0.45,BR,10.0,0.002,0.4115686210426072,0.9096286303110789,0.6666666666666666,0.9939150756603279
jittered_zero,10,49.72853878341692,-0.02,0.48,BR,10.0,0.002,0.18804939219920405,0.934017709312355,0.8333333333333333,0.9942885373666719
jittered_zero,10,49.72853878341692,-0.01,0.49,BR,10.0,0.002,0.10091870733872993,0.9385322215773898,0.9090909090909091,0.9944071708919855
jittered_zero,10,49.72853878341692,-0.005,0.495,BR,10.0,0.002,0.05434011061990673,0.9398420129998174,0.9523809523809523,0.9944654260482827
jittered_zero,10,49.72853878341692,-0.002,0.498,BR,10.0,0.002,0.025317763816829063,0.9403034726128008,0.9803921568627451,0.9945000439225264
jittered_zero,10,49.72853878341692,0.0,0.5,BR,10.0,0.002,0.005492069982169889,0.9404740983881623,1.0,0.9945229838606486
jittered_zero,10,49.72853878341692,0.002,0.502,BR,10.0,0.002,0.02527174221934389,0.9405352923625137,0.9803921568627451,0.9945458134564323
jittered_zero,10,49.72853878341692,0.005,0.505,BR,10.0,0.002,0.054225054435736414,0.940424166283256,0.9523809523809523,0.9945798520280753
jittered_zero,10,49.72853878341692,0.01,0.51,BR,10.0,0.002,0.1006885793239358,0.9397148645270713,0.9090909090909091,0.9946360381734967
jittered_zero,10,49.72853878341692,0.02,0.52,BR,10.0,0.002,0.18758901098773775,0.9365221839035618,0.8333333333333333,0.9947463945143795
jittered_zero,10,49.72853878341692,0.05,0.55,BR,10.0,0.002,0.410415476182724,0.9177787956857721,0.6666666666666665,0.9950618648009109
known_zero,11,52.970321477714464,-0.05,0.45,BR,10.0,0.002,0.41620389196104907,0.8865053160904419,0.6666666666666666,0.9893186710348176
known_zero,11,52.970321477714464,-0.02,0.48,BR,10.0,0.002,0.19239952055017998,0.9527614607607556,0.8333333333333333,0.989972648751946
known_zero,11,52.970321477714464,-0.01,0.49,BR,10.0,0.002,0.10517677910002197,0.9760608936314579,0.9090909090909091,0.9901819159019264
known_zero,11,52.970321477714464,-0.005,0.495,BR,10.0,0.002,0.058552701400549495,0.9879492099258184,0.9523809523809523,0.9902849616379372
known_zero,11,52.970321477714464,-0.002,0.498,BR,10.0,0.002,0.029503239462390522,0.9951600207123376,0.9803921568627451,0.9903462869972613
known_zero,11,52.970321477714464,0.0,0.5,BR,10.0,0.002,0.00965954075636576,0.9999999999999925,1.0,0.9903869627508224
known_zero,11,52.970321477714464,0.002,0.502,BR,10.0,0.002,0.02942126541505733,0.9951805136597117,0.9803921568627451,0.9904274730181959
known_zero,11,52.970321477714464,0.005,0.505,BR,10.0,0.002,0.05834776328593262,0.9880754559346303,0.9523809523809523,0.990487929568131
known_zero,11,52.970321477714464,0.01,0.51,BR,10.0,0.002,0.10476688146835815,0.9765539967732079,0.9090909090909091,0.9905878723187743
known_zero,11,52.970321477714464,0.02,0.52,BR,10.0,0.002,0.19157955405499272,0.954643795365035,0.8333333333333333,0.9907847260476625
known_zero,11,52.970321477714464,0.05,0.55,BR,10.0,0.002,0.41415097777429083,0.8967962152340385,0.6666666666666665,0.9913517435174586
jittered_zero,11,52.89373578635762,-0.05,0.45,BR,10.0,0.002,0.41605363865109807,0.8115680497428915,0.6666666666666666,0.9894673306077538
jittered_zero,11,52.89373578635762,-0.02,0.48,BR,10.0,0.002,0.19225475976099596,0.8371366267617796,0.8333333333333333,0.9901159683471287
jittered_zero,11,52.89373578635762,-0.01,0.49,BR,10.0,0.002,0.10503378450449113,0.8418838130012204,0.9090909090909091,0.9903235166883252
jittered_zero,11,52.89373578635762,-0.005,0.495,BR,10.0,0.002,0.058410578101974406,0.8434304017969873,0.9523809523809523,0.9904257142050873
jittered_zero,11,52.89373578635762,-0.002,0.498,BR,10.0,0.002,0.02936163520626489,0.8440875611868589,0.9803921568627451,0.9904865341761029
jittered_zero,11,52.89373578635762,0.0,0.5,BR,10.0,0.002,0.009518280981216804,0.8444126012927239,1.0,0.9905268744722077
jittered_zero,11,52.89373578635762,0.002,0.502,BR,10.0,0.002,0.029280348888165574,0.8446474748645119,0.9803921568627451,0.9905670504519846
jittered_zero,11,52.89373578635762,0.005,0.505,BR,10.0,0.002,0.05820735932966939,0.8448319126914667,0.9523809523809523,0.9906270077554089
jittered_zero,11,52.89373578635762,0.01,0.51,BR,10.0,0.002,0.10462732569479714,0.8446990839430896,0.9090909090909091,0.9907261242222773
jittered_zero,11,52.89373578635762,0.02,0.52,BR,10.0,0.002,0.1914416720085776,0.8428626170553658,0.8333333333333333,0.9909213468918113
jittered_zero,11,52.89373578635762,0.05,0.55,BR,10.0,0.002,0.4140179405577789,0.8273199385746755,0.6666666666666665,0.9914836389673077
known_zero,12,56.44624769706339,-0.05,0.45,BR,10.0,0.002,0.4159794497898686,0.8887822788341435,0.6666666666666666,0.9895407407853105
known_zero,12,56.44624769706339,-0.02,0.48,BR,10.0,0.002,0.1921696913614146,0.9538221127154456,0.8333333333333333,0.9902001995106103
known_zero,12,56.44624769706339,-0.01,0.49,BR,10.0,0.002,0.1049455886989445,0.9766186212612601,0.9090909090909091,0.9904108629203604
known_zero,12,56.44624769706339,-0.005,0.495,BR,10.0,0.002,0.0583209074377345,0.9882351681831587,0.9523809523809523,0.9905145303188009
known_zero,12,56.44624769706339,-0.002,0.498,BR,10.0,0.002,0.029271107471412865,0.9952761388318061,0.9803921568627451,0.9905762047372185
known_zero,12,56.44624769706339,0.0,0.5,BR,10.0,0.002,0.009427193334294202,0.9999999999999922,1.0,0.9906171033437224
known_zero,12,56.44624769706339,0.002,0.502,BR,10.0,0.002,0.02918871042969115,0.995296737540615,0.9803921568627451,0.9906578286488271
known_zero,12,56.44624769706339,0.005,0.505,BR,10.0,0.002,0.05811491157931895,0.9883621097251136,0.9523809523809523,0.9907185932270826
known_zero,12,56.44624769706339,0.01,0.51,BR,10.0,0.002,0.1045335737379997,0.9771147227681751,0.9090909090909091,0.9908190110891684
known_zero,12,56.44624769706339,0.02,0.52,BR,10.0,0.002,0.19134547547204483,0.955717978562379,0.8333333333333333,0.9910166746783867
known_zero,12,56.44624769706339,0.05,0.55,BR,10.0,0.002,0.41391565400361674,0.8991787325976981,0.6666666666666665,0.991585059599141
jittered_zero,12,56.3502752964221,-0.05,0.45,BR,10.0,0.002,0.41623250985754395,0.7850686166470304,0.6666666666666666,0.9892903592206037
jittered_zero,12,56.3502752964221,-0.02,0.48,BR,10.0,0.002,0.19241545600670315,0.8065205182705973,0.8333333333333333,0.9899568732115382
jittered_zero,12,56.3502752964221,-0.01,0.49,BR,10.0,0.002,0.105188982594068,0.8106805162459528,0.9090909090909091,0.9901698322965424
jittered_zero,12,56.3502752964221,-0.005,0.495,BR,10.0,0.002,0.05856312722149598,0.8121406606611736,0.9523809523809523,0.9902746371580619
jittered_zero,12,56.3502752964221,-0.002,0.498,BR,10.0,0.002,0.02951262636914518,0.8128159997041158,0.9803921568627451,0.990336990752642
jittered_zero,12,56.3502752964221,0.0,0.5,BR,10.0,0.002,0.009668246461206868,0.8131826273672432,1.0,0.9903783407717764
jittered_zero,12,56.3502752964221,0.002,0.502,BR,10.0,0.002,0.02942929897195391,0.8134826088370468,0.9803921568627451,0.9904195163946995
jittered_zero,12,56.3502752964221,0.005,0.505,BR,10.0,0.002,0.05835480546294406,0.8138083762201476,0.9523809523809523,0.9904809544013635
jittered_zero,12,56.3502752964221,0.01,0.51,BR,10.0,0.002,0.10477231575096832,0.8140244258899644,0.9090909090909091,0.9905824891989526
jittered_zero,12,56.3502752964221,0.02,0.52,BR,10.0,0.002,0.19158193569800405,0.8132749162898448,0.8333333333333333,0.990782366354954
jittered_zero,12,56.3502752964221,0.05,0.55,BR,10.0,0.002,0.41414544156400585,0.8029978109292834,0.6666666666666665,0.9913572318643694
known_zero,13,59.34704400260235,-0.05,0.45,BR,10.0,0.002,0.4116823906198569,0.9313798731833699,0.6666666666666666,0.9938020047944821
known_zero,13,59.34704400260235,-0.02,0.48,BR,10.0,0.002,0.18812884674143102,0.9723158357867623,0.8333333333333333,0.9942095397644946
known_zero,13,59.34704400260235,-0.01,0.49,BR,10.0,0.002,0.10098800103919392,0.9861196599056187,0.9090909090909091,0.9943382671266724
known_zero,13,59.34704400260235,-0.005,0.495,BR,10.0,0.002,0.054404550457150765,0.9930503671811559,0.9523809523809523,0.9944013449227941
known_zero,13,59.34704400260235,-0.002,0.498,BR,10.0,0.002,0.025379362226220524,0.9972178887748789,0.9803921568627451,0.9944387861883899
known_zero,13,59.34704400260235,0.0,0.5,BR,10.0,0.002,0.0055518032764600685,0.9999999999999991,1.0,0.994463579500802
known_zero,13,59.34704400260235,0.002,0.502,BR,10.0,0.002,0.0253296335305257,0.9972303207680839,0.9803921568627451,0.9944882395617911
known_zero,13,59.34704400260235,0.005,0.505,BR,10.0,0.002,0.0542802257645541,0.9931274250048159,0.9523809523809523,0.9945249812496844
known_zero,13,59.34704400260235,0.01,0.51,BR,10.0,0.002,0.10073933055805528,0.9864236870138987,0.9090909090909091,0.9945855604479739
known_zero,13,59.34704400260235,0.02,0.52,BR,10.0,0.002,0.18763133699541554,0.9734994144322938,0.8333333333333333,0.9947042917618748
known_zero,13,59.34704400260235,0.05,0.55,BR,10.0,0.002,0.4104356607276882,0.9382172314282038,0.6666666666666665,0.9950417801326592
jittered_zero,13,59.15154964820637,-0.05,0.45,BR,10.0,0.002,0.41246796862647733,0.7602554311935755,0.6666666666666666,0.9930216023702042
jittered_zero,13,59.15154964820637,-0.02,0.48,BR,10.0,0.002,0.18888756395902312,0.7711591674568076,0.8333333333333333,0.9934555019556862
jittered_zero,13,59.15154964820637,-0.01,0.49,BR,10.0,0.002,0.1017377470526371,0.7738317861927153,0.9090909090909091,0.9935930453733074
jittered_zero,13,59.15154964820637,-0.005,0.495,BR,10.0,0.002,0.05514980806218537,0.7749864419840258,0.9523809523809523,0.9936605358391224
jittered_zero,13,59.15154964820637,-0.002,0.498,BR,10.0,0.002,0.02612192595510291,0.7756213843555679,0.9803921568627451,0.9937006261145388
jittered_zero,13,59.15154964820637,0.0,0.5,BR,10.0,0.002,0.00629257075746148,0.7760206822949537,1.0,0.9937271860019192
jittered_zero,13,59.15154964820637,0.002,0.502,BR,10.0,0.002,0.026068604508286665,0.7764008573490988,0.9803921568627451,0.9937536130822838
jittered_zero,13,59.15154964820637,0.005,0.505,BR,10.0,0.002,0.05501650152571991,0.7769354268279047,0.9523809523809523,0.9937930061129582
jittered_zero,13,59.15154964820637,0.01,0.51,BR,10.0,0.002,0.10147111312617216,0.7777319127931448,0.9090909090909091,0.9938580063105216
jittered_zero,13,59.15154964820637,0.02,0.52,BR,10.0,0.002,0.18835412926230455,0.7789765889188192,0.8333333333333333,0.993985586960373
jittered_zero,13,59.15154964820637,0.05,0.55,BR,10.0,0.002,0.41113146037986215,0.7800900310964807,0.6666666666666665,0.9943496712206368
known_zero,14,60.83177852460981,-0.05,0.45,BR,10.0,0.002,0.41285971789685266,0.9194449023970488,0.6666666666666666,0.9926326630703259
known_zero,14,60.83177852460981,-0.02,0.48,BR,10.0,0.002,0.18922320881643037,0.9672608514592009,0.8333333333333333,0.993122109679223
known_zero,14,60.83177852460981,-0.01,0.49,BR,10.0,0.002,0.10205630375350902,0.9835444235179921,0.9090909090909091,0.993276580059513
known_zero,14,60.83177852460981,-0.005,0.495,BR,10.0,0.002,0.05546011451474986,0.9917507292523605,0.9523809523809523,0.993352244398078
known_zero,14,60.83177852460981,-0.002,0.498,BR,10.0,0.002,0.026427375186168833,0.996695138248614,0.9803921568627451,0.9933971473734157
known_zero,14,60.83177852460981,0.0,0.5,BR,10.0,0.002,0.006594820307445252,0.9999999999999998,1.0,0.9934268777934399
known_zero,14,60.83177852460981,0.002,0.502,BR,10.0,0.002,0.02636768500898017,0.9967100605316151,0.9803921568627451,0.9934564451948923
known_zero,14,60.83177852460981,0.005,0.505,BR,10.0,0.002,0.055310885622303796,0.9918430787860659,0.9523809523809523,0.9935004923144796
known_zero,14,60.83177852460981,0.01,0.51,BR,10.0,0.002,0.10175782132888975,0.9839078493851495,0.9090909090909091,0.9935730999122279
known_zero,14,60.83177852460981,0.02,0.52,BR,10.0,0.002,0.18862604682975723,0.9686685807601674,0.8333333333333333,0.9937153415613843
known_zero,14,60.83177852460981,0.05,0.55,BR,10.0,0.002,0.41136336082875385,0.9274619107359323,0.6666666666666665,0.9941191078204364
jittered_zero,14,60.9099302516158,-0.05,0.45,BR,10.0,0.002,0.41353231635696697,0.8545696009353605,0.6666666666666666,0.9919652443472488
jittered_zero,14,60.9099302516158,-0.02,0.48,BR,10.0,0.002,0.1898728664627121,0.8749537061923021,0.8333333333333333,0.9924771298377054
jittered_zero,14,60.9099302516158,-0.01,0.49,BR,10.0,0.002,0.10269841027455437,0.8787386378283986,0.9090909090909091,0.9926389954107913
jittered_zero,14,60.9099302516158,-0.005,0.495,BR,10.0,0.002,0.0560984624602511,0.879988362431864,0.9523809523809523,0.9927183423802578
jittered_zero,14,60.9099302516158,-0.002,0.498,BR,10.0,0.002,0.02706347330222362,0.8805289881425996,0.9803921568627451,0.992765450251451
jittered_zero,14,60.9099302516158,0.0,0.5,BR,10.0,0.002,0.007229420724904039,0.8808022473061649,1.0,0.9927966486750579
jittered_zero,14,60.9099302516158,0.002,0.502,BR,10.0,0.002,0.027000789462925424,0.8810060773232361,0.9803921568627451,0.9928276825518548
jittered_zero,14,60.9099302516158,0.005,0.505,BR,10.0,0.002,0.05594174935627397,0.8811826519933709,0.9523809523809523,0.9928739265437876
jittered_zero,14,60.9099302516158,0.01,0.51,BR,10.0,0.002,0.10238495902506937,0.8811383415141988,0.9090909090909091,0.9929501881135134
jittered_zero,14,60.9099302516158,0.02,0.52,BR,10.0,0.002,0.1892457636130941,0.8798401303126614,0.8333333333333333,0.993099710264585
jittered_zero,14,60.9099302516158,0.05,0.55,BR,10.0,0.002,0.4119610510354692,0.8681243736215071,0.6666666666666665,0.9935251100963772
known_zero,15,65.1125440480816,-0.05,0.45,BR,10.0,0.002,0.4157021354525917,0.8917808784600535,0.6666666666666666,0.989815192673013
known_zero,15,65.1125440480816,-0.02,0.48,BR,10.0,0.002,0.19186568031178744,0.9552532630662139,0.8333333333333333,0.9905012770757393
known_zero,15,65.1125440480816,-0.01,0.49,BR,10.0,0.002,0.10463435507667765,0.9773762675514717,0.9090909090909091,0.9907191600544881
known_zero,15,65.1125440480816,-0.005,0.495,BR,10.0,0.002,0.05800636137572095,0.9886248521752836,0.9523809523809523,0.9908261417691883
known_zero,15,65.1125440480816,-0.002,0.498,BR,10.0,0.002,0.028954667661410423,0.995434663983768,0.9803921568627451,0.9908897120837253
known_zero,15,65.1125440480816,0.0,0.5,BR,10.0,0.002,0.0091095296366693,0.9999999999999905,1.0,0.9909318364226916
known_zero,15,65.1125440480816,0.002,0.502,BR,10.0,0.002,0.02886985349043235,0.9954558669664167,0.9803921568627451,0.9909737571372419
known_zero,15,65.1125440480816,0.005,0.505,BR,10.0,0.002,0.057794321786629244,0.9887555797071281,0.9523809523809523,0.9910362584128867
known_zero,15,65.1125440480816,0.01,0.51,BR,10.0,0.002,0.10421024617174916,0.9778875642158888,0.9090909090909091,0.9911394219846651
known_zero,15,65.1125440480816,0.02,0.52,BR,10.0,0.002,0.1910172246661287,0.9572101725187306,0.8333333333333333,0.9913420300966943
known_zero,15,65.1125440480816,0.05,0.55,BR,10.0,0.002,0.41357683176558496,0.9025578480199006,0.6666666666666665,0.9919210875918972
jittered_zero,15,65.052123106459,-0.05,0.45,BR,10.0,0.002,0.41614828172521273,0.8371081029583065,0.6666666666666666,0.9893736888091927
jittered_zero,15,65.052123106459,-0.02,0.48,BR,10.0,0.002,0.1922969678432978,0.8677581442299351,0.8333333333333333,0.9900741783327927
jittered_zero,15,65.052123106459,-0.01,0.49,BR,10.0,0.002,0.10506079743303443,0.8734169578512866,0.9090909090909091,0.9902967655112496
jittered_zero,15,65.052123106459,-0.005,0.495,BR,10.0,0.002,0.058430400851628435,0.875171128306141,0.9523809523809523,0.990406081438692
jittered_zero,15,65.052123106459,-0.002,0.498,BR,10.0,0.002,0.029377271652357085,0.8758660106570229,0.9803921568627451,0.9904710466078918
jittered_zero,15,65.052123106459,0.0,0.5,BR,10.0,0.002,0.009531179224469345,0.8761794312527138,1.0,0.9905140984980265
jittered_zero,15,65.052123106459,0.002,0.502,BR,10.0,0.002,0.029290550736407954,0.8763733634005522,0.9803921568627451,0.9905569448888097
jittered_zero,15,65.052123106459,0.005,0.505,BR,10.0,0.002,0.058213594369599185,0.8764422524021949,0.9523809523809523,0.9906208311757156
jittered_zero,15,65.052123106459,0.01,0.51,BR,10.0,0.002,0.10462715452430735,0.8759785993027983,0.9090909090909091,0.9907262938053678
jittered_zero,15,65.052123106459,0.02,0.52,BR,10.0,0.002,0.19142944244676516,0.8730308325670698,0.8333333333333333,0.9909334654997769
jittered_zero,15,65.052123106459,0.05,0.55,BR,10.0,0.002,0.4139752731660617,0.8524228411587242,0.6666666666666665,0.9915259438906268
known_zero,16,67.07981052949417,-0.05,0.45,BR,10.0,0.002,0.41346804551911415,0.9135015955822378,0.6666666666666666,0.9920290008334434
known_zero,16,67.07981052949417,-0.02,0.48,BR,10.0,0.002,0.18977467496968792,0.9647567013840603,0.8333333333333333,0.9925745874335518
known_zero,16,67.07981052949417,-0.01,0.49,BR,10.0,0.002,0.10258907687632204,0.9822712143319539,0.9090909090909091,0.9927475299384938
known_zero,16,67.07981052949417,-0.005,0.495,BR,10.0,0.002,0.05598358553587225,0.991108846160548,0.9523809523809523,0.9928323893607628
known_zero,16,67.07981052949417,-0.002,0.498,BR,10.0,0.002,0.026945278630750472,0.9964371190644601,0.9803921568627451,0.9928827967724236
known_zero,16,67.07981052949417,0.0,0.5,BR,10.0,0.002,0.007109017618415635,0.9999999999999893,1.0,0.9929161916721995
known_zero,16,67.07981052949417,0.002,0.502,BR,10.0,0.002,0.026878180589121264,0.9964538932568515,0.9803921568627451,0.9929494194987567
known_zero,16,67.07981052949417,0.005,0.505,BR,10.0,0.002,0.055815836742805804,0.9912125769202448,0.9523809523809523,0.9929989497655584
known_zero,16,67.07981052949417,0.01,0.51,BR,10.0,0.002,0.10225355293953385,0.9826789135167552,0.9090909090909091,0.993080676384154
known_zero,16,67.07981052949417,0.02,0.52,BR,10.0,0.002,0.18910341626900534,0.9663320277365348,0.8333333333333333,0.9932410854327077
known_zero,16,67.07981052949417,0.05,0.55,BR,10.0,0.002,0.41178620684355954,0.922410554048562,0.6666666666666665,0.9936988373785547
jittered_zero,16,66.84925636772533,-0.05,0.45,BR,10.0,0.002,0.41305925800147464,0.699490268917257,0.6666666666666666,0.992434612805028
jittered_zero,16,66.84925636772533,-0.02,0.48,BR,10.0,0.002,0.1893775262893492,0.7110006852747044,0.8333333333333333,0.9929688654093957
jittered_zero,16,66.84925636772533,-0.01,0.49,BR,10.0,0.002,0.10219580993653807,0.7140176136415931,0.9090909090909091,0.9931380215002492
jittered_zero,16,66.84925636772533,-0.005,0.495,BR,10.0,0.002,0.05559225980284265,0.7153715996711396,0.9523809523809523,0.993220986252328
jittered_zero,16,66.84925636772533,-0.002,0.498,BR,10.0,0.002,0.02655511772096754,0.7161347608447856,0.9803921568627451,0.9932702564086076
jittered_zero,16,66.84925636772533,0.0,0.5,BR,10.0,0.002,0.006719633296785043,0.7166230980284823,1.0,0.9933028929527521
jittered_zero,16,66.84925636772533,0.002,0.502,BR,10.0,0.002,0.026489572885958892,0.7170951376827348,0.9803921568627451,0.9933353622773363
jittered_zero,16,66.84925636772533,0.005,0.505,BR,10.0,0.002,0.05542839402202189,0.7177727516513346,0.9523809523809523,0.9933837545204784
jittered_zero,16,66.84925636772533,0.01,0.51,BR,10.0,0.002,0.10186805199348369,0.7188214150533413,0.9090909090909091,0.9934635837252337
jittered_zero,16,66.84925636772533,0.02,0.52,BR,10.0,0.002,0.18872179932999913,0.7206202139103601,0.8333333333333333,0.9936201953882157
jittered_zero,16,66.84925636772533,0.05,0.55,BR,10.0,0.002,0.4114162443636582,0.7237419353429169,0.6666666666666665,0.9940665366779851
known_zero,17,69.54640171117398,-0.05,0.45,BR,10.0,0.002,0.41528034221269455,0.8959274400526698,0.6666666666666666,0.9902327780911926
known_zero,17,69.54640171117398,-0.02,0.48,BR,10.0,0.002,0.19145594724971995,0.9571257512283787,0.8333333333333333,0.990907201351597
known_zero,17,69.54640171117398,-0.01,0.49,BR,10.0,0.002,0.10422841325222607,0.9783509795234915,0.9090909090909091,0.9911214160385803
known_zero,17,69.54640171117398,-0.005,0.495,BR,10.0,0.002,0.05760227059233755,0.989122104686965,0.9523809523809523,0.9912266063875943
known_zero,17,69.54640171117398,-0.002,0.498,BR,10.0,0.002,0.028551673042664795,0.9956359767268169,0.9803921568627451,0.9912891157788304
known_zero,17,69.54640171117398,0.0,0.5,BR,10.0,0.002,0.008707259725965703,0.9999999999999876,1.0,0.9913305386716256
known_zero,17,69.54640171117398,0.002,0.502,BR,10.0,0.002,0.028468303409361836,0.9956568186176615,0.9803921568627451,0.9913717626339813
known_zero,17,69.54640171117398,0.005,0.505,BR,10.0,0.002,0.05739384225946783,0.9892506829897988,0.9523809523809523,0.9914332276287724
known_zero,17,69.54640171117398,0.01,0.51,BR,10.0,0.002,0.10381152623133677,0.9788543646747737,0.9090909090909091,0.9915346878308904
known_zero,17,69.54640171117398,0.02,0.52,BR,10.0,0.002,0.1906219303424987,0.9590560542942462,0.8333333333333333,0.9917339794365386
known_zero,17,69.54640171117398,0.05,0.55,BR,10.0,0.002,0.4131910470834609,0.9066140990210061,0.6666666666666665,0.9923038293765784
jittered_zero,17,69.48486026670199,-0.05,0.45,BR,10.0,0.002,0.4151705708793035,0.8453408590639157,0.6666666666666666,0.9903414832298562
jittered_zero,17,69.48486026670199,-0.02,0.48,BR,10.0,0.002,0.19135039758185401,0.8741699292624517,0.8333333333333333,0.991011796797496
jittered_zero,17,69.48486026670199,-0.01,0.49,BR,10.0,0.002,0.10412421405986433,0.8794896521295295,0.9090909090909091,0.9912246954703873
jittered_zero,17,69.48486026670199,-0.005,0.495,BR,10.0,0.002,0.057498736365762686,0.8811509279208914,0.9523809523809523,0.9913292375804761
jittered_zero,17,69.48486026670199,-0.002,0.498,BR,10.0,0.002,0.028448534554479835,0.8818166179632105,0.9803921568627451,0.99139136111221
jittered_zero,17,69.48486026670199,0.0,0.5,BR,10.0,0.002,0.00860438372344944,0.8821218428502057,1.0,0.9914325280406558
jittered_zero,17,69.48486026670199,0.002,0.502,BR,10.0,0.002,0.028365688826433852,0.8823166083821772,0.9803921568627451,0.9914734970535589
jittered_zero,17,69.48486026670199,0.005,0.505,BR,10.0,0.002,0.057291617817948504,0.8824035512627676,0.9523809523809523,0.9915345815171046
jittered_zero,17,69.48486026670199,0.01,0.51,BR,10.0,0.002,0.10370994676561146,0.8820136306958712,0.9090909090909091,0.9916354125104214
jittered_zero,17,69.48486026670199,0.02,0.52,BR,10.0,0.002,0.19052162138020123,0.8793624856073476,0.8333333333333333,0.991833464232416
jittered_zero,17,69.48486026670199,0.05,0.55,BR,10.0,0.002,0.41309439943971943,0.8604073605141306,0.6666666666666665,0.992399737838152
known_zero,18,72.0671576744819,-0.05,0.45,BR,10.0,0.002,0.4187703732957816,0.8638303979012387,0.6666666666666666,0.9867828585810802
known_zero,18,72.0671576744819,-0.02,0.48,BR,10.0,0.002,0.19469545252250323,0.9427200612025461,0.8333333333333333,0.9877023461234322
known_zero,18,72.0671576744819,-0.01,0.49,BR,10.0,0.002,0.10738790284445154,0.9708645126160571,0.9090909090909091,0.9879949199067866
known_zero,18,72.0671576744819,-0.005,0.495,BR,10.0,0.002,0.0607223881306278,0.9853057073263565,0.9523809523809523,0.9881386827160955
known_zero,18,72.0671576744819,-0.002,0.498,BR,10.0,0.002,0.03164836840530379,0.9940915611019829,0.9803921568627451,0.9882241434630402
known_zero,18,72.0671576744819,0.0,0.5,BR,10.0,0.002,0.011788423529268913,0.999999999999992,1.0,0.9882807877026575
known_zero,18,72.0671576744819,0.002,0.502,BR,10.0,0.002,0.03153400192705298,0.994120151572288,0.9803921568627451,0.9883371696411304
known_zero,18,72.0671576744819,0.005,0.505,BR,10.0,0.002,0.06043646654124728,0.9854812811139444,0.9523809523809523,0.9884212532933756
known_zero,18,72.0671576744819,0.01,0.51,BR,10.0,0.002,0.10681602113798681,0.9715467535834486,0.9090909090909091,0.9885600977195845
known_zero,18,72.0671576744819,0.02,0.52,BR,10.0,0.002,0.19355138086006377,0.9452986847244588,0.8333333333333333,0.9888329950369237
known_zero,18,72.0671576744819,0.05,0.55,BR,10.0,0.002,0.41590479664974156,0.8775532009094661,0.6666666666666665,0.9896146158663631
jittered_zero,18,72.05684870358684,-0.05,0.45,BR,10.0,0.002,0.4187254267133253,0.8615820674022293,0.6666666666666666,0.9868272120949618
jittered_zero,18,72.05684870358684,-0.02,0.48,BR,10.0,0.002,0.19465218530495002,0.9361263258589799,0.8333333333333333,0.9877450821802483
jittered_zero,18,72.05684870358684,-0.01,0.49,BR,10.0,0.002,0.10734517754150937,0.9587524623182118,0.9090909090909091,0.9880371331908262
jittered_zero,18,72.05684870358684,-0.005,0.495,BR,10.0,0.002,0.060679930509498194,0.9670135262598314,0.9523809523809523,0.9881806376245563
jittered_zero,18,72.05684870358684,-0.002,0.498,BR,10.0,0.002,0.03160607035464039,0.969790905718805,0.9803921568627451,0.988265944301968
jittered_zero,18,72.05684870358684,0.0,0.5,BR,10.0,0.002,0.01174623142834896,0.9703976309349618,1.0,0.9883224862250575
jittered_zero,18,72.05684870358684,0.002,0.502,BR,10.0,0.002,0.03149191543264475,0.9699335203035958,0.9803921568627451,0.9883787661632137
jittered_zero,18,72.05684870358684,0.005,0.505,BR,10.0,0.002,0.060394537815328705,0.9674004090932435,0.9523809523809523,0.9884626974060404
jittered_zero,18,72.05684870358684,0.01,0.51,BR,10.0,0.002,0.10677435365813612,0.9597064946796419,0.9090909090909091,0.988601289385708
jittered_zero,18,72.05684870358684,0.02,0.52,BR,10.0,0.002,0.19351022955005195,0.9389824089961498,0.8333333333333333,0.9888736876473238
jittered_zero,18,72.05684870358684,0.05,0.55,BR,10.0,0.002,0.4158651444109114,0.8754980150094752,0.6666666666666665,0.9896538570794572
known_zero,19,75.70469069908393,-0.05,0.45,BR,10.0,0.002,0.41350529940695574,0.9134230149815012,0.6666666666666666,0.9919920445846969
known_zero,19,75.70469069908393,-0.02,0.48,BR,10.0,0.002,0.18977696015794188,0.9647911030237043,0.8333333333333333,0.992572319216355
known_zero,19,75.70469069908393,-0.01,0.49,BR,10.0,0.002,0.1025817445261064,0.9822998296554167,0.9090909090909091,0.9927548091377458
known_zero,19,75.70469069908393,-0.005,0.495,BR,10.0,0.002,0.05597180965494925,0.9911260463446018,0.9523809523809523,0.9928440809055954
known_zero,19,75.70469069908393,-0.002,0.498,BR,10.0,0.002,0.026930951384994656,0.9964446981812721,0.9803921568627451,0.9928970221501647
known_zero,19,75.70469069908393,0.0,0.5,BR,10.0,0.002,0.007093036790503059,0.9999999999999876,1.0,0.9929320594217798
known_zero,19,75.70469069908393,0.002,0.502,BR,10.0,0.002,0.026860583770612158,0.9964622897281118,0.9803921568627451,0.9929668924032137
known_zero,19,75.70469069908393,0.005,0.505,BR,10.0,0.002,0.05579588591774721,0.9912348344345029,0.9523809523809523,0.9930187611115142
known_zero,19,75.70469069908393,0.01,0.51,BR,10.0,0.002,0.1022298634703483,0.9827274262286816,0.9090909090909091,0.9931042022168921
known_zero,19,75.70469069908393,0.02,0.52,BR,10.0,0.002,0.18907292936351544,0.966443489018607,0.8333333333333333,0.9932713667413974
known_zero,19,75.70469069908393,0.05,0.55,BR,10.0,0.002,0.41174051687766644,0.9227714850638853,0.6666666666666665,0.9937442404817678
jittered_zero,19,75.57080854589069,-0.05,0.45,BR,10.0,0.002,0.4147403510669881,0.774120627009389,0.6666666666666666,0.9907676394207451
jittered_zero,19,75.57080854589069,-0.02,0.48,BR,10.0,0.002,0.19096630446518587,0.7898504415205989,0.8333333333333333,0.9913925107173007
jittered_zero,19,75.57080854589069,-0.01,0.49,BR,10.0,0.002,0.10375608615085409,0.7932814020500234,0.9090909090909091,0.9915896601176051
jittered_zero,19,75.57080854589069,-0.005,0.495,BR,10.0,0.002,0.05713869181071686,0.7946439551974286,0.9523809523809523,0.9916862245364735
jittered_zero,19,75.57080854589069,-0.002,0.498,BR,10.0,0.002,0.028093371031700523,0.7953485890298099,0.9803921568627451,0.9917435296954914
jittered_zero,19,75.57080854589069,0.0,0.5,BR,10.0,0.002,0.008252486867957898,0.7957714909340671,1.0,0.9917814714221442
jittered_zero,19,75.57080854589069,0.002,0.502,BR,10.0,0.002,0.02801706859958991,0.7961570740707674,0.9803921568627451,0.9918192050259064
jittered_zero,19,75.57080854589069,0.005,0.505,BR,10.0,0.002,0.05694793092217877,0.7966658767283534,0.9523809523809523,0.991875417526555
jittered_zero,19,75.57080854589069,0.01,0.51,BR,10.0,0.002,0.10337453002809846,0.7973302957138254,0.9090909090909091,0.9919680794131931
jittered_zero,19,75.57080854589069,0.02,0.52,BR,10.0,0.002,0.19020291742442139,0.7979882271221866,0.8333333333333333,0.9921496158576528
jittered_zero,19,75.57080854589069,0.05,0.55,BR,10.0,0.002,0.4128270712082985,0.7951228159493422,0.6666666666666665,0.9926650697687089
known_zero,20,77.1448400688748,-0.05,0.45,BR,10.0,0.002,0.41206161478345543,0.9279207351779472,0.6666666666666666,0.993425202511212
known_zero,20,77.1448400688748,-0.02,0.48,BR,10.0,0.002,0.18843432453403852,0.9709714208029193,0.8333333333333333,0.9939058772123421
known_zero,20,77.1448400688748,-0.01,0.49,BR,10.0,0.002,0.10127098342110777,0.9854546977672675,0.9090909090909091,0.9940569267244785
known_zero,20,77.1448400688748,-0.005,0.495,BR,10.0,0.002,0.05467665418591476,0.9927197626399495,0.9523809523809523,0.9941308014185698
known_zero,20,77.1448400688748,-0.002,0.498,BR,10.0,0.002,0.02564505413275031,0.9970861056151709,0.9803921568627451,0.9941746069480571
known_zero,20,77.1448400688748,0.0,0.5,BR,10.0,0.002,0.005813268085070989,0.9999999999999913,1.0,0.9942035962610322
known_zero,20,77.1448400688748,0.002,0.502,BR,10.0,0.002,0.025586908857539843,0.9971006416895268,0.9803921568627451,0.9942324151848071
known_zero,20,77.1448400688748,0.005,0.505,BR,10.0,0.002,0.054531286760576815,0.9928098273494622,0.9523809523809523,0.9942753261579614
known_zero,20,77.1448400688748,0.01,0.51,BR,10.0,0.002,0.10098021830295645,0.9858098173782002,0.9090909090909091,0.9943460058292504
known_zero,20,77.1448400688748,0.02,0.52,BR,10.0,0.002,0.18785255212786345,0.9723522077397264,0.8333333333333333,0.9944842724569231
known_zero,20,77.1448400688748,0.05,0.55,BR,10.0,0.002,0.4106029424268284,0.935870337941687,0.6666666666666665,0.9948753417743968
jittered_zero,20,77.11252035437101,-0.05,0.45,BR,10.0,0.002,0.41193739537579555,0.9161354634705796,0.6666666666666666,0.9935486128662444
jittered_zero,20,77.11252035437101,-0.02,0.48,BR,10.0,0.002,0.18831441219694595,0.9467643448860226,0.8333333333333333,0.9940250659348852
jittered_zero,20,77.11252035437101,-0.01,0.49,BR,10.0,0.002,0.10115250958543227,0.9529066801674676,0.9090909090909091,0.9941747034380592
jittered_zero,20,77.11252035437101,-0.005,0.495,BR,10.0,0.002,0.05455890017836909,0.9546776914093418,0.9523809523809523,0.994247871197044
jittered_zero,20,77.11252035437101,-0.002,0.498,BR,10.0,0.002,0.025527732211934117,0.9552661577813777,0.9803921568627451,0.9942912522649636
jittered_zero,20,77.11252035437101,0.0,0.5,BR,10.0,0.002,0.005696234302218106,0.9554546654086858,1.0,0.994319958477851
jittered_zero,20,77.11252035437101,0.002,0.502,BR,10.0,0.002,0.02547016327730007,0.9554799637016661,0.9803921568627451,0.9943484942007353
jittered_zero,20,77.11252035437101,0.005,0.505,BR,10.0,0.002,0.0544149736064062,0.9552170592133653,0.9523809523809523,0.9943909801831728
jittered_zero,20,77.11252035437101,0.01,0.51,BR,10.0,0.002,0.1008646261878363,0.9540191891244053,0.9090909090909091,0.994460951030477
jittered_zero,20,77.11252035437101,0.02,0.52,BR,10.0,0.002,0.18773840334211173,0.9492359740254901,0.8333333333333333,0.9945977981083577
jittered_zero,20,77.11252035437101,0.05,0.55,BR,10.0,0.002,0.41049313380303554,0.9252787475843405,0.6666666666666665,0.9949845936648127
known_zero,21,79.33737502024937,-0.05,0.45,BR,10.0,0.002,0.4173729489536291,0.8767171934658207,0.6666666666666666,0.9881627769092545
known_zero,21,79.33737502024937,-0.02,0.48,BR,10.0,0.002,0.19336110075315927,0.9486600827812629,0.8333333333333333,0.989021168187166
known_zero,21,79.33737502024937,-0.01,0.49,BR,10.0,0.002,0.10607465702919647,0.9739790276146756,0.9090909090909091,0.989293252429131
known_zero,21,79.33737502024937,-0.005,0.495,BR,10.0,0.002,0.059419704948077995,0.9869004763294486,0.9523809523809523,0.9894267531517924
known_zero,21,79.33737502024937,-0.002,0.498,BR,10.0,0.002,0.03035202520755971,0.994738654786382,0.9803921568627451,0.9895060518263386
known_zero,21,79.33737502024937,0.0,0.5,BR,10.0,0.002,0.010496307835629859,0.9999999999999993,1.0,0.9895585861721188
known_zero,21,79.33737502024937,0.002,0.502,BR,10.0,0.002,0.030246114330288502,0.9947651316115381,0.9803921568627451,0.9896108568302497
known_zero,21,79.33737502024937,0.005,0.505,BR,10.0,0.002,0.0591549220433152,0.9870633832785585,0.9523809523809523,0.9896887711289519
known_zero,21,79.33737502024937,0.01,0.51,BR,10.0,0.002,0.10554505042154813,0.9746140378635135,0.9090909090909091,0.989817327437064
known_zero,21,79.33737502024937,0.02,0.52,BR,10.0,0.002,0.19230156111890478,0.9510747249687608,0.8333333333333333,0.9900696306596646
known_zero,21,79.33737502024937,0.05,0.55,BR,10.0,0.002,0.4147183837304264,0.8897798947160479,0.6666666666666665,0.9907894041859909
jittered_zero,21,79.30009662629865,-0.05,0.45,BR,10.0,0.002,0.41708988947667613,0.8524451171846404,0.6666666666666666,0.9884425253388853
jittered_zero,21,79.30009662629865,-0.02,0.48,BR,10.0,0.002,0.1930887524677585,0.8984976092446254,0.8333333333333333,0.9892905630895018
jittered_zero,21,79.30009662629865,-0.01,0.49,BR,10.0,0.002,0.10580575836879434,0.9076385002753427,0.9090909090909091,0.9895593078288215
jittered_zero,21,79.30009662629865,-0.005,0.495,BR,10.0,0.002,0.05915250910876149,0.9103016181341912,0.9523809523809523,0.9896911591860663
jittered_zero,21,79.30009662629865,-0.002,0.498,BR,10.0,0.002,0.03008584410618616,0.9112189266099167,0.9803921568627451,0.989769474694569
jittered_zero,21,79.30009662629865,0.0,0.5,BR,10.0,0.002,0.010230800347428428,0.9115398565396282,1.0,0.9898213562689323
jittered_zero,21,79.30009662629865,0.002,0.502,BR,10.0,0.002,0.029981278162836043,0.9116282875903734,0.9803921568627451,0.9898729762846661
jittered_zero,21,79.30009662629865,0.005,0.505,BR,10.0,0.002,0.058891088578530516,0.9113313401284697,0.9523809523809523,0.9899499185947032
jittered_zero,21,79.30009662629865,0.01,0.51,BR,10.0,0.002,0.10528287679399732,0.9097420574283904,0.9090909090909091,0.9900768654569365
jittered_zero,21,79.30009662629865,0.02,0.52,BR,10.0,0.002,0.19204266516961865,0.9030295344160089,0.8333333333333333,0.9903259888601718
jittered_zero,21,79.30009662629865,0.05,0.55,BR,10.0,0.002,0.41446899483815697,0.867688802250248,0.6666666666666665,0.991036526871519
known_zero,22,82.91038085408603,-0.05,0.45,BR,10.0,0.002,0.4173522645491814,0.8770397155105616,0.6666666666666666,0.9881832166791837
known_zero,22,82.91038085408603,-0.02,0.48,BR,10.0,0.002,0.19332532492652463,0.9488413401979456,0.8333333333333333,0.9890565518699536
known_zero,22,82.91038085408603,-0.01,0.49,BR,10.0,0.002,0.10603476146143644,0.9740791881969744,0.9090909090909091,0.9893327216324358
known_zero,22,82.91038085408603,-0.005,0.495,BR,10.0,0.002,0.05937791024743715,0.986953020549209,0.9523809523809523,0.9894681068109223
known_zero,22,82.91038085408603,-0.002,0.498,BR,10.0,0.002,0.030309141222654032,0.9947602743751492,0.9803921568627451,0.9895484866988109
known_zero,22,82.91038085408603,0.0,0.5,BR,10.0,0.002,0.010452718292807433,0.9999999999999956,1.0,0.9896017215186043
known_zero,22,82.91038085408603,0.002,0.502,BR,10.0,0.002,0.030201835577565877,0.9947870998715631,0.9803921568627451,0.9896546765348048
known_zero,22,82.91038085408603,0.005,0.505,BR,10.0,0.002,0.05910963983546488,0.987118083673645,0.9523809523809523,0.9897335874362764
known_zero,22,82.91038085408603,0.01,0.51,BR,10.0,0.002,0.10549817564158903,0.9747226734601181,0.9090909090909091,0.9898637259939399
known_zero,22,82.91038085408603,0.02,0.52,BR,10.0,0.002,0.19225179328061107,0.9512887373342473,0.8333333333333333,0.9901189055110841
known_zero,22,82.91038085408603,0.05,0.55,BR,10.0,0.002,0.4146621309571941,0.8902878504751204,0.6666666666666665,0.9908451404053094
jittered_zero,22,83.08769473868333,-0.05,0.45,BR,10.0,0.002,0.4159319661282873,0.67642398744538,0.6666666666666666,0.9895877289185424
jittered_zero,22,83.08769473868333,-0.02,0.48,BR,10.0,0.002,0.19195536054304696,0.6918429093081466,0.8333333333333333,0.9904124526751041
jittered_zero,22,83.08769473868333,-0.01,0.49,BR,10.0,0.002,0.10468113434502045,0.6956127483457712,0.9090909090909091,0.990672816021026
jittered_zero,22,83.08769473868333,-0.005,0.495,BR,10.0,0.002,0.05803237132719195,0.6972343907872889,0.9523809523809523,0.9908003707644774
jittered_zero,22,83.08769473868333,-0.002,0.498,BR,10.0,0.002,0.028968429761869516,0.6981231808684558,0.9803921568627451,0.9908760754537983
jittered_zero,22,83.08769473868333,0.0,0.5,BR,10.0,0.002,0.009115214595920466,0.6986807258390968,1.0,0.9909262030315936
jittered_zero,22,83.08769473868333,0.002,0.502,BR,10.0,0.002,0.028867531247148186,0.6992103703967341,0.9803921568627451,0.9909760584220663
jittered_zero,22,83.08769473868333,0.005,0.505,BR,10.0,0.002,0.057780118877999095,0.6999527284276228,0.9523809523809523,0.9910503341102718
jittered_zero,22,83.08769473868333,0.01,0.51,BR,10.0,0.002,0.10417658542831841,0.7010520169540712,0.9090909090909091,0.9911727850359621
jittered_zero,22,83.08769473868333,0.02,0.52,BR,10.0,0.002,0.19094591052403417,0.7027420262447535,0.8333333333333333,0.9914127293239904
jittered_zero,22,83.08769473868333,0.05,0.55,BR,10.0,0.002,0.41340217345466984,0.7040141284351503,0.6666666666666665,0.9920943499840352
known_zero,23,84.73549298051705,-0.05,0.45,BR,10.0,0.002,0.4152691688090647,0.8965000552531004,0.6666666666666666,0.9902438424235227
known_zero,23,84.73549298051705,-0.02,0.48,BR,10.0,0.002,0.19138990468541206,0.9575048925752546,0.8333333333333333,0.9909726455651936
known_zero,23,84.73549298051705,-0.01,0.49,BR,10.0,0.002,0.10414624704556887,0.978567833587723,0.9090909090909091,0.9912028560714364
known_zero,23,84.73549298051705,-0.005,0.495,BR,10.0,0.002,0.057512425092806005,0.9892375736802693,0.9523809523809523,0.9913156676380106
known_zero,23,84.73549298051705,-0.002,0.498,BR,10.0,0.002,0.028457339469294064,0.9956838831376391,0.9803921568627451,0.9913826320341573
known_zero,23,84.73549298051705,0.0,0.5,BR,10.0,0.002,0.008609983233644047,0.9999999999999973,1.0,0.9914269765196507
known_zero,23,84.73549298051705,0.002,0.502,BR,10.0,0.002,0.02836812293506618,0.9957061866959271,0.9803921568627451,0.9914710837022982
known_zero,23,84.73549298051705,0.005,0.505,BR,10.0,0.002,0.05728937813599862,0.9893751896129871,0.9523809523809523,0.9915368022416964
known_zero,23,84.73549298051705,0.01,0.51,BR,10.0,0.002,0.10370011297903749,0.9791067334789098,0.9090909090909091,0.9916451640893746
known_zero,23,84.73549298051705,0.02,0.52,BR,10.0,0.002,0.1904973152909026,0.9595723948132688,0.8333333333333333,0.9918575721181501
known_zero,23,84.73549298051705,0.05,0.55,BR,10.0,0.002,0.41303206897758554,0.9079627413075848,0.6666666666666665,0.9924615965002526
jittered_zero,23,84.51612257992386,-0.05,0.45,BR,10.0,0.002,0.41463815006442256,0.6689687452034105,0.6666666666666666,0.990868902041286
jittered_zero,23,84.51612257992386,-0.02,0.48,BR,10.0,0.002,0.1907797159795786,0.6823215230899317,0.8333333333333333,0.9915775104033869
jittered_zero,23,84.51612257992386,-0.01,0.49,BR,10.0,0.002,0.1035429796703933,0.6858238423997008,0.9090909090909091,0.9918009968179446
jittered_zero,23,84.51612257992386,-0.005,0.495,BR,10.0,0.002,0.05691261392347176,0.6873953372158942,0.9523809523809523,0.9919104482079789
jittered_zero,23,84.51612257992386,-0.002,0.498,BR,10.0,0.002,0.02785960055541437,0.6882809114247471,0.9803921568627451,0.9919753971536094
jittered_zero,23,84.51612257992386,0.0,0.5,BR,10.0,0.002,0.008013625202348799,0.6888474880284059,1.0,0.9920183982915755
jittered_zero,23,84.51612257992386,0.002,0.502,BR,10.0,0.002,0.027773145284312382,0.6893950764219837,0.9803921568627451,0.9920611623628707
jittered_zero,23,84.51612257992386,0.005,0.505,BR,10.0,0.002,0.056696470105037644,0.6901809825099445,0.9523809523809523,0.9921248666915796
jittered_zero,23,84.51612257992386,0.01,0.51,BR,10.0,0.002,0.1031106517417311,0.6913967934843565,0.9090909090909091,0.9922298727893947
jittered_zero,23,84.51612257992386,0.02,0.52,BR,10.0,0.002,0.18991473774942663,0.6934806356403032,0.8333333333333333,0.9924355744132399
jittered_zero,23,84.51612257992386,0.05,0.55,BR,10.0,0.002,0.41247005865447,0.6970897301924335,0.6666666666666665,0.993019526929427
known_zero,24,87.42527461312523,-0.05,0.45,BR,10.0,0.002,0.4136567842672653,0.9121978574689857,0.6666666666666666,0.9918417841897694
known_zero,24,87.42527461312523,-0.02,0.48,BR,10.0,0.002,0.18988563973575873,0.9643423959223062,0.8333333333333333,0.9924644527372977
known_zero,24,87.42527461312523,-0.01,0.49,BR,10.0,0.002,0.10267730400074418,0.982083045149571,0.9090909090909091,0.9926599465423225
known_zero,24,87.42527461312523,-0.005,0.495,BR,10.0,0.002,0.05606100755587408,0.9910196101556038,0.9523809523809523,0.992755525247181
known_zero,24,87.42527461312523,-0.002,0.498,BR,10.0,0.002,0.027016393795860814,0.9964026013420461,0.9803921568627451,0.9928121902590226
known_zero,24,87.42527461312523,0.0,0.5,BR,10.0,0.002,0.0071760006797093505,0.9999999999999925,1.0,0.992849685333497
known_zero,24,87.42527461312523,0.002,0.502,BR,10.0,0.002,0.02694108899005576,0.9964214271380325,0.9803921568627451,0.9928869566033082
known_zero,24,87.42527461312523,0.005,0.505,BR,10.0,0.002,0.055872739874259544,0.9911360167626166,0.9523809523809523,0.9929424466234045
known_zero,24,87.42527461312523,0.01,0.51,BR,10.0,0.002,0.10230072815690405,0.9825404961777187,0.9090909090909091,0.9930338286924131
known_zero,24,87.42527461312523,0.02,0.52,BR,10.0,0.002,0.18913216416227774,0.9661094864909133,0.8333333333333333,0.9932125322544137
known_zero,24,87.42527461312523,0.05,0.55,BR,10.0,0.002,0.41176742274884287,0.922185320857248,0.6666666666666665,0.9937175032869464
jittered_zero,24,87.54645747925322,-0.05,0.45,BR,10.0,0.002,0.412977951354387,0.8063643814720597,0.6666666666666666,0.9925153076163168
jittered_zero,24,87.54645747925322,-0.02,0.48,BR,10.0,0.002,0.18922842502543608,0.8223375112413625,0.8333333333333333,0.9931169293602415
jittered_zero,24,87.54645747925322,-0.01,0.49,BR,10.0,0.002,0.10202739040097444,0.8257249764487148,0.9090909090909091,0.9933052994306213
jittered_zero,24,87.54645747925322,-0.005,0.495,BR,10.0,0.002,0.05541476201225833,0.8270399380404176,0.9523809523809523,0.9933972964298206
jittered_zero,24,87.54645747925322,-0.002,0.498,BR,10.0,0.002,0.026372354642321502,0.8277077931424126,0.9803921568627451,0.993451806128384
jittered_zero,24,87.54645747925322,0.0,0.5,BR,10.0,0.002,0.006533434757544901,0.8281028015754052,1.0,0.9934878617203659
jittered_zero,24,87.54645747925322,0.002,0.502,BR,10.0,0.002,0.026299998136987024,0.8284578351523616,0.9803921568627451,0.993523691429947
jittered_zero,24,87.54645747925322,0.005,0.505,BR,10.0,0.002,0.05523386505910075,0.8289159362871946,0.9523809523809523,0.9935770152288214
jittered_zero,24,87.54645747925322,0.01,0.51,BR,10.0,0.002,0.10166555585168938,0.8294833348706541,0.9090909090909091,0.9936647766376582
jittered_zero,24,87.54645747925322,0.02,0.52,BR,10.0,0.002,0.1885044307396923,0.8299045622137015,0.8333333333333333,0.9938362006849207
jittered_zero,24,87.54645747925322,0.05,0.55,BR,10.0,0.002,0.41116227000228117,0.8261052486173199,0.6666666666666665,0.9943190361546438
known_zero,25,88.80911120763446,-0.05,0.45,BR,10.0,0.002,0.4153679092500822,0.8957411464850243,0.6666666666666666,0.9901460701369257
known_zero,25,88.80911120763446,-0.02,0.48,BR,10.0,0.002,0.19146121287696719,0.9572080202309533,0.8333333333333333,0.9909019836173755
known_zero,25,88.80911120763446,-0.01,0.49,BR,10.0,0.002,0.10421051147787318,0.9784202810712767,0.9090909090909091,0.9911391590293416
known_zero,25,88.80911120763446,-0.005,0.495,BR,10.0,0.002,0.05757354430646822,0.9891639907930041,0.9523809523809523,0.9912550810554345
known_zero,25,88.80911120763446,-0.002,0.498,BR,10.0,0.002,0.02851668993483271,0.9956544925470173,0.9803921568627451,0.9913237947594462
known_zero,25,88.80911120763446,0.0,0.5,BR,10.0,0.002,0.00866820336699307,0.9999999999999853,1.0,0.9913692571891017
known_zero,25,88.80911120763446,0.002,0.502,BR,10.0,0.002,0.02842525152810213,0.9956773515277504,0.9803921568627451,0.9914144439721398
known_zero,25,88.80911120763446,0.005,0.505,BR,10.0,0.002,0.057344941640422385,0.9893050217894812,0.9523809523809523,0.9914817105127576
known_zero,25,88.80911120763446,0.01,0.51,BR,10.0,0.002,0.10375325864981597,0.9789724794035835,0.9090909090909091,0.9915924638423622
known_zero,25,88.80911120763446,0.02,0.52,BR,10.0,0.002,0.19054632720498155,0.9593260113025389,0.8333333333333333,0.9918089604713315
known_zero,25,88.80911120763446,0.05,0.55,BR,10.0,0.002,0.4130740394005359,0.907476502750386,0.6666666666666665,0.9924199433413919
jittered_zero,25,88.83893309019668,-0.05,0.45,BR,10.0,0.002,0.41572222585139484,0.8786672480196723,0.6666666666666666,0.9897953070908061
jittered_zero,25,88.83893309019668,-0.02,0.48,BR,10.0,0.002,0.1918018488697303,0.9244013604164991,0.8333333333333333,0.9905645042185329
jittered_zero,25,88.83893309019668,-0.01,0.49,BR,10.0,0.002,0.1045466707230823,0.9339800431651314,0.9090909090909091,0.9908060344323383
jittered_zero,25,88.83893309019668,-0.005,0.495,BR,10.0,0.002,0.05790748002157013,0.9367646398938583,0.9523809523809523,0.9909241208438865
jittered_zero,25,88.83893309019668,-0.002,0.498,BR,10.0,0.002,0.028849296181706542,0.9376824309434559,0.9803921568627451,0.9909941291001022
jittered_zero,25,88.83893309019668,0.0,0.5,BR,10.0,0.002,0.008999925216255788,0.93796781726655,1.0,0.9910404528846055
jittered_zero,25,88.83893309019668,0.002,0.502,BR,10.0,0.002,0.028756090498667824,0.9379912911425132,0.9803921568627451,0.9910864996894575
jittered_zero,25,88.83893309019668,0.005,0.505,BR,10.0,0.002,0.05767445911721903,0.937544688480857,0.9523809523809523,0.9911550537837254
jittered_zero,25,88.83893309019668,0.01,0.51,BR,10.0,0.002,0.1040805810789078,0.9355947592191707,0.9090909090909091,0.9912679465022273
jittered_zero,25,88.83893309019668,0.02,0.52,BR,10.0,0.002,0.19086928685037766,0.9280214651123917,0.8333333333333333,0.9914886979198804
jittered_zero,25,88.83893309019668,0.05,0.55,BR,10.0,0.002,0.4133841177216566,0.8920945376615025,0.6666666666666665,0.9921122631364595
known_zero,26,92.49189927055849,-0.05,0.45,BR,10.0,0.002,0.41912167058490546,0.8614630205534229,0.6666666666666666,0.9864362653201073
known_zero,26,92.49189927055849,-0.02,0.48,BR,10.0,0.002,0.19492638064999337,0.941844137063424,0.8333333333333333,0.9874742842040936
known_zero,26,92.49189927055849,-0.01,0.49,BR,10.0,0.002,0.10758259529218128,0.970441811315432,0.9090909090909091,0.9878025834813174
known_zero,26,92.49189927055849,-0.005,0.495,BR,10.0,0.002,0.06089965514384639,0.9850985320480001,0.9523809523809523,0.9879635338476815
known_zero,26,92.49189927055849,-0.002,0.498,BR,10.0,0.002,0.03181539723358513,0.9940097413857144,0.9803921568627451,0.9880590953265602
known_zero,26,92.49189927055849,0.0,0.5,BR,10.0,0.002,0.011948716325321495,0.9999999999999791,1.0,0.9881223861075679
known_zero,26,92.49189927055849,0.002,0.502,BR,10.0,0.002,0.03168762966249383,0.9940416819207608,0.9803921568627451,0.9881853453024195
known_zero,26,92.49189927055849,0.005,0.505,BR,10.0,0.002,0.060580228701184374,0.9852946322600636,0.9523809523809523,0.9882791659327119
known_zero,26,92.49189927055849,0.01,0.51,BR,10.0,0.002,0.1069436887272146,0.9712035236118106,0.9090909090909091,0.988433898691036
known_zero,26,92.49189927055849,0.02,0.52,BR,10.0,0.002,0.19364813803465403,0.9447210694324494,0.8333333333333333,0.9887373229787358
known_zero,26,92.49189927055849,0.05,0.55,BR,10.0,0.002,0.41591854264554384,0.8767445670683346,0.6666666666666665,0.9896010127215021
jittered_zero,26,92.46234974832157,-0.05,0.45,BR,10.0,0.002,0.4193923658547448,0.8412292801172248,0.6666666666666666,0.9861692778268429
jittered_zero,26,92.46234974832157,-0.02,0.48,BR,10.0,0.002,0.1951866455112229,0.8998438049919695,0.8333333333333333,0.9872173127883127
jittered_zero,26,92.46234974832157,-0.01,0.49,BR,10.0,0.002,0.10783950212055605,0.9124058602305746,0.9090909090909091,0.9875488428477809
jittered_zero,26,92.46234974832157,-0.005,0.495,BR,10.0,0.002,0.061154904622191086,0.9160779804393906,0.9523809523809523,0.9877113888523513
jittered_zero,26,92.46234974832157,-0.002,0.498,BR,10.0,0.002,0.0320696591586119,0.9172899036691736,0.9803921568627451,0.987807901454814
jittered_zero,26,92.46234974832157,0.0,0.5,BR,10.0,0.002,0.012202322720768833,0.9176665920275308,1.0,0.9878718237244204
jittered_zero,26,92.46234974832157,0.002,0.502,BR,10.0,0.002,0.03194058278993189,0.9176970011272926,0.9803921568627451,0.9879354123408314
jittered_zero,26,92.46234974832157,0.005,0.505,BR,10.0,0.002,0.06083220614857909,0.9171058239808796,0.9523809523809523,0.9880301732427552
jittered_zero,26,92.46234974832157,0.01,0.51,BR,10.0,0.002,0.1071940512295586,0.9145311862367248,0.9090909090909091,0.9881864628823744
jittered_zero,26,92.46234974832157,0.02,0.52,BR,10.0,0.002,0.19389531213072245,0.9045874336447273,0.8333333333333333,0.9884929629256609
jittered_zero,26,92.46234974832157,0.05,0.55,BR,10.0,0.002,0.41615647401709893,0.8583738739186443,0.6666666666666665,0.9893655836043498
known_zero,27,94.65134404051989,-0.05,0.45,BR,10.0,0.002,0.41223320322348395,0.9265515094822829,0.6666666666666666,0.9932547568540984
known_zero,27,94.65134404051989,-0.02,0.48,BR,10.0,0.002,0.18855175142786737,0.9704890141911483,0.8333333333333333,0.993789172784676
known_zero,27,94.65134404051989,-0.01,0.49,BR,10.0,0.002,0.10137263188454311,0.9852247230139031,0.9090909090909091,0.9939558875006376
known_zero,27,94.65134404051989,-0.005,0.495,BR,10.0,0.002,0.05477081464708438,0.992607611030714,0.9523809523809523,0.9940371980107844
known_zero,27,94.65134404051989,-0.002,0.498,BR,10.0,0.002,0.025734847044398115,0.997041929011848,0.9803921568627451,0.994085341123192
known_zero,27,94.65134404051989,0.0,0.5,BR,10.0,0.002,0.005900200770325656,0.9999999999999987,1.0,0.9941171712293537
known_zero,27,94.65134404051989,0.002,0.502,BR,10.0,0.002,0.02567102209828592,0.9970578849451215,0.9803921568627451,0.9941487905913281
known_zero,27,94.65134404051989,0.005,0.505,BR,10.0,0.002,0.054611246562327735,0.9927064606025869,0.9523809523809523,0.9941958272783956
known_zero,27,94.65134404051989,0.01,0.51,BR,10.0,0.002,0.1010534548601105,0.9856144019437518,0.9090909090909091,0.9942731860177322
known_zero,27,94.65134404051989,0.02,0.52,BR,10.0,0.002,0.1879130704920434,0.9720036075694453,0.8333333333333333,0.9944240897166501
known_zero,27,94.65134404051989,0.05,0.55,BR,10.0,0.002,0.4106307750305344,0.9352633841095787,0.6666666666666665,0.9948476521886107
jittered_zero,27,94.76011070554453,-0.05,0.45,BR,10.0,0.002,0.4115780239044602,0.8479748598184155,0.6666666666666666,0.9939057300581157
jittered_zero,27,94.76011070554453,-0.02,0.48,BR,10.0,0.002,0.18791781285643294,0.8629535165166381,0.8333333333333333,0.9944193738064412
jittered_zero,27,94.76011070554453,-0.01,0.49,BR,10.0,0.002,0.10074588667952021,0.8660193583260434,0.9090909090909091,0.9945790398456072
jittered_zero,27,94.76011070554453,-0.005,0.495,BR,10.0,0.002,0.05414768808250452,0.8671735092757529,0.9523809523809523,0.9946568020208565
jittered_zero,27,94.76011070554453,-0.002,0.498,BR,10.0,0.002,0.02511389877383243,0.8677448951906878,0.9803921568627451,0.9947028083843317
jittered_zero,27,94.76011070554453,0.0,0.5,BR,10.0,0.002,0.005280707676169701,0.8680756351752463,1.0,0.994733210748125
jittered_zero,27,94.76011070554453,0.002,0.502,BR,10.0,0.002,0.025052986574486204,0.8683664681210845,0.9803921568627451,0.9947633997654447
jittered_zero,27,94.76011070554453,0.005,0.505,BR,10.0,0.002,0.05399540190002493,0.8687284738528419,0.9523809523809523,0.9948082860422827
jittered_zero,27,94.76011070554453,0.01,0.51,BR,10.0,0.002,0.10044127371204264,0.8691366377670314,0.9090909090909091,0.9948820476660386
jittered_zero,27,94.76011070554453,0.02,0.52,BR,10.0,0.002,0.1873082620480966,0.8692461734583499,0.8333333333333333,0.9950257077164596
jittered_zero,27,94.76011070554453,0.05,0.55,BR,10.0,0.002,0.4100484556402583,0.8646520650417607,0.6666666666666665,0.9954271399739631
known_zero,28,95.87063422824531,-0.05,0.45,BR,10.0,0.002,0.41321434348475417,0.9167857858161444,0.6666666666666666,0.9922807125376347
known_zero,28,95.87063422824531,-0.02,0.48,BR,10.0,0.002,0.18945229549627884,0.9663570056972962,0.8333333333333333,0.9928946246903175
known_zero,28,95.87063422824531,-0.01,0.49,BR,10.0,0.002,0.10224808847972353,0.9831209551414746,0.9090909090909091,0.9930861030484254
known_zero,28,95.87063422824531,-0.005,0.495,BR,10.0,0.002,0.055634050962122296,0.9915462774034732,0.9523809523809523,0.9931794792632103
known_zero,28,95.87063422824531,-0.002,0.498,BR,10.0,0.002,0.02659085344227518,0.9966151267470436,0.9803921568627451,0.9932347618137576
known_zero,28,95.87063422824531,0.0,0.5,BR,10.0,0.002,0.006751429538524694,0.9999999999999969,1.0,0.9932713101559568
known_zero,28,95.87063422824531,0.002,0.502,BR,10.0,0.002,0.026517506927135455,0.9966334629850463,0.9803921568627451,0.9933076147939758
known_zero,28,95.87063422824531,0.005,0.505,BR,10.0,0.002,0.055450678348761655,0.9916597289985217,0.9523809523809523,0.9933616178789657
known_zero,28,95.87063422824531,0.01,0.51,BR,10.0,0.002,0.10188129806907473,0.9835672616123718,0.9090909090909091,0.9934504243186622
known_zero,28,95.87063422824531,0.02,0.52,BR,10.0,0.002,0.18871835315027488,0.9680846009297221,0.8333333333333333,0.9936236195878868
known_zero,28,95.87063422824531,0.05,0.55,BR,10.0,0.002,0.4113731549716351,0.9266077214839287,0.6666666666666665,0.9941093713235338
jittered_zero,28,95.70730159461198,-0.05,0.45,BR,10.0,0.002,0.41162321582243006,0.7857447192552637,0.6666666666666666,0.9938608145668093
jittered_zero,28,95.70730159461198,-0.02,0.48,BR,10.0,0.002,0.18791485257702317,0.798830080476694,0.8333333333333333,0.9944223175699953
jittered_zero,28,95.70730159461198,-0.01,0.49,BR,10.0,0.002,0.10072842696302571,0.8019262134641945,0.9090909090909091,0.9945964050652698
jittered_zero,28,95.70730159461198,-0.005,0.495,BR,10.0,0.002,0.054123265793700484,0.8032347572383582,0.9523809523809523,0.9946810941131694
jittered_zero,28,95.70730159461198,-0.002,0.498,BR,10.0,0.002,0.025085390365735066,0.8039437242415199,0.9803921568627451,0.9947311661821446
jittered_zero,28,95.70730159461198,0.0,0.5,BR,10.0,0.002,0.005249513175738719,0.8043848250801848,1.0,0.9947642414376874
jittered_zero,28,95.70730159461198,0.002,0.502,BR,10.0,0.002,0.025019136312269555,0.8048008221430758,0.9803921568627451,0.9947970733372967
jittered_zero,28,95.70730159461198,0.005,0.505,BR,10.0,0.002,0.0539576247542152,0.8053780333329011,0.9523809523809523,0.994845867769818
jittered_zero,28,95.70730159461198,0.01,0.51,BR,10.0,0.002,0.10039710269728343,0.8062165545822194,0.9090909090909091,0.9949259935862106
jittered_zero,28,95.70730159461198,0.02,0.52,BR,10.0,0.002,0.1872518664784315,0.807440876978591,0.8333333333333333,0.9950818243404274
jittered_zero,28,95.70730159461198,0.05,0.55,BR,10.0,0.002,0.40995983498666305,0.8077777029891835,0.6666666666666665,0.995515359286683
known_zero,29,98.83119421819369,-0.05,0.45,BR,10.0,0.002,0.42147101833779993,0.841432006372133,0.6666666666666666,0.984121503651545
known_zero,29,98.83119421819369,-0.02,0.48,BR,10.0,0.002,0.19707127775811353,0.9325856832907332,0.8333333333333333,0.9853585233234008
known_zero,29,98.83119421819369,-0.01,0.49,BR,10.0,0.002,0.1096625127945456,0.9655805665385802,0.9090909090909091,0.9857501707635232
known_zero,29,98.83119421819369,-0.005,0.495,BR,10.0,0.002,0.06294765317031176,0.9826073886928419,0.9523809523809523,0.9859422569721518
known_zero,29,98.83119421819369,-0.002,0.498,BR,10.0,0.002,0.033844423075524974,0.9929984237406883,0.9803921568627451,0.9860563304067719
known_zero,29,98.83119421819369,0.0,0.5,BR,10.0,0.002,0.013965168149456374,0.999999999999982,1.0,0.9861318924613611
known_zero,29,98.83119421819369,0.002,0.502,BR,10.0,0.002,0.03369156637113875,0.9930366357943505,0.9803921568627451,0.9862070672480521
known_zero,29,98.83119421819369,0.005,0.505,BR,10.0,0.002,0.06256550246679658,0.982841291425363,0.9523809523809523,0.9863191075015406
known_zero,29,98.83119421819369,0.01,0.51,BR,10.0,0.002,0.10889814751034432,0.9664847037267256,0.9090909090909091,0.9865039320107171
known_zero,29,98.83119421819369,0.02,0.52,BR,10.0,0.002,0.19554203611563245,0.9359689548984548,0.8333333333333333,0.9868665273674504
known_zero,29,98.83119421819369,0.05,0.55,BR,10.0,0.002,0.4176389640827816,0.8589623635056177,0.6666666666666665,0.9878999456206307
jittered_zero,29,98.93802221250124,-0.05,0.45,BR,10.0,0.002,0.4214410367165783,0.6932919346940567,0.6666666666666666,0.9841510096520203
jittered_zero,29,98.93802221250124,-0.02,0.48,BR,10.0,0.002,0.19704257442677325,0.718955260642144,0.8333333333333333,0.9853868068014978
jittered_zero,29,98.93802221250124,-0.01,0.49,BR,10.0,0.002,0.10963426249080761,0.7243238448328613,0.9090909090909091,0.9857780188986144
jittered_zero,29,98.93802221250124,-0.005,0.495,BR,10.0,0.002,0.06291963398018471,0.7263518803193156,0.9523809523809523,0.9859698826627271
jittered_zero,29,98.93802221250124,-0.002,0.498,BR,10.0,0.002,0.033816543970371496,0.7273563716901075,0.9803921568627451,0.9860838211581016
jittered_zero,29,98.93802221250124,0.0,0.5,BR,10.0,0.002,0.01393738301208825,0.7279376060286579,1.0,0.9861592926521136
jittered_zero,29,98.93802221250124,0.002,0.502,BR,10.0,0.002,0.03366387565685604,0.7284483226967637,0.9803921568627451,0.9862343764042781
jittered_zero,29,98.93802221250124,0.005,0.505,BR,10.0,0.002,0.06253795422792986,0.7290829045929655,0.9523809523809523,0.9863462792301778
jittered_zero,29,98.93802221250124,0.01,0.51,BR,10.0,0.002,0.10887083892399975,0.7297940428644519,0.9090909090909091,0.986530872406374
jittered_zero,29,98.93802221250124,0.02,0.52,BR,10.0,0.002,0.19551521473779906,0.729959578945526,0.8333333333333333,0.9868929968424244
jittered_zero,29,98.93802221250124,0.05,0.55,BR,10.0,0.002,0.41761366139357775,0.721795503735917,0.6666666666666665,0.9879249424621616
known_zero,30,101.31785100573138,-0.05,0.45,BR,10.0,0.002,0.41985893983243094,0.8552777930185946,0.6666666666666666,0.9857092642277474
known_zero,30,101.31785100573138,-0.02,0.48,BR,10.0,0.002,0.19557317206465447,0.9390734552669951,0.8333333333333333,0.9868358008199153
known_zero,30,101.31785100573138,-0.01,0.49,BR,10.0,0.002,0.10820105470500292,0.9690025452923912,0.9090909090909091,0.9871918565499295
known_zero,30,101.31785100573138,-0.005,0.495,BR,10.0,0.002,0.06150427203944536,0.9843649627958079,0.9523809523809523,0.9873663749472528
known_zero,30,101.31785100573138,-0.002,0.498,BR,10.0,0.002,0.03241180977441976,0.993712908895646,0.9803921568627451,0.9874699801863127
known_zero,30,101.31785100573138,0.0,0.5,BR,10.0,0.002,0.012539700906740567,0.9999999999999782,1.0,0.9875385935360184
known_zero,30,101.31785100573138,0.002,0.502,BR,10.0,0.002,0.03227321927449651,0.993747554908815,0.9803921568627451,0.9876068436282934
known_zero,30,101.31785100573138,0.005,0.505,BR,10.0,0.002,0.06115778716022846,0.9845774867801259,0.9523809523809523,0.9877085417408065
known_zero,30,101.31785100573138,0.01,0.51,BR,10.0,0.002,0.10750802330605151,0.9698268752910546,0.9090909090909091,0.9878762486285159
known_zero,30,101.31785100573138,0.02,0.52,BR,10.0,0.002,0.1941866160838064,0.9421784079914713,0.8333333333333333,0.988205052954657
known_zero,30,101.31785100573138,0.05,0.55,BR,10.0,0.002,0.41638391259139407,0.87165025126643,0.6666666666666665,0.9891405892937204
jittered_zero,30,101.45418708406415,-0.05,0.45,BR,10.0,0.002,0.41955550659748836,0.674411650450716,0.6666666666666666,0.9860084065610729
jittered_zero,30,101.45418708406415,-0.02,0.48,BR,10.0,0.002,0.19528231664448292,0.6948746896655251,0.8333333333333333,0.9871228691070633
jittered_zero,30,101.45418708406415,-0.01,0.49,BR,10.0,0.002,0.10791421029606786,0.6995109483740367,0.9090909090909091,0.9874750676313431
jittered_zero,30,101.45418708406415,-0.005,0.495,BR,10.0,0.002,0.061219400072356635,0.7013966683815798,0.9523809523809523,0.9876476880159227
jittered_zero,30,101.45418708406415,-0.002,0.498,BR,10.0,0.002,0.03212811081549252,0.7023891544061506,0.9803921568627451,0.9877501641337316
jittered_zero,30,101.45418708406415,0.0,0.5,BR,10.0,0.002,0.012256779624520285,0.7029930283972571,1.0,0.9878180287483642
jittered_zero,30,101.45418708406415,0.002,0.502,BR,10.0,0.002,0.031991072221774344,0.7035508198734268,0.9803921568627451,0.987885533302358
jittered_zero,30,101.45418708406415,0.005,0.505,BR,10.0,0.002,0.060876795017690215,0.7043014997846124,0.9523809523809523,0.9879861190768526
jittered_zero,30,101.45418708406415,0.01,0.51,BR,10.0,0.002,0.10722893896791791,0.7053253643688379,0.9090909090909091,0.9881519878929879
jittered_zero,30,101.45418708406415,0.02,0.52,BR,10.0,0.002,0.1939112841788988,0.7065410432587677,0.8333333333333333,0.9884771747945198
jittered_zero,30,101.45418708406415,0.05,0.55,BR,10.0,0.002,0.41611934719040733,0.7041821453752892,0.6666666666666665,0.9894023162907868
known_zero,31,103.72553804047834,-0.05,0.45,BR,10.0,0.002,0.4153957251291024,0.8957730567487973,0.6666666666666666,0.9901185287366723
known_zero,31,103.72553804047834,-0.02,0.48,BR,10.0,0.002,0.191450389955816,0.9573152819150393,0.8333333333333333,0.9909127081294479
known_zero,31,103.72553804047834,-0.01,0.49,BR,10.0,0.002,0.10418710623509028,0.9784917644023384,0.9090909090909091,0.9911623571534681
known_zero,31,103.72553804047834,-0.005,0.495,BR,10.0,0.002,0.057543894812799055,0.9892044053147515,0.9523809523809523,0.9912844717023915
known_zero,31,103.72553804047834,-0.002,0.498,BR,10.0,0.002,0.028483307866100056,0.9956718073494766,0.9803921568627451,0.9913568877508524
known_zero,31,103.72553804047834,0.0,0.5,BR,10.0,0.002,0.008632338507145319,0.9999999999999967,1.0,0.9914048131461691
known_zero,31,103.72553804047834,0.002,0.502,BR,10.0,0.002,0.028386908224629373,0.9956959066056886,0.9803921568627451,0.9914524588058349
known_zero,31,103.72553804047834,0.005,0.505,BR,10.0,0.002,0.057302888590797914,0.9893530963078514,0.9523809523809523,0.9915234062190412
known_zero,31,103.72553804047834,0.01,0.51,BR,10.0,0.002,0.10370504294407404,0.9790740063413346,0.9090909090909091,0.9916402753254377
known_zero,31,103.72553804047834,0.02,0.52,BR,10.0,0.002,0.19048585654022868,0.9595488893998876,0.8333333333333333,0.9918689376318902
known_zero,31,103.72553804047834,0.05,0.55,BR,10.0,0.002,0.4129772655679724,0.9081547585305373,0.6666666666666665,0.9925159882700646
jittered_zero,31,103.69770123250304,-0.05,0.45,BR,10.0,0.002,0.41554301222626816,0.8816768786302855,0.6666666666666666,0.9899727077917599
jittered_zero,31,103.69770123250304,-0.02,0.48,BR,10.0,0.002,0.191591762011275,0.9284974549321845,0.8333333333333333,0.9907726306648719
jittered_zero,31,103.69770123250304,-0.01,0.49,BR,10.0,0.002,0.10432655837824235,0.9385080814341581,0.9090909090909091,0.991024147075621
jittered_zero,31,103.69770123250304,-0.005,0.495,BR,10.0,0.002,0.057682396400746155,0.9414332345202743,0.9523809523809523,0.9911471867362657
jittered_zero,31,103.69770123250304,-0.002,0.498,BR,10.0,0.002,0.028621242090653063,0.9423915645494757,0.9803921568627451,0.9912201551375553
jittered_zero,31,103.69770123250304,0.0,0.5,BR,10.0,0.002,0.008769895717946933,0.9426829240094475,1.0,0.9912684476445414
jittered_zero,31,103.69770123250304,0.002,0.502,BR,10.0,0.002,0.02852408939953603,0.9426952236223458,0.9803921568627451,0.9913164595211558
jittered_zero,31,103.69770123250304,0.005,0.505,BR,10.0,0.002,0.05743950753608577,0.9422013746629064,0.9523809523809523,0.9913879545898953
jittered_zero,31,103.69770123250304,0.01,0.51,BR,10.0,0.002,0.10384072966945782,0.9401063037531183,0.9090909090909091,0.9915057320317959
jittered_zero,31,103.69770123250304,0.02,0.52,BR,10.0,0.002,0.19061969670060533,0.9321317964346066,0.8333333333333333,0.9917361946175761
jittered_zero,31,103.69770123250304,0.05,0.55,BR,10.0,0.002,0.41310570439092326,0.8955366066149023,0.6666666666666665,0.9923885188709561
known_zero,32,105.44662305232609,-0.05,0.45,BR,10.0,0.002,0.41406604778464384,0.9085584225542968,0.6666666666666666,0.9914359425862344
known_zero,32,105.44662305232609,-0.02,0.48,BR,10.0,0.002,0.1902212051663756,0.9628783640341164,0.8333333333333333,0.992131471847405
known_zero,32,105.44662305232609,-0.01,0.49,BR,10.0,0.002,0.10299009030806701,0.9813505833228212,0.9090909090909091,0.9923495046567324
known_zero,32,105.44662305232609,-0.005,0.495,BR,10.0,0.002,0.05636271824618391,0.9906533588414433,0.9523809523809523,0.992456045472746
known_zero,32,105.44662305232609,-0.002,0.498,BR,10.0,0.002,0.02731155701803071,0.9962561077685976,0.9803921568627451,0.9925191918572392
known_zero,32,105.44662305232609,0.0,0.5,BR,10.0,0.002,0.007466839136135589,0.9999999999999898,1.0,0.9925609684505725
known_zero,32,105.44662305232609,0.002,0.502,BR,10.0,0.002,0.027227634530973908,0.9962770879005614,0.9803921568627451,0.9926024900315177
known_zero,32,105.44662305232609,0.005,0.505,BR,10.0,0.002,0.05615290516750547,0.9907830303661604,0.9523809523809523,0.9926642975773435
known_zero,32,105.44662305232609,0.01,0.51,BR,10.0,0.002,0.1025704151413951,0.9818598014833526,0.9090909090909091,0.9927660565026153
known_zero,32,105.44662305232609,0.02,0.52,BR,10.0,0.002,0.18938146269888106,0.9648427268581665,0.8333333333333333,0.9929649566849822
known_zero,32,105.44662305232609,0.05,0.55,BR,10.0,0.002,0.41195982258754027,0.9196185197556549,0.6666666666666665,0.9935263305909907
jittered_zero,32,105.5685419155486,-0.05,0.45,BR,10.0,0.002,0.41418692722016365,0.7897953778758074,0.6666666666666666,0.9913161056121992
jittered_zero,32,105.5685419155486,-0.02,0.48,BR,10.0,0.002,0.19033446986092112,0.8071265804803865,0.8333333333333333,0.9920191047430301
jittered_zero,32,105.5685419155486,-0.01,0.49,BR,10.0,0.002,0.10310097160196181,0.8108616704676896,0.9090909090909091,0.9922394777597352
jittered_zero,32,105.5685419155486,-0.005,0.495,BR,10.0,0.002,0.05647243556046144,0.8123297426501427,0.9523809523809523,0.9923471618342176
jittered_zero,32,105.5685419155486,-0.002,0.498,BR,10.0,0.002,0.027420584651968446,0.8130828617488642,0.9803921568627451,0.992410985736949
jittered_zero,32,105.5685419155486,0.0,0.5,BR,10.0,0.002,0.007575410573958989,0.813531982015195,1.0,0.9924532105289224
jittered_zero,32,105.5685419155486,0.002,0.502,BR,10.0,0.002,0.027335752624560977,0.813938958988267,0.9803921568627451,0.9924951775439209
jittered_zero,32,105.5685419155486,0.005,0.505,BR,10.0,0.002,0.056260348553350534,0.814470947351278,0.9523809523809523,0.9925576480936976
jittered_zero,32,105.5685419155486,0.01,0.51,BR,10.0,0.002,0.1026767480244448,0.8151509281221045,0.9090909090909091,0.9926604984378795
jittered_zero,32,105.5685419155486,0.02,0.52,BR,10.0,0.002,0.18948562613947056,0.8157592555576424,0.8333333333333333,0.9928615314253679
jittered_zero,32,105.5685419155486,0.05,0.55,BR,10.0,0.002,0.4120578712758128,0.8122606058832318,0.6666666666666665,0.9934289214130111
known_zero,33,107.1686111842764,-0.05,0.45,BR,10.0,0.002,0.4191246391984895,0.8619028257032723,0.6666666666666666,0.9864333369763568
known_zero,33,107.1686111842764,-0.02,0.48,BR,10.0,0.002,0.1948697509747738,0.9421743064623047,0.8333333333333333,0.9875302061355012
known_zero,33,107.1686111842764,-0.01,0.49,BR,10.0,0.002,0.10750897155534488,0.9706362741118347,0.9090909090909091,0.9878753118760053
known_zero,33,107.1686111842764,-0.005,0.495,BR,10.0,0.002,0.06081804251234763,0.9852034832501676,0.9523809523809523,0.9880441674418189
known_zero,33,107.1686111842764,-0.002,0.498,BR,10.0,0.002,0.031729150131803656,0.9940536243707101,0.9803921568627451,0.9881443162348964
known_zero,33,107.1686111842764,0.0,0.5,BR,10.0,0.002,0.011859444920052436,0.9999999999999796,1.0,0.988210601119034
known_zero,33,107.1686111842764,0.002,0.502,BR,10.0,0.002,0.03159538575651595,0.9940870640203442,0.9803921568627451,0.9882765035828337
known_zero,33,107.1686111842764,0.005,0.505,BR,10.0,0.002,0.06048362229671296,0.9854088150084964,0.9523809523809523,0.9883746446413999
known_zero,33,107.1686111842764,0.01,0.51,BR,10.0,0.002,0.10684006485463667,0.9714340223688044,0.9090909090909091,0.9885363293464448
known_zero,33,107.1686111842764,0.02,0.52,BR,10.0,0.002,0.193531407349585,0.9451886655786216,0.8333333333333333,0.9888527457003562
known_zero,33,107.1686111842764,0.05,0.55,BR,10.0,0.002,0.415769493572626,0.8779341643234619,0.6666666666666665,0.9897485228278562
jittered_zero,33,107.16051235321373,-0.05,0.45,BR,10.0,0.002,0.4190194777539255,0.8608568852716192,0.6666666666666666,0.986537077185679
jittered_zero,33,107.16051235321373,-0.02,0.48,BR,10.0,0.002,0.1947689489225571,0.9381401001257096,0.8333333333333333,0.9876297562242481
jittered_zero,33,107.16051235321373,-0.01,0.49,BR,10.0,0.002,0.10740957355514619,0.9626805824661329,0.9090909090909091,0.9879735095866987
jittered_zero,33,107.16051235321373,-0.005,0.495,BR,10.0,0.002,0.06071933765239723,0.9723182062567479,0.9523809523809523,0.9881416970162334
jittered_zero,33,107.16051235321373,-0.002,0.498,BR,10.0,0.002,0.03163085835273856,0.9757556817373967,0.9803921568627451,0.9882414474712351
jittered_zero,33,107.16051235321373,0.0,0.5,BR,10.0,0.002,0.011761427369487022,0.9765112832854872,1.0,0.9883074678488408
jittered_zero,33,107.16051235321373,0.002,0.502,BR,10.0,0.002,0.03149764151262474,0.9758895211583299,0.9803921568627451,0.9883731066435516
jittered_zero,33,107.16051235321373,0.005,0.505,BR,10.0,0.002,0.060386286294106334,0.9726973821156821,0.9523809523809523,0.9884708537606167
jittered_zero,33,107.16051235321373,0.01,0.51,BR,10.0,0.002,0.10674340470776303,0.963686356808997,0.9090909090909091,0.9886318860314166
jittered_zero,33,107.16051235321373,0.02,0.52,BR,10.0,0.002,0.19343608211313001,0.9413515818798047,0.8333333333333333,0.9889470128151054
jittered_zero,33,107.16051235321373,0.05,0.55,BR,10.0,0.002,0.41567804357849497,0.8769919080397018,0.6666666666666665,0.9898390394632699
known_zero,34,111.02953554316967,-0.05,0.45,BR,10.0,0.002,0.41282383514516563,0.9211054396313956,0.6666666666666666,0.992668282100742
known_zero,34,111.02953554316967,-0.02,0.48,BR,10.0,0.002,0.18904466159398203,0.9682834002720753,0.8333333333333333,0.9932994447043254
known_zero,34,111.02953554316967,-0.01,0.49,BR,10.0,0.002,0.10183914947414836,0.9841163903612618,0.9090909090909091,0.993492297740623
known_zero,34,111.02953554316967,-0.005,0.495,BR,10.0,0.002,0.05522523953930089,0.9920519565029204,0.9523809523809523,0.9935855853839999
known_zero,34,111.02953554316967,-0.002,0.498,BR,10.0,0.002,0.02618236234596128,0.9968192956787184,0.9803921568627451,0.9936405722498404
known_zero,34,111.02953554316967,0.0,0.5,BR,10.0,0.002,0.0063432522036651435,0.999999999999996,1.0,0.9936768237472274
known_zero,34,111.02953554316967,0.002,0.502,BR,10.0,0.002,0.026109722756704094,0.9968374551285157,0.9803921568627451,0.9937127525144186
known_zero,34,111.02953554316967,0.005,0.505,BR,10.0,0.002,0.05504363136719575,0.9921643836433235,0.9523809523809523,0.9937660450319691
known_zero,34,111.02953554316967,0.01,0.51,BR,10.0,0.002,0.10147586741978992,0.9845591228052624,0.9090909090909091,0.9938532812289774
known_zero,34,111.02953554316967,0.02,0.52,BR,10.0,0.002,0.1883175717018033,0.9700007055254583,0.8333333333333333,0.9940219253128224
known_zero,34,111.02953554316967,0.05,0.55,BR,10.0,0.002,0.4109968978327792,0.9309296412108611,0.6666666666666665,0.9944834824478753
jittered_zero,34,111.01479129312351,-0.05,0.45,BR,10.0,0.002,0.4130654219514474,0.916692159315271,0.6666666666666666,0.9924284955065767
jittered_zero,34,111.01479129312351,-0.02,0.48,BR,10.0,0.002,0.18927684678581763,0.9602303771308254,0.8333333333333333,0.9930688420545025
jittered_zero,34,111.01479129312351,-0.01,0.49,BR,10.0,0.002,0.10206814757579499,0.971567260539006,0.9090909090909091,0.9932648159378842
jittered_zero,34,111.01479129312351,-0.005,0.495,BR,10.0,0.002,0.05545263289502235,0.9752387744042467,0.9523809523809523,0.9933596763096274
jittered_zero,34,111.01479129312351,-0.002,0.498,BR,10.0,0.002,0.026408789138401233,0.9764095379381454,0.9803921568627451,0.9934156108718302
jittered_zero,34,111.01479129312351,0.0,0.5,BR,10.0,0.002,0.0065690330446177,0.9766841782092185,1.0,0.9934524958837463
jittered_zero,34,111.01479129312351,0.002,0.502,BR,10.0,0.002,0.026334856370800085,0.9765414735857886,0.9803921568627451,0.9934890595524188
jittered_zero,34,111.01479129312351,0.005,0.505,BR,10.0,0.002,0.05526779172383056,0.9755831590564598,0.9523809523809523,0.9935433070463487
jittered_zero,34,111.01479129312351,0.01,0.51,BR,10.0,0.002,0.10169839914343742,0.9723499181880008,0.9090909090909091,0.9936321419514175
jittered_zero,34,111.01479129312351,0.02,0.52,BR,10.0,0.002,0.18853682111054484,0.9623666728105525,0.8333333333333333,0.9938040104831429
jittered_zero,34,111.01479129312351,0.05,0.55,BR,10.0,0.002,0.4112060934764189,0.9270219270004159,0.6666666666666665,0.9942754625948576
known_zero,35,111.87465917699264,-0.05,0.45,BR,10.0,0.002,0.411763219732015,0.9317018123802554,0.6666666666666666,0.9937216799071119
known_zero,35,111.87465917699264,-0.02,0.48,BR,10.0,0.002,0.18807697774310933,0.972735628062546,0.8333333333333333,0.9942611097548744
known_zero,35,111.87465917699264,-0.01,0.49,BR,10.0,0.002,0.10089936280272416,0.9863779619406764,0.9090909090909091,0.9944264074233675
known_zero,35,111.87465917699264,-0.005,0.495,BR,10.0,0.002,0.05429883974323366,0.9931915918058454,0.9523809523809523,0.9945064693551776
known_zero,35,111.87465917699264,-0.002,0.498,BR,10.0,0.002,0.025263817019393908,0.9972772717800574,0.9803921568627451,0.9945536954620966
known_zero,35,111.87465917699264,0.0,0.5,BR,10.0,0.002,0.005429869659169362,0.9999999999999998,1.0,0.9945848454353613
known_zero,35,111.87465917699264,0.002,0.502,BR,10.0,0.002,0.025201444447967392,0.9972928645740751,0.9803921568627451,0.9946157302681194
known_zero,35,111.87465917699264,0.005,0.505,BR,10.0,0.002,0.05414290016423441,0.9932882603459012,0.9523809523809523,0.9946615643677322
known_zero,35,111.87465917699264,0.01,0.51,BR,10.0,0.002,0.10058742542518408,0.9867594953273594,0.9090909090909091,0.9947366545753819
known_zero,35,111.87465917699264,0.02,0.52,BR,10.0,0.002,0.18745263716408625,0.9742220936886699,0.8333333333333333,0.9948820611342407
known_zero,35,111.87465917699264,0.05,0.55,BR,10.0,0.002,0.4101942088181198,0.9403133350692275,0.6666666666666665,0.9952820638778901
jittered_zero,35,112.11561304166068,-0.05,0.45,BR,10.0,0.002,0.41385076406079085,0.7041936324774898,0.6666666666666666,0.9916494055846464
jittered_zero,35,112.11561304166068,-0.02,0.48,BR,10.0,0.002,0.19006659769966666,0.7169945955673246,0.8333333333333333,0.9922848746392127
jittered_zero,35,112.11561304166068,-0.01,0.49,BR,10.0,0.002,0.1028557597067136,0.7204673069526372,0.9090909090909091,0.9924828165161765
jittered_zero,35,112.11561304166068,-0.005,0.495,BR,10.0,0.002,0.05623852212037631,0.7220552975817618,0.9523809523809523,0.9925793123231024
jittered_zero,35,112.11561304166068,-0.002,0.498,BR,10.0,0.002,0.027193438622408146,0.7229609355283981,0.9803921568627451,0.9926364335558705
jittered_zero,35,112.11561304166068,0.0,0.5,BR,10.0,0.002,0.00735277094340974,0.7235451434264856,1.0,0.9926741945440392
jittered_zero,35,112.11561304166068,0.002,0.502,BR,10.0,0.002,0.02711761503293439,0.724113773296374,0.9803921568627451,0.9927117016668183
jittered_zero,35,112.11561304166068,0.005,0.505,BR,10.0,0.002,0.05604895548417775,0.7249376386018148,0.9523809523809523,0.9927674900800486
jittered_zero,35,112.11561304166068,0.01,0.51,BR,10.0,0.002,0.10247657170015323,0.7262337486041663,0.9090909090909091,0.992859225457285
jittered_zero,35,112.11561304166068,0.02,0.52,BR,10.0,0.002,0.189307783753218,0.7285414991799285,0.8333333333333333,0.9930381199913357
jittered_zero,35,112.11561304166068,0.05,0.55,BR,10.0,0.002,0.411946058634987,0.733300065824261,0.6666666666666665,0.9935400055343758
known_zero,36,114.32022091545271,-0.05,0.45,BR,10.0,0.002,0.41717333215210733,0.879493050111908,0.6666666666666666,0.9883600504910698
known_zero,36,114.32022091545271,-0.02,0.48,BR,10.0,0.002,0.19305762852302363,0.9501797479185933,0.8333333333333333,0.989321354193482
known_zero,36,114.32022091545271,-0.01,0.49,BR,10.0,0.002,0.10574064762027707,0.9748148836934356,0.9090909090909091,0.9896237408736757
known_zero,36,114.32022091545271,-0.005,0.495,BR,10.0,0.002,0.059071141499528815,0.9873381916412591,0.9523809523809523,0.989771691265875
known_zero,36,114.32022091545271,-0.002,0.498,BR,10.0,0.002,0.02999495177942928,0.994918592546384,0.9803921568627451,0.9898594412336491
known_zero,36,114.32022091545271,0.0,0.5,BR,10.0,0.002,0.01013365236083791,0.9999999999999885,1.0,0.9899175200917635
known_zero,36,114.32022091545271,0.002,0.502,BR,10.0,0.002,0.029877949045123142,0.9949478422299205,0.9803921568627451,0.9899752642705262
known_zero,36,114.32022091545271,0.005,0.505,BR,10.0,0.002,0.058778626032347334,0.9875182573442534,0.9523809523809523,0.9900612571437333
known_zero,36,114.32022091545271,0.01,0.51,BR,10.0,0.002,0.10515555503068805,0.975517406906741,0.9090909090909091,0.9902029318145835
known_zero,36,114.32022091545271,0.02,0.52,BR,10.0,0.002,0.19188695003162334,0.9528557765952855,0.8333333333333333,0.9904802096151291
known_zero,36,114.32022091545271,0.05,0.55,BR,10.0,0.002,0.4142379950710509,0.8940405252938682,0.6666666666666665,0.991265482521753
jittered_zero,36,114.26717901645753,-0.05,0.45,BR,10.0,0.002,0.4171956331268355,0.833492434321327,0.6666666666666666,0.9883380093443319
jittered_zero,36,114.26717901645753,-0.02,0.48,BR,10.0,0.002,0.19307936521931213,0.8706052055123907,0.8333333333333333,0.9892998498493917
jittered_zero,36,114.26717901645753,-0.01,0.49,BR,10.0,0.002,0.10576215516621529,0.877604522077567,0.9090909090909091,0.989602456724493
jittered_zero,36,114.26717901645753,-0.005,0.495,BR,10.0,0.002,0.059092527305361235,0.8797704323868429,0.9523809523809523,0.989750524427003
jittered_zero,36,114.26717901645753,-0.002,0.498,BR,10.0,0.002,0.03001626231427089,0.8806216016671562,0.9803921568627451,0.9898383470243036
jittered_zero,36,114.26717901645753,0.0,0.5,BR,10.0,0.002,0.010154911802148857,0.881000852784048,1.0,0.9898964752220443
jittered_zero,36,114.26717901645753,0.002,0.502,BR,10.0,0.002,0.02989915667093998,0.8812301325816475,0.9803921568627451,0.9899542694681793
jittered_zero,36,114.26717901645753,0.005,0.505,BR,10.0,0.002,0.05879975459674918,0.881296080157473,0.9523809523809523,0.9900403387916881
jittered_zero,36,114.26717901645753,0.01,0.51,BR,10.0,0.002,0.10517654831614646,0.8806862892649987,0.9090909090909091,0.9901821444199728
jittered_zero,36,114.26717901645753,0.02,0.52,BR,10.0,0.002,0.1919076599862497,0.877001186654316,0.8333333333333333,0.9904596970273377
jittered_zero,36,114.26717901645753,0.05,0.55,BR,10.0,0.002,0.4142577603575824,0.8526598494290735,0.6666666666666665,0.991245890069088
known_zero,37,116.22668032085755,-0.05,0.45,BR,10.0,0.002,0.41979796205770714,0.8562395628709341,0.6666666666666666,0.9857693724178179
known_zero,37,116.22668032085755,-0.02,0.48,BR,10.0,0.002,0.19546071123807346,0.9396412422850061,0.8333333333333333,0.9869467874304814
known_zero,37,116.22668032085755,-0.01,0.49,BR,10.0,0.002,0.10807386189042845,0.9693214487033259,0.9090909090909091,0.9873174282464287
known_zero,37,116.22668032085755,-0.005,0.495,BR,10.0,0.002,0.06137014061058149,0.9845336306135061,0.9523809523809523,0.9874988206923067
known_zero,37,116.22668032085755,-0.002,0.498,BR,10.0,0.002,0.032273648497925425,0.9937826495678509,0.9803921568627451,0.9876064197243886
known_zero,37,116.22668032085755,0.0,0.5,BR,10.0,0.002,0.012398907833292727,0.9999999999999984,1.0,0.9876776419180456
known_zero,37,116.22668032085755,0.002,0.502,BR,10.0,0.002,0.032129837785230694,0.9938186005677986,0.9803921568627451,0.9877484583205622
known_zero,37,116.22668032085755,0.005,0.505,BR,10.0,0.002,0.061010603581562725,0.9847542061207271,0.9523809523809523,0.9878539269175516
known_zero,37,116.22668032085755,0.01,0.51,BR,10.0,0.002,0.10735471463501627,0.9701773048217243,0.9090909090909091,0.9880277102332325
known_zero,37,116.22668032085755,0.02,0.52,BR,10.0,0.002,0.19402183106995358,0.9428671070991043,0.8333333333333333,0.9883679077556445
known_zero,37,116.22668032085755,0.05,0.55,BR,10.0,0.002,0.4161905038635243,0.8732809652784623,0.6666666666666665,0.9893319162183324
jittered_zero,37,116.2855229268188,-0.05,0.45,BR,10.0,0.002,0.42018978891500997,0.7918967212034173,0.6666666666666666,0.9853831971644563
jittered_zero,37,116.2855229268188,-0.02,0.48,BR,10.0,0.002,0.1958356414385645,0.8317362860966547,0.8333333333333333,0.9865768206337923
jittered_zero,37,116.2855229268188,-0.01,0.49,BR,10.0,0.002,0.1084433592638219,0.839310100947132,0.9090909090909091,0.9869526844400747
jittered_zero,37,116.2855229268188,-0.005,0.495,BR,10.0,0.002,0.061736957855373246,0.8417176235151748,0.9523809523809523,0.9871366555239404
jittered_zero,37,116.2855229268188,-0.002,0.498,BR,10.0,0.002,0.032638869138424384,0.8427016094182043,0.9803921568627451,0.9872457913336901
jittered_zero,37,116.2855229268188,0.0,0.5,BR,10.0,0.002,0.012763068819522536,0.8431645798759425,1.0,0.9873180337354965
jittered_zero,37,116.2855229268188,0.002,0.502,BR,10.0,0.002,0.032492942898358676,0.8434737021198185,0.9803921568627451,0.9873898669119883
jittered_zero,37,116.2855229268188,0.005,0.505,BR,10.0,0.002,0.06137213194165427,0.8436518694149643,0.9523809523809523,0.9874968542571786
jittered_zero,37,116.2855229268188,0.01,0.51,BR,10.0,0.002,0.10771363376562425,0.8432069338941706,0.9090909090909091,0.9876731518191638
jittered_zero,37,116.2855229268188,0.02,0.52,BR,10.0,0.002,0.19437560099763304,0.8397469302129605,0.8333333333333333,0.9880183147537883
jittered_zero,37,116.2855229268188,0.05,0.55,BR,10.0,0.002,0.41652936374411853,0.8149204720060155,0.6666666666666665,0.9889967281174415
known_zero,38,118.79078286597621,-0.05,0.45,BR,10.0,0.002,0.42330921242207364,0.8268852118962561,0.6666666666666666,0.9823141589593968
known_zero,38,118.79078286597621,-0.02,0.48,BR,10.0,0.002,0.1986779767063689,0.9258562860221626,0.8333333333333333,0.9837766199818431
known_zero,38,118.79078286597621,-0.01,0.49,BR,10.0,0.002,0.11119744273467444,0.9620445216030472,0.9090909090909091,0.9842382739376189
known_zero,38,118.79078286597621,-0.005,0.495,BR,10.0,0.002,0.0644476614339878,0.9807944744523794,0.9523809523809523,0.9844644440820512
known_zero,38,118.79078286597621,-0.002,0.498,BR,10.0,0.002,0.03532378040200649,0.9922622083178766,0.9803921568627451,0.9845986792093877
known_zero,38,118.79078286597621,0.0,0.5,BR,10.0,0.002,0.015430882670446507,0.9999999999999782,1.0,0.9846875633726001
known_zero,38,118.79078286597621,0.002,0.502,BR,10.0,0.002,0.035143736911932594,0.9923072161685051,0.9803921568627451,0.9847759657510798
known_zero,38,118.79078286597621,0.005,0.505,BR,10.0,0.002,0.06399754091414081,0.9810693773997914,0.9523809523809523,0.9849076714747815
known_zero,38,118.79078286597621,0.01,0.51,BR,10.0,0.002,0.11029711744475033,0.9631034121955909,0.9090909090909091,0.9851248075713982
known_zero,38,118.79078286597621,0.02,0.52,BR,10.0,0.002,0.19687665204208704,0.9297923113046027,0.8333333333333333,0.9855503180950376
known_zero,38,118.79078286597621,0.05,0.55,BR,10.0,0.002,0.4187940950325866,0.8469251349788742,0.6666666666666665,0.9867594506554648
jittered_zero,38,118.67966323637259,-0.05,0.45,BR,10.0,0.002,0.423483743473757,0.6620319381176558,0.6666666666666666,0.9821427295964587
jittered_zero,38,118.67966323637259,-0.02,0.48,BR,10.0,0.002,0.1988472226190094,0.6885414221682671,0.8333333333333333,0.9836101338989016
jittered_zero,38,118.67966323637259,-0.01,0.49,BR,10.0,0.002,0.11136500298580987,0.6942359521900137,0.9090909090909091,0.9840733685414412
jittered_zero,38,118.67966323637259,-0.005,0.495,BR,10.0,0.002,0.06461439278122684,0.6964370619990928,0.9523809523809523,0.9843003166819518
jittered_zero,38,118.67966323637259,-0.002,0.498,BR,10.0,0.002,0.03549001882187673,0.6975486591079066,0.9803921568627451,0.9844350146847923
jittered_zero,38,118.67966323637259,0.0,0.5,BR,10.0,0.002,0.015596794302101416,0.6982026332158568,1.0,0.9845242058041256
jittered_zero,38,118.67966323637259,0.002,0.502,BR,10.0,0.002,0.03530932321408572,0.6987871351792635,0.9803921568627451,0.9846129138404157
jittered_zero,38,118.67966323637259,0.005,0.505,BR,10.0,0.002,0.06416264194722426,0.6995342955905633,0.9523809523809523,0.9847450756234699
jittered_zero,38,118.67966323637259,0.01,0.51,BR,10.0,0.002,0.11046141692569758,0.7004378334107283,0.9090909090909091,0.9849629653725045
jittered_zero,38,118.67966323637259,0.02,0.52,BR,10.0,0.002,0.19703937527939558,0.7010033056732639,0.8333333333333333,0.9853899592041593
jittered_zero,38,118.67966323637259,0.05,0.55,BR,10.0,0.002,0.41895229954064556,0.6940855631966845,0.6666666666666665,0.9866033532099865
known_zero,39,121.37012500242065,-0.05,0.45,BR,10.0,0.002,0.41606176651776505,0.8899174040659926,0.6666666666666666,0.9894592883819024
known_zero,39,121.37012500242065,-0.02,0.48,BR,10.0,0.002,0.19201555712708399,0.9548485432257233,0.8333333333333333,0.9903528350230728
known_zero,39,121.37012500242065,-0.01,0.49,BR,10.0,0.002,0.10472175503149302,0.9772374873675108,0.9090909090909091,0.9906325750284833
known_zero,39,121.37012500242065,-0.005,0.495,BR,10.0,0.002,0.05806383634177721,0.9885720274304709,0.9523809523809523,0.9907691957068245
known_zero,39,121.37012500242065,-0.002,0.498,BR,10.0,0.002,0.0289945979003036,0.9954175972954702,0.9803921568627451,0.9908501464107436
known_zero,39,121.37012500242065,0.0,0.5,BR,10.0,0.002,0.00913793205251517,0.9999999999999902,1.0,0.9909036919642857
known_zero,39,121.37012500242065,0.002,0.502,BR,10.0,0.002,0.028886861747832955,0.9954445305150058,0.9803921568627451,0.9909569025438373
known_zero,39,121.37012500242065,0.005,0.505,BR,10.0,0.002,0.057794487076773565,0.9887380789475166,0.9523809523809523,0.991036094604374
known_zero,39,121.37012500242065,0.01,0.51,BR,10.0,0.002,0.10418299304301568,0.9778869113144736,0.9090909090909091,0.9911664340030046
known_zero,39,121.37012500242065,0.02,0.52,BR,10.0,0.002,0.19093752540225728,0.9573339795580451,0.8333333333333333,0.9914210424753103
known_zero,39,121.37012500242065,0.05,0.55,BR,10.0,0.002,0.4133577926429987,0.9036056931295621,0.6666666666666665,0.9921383809135988
jittered_zero,39,121.5525877800734,-0.05,0.45,BR,10.0,0.002,0.41444135791687625,0.702807178819034,0.6666666666666666,0.9910639164484784
jittered_zero,39,121.5525877800734,-0.02,0.48,BR,10.0,0.002,0.1904600228347031,0.7183740920765612,0.8333333333333333,0.9918945616129248
jittered_zero,39,121.5525877800734,-0.01,0.49,BR,10.0,0.002,0.10318709888966196,0.722288909646883,0.9090909090909091,0.9921540225448324
jittered_zero,39,121.5525877800734,-0.005,0.495,BR,10.0,0.002,0.05653948523108532,0.7240041923336518,0.9523809523809523,0.992280627514449
jittered_zero,39,121.5525877800734,-0.002,0.498,BR,10.0,0.002,0.027476387673080856,0.7249561976205221,0.9803921568627451,0.9923556077509035
jittered_zero,39,121.5525877800734,0.0,0.5,BR,10.0,0.002,0.007623798366733938,0.7255588605074841,1.0,0.992405189070468
jittered_zero,39,121.5525877800734,0.002,0.502,BR,10.0,0.002,0.027376790796991866,0.7261360221722277,0.9803921568627451,0.9924544481914228
jittered_zero,39,121.5525877800734,0.005,0.505,BR,10.0,0.002,0.056290484525166475,0.7269541825676101,0.9523809523809523,0.9925277368550933
jittered_zero,39,121.5525877800734,0.01,0.51,BR,10.0,0.002,0.1026890366488752,0.7281919479057783,0.9090909090909091,0.992648300080778
jittered_zero,39,121.5525877800734,0.02,0.52,BR,10.0,0.002,0.1894634116420215,0.7302044616295047,0.8333333333333333,0.9928835875903075
jittered_zero,39,121.5525877800734,0.05,0.55,BR,10.0,0.002,0.41194130358109377,0.7327900918117275,0.6666666666666665,0.9935447298818795
known_zero,40,122.94682929355258,-0.05,0.45,BR,10.0,0.002,0.4126891070127452,0.9224183969071301,0.6666666666666666,0.9928020314542005
known_zero,40,122.94682929355258,-0.02,0.48,BR,10.0,0.002,0.18892061704701535,0.968868042949399,0.8333333333333333,0.993422665726236
known_zero,40,122.94682929355258,-0.01,0.49,BR,10.0,0.002,0.10171501142529107,0.984420537802784,0.9090909090909091,0.993615635591321
known_zero,40,122.94682929355258,-0.005,0.495,BR,10.0,0.002,0.05510039121926321,0.9922071782359841,0.9523809523809523,0.9937096406190316
known_zero,40,122.94682929355258,-0.002,0.498,BR,10.0,0.002,0.026056878578848842,0.9968821649937221,0.9803921568627451,0.993765265835349
known_zero,40,122.94682929355258,0.0,0.5,BR,10.0,0.002,0.006217258333379954,0.9999999999999909,1.0,0.9938020288234346
known_zero,40,122.94682929355258,0.002,0.502,BR,10.0,0.002,0.02598315002340718,0.9969005967355727,0.9803921568627451,0.9938385374139178
known_zero,40,122.94682929355258,0.005,0.505,BR,10.0,0.002,0.05491606221146807,0.9923213121002205,0.9523809523809523,0.993892827013888
known_zero,40,122.94682929355258,0.01,0.51,BR,10.0,0.002,0.10134629898439447,0.9848701230396513,0.9090909090909091,0.9939820615863936
known_zero,40,122.94682929355258,0.02,0.52,BR,10.0,0.002,0.18818275668425014,0.9706128741195642,0.8333333333333333,0.9941559434297562
known_zero,40,122.94682929355258,0.05,0.55,BR,10.0,0.002,0.41083682639132074,0.9324131263108767,0.6666666666666665,0.9946426835938561
jittered_zero,40,122.87399996059301,-0.05,0.45,BR,10.0,0.002,0.4127634459804784,0.8701544972314731,0.6666666666666666,0.9927282303192028
jittered_zero,40,122.87399996059301,-0.02,0.48,BR,10.0,0.002,0.1889911889593539,0.8913845529408082,0.8333333333333333,0.9933525604627156
jittered_zero,40,122.87399996059301,-0.01,0.49,BR,10.0,0.002,0.1017842896186399,0.8953908144444291,0.9090909090909091,0.9935468020795623
jittered_zero,40,122.87399996059301,-0.005,0.495,BR,10.0,0.002,0.05516901604462597,0.8967382094787137,0.9523809523809523,0.9936414498083007
jittered_zero,40,122.87399996059301,-0.002,0.498,BR,10.0,0.002,0.026125109379869168,0.8973336860565699,0.9803921568627451,0.9936974627483905
jittered_zero,40,122.87399996059301,0.0,0.5,BR,10.0,0.002,0.0062852256349710455,0.8976421447906227,1.0,0.9937344850766288
jittered_zero,40,122.87399996059301,0.002,0.502,BR,10.0,0.002,0.02605085318256368,0.8978802254700514,0.9803921568627451,0.9937712536829296
jittered_zero,40,122.87399996059301,0.005,0.505,BR,10.0,0.002,0.05498336797048069,0.8981067232065428,0.9523809523809523,0.9938259345539378
jittered_zero,40,122.87399996059301,0.01,0.51,BR,10.0,0.002,0.10141293931868893,0.898143209489234,0.9090909090909091,0.9939158244965821
jittered_zero,40,122.87399996059301,0.02,0.52,BR,10.0,0.002,0.18824805506793835,0.8970093324477875,0.8333333333333333,0.9940910287729503
jittered_zero,40,122.87399996059301,0.05,0.55,BR,10.0,0.002,0.41089801988542335,0.8860475597221245,0.6666666666666665,0.9945818197949166
random_critical_line,1,115.67481788659867,-0.05,0.45,BR,10.0,0.002,0.41699402769376487,0.40868633548797456,0.6666666666666666,0.988537283743452
random_critical_line,1,115.67481788659867,-0.02,0.48,BR,10.0,0.002,0.19278783322675042,0.42036104455949247,0.8333333333333333,0.9895883044506889
random_critical_line,1,115.67481788659867,-0.01,0.49,BR,10.0,0.002,0.10544288463568907,0.42406833066303656,0.9090909090909091,0.9899184580681358
random_critical_line,1,115.67481788659867,-0.005,0.495,BR,10.0,0.002,0.05875978875268388,0.425886566169692,0.9523809523809523,0.9900799073801774
random_critical_line,1,115.67481788659867,-0.002,0.498,BR,10.0,0.002,0.029675569090880344,0.42696608849884105,0.9803921568627451,0.9901756356941068
random_critical_line,1,115.67481788659867,0.0,0.5,BR,10.0,0.002,0.0098089675087957,0.4276809936553934,1.0,0.9902389834996342
random_critical_line,1,115.67481788659867,0.002,0.502,BR,10.0,0.002,0.029548002656235993,0.4283920680149028,0.9803921568627451,0.9903019569266275
random_critical_line,1,115.67481788659867,0.005,0.505,BR,10.0,0.002,0.0584408629950349,0.42945147971131326,0.9523809523809523,0.9903957197224403
random_critical_line,1,115.67481788659867,0.01,0.51,BR,10.0,0.002,0.10480496403909674,0.43119790595048035,0.9090909090909091,0.9905501489043608
random_critical_line,1,115.67481788659867,0.02,0.52,BR,10.0,0.002,0.191511439306588,0.43461818012706677,0.8333333333333333,0.9908522153984846
random_critical_line,1,115.67481788659867,0.05,0.55,BR,10.0,0.002,0.4137933615875696,0.4442938411488977,0.6666666666666665,0.991706330346891
random_critical_line,2,16.26644896251567,-0.05,0.45,BR,10.0,0.002,0.4099255423530177,0.36104306522646556,0.6666666666666666,0.9955494987155493
random_critical_line,2,16.26644896251567,-0.02,0.48,BR,10.0,0.002,0.1866639569221814,0.36441642808793584,0.8333333333333333,0.995667014456784
random_critical_line,2,16.26644896251567,-0.01,0.49,BR,10.0,0.002,0.09961395820487799,0.36552940610879736,0.9090909090909091,0.9957054695797664
random_critical_line,2,16.26644896251567,-0.005,0.495,BR,10.0,0.002,0.05307476534058668,0.36608372108979137,0.9523809523809523,0.9957245646351142
random_critical_line,2,16.26644896251567,-0.002,0.498,BR,10.0,0.002,0.02407576464930454,0.36641561164839276,0.9803921568627451,0.9957359795057897
random_critical_line,2,16.26644896251567,0.0,0.5,BR,10.0,0.002,0.004265512468202408,0.3666365803840355,1.0,0.9957435719070119
random_critical_line,2,16.26644896251567,0.002,0.502,BR,10.0,0.002,0.024060528976454817,0.3668573154640932,0.9803921568627451,0.9957511503289868
random_critical_line,2,16.26644896251567,0.005,0.505,BR,10.0,0.002,0.053036676041192506,0.3671879793362006,0.9523809523809523,0.9957624918084759
random_critical_line,2,16.26644896251567,0.01,0.51,BR,10.0,0.002,0.0995377787684443,0.36773791336705397,0.9090909090909091,0.9957813247505584
random_critical_line,2,16.26644896251567,0.02,0.52,BR,10.0,0.002,0.18651159134803122,0.3688333687287257,0.8333333333333333,0.9958187313910296
random_critical_line,2,16.26644896251567,0.05,0.55,BR,10.0,0.002,0.4095445111319173,0.3720841240895765,0.6666666666666665,0.9959289064352144
random_critical_line,3,66.1615120626664,-0.05,0.45,BR,10.0,0.002,0.41172918740994197,0.4571459100892255,0.6666666666666666,0.9937554991388438
random_critical_line,3,66.1615120626664,-0.02,0.48,BR,10.0,0.002,0.18804166928738894,0.4665374916121593,0.8333333333333333,0.9942962161990162
random_critical_line,3,66.1615120626664,-0.01,0.49,BR,10.0,0.002,0.10085836800136656,0.4695563388017176,0.9090909090909091,0.9944671745720195
random_critical_line,3,66.1615120626664,-0.005,0.495,BR,10.0,0.002,0.05425408871768299,0.471044572539085,0.9523809523809523,0.9945509755354393
random_critical_line,3,66.1615120626664,-0.002,0.498,BR,10.0,0.002,0.025216529266308494,0.4719307053124406,0.9803921568627451,0.9946007267836718
random_critical_line,3,66.1615120626664,0.0,0.5,BR,10.0,0.002,0.005380774947483589,0.4725186183669002,1.0,0.994633675490234
random_critical_line,3,66.1615120626664,0.002,0.502,BR,10.0,0.002,0.025150451305787268,0.47310425470449535,0.9803921568627451,0.9946664501426395
random_critical_line,3,66.1615120626664,0.005,0.505,BR,10.0,0.002,0.054088890057558146,0.4739784349747597,0.9523809523809523,0.9947152875957161
random_critical_line,3,66.1615120626664,0.01,0.51,BR,10.0,0.002,0.10052794383172257,0.47542398477270664,0.9090909090909091,0.9947958248564245
random_critical_line,3,66.1615120626664,0.02,0.52,BR,10.0,0.002,0.1873806061320945,0.47827215199693873,0.8333333333333333,0.994953726096834
random_critical_line,3,66.1615120626664,0.05,0.55,BR,10.0,0.002,0.41007276790602815,0.48647146928748,0.6666666666666665,0.9954029391789708
random_critical_line,4,93.22698521085066,-0.05,0.45,BR,10.0,0.002,0.41503940747526047,0.39419986436513954,0.6666666666666666,0.9904713883091717
random_critical_line,4,93.22698521085066,-0.02,0.48,BR,10.0,0.002,0.19105235671121798,0.40458818263887714,0.8333333333333333,0.991307202835574
random_critical_line,4,93.22698521085066,-0.01,0.49,BR,10.0,0.002,0.1037749935235064,0.4079395278382676,0.9090909090909091,0.991570911939623
random_critical_line,4,93.22698521085066,-0.005,0.495,BR,10.0,0.002,0.05712471800050474,0.40959377910991634,0.9523809523809523,0.9917000822683876
random_critical_line,4,93.22698521085066,-0.002,0.498,BR,10.0,0.002,0.028059885801917407,0.4105794154215573,0.9803921568627451,0.9917767390114769
random_critical_line,4,93.22698521085066,0.0,0.5,BR,10.0,0.002,0.008206083672834524,0.4112336122488925,1.0,0.9918274943190789
random_critical_line,4,93.22698521085066,0.002,0.502,BR,10.0,0.002,0.027957818664119494,0.41188548680492304,0.9803921568627451,0.9918779719907548
random_critical_line,4,93.22698521085066,0.005,0.505,BR,10.0,0.002,0.056869543506326975,0.4128589315992388,0.9523809523809523,0.9919531711247939
random_critical_line,4,93.22698521085066,0.01,0.51,BR,10.0,0.002,0.10326459703589877,0.4144696473189708,0.9090909090909091,0.9920771354266468
random_critical_line,4,93.22698521085066,0.02,0.52,BR,10.0,0.002,0.19003118369454383,0.41764693747874154,0.8333333333333333,0.9923200160430917
random_critical_line,4,93.22698521085066,0.05,0.55,BR,10.0,0.002,0.41247981889344465,0.4268207641187024,0.6666666666666665,0.9930098348688361
random_critical_line,5,75.52126666078637,-0.05,0.45,BR,10.0,0.002,0.4152021047761062,0.7154781396748879,0.6666666666666666,0.9903102543961105
random_critical_line,5,75.52126666078637,-0.02,0.48,BR,10.0,0.002,0.19140991865857132,0.7291045150509416,0.8333333333333333,0.9909528124637339
random_critical_line,5,75.52126666078637,-0.01,0.49,BR,10.0,0.002,0.10419375880264162,0.7324413810652995,0.9090909090909091,0.9911557634008655
random_critical_line,5,75.52126666078637,-0.005,0.495,BR,10.0,0.002,0.05757341284952648,0.7338801773918027,0.9523809523809523,0.9912552113628045
random_critical_line,5,75.52126666078637,-0.002,0.498,BR,10.0,0.002,0.028526327169100568,0.7346701823556648,0.9803921568627451,0.9913142411858359
random_critical_line,5,75.52126666078637,0.0,0.5,BR,10.0,0.002,0.008684268917510592,0.7351664377032634,1.0,0.9913533304241553
random_critical_line,5,75.52126666078637,0.002,0.502,BR,10.0,0.002,0.028447678563708546,0.7356384484512243,0.9803921568627451,0.9913922097344291
random_critical_line,5,75.52126666078637,0.005,0.505,BR,10.0,0.002,0.05737678649770578,0.7363012037150748,0.9523809523809523,0.9914501374219101
random_critical_line,5,75.52126666078637,0.01,0.51,BR,10.0,0.002,0.10380047153848367,0.737286008511276,0.9090909090909091,0.9915456490029037
random_critical_line,5,75.52126666078637,0.02,0.52,BR,10.0,0.002,0.19062306761669506,0.7388142326042743,0.8333333333333333,0.9917328515637155
random_critical_line,5,75.52126666078637,0.05,0.55,BR,10.0,0.002,0.4132301348878674,0.7400959773038146,0.6666666666666665,0.9922650431566228
random_critical_line,6,84.22539179414463,-0.05,0.45,BR,10.0,0.002,0.41376061126680863,0.4999838310198508,0.6666666666666666,0.9917388095791602
random_critical_line,6,84.22539179414463,-0.02,0.48,BR,10.0,0.002,0.18991849304485342,0.5109547335365503,0.8333333333333333,0.9924318475314637
random_critical_line,6,84.22539179414463,-0.01,0.49,BR,10.0,0.002,0.10268729356026031,0.5143747316764113,0.9090909090909091,0.9926500303562364
random_critical_line,6,84.22539179414463,-0.005,0.495,BR,10.0,0.002,0.056059714214625266,0.5160398958863651,0.9523809523809523,0.9927568092196821
random_critical_line,6,84.22539179414463,-0.002,0.498,BR,10.0,0.002,0.027008378394541947,0.5170246205417072,0.9803921568627451,0.9928201480790543
random_critical_line,6,84.22539179414463,0.0,0.5,BR,10.0,0.002,0.007163523773864645,0.5176751107197731,1.0,0.9928620731028193
random_critical_line,6,84.22539179414463,0.002,0.502,BR,10.0,0.002,0.02692416647591361,0.5183208052129239,0.9803921568627451,0.9929037588890409
random_critical_line,6,84.22539179414463,0.005,0.505,BR,10.0,0.002,0.055849178755271324,0.5192803537502312,0.9523809523809523,0.9929658417341443
random_critical_line,6,84.22539179414463,0.01,0.51,BR,10.0,0.002,0.1022661821918602,0.5208556200873886,0.9090909090909091,0.9930681345969083
random_critical_line,6,84.22539179414463,0.02,0.52,BR,10.0,0.002,0.1890759466717049,0.5239162895576426,0.8333333333333333,0.9932683697400896
random_critical_line,6,84.22539179414463,0.05,0.55,BR,10.0,0.002,0.41164857735016736,0.5323836053814606,0.6666666666666665,0.9938356090578202
random_critical_line,7,55.91558846826685,-0.05,0.45,BR,10.0,0.002,0.41742867052109905,0.42416893529510574,0.6666666666666666,0.988107716464451
random_critical_line,7,55.91558846826685,-0.02,0.48,BR,10.0,0.002,0.19357803216752267,0.4332015377212993,0.8333333333333333,0.9888066416959245
random_critical_line,7,55.91558846826685,-0.01,0.49,BR,10.0,0.002,0.10634060109331658,0.43603146182151153,0.9090909090909091,0.9890301907423706
random_critical_line,7,55.91558846826685,-0.005,0.495,BR,10.0,0.002,0.05970931070663056,0.43741191478001007,0.9523809523809523,0.9891402509547589
random_critical_line,7,55.91558846826685,-0.002,0.498,BR,10.0,0.002,0.03065556278314012,0.4382290891917092,0.9803921568627451,0.9892057451378325
random_critical_line,7,55.91558846826685,0.0,0.5,BR,10.0,0.002,0.010809023948850301,0.4387692375697866,1.0,0.9892491836373473
random_critical_line,7,55.91558846826685,0.002,0.502,BR,10.0,0.002,0.030567922152518807,0.4393056729793609,0.9803921568627451,0.9892924435522471
random_critical_line,7,55.91558846826685,0.005,0.505,BR,10.0,0.002,0.05949020582354,0.4401033553244335,0.9523809523809523,0.989357000158342
random_critical_line,7,55.91558846826685,0.01,0.51,BR,10.0,0.002,0.10590236770855595,0.4414142077174471,0.9090909090909091,0.9894637117752473
random_critical_line,7,55.91558846826685,0.02,0.52,BR,10.0,0.002,0.19270137643502397,0.44396594745727475,0.8333333333333333,0.9896738647792043
random_critical_line,7,55.91558846826685,0.05,0.55,BR,10.0,0.002,0.4152337227314145,0.4510609670764707,0.6666666666666665,0.9902789433057447
random_critical_line,8,14.4429103246933,-0.05,0.45,BR,10.0,0.002,0.4089334857599975,0.7945287297495001,0.6666666666666666,0.9965376302195744
random_critical_line,8,14.4429103246933,-0.02,0.48,BR,10.0,0.002,0.18570544678087678,0.7983284247825257,0.8333333333333333,0.9966218289140721
random_critical_line,8,14.4429103246933,-0.01,0.49,BR,10.0,0.002,0.09866638032861903,0.7992518070766645,0.9090909090909091,0.9966494252191194
random_critical_line,8,14.4429103246933,-0.005,0.495,BR,10.0,0.002,0.05213260751815339,0.7996489780178563,0.9523809523809523,0.9966631363946098
random_critical_line,8,14.4429103246933,-0.002,0.498,BR,10.0,0.002,0.0231368442118713,0.7998666759524081,0.9803921568627451,0.9966713354109088
random_critical_line,8,14.4429103246933,0.0,0.5,BR,10.0,0.002,0.0033287442069322563,0.8000032385479615,1.0,0.9966767899178015
random_critical_line,8,14.4429103246933,0.002,0.502,BR,10.0,0.002,0.023125908039523694,0.8001329566419363,0.9803921568627451,0.9966822352400079
random_critical_line,8,14.4429103246933,0.005,0.505,BR,10.0,0.002,0.05210526701712103,0.800314724182235,0.9523809523809523,0.9966903860366271
random_critical_line,8,14.4429103246933,0.01,0.51,BR,10.0,0.002,0.09861169882538783,0.8005836166832973,0.9090909090909091,0.9967039249979363
random_critical_line,8,14.4429103246933,0.02,0.52,BR,10.0,0.002,0.18559607976502102,0.8009945773964603,0.8333333333333333,0.9967308324300233
random_critical_line,8,14.4429103246933,0.05,0.55,BR,10.0,0.002,0.40865999804927744,0.8012379136095847,0.6666666666666665,0.9968102082863868
random_critical_line,9,78.36085164653298,-0.05,0.45,BR,10.0,0.002,0.4134116440757499,0.4063229138764157,0.6666666666666666,0.9920849542788623
random_critical_line,9,78.36085164653298,-0.02,0.48,BR,10.0,0.002,0.1896121912024083,0.41601274820688905,0.8333333333333333,0.992735877795002
random_critical_line,9,78.36085164653298,-0.01,0.49,BR,10.0,0.002,0.10239356680421252,0.41915688773753973,0.9090909090909091,0.9929416410543797
random_critical_line,9,78.36085164653298,-0.005,0.495,BR,10.0,0.002,0.05577198126560755,0.4207125155536337,0.9523809523809523,0.9930424991632906
random_critical_line,9,78.36085164653298,-0.002,0.498,BR,10.0,0.002,0.02672414959491492,0.42164058980396757,0.9803921568627451,0.9931023762647778
random_critical_line,9,78.36085164653298,0.0,0.5,BR,10.0,0.002,0.006881593109261909,0.42225708753316676,1.0,0.9931420308294279
random_critical_line,9,78.36085164653298,0.002,0.502,BR,10.0,0.002,0.02664450381072664,0.4228718055591663,0.9803921568627451,0.9931814758322465
random_critical_line,9,78.36085164653298,0.005,0.505,BR,10.0,0.002,0.055572862024559,0.4237905365801396,0.9523809523809523,0.9932402527196688
random_critical_line,9,78.36085164653298,0.01,0.51,BR,10.0,0.002,0.10199529417412496,0.425312798633167,0.9090909090909091,0.9933371812944837
random_critical_line,9,78.36085164653298,0.02,0.52,BR,10.0,0.002,0.18881537272691645,0.428323520618054,0.8333333333333333,0.9935272233212114
random_critical_line,9,78.36085164653298,0.05,0.55,BR,10.0,0.002,0.41141481310221395,0.4370814673003385,0.6666666666666665,0.9940679594481102
random_critical_line,10,87.3354419751233,-0.05,0.45,BR,10.0,0.002,0.4141270134409485,0.8308325788257924,0.6666666666666666,0.9913755008857632
random_critical_line,10,87.3354419751233,-0.02,0.48,BR,10.0,0.002,0.19033804621233139,0.8510218123217318,0.8333333333333333,0.99201555694045
random_critical_line,10,87.3354419751233,-0.01,0.49,BR,10.0,0.002,0.10312375594892094,0.8549486030928306,0.9090909090909091,0.9922168704887543
random_critical_line,10,87.3354419751233,-0.005,0.495,BR,10.0,0.002,0.05650448016074976,0.85633474225984,0.9523809523809523,0.9923153629755629
random_critical_line,10,87.3354419751233,-0.002,0.498,BR,10.0,0.002,0.027458078191938344,0.8569800755594462,0.9803921568627451,0.9923737774335285
random_critical_line,10,87.3354419751233,0.0,0.5,BR,10.0,0.002,0.007616492700045773,0.8573328612731965,1.0,0.9924124392784828
random_critical_line,10,87.3354419751233,0.002,0.502,BR,10.0,0.002,0.027380388453668712,0.8576240164933011,0.9803921568627451,0.9924508776874735
random_critical_line,10,87.3354419751233,0.005,0.505,BR,10.0,0.002,0.056310250179010896,0.8579461017628676,0.9523809523809523,0.9925081190892953
random_critical_line,10,87.3354419751233,0.01,0.51,BR,10.0,0.002,0.10273525572655286,0.8581820362996814,0.9090909090909091,0.9926024218521228
random_critical_line,10,87.3354419751233,0.02,0.52,BR,10.0,0.002,0.1895607236563465,0.8575728306815136,0.8333333333333333,0.9927869727893754
random_critical_line,10,87.3354419751233,0.05,0.55,BR,10.0,0.002,0.4121780656090977,0.8485319615505614,0.6666666666666665,0.993309524061722
random_critical_line,11,71.58277162104798,-0.05,0.45,BR,10.0,0.002,0.41712178294621743,0.42789025925364865,0.6666666666666666,0.9884110009800233
random_critical_line,11,71.58277162104798,-0.02,0.48,BR,10.0,0.002,0.19311932088362083,0.4380719213133664,0.8333333333333333,0.9892603225063663
random_critical_line,11,71.58277162104798,-0.01,0.49,BR,10.0,0.002,0.10583507796063202,0.44124485267448704,0.9090909090909091,0.9895302947791442
random_critical_line,11,71.58277162104798,-0.005,0.495,BR,10.0,0.002,0.059181061752403466,0.4427890954533542,0.9523809523809523,0.9896629012905032
random_critical_line,11,71.58277162104798,-0.002,0.498,BR,10.0,0.002,0.0301138920459205,0.443702057372103,0.9803921568627451,0.9897417140893076
random_critical_line,11,71.58277162104798,0.0,0.5,BR,10.0,0.002,0.010258493506168113,0.4443050248171791,1.0,0.9897939453685382
random_critical_line,11,71.58277162104798,0.002,0.502,BR,10.0,0.002,0.030008602026582763,0.444903446337236,0.9803921568627451,0.9898459294998485
random_critical_line,11,71.58277162104798,0.005,0.505,BR,10.0,0.002,0.05891783153747252,0.445792543628114,0.9523809523809523,0.9899234447586714
random_critical_line,11,71.58277162104798,0.01,0.51,BR,10.0,0.002,0.10530858062570456,0.4472515758640139,0.9090909090909091,0.9900514170148722
random_critical_line,11,71.58277162104798,0.02,0.52,BR,10.0,0.002,0.19206603094580282,0.4500839814492249,0.8333333333333333,0.9903028493951035
random_critical_line,11,71.58277162104798,0.05,0.55,BR,10.0,0.002,0.4144833878386636,0.4578960441685097,0.6666666666666665,0.9910222629849359
random_critical_line,12,104.59533483358547,-0.05,0.45,BR,10.0,0.002,0.4123310967094968,0.4761955304918526,0.6666666666666666,0.9931575284425427
random_critical_line,12,104.59533483358547,-0.02,0.48,BR,10.0,0.002,0.1884935136056661,0.4875470060966527,0.8333333333333333,0.9938470505871485
random_critical_line,12,104.59533483358547,-0.01,0.49,BR,10.0,0.002,0.1012647860254721,0.4911780826148063,0.9090909090909091,0.9940630873076276
random_critical_line,12,104.59533483358547,-0.005,0.495,BR,10.0,0.002,0.054638603718495646,0.4929646401764148,0.9523809523809523,0.9941686292799189
random_critical_line,12,104.59533483358547,-0.002,0.498,BR,10.0,0.002,0.025588155371670668,0.494027266485133,0.9803921568627451,0.9942311758608247
random_critical_line,12,104.59533483358547,0.0,0.5,BR,10.0,0.002,0.005743912400762912,0.49473179849802995,1.0,0.9942725523230123
random_critical_line,12,104.59533483358547,0.002,0.502,BR,10.0,0.002,0.02550518246610924,0.49543321840349275,0.9803921568627451,0.9943136735327741
random_critical_line,12,104.59533483358547,0.005,0.505,BR,10.0,0.002,0.05443116472084684,0.49647950659566137,0.9523809523809523,0.9943748800153541
random_critical_line,12,104.59533483358547,0.01,0.51,BR,10.0,0.002,0.10084985993016433,0.49820771987743,0.9090909090909091,0.9944756356055425
random_critical_line,12,104.59533483358547,0.02,0.52,BR,10.0,0.002,0.18766327655773327,0.5016055151297024,0.8333333333333333,0.9946725218495216
random_critical_line,12,104.59533483358547,0.05,0.55,BR,10.0,0.002,0.4102487626746031,0.5113283083000414,0.6666666666666665,0.995227768884031
random_critical_line,13,44.573968321733346,-0.05,0.45,BR,10.0,0.002,0.41898584512355375,0.2687521380296874,0.6666666666666666,0.9865702575805129
random_critical_line,13,44.573968321733346,-0.02,0.48,BR,10.0,0.002,0.1952055169916666,0.2747630477769241,0.8333333333333333,0.9871986827118898
random_critical_line,13,44.573968321733346,-0.01,0.49,BR,10.0,0.002,0.10798919848623635,0.27674760722614866,0.9090909090909091,0.9874010214395145
random_critical_line,13,44.573968321733346,-0.005,0.495,BR,10.0,0.002,0.06136804728348539,0.27773614002828795,0.9523809523809523,0.987500887852509
random_critical_line,13,44.573968321733346,-0.002,0.498,BR,10.0,0.002,0.03232025171797803,0.2783280396558785,0.9803921568627451,0.9875603951575396
random_critical_line,13,44.573968321733346,0.0,0.5,BR,10.0,0.002,0.012477627005762227,0.2787221262525306,1.0,0.9875998958115019
random_critical_line,13,44.573968321733346,0.002,0.502,BR,10.0,0.002,0.03224039633293467,0.2791157996614308,0.9803921568627451,0.9876392603220107
random_critical_line,13,44.573968321733346,0.005,0.505,BR,10.0,0.002,0.06116840661596446,0.2797055300909742,0.9523809523809523,0.9876980528693605
random_critical_line,13,44.573968321733346,0.01,0.51,BR,10.0,0.002,0.10758990140157923,0.28068631627355073,0.9090909090909091,0.987795366513943
random_critical_line,13,44.573968321733346,0.02,0.52,BR,10.0,0.002,0.19440679681791817,0.28263989731020367,0.8333333333333333,0.9879874931927572
random_critical_line,13,44.573968321733346,0.05,0.55,BR,10.0,0.002,0.4169868387700375,0.2884343190025843,0.6666666666666665,0.9885443902881308
random_critical_line,14,52.06573865508001,-0.05,0.45,BR,10.0,0.002,0.4151308262057614,0.3526643314421456,0.6666666666666666,0.9903808448110037
random_critical_line,14,52.06573865508001,-0.02,0.48,BR,10.0,0.002,0.19138749095708918,0.36033404161406296,0.8333333333333333,0.9909750375068221
random_critical_line,14,52.06573865508001,-0.01,0.49,BR,10.0,0.002,0.10418429303358881,0.3628313303670108,0.9090909090909091,0.9911651454968216
random_critical_line,14,52.06573865508001,-0.005,0.495,BR,10.0,0.002,0.05756984094380394,0.3640685755762816,0.9523809523809523,0.9912587520392899
random_critical_line,14,52.06573865508001,-0.002,0.498,BR,10.0,0.002,0.028526108127851675,0.3648072416090161,0.9803921568627451,0.9913144583245691
random_critical_line,14,52.06573865508001,0.0,0.5,BR,10.0,0.002,0.008686209689034923,0.3652981444101446,1.0,0.9913514064357081
random_critical_line,14,52.06573865508001,0.002,0.502,BR,10.0,0.002,0.028451719364015235,0.36578781017049594,0.9803921568627451,0.9913882037245777
random_critical_line,14,52.06573865508001,0.005,0.505,BR,10.0,0.002,0.05738386628920951,0.3665199818920355,0.9523809523809523,0.9914431181864982
random_critical_line,14,52.06573865508001,0.01,0.51,BR,10.0,0.002,0.10381232411686081,0.36773403522928094,0.9090909090909091,0.991533896700032
random_critical_line,14,52.06573865508001,0.02,0.52,BR,10.0,0.002,0.1906433962516801,0.37013858924110715,0.8333333333333333,0.9917126911934905
random_critical_line,14,52.06573865508001,0.05,0.55,BR,10.0,0.002,0.4132678428789568,0.3771606201409454,0.6666666666666665,0.9922276275406554
random_critical_line,15,34.083930540703776,-0.05,0.45,BR,10.0,0.002,0.4146794099642685,0.3462316529201266,0.6666666666666666,0.990828019733033
random_critical_line,15,34.083930540703776,-0.02,0.48,BR,10.0,0.002,0.1911419053550279,0.35223623650310426,0.8333333333333333,0.9912184365944686
random_critical_line,15,34.083930540703776,-0.01,0.49,BR,10.0,0.002,0.10400332782923617,0.35420225520471704,0.9090909090909091,0.9913445281304417
random_critical_line,15,34.083930540703776,-0.005,0.495,BR,10.0,0.002,0.0574204650995207,0.3551784668002851,0.9523809523809523,0.9914068332118788
random_critical_line,15,34.083930540703776,-0.002,0.498,BR,10.0,0.002,0.028395458624324445,0.35576200171295386,0.9803921568627451,0.9914439815272755
random_critical_line,15,34.083930540703776,0.0,0.5,BR,10.0,0.002,0.008567950491111804,0.3561501078655508,1.0,0.9914686497903091
random_critical_line,15,34.083930540703776,0.002,0.502,BR,10.0,0.002,0.028345775766278718,0.35653747824558607,0.9803921568627451,0.9914932405215238
random_critical_line,15,34.083930540703776,0.005,0.505,BR,10.0,0.002,0.057296256824145644,0.35711715041015624,0.9523809523809523,0.9915299817927054
random_critical_line,15,34.083930540703776,0.01,0.51,BR,10.0,0.002,0.10375490320509674,0.3580795672701349,0.9090909090909091,0.9915908331150803
random_critical_line,15,34.083930540703776,0.02,0.52,BR,10.0,0.002,0.19064499151649195,0.3599904194225313,0.8333333333333333,0.9917111091503926
random_critical_line,15,34.083930540703776,0.05,0.55,BR,10.0,0.002,0.4134359946866777,0.36560939161869743,0.6666666666666665,0.9920607966982606
random_critical_line,16,20.878369869579164,-0.05,0.45,BR,10.0,0.002,0.41035078636423306,0.8479272091666322,0.6666666666666666,0.9951262372544307
random_critical_line,16,20.878369869579164,-0.02,0.48,BR,10.0,0.002,0.1870362340535955,0.8562086109102673,0.8333333333333333,0.9952964193831135
random_critical_line,16,20.878369869579164,-0.01,0.49,BR,10.0,0.002,0.09996923690708681,0.8578265417610546,0.9090909090909091,0.9953517794657541
random_critical_line,16,20.878369869579164,-0.005,0.495,BR,10.0,0.002,0.053421665291324416,0.8584131392244223,0.9523809523809523,0.9953792077383021
random_critical_line,16,20.878369869579164,-0.002,0.498,BR,10.0,0.002,0.02441767554964528,0.8586937643008744,0.9803921568627451,0.9953955847161955
random_critical_line,16,20.878369869579164,0.0,0.5,BR,10.0,0.002,0.004604113171870505,0.8588511751180334,1.0,0.9954064695076664
random_critical_line,16,20.878369869579164,0.002,0.502,BR,10.0,0.002,0.02439583210840531,0.8589849062763592,0.9803921568627451,0.995417327818632
random_critical_line,16,20.878369869579164,0.005,0.505,BR,10.0,0.002,0.05336705640404236,0.8591412607004832,0.9523809523809523,0.9954335657734629
random_critical_line,16,20.878369869579164,0.01,0.51,BR,10.0,0.002,0.09986001710263692,0.8592846849876763,0.9090909090909091,0.9954604975294411
random_critical_line,16,20.878369869579164,0.02,0.52,BR,10.0,0.002,0.1868177782051776,0.8591399893335004,0.8333333333333333,0.9955138714578113
random_critical_line,16,20.878369869579164,0.05,0.55,BR,10.0,0.002,0.4098043625032346,0.8555081602568596,0.6666666666666665,0.9956701465641521
random_critical_line,17,103.60153443879253,-0.05,0.45,BR,10.0,0.002,0.4160413313106197,0.7572677745632865,0.6666666666666666,0.9894795083940218
random_critical_line,17,103.60153443879253,-0.02,0.48,BR,10.0,0.002,0.192069094257811,0.7760990008175651,0.8333333333333333,0.9902998157931396
random_critical_line,17,103.60153443879253,-0.01,0.49,BR,10.0,0.002,0.10479708140934768,0.7801948854482712,0.9090909090909091,0.9905579570752069
random_critical_line,17,103.60153443879253,-0.005,0.495,BR,10.0,0.002,0.058149548740051744,0.7818135693779983,0.9523809523809523,0.9906842781422199
random_critical_line,17,103.60153443879253,-0.002,0.498,BR,10.0,0.002,0.029086382737847447,0.7826472717151046,0.9803921568627451,0.9907592055645842
random_critical_line,17,103.60153443879253,0.0,0.5,BR,10.0,0.002,0.009233699675061928,0.7831460023958149,1.0,0.990808800017394
random_critical_line,17,103.60153443879253,0.002,0.502,BR,10.0,0.002,0.028986560200290792,0.7835992886156968,0.9803921568627451,0.990858110598985
random_critical_line,17,103.60153443879253,0.005,0.505,BR,10.0,0.002,0.057899985196867315,0.7841945414344869,0.9523809523809523,0.9909315476742974
random_critical_line,17,103.60153443879253,0.01,0.51,BR,10.0,0.002,0.10429790289762536,0.7849634500387488,0.9090909090909091,0.9910525457557455
random_critical_line,17,103.60153443879253,0.02,0.52,BR,10.0,0.002,0.19107032577429742,0.7856884476083588,0.8333333333333333,0.9912893901339545
random_critical_line,17,103.60153443879253,0.05,0.55,BR,10.0,0.002,0.4135372031380933,0.782090666527872,0.6666666666666665,0.9919603968420593
random_critical_line,18,16.493213114599975,-0.05,0.45,BR,10.0,0.002,0.41003789622139636,0.34227539714719235,0.6666666666666666,0.9954376511615765
random_critical_line,18,16.493213114599975,-0.02,0.48,BR,10.0,0.002,0.18677210496647548,0.34560704349894245,0.8333333333333333,0.9955593408388528
random_critical_line,18,16.493213114599975,-0.01,0.49,BR,10.0,0.002,0.09972073833412054,0.3467084232685469,0.9090909090909091,0.9955991536973499
random_critical_line,18,16.493213114599975,-0.005,0.495,BR,10.0,0.002,0.053180867779294524,0.3472573723714954,0.9523809523809523,0.9956189214351246
random_critical_line,18,16.493213114599975,-0.002,0.498,BR,10.0,0.002,0.02418146246487165,0.3475861820957581,0.9803921568627451,0.9956307379498736
random_critical_line,18,16.493213114599975,0.0,0.5,BR,10.0,0.002,0.004370941361385839,0.34780515473997414,1.0,0.9956385972981068
random_critical_line,18,16.493213114599975,0.002,0.502,BR,10.0,0.002,0.02416568960652526,0.34802393997156683,0.9803921568627451,0.9956464420163172
random_critical_line,18,16.493213114599975,0.005,0.505,BR,10.0,0.002,0.05314143550930177,0.3483517657834505,0.9523809523809523,0.9956581817233007
random_critical_line,18,16.493213114599975,0.01,0.51,BR,10.0,0.002,0.0996418729075111,0.3488972009670143,0.9090909090909091,0.9956776751456113
random_critical_line,18,16.493213114599975,0.02,0.52,BR,10.0,0.002,0.18661436702013545,0.34998452589337853,0.8333333333333333,0.995716390710773
random_critical_line,18,16.493213114599975,0.05,0.55,BR,10.0,0.002,0.4096434272115841,0.3532178257064041,0.6666666666666665,0.9958303979242811
random_critical_line,19,83.72452343010441,-0.05,0.45,BR,10.0,0.002,0.41304951217024966,0.4312527713805621,0.6666666666666666,0.9924442849523977
random_critical_line,19,83.72452343010441,-0.02,0.48,BR,10.0,0.002,0.1891826335463187,0.441524845933902,0.8333333333333333,0.9931624066946028
random_critical_line,19,83.72452343010441,-0.01,0.49,BR,10.0,0.002,0.1019435679466186,0.44482320427751576,0.9090909090909091,0.9933885642084246
random_critical_line,19,83.72452343010441,-0.005,0.495,BR,10.0,0.002,0.05531212506500944,0.4464484140937182,0.9523809523809523,0.9934992609283044
random_critical_line,19,83.72452343010441,-0.002,0.498,BR,10.0,0.002,0.02625849297994487,0.4474158252881253,0.9803921568627451,0.9935649286425575
random_critical_line,19,83.72452343010441,0.0,0.5,BR,10.0,0.002,0.006412116533230546,0.44805754205155873,1.0,0.993608397215056
random_critical_line,19,83.72452343010441,0.002,0.502,BR,10.0,0.002,0.026171244573114146,0.4486966744682651,0.9803921568627451,0.993651619381424
random_critical_line,19,83.72452343010441,0.005,0.505,BR,10.0,0.002,0.05509399819819175,0.44965051821965857,0.9523809523809523,0.9937159934460098
random_critical_line,19,83.72452343010441,0.01,0.51,BR,10.0,0.002,0.10150727242788259,0.4512272780562262,0.9090909090909091,0.9938220697487384
random_critical_line,19,83.72452343010441,0.02,0.52,BR,10.0,0.002,0.18830970818930334,0.45433191729690264,0.8333333333333333,0.99402974184739
random_critical_line,19,83.72452343010441,0.05,0.55,BR,10.0,0.002,0.4108613438460152,0.4632515708635282,0.6666666666666665,0.9946182977858641
random_critical_line,20,57.745680608883475,-0.05,0.45,BR,10.0,0.002,0.41443402992926126,0.34224131152774706,0.6666666666666666,0.9910711789791936
random_critical_line,20,57.745680608883475,-0.02,0.48,BR,10.0,0.002,0.19071141783773954,0.3500684794646822,0.8333333333333333,0.9916452356175638
random_critical_line,20,57.745680608883475,-0.01,0.49,BR,10.0,0.002,0.10351537709036418,0.35263882940514235,0.9090909090909091,0.9918283734621636
random_critical_line,20,57.745680608883475,-0.005,0.495,BR,10.0,0.002,0.05690454537962805,0.3539165067301209,0.9523809523809523,0.9919184515132068
random_critical_line,20,57.745680608883475,-0.002,0.498,BR,10.0,0.002,0.027862997554700397,0.35468068451860535,0.9803921568627451,0.991972027419617
random_critical_line,20,57.745680608883475,0.0,0.5,BR,10.0,0.002,0.008024560956281094,0.35518911779752643,1.0,0.9920075498817933
random_critical_line,20,57.745680608883475,0.002,0.502,BR,10.0,0.002,0.027791536538775582,0.35569673252811784,0.9803921568627451,0.9920429172813661
random_critical_line,20,57.745680608883475,0.005,0.505,BR,10.0,0.002,0.056725889808712356,0.35645661300944165,0.9523809523809523,0.9920956791013404
random_critical_line,20,57.745680608883475,0.01,0.51,BR,10.0,0.002,0.10315804429731379,0.3577189437903313,0.9090909090909091,0.9921828495942812
random_critical_line,20,57.745680608883475,0.02,0.52,BR,10.0,0.002,0.18999657902686998,0.36022792288696287,0.8333333333333333,0.9923543555416231
random_critical_line,20,57.745680608883475,0.05,0.55,BR,10.0,0.002,0.41264389978639554,0.3676261809269814,0.6666666666666665,0.9928469142948638
random_critical_line,21,84.02280967991845,-0.05,0.45,BR,10.0,0.002,0.41326033611016005,0.4490246847286764,0.6666666666666666,0.9922350759920058
random_critical_line,21,84.02280967991845,-0.02,0.48,BR,10.0,0.002,0.1894165281953688,0.4594691886696334,0.8333333333333333,0.9929301384862433
random_critical_line,21,84.02280967991845,-0.01,0.49,BR,10.0,0.002,0.10218488919646483,0.462806115855112,0.9090909090909091,0.9931488673616612
random_critical_line,21,84.02280967991845,-0.005,0.495,BR,10.0,0.002,0.055557112646474754,0.46444707400377616,0.9523809523809523,0.9932558957591211
random_critical_line,21,84.02280967991845,-0.002,0.498,BR,10.0,0.002,0.026505665644250262,0.46542280592296703,0.9803921568627451,0.9933193769000737
random_critical_line,21,84.02280967991845,0.0,0.5,BR,10.0,0.002,0.006660739860246694,0.4660696006799107,1.0,0.9933613936962796
random_critical_line,21,84.02280967991845,0.002,0.502,BR,10.0,0.002,0.026421313756079333,0.4667134363682922,0.9803921568627451,0.9934031687990248
random_critical_line,21,84.02280967991845,0.005,0.505,BR,10.0,0.002,0.05534622722844224,0.4676736336583317,0.9523809523809523,0.99346538103183
random_critical_line,21,84.02280967991845,0.01,0.51,BR,10.0,0.002,0.10176307766200202,0.4692591175817312,0.9090909090909091,0.993567877374769
random_critical_line,21,84.02280967991845,0.02,0.52,BR,10.0,0.002,0.18857257950120448,0.4723742508405508,0.8333333333333333,0.9937684742864593
random_critical_line,21,84.02280967991845,0.05,0.55,BR,10.0,0.002,0.411144761669539,0.4812707984523303,0.6666666666666665,0.9943364451755817
random_critical_line,22,109.77912990487772,-0.05,0.45,BR,10.0,0.002,0.4330345669065359,0.1963682624973697,0.6666666666666666,0.9728071101913532
random_critical_line,22,109.77912990487772,-0.02,0.48,BR,10.0,0.002,0.20821074380405158,0.20344630387773951,0.8333333333333333,0.9744430645734311
random_critical_line,22,109.77912990487772,-0.01,0.49,BR,10.0,0.002,0.12066527243889494,0.2058055044578607,0.9090909090909091,0.9749636481415918
random_critical_line,22,109.77912990487772,-0.005,0.495,BR,10.0,0.002,0.07388290320072684,0.2069847762717993,0.9523809523809523,0.9752194669238154
random_critical_line,22,109.77912990487772,-0.002,0.498,BR,10.0,0.002,0.04473943367075466,0.20769219610834208,0.9803921568627451,0.975371547343051
random_critical_line,22,109.77912990487772,0.0,0.5,BR,10.0,0.002,0.024833462600627285,0.20816374085762038,1.0,0.9754723511284061
random_critical_line,22,109.77912990487772,0.002,0.502,BR,10.0,0.002,0.044533232336023514,0.20863522592085912,0.9803921568627451,0.9755726909953042
random_critical_line,22,109.77912990487772,0.005,0.505,BR,10.0,0.002,0.07336738920528575,0.2093423324292367,0.9523809523809523,0.9757223358144806
random_critical_line,22,109.77912990487772,0.01,0.51,BR,10.0,0.002,0.11963416831289045,0.2105204855368484,0.9090909090909091,0.9759694556389137
random_critical_line,22,109.77912990487772,0.02,0.52,BR,10.0,0.002,0.20614792640316598,0.21287521633406412,0.8333333333333333,0.976455237342189
random_critical_line,22,109.77912990487772,0.05,0.55,BR,10.0,0.002,0.4278668556939029,0.21992219460557613,0.6666666666666665,0.9778473083300047
random_critical_line,23,78.24505918641165,-0.05,0.45,BR,10.0,0.002,0.4134010279045004,0.4097390180923974,0.6666666666666666,0.9920954864785367
random_critical_line,23,78.24505918641165,-0.02,0.48,BR,10.0,0.002,0.18962061131947336,0.41943468049457827,0.8333333333333333,0.9927275188778879
random_critical_line,23,78.24505918641165,-0.01,0.49,BR,10.0,0.002,0.10240805323441901,0.4225823414170866,0.9090909090909091,0.9929272569787846
random_critical_line,23,78.24505918641165,-0.005,0.495,BR,10.0,0.002,0.055789450193774334,0.42414003972553294,0.9523809523809523,0.9930251519267254
random_critical_line,23,78.24505918641165,-0.002,0.498,BR,10.0,0.002,0.02674339202149289,0.425069456904185,0.9803921568627451,0.9930832667490754
random_critical_line,23,78.24505918641165,0.0,0.5,BR,10.0,0.002,0.006902011249603992,0.42568689217002154,1.0,0.993121752923082
random_critical_line,23,78.24505918641165,0.002,0.502,BR,10.0,0.002,0.02666609239694691,0.4263025817043482,0.9803921568627451,0.993160034679766
random_critical_line,23,78.24505918641165,0.005,0.505,BR,10.0,0.002,0.055596196452581056,0.42722283399126343,0.9523809523809523,0.9932170762968884
random_critical_line,23,78.24505918641165,0.01,0.51,BR,10.0,0.002,0.10202151232368843,0.42874780326822653,0.9090909090909091,0.9933111381731002
random_critical_line,23,78.24505918641165,0.02,0.52,BR,10.0,0.002,0.18884726203996471,0.4317645906277474,0.8333333333333333,0.9934955409257324
random_critical_line,23,78.24505918641165,0.05,0.55,BR,10.0,0.002,0.41146297068421794,0.44054604188777396,0.6666666666666665,0.9940200886915147
random_critical_line,24,21.2302572155262,-0.05,0.45,BR,10.0,0.002,0.41018238055649614,0.8015862794689189,0.6666666666666666,0.9952938364041549
random_critical_line,24,21.2302572155262,-0.02,0.48,BR,10.0,0.002,0.18686720103820728,0.8081584834589998,0.8333333333333333,0.9954646715577727
random_critical_line,24,21.2302572155262,-0.01,0.49,BR,10.0,0.002,0.09980003929560691,0.8096345284230604,0.9090909090909091,0.9955202048576074
random_critical_line,24,21.2302572155262,-0.005,0.495,BR,10.0,0.002,0.053252393480772695,0.8102368459782665,0.9523809523809523,0.9955477116400596
random_critical_line,24,21.2302572155262,-0.002,0.498,BR,10.0,0.002,0.024248361781216768,0.8105548775399357,0.9803921568627451,0.9955641331621047
random_critical_line,24,21.2302572155262,0.0,0.5,BR,10.0,0.002,0.004434772491929922,0.8107488759006758,1.0,0.9955750465891062
random_critical_line,24,21.2302572155262,0.002,0.502,BR,10.0,0.002,0.024226465361423803,0.8109284899448699,0.9803921568627451,0.9955859326909602
random_critical_line,24,21.2302572155262,0.005,0.505,BR,10.0,0.002,0.05319765213268728,0.8111710184999088,0.9523809523809523,0.9956022107555421
random_critical_line,24,21.2302572155262,0.01,0.51,BR,10.0,0.002,0.09969055446654332,0.8115038832039315,0.9090909090909091,0.9956292051838979
random_critical_line,24,21.2302572155262,0.02,0.52,BR,10.0,0.002,0.18664821431647102,0.8119052384894643,0.8333333333333333,0.99568268897339
random_critical_line,24,21.2302572155262,0.05,0.55,BR,10.0,0.002,0.4096346150865763,0.8110904432731726,0.6666666666666665,0.9958391733448991
random_critical_line,25,74.17467388308766,-0.05,0.45,BR,10.0,0.002,0.4244918408965646,0.21788238531002663,0.6666666666666666,0.9811531329306538
random_critical_line,25,74.17467388308766,-0.02,0.48,BR,10.0,0.002,0.2002680427585132,0.2244357571190457,0.8333333333333333,0.9822135931627749
random_critical_line,25,74.17467388308766,-0.01,0.49,BR,10.0,0.002,0.11291169606364466,0.22661703788113086,0.9090909090909091,0.9825524855470305
random_critical_line,25,74.17467388308766,-0.005,0.495,BR,10.0,0.002,0.06622193566794563,0.22770687374354553,0.9523809523809523,0.9827192828398013
random_critical_line,25,74.17467388308766,-0.002,0.498,BR,10.0,0.002,0.037133417115813624,0.22836049136470804,0.9803921568627451,0.9828185244935895
random_critical_line,25,74.17467388308766,0.0,0.5,BR,10.0,0.002,0.017263826523908767,0.22879611206282277,1.0,0.982884339464678
random_critical_line,25,74.17467388308766,0.002,0.502,BR,10.0,0.002,0.03699977529954229,0.2292316298534386,0.9803921568627451,0.9829498789232949
random_critical_line,25,74.17467388308766,0.005,0.505,BR,10.0,0.002,0.06588782557926956,0.22988470722687704,0.9523809523809523,0.9830476741229004
random_critical_line,25,74.17467388308766,0.01,0.51,BR,10.0,0.002,0.1122434362568232,0.23097261386139906,0.9090909090909091,0.9832093053198989
random_critical_line,25,74.17467388308766,0.02,0.52,BR,10.0,0.002,0.19893120608046683,0.2331461812776496,0.8333333333333333,0.9835275303838452
random_critical_line,25,74.17467388308766,0.05,0.55,BR,10.0,0.002,0.4211441973653087,0.2396457191586051,0.6666666666666665,0.984443187762112
random_critical_line,26,114.3658193455127,-0.05,0.45,BR,10.0,0.002,0.41715114149230914,0.843798246483755,0.6666666666666666,0.988381983096057
random_critical_line,26,114.3658193455127,-0.02,0.48,BR,10.0,0.002,0.1930359163070399,0.8847162711638278,0.8333333333333333,0.9893428347855964
random_critical_line,26,114.3658193455127,-0.01,0.49,BR,10.0,0.002,0.10571913090019402,0.8925426049662522,0.9090909090909091,0.9896450345597799
random_critical_line,26,114.3658193455127,-0.005,0.495,BR,10.0,0.002,0.059049728818708236,0.8948974836294665,0.9523809523809523,0.9897928851580936
random_critical_line,26,114.3658193455127,-0.002,0.498,BR,10.0,0.002,0.029973603478411732,0.8957760214628241,0.9803921568627451,0.9898805732765315
random_critical_line,26,114.3658193455127,0.0,0.5,BR,10.0,0.002,0.010112347781799213,0.8961362187862818,1.0,0.9899386100924681
random_critical_line,26,114.3658193455127,0.002,0.502,BR,10.0,0.002,0.02985668882254137,0.8963165584603676,0.9803921568627451,0.9899963115887296
random_critical_line,26,114.3658193455127,0.005,0.505,BR,10.0,0.002,0.05875743352067938,0.8962542145357244,0.9523809523809523,0.9900822392508083
random_critical_line,26,114.3658193455127,0.01,0.51,BR,10.0,0.002,0.1051344784564955,0.8952939336597552,0.9090909090909091,0.9902238021200781
random_critical_line,26,114.3658193455127,0.02,0.52,BR,10.0,0.002,0.1918661165678786,0.8905041524430741,0.8333333333333333,0.9905008449636181
random_critical_line,26,114.3658193455127,0.05,0.55,BR,10.0,0.002,0.4142179743252167,0.8619809033869071,0.6666666666666665,0.9912853285946988
random_critical_line,27,51.63755610637329,-0.05,0.45,BR,10.0,0.002,0.41504159625391457,0.3165038037657967,0.6666666666666666,0.990469220388912
random_critical_line,27,51.63755610637329,-0.02,0.48,BR,10.0,0.002,0.19132615946265918,0.32362563756236723,0.8333333333333333,0.9910358173506556
random_critical_line,27,51.63755610637329,-0.01,0.49,BR,10.0,0.002,0.1041318503829709,0.3259707503632573,0.9090909090909091,0.9912171261872422
random_critical_line,27,51.63755610637329,-0.005,0.495,BR,10.0,0.002,0.0575217679103172,0.3271376952585104,0.9523809523809523,0.9913064059998968
random_critical_line,27,51.63755610637329,-0.002,0.498,BR,10.0,0.002,0.028480633201852918,0.3278360411861792,0.9803921568627451,0.9913595393012222
random_critical_line,27,51.63755610637329,0.0,0.5,BR,10.0,0.002,0.008642457038257537,0.32830084061706755,1.0,0.9913947816364747
random_critical_line,27,51.63755610637329,0.002,0.502,BR,10.0,0.002,0.0284096811864433,0.32876502523417983,0.9803921568627451,0.9914298807539357
random_critical_line,27,51.63755610637329,0.005,0.505,BR,10.0,0.002,0.05734438525826217,0.3294601434403601,0.9523809523809523,0.9914822621556469
random_critical_line,27,51.63755610637329,0.01,0.51,BR,10.0,0.002,0.10377706641042092,0.33061556145600535,0.9090909090909091,0.9915688565273851
random_critical_line,27,51.63755610637329,0.02,0.52,BR,10.0,0.002,0.19061644215876952,0.3329145776290507,0.8333333333333333,0.9917394222697639
random_critical_line,27,51.63755610637329,0.05,0.55,BR,10.0,0.002,0.41326468795264437,0.3397142223206339,0.6666666666666665,0.9922307579506435
random_critical_line,28,81.56375628658915,-0.05,0.45,BR,10.0,0.002,0.4270900759371119,0.2041149956250947,0.6666666666666666,0.9786071754108239
random_critical_line,28,81.56375628658915,-0.02,0.48,BR,10.0,0.002,0.20267014238595504,0.21062020719213487,0.8333333333333333,0.9798570497157567
random_critical_line,28,81.56375628658915,-0.01,0.49,BR,10.0,0.002,0.11525170939798811,0.21278613526340234,0.9090909090909091,0.9802559875949747
random_critical_line,28,81.56375628658915,-0.005,0.495,BR,10.0,0.002,0.06853150025427615,0.21386840407228794,0.9523809523809523,0.9804522481251081
random_critical_line,28,81.56375628658915,-0.002,0.498,BR,10.0,0.002,0.03942489981522751,0.2145175136581164,0.9803921568627451,0.9805689912156789
random_critical_line,28,81.56375628658915,0.0,0.5,BR,10.0,0.002,0.019543332048675144,0.214950141777553,1.0,0.980646400848434
random_critical_line,28,81.56375628658915,0.002,0.502,BR,10.0,0.002,0.0392673652211286,0.21538267685725912,0.9803921568627451,0.9807234769217982
random_critical_line,28,81.56375628658915,0.005,0.505,BR,10.0,0.002,0.06813765686821865,0.21603129800434756,0.9523809523809523,0.9808384688086164
random_critical_line,28,81.56375628658915,0.01,0.51,BR,10.0,0.002,0.11446397333320588,0.2171118226613076,0.9090909090909091,0.9810284748071952
random_critical_line,28,81.56375628658915,0.02,0.52,BR,10.0,0.002,0.20109427587867365,0.21927077837589162,0.8333333333333333,0.9814023909282559
random_critical_line,28,81.56375628658915,0.05,0.55,BR,10.0,0.002,0.4231435039837819,0.2257273735388865,0.6666666666666665,0.9824769501921581
random_critical_line,29,119.75687489087834,-0.05,0.45,BR,10.0,0.002,0.42409849014153866,0.25489584684143146,0.6666666666666666,0.981539146170611
random_critical_line,29,119.75687489087834,-0.02,0.48,BR,10.0,0.002,0.19953156284655915,0.2637626232024927,0.8333333333333333,0.9829372401864274
random_critical_line,29,119.75687489087834,-0.01,0.49,BR,10.0,0.002,0.11207093646814033,0.26668913772871694,0.9090909090909091,0.9833789233464141
random_critical_line,29,119.75687489087834,-0.005,0.495,BR,10.0,0.002,0.06533083319249293,0.26814642683386536,0.9523809523809523,0.9835953767121521
random_critical_line,29,119.75687489087834,-0.002,0.498,BR,10.0,0.002,0.036212672083642025,0.26901882667064064,0.9803921568627451,0.9837238664981605
random_critical_line,29,119.75687489087834,0.0,0.5,BR,10.0,0.002,0.016323551739878987,0.26959958967102404,1.0,0.9838089554531224
random_critical_line,29,119.75687489087834,0.002,0.502,BR,10.0,0.002,0.03604015482669948,0.2701796750897906,0.9803921568627451,0.9838935904809348
random_critical_line,29,119.75687489087834,0.005,0.505,BR,10.0,0.002,0.06489952890254905,0.27104851774476646,0.9523809523809523,0.9840196971167251
random_critical_line,29,119.75687489087834,0.01,0.51,BR,10.0,0.002,0.11120824826002663,0.2724931042978977,0.9090909090909091,0.9842276387834565
random_critical_line,29,119.75687489087834,0.02,0.52,BR,10.0,0.002,0.19780554932321887,0.2753688346784614,0.8333333333333333,0.9846352681436414
random_critical_line,29,119.75687489087834,0.05,0.55,BR,10.0,0.002,0.4197722978511824,0.2838812865566438,0.6666666666666665,0.9857946717312196
random_critical_line,30,17.246610081763357,-0.05,0.45,BR,10.0,0.002,0.4103719414328357,0.30363684134630653,0.6666666666666666,0.9951051855132896
random_critical_line,30,17.246610081763357,-0.02,0.48,BR,10.0,0.002,0.1870926613403421,0.3068991124929326,0.8333333333333333,0.9952402590911604
random_critical_line,30,17.246610081763357,-0.01,0.49,BR,10.0,0.002,0.10003691363506605,0.30798118642035993,0.9090909090909091,0.9952844195935051
random_critical_line,30,17.246610081763357,-0.005,0.495,BR,10.0,0.002,0.05349487374669395,0.30852119983778736,0.9523809523809523,0.995306340231288
random_critical_line,30,17.246610081763357,-0.002,0.498,BR,10.0,0.002,0.02449417356682413,0.308844877773518,0.9803921568627451,0.9953194418400827
random_critical_line,30,17.246610081763357,0.0,0.5,BR,10.0,0.002,0.004682792014260782,0.3090605249228005,1.0,0.9953281551598192
random_critical_line,30,17.246610081763357,0.002,0.502,BR,10.0,0.002,0.0244766820395136,0.30927606122809537,0.9803921568627451,0.995336851649544
random_critical_line,30,17.246610081763357,0.005,0.505,BR,10.0,0.002,0.053451144780131146,0.3095991572348969,0.9523809523809523,0.9953498649005972
random_critical_line,30,17.246610081763357,0.01,0.51,BR,10.0,0.002,0.09994945464274417,0.3101370923622331,0.9090909090909091,0.9953714699725302
random_critical_line,30,17.246610081763357,0.02,0.52,BR,10.0,0.002,0.1869177348819655,0.31121085355916117,0.8333333333333333,0.9954143681726157
random_critical_line,30,17.246610081763357,0.05,0.55,BR,10.0,0.002,0.4099344769782481,0.31441495484517945,0.6666666666666665,0.9955406038936162
random_critical_line,31,74.17271923470066,-0.05,0.45,BR,10.0,0.002,0.4244975073021328,0.21775631926571432,0.6666666666666666,0.9811475733348295
random_critical_line,31,74.17271923470066,-0.02,0.48,BR,10.0,0.002,0.20027338163002625,0.22430677146816475,0.8333333333333333,0.9822083492646009
random_critical_line,31,74.17271923470066,-0.01,0.49,BR,10.0,0.002,0.11291692933375319,0.22648712052949185,0.9090909090909091,0.9825473435979324
random_critical_line,31,74.17271923470066,-0.005,0.495,BR,10.0,0.002,0.06622711679473232,0.2275764985766075,0.9523809523809523,0.9827141912597912
random_critical_line,31,74.17271923470066,-0.002,0.498,BR,10.0,0.002,0.037138567165290085,0.22822984411065525,0.9803921568627451,0.9828134629425956
random_critical_line,31,74.17271923470066,0.0,0.5,BR,10.0,0.002,0.017268955941742457,0.22866528450853246,1.0,0.982879297853149
random_critical_line,31,74.17271923470066,0.002,0.502,BR,10.0,0.002,0.03700488415476843,0.22910062287570238,0.9803921568627451,0.9829448571874966
random_critical_line,31,74.17271923470066,0.005,0.505,BR,10.0,0.002,0.06589290371962038,0.22975343276509647,0.9523809523809523,0.9830426820815148
random_critical_line,31,74.17271923470066,0.01,0.51,BR,10.0,0.002,0.11224846354827331,0.23084089802268495,0.9090909090909091,0.9832043624525892
random_critical_line,31,74.17271923470066,0.02,0.52,BR,10.0,0.002,0.19893613294836843,0.23301359947333583,0.8333333333333333,0.9835226846855625
random_critical_line,31,74.17271923470066,0.05,0.55,BR,10.0,0.002,0.4211488329518239,0.23951067707515913,0.6666666666666665,0.984438624301123
random_critical_line,32,25.70418411220618,-0.05,0.45,BR,10.0,0.002,0.41237892599309395,0.49020479297476427,0.6666666666666666,0.9931100275654337
random_critical_line,32,25.70418411220618,-0.02,0.48,BR,10.0,0.002,0.18896833818059264,0.4960727058397206,0.8333333333333333,0.9933752596016522
random_critical_line,32,25.70418411220618,-0.01,0.49,BR,10.0,0.002,0.10187034737733516,0.4979174957591617,0.9090909090909091,0.9934613033475838
random_critical_line,32,25.70418411220618,-0.005,0.495,BR,10.0,0.002,0.055307465351079325,0.49881893116873943,0.9523809523809523,0.993503890361436
random_critical_line,32,25.70418411220618,-0.002,0.498,BR,10.0,0.002,0.026294348452586346,0.4993530772736719,0.9803921568627451,0.9935293045411043
random_critical_line,32,25.70418411220618,0.0,0.5,BR,10.0,0.002,0.006474725794609326,0.4997063754446353,1.0,0.9935461900745984
random_critical_line,32,25.70418411220618,0.002,0.502,BR,10.0,0.002,0.026260403971499403,0.500057433731685,0.9803921568627451,0.9935630299501842
random_critical_line,32,25.70418411220618,0.005,0.505,BR,10.0,0.002,0.05522260359376904,0.5005798207669221,0.9523809523809523,0.993588204424936
random_critical_line,32,25.70418411220618,0.01,0.51,BR,10.0,0.002,0.10170061990130157,0.5014392638987163,0.9090909090909091,0.9936299353374743
random_critical_line,32,25.70418411220618,0.02,0.52,BR,10.0,0.002,0.18862885153613196,0.5031161534182765,0.8333333333333333,0.9937125544855396
random_critical_line,32,25.70418411220618,0.05,0.55,BR,10.0,0.002,0.41152965464320396,0.507811832245636,0.6666666666666665,0.9939538057067195
random_critical_line,33,52.08932885627607,-0.05,0.45,BR,10.0,0.002,0.4151401806705296,0.35640182936157633,0.6666666666666666,0.9903715803716159
random_critical_line,33,52.08932885627607,-0.02,0.48,BR,10.0,0.002,0.19139532439452667,0.3641238029173573,0.8333333333333333,0.9909672747962681
random_critical_line,33,52.08932885627607,-0.01,0.49,BR,10.0,0.002,0.10419164125394938,0.3666350026009055,0.9090909090909091,0.9911578622236783
random_critical_line,33,52.08932885627607,-0.005,0.495,BR,10.0,0.002,0.05757695052235282,0.3678785375166517,0.9523809523809523,0.9912517046323821
random_critical_line,33,52.08932885627607,-0.002,0.498,BR,10.0,0.002,0.02853307577570738,0.36862076364011614,0.9803921568627451,0.9913075512185724
random_critical_line,33,52.08932885627607,0.0,0.5,BR,10.0,0.002,0.008693083235659151,0.3691139506470776,1.0,0.9913445923590134
random_critical_line,33,52.08932885627607,0.002,0.502,BR,10.0,0.002,0.028458499222880275,0.3696058291978386,0.9803921568627451,0.9913814822752612
random_critical_line,33,52.08932885627607,0.005,0.505,BR,10.0,0.002,0.05739050638812368,0.3703411860934554,0.9523809523809523,0.9914365349279824
random_critical_line,33,52.08932885627607,0.01,0.51,BR,10.0,0.002,0.10381873332682306,0.3715601903454856,0.9090909090909091,0.9915275417714684
random_critical_line,33,52.08932885627607,0.02,0.52,BR,10.0,0.002,0.19064935125926577,0.373973303187599,0.8333333333333333,0.9917067855544757
random_critical_line,33,52.08932885627607,0.05,0.55,BR,10.0,0.002,0.41327249410824424,0.3810102696999556,0.6666666666666665,0.9922230124731872
random_critical_line,34,85.31831083971072,-0.05,0.45,BR,10.0,0.002,0.416453549311403,0.4311462740079313,0.6666666666666666,0.9890717111857047
random_critical_line,34,85.31831083971072,-0.02,0.48,BR,10.0,0.002,0.1925181392588607,0.44169240335566634,0.8333333333333333,0.989855226439101
random_critical_line,34,85.31831083971072,-0.01,0.49,BR,10.0,0.002,0.1052560503484401,0.4450438602030498,0.9090909090909091,0.9901034260563268
random_critical_line,34,85.31831083971072,-0.005,0.495,BR,10.0,0.002,0.05861306635727889,0.44668828373054614,0.9523809523809523,0.9902251849333054
random_critical_line,34,85.31831083971072,-0.002,0.498,BR,10.0,0.002,0.029552500702422227,0.44766486315593684,0.9803921568627451,0.990297502512705
random_critical_line,34,85.31831083971072,0.0,0.5,BR,10.0,0.002,0.009701498284907139,0.4483117066205014,1.0,0.9903454094333091
random_critical_line,34,85.31831083971072,0.002,0.502,BR,10.0,0.002,0.02945599754739845,0.4489551764570303,0.9803921568627451,0.9903930739575085
random_critical_line,34,85.31831083971072,0.005,0.505,BR,10.0,0.002,0.058371802867259,0.4499140451321189,0.9523809523809523,0.9904641189391953
random_critical_line,34,85.31831083971072,0.01,0.51,BR,10.0,0.002,0.10477348334961416,0.45149522690669847,0.9090909090909091,0.9905813325968549
random_critical_line,34,85.31831083971072,0.02,0.52,BR,10.0,0.002,0.19155268507314818,0.45459388735003214,0.8333333333333333,0.9908113477821264
random_critical_line,34,85.31831083971072,0.05,0.55,BR,10.0,0.002,0.4140343063240956,0.4633780509298317,0.6666666666666665,0.9914674127105435
random_critical_line,35,42.290143080909836,-0.05,0.45,BR,10.0,0.002,0.4103881027141575,0.459708953467248,0.6666666666666666,0.9950891034683953
random_critical_line,35,42.290143080909836,-0.02,0.48,BR,10.0,0.002,0.18688114555172636,0.46724556203592504,0.8333333333333333,0.9954507903839858
random_critical_line,35,42.290143080909836,-0.01,0.49,BR,10.0,0.002,0.09975370336875243,0.46968023441097595,0.9090909090909091,0.9955663342777183
random_critical_line,35,42.290143080909836,-0.005,0.495,BR,10.0,0.002,0.053176577636918146,0.47088290182343434,0.9523809523809523,0.9956231927912126
random_critical_line,35,42.290143080909836,-0.002,0.498,BR,10.0,0.002,0.024155066385531394,0.471599793950311,0.9803921568627451,0.9956570190446835
random_critical_line,35,42.290143080909836,0.0,0.5,BR,10.0,0.002,0.004329910230279213,0.47207575716586825,1.0,0.9956794503140444
random_critical_line,35,42.290143080909836,0.002,0.502,BR,10.0,0.002,0.02411010479910681,0.4725501468493613,0.9803921568627451,0.995701786370192
random_critical_line,35,42.290143080909836,0.005,0.505,BR,10.0,0.002,0.053064171989941254,0.473258778060046,0.9523809523809523,0.9957351127504435
random_critical_line,35,42.290143080909836,0.01,0.51,BR,10.0,0.002,0.09952888006805492,0.47443194394400856,0.9090909090909091,0.9957901859496472
random_critical_line,35,42.290143080909836,0.02,0.52,BR,10.0,0.002,0.18643140289000937,0.4767486374438702,0.8333333333333333,0.995898587761306
random_critical_line,35,42.290143080909836,0.05,0.55,BR,10.0,0.002,0.40926206429047995,0.48346061271831436,0.6666666666666665,0.9962102431385947
random_critical_line,36,119.4631652959751,-0.05,0.45,BR,10.0,0.002,0.4236756734135272,0.29408315692887993,0.6666666666666666,0.9819542450900098
random_critical_line,36,119.4631652959751,-0.02,0.48,BR,10.0,0.002,0.19908242691675312,0.30397693125539105,0.8333333333333333,0.9833788117731496
random_critical_line,36,119.4631652959751,-0.01,0.49,BR,10.0,0.002,0.11161370455169209,0.3071936839607806,0.9090909090909091,0.9838286583849026
random_critical_line,36,119.4631652959751,-0.005,0.495,BR,10.0,0.002,0.06486967564142132,0.3087860305614551,0.9523809523809523,0.98404907375219
random_critical_line,36,119.4631652959751,-0.002,0.498,BR,10.0,0.002,0.035749197732531504,0.3097362137165672,0.9803921568627451,0.9841799029512943
random_critical_line,36,119.4631652959751,0.0,0.5,BR,10.0,0.002,0.01585854879917027,0.31036747092577727,1.0,0.9842665358903835
random_critical_line,36,119.4631652959751,0.002,0.502,BR,10.0,0.002,0.035573635978183214,0.3109969579487566,0.9803921568627451,0.9843527024697004
random_critical_line,36,119.4631652959751,0.005,0.505,BR,10.0,0.002,0.06443075983409191,0.3119378480692921,0.9523809523809523,0.9844810832468107
random_critical_line,36,119.4631652959751,0.01,0.51,BR,10.0,0.002,0.11073579135256673,0.3134970113369987,0.9090909090909091,0.9846927537946614
random_critical_line,36,119.4631652959751,0.02,0.52,BR,10.0,0.002,0.19732594776091908,0.31658112558685125,0.8333333333333333,0.9851076140163944
random_critical_line,36,119.4631652959751,0.05,0.55,BR,10.0,0.002,0.4192730430975349,0.3255506631104745,0.6666666666666665,0.9862869572849283
random_critical_line,37,64.20461405797917,-0.05,0.45,BR,10.0,0.002,0.42238300421030844,0.2787840768635694,0.6666666666666666,0.983224407874897
random_critical_line,37,64.20461405797917,-0.02,0.48,BR,10.0,0.002,0.19830469743294268,0.28619200473375794,0.8333333333333333,0.9841439119507388
random_critical_line,37,64.20461405797917,-0.01,0.49,BR,10.0,0.002,0.1109944592450596,0.2886214256812807,0.9090909090909091,0.9844380783348863
random_critical_line,37,64.20461405797917,-0.005,0.495,BR,10.0,0.002,0.06432732334108478,0.28982830752580674,0.9523809523809523,0.9845829197842101
random_critical_line,37,64.20461405797917,-0.002,0.498,BR,10.0,0.002,0.03525224420145978,0.2905498891647717,0.9803921568627451,0.9846691161773282
random_critical_line,37,64.20461405797917,0.0,0.5,BR,10.0,0.002,0.01539155736183572,0.2910298725934406,1.0,0.9847262872763247
random_critical_line,37,64.20461405797917,0.002,0.502,BR,10.0,0.002,0.03513636548906221,0.29150899395653557,0.9803921568627451,0.9847832249779114
random_critical_line,37,64.20461405797917,0.005,0.505,BR,10.0,0.002,0.06403762207400739,0.29222604987950956,0.9523809523809523,0.9848681960240635
random_critical_line,37,64.20461405797917,0.01,0.51,BR,10.0,0.002,0.11041502466679183,0.2934167702116242,0.9090909090909091,0.9850086610893622
random_critical_line,37,64.20461405797917,0.02,0.52,BR,10.0,0.002,0.1971455719029374,0.2957815725828465,0.8333333333333333,0.9852853196739004
random_critical_line,37,64.20461405797917,0.05,0.55,BR,10.0,0.002,0.419480701545784,0.30273839820918147,0.6666666666666665,0.9860821677297266
random_critical_line,38,82.71226490614599,-0.05,0.45,BR,10.0,0.002,0.419062139501656,0.6209076810644953,0.6666666666666666,0.9864949906875135
random_critical_line,38,82.71226490614599,-0.02,0.48,BR,10.0,0.002,0.19497088772231141,0.636093217330098,0.8333333333333333,0.9874303355927335
random_critical_line,38,82.71226490614599,-0.01,0.49,BR,10.0,0.002,0.10765940042809694,0.6399656137012396,0.9090909090909091,0.9877267180830986
random_critical_line,38,82.71226490614599,-0.005,0.495,BR,10.0,0.002,0.06099218135666148,0.6416730718256151,0.9523809523809523,0.987872125552392
random_critical_line,38,82.71226490614599,-0.002,0.498,BR,10.0,0.002,0.03191722143172701,0.6426242859661834,0.9803921568627451,0.9879584921234689
random_critical_line,38,82.71226490614599,0.0,0.5,BR,10.0,0.002,0.012056683592219368,0.6432279547381866,1.0,0.988015706993209
random_critical_line,38,82.71226490614599,0.002,0.502,BR,10.0,0.002,0.031801695816381634,0.6438072951645425,0.9803921568627451,0.988072633229191
random_critical_line,38,82.71226490614599,0.005,0.505,BR,10.0,0.002,0.06070336088183607,0.6446308197334785,0.9523809523809523,0.9881574844555244
random_critical_line,38,82.71226490614599,0.01,0.51,BR,10.0,0.002,0.1070817135024835,0.6458827126229164,0.9090909090909091,0.9882974797391151
random_critical_line,38,82.71226490614599,0.02,0.52,BR,10.0,0.002,0.19381514602488709,0.6479401342668645,0.8333333333333333,0.988572209733556
random_critical_line,38,82.71226490614599,0.05,0.55,BR,10.0,0.002,0.4161663436374513,0.6507362139650184,0.6666666666666665,0.9893558189898365
random_critical_line,39,42.9795477337457,-0.05,0.45,BR,10.0,0.002,0.4120446469234913,0.6263477252736043,0.6666666666666666,0.9934420589539416
random_critical_line,39,42.9795477337457,-0.02,0.48,BR,10.0,0.002,0.18848996945697372,0.6351647925769467,0.8333333333333333,0.9938505729351151
random_critical_line,39,42.9795477337457,-0.01,0.49,BR,10.0,0.002,0.10134720237855142,0.6376902207226032,0.9090909090909091,0.9939811636292126
random_critical_line,39,42.9795477337457,-0.005,0.495,BR,10.0,0.002,0.05476252118631428,0.638875221471567,0.9523809523809523,0.9940454420534759
random_critical_line,39,42.9795477337457,-0.002,0.498,BR,10.0,0.002,0.02573651063012554,0.6395614073981909,0.9803921568627451,0.9940836873783823
random_critical_line,39,42.9795477337457,0.0,0.5,BR,10.0,0.002,0.0059083690324527845,0.6400085449001948,1.0,0.994109051052878
random_critical_line,39,42.9795477337457,0.002,0.502,BR,10.0,0.002,0.025685589400377525,0.6404474399396701,0.9803921568627451,0.9941343086310533
random_critical_line,39,42.9795477337457,0.005,0.505,BR,10.0,0.002,0.054635216304676305,0.6410903566385893,0.9523809523809523,0.9941719969461763
random_critical_line,39,42.9795477337457,0.01,0.51,BR,10.0,0.002,0.10109257970600047,0.6421208751590883,0.9090909090909091,0.9942342859935404
random_critical_line,39,42.9795477337457,0.02,0.52,BR,10.0,0.002,0.1879806208308725,0.6440291655876753,0.8333333333333333,0.9943569183012013
random_critical_line,39,42.9795477337457,0.05,0.55,BR,10.0,0.002,0.4107694671789982,0.6485613214931762,0.6666666666666665,0.994709684198094
random_critical_line,40,28.430002041193422,-0.05,0.45,BR,10.0,0.002,0.4143303439070014,0.2713003383926167,0.6666666666666666,0.9911739445351022
random_critical_line,40,28.430002041193422,-0.02,0.48,BR,10.0,0.002,0.190852291296857,0.2758969325903237,0.8333333333333333,0.991505548962307
random_critical_line,40,28.430002041193422,-0.01,0.49,BR,10.0,0.002,0.1037324577805751,0.2774212413700967,0.9090909090909091,0.9916130900420635
random_critical_line,40,28.430002041193422,-0.005,0.495,BR,10.0,0.002,0.0571587724343822,0.278181852086803,0.9523809523809523,0.9916663110585426
random_critical_line,40,28.430002041193422,-0.002,0.498,BR,10.0,0.002,0.028139210938823774,0.27863771643737106,0.9803921568627451,0.991698069306158
random_critical_line,40,28.430002041193422,0.0,0.5,BR,10.0,0.002,0.008315307377524346,0.2789414149427819,1.0,0.9917191691616812
random_critical_line,40,28.430002041193422,0.002,0.502,BR,10.0,0.002,0.028096716998682856,0.27924494356100804,0.9803921568627451,0.9917402113599376
random_critical_line,40,28.430002041193422,0.005,0.505,BR,10.0,0.002,0.05705253684912373,0.27969991601133976,0.9523809523809523,0.9917716669056501
random_critical_line,40,28.430002041193422,0.01,0.51,BR,10.0,0.002,0.10351998136067447,0.2804573414726884,0.9090909090909091,0.9918238068267438
random_critical_line,40,28.430002041193422,0.02,0.52,BR,10.0,0.002,0.19042729646037035,0.2819689108344521,0.8333333333333333,0.9919270232568198
random_critical_line,40,28.430002041193422,0.05,0.55,BR,10.0,0.002,0.41326712169246355,0.2864764008936474,0.6666666666666665,0.9922283431220766
