set,config,alpha,dsigma,delta,mean_F,median_F,std_F,mean_H,mean_B,mean_R
jittered_zero,BR,0.0,0.001,-0.05,0.004636785621163255,0.004329017345531019,0.0016357387833133463,0.8214002277480669,1.0,0.9953752455105596
jittered_zero,BR,0.0,0.001,-0.02,0.004301300504701993,0.004040331117324199,0.0014863377867952218,0.8497522067529146,1.0,0.995709008821016
jittered_zero,BR,0.0,0.001,-0.01,0.004195458945590572,0.003924580925593635,0.0014394750339253282,0.8562582644403356,1.0,0.9958143352647377
jittered_zero,BR,0.0,0.001,-0.005,0.004143616426830205,0.0038653220478994665,0.0014165686695446673,0.8585300784244148,1.0,0.9958659303813351
jittered_zero,BR,0.0,0.001,-0.002,0.0041128504660961065,0.0038302192046124938,0.0014029896821127462,0.8594465753298236,1.0,0.9958965510459452
jittered_zero,BR,0.0,0.001,0.0,0.0040924800497214656,0.0038070039514483496,0.0013940049811366308,0.8598261347082454,1.0,0.995916825885169
jittered_zero,BR,0.0,0.001,0.002,0.004072221115078512,0.0037839369620357,0.001385074245506726,0.8600072776802227,1.0,0.9959369902592291
jittered_zero,BR,0.0,0.001,0.005,0.004042040441788708,0.003749612518288316,0.0013717785823762353,0.8599369485364905,1.0,0.9959670309737076
jittered_zero,BR,0.0,0.001,0.01,0.003992288349886132,0.0036931338425402944,0.0013498841759940425,0.8591036540259818,1.0,0.996016554729805
jittered_zero,BR,0.0,0.001,0.02,0.0038948102883464277,0.003582860181648148,0.0013070705910484064,0.855638454617325,1.0,0.996113594012157
jittered_zero,BR,0.0,0.001,0.05,0.0036179499066607166,0.0033079611503587323,0.0011860736465125925,0.8381556567268396,1.0,0.9963892701195458
jittered_zero,BR,0.0,0.002,-0.05,0.009249630483361393,0.008639399069816624,0.003254567359150246,0.8214002277480669,1.0,0.9907981280086032
jittered_zero,BR,0.0,0.002,-0.02,0.008582082075361925,0.00806442666941877,0.0029584372690507265,0.8497522067529146,1.0,0.9914588662198607
jittered_zero,BR,0.0,0.002,-0.01,0.00837142293702007,0.00783385544158689,0.0028655071407481395,0.8562582644403356,1.0,0.9916674867135266
jittered_zero,BR,0.0,0.002,-0.005,0.008268229746540632,0.007715796226391211,0.002820075680258802,0.8585300784244148,1.0,0.9917697005645572
jittered_zero,BR,0.0,0.002,-0.002,0.008206986694270967,0.007645858866364785,0.002793141384162648,0.8594465753298236,1.0,0.9918303683990637
jittered_zero,BR,0.0,0.002,0.0,0.008166435887954146,0.007599604470346463,0.0027753190226083983,0.8598261347082454,1.0,0.9918705407956064
jittered_zero,BR,0.0,0.002,0.002,0.00812610602832628,0.007553644414616553,0.0027576029500919553,0.8600072776802227,1.0,0.9919104962497242
jittered_zero,BR,0.0,0.002,0.005,0.008066022962230546,0.0074852523698763305,0.0027312266833606725,0.8599369485364905,1.0,0.9919700251217186
jittered_zero,BR,0.0,0.002,0.01,0.007966972799729324,0.007372712532435001,0.0026877883483139953,0.8591036540259818,1.0,0.9920681710467723
jittered_zero,BR,0.0,0.002,0.02,0.007772889214478535,0.007152962096991199,0.0026028332754449448,0.855638454617325,1.0,0.9922605166688003
jittered_zero,BR,0.0,0.002,0.05,0.00722152393487648,0.006605035687988053,0.0023626430176843793,0.8381556567268396,1.0,0.992807188801106
jittered_zero,BR,0.0,0.005,-0.05,0.02294751152619604,0.02146057291273831,0.008012572147045026,0.8214002277480669,1.0,0.977344311869817
jittered_zero,BR,0.0,0.005,-0.02,0.021303715046446688,0.020040826964684122,0.007291642077367386,0.8497522067529146,1.0,0.9789469363534744
jittered_zero,BR,0.0,0.005,-0.01,0.020784579205929847,0.019471382117368617,0.007065100148825941,0.8562582644403356,1.0,0.979453725616894
jittered_zero,BR,0.0,0.005,-0.005,0.0205302058995869,0.019179614835125296,0.006954295467818426,0.8585300784244148,1.0,0.9797021640822742
jittered_zero,BR,0.0,0.005,-0.002,0.020379218723576474,0.019006750095634906,0.0068885876469196965,0.8594465753298236,1.0,0.9798496642753884
jittered_zero,BR,0.0,0.005,0.0,0.020279236782960865,0.01889241288779553,0.006845102102299597,0.8598261347082454,1.0,0.9799473518243854
jittered_zero,BR,0.0,0.005,0.002,0.020179792543816476,0.018778795502964477,0.006801870494212915,0.8600072776802227,1.0,0.9800445255867516
jittered_zero,BR,0.0,0.005,0.005,0.02003162833612803,0.018609709899655075,0.006737495866147884,0.8599369485364905,1.0,0.9801893283716503
jittered_zero,BR,0.0,0.005,0.01,0.019787337547716957,0.01833144042909261,0.006631452945150153,0.8591036540259818,1.0,0.9804281328467159
jittered_zero,BR,0.0,0.005,0.02,0.019308539407694718,0.017787944874554193,0.00642396363534285,0.855638454617325,1.0,0.9808963800622627
jittered_zero,BR,0.0,0.005,0.05,0.017947448734360157,0.016431848649910846,0.00583665184070074,0.8381556567268396,1.0,0.9822289375371339
jittered_zero,BR,2.0,0.001,-0.05,0.09994696542538825,0.09963919714975603,0.001635738783313347,0.8214002277480669,0.909090909090909,0.9953752455105596
jittered_zero,BR,2.0,0.001,-0.02,0.04352201365794349,0.04326104427056569,0.0014863377867952233,0.8497522067529146,0.9615384615384615,0.995709008821016
jittered_zero,BR,2.0,0.001,-0.01,0.02399808624175044,0.023727208221753504,0.001439475033925328,0.8562582644403356,0.980392156862745,0.9958143352647377
jittered_zero,BR,2.0,0.001,-0.005,0.014093947279988406,0.013815652901057669,0.0014165686695446677,0.8585300784244148,0.9900990099009901,0.9958659303813351
jittered_zero,BR,2.0,0.001,-0.002,0.008104871735629666,0.007822240474146053,0.0014029896821127457,0.8594465753298236,0.9960159362549801,0.9958965510459452
jittered_zero,BR,2.0,0.001,0.0,0.0040924800497214656,0.0038070039514483496,0.0013940049811366308,0.8598261347082454,1.0,0.995916825885169
jittered_zero,BR,2.0,0.001,0.002,0.008064242384612072,0.0077759582315692615,0.001385074245506726,0.8600072776802227,0.9960159362549801,0.9959369902592291
jittered_zero,BR,2.0,0.001,0.005,0.013992371294946909,0.013699943371446519,0.0013717785823762357,0.8599369485364905,0.9900990099009901,0.9959670309737076
jittered_zero,BR,2.0,0.001,0.01,0.023794915646046,0.02349576113870016,0.001349884175994043,0.8591036540259818,0.980392156862745,0.996016554729805
jittered_zero,BR,2.0,0.001,0.02,0.04311552344158793,0.04280357333488965,0.0013070705910484077,0.855638454617325,0.9615384615384615,0.996113594012157
jittered_zero,BR,2.0,0.001,0.05,0.09892812971088571,0.09861814095458374,0.0011860736465125923,0.8381556567268396,0.909090909090909,0.9963892701195458
jittered_zero,BR,2.0,0.002,-0.05,0.10455981028758639,0.10394957887404163,0.003254567359150244,0.8214002277480669,0.909090909090909,0.9907981280086032
jittered_zero,BR,2.0,0.002,-0.02,0.04780279522860342,0.04728513982266028,0.0029584372690507283,0.8497522067529146,0.9615384615384615,0.9914588662198607
jittered_zero,BR,2.0,0.002,-0.01,0.028174050233179936,0.027636482737746756,0.002865507140748142,0.8562582644403356,0.980392156862745,0.9916674867135266
jittered_zero,BR,2.0,0.002,-0.005,0.018218560599698834,0.017666127079549412,0.0028200756802588024,0.8585300784244148,0.9900990099009901,0.9917697005645572
jittered_zero,BR,2.0,0.002,-0.002,0.012199007963804527,0.011637880135898344,0.0027931413841626473,0.8594465753298236,0.9960159362549801,0.9918303683990637
jittered_zero,BR,2.0,0.002,0.0,0.008166435887954146,0.007599604470346463,0.0027753190226083983,0.8598261347082454,1.0,0.9918705407956064
jittered_zero,BR,2.0,0.002,0.002,0.01211812729785984,0.011545665684150115,0.0027576029500919553,0.8600072776802227,0.9960159362549801,0.9919104962497242
jittered_zero,BR,2.0,0.002,0.005,0.01801635381538875,0.017435583223034533,0.0027312266833606717,0.8599369485364905,0.9900990099009901,0.9919700251217186
jittered_zero,BR,2.0,0.002,0.01,0.02776960009588919,0.027175339828594866,0.0026877883483139935,0.8591036540259818,0.980392156862745,0.9920681710467723
jittered_zero,BR,2.0,0.002,0.02,0.04699360236772003,0.0463736752502327,0.0026028332754449413,0.855638454617325,0.9615384615384615,0.9922605166688003
jittered_zero,BR,2.0,0.002,0.05,0.10253170373910148,0.10191521549221305,0.002362643017684377,0.8381556567268396,0.909090909090909,0.992807188801106
jittered_zero,BR,2.0,0.005,-0.05,0.11825769133042104,0.11677075271696331,0.008012572147045021,0.8214002277480669,0.909090909090909,0.977344311869817
jittered_zero,BR,2.0,0.005,-0.02,0.06052442819968819,0.05926154011792562,0.0072916420773673826,0.8497522067529146,0.9615384615384615,0.9789469363534744
jittered_zero,BR,2.0,0.005,-0.01,0.04058720650208971,0.03927400941352848,0.007065100148825941,0.8562582644403356,0.980392156862745,0.979453725616894
jittered_zero,BR,2.0,0.005,-0.005,0.0304805367527451,0.029129945688283497,0.006954295467818426,0.8585300784244148,0.9900990099009901,0.9797021640822742
jittered_zero,BR,2.0,0.005,-0.002,0.024371239993110035,0.022998771365168466,0.0068885876469196965,0.8594465753298236,0.9960159362549801,0.9798496642753884
jittered_zero,BR,2.0,0.005,0.0,0.020279236782960865,0.01889241288779553,0.006845102102299597,0.8598261347082454,1.0,0.9799473518243854
jittered_zero,BR,2.0,0.005,0.002,0.024171813813350037,0.022770816772498037,0.006801870494212915,0.8600072776802227,0.9960159362549801,0.9800445255867516
jittered_zero,BR,2.0,0.005,0.005,0.029981959189286235,0.02856004075281328,0.006737495866147885,0.8599369485364905,0.9900990099009901,0.9801893283716503
jittered_zero,BR,2.0,0.005,0.01,0.03958996484387682,0.03813406772525248,0.00663145294515015,0.8591036540259818,0.980392156862745,0.9804281328467159
jittered_zero,BR,2.0,0.005,0.02,0.05852925256093622,0.05700865802779569,0.006423963635342852,0.855638454617325,0.9615384615384615,0.9808963800622627
jittered_zero,BR,2.0,0.005,0.05,0.11325762853858516,0.11174202845413583,0.00583665184070074,0.8381556567268396,0.909090909090909,0.9822289375371339
jittered_zero,BR,5.0,0.001,-0.05,0.2277803369351231,0.22747256865949084,0.001635738783313362,0.8214002277480669,0.8,0.9953752455105596
jittered_zero,BR,5.0,0.001,-0.02,0.099611480308927,0.0993505109215492,0.0014863377867952218,0.8497522067529146,0.909090909090909,0.995709008821016
jittered_zero,BR,5.0,0.001,-0.01,0.05298562311497275,0.05271474509497581,0.0014394750339253323,0.8562582644403356,0.9523809523809523,0.9958143352647377
jittered_zero,BR,5.0,0.001,-0.005,0.028836229017176723,0.028557934638245987,0.0014165686695446664,0.8585300784244148,0.9756097560975612,0.9958659303813351
jittered_zero,BR,5.0,0.001,-0.002,0.014063181319254308,0.013780550057770697,0.0014029896821127462,0.8594465753298236,0.9900990099009901,0.9958965510459452
jittered_zero,BR,5.0,0.001,0.0,0.0040924800497214656,0.0038070039514483496,0.0013940049811366308,0.8598261347082454,1.0,0.995916825885169
jittered_zero,BR,5.0,0.001,0.002,0.014022551968236712,0.013734267815193903,0.0013850742455067257,0.8600072776802227,0.9900990099009901,0.9959369902592291
jittered_zero,BR,5.0,0.001,0.005,0.028734653032135227,0.02844222510863484,0.0013717785823762348,0.8599369485364905,0.9756097560975612,0.9959670309737076
jittered_zero,BR,5.0,0.001,0.01,0.05278245251926831,0.05248329801192247,0.0013498841759940442,0.8591036540259818,0.9523809523809523,0.996016554729805
jittered_zero,BR,5.0,0.001,0.02,0.09920499009257143,0.09889303998587315,0.0013070705910484016,0.855638454617325,0.909090909090909,0.996113594012157
jittered_zero,BR,5.0,0.001,0.05,0.22676150122062083,0.22645151246431883,0.00118607364651261,0.8381556567268396,0.7999999999999998,0.9963892701195458
jittered_zero,BR,5.0,0.002,-0.05,0.2323931817973212,0.23178295038377644,0.0032545673591502533,0.8214002277480669,0.8,0.9907981280086032
jittered_zero,BR,5.0,0.002,-0.02,0.10389226187958693,0.10337460647364377,0.002958437269050728,0.8497522067529146,0.909090909090909,0.9914588662198607
jittered_zero,BR,5.0,0.002,-0.01,0.05716158710640225,0.056624019610969065,0.002865507140748138,0.8562582644403356,0.9523809523809523,0.9916674867135266
jittered_zero,BR,5.0,0.002,-0.005,0.032960842336887154,0.03240840881673773,0.0028200756802588024,0.8585300784244148,0.9756097560975612,0.9917697005645572
jittered_zero,BR,5.0,0.002,-0.002,0.01815731754742917,0.017596189719522988,0.002793141384162648,0.8594465753298236,0.9900990099009901,0.9918303683990637
jittered_zero,BR,5.0,0.002,0.0,0.008166435887954146,0.007599604470346463,0.0027753190226083983,0.8598261347082454,1.0,0.9918705407956064
jittered_zero,BR,5.0,0.002,0.002,0.01807643688148448,0.017503975267774755,0.002757602950091956,0.8600072776802227,0.9900990099009901,0.9919104962497242
jittered_zero,BR,5.0,0.002,0.005,0.03275863555257706,0.032177864960222846,0.0027312266833606747,0.8599369485364905,0.9756097560975612,0.9919700251217186
jittered_zero,BR,5.0,0.002,0.01,0.0567571369691115,0.056162876701817174,0.0026877883483139944,0.8591036540259818,0.9523809523809523,0.9920681710467723
jittered_zero,BR,5.0,0.002,0.02,0.10308306901870354,0.10246314190121619,0.0026028332754449487,0.855638454617325,0.909090909090909,0.9922605166688003
jittered_zero,BR,5.0,0.002,0.05,0.2303650752488366,0.22974858700194817,0.00236264301768438,0.8381556567268396,0.7999999999999998,0.992807188801106
jittered_zero,BR,5.0,0.005,-0.05,0.24609106284015586,0.24460412422669814,0.008012572147045031,0.8214002277480669,0.8,0.977344311869817
jittered_zero,BR,5.0,0.005,-0.02,0.11661389485067168,0.11535100676890912,0.00729164207736738,0.8497522067529146,0.909090909090909,0.9789469363534744
jittered_zero,BR,5.0,0.005,-0.01,0.06957474337531203,0.0682615462867508,0.00706510014882594,0.8562582644403356,0.9523809523809523,0.979453725616894
jittered_zero,BR,5.0,0.005,-0.005,0.04522281848993342,0.04387222742547182,0.006954295467818422,0.8585300784244148,0.9756097560975612,0.9797021640822742
jittered_zero,BR,5.0,0.005,-0.002,0.030329549576734678,0.028957080948793106,0.0068885876469196965,0.8594465753298236,0.9900990099009901,0.9798496642753884
jittered_zero,BR,5.0,0.005,0.0,0.020279236782960865,0.01889241288779553,0.006845102102299597,0.8598261347082454,1.0,0.9799473518243854
jittered_zero,BR,5.0,0.005,0.002,0.030130123396974677,0.02872912635612268,0.006801870494212915,0.8600072776802227,0.9900990099009901,0.9800445255867516
jittered_zero,BR,5.0,0.005,0.005,0.04472424092647455,0.0433023224900016,0.0067374958661478865,0.8599369485364905,0.9756097560975612,0.9801893283716503
jittered_zero,BR,5.0,0.005,0.01,0.06857750171709913,0.06712160459847478,0.006631452945150152,0.8591036540259818,0.9523809523809523,0.9804281328467159
jittered_zero,BR,5.0,0.005,0.02,0.11461871921191973,0.1130981246787792,0.006423963635342857,0.855638454617325,0.909090909090909,0.9808963800622627
jittered_zero,BR,5.0,0.005,0.05,0.24109100004832026,0.23957539996387095,0.005836651840700733,0.8381556567268396,0.7999999999999998,0.9822289375371339
jittered_zero,BR,10.0,0.001,-0.05,0.41010189372882777,0.4097941254531956,0.00163573878331333,0.8214002277480669,0.6666666666666666,0.9953752455105596
jittered_zero,BR,10.0,0.001,-0.02,0.18662285729845682,0.18636188791107905,0.0014863377867952155,0.8497522067529146,0.8333333333333333,0.995709008821016
jittered_zero,BR,10.0,0.001,-0.01,0.09950563874981558,0.09923476072981863,0.0014394750339253217,0.8562582644403356,0.909090909090909,0.9958143352647377
jittered_zero,BR,10.0,0.001,-0.005,0.05293378059621238,0.05265548621728164,0.0014165686695446677,0.8585300784244148,0.9523809523809523,0.9958659303813351
jittered_zero,BR,10.0,0.001,-0.002,0.023915477762255975,0.02363284650077236,0.0014029896821127444,0.8594465753298236,0.980392156862745,0.9958965510459452
jittered_zero,BR,10.0,0.001,0.0,0.0040924800497214656,0.0038070039514483496,0.0013940049811366308,0.8598261347082454,1.0,0.995916825885169
jittered_zero,BR,10.0,0.001,0.002,0.023874848411238377,0.023586564258195566,0.001385074245506726,0.8600072776802227,0.980392156862745,0.9959369902592291
jittered_zero,BR,10.0,0.001,0.005,0.05283220461117087,0.052539776687670486,0.0013717785823762366,0.8599369485364905,0.9523809523809523,0.9959670309737076
jittered_zero,BR,10.0,0.001,0.01,0.09930246815411113,0.09900331364676529,0.0013498841759940414,0.8591036540259818,0.909090909090909,0.996016554729805
jittered_zero,BR,10.0,0.001,0.02,0.18621636708210126,0.185904416975403,0.0013070705910483839,0.855638454617325,0.8333333333333333,0.996113594012157
jittered_zero,BR,10.0,0.001,0.05,0.4090830580143255,0.4087730692580235,0.0011860736465125724,0.8381556567268396,0.6666666666666665,0.9963892701195458
jittered_zero,BR,10.0,0.002,-0.05,0.414714738591026,0.41410450717748115,0.0032545673591502533,0.8214002277480669,0.6666666666666666,0.9907981280086032
jittered_zero,BR,10.0,0.002,-0.02,0.19090363886911677,0.1903859834631736,0.0029584372690507304,0.8497522067529146,0.8333333333333333,0.9914588662198607
jittered_zero,BR,10.0,0.002,-0.01,0.10368160274124508,0.1031440352458119,0.0028655071407481347,0.8562582644403356,0.909090909090909,0.9916674867135266
jittered_zero,BR,10.0,0.002,-0.005,0.0570583939159228,0.05650596039577338,0.0028200756802588007,0.8585300784244148,0.9523809523809523,0.9917697005645572
jittered_zero,BR,10.0,0.002,-0.002,0.02800961399043083,0.02744848616252465,0.002793141384162648,0.8594465753298236,0.980392156862745,0.9918303683990637
jittered_zero,BR,10.0,0.002,0.0,0.008166435887954146,0.007599604470346463,0.0027753190226083983,0.8598261347082454,1.0,0.9918705407956064
jittered_zero,BR,10.0,0.002,0.002,0.02792873332448615,0.027356271710776422,0.002757602950091956,0.8600072776802227,0.980392156862745,0.9919104962497242
jittered_zero,BR,10.0,0.002,0.005,0.05685618713161271,0.05627541653925851,0.002731226683360678,0.8599369485364905,0.9523809523809523,0.9919700251217186
jittered_zero,BR,10.0,0.002,0.01,0.10327715260395431,0.10268289233666,0.0026877883483139883,0.8591036540259818,0.909090909090909,0.9920681710467723
jittered_zero,BR,10.0,0.002,0.02,0.1900944460082334,0.189474518890746,0.0026028332754449582,0.855638454617325,0.8333333333333333,0.9922605166688003
jittered_zero,BR,10.0,0.002,0.05,0.4126866320425412,0.41207014379565277,0.002362643017684373,0.8381556567268396,0.6666666666666665,0.992807188801106
jittered_zero,BR,10.0,0.005,-0.05,0.4284126196338606,0.42692568102040285,0.00801257214704499,0.8214002277480669,0.6666666666666666,0.977344311869817
jittered_zero,BR,10.0,0.005,-0.02,0.20362527184020154,0.20236238375843896,0.007291642077367377,0.8497522067529146,0.8333333333333333,0.9789469363534744
jittered_zero,BR,10.0,0.005,-0.01,0.11609475901015484,0.11478156192159361,0.0070651001488259415,0.8562582644403356,0.909090909090909,0.979453725616894
jittered_zero,BR,10.0,0.005,-0.005,0.06932037006896907,0.06796977900450746,0.0069542954678184265,0.8585300784244148,0.9523809523809523,0.9797021640822742
jittered_zero,BR,10.0,0.005,-0.002,0.040181846019736345,0.03880937739179477,0.0068885876469196965,0.8594465753298236,0.980392156862745,0.9798496642753884
jittered_zero,BR,10.0,0.005,0.0,0.020279236782960865,0.01889241288779553,0.006845102102299597,0.8598261347082454,1.0,0.9799473518243854
jittered_zero,BR,10.0,0.005,0.002,0.039982419839976344,0.03858142279912435,0.006801870494212915,0.8600072776802227,0.980392156862745,0.9800445255867516
jittered_zero,BR,10.0,0.005,0.005,0.06882179250551021,0.06739987406903725,0.006737495866147882,0.8599369485364905,0.9523809523809523,0.9801893283716503
jittered_zero,BR,10.0,0.005,0.01,0.11509751735194196,0.11364162023331761,0.006631452945150158,0.8591036540259818,0.909090909090909,0.9804281328467159
jittered_zero,BR,10.0,0.005,0.02,0.20163009620144953,0.20010950166830904,0.0064239636353428395,0.855638454617325,0.8333333333333333,0.9808963800622627
jittered_zero,BR,10.0,0.005,0.05,0.42341255684202495,0.42189695675757555,0.005836651840700723,0.8381556567268396,0.6666666666666665,0.9822289375371339
jittered_zero,BR,20.0,0.001,-0.05,0.6977839661801084,0.6974761979044762,0.001635738783313368,0.8214002277480669,0.5000000000000001,0.9953752455105596
jittered_zero,BR,20.0,0.001,-0.02,0.3407735371255153,0.34051256773813754,0.0014863377867952356,0.8497522067529146,0.7142857142857141,0.995709008821016
jittered_zero,BR,20.0,0.001,-0.01,0.1865170157393454,0.18624613771934845,0.0014394750339253271,0.8562582644403356,0.8333333333333333,0.9958143352647377
jittered_zero,BR,20.0,0.001,-0.005,0.0994537962310552,0.09917550185212447,0.0014165686695446686,0.8585300784244148,0.909090909090909,0.9958659303813351
jittered_zero,BR,20.0,0.001,-0.002,0.04333356361933761,0.043050932357853997,0.0014029896821127492,0.8594465753298236,0.9615384615384615,0.9958965510459452
jittered_zero,BR,20.0,0.001,0.0,0.0040924800497214656,0.0038070039514483496,0.0013940049811366308,0.8598261347082454,1.0,0.995916825885169
jittered_zero,BR,20.0,0.001,0.002,0.04329293426832001,0.043004650115277196,0.0013850742455067244,0.8600072776802227,0.9615384615384615,0.9959369902592291
jittered_zero,BR,20.0,0.001,0.005,0.09935222024601371,0.09905979232251332,0.0013717785823762385,0.8599369485364905,0.909090909090909,0.9959670309737076
jittered_zero,BR,20.0,0.001,0.01,0.18631384514364097,0.1860146906362951,0.0013498841759940472,0.8591036540259818,0.8333333333333333,0.996016554729805
jittered_zero,BR,20.0,0.001,0.02,0.34036704690915975,0.3400550968024615,0.0013070705910484196,0.855638454617325,0.7142857142857141,0.996113594012157
jittered_zero,BR,20.0,0.001,0.05,0.6967651304656066,0.6964551417093046,0.0011860736465125982,0.8381556567268396,0.49999999999999983,0.9963892701195458
jittered_zero,BR,20.0,0.002,-0.05,0.7023968110423067,0.7017865796287619,0.003254567359150282,0.8214002277480669,0.5000000000000001,0.9907981280086032
jittered_zero,BR,20.0,0.002,-0.02,0.34505431869617526,0.3445366632902321,0.00295843726905069,0.8497522067529146,0.7142857142857141,0.9914588662198607
jittered_zero,BR,20.0,0.002,-0.01,0.1906929797307749,0.19015541223534171,0.002865507140748133,0.8562582644403356,0.8333333333333333,0.9916674867135266
jittered_zero,BR,20.0,0.002,-0.005,0.10357840955076562,0.10302597603061621,0.0028200756802588055,0.8585300784244148,0.909090909090909,0.9917697005645572
jittered_zero,BR,20.0,0.002,-0.002,0.04742769984751247,0.046866572019606284,0.0027931413841626503,0.8594465753298236,0.9615384615384615,0.9918303683990637
jittered_zero,BR,20.0,0.002,0.0,0.008166435887954146,0.007599604470346463,0.0027753190226083983,0.8598261347082454,1.0,0.9918705407956064
jittered_zero,BR,20.0,0.002,0.002,0.04734681918156778,0.046774357567858055,0.002757602950091957,0.8600072776802227,0.9615384615384615,0.9919104962497242
jittered_zero,BR,20.0,0.002,0.005,0.10337620276645554,0.10279543217410134,0.0027312266833606747,0.8599369485364905,0.909090909090909,0.9919700251217186
jittered_zero,BR,20.0,0.002,0.01,0.19028852959348416,0.18969426932618982,0.002687788348314007,0.8591036540259818,0.8333333333333333,0.9920681710467723
jittered_zero,BR,20.0,0.002,0.02,0.3442451258352919,0.3436251987178045,0.0026028332754449227,0.855638454617325,0.7142857142857141,0.9922605166688003
jittered_zero,BR,20.0,0.002,0.05,0.7003687044938223,0.699752216246934,0.0023626430176843763,0.8381556567268396,0.49999999999999983,0.992807188801106
jittered_zero,BR,20.0,0.005,-0.05,0.7160946920851412,0.7146077534716835,0.008012572147045038,0.8214002277480669,0.5000000000000001,0.977344311869817
jittered_zero,BR,20.0,0.005,-0.02,0.35777595166726,0.35651306358549745,0.007291642077367364,0.8497522067529146,0.7142857142857141,0.9789469363534744
jittered_zero,BR,20.0,0.005,-0.01,0.2031061359996847,0.20179293891112343,0.007065100148825946,0.8562582644403356,0.8333333333333333,0.979453725616894
jittered_zero,BR,20.0,0.005,-0.005,0.1158403857038119,0.1144897946393503,0.00695429546781843,0.8585300784244148,0.909090909090909,0.9797021640822742
jittered_zero,BR,20.0,0.005,-0.002,0.05959993187681798,0.058227463248876406,0.0068885876469196965,0.8594465753298236,0.9615384615384615,0.9798496642753884
jittered_zero,BR,20.0,0.005,0.0,0.020279236782960865,0.01889241288779553,0.006845102102299597,0.8598261347082454,1.0,0.9799473518243854
jittered_zero,BR,20.0,0.005,0.002,0.05940050569705797,0.05799950865620598,0.006801870494212914,0.8600072776802227,0.9615384615384615,0.9800445255867516
jittered_zero,BR,20.0,0.005,0.005,0.11534180814035304,0.11391988970388008,0.0067374958661478804,0.8599369485364905,0.909090909090909,0.9801893283716503
jittered_zero,BR,20.0,0.005,0.01,0.2021088943414718,0.20065299722284746,0.006631452945150154,0.8591036540259818,0.8333333333333333,0.9804281328467159
jittered_zero,BR,20.0,0.005,0.02,0.35578077602850805,0.35426018149536753,0.006423963635342859,0.855638454617325,0.7142857142857141,0.9808963800622627
jittered_zero,BR,20.0,0.005,0.05,0.711094629293306,0.7095790292088567,0.005836651840700734,0.8381556567268396,0.49999999999999983,0.9822289375371339
jittered_zero,HBR,0.0,0.001,-0.05,0.20670301193035115,0.17718273497309456,0.10645667726029714,0.8214002277480669,1.0,0.9953752455105596
jittered_zero,HBR,0.0,0.001,-0.02,0.17309376963812959,0.14540119425105547,0.11258176192284432,0.8497522067529146,1.0,0.995709008821016
jittered_zero,HBR,0.0,0.001,-0.01,0.16558054356164725,0.14071828729563376,0.11450511791556464,0.8562582644403356,1.0,0.9958143352647377
jittered_zero,HBR,0.0,0.001,-0.005,0.1629410153770125,0.13925212631106415,0.11501772815236379,0.8585300784244148,1.0,0.9958659303813351
jittered_zero,HBR,0.0,0.001,-0.002,0.16184648035288457,0.13864349771362316,0.11502153628033576,0.8594465753298236,1.0,0.9958965510459452
jittered_zero,HBR,0.0,0.001,0.0,0.16136570080210788,0.13835085956691673,0.11483861948144289,0.8598261347082454,1.0,0.995916825885169
jittered_zero,HBR,0.0,0.001,0.002,0.16109712692851613,0.13814833302014087,0.11448931905320188,0.8600072776802227,1.0,0.9959369902592291
jittered_zero,HBR,0.0,0.001,0.005,0.16106174987612004,0.13801204666073785,0.11369144855112902,0.8599369485364905,1.0,0.9959670309737076
jittered_zero,HBR,0.0,0.001,0.01,0.16178490814459648,0.13822275363739472,0.11187697838575301,0.8591036540259818,1.0,0.996016554729805
jittered_zero,HBR,0.0,0.001,0.02,0.16526408659465858,0.14019398498471403,0.10745322016345085,0.855638454617325,1.0,0.996113594012157
jittered_zero,HBR,0.0,0.001,0.05,0.18438521032725017,0.1592009297100213,0.09445811280086326,0.8381556567268396,1.0,0.9963892701195458
jittered_zero,HBR,0.0,0.002,-0.05,0.21131585679254927,0.1827871097687223,0.10729261722527388,0.8214002277480669,1.0,0.9907981280086032
jittered_zero,HBR,0.0,0.002,-0.02,0.1773745512087895,0.1505710644791802,0.11315596007118259,0.8497522067529146,1.0,0.9914588662198607
jittered_zero,HBR,0.0,0.002,-0.01,0.16975650755307675,0.14449669140693064,0.11501775797971786,0.8562582644403356,1.0,0.9916674867135266
jittered_zero,HBR,0.0,0.002,-0.005,0.16706562869672292,0.14299374737226642,0.11550696954755903,0.8585300784244148,1.0,0.9917697005645572
jittered_zero,HBR,0.0,0.002,-0.002,0.16594061658105944,0.142363237611702,0.11550034571455058,0.8594465753298236,1.0,0.9918303683990637
jittered_zero,HBR,0.0,0.002,0.0,0.16543965664034055,0.14205609008126757,0.11531240544121442,0.8598261347082454,1.0,0.9918705407956064
jittered_zero,HBR,0.0,0.002,0.002,0.1651510118417639,0.14183911628976797,0.11495972117845871,0.8600072776802227,1.0,0.9919104962497242
jittered_zero,HBR,0.0,0.002,0.005,0.16508573239656188,0.1416812750000047,0.11415953275611938,0.8599369485364905,1.0,0.9919700251217186
jittered_zero,HBR,0.0,0.002,0.01,0.16575959259443965,0.14185636408461244,0.11234645491164776,0.8591036540259818,1.0,0.9920681710467723
jittered_zero,HBR,0.0,0.002,0.02,0.1691421655207907,0.14375749635313262,0.10793603402133017,0.855638454617325,1.0,0.9922605166688003
jittered_zero,HBR,0.0,0.002,0.05,0.18798878435546593,0.16365651149164628,0.09501335942345306,0.8381556567268396,1.0,0.992807188801106
jittered_zero,HBR,0.0,0.005,-0.05,0.22501373783538395,0.19820230080233686,0.10985191485198109,0.8214002277480669,1.0,0.977344311869817
jittered_zero,HBR,0.0,0.005,-0.02,0.19009618417987428,0.16323108910972223,0.11493946182275215,0.8497522067529146,1.0,0.9789469363534744
jittered_zero,HBR,0.0,0.005,-0.01,0.18216966382198654,0.15693530340637743,0.11661607529987408,0.8562582644403356,1.0,0.979453725616894
jittered_zero,HBR,0.0,0.005,-0.005,0.1793276048497692,0.1547558046352486,0.11703438259274747,0.8585300784244148,1.0,0.9797021640822742
jittered_zero,HBR,0.0,0.005,-0.002,0.17811284861036494,0.15377634768136117,0.11699589674100189,0.8594465753298236,1.0,0.9798496642753884
jittered_zero,HBR,0.0,0.005,0.0,0.17755245753534726,0.15326031132306264,0.1167924516707015,0.8598261347082454,1.0,0.9799473518243854
jittered_zero,HBR,0.0,0.005,0.002,0.1772046983572541,0.15285318159945757,0.11642914023220405,0.8600072776802227,1.0,0.9800445255867516
jittered_zero,HBR,0.0,0.005,0.005,0.1770513377704594,0.1524443310788402,0.11562121130446855,0.8599369485364905,1.0,0.9801893283716503
jittered_zero,HBR,0.0,0.005,0.01,0.1775799573424273,0.152287160128497,0.11381083560493482,0.8591036540259818,1.0,0.9804281328467159
jittered_zero,HBR,0.0,0.005,0.02,0.1806778157140069,0.15379625085262066,0.10943703448877769,0.855638454617325,1.0,0.9808963800622627
jittered_zero,HBR,0.0,0.005,0.05,0.1987147091549496,0.1769012678010216,0.09671800412768558,0.8381556567268396,1.0,0.9822289375371339
jittered_zero,HBR,2.0,0.001,-0.05,0.3020131917345762,0.2724929147773196,0.10645667726029716,0.8214002277480669,0.909090909090909,0.9953752455105596
jittered_zero,HBR,2.0,0.001,-0.02,0.21231448279137108,0.18462190740429696,0.1125817619228443,0.8497522067529146,0.9615384615384615,0.995709008821016
jittered_zero,HBR,2.0,0.001,-0.01,0.18538317085780714,0.16052091459179363,0.11450511791556466,0.8562582644403356,0.980392156862745,0.9958143352647377
jittered_zero,HBR,2.0,0.001,-0.005,0.17289134623017072,0.1492024571642223,0.1150177281523638,0.8585300784244148,0.9900990099009901,0.9958659303813351
jittered_zero,HBR,2.0,0.001,-0.002,0.16583850162241814,0.14263551898315674,0.11502153628033575,0.8594465753298236,0.9960159362549801,0.9958965510459452
jittered_zero,HBR,2.0,0.001,0.0,0.16136570080210788,0.13835085956691673,0.11483861948144289,0.8598261347082454,1.0,0.995916825885169
jittered_zero,HBR,2.0,0.001,0.002,0.16508914819804968,0.14214035428967442,0.11448931905320188,0.8600072776802227,0.9960159362549801,0.9959369902592291
jittered_zero,HBR,2.0,0.001,0.005,0.17101208072927826,0.14796237751389607,0.11369144855112902,0.8599369485364905,0.9900990099009901,0.9959670309737076
jittered_zero,HBR,2.0,0.001,0.01,0.18158753544075634,0.1580253809335546,0.11187697838575303,0.8591036540259818,0.980392156862745,0.996016554729805
jittered_zero,HBR,2.0,0.001,0.02,0.2044847997479001,0.17941469813795552,0.10745322016345087,0.855638454617325,0.9615384615384615,0.996113594012157
jittered_zero,HBR,2.0,0.001,0.05,0.27969539013147515,0.25451110951424627,0.09445811280086326,0.8381556567268396,0.909090909090909,0.9963892701195458
jittered_zero,HBR,2.0,0.002,-0.05,0.3066260365967743,0.2780972895729473,0.10729261722527389,0.8214002277480669,0.909090909090909,0.9907981280086032
jittered_zero,HBR,2.0,0.002,-0.02,0.21659526436203103,0.1897917776324217,0.1131559600711826,0.8497522067529146,0.9615384615384615,0.9914588662198607
jittered_zero,HBR,2.0,0.002,-0.01,0.18955913484923664,0.1642993187030905,0.11501775797971786,0.8562582644403356,0.980392156862745,0.9916674867135266
jittered_zero,HBR,2.0,0.002,-0.005,0.1770159595498811,0.1529440782254246,0.11550696954755904,0.8585300784244148,0.9900990099009901,0.9917697005645572
jittered_zero,HBR,2.0,0.002,-0.002,0.169932637850593,0.14635525888123557,0.1155003457145506,0.8594465753298236,0.9960159362549801,0.9918303683990637
jittered_zero,HBR,2.0,0.002,0.0,0.16543965664034055,0.14205609008126757,0.11531240544121442,0.8598261347082454,1.0,0.9918705407956064
jittered_zero,HBR,2.0,0.002,0.002,0.16914303311129747,0.14583113755930155,0.11495972117845872,0.8600072776802227,0.9960159362549801,0.9919104962497242
jittered_zero,HBR,2.0,0.002,0.005,0.1750360632497201,0.15163160585316288,0.11415953275611938,0.8599369485364905,0.9900990099009901,0.9919700251217186
jittered_zero,HBR,2.0,0.002,0.01,0.18556221989059954,0.16165899138077228,0.11234645491164777,0.8591036540259818,0.980392156862745,0.9920681710467723
jittered_zero,HBR,2.0,0.002,0.02,0.2083628786740322,0.1829782095063741,0.10793603402133017,0.855638454617325,0.9615384615384615,0.9922605166688003
jittered_zero,HBR,2.0,0.002,0.05,0.2832989641596909,0.25896669129587124,0.09501335942345308,0.8381556567268396,0.909090909090909,0.992807188801106
jittered_zero,HBR,2.0,0.005,-0.05,0.32032391763960893,0.2935124806065619,0.10985191485198109,0.8214002277480669,0.909090909090909,0.977344311869817
jittered_zero,HBR,2.0,0.005,-0.02,0.2293168973331158,0.20245180226296372,0.11493946182275215,0.8497522067529146,0.9615384615384615,0.9789469363534744
jittered_zero,HBR,2.0,0.005,-0.01,0.20197229111814638,0.1767379307025373,0.11661607529987408,0.8562582644403356,0.980392156862745,0.979453725616894
jittered_zero,HBR,2.0,0.005,-0.005,0.18927793570292742,0.1647061354884068,0.11703438259274747,0.8585300784244148,0.9900990099009901,0.9797021640822742
jittered_zero,HBR,2.0,0.005,-0.002,0.18210486987989852,0.15776836895089474,0.11699589674100189,0.8594465753298236,0.9960159362549801,0.9798496642753884
jittered_zero,HBR,2.0,0.005,0.0,0.17755245753534726,0.15326031132306264,0.1167924516707015,0.8598261347082454,1.0,0.9799473518243854
jittered_zero,HBR,2.0,0.005,0.002,0.18119671962678766,0.15684520286899115,0.11642914023220405,0.8600072776802227,0.9960159362549801,0.9800445255867516
jittered_zero,HBR,2.0,0.005,0.005,0.18700166862361758,0.16239466193199836,0.11562121130446856,0.8599369485364905,0.9900990099009901,0.9801893283716503
jittered_zero,HBR,2.0,0.005,0.01,0.19738258463858716,0.17208978742465686,0.11381083560493484,0.8591036540259818,0.980392156862745,0.9804281328467159
jittered_zero,HBR,2.0,0.005,0.02,0.21989852886724837,0.19301696400586216,0.10943703448877769,0.855638454617325,0.9615384615384615,0.9808963800622627
jittered_zero,HBR,2.0,0.005,0.05,0.2940248889591746,0.2722114476052466,0.09671800412768558,0.8381556567268396,0.909090909090909,0.9822289375371339
jittered_zero,HBR,5.0,0.001,-0.05,0.429846563244311,0.4003262862870544,0.10645667726029713,0.8214002277480669,0.8,0.9953752455105596
jittered_zero,HBR,5.0,0.001,-0.02,0.2684039494423546,0.24071137405528048,0.11258176192284432,0.8497522067529146,0.909090909090909,0.995709008821016
jittered_zero,HBR,5.0,0.001,-0.01,0.21437070773102943,0.18950845146501594,0.11450511791556464,0.8562582644403356,0.9523809523809523,0.9958143352647377
jittered_zero,HBR,5.0,0.001,-0.005,0.187633627967359,0.16394473890141065,0.11501772815236376,0.8585300784244148,0.9756097560975612,0.9958659303813351
jittered_zero,HBR,5.0,0.001,-0.002,0.1717968112060428,0.14859382856678138,0.11502153628033575,0.8594465753298236,0.9900990099009901,0.9958965510459452
jittered_zero,HBR,5.0,0.001,0.0,0.16136570080210788,0.13835085956691673,0.11483861948144289,0.8598261347082454,1.0,0.995916825885169
jittered_zero,HBR,5.0,0.001,0.002,0.17104745778167432,0.14809866387329906,0.11448931905320188,0.8600072776802227,0.9900990099009901,0.9959369902592291
jittered_zero,HBR,5.0,0.001,0.005,0.18575436246646657,0.1627046592510844,0.11369144855112902,0.8599369485364905,0.9756097560975612,0.9959670309737076
jittered_zero,HBR,5.0,0.001,0.01,0.21057507231397862,0.1870129178067769,0.11187697838575304,0.8591036540259818,0.9523809523809523,0.996016554729805
jittered_zero,HBR,5.0,0.001,0.02,0.2605742663988836,0.23550416478893904,0.10745322016345085,0.855638454617325,0.909090909090909,0.996113594012157
jittered_zero,HBR,5.0,0.001,0.05,0.4075287616412103,0.38234448102398144,0.09445811280086326,0.8381556567268396,0.7999999999999998,0.9963892701195458
jittered_zero,HBR,5.0,0.002,-0.05,0.4344594081065091,0.40593066108268216,0.1072926172252739,0.8214002277480669,0.8,0.9907981280086032
jittered_zero,HBR,5.0,0.002,-0.02,0.27268473101301455,0.2458812442834052,0.1131559600711826,0.8497522067529146,0.909090909090909,0.9914588662198607
jittered_zero,HBR,5.0,0.002,-0.01,0.21854667172245895,0.1932868555763128,0.11501775797971786,0.8562582644403356,0.9523809523809523,0.9916674867135266
jittered_zero,HBR,5.0,0.002,-0.005,0.19175824128706945,0.16768635996261294,0.11550696954755901,0.8585300784244148,0.9756097560975612,0.9917697005645572
jittered_zero,HBR,5.0,0.002,-0.002,0.17589094743421763,0.1523135684648602,0.1155003457145506,0.8594465753298236,0.9900990099009901,0.9918303683990637
jittered_zero,HBR,5.0,0.002,0.0,0.16543965664034055,0.14205609008126757,0.11531240544121442,0.8598261347082454,1.0,0.9918705407956064
jittered_zero,HBR,5.0,0.002,0.002,0.17510134269492209,0.15178944714292616,0.11495972117845872,0.8600072776802227,0.9900990099009901,0.9919104962497242
jittered_zero,HBR,5.0,0.002,0.005,0.1897783449869084,0.1663738875903512,0.11415953275611938,0.8599369485364905,0.9756097560975612,0.9919700251217186
jittered_zero,HBR,5.0,0.002,0.01,0.21454975676382185,0.19064652825399458,0.11234645491164777,0.8591036540259818,0.9523809523809523,0.9920681710467723
jittered_zero,HBR,5.0,0.002,0.02,0.2644523453250157,0.23906767615735763,0.10793603402133019,0.855638454617325,0.909090909090909,0.9922605166688003
jittered_zero,HBR,5.0,0.002,0.05,0.41113233566942603,0.38680006280560636,0.09501335942345308,0.8381556567268396,0.7999999999999998,0.992807188801106
jittered_zero,HBR,5.0,0.005,-0.05,0.4481572891493437,0.42134585211629666,0.10985191485198112,0.8214002277480669,0.8,0.977344311869817
jittered_zero,HBR,5.0,0.005,-0.02,0.2854063639840993,0.25854126891394724,0.11493946182275218,0.8497522067529146,0.909090909090909,0.9789469363534744
jittered_zero,HBR,5.0,0.005,-0.01,0.23095982799136872,0.2057254675757596,0.11661607529987408,0.8562582644403356,0.9523809523809523,0.979453725616894
jittered_zero,HBR,5.0,0.005,-0.005,0.20402021744011573,0.17944841722559512,0.11703438259274743,0.8585300784244148,0.9756097560975612,0.9797021640822742
jittered_zero,HBR,5.0,0.005,-0.002,0.18806317946352316,0.16372667853451936,0.11699589674100189,0.8594465753298236,0.9900990099009901,0.9798496642753884
jittered_zero,HBR,5.0,0.005,0.0,0.17755245753534726,0.15326031132306264,0.1167924516707015,0.8598261347082454,1.0,0.9799473518243854
jittered_zero,HBR,5.0,0.005,0.002,0.1871550292104123,0.16280351245261576,0.11642914023220405,0.8600072776802227,0.9900990099009901,0.9800445255867516
jittered_zero,HBR,5.0,0.005,0.005,0.2017439503608059,0.1771369436691867,0.11562121130446855,0.8599369485364905,0.9756097560975612,0.9801893283716503
jittered_zero,HBR,5.0,0.005,0.01,0.22637012151180946,0.20107732429787917,0.11381083560493484,0.8591036540259818,0.9523809523809523,0.9804281328467159
jittered_zero,HBR,5.0,0.005,0.02,0.2759879955182319,0.24910643065684568,0.10943703448877769,0.855638454617325,0.909090909090909,0.9808963800622627
jittered_zero,HBR,5.0,0.005,0.05,0.4218582604689097,0.40004481911498174,0.09671800412768555,0.8381556567268396,0.7999999999999998,0.9822289375371339
jittered_zero,HBR,10.0,0.001,-0.05,0.6121681200380157,0.5826478430807591,0.10645667726029717,0.8214002277480669,0.6666666666666666,0.9953752455105596
jittered_zero,HBR,10.0,0.001,-0.02,0.3554153264318844,0.3277227510448103,0.11258176192284432,0.8497522067529146,0.8333333333333333,0.995709008821016
jittered_zero,HBR,10.0,0.001,-0.01,0.26089072336587227,0.23602846709985875,0.11450511791556464,0.8562582644403356,0.909090909090909,0.9958143352647377
jittered_zero,HBR,10.0,0.001,-0.005,0.21173117954639467,0.1880422904804463,0.11501772815236379,0.8585300784244148,0.9523809523809523,0.9958659303813351
jittered_zero,HBR,10.0,0.001,-0.002,0.18164910764904446,0.15844612500978306,0.11502153628033575,0.8594465753298236,0.980392156862745,0.9958965510459452
jittered_zero,HBR,10.0,0.001,0.0,0.16136570080210788,0.13835085956691673,0.11483861948144289,0.8598261347082454,1.0,0.995916825885169
jittered_zero,HBR,10.0,0.001,0.002,0.180899754224676,0.15795096031630074,0.11448931905320188,0.8600072776802227,0.980392156862745,0.9959369902592291
jittered_zero,HBR,10.0,0.001,0.005,0.20985191404550224,0.18680221083012005,0.11369144855112902,0.8599369485364905,0.9523809523809523,0.9959670309737076
jittered_zero,HBR,10.0,0.001,0.01,0.25709508794882147,0.23353293344161974,0.11187697838575303,0.8591036540259818,0.909090909090909,0.996016554729805
jittered_zero,HBR,10.0,0.001,0.02,0.3475856433884134,0.32251554177846886,0.10745322016345085,0.855638454617325,0.8333333333333333,0.996113594012157
jittered_zero,HBR,10.0,0.001,0.05,0.5898503184349149,0.5646660378176861,0.09445811280086325,0.8381556567268396,0.6666666666666665,0.9963892701195458
jittered_zero,HBR,10.0,0.002,-0.05,0.6167809649002138,0.5882522178763869,0.10729261722527385,0.8214002277480669,0.6666666666666666,0.9907981280086032
jittered_zero,HBR,10.0,0.002,-0.02,0.35969610800254437,0.332892621272935,0.11315596007118257,0.8497522067529146,0.8333333333333333,0.9914588662198607
jittered_zero,HBR,10.0,0.002,-0.01,0.26506668735730177,0.23980687121115563,0.11501775797971786,0.8562582644403356,0.909090909090909,0.9916674867135266
jittered_zero,HBR,10.0,0.002,-0.005,0.21585579286610512,0.1917839115416486,0.11550696954755903,0.8585300784244148,0.9523809523809523,0.9917697005645572
jittered_zero,HBR,10.0,0.002,-0.002,0.1857432438772193,0.16216586490786186,0.1155003457145506,0.8594465753298236,0.980392156862745,0.9918303683990637
jittered_zero,HBR,10.0,0.002,0.0,0.16543965664034055,0.14205609008126757,0.11531240544121442,0.8598261347082454,1.0,0.9918705407956064
jittered_zero,HBR,10.0,0.002,0.002,0.18495363913792376,0.16164174358592784,0.11495972117845872,0.8600072776802227,0.980392156862745,0.9919104962497242
jittered_zero,HBR,10.0,0.002,0.005,0.21387589656594405,0.19047143916938686,0.1141595327561194,0.8599369485364905,0.9523809523809523,0.9919700251217186
jittered_zero,HBR,10.0,0.002,0.01,0.2610697723986647,0.23716654388883746,0.11234645491164778,0.8591036540259818,0.909090909090909,0.9920681710467723
jittered_zero,HBR,10.0,0.002,0.02,0.35146372231454553,0.32607905314688745,0.10793603402133019,0.855638454617325,0.8333333333333333,0.9922605166688003
jittered_zero,HBR,10.0,0.002,0.05,0.5934538924631306,0.569121619599311,0.09501335942345306,0.8381556567268396,0.6666666666666665,0.992807188801106
jittered_zero,HBR,10.0,0.005,-0.05,0.6304788459430485,0.6036674089100014,0.10985191485198109,0.8214002277480669,0.6666666666666666,0.977344311869817
jittered_zero,HBR,10.0,0.005,-0.02,0.3724177409736291,0.34555264590347706,0.11493946182275214,0.8497522067529146,0.8333333333333333,0.9789469363534744
jittered_zero,HBR,10.0,0.005,-0.01,0.27747984362621153,0.25224548321060236,0.11661607529987407,0.8562582644403356,0.909090909090909,0.979453725616894
jittered_zero,HBR,10.0,0.005,-0.005,0.22811776901915137,0.20354596880463077,0.11703438259274745,0.8585300784244148,0.9523809523809523,0.9797021640822742
jittered_zero,HBR,10.0,0.005,-0.002,0.1979154759065248,0.17357897497752103,0.11699589674100189,0.8594465753298236,0.980392156862745,0.9798496642753884
jittered_zero,HBR,10.0,0.005,0.0,0.17755245753534726,0.15326031132306264,0.1167924516707015,0.8598261347082454,1.0,0.9799473518243854
jittered_zero,HBR,10.0,0.005,0.002,0.19700732565341394,0.17265580889561744,0.11642914023220406,0.8600072776802227,0.980392156862745,0.9800445255867516
jittered_zero,HBR,10.0,0.005,0.005,0.22584150193984157,0.20123449524822234,0.11562121130446855,0.8599369485364905,0.9523809523809523,0.9801893283716503
jittered_zero,HBR,10.0,0.005,0.01,0.2728901371466523,0.24759733993272198,0.11381083560493484,0.8591036540259818,0.909090909090909,0.9804281328467159
jittered_zero,HBR,10.0,0.005,0.02,0.3629993725077617,0.3361178076463755,0.10943703448877769,0.855638454617325,0.8333333333333333,0.9808963800622627
jittered_zero,HBR,10.0,0.005,0.05,0.6041798172626144,0.5823663759086863,0.09671800412768555,0.8381556567268396,0.6666666666666665,0.9822289375371339
jittered_zero,HBR,20.0,0.001,-0.05,0.8998501924892963,0.8703299155320399,0.10645667726029716,0.8214002277480669,0.5000000000000001,0.9953752455105596
jittered_zero,HBR,20.0,0.001,-0.02,0.5095660062589429,0.48187343087186885,0.11258176192284429,0.8497522067529146,0.7142857142857141,0.995709008821016
jittered_zero,HBR,20.0,0.001,-0.01,0.3479021003554021,0.32303984408938863,0.11450511791556467,0.8562582644403356,0.8333333333333333,0.9958143352647377
jittered_zero,HBR,20.0,0.001,-0.005,0.2582511951812375,0.23456230611528914,0.1150177281523638,0.8585300784244148,0.909090909090909,0.9958659303813351
jittered_zero,HBR,20.0,0.001,-0.002,0.20106719350612606,0.17786421086686466,0.11502153628033575,0.8594465753298236,0.9615384615384615,0.9958965510459452
jittered_zero,HBR,20.0,0.001,0.0,0.16136570080210788,0.13835085956691673,0.11483861948144289,0.8598261347082454,1.0,0.995916825885169
jittered_zero,HBR,20.0,0.001,0.002,0.20031784008175763,0.17736904617338237,0.11448931905320188,0.8600072776802227,0.9615384615384615,0.9959369902592291
jittered_zero,HBR,20.0,0.001,0.005,0.25637192968034506,0.23332222646496287,0.11369144855112902,0.8599369485364905,0.909090909090909,0.9959670309737076
jittered_zero,HBR,20.0,0.001,0.01,0.3441064649383513,0.3205443104311495,0.11187697838575299,0.8591036540259818,0.8333333333333333,0.996016554729805
jittered_zero,HBR,20.0,0.001,0.02,0.5017363232154719,0.4766662216055274,0.10745322016345084,0.855638454617325,0.7142857142857141,0.996113594012157
jittered_zero,HBR,20.0,0.001,0.05,0.8775323908861961,0.8523481102689672,0.09445811280086325,0.8381556567268396,0.49999999999999983,0.9963892701195458
jittered_zero,HBR,20.0,0.002,-0.05,0.9044630373514945,0.8759342903276676,0.1072926172252739,0.8214002277480669,0.5000000000000001,0.9907981280086032
jittered_zero,HBR,20.0,0.002,-0.02,0.5138467878296028,0.4870433010999935,0.1131559600711826,0.8497522067529146,0.7142857142857141,0.9914588662198607
jittered_zero,HBR,20.0,0.002,-0.01,0.3520780643468316,0.3268182482006855,0.11501775797971786,0.8562582644403356,0.8333333333333333,0.9916674867135266
jittered_zero,HBR,20.0,0.002,-0.005,0.26237580850094794,0.2383039271764914,0.11550696954755904,0.8585300784244148,0.909090909090909,0.9917697005645572
jittered_zero,HBR,20.0,0.002,-0.002,0.20516132973430096,0.1815839507649435,0.11550034571455056,0.8594465753298236,0.9615384615384615,0.9918303683990637
jittered_zero,HBR,20.0,0.002,0.0,0.16543965664034055,0.14205609008126757,0.11531240544121442,0.8598261347082454,1.0,0.9918705407956064
jittered_zero,HBR,20.0,0.002,0.002,0.2043717249950054,0.18105982944300947,0.11495972117845871,0.8600072776802227,0.9615384615384615,0.9919104962497242
jittered_zero,HBR,20.0,0.002,0.005,0.2603959122007869,0.2369914548042297,0.11415953275611938,0.8599369485364905,0.909090909090909,0.9919700251217186
jittered_zero,HBR,20.0,0.002,0.01,0.34808114938819446,0.3241779208783673,0.11234645491164774,0.8591036540259818,0.8333333333333333,0.9920681710467723
jittered_zero,HBR,20.0,0.002,0.02,0.505614402141604,0.48022973297394594,0.1079360340213302,0.855638454617325,0.7142857142857141,0.9922605166688003
jittered_zero,HBR,20.0,0.002,0.05,0.8811359649144117,0.8568036920505921,0.09501335942345306,0.8381556567268396,0.49999999999999983,0.992807188801106
jittered_zero,HBR,20.0,0.005,-0.05,0.9181609183943291,0.8913494813612821,0.10985191485198113,0.8214002277480669,0.5000000000000001,0.977344311869817
jittered_zero,HBR,20.0,0.005,-0.02,0.5265684208006876,0.49970332573053555,0.11493946182275212,0.8497522067529146,0.7142857142857141,0.9789469363534744
jittered_zero,HBR,20.0,0.005,-0.01,0.36449122061574135,0.33925686020013224,0.11661607529987406,0.8562582644403356,0.8333333333333333,0.979453725616894
jittered_zero,HBR,20.0,0.005,-0.005,0.2746377846539942,0.2500659844394736,0.11703438259274747,0.8585300784244148,0.909090909090909,0.9797021640822742
jittered_zero,HBR,20.0,0.005,-0.002,0.21733356176360644,0.19299706083460266,0.11699589674100186,0.8594465753298236,0.9615384615384615,0.9798496642753884
jittered_zero,HBR,20.0,0.005,0.0,0.17755245753534726,0.15326031132306264,0.1167924516707015,0.8598261347082454,1.0,0.9799473518243854
jittered_zero,HBR,20.0,0.005,0.002,0.2164254115104956,0.19207389475269906,0.11642914023220403,0.8600072776802227,0.9615384615384615,0.9800445255867516
jittered_zero,HBR,20.0,0.005,0.005,0.2723615175746844,0.24775451088306522,0.11562121130446856,0.8599369485364905,0.909090909090909,0.9801893283716503
jittered_zero,HBR,20.0,0.005,0.01,0.35990151413618215,0.3346087169222518,0.11381083560493485,0.8591036540259818,0.8333333333333333,0.9804281328467159
jittered_zero,HBR,20.0,0.005,0.02,0.5171500523348203,0.490268487473434,0.10943703448877767,0.855638454617325,0.7142857142857141,0.9808963800622627
jittered_zero,HBR,20.0,0.005,0.05,0.8918618897138956,0.8700484483599675,0.09671800412768554,0.8381556567268396,0.49999999999999983,0.9822289375371339
jittered_zero,HR,0.0,0.001,-0.05,0.20670301193135124,0.17718273497409465,0.10645667726029714,0.8214002277480669,1.0,0.9953752455105596
jittered_zero,HR,0.0,0.001,-0.02,0.17309376963912967,0.14540119425205555,0.11258176192284432,0.8497522067529146,1.0,0.995709008821016
jittered_zero,HR,0.0,0.001,-0.01,0.16558054356264734,0.14071828729663385,0.11450511791556464,0.8562582644403356,1.0,0.9958143352647377
jittered_zero,HR,0.0,0.001,-0.005,0.1629410153780126,0.13925212631206424,0.11501772815236379,0.8585300784244148,1.0,0.9958659303813351
jittered_zero,HR,0.0,0.001,-0.002,0.16184648035388466,0.13864349771462325,0.11502153628033576,0.8594465753298236,1.0,0.9958965510459452
jittered_zero,HR,0.0,0.001,0.0,0.16136570080310797,0.13835085956791682,0.11483861948144289,0.8598261347082454,1.0,0.995916825885169
jittered_zero,HR,0.0,0.001,0.002,0.16109712692951622,0.13814833302114096,0.11448931905320188,0.8600072776802227,1.0,0.9959369902592291
jittered_zero,HR,0.0,0.001,0.005,0.16106174987712013,0.13801204666173794,0.11369144855112902,0.8599369485364905,1.0,0.9959670309737076
jittered_zero,HR,0.0,0.001,0.01,0.16178490814559657,0.1382227536383948,0.11187697838575301,0.8591036540259818,1.0,0.996016554729805
jittered_zero,HR,0.0,0.001,0.02,0.16526408659565867,0.14019398498571412,0.10745322016345085,0.855638454617325,1.0,0.996113594012157
jittered_zero,HR,0.0,0.001,0.05,0.18438521032825025,0.1592009297110214,0.09445811280086326,0.8381556567268396,1.0,0.9963892701195458
jittered_zero,HR,0.0,0.002,-0.05,0.21131585679354936,0.1827871097697224,0.10729261722527388,0.8214002277480669,1.0,0.9907981280086032
jittered_zero,HR,0.0,0.002,-0.02,0.1773745512097896,0.1505710644801803,0.11315596007118259,0.8497522067529146,1.0,0.9914588662198607
jittered_zero,HR,0.0,0.002,-0.01,0.16975650755407684,0.14449669140793073,0.11501775797971786,0.8562582644403356,1.0,0.9916674867135266
jittered_zero,HR,0.0,0.002,-0.005,0.167065628697723,0.1429937473732665,0.11550696954755903,0.8585300784244148,1.0,0.9917697005645572
jittered_zero,HR,0.0,0.002,-0.002,0.16594061658205952,0.1423632376127021,0.11550034571455058,0.8594465753298236,1.0,0.9918303683990637
jittered_zero,HR,0.0,0.002,0.0,0.16543965664134064,0.14205609008226766,0.11531240544121442,0.8598261347082454,1.0,0.9918705407956064
jittered_zero,HR,0.0,0.002,0.002,0.16515101184276398,0.14183911629076806,0.11495972117845871,0.8600072776802227,1.0,0.9919104962497242
jittered_zero,HR,0.0,0.002,0.005,0.16508573239756197,0.1416812750010048,0.11415953275611938,0.8599369485364905,1.0,0.9919700251217186
jittered_zero,HR,0.0,0.002,0.01,0.16575959259543974,0.14185636408561253,0.11234645491164776,0.8591036540259818,1.0,0.9920681710467723
jittered_zero,HR,0.0,0.002,0.02,0.1691421655217908,0.1437574963541327,0.10793603402133017,0.855638454617325,1.0,0.9922605166688003
jittered_zero,HR,0.0,0.002,0.05,0.18798878435646602,0.16365651149264637,0.09501335942345306,0.8381556567268396,1.0,0.992807188801106
jittered_zero,HR,0.0,0.005,-0.05,0.22501373783638404,0.19820230080333695,0.10985191485198109,0.8214002277480669,1.0,0.977344311869817
jittered_zero,HR,0.0,0.005,-0.02,0.19009618418087437,0.16323108911072232,0.11493946182275215,0.8497522067529146,1.0,0.9789469363534744
jittered_zero,HR,0.0,0.005,-0.01,0.18216966382298663,0.15693530340737752,0.11661607529987408,0.8562582644403356,1.0,0.979453725616894
jittered_zero,HR,0.0,0.005,-0.005,0.1793276048507693,0.1547558046362487,0.11703438259274747,0.8585300784244148,1.0,0.9797021640822742
jittered_zero,HR,0.0,0.005,-0.002,0.17811284861136503,0.15377634768236126,0.11699589674100189,0.8594465753298236,1.0,0.9798496642753884
jittered_zero,HR,0.0,0.005,0.0,0.17755245753634735,0.15326031132406273,0.1167924516707015,0.8598261347082454,1.0,0.9799473518243854
jittered_zero,HR,0.0,0.005,0.002,0.1772046983582542,0.15285318160045766,0.11642914023220405,0.8600072776802227,1.0,0.9800445255867516
jittered_zero,HR,0.0,0.005,0.005,0.17705133777145948,0.1524443310798403,0.11562121130446855,0.8599369485364905,1.0,0.9801893283716503
jittered_zero,HR,0.0,0.005,0.01,0.17757995734342738,0.15228716012949708,0.11381083560493482,0.8591036540259818,1.0,0.9804281328467159
jittered_zero,HR,0.0,0.005,0.02,0.180677815715007,0.15379625085362075,0.10943703448877769,0.855638454617325,1.0,0.9808963800622627
jittered_zero,HR,0.0,0.005,0.05,0.1987147091559497,0.1769012678020217,0.09671800412768558,0.8381556567268396,1.0,0.9822289375371339
jittered_zero,HR,2.0,0.001,-0.05,0.20670301193135124,0.17718273497409465,0.10645667726029714,0.8214002277480669,0.909090909090909,0.9953752455105596
jittered_zero,HR,2.0,0.001,-0.02,0.17309376963912967,0.14540119425205555,0.11258176192284432,0.8497522067529146,0.9615384615384615,0.995709008821016
jittered_zero,HR,2.0,0.001,-0.01,0.16558054356264734,0.14071828729663385,0.11450511791556464,0.8562582644403356,0.980392156862745,0.9958143352647377
jittered_zero,HR,2.0,0.001,-0.005,0.1629410153780126,0.13925212631206424,0.11501772815236379,0.8585300784244148,0.9900990099009901,0.9958659303813351
jittered_zero,HR,2.0,0.001,-0.002,0.16184648035388466,0.13864349771462325,0.11502153628033576,0.8594465753298236,0.9960159362549801,0.9958965510459452
jittered_zero,HR,2.0,0.001,0.0,0.16136570080310797,0.13835085956791682,0.11483861948144289,0.8598261347082454,1.0,0.995916825885169
jittered_zero,HR,2.0,0.001,0.002,0.16109712692951622,0.13814833302114096,0.11448931905320188,0.8600072776802227,0.9960159362549801,0.9959369902592291
jittered_zero,HR,2.0,0.001,0.005,0.16106174987712013,0.13801204666173794,0.11369144855112902,0.8599369485364905,0.9900990099009901,0.9959670309737076
jittered_zero,HR,2.0,0.001,0.01,0.16178490814559657,0.1382227536383948,0.11187697838575301,0.8591036540259818,0.980392156862745,0.996016554729805
jittered_zero,HR,2.0,0.001,0.02,0.16526408659565867,0.14019398498571412,0.10745322016345085,0.855638454617325,0.9615384615384615,0.996113594012157
jittered_zero,HR,2.0,0.001,0.05,0.18438521032825025,0.1592009297110214,0.09445811280086326,0.8381556567268396,0.909090909090909,0.9963892701195458
jittered_zero,HR,2.0,0.002,-0.05,0.21131585679354936,0.1827871097697224,0.10729261722527388,0.8214002277480669,0.909090909090909,0.9907981280086032
jittered_zero,HR,2.0,0.002,-0.02,0.1773745512097896,0.1505710644801803,0.11315596007118259,0.8497522067529146,0.9615384615384615,0.9914588662198607
jittered_zero,HR,2.0,0.002,-0.01,0.16975650755407684,0.14449669140793073,0.11501775797971786,0.8562582644403356,0.980392156862745,0.9916674867135266
jittered_zero,HR,2.0,0.002,-0.005,0.167065628697723,0.1429937473732665,0.11550696954755903,0.8585300784244148,0.9900990099009901,0.9917697005645572
jittered_zero,HR,2.0,0.002,-0.002,0.16594061658205952,0.1423632376127021,0.11550034571455058,0.8594465753298236,0.9960159362549801,0.9918303683990637
jittered_zero,HR,2.0,0.002,0.0,0.16543965664134064,0.14205609008226766,0.11531240544121442,0.8598261347082454,1.0,0.9918705407956064
jittered_zero,HR,2.0,0.002,0.002,0.16515101184276398,0.14183911629076806,0.11495972117845871,0.8600072776802227,0.9960159362549801,0.9919104962497242
jittered_zero,HR,2.0,0.002,0.005,0.16508573239756197,0.1416812750010048,0.11415953275611938,0.8599369485364905,0.9900990099009901,0.9919700251217186
jittered_zero,HR,2.0,0.002,0.01,0.16575959259543974,0.14185636408561253,0.11234645491164776,0.8591036540259818,0.980392156862745,0.9920681710467723
jittered_zero,HR,2.0,0.002,0.02,0.1691421655217908,0.1437574963541327,0.10793603402133017,0.855638454617325,0.9615384615384615,0.9922605166688003
jittered_zero,HR,2.0,0.002,0.05,0.18798878435646602,0.16365651149264637,0.09501335942345306,0.8381556567268396,0.909090909090909,0.992807188801106
jittered_zero,HR,2.0,0.005,-0.05,0.22501373783638404,0.19820230080333695,0.10985191485198109,0.8214002277480669,0.909090909090909,0.977344311869817
jittered_zero,HR,2.0,0.005,-0.02,0.19009618418087437,0.16323108911072232,0.11493946182275215,0.8497522067529146,0.9615384615384615,0.9789469363534744
jittered_zero,HR,2.0,0.005,-0.01,0.18216966382298663,0.15693530340737752,0.11661607529987408,0.8562582644403356,0.980392156862745,0.979453725616894
jittered_zero,HR,2.0,0.005,-0.005,0.1793276048507693,0.1547558046362487,0.11703438259274747,0.8585300784244148,0.9900990099009901,0.9797021640822742
jittered_zero,HR,2.0,0.005,-0.002,0.17811284861136503,0.15377634768236126,0.11699589674100189,0.8594465753298236,0.9960159362549801,0.9798496642753884
jittered_zero,HR,2.0,0.005,0.0,0.17755245753634735,0.15326031132406273,0.1167924516707015,0.8598261347082454,1.0,0.9799473518243854
jittered_zero,HR,2.0,0.005,0.002,0.1772046983582542,0.15285318160045766,0.11642914023220405,0.8600072776802227,0.9960159362549801,0.9800445255867516
jittered_zero,HR,2.0,0.005,0.005,0.17705133777145948,0.1524443310798403,0.11562121130446855,0.8599369485364905,0.9900990099009901,0.9801893283716503
jittered_zero,HR,2.0,0.005,0.01,0.17757995734342738,0.15228716012949708,0.11381083560493482,0.8591036540259818,0.980392156862745,0.9804281328467159
jittered_zero,HR,2.0,0.005,0.02,0.180677815715007,0.15379625085362075,0.10943703448877769,0.855638454617325,0.9615384615384615,0.9808963800622627
jittered_zero,HR,2.0,0.005,0.05,0.1987147091559497,0.1769012678020217,0.09671800412768558,0.8381556567268396,0.909090909090909,0.9822289375371339
jittered_zero,HR,5.0,0.001,-0.05,0.20670301193135124,0.17718273497409465,0.10645667726029714,0.8214002277480669,0.8,0.9953752455105596
jittered_zero,HR,5.0,0.001,-0.02,0.17309376963912967,0.14540119425205555,0.11258176192284432,0.8497522067529146,0.909090909090909,0.995709008821016
jittered_zero,HR,5.0,0.001,-0.01,0.16558054356264734,0.14071828729663385,0.11450511791556464,0.8562582644403356,0.9523809523809523,0.9958143352647377
jittered_zero,HR,5.0,0.001,-0.005,0.1629410153780126,0.13925212631206424,0.11501772815236379,0.8585300784244148,0.9756097560975612,0.9958659303813351
jittered_zero,HR,5.0,0.001,-0.002,0.16184648035388466,0.13864349771462325,0.11502153628033576,0.8594465753298236,0.9900990099009901,0.9958965510459452
jittered_zero,HR,5.0,0.001,0.0,0.16136570080310797,0.13835085956791682,0.11483861948144289,0.8598261347082454,1.0,0.995916825885169
jittered_zero,HR,5.0,0.001,0.002,0.16109712692951622,0.13814833302114096,0.11448931905320188,0.8600072776802227,0.9900990099009901,0.9959369902592291
jittered_zero,HR,5.0,0.001,0.005,0.16106174987712013,0.13801204666173794,0.11369144855112902,0.8599369485364905,0.9756097560975612,0.9959670309737076
jittered_zero,HR,5.0,0.001,0.01,0.16178490814559657,0.1382227536383948,0.11187697838575301,0.8591036540259818,0.9523809523809523,0.996016554729805
jittered_zero,HR,5.0,0.001,0.02,0.16526408659565867,0.14019398498571412,0.10745322016345085,0.855638454617325,0.909090909090909,0.996113594012157
jittered_zero,HR,5.0,0.001,0.05,0.18438521032825025,0.1592009297110214,0.09445811280086326,0.8381556567268396,0.7999999999999998,0.9963892701195458
jittered_zero,HR,5.0,0.002,-0.05,0.21131585679354936,0.1827871097697224,0.10729261722527388,0.8214002277480669,0.8,0.9907981280086032
jittered_zero,HR,5.0,0.002,-0.02,0.1773745512097896,0.1505710644801803,0.11315596007118259,0.8497522067529146,0.909090909090909,0.9914588662198607
jittered_zero,HR,5.0,0.002,-0.01,0.16975650755407684,0.14449669140793073,0.11501775797971786,0.8562582644403356,0.9523809523809523,0.9916674867135266
jittered_zero,HR,5.0,0.002,-0.005,0.167065628697723,0.1429937473732665,0.11550696954755903,0.8585300784244148,0.9756097560975612,0.9917697005645572
jittered_zero,HR,5.0,0.002,-0.002,0.16594061658205952,0.1423632376127021,0.11550034571455058,0.8594465753298236,0.9900990099009901,0.9918303683990637
jittered_zero,HR,5.0,0.002,0.0,0.16543965664134064,0.14205609008226766,0.11531240544121442,0.8598261347082454,1.0,0.9918705407956064
jittered_zero,HR,5.0,0.002,0.002,0.16515101184276398,0.14183911629076806,0.11495972117845871,0.8600072776802227,0.9900990099009901,0.9919104962497242
jittered_zero,HR,5.0,0.002,0.005,0.16508573239756197,0.1416812750010048,0.11415953275611938,0.8599369485364905,0.9756097560975612,0.9919700251217186
jittered_zero,HR,5.0,0.002,0.01,0.16575959259543974,0.14185636408561253,0.11234645491164776,0.8591036540259818,0.9523809523809523,0.9920681710467723
jittered_zero,HR,5.0,0.002,0.02,0.1691421655217908,0.1437574963541327,0.10793603402133017,0.855638454617325,0.909090909090909,0.9922605166688003
jittered_zero,HR,5.0,0.002,0.05,0.18798878435646602,0.16365651149264637,0.09501335942345306,0.8381556567268396,0.7999999999999998,0.992807188801106
jittered_zero,HR,5.0,0.005,-0.05,0.22501373783638404,0.19820230080333695,0.10985191485198109,0.8214002277480669,0.8,0.977344311869817
jittered_zero,HR,5.0,0.005,-0.02,0.19009618418087437,0.16323108911072232,0.11493946182275215,0.8497522067529146,0.909090909090909,0.9789469363534744
jittered_zero,HR,5.0,0.005,-0.01,0.18216966382298663,0.15693530340737752,0.11661607529987408,0.8562582644403356,0.9523809523809523,0.979453725616894
jittered_zero,HR,5.0,0.005,-0.005,0.1793276048507693,0.1547558046362487,0.11703438259274747,0.8585300784244148,0.9756097560975612,0.9797021640822742
jittered_zero,HR,5.0,0.005,-0.002,0.17811284861136503,0.15377634768236126,0.11699589674100189,0.8594465753298236,0.9900990099009901,0.9798496642753884
jittered_zero,HR,5.0,0.005,0.0,0.17755245753634735,0.15326031132406273,0.1167924516707015,0.8598261347082454,1.0,0.9799473518243854
jittered_zero,HR,5.0,0.005,0.002,0.1772046983582542,0.15285318160045766,0.11642914023220405,0.8600072776802227,0.9900990099009901,0.9800445255867516
jittered_zero,HR,5.0,0.005,0.005,0.17705133777145948,0.1524443310798403,0.11562121130446855,0.8599369485364905,0.9756097560975612,0.9801893283716503
jittered_zero,HR,5.0,0.005,0.01,0.17757995734342738,0.15228716012949708,0.11381083560493482,0.8591036540259818,0.9523809523809523,0.9804281328467159
jittered_zero,HR,5.0,0.005,0.02,0.180677815715007,0.15379625085362075,0.10943703448877769,0.855638454617325,0.909090909090909,0.9808963800622627
jittered_zero,HR,5.0,0.005,0.05,0.1987147091559497,0.1769012678020217,0.09671800412768558,0.8381556567268396,0.7999999999999998,0.9822289375371339
jittered_zero,HR,10.0,0.001,-0.05,0.20670301193135124,0.17718273497409465,0.10645667726029714,0.8214002277480669,0.6666666666666666,0.9953752455105596
jittered_zero,HR,10.0,0.001,-0.02,0.17309376963912967,0.14540119425205555,0.11258176192284432,0.8497522067529146,0.8333333333333333,0.995709008821016
jittered_zero,HR,10.0,0.001,-0.01,0.16558054356264734,0.14071828729663385,0.11450511791556464,0.8562582644403356,0.909090909090909,0.9958143352647377
jittered_zero,HR,10.0,0.001,-0.005,0.1629410153780126,0.13925212631206424,0.11501772815236379,0.8585300784244148,0.9523809523809523,0.9958659303813351
jittered_zero,HR,10.0,0.001,-0.002,0.16184648035388466,0.13864349771462325,0.11502153628033576,0.8594465753298236,0.980392156862745,0.9958965510459452
jittered_zero,HR,10.0,0.001,0.0,0.16136570080310797,0.13835085956791682,0.11483861948144289,0.8598261347082454,1.0,0.995916825885169
jittered_zero,HR,10.0,0.001,0.002,0.16109712692951622,0.13814833302114096,0.11448931905320188,0.8600072776802227,0.980392156862745,0.9959369902592291
jittered_zero,HR,10.0,0.001,0.005,0.16106174987712013,0.13801204666173794,0.11369144855112902,0.8599369485364905,0.9523809523809523,0.9959670309737076
jittered_zero,HR,10.0,0.001,0.01,0.16178490814559657,0.1382227536383948,0.11187697838575301,0.8591036540259818,0.909090909090909,0.996016554729805
jittered_zero,HR,10.0,0.001,0.02,0.16526408659565867,0.14019398498571412,0.10745322016345085,0.855638454617325,0.8333333333333333,0.996113594012157
jittered_zero,HR,10.0,0.001,0.05,0.18438521032825025,0.1592009297110214,0.09445811280086326,0.8381556567268396,0.6666666666666665,0.9963892701195458
jittered_zero,HR,10.0,0.002,-0.05,0.21131585679354936,0.1827871097697224,0.10729261722527388,0.8214002277480669,0.6666666666666666,0.9907981280086032
jittered_zero,HR,10.0,0.002,-0.02,0.1773745512097896,0.1505710644801803,0.11315596007118259,0.8497522067529146,0.8333333333333333,0.9914588662198607
jittered_zero,HR,10.0,0.002,-0.01,0.16975650755407684,0.14449669140793073,0.11501775797971786,0.8562582644403356,0.909090909090909,0.9916674867135266
jittered_zero,HR,10.0,0.002,-0.005,0.167065628697723,0.1429937473732665,0.11550696954755903,0.8585300784244148,0.9523809523809523,0.9917697005645572
jittered_zero,HR,10.0,0.002,-0.002,0.16594061658205952,0.1423632376127021,0.11550034571455058,0.8594465753298236,0.980392156862745,0.9918303683990637
jittered_zero,HR,10.0,0.002,0.0,0.16543965664134064,0.14205609008226766,0.11531240544121442,0.8598261347082454,1.0,0.9918705407956064
jittered_zero,HR,10.0,0.002,0.002,0.16515101184276398,0.14183911629076806,0.11495972117845871,0.8600072776802227,0.980392156862745,0.9919104962497242
jittered_zero,HR,10.0,0.002,0.005,0.16508573239756197,0.1416812750010048,0.11415953275611938,0.8599369485364905,0.9523809523809523,0.9919700251217186
jittered_zero,HR,10.0,0.002,0.01,0.16575959259543974,0.14185636408561253,0.11234645491164776,0.8591036540259818,0.909090909090909,0.9920681710467723
jittered_zero,HR,10.0,0.002,0.02,0.1691421655217908,0.1437574963541327,0.10793603402133017,0.855638454617325,0.8333333333333333,0.9922605166688003
jittered_zero,HR,10.0,0.002,0.05,0.18798878435646602,0.16365651149264637,0.09501335942345306,0.8381556567268396,0.6666666666666665,0.992807188801106
jittered_zero,HR,10.0,0.005,-0.05,0.22501373783638404,0.19820230080333695,0.10985191485198109,0.8214002277480669,0.6666666666666666,0.977344311869817
jittered_zero,HR,10.0,0.005,-0.02,0.19009618418087437,0.16323108911072232,0.11493946182275215,0.8497522067529146,0.8333333333333333,0.9789469363534744
jittered_zero,HR,10.0,0.005,-0.01,0.18216966382298663,0.15693530340737752,0.11661607529987408,0.8562582644403356,0.909090909090909,0.979453725616894
jittered_zero,HR,10.0,0.005,-0.005,0.1793276048507693,0.1547558046362487,0.11703438259274747,0.8585300784244148,0.9523809523809523,0.9797021640822742
jittered_zero,HR,10.0,0.005,-0.002,0.17811284861136503,0.15377634768236126,0.11699589674100189,0.8594465753298236,0.980392156862745,0.9798496642753884
jittered_zero,HR,10.0,0.005,0.0,0.17755245753634735,0.15326031132406273,0.1167924516707015,0.8598261347082454,1.0,0.9799473518243854
jittered_zero,HR,10.0,0.005,0.002,0.1772046983582542,0.15285318160045766,0.11642914023220405,0.8600072776802227,0.980392156862745,0.9800445255867516
jittered_zero,HR,10.0,0.005,0.005,0.17705133777145948,0.1524443310798403,0.11562121130446855,0.8599369485364905,0.9523809523809523,0.9801893283716503
jittered_zero,HR,10.0,0.005,0.01,0.17757995734342738,0.15228716012949708,0.11381083560493482,0.8591036540259818,0.909090909090909,0.9804281328467159
jittered_zero,HR,10.0,0.005,0.02,0.180677815715007,0.15379625085362075,0.10943703448877769,0.855638454617325,0.8333333333333333,0.9808963800622627
jittered_zero,HR,10.0,0.005,0.05,0.1987147091559497,0.1769012678020217,0.09671800412768558,0.8381556567268396,0.6666666666666665,0.9822289375371339
jittered_zero,HR,20.0,0.001,-0.05,0.20670301193135124,0.17718273497409465,0.10645667726029714,0.8214002277480669,0.5000000000000001,0.9953752455105596
jittered_zero,HR,20.0,0.001,-0.02,0.17309376963912967,0.14540119425205555,0.11258176192284432,0.8497522067529146,0.7142857142857141,0.995709008821016
jittered_zero,HR,20.0,0.001,-0.01,0.16558054356264734,0.14071828729663385,0.11450511791556464,0.8562582644403356,0.8333333333333333,0.9958143352647377
jittered_zero,HR,20.0,0.001,-0.005,0.1629410153780126,0.13925212631206424,0.11501772815236379,0.8585300784244148,0.909090909090909,0.9958659303813351
jittered_zero,HR,20.0,0.001,-0.002,0.16184648035388466,0.13864349771462325,0.11502153628033576,0.8594465753298236,0.9615384615384615,0.9958965510459452
jittered_zero,HR,20.0,0.001,0.0,0.16136570080310797,0.13835085956791682,0.11483861948144289,0.8598261347082454,1.0,0.995916825885169
jittered_zero,HR,20.0,0.001,0.002,0.16109712692951622,0.13814833302114096,0.11448931905320188,0.8600072776802227,0.9615384615384615,0.9959369902592291
jittered_zero,HR,20.0,0.001,0.005,0.16106174987712013,0.13801204666173794,0.11369144855112902,0.8599369485364905,0.909090909090909,0.9959670309737076
jittered_zero,HR,20.0,0.001,0.01,0.16178490814559657,0.1382227536383948,0.11187697838575301,0.8591036540259818,0.8333333333333333,0.996016554729805
jittered_zero,HR,20.0,0.001,0.02,0.16526408659565867,0.14019398498571412,0.10745322016345085,0.855638454617325,0.7142857142857141,0.996113594012157
jittered_zero,HR,20.0,0.001,0.05,0.18438521032825025,0.1592009297110214,0.09445811280086326,0.8381556567268396,0.49999999999999983,0.9963892701195458
jittered_zero,HR,20.0,0.002,-0.05,0.21131585679354936,0.1827871097697224,0.10729261722527388,0.8214002277480669,0.5000000000000001,0.9907981280086032
jittered_zero,HR,20.0,0.002,-0.02,0.1773745512097896,0.1505710644801803,0.11315596007118259,0.8497522067529146,0.7142857142857141,0.9914588662198607
jittered_zero,HR,20.0,0.002,-0.01,0.16975650755407684,0.14449669140793073,0.11501775797971786,0.8562582644403356,0.8333333333333333,0.9916674867135266
jittered_zero,HR,20.0,0.002,-0.005,0.167065628697723,0.1429937473732665,0.11550696954755903,0.8585300784244148,0.909090909090909,0.9917697005645572
jittered_zero,HR,20.0,0.002,-0.002,0.16594061658205952,0.1423632376127021,0.11550034571455058,0.8594465753298236,0.9615384615384615,0.9918303683990637
jittered_zero,HR,20.0,0.002,0.0,0.16543965664134064,0.14205609008226766,0.11531240544121442,0.8598261347082454,1.0,0.9918705407956064
jittered_zero,HR,20.0,0.002,0.002,0.16515101184276398,0.14183911629076806,0.11495972117845871,0.8600072776802227,0.9615384615384615,0.9919104962497242
jittered_zero,HR,20.0,0.002,0.005,0.16508573239756197,0.1416812750010048,0.11415953275611938,0.8599369485364905,0.909090909090909,0.9919700251217186
jittered_zero,HR,20.0,0.002,0.01,0.16575959259543974,0.14185636408561253,0.11234645491164776,0.8591036540259818,0.8333333333333333,0.9920681710467723
jittered_zero,HR,20.0,0.002,0.02,0.1691421655217908,0.1437574963541327,0.10793603402133017,0.855638454617325,0.7142857142857141,0.9922605166688003
jittered_zero,HR,20.0,0.002,0.05,0.18798878435646602,0.16365651149264637,0.09501335942345306,0.8381556567268396,0.49999999999999983,0.992807188801106
jittered_zero,HR,20.0,0.005,-0.05,0.22501373783638404,0.19820230080333695,0.10985191485198109,0.8214002277480669,0.5000000000000001,0.977344311869817
jittered_zero,HR,20.0,0.005,-0.02,0.19009618418087437,0.16323108911072232,0.11493946182275215,0.8497522067529146,0.7142857142857141,0.9789469363534744
jittered_zero,HR,20.0,0.005,-0.01,0.18216966382298663,0.15693530340737752,0.11661607529987408,0.8562582644403356,0.8333333333333333,0.979453725616894
jittered_zero,HR,20.0,0.005,-0.005,0.1793276048507693,0.1547558046362487,0.11703438259274747,0.8585300784244148,0.909090909090909,0.9797021640822742
jittered_zero,HR,20.0,0.005,-0.002,0.17811284861136503,0.15377634768236126,0.11699589674100189,0.8594465753298236,0.9615384615384615,0.9798496642753884
jittered_zero,HR,20.0,0.005,0.0,0.17755245753634735,0.15326031132406273,0.1167924516707015,0.8598261347082454,1.0,0.9799473518243854
jittered_zero,HR,20.0,0.005,0.002,0.1772046983582542,0.15285318160045766,0.11642914023220405,0.8600072776802227,0.9615384615384615,0.9800445255867516
jittered_zero,HR,20.0,0.005,0.005,0.17705133777145948,0.1524443310798403,0.11562121130446855,0.8599369485364905,0.909090909090909,0.9801893283716503
jittered_zero,HR,20.0,0.005,0.01,0.17757995734342738,0.15228716012949708,0.11381083560493482,0.8591036540259818,0.8333333333333333,0.9804281328467159
jittered_zero,HR,20.0,0.005,0.02,0.180677815715007,0.15379625085362075,0.10943703448877769,0.855638454617325,0.7142857142857141,0.9808963800622627
jittered_zero,HR,20.0,0.005,0.05,0.1987147091559497,0.1769012678020217,0.09671800412768558,0.8381556567268396,0.49999999999999983,0.9822289375371339
known_zero,BR,0.0,0.001,-0.05,0.004643235856173012,0.004165213409236869,0.0016460260298586152,0.9024210172020192,1.0,0.9953688415371085
known_zero,BR,0.0,0.001,-0.02,0.004307838998254884,0.003880956928319015,0.0014941359669738538,0.9597595791545208,1.0,0.9957025097089136
known_zero,BR,0.0,0.001,-0.01,0.004202041358000278,0.003789447263672674,0.0014464179735683511,0.9796707204251268,1.0,0.9958077901723057
known_zero,BR,0.0,0.001,-0.005,0.004150223310755603,0.0037445992287174577,0.0014230792461118365,0.9897823372072599,1.0,0.9958593598267749
known_zero,BR,0.0,0.001,-0.002,0.004119472808579213,0.0037179758933256887,0.001409239334468807,0.9959001102435833,1.0,0.9958899644508967
known_zero,BR,0.0,0.001,0.0,0.00409911301439019,0.0037003448845961406,0.0014000800595059897,0.9999999999999927,1.0,0.9959102282850724
known_zero,BR,0.0,0.001,0.002,0.004078864951303308,0.003682807586346374,0.00139097425221304,0.9959203186489791,1.0,0.9959303814087368
known_zero,BR,0.0,0.001,0.005,0.004048701045674512,0.0036566762385657112,0.0013774150523473583,0.9899068812178097,1.0,0.9959604047947452
known_zero,BR,0.0,0.001,0.01,0.003998978099404623,0.003613585406349496,0.0013550789562376516,0.9801575346888203,1.0,0.9960098984900491
known_zero,BR,0.0,0.001,0.02,0.003901562633656311,0.0035291061798112013,0.001311372883337813,0.9616210023101075,1.0,0.9961068734172077
known_zero,BR,0.0,0.001,0.05,0.003624920382586725,0.0032887485833270735,0.001187628776213079,0.9126603954221671,1.0,0.9963823266402849
known_zero,BR,0.0,0.002,-0.05,0.009262438907225303,0.008313168188749956,0.003275141987643044,0.9024210172020192,1.0,0.9907855026366278
known_zero,BR,0.0,0.002,-0.02,0.008595080643859828,0.007746928469660198,0.0029740440579073936,0.9597595791545208,1.0,0.9914460236761531
known_zero,BR,0.0,0.002,-0.01,0.008384513428476549,0.0075646088767911445,0.0028794065952209525,0.9796707204251268,1.0,0.9916545441401876
known_zero,BR,0.0,0.002,-0.005,0.008281371144499828,0.007475249424206771,0.0028331119319555246,0.9897823372072599,1.0,0.9917567031876688
known_zero,BR,0.0,0.002,-0.002,0.008220160162891035,0.007422200618582665,0.0028056566858951177,0.9959001102435833,1.0,0.9918173366617488
known_zero,BR,0.0,0.002,0.0,0.008179631359930297,0.007387068831117874,0.002787485768950009,0.9999999999999927,1.0,0.9918574855482681
known_zero,BR,0.0,0.002,0.002,0.008139323994461193,0.0073521231372675085,0.0027694201406328707,0.9959203186489791,1.0,0.9918974170172419
known_zero,BR,0.0,0.002,0.005,0.008079275575555423,0.007300051337872768,0.0027425176723383693,0.9899068812178097,1.0,0.991956909034615
known_zero,BR,0.0,0.002,0.01,0.007980285518909376,0.007214181395582095,0.0026981973863840778,0.9801575346888203,1.0,0.9920549912508816
known_zero,BR,0.0,0.002,0.02,0.007786330614443511,0.007045823005593516,0.0026114601049148866,0.9616210023101075,1.0,0.9922472012629171
known_zero,BR,0.0,0.002,0.05,0.007235411028130122,0.006566735221272116,0.0023657831563833093,0.9126603954221671,1.0,0.9927934089622313
known_zero,BR,0.0,0.005,-0.05,0.022978856741224324,0.020655115917696296,0.008063985763222689,0.9024210172020192,1.0,0.9773140742207145
known_zero,BR,0.0,0.005,-0.02,0.021335634112381194,0.019256315864921426,0.007330718241929989,0.9597595791545208,1.0,0.9789159648874144
known_zero,BR,0.0,0.005,-0.01,0.020816757665626365,0.01880567906168501,0.007099933030810473,0.9796707204251268,1.0,0.9794224466226635
known_zero,BR,0.0,0.005,-0.005,0.020562525856255794,0.01858476440599606,0.006986982461019855,0.9897823372072599,1.0,0.9796707204251268
known_zero,BR,0.0,0.005,-0.002,0.020411627220834814,0.018453602680607722,0.006919979408904379,0.9959001102435833,1.0,0.979818118457878
known_zero,BR,0.0,0.005,0.0,0.020311705793103214,0.018366734418029988,0.006875627186079753,0.9999999999999927,1.0,0.9799157365287787
known_zero,BR,0.0,0.005,0.002,0.020212323237362266,0.01828032165527712,0.0068315263574631495,0.9959203186489791,1.0,0.9800128397331658
known_zero,BR,0.0,0.005,0.005,0.020064253715011512,0.01815155133776338,0.006765843152351497,0.9899068812178097,1.0,0.9801575346888203
known_zero,BR,0.0,0.005,0.01,0.01982012636253679,0.017939177887976675,0.0066576066977897695,0.9801575346888203,1.0,0.9803961542618701
known_zero,BR,0.0,0.005,0.02,0.01934167526970256,0.01752271315082362,0.006445683821264056,0.9616210023101075,1.0,0.9808640131005945
known_zero,BR,0.0,0.005,0.05,0.017981767475112008,0.016337018577183827,0.005844715721068099,0.9126603954221671,1.0,0.9821952756025423
known_zero,BR,2.0,0.001,-0.05,0.09995341566039802,0.09947539321346187,0.001646026029858612,0.9024210172020192,0.909090909090909,0.9953688415371085
known_zero,BR,2.0,0.001,-0.02,0.04352855215149638,0.04310167008156052,0.0014941359669738553,0.9597595791545208,0.9615384615384615,0.9957025097089136
known_zero,BR,2.0,0.001,-0.01,0.024004668654160146,0.02359207455983254,0.0014464179735683498,0.9796707204251268,0.980392156862745,0.9958077901723057
known_zero,BR,2.0,0.001,-0.005,0.014100554163913806,0.01369493008187566,0.0014230792461118367,0.9897823372072599,0.9900990099009901,0.9958593598267749
known_zero,BR,2.0,0.001,-0.002,0.008111494078112774,0.007709997162859248,0.0014092393344688073,0.9959001102435833,0.9960159362549801,0.9958899644508967
known_zero,BR,2.0,0.001,0.0,0.00409911301439019,0.0037003448845961406,0.0014000800595059897,0.9999999999999927,1.0,0.9959102282850724
known_zero,BR,2.0,0.001,0.002,0.008070886220836869,0.0076748288558799345,0.00139097425221304,0.9959203186489791,0.9960159362549801,0.9959303814087368
known_zero,BR,2.0,0.001,0.005,0.013999031898832715,0.013607007091723914,0.001377415052347358,0.9899068812178097,0.9900990099009901,0.9959604047947452
known_zero,BR,2.0,0.001,0.01,0.02380160539556449,0.023416212702509362,0.0013550789562376524,0.9801575346888203,0.980392156862745,0.9960098984900491
known_zero,BR,2.0,0.001,0.02,0.04312227578689781,0.042749819333052705,0.0013113728833378114,0.9616210023101075,0.9615384615384615,0.9961068734172077
known_zero,BR,2.0,0.001,0.05,0.09893510018681173,0.09859892838755208,0.0011876287762130739,0.9126603954221671,0.909090909090909,0.9963823266402849
known_zero,BR,2.0,0.002,-0.05,0.1045726187114503,0.10362334799297496,0.0032751419876430473,0.9024210172020192,0.909090909090909,0.9907855026366278
known_zero,BR,2.0,0.002,-0.02,0.04781579379710133,0.0469676416229017,0.0029740440579073928,0.9597595791545208,0.9615384615384615,0.9914460236761531
known_zero,BR,2.0,0.002,-0.01,0.028187140724636416,0.02736723617295101,0.0028794065952209534,0.9796707204251268,0.980392156862745,0.9916545441401876
known_zero,BR,2.0,0.002,-0.005,0.01823170199765803,0.017425580277364974,0.002833111931955526,0.9897823372072599,0.9900990099009901,0.9917567031876688
known_zero,BR,2.0,0.002,-0.002,0.012212181432424595,0.011414221888116225,0.0028056566858951173,0.9959001102435833,0.9960159362549801,0.9918173366617488
known_zero,BR,2.0,0.002,0.0,0.008179631359930297,0.007387068831117874,0.002787485768950009,0.9999999999999927,1.0,0.9918574855482681
known_zero,BR,2.0,0.002,0.002,0.012131345263994753,0.011344144406801069,0.002769420140632871,0.9959203186489791,0.9960159362549801,0.9918974170172419
known_zero,BR,2.0,0.002,0.005,0.018029606428713624,0.01725038219103097,0.00274251767233837,0.9899068812178097,0.9900990099009901,0.991956909034615
known_zero,BR,2.0,0.002,0.01,0.027782912815069245,0.027016808691741962,0.0026981973863840773,0.9801575346888203,0.980392156862745,0.9920549912508816
known_zero,BR,2.0,0.002,0.02,0.04700704376768501,0.04626653615883501,0.0026114601049148844,0.9616210023101075,0.9615384615384615,0.9922472012629171
known_zero,BR,2.0,0.002,0.05,0.10254559083235512,0.10187691502549712,0.002365783156383313,0.9126603954221671,0.909090909090909,0.9927934089622313
known_zero,BR,2.0,0.005,-0.05,0.11828903654544934,0.1159652957219213,0.008063985763222693,0.9024210172020192,0.909090909090909,0.9773140742207145
known_zero,BR,2.0,0.005,-0.02,0.06055634726562269,0.05847702901816292,0.007330718241929988,0.9597595791545208,0.9615384615384615,0.9789159648874144
known_zero,BR,2.0,0.005,-0.01,0.04061938496178623,0.038608306357844874,0.007099933030810479,0.9796707204251268,0.980392156862745,0.9794224466226635
known_zero,BR,2.0,0.005,-0.005,0.030512856709413998,0.028535095259154264,0.006986982461019857,0.9897823372072599,0.9900990099009901,0.9796707204251268
known_zero,BR,2.0,0.005,-0.002,0.024403648490368374,0.022445623950141283,0.00691997940890438,0.9959001102435833,0.9960159362549801,0.979818118457878
known_zero,BR,2.0,0.005,0.0,0.020311705793103214,0.018366734418029988,0.006875627186079753,0.9999999999999927,1.0,0.9799157365287787
known_zero,BR,2.0,0.005,0.002,0.024204344506895827,0.02227234292481068,0.00683152635746315,0.9959203186489791,0.9960159362549801,0.9800128397331658
known_zero,BR,2.0,0.005,0.005,0.030014584568169717,0.028101882190921582,0.006765843152351497,0.9899068812178097,0.9900990099009901,0.9801575346888203
known_zero,BR,2.0,0.005,0.01,0.039622753658696656,0.03774180518413654,0.0066576066977897695,0.9801575346888203,0.980392156862745,0.9803961542618701
known_zero,BR,2.0,0.005,0.02,0.05856238842294407,0.05674342630406512,0.006445683821264051,0.9616210023101075,0.9615384615384615,0.9808640131005945
known_zero,BR,2.0,0.005,0.05,0.113291947279337,0.11164719838140882,0.005844715721068094,0.9126603954221671,0.909090909090909,0.9821952756025423
known_zero,BR,5.0,0.001,-0.05,0.22778678717013284,0.2273087647231967,0.0016460260298586243,0.9024210172020192,0.8,0.9953688415371085
known_zero,BR,5.0,0.001,-0.02,0.09961801880247988,0.09919113673254401,0.001494135966973848,0.9597595791545208,0.909090909090909,0.9957025097089136
known_zero,BR,5.0,0.001,-0.01,0.05299220552738245,0.05257961143305484,0.0014464179735683496,0.9796707204251268,0.9523809523809523,0.9958077901723057
known_zero,BR,5.0,0.001,-0.005,0.028842835901102128,0.028437211819063977,0.0014230792461118354,0.9897823372072599,0.9756097560975612,0.9958593598267749
known_zero,BR,5.0,0.001,-0.002,0.014069803661737415,0.01366830674648389,0.0014092393344688073,0.9959001102435833,0.9900990099009901,0.9958899644508967
known_zero,BR,5.0,0.001,0.0,0.00409911301439019,0.0037003448845961406,0.0014000800595059897,0.9999999999999927,1.0,0.9959102282850724
known_zero,BR,5.0,0.001,0.002,0.01402919580446151,0.013633138439504576,0.0013909742522130394,0.9959203186489791,0.9900990099009901,0.9959303814087368
known_zero,BR,5.0,0.001,0.005,0.028741313636021032,0.02834928882891223,0.001377415052347359,0.9899068812178097,0.9756097560975612,0.9959604047947452
known_zero,BR,5.0,0.001,0.01,0.052789142268786796,0.05240374957573167,0.0013550789562376518,0.9801575346888203,0.9523809523809523,0.9960098984900491
known_zero,BR,5.0,0.001,0.02,0.0992117424378813,0.09883928598403621,0.0013113728833378106,0.9616210023101075,0.909090909090909,0.9961068734172077
known_zero,BR,5.0,0.001,0.05,0.22676847169654685,0.2264322998972872,0.0011876287762130914,0.9126603954221671,0.7999999999999998,0.9963823266402849
known_zero,BR,5.0,0.002,-0.05,0.2324059902211851,0.2314567195027098,0.0032751419876430416,0.9024210172020192,0.8,0.9907855026366278
known_zero,BR,5.0,0.002,-0.02,0.10390526044808483,0.1030571082738852,0.002974044057907393,0.9597595791545208,0.909090909090909,0.9914460236761531
known_zero,BR,5.0,0.002,-0.01,0.05717467759785873,0.05635477304617331,0.0028794065952209534,0.9796707204251268,0.9523809523809523,0.9916545441401876
known_zero,BR,5.0,0.002,-0.005,0.03297398373484635,0.032167862014553295,0.0028331119319555263,0.9897823372072599,0.9756097560975612,0.9917567031876688
known_zero,BR,5.0,0.002,-0.002,0.018170491016049235,0.017372531471740865,0.0028056566858951177,0.9959001102435833,0.9900990099009901,0.9918173366617488
known_zero,BR,5.0,0.002,0.0,0.008179631359930297,0.007387068831117874,0.002787485768950009,0.9999999999999927,1.0,0.9918574855482681
known_zero,BR,5.0,0.002,0.002,0.018089654847619395,0.01730245399042571,0.002769420140632873,0.9959203186489791,0.9900990099009901,0.9918974170172419
known_zero,BR,5.0,0.002,0.005,0.032771888165901944,0.03199266392821929,0.00274251767233837,0.9899068812178097,0.9756097560975612,0.991956909034615
known_zero,BR,5.0,0.002,0.01,0.05677044968829155,0.05600434556496427,0.0026981973863840786,0.9801575346888203,0.9523809523809523,0.9920549912508816
known_zero,BR,5.0,0.002,0.02,0.10309651041866852,0.10235600280981852,0.0026114601049148857,0.9616210023101075,0.909090909090909,0.9922472012629171
known_zero,BR,5.0,0.002,0.05,0.2303789623420902,0.22971028653523223,0.002365783156383305,0.9126603954221671,0.7999999999999998,0.9927934089622313
known_zero,BR,5.0,0.005,-0.05,0.24612240805518418,0.2437986672316561,0.008063985763222679,0.9024210172020192,0.8,0.9773140742207145
known_zero,BR,5.0,0.005,-0.02,0.1166458139166062,0.11456649566914642,0.007330718241929989,0.9597595791545208,0.909090909090909,0.9789159648874144
known_zero,BR,5.0,0.005,-0.01,0.06960692183500854,0.06759584323106718,0.007099933030810487,0.9796707204251268,0.9523809523809523,0.9794224466226635
known_zero,BR,5.0,0.005,-0.005,0.04525513844660232,0.043277376996342584,0.006986982461019858,0.9897823372072599,0.9756097560975612,0.9796707204251268
known_zero,BR,5.0,0.005,-0.002,0.030361958073993018,0.028403933533765923,0.006919979408904381,0.9959001102435833,0.9900990099009901,0.979818118457878
known_zero,BR,5.0,0.005,0.0,0.020311705793103214,0.018366734418029988,0.006875627186079753,0.9999999999999927,1.0,0.9799157365287787
known_zero,BR,5.0,0.005,0.002,0.03016265409052047,0.02823065250843532,0.00683152635746315,0.9959203186489791,0.9900990099009901,0.9800128397331658
known_zero,BR,5.0,0.005,0.005,0.04475686630535804,0.0428441639281099,0.006765843152351495,0.9899068812178097,0.9756097560975612,0.9801575346888203
known_zero,BR,5.0,0.005,0.01,0.06861029053191896,0.06672934205735885,0.006657606697789774,0.9801575346888203,0.9523809523809523,0.9803961542618701
known_zero,BR,5.0,0.005,0.02,0.11465185507392757,0.11283289295504861,0.006445683821264053,0.9616210023101075,0.909090909090909,0.9808640131005945
known_zero,BR,5.0,0.005,0.05,0.24112531878907212,0.2394805698911439,0.005844715721068092,0.9126603954221671,0.7999999999999998,0.9821952756025423
known_zero,BR,10.0,0.001,-0.05,0.41010834396383755,0.40963032151690143,0.0016460260298586332,0.9024210172020192,0.6666666666666666,0.9953688415371085
known_zero,BR,10.0,0.001,-0.02,0.1866293957920097,0.18620251372207386,0.0014941359669738568,0.9597595791545208,0.8333333333333333,0.9957025097089136
known_zero,BR,10.0,0.001,-0.01,0.09951222116222527,0.09909962706789768,0.001446417973568355,0.9796707204251268,0.909090909090909,0.9958077901723057
known_zero,BR,10.0,0.001,-0.005,0.052940387480137775,0.052534763398099635,0.0014230792461118378,0.9897823372072599,0.9523809523809523,0.9958593598267749
known_zero,BR,10.0,0.001,-0.002,0.02392210010473908,0.023520603189485557,0.0014092393344688077,0.9959001102435833,0.980392156862745,0.9958899644508967
known_zero,BR,10.0,0.001,0.0,0.00409911301439019,0.0037003448845961406,0.0014000800595059897,0.9999999999999927,1.0,0.9959102282850724
known_zero,BR,10.0,0.001,0.002,0.023881492247463176,0.02348543488250624,0.0013909742522130403,0.9959203186489791,0.980392156862745,0.9959303814087368
known_zero,BR,10.0,0.001,0.005,0.052838865215056686,0.052446840407947885,0.0013774150523473611,0.9899068812178097,0.9523809523809523,0.9959604047947452
known_zero,BR,10.0,0.001,0.01,0.09930915790362962,0.0989237652105745,0.0013550789562376527,0.9801575346888203,0.909090909090909,0.9960098984900491
known_zero,BR,10.0,0.001,0.02,0.18622311942741115,0.18585066297356603,0.0013113728833378132,0.9616210023101075,0.8333333333333333,0.9961068734172077
known_zero,BR,10.0,0.001,0.05,0.40909002849025144,0.4087538566909918,0.0011876287762130648,0.9126603954221671,0.6666666666666665,0.9963823266402849
known_zero,BR,10.0,0.002,-0.05,0.4147275470148899,0.4137782762964145,0.0032751419876430508,0.9024210172020192,0.6666666666666666,0.9907855026366278
known_zero,BR,10.0,0.002,-0.02,0.19091663743761467,0.19006848526341502,0.0029740440579073928,0.9597595791545208,0.8333333333333333,0.9914460236761531
known_zero,BR,10.0,0.002,-0.01,0.10369469323270156,0.10287478868101614,0.0028794065952209478,0.9796707204251268,0.909090909090909,0.9916545441401876
known_zero,BR,10.0,0.002,-0.005,0.057071535313882,0.05626541359358894,0.002833111931955526,0.9897823372072599,0.9523809523809523,0.9917567031876688
known_zero,BR,10.0,0.002,-0.002,0.028022787459050902,0.027224827914742532,0.0028056566858951186,0.9959001102435833,0.980392156862745,0.9918173366617488
known_zero,BR,10.0,0.002,0.0,0.008179631359930297,0.007387068831117874,0.002787485768950009,0.9999999999999927,1.0,0.9918574855482681
known_zero,BR,10.0,0.002,0.002,0.027941951290621058,0.027154750433427376,0.0027694201406328715,0.9959203186489791,0.980392156862745,0.9918974170172419
known_zero,BR,10.0,0.002,0.005,0.0568694397449376,0.05609021550725494,0.002742517672338368,0.9899068812178097,0.9523809523809523,0.991956909034615
known_zero,BR,10.0,0.002,0.01,0.10329046532313438,0.1025243611998071,0.002698197386384076,0.9801575346888203,0.909090909090909,0.9920549912508816
known_zero,BR,10.0,0.002,0.02,0.19010788740819834,0.18936737979934837,0.0026114601049148896,0.9616210023101075,0.8333333333333333,0.9922472012629171
known_zero,BR,10.0,0.002,0.05,0.41270051913579486,0.41203184332893683,0.002365783156383349,0.9126603954221671,0.6666666666666665,0.9927934089622313
known_zero,BR,10.0,0.005,-0.05,0.4284439648488889,0.42612022402536087,0.00806398576322268,0.9024210172020192,0.6666666666666666,0.9773140742207145
known_zero,BR,10.0,0.005,-0.02,0.20365719090613604,0.20157787265867627,0.007330718241929975,0.9597595791545208,0.8333333333333333,0.9789159648874144
known_zero,BR,10.0,0.005,-0.01,0.11612693746985137,0.11411585886591001,0.007099933030810478,0.9796707204251268,0.909090909090909,0.9794224466226635
known_zero,BR,10.0,0.005,-0.005,0.06935269002563796,0.06737492857537823,0.00698698246101985,0.9897823372072599,0.9523809523809523,0.9796707204251268
known_zero,BR,10.0,0.005,-0.002,0.04021425451699468,0.038256229976767586,0.006919979408904385,0.9959001102435833,0.980392156862745,0.979818118457878
known_zero,BR,10.0,0.005,0.0,0.020311705793103214,0.018366734418029988,0.006875627186079753,0.9999999999999927,1.0,0.9799157365287787
known_zero,BR,10.0,0.005,0.002,0.04001495053352213,0.03808294895143698,0.00683152635746315,0.9959203186489791,0.980392156862745,0.9800128397331658
known_zero,BR,10.0,0.005,0.005,0.06885441788439368,0.06694171550714556,0.006765843152351497,0.9899068812178097,0.9523809523809523,0.9801575346888203
known_zero,BR,10.0,0.005,0.01,0.11513030616676179,0.11324935769220168,0.006657606697789774,0.9801575346888203,0.909090909090909,0.9803961542618701
known_zero,BR,10.0,0.005,0.02,0.2016632320634574,0.19984426994457843,0.0064456838212640696,0.9616210023101075,0.8333333333333333,0.9808640131005945
known_zero,BR,10.0,0.005,0.05,0.4234468755827767,0.4218021266848485,0.00584471572106811,0.9126603954221671,0.6666666666666665,0.9821952756025423
known_zero,BR,20.0,0.001,-0.05,0.6977904164151182,0.697312393968182,0.0016460260298586016,0.9024210172020192,0.5000000000000001,0.9953688415371085
known_zero,BR,20.0,0.001,-0.02,0.3407800756190682,0.34035319354913235,0.0014941359669738475,0.9597595791545208,0.7142857142857141,0.9957025097089136
known_zero,BR,20.0,0.001,-0.01,0.18652359815175512,0.1861110040574275,0.0014464179735683275,0.9796707204251268,0.8333333333333333,0.9958077901723057
known_zero,BR,20.0,0.001,-0.005,0.0994604031149806,0.09905477903294246,0.001423079246111839,0.9897823372072599,0.909090909090909,0.9958593598267749
known_zero,BR,20.0,0.001,-0.002,0.04334018596182072,0.04293868904656718,0.0014092393344688077,0.9959001102435833,0.9615384615384615,0.9958899644508967
known_zero,BR,20.0,0.001,0.0,0.00409911301439019,0.0037003448845961406,0.0014000800595059897,0.9999999999999927,1.0,0.9959102282850724
known_zero,BR,20.0,0.001,0.002,0.04329957810454481,0.04290352073958788,0.0013909742522130433,0.9959203186489791,0.9615384615384615,0.9959303814087368
known_zero,BR,20.0,0.001,0.005,0.09935888084989951,0.09896685604279071,0.001377415052347355,0.9899068812178097,0.909090909090909,0.9959604047947452
known_zero,BR,20.0,0.001,0.01,0.18632053489315945,0.18593514220010432,0.0013550789562376431,0.9801575346888203,0.8333333333333333,0.9960098984900491
known_zero,BR,20.0,0.001,0.02,0.34037379925446964,0.34000134280062455,0.0013113728833378244,0.9616210023101075,0.7142857142857141,0.9961068734172077
known_zero,BR,20.0,0.001,0.05,0.6967721009415325,0.696435929142273,0.0011876287762130641,0.9126603954221671,0.49999999999999983,0.9963823266402849
known_zero,BR,20.0,0.002,-0.05,0.7024096194661704,0.7014603487476951,0.003275141987642995,0.9024210172020192,0.5000000000000001,0.9907855026366278
known_zero,BR,20.0,0.002,-0.02,0.34506731726467316,0.3442191650904735,0.002974044057907417,0.9597595791545208,0.7142857142857141,0.9914460236761531
known_zero,BR,20.0,0.002,-0.01,0.19070607022223138,0.18988616567054598,0.002879406595220964,0.9796707204251268,0.8333333333333333,0.9916545441401876
known_zero,BR,20.0,0.002,-0.005,0.10359155094872483,0.10278542922843177,0.0028331119319555302,0.9897823372072599,0.909090909090909,0.9917567031876688
known_zero,BR,20.0,0.002,-0.002,0.04744087331613254,0.04664291377182417,0.0028056566858951147,0.9959001102435833,0.9615384615384615,0.9918173366617488
known_zero,BR,20.0,0.002,0.0,0.008179631359930297,0.007387068831117874,0.002787485768950009,0.9999999999999927,1.0,0.9918574855482681
known_zero,BR,20.0,0.002,0.002,0.04736003714770269,0.04657283629050901,0.0027694201406328694,0.9959203186489791,0.9615384615384615,0.9918974170172419
known_zero,BR,20.0,0.002,0.005,0.10338945537978042,0.10261023114209777,0.0027425176723383723,0.9899068812178097,0.909090909090909,0.991956909034615
known_zero,BR,20.0,0.002,0.01,0.1903018423126642,0.18953573818933694,0.002698197386384078,0.9801575346888203,0.8333333333333333,0.9920549912508816
known_zero,BR,20.0,0.002,0.02,0.34425856723525683,0.3435180596264068,0.0026114601049148987,0.9616210023101075,0.7142857142857141,0.9922472012629171
known_zero,BR,20.0,0.002,0.05,0.7003825915870759,0.6997139157802179,0.0023657831563832924,0.9126603954221671,0.49999999999999983,0.9927934089622313
known_zero,BR,20.0,0.005,-0.05,0.7161260373001694,0.7138022964766415,0.008063985763222764,0.9024210172020192,0.5000000000000001,0.9773140742207145
known_zero,BR,20.0,0.005,-0.02,0.35780787073319453,0.35572855248573476,0.00733071824193,0.9597595791545208,0.7142857142857141,0.9789159648874144
known_zero,BR,20.0,0.005,-0.01,0.2031383144593812,0.20112723585543985,0.007099933030810472,0.9796707204251268,0.8333333333333333,0.9794224466226635
known_zero,BR,20.0,0.005,-0.005,0.1158727056604808,0.11389494421022106,0.0069869824610198465,0.9897823372072599,0.909090909090909,0.9796707204251268
known_zero,BR,20.0,0.005,-0.002,0.05963234037407631,0.05767431583384922,0.006919979408904381,0.9959001102435833,0.9615384615384615,0.979818118457878
known_zero,BR,20.0,0.005,0.0,0.020311705793103214,0.018366734418029988,0.006875627186079753,0.9999999999999927,1.0,0.9799157365287787
known_zero,BR,20.0,0.005,0.002,0.059433036390603766,0.05750103480851862,0.006831526357463147,0.9959203186489791,0.9615384615384615,0.9800128397331658
known_zero,BR,20.0,0.005,0.005,0.11537443351923651,0.11346173114198838,0.006765843152351501,0.9899068812178097,0.909090909090909,0.9801575346888203
known_zero,BR,20.0,0.005,0.01,0.2021416831562916,0.2002607346817315,0.0066576066977897825,0.9801575346888203,0.8333333333333333,0.9803961542618701
known_zero,BR,20.0,0.005,0.02,0.35581391189051587,0.3539949497716369,0.006445683821264068,0.9616210023101075,0.7142857142857141,0.9808640131005945
known_zero,BR,20.0,0.005,0.05,0.7111289480340579,0.7094841991361297,0.005844715721068115,0.9126603954221671,0.49999999999999983,0.9821952756025423
known_zero,HBR,0.0,0.001,-0.05,0.10787931432984987,0.09810417914127272,0.03571357448817523,0.9024210172020192,1.0,0.9953688415371085
known_zero,HBR,0.0,0.001,-0.02,0.0454740092125545,0.04114793856704256,0.015378860873391836,0.9597595791545208,1.0,0.9957025097089136
known_zero,HBR,0.0,0.001,-0.01,0.02476456721525616,0.022374211670668824,0.008433382123812408,0.9796707204251268,1.0,0.9958077901723057
known_zero,HBR,0.0,0.001,-0.005,0.014426428376904272,0.013024789217989191,0.004927872556445111,0.9897823372072599,1.0,0.9958593598267749
known_zero,HBR,0.0,0.001,-0.002,0.008228751717197353,0.007427124537702435,0.002813892028784715,0.9959001102435833,1.0,0.9958899644508967
known_zero,HBR,0.0,0.001,0.0,0.004099113013397396,0.003700344883603268,0.0014000800595105113,0.9999999999999927,1.0,0.9959102282850724
known_zero,HBR,0.0,0.001,0.002,0.008167840006194043,0.007374372140738706,0.002786494450361614,0.9959203186489791,1.0,0.9959303814087368
known_zero,HBR,0.0,0.001,0.005,0.01419889339431871,0.012827571103534559,0.004825815403708697,0.9899068812178097,1.0,0.9959604047947452
known_zero,HBR,0.0,0.001,0.01,0.024063231815416232,0.021765136745112965,0.008120904313198105,0.9801575346888203,1.0,0.9960098984900491
known_zero,HBR,0.0,0.001,0.02,0.04311902247526111,0.039093984647655455,0.014345110409689598,0.9616210023101075,1.0,0.9961068734172077
known_zero,HBR,0.0,0.001,0.05,0.09543229650322889,0.08707855831088689,0.030484839997368667,0.9126603954221671,1.0,0.9963823266402849
known_zero,HBR,0.0,0.002,-0.05,0.11249851738090215,0.10229353294876736,0.0373421617953006,0.9024210172020192,1.0,0.9907855026366278
known_zero,HBR,0.0,0.002,-0.02,0.04976125085815944,0.04501391010838375,0.016858710680306987,0.9597595791545208,1.0,0.9914460236761531
known_zero,HBR,0.0,0.002,-0.01,0.028947039285732435,0.026149373283787296,0.009866362406995835,0.9796707204251268,1.0,0.9916545441401876
known_zero,HBR,0.0,0.002,-0.005,0.018557576210648494,0.016755439413478505,0.006337904355848641,0.9897823372072599,1.0,0.9917567031876688
known_zero,HBR,0.0,0.002,-0.002,0.012329439071509175,0.01113134926295941,0.004210308959852452,0.9959001102435833,1.0,0.9918173366617488
known_zero,HBR,0.0,0.002,0.0,0.008179631358937501,0.007387068830125002,0.0027874857689545304,0.9999999999999927,1.0,0.9918574855482681
known_zero,HBR,0.0,0.002,0.002,0.012228299049351927,0.01104368769165984,0.004164939961091135,0.9959203186489791,1.0,0.9918974170172419
known_zero,HBR,0.0,0.002,0.005,0.01822946792419962,0.016470946202841615,0.006190917172149918,0.9899068812178097,1.0,0.991956909034615
known_zero,HBR,0.0,0.002,0.01,0.028044539234920986,0.025365732734345565,0.009464014274049377,0.9801575346888203,1.0,0.9920549912508816
known_zero,HBR,0.0,0.002,0.02,0.047003790456048314,0.042610701473437776,0.01564514234879796,0.9616210023101075,1.0,0.9922472012629171
known_zero,HBR,0.0,0.002,0.05,0.09904278714877228,0.09035654494883193,0.031662587429629595,0.9126603954221671,1.0,0.9927934089622313
known_zero,HBR,0.0,0.005,-0.05,0.12621493521490118,0.114757792578252,0.04212989993364367,0.9024210172020192,1.0,0.9773140742207145
known_zero,HBR,0.0,0.005,-0.02,0.06250180432668082,0.05652329750364497,0.02121530131013065,0.9597595791545208,1.0,0.9789159648874144
known_zero,HBR,0.0,0.005,-0.01,0.04137928352288225,0.03739044346868116,0.014086878060258882,0.9796707204251268,1.0,0.9794224466226635
known_zero,HBR,0.0,0.005,-0.005,0.03083873092240446,0.027864954395267795,0.010491767873490031,0.9897823372072599,1.0,0.9796707204251268
known_zero,HBR,0.0,0.005,-0.002,0.02452090612945295,0.022162751324984464,0.008324625892987101,0.9959001102435833,1.0,0.979818118457878
known_zero,HBR,0.0,0.005,0.0,0.02031170579211042,0.018366734417037116,0.006875627186084274,0.9999999999999927,1.0,0.9799157365287787
known_zero,HBR,0.0,0.005,0.002,0.024301298292253002,0.02197188620966945,0.008227040737695295,0.9959203186489791,1.0,0.9800128397331658
known_zero,HBR,0.0,0.005,0.005,0.030214446063655708,0.027322446202732227,0.010214236842204759,0.9899068812178097,1.0,0.9801575346888203
known_zero,HBR,0.0,0.005,0.01,0.0398843800785484,0.03609072922674015,0.013423413929221441,0.9801575346888203,1.0,0.9803961542618701
known_zero,HBR,0.0,0.005,0.02,0.05855913511130737,0.053087591618667884,0.019479280570109996,0.9616210023101075,1.0,0.9808640131005945
known_zero,HBR,0.0,0.005,0.05,0.10978914359575417,0.10012682830474365,0.035140580822378434,0.9126603954221671,1.0,0.9821952756025423
known_zero,HBR,2.0,0.001,-0.05,0.2031894941340749,0.19341435894549772,0.03571357448817523,0.9024210172020192,0.909090909090909,0.9953688415371085
known_zero,HBR,2.0,0.001,-0.02,0.08469472236579599,0.08036865172028407,0.015378860873391841,0.9597595791545208,0.9615384615384615,0.9957025097089136
known_zero,HBR,2.0,0.001,-0.01,0.04456719451141603,0.04217683896682869,0.008433382123812411,0.9796707204251268,0.980392156862745,0.9958077901723057
known_zero,HBR,2.0,0.001,-0.005,0.024376759230062474,0.022975120071147395,0.004927872556445111,0.9897823372072599,0.9900990099009901,0.9958593598267749
known_zero,HBR,2.0,0.001,-0.002,0.012220772986730914,0.011419145807235995,0.0028138920287847143,0.9959001102435833,0.9960159362549801,0.9958899644508967
known_zero,HBR,2.0,0.001,0.0,0.004099113013397396,0.003700344883603268,0.0014000800595105113,0.9999999999999927,1.0,0.9959102282850724
known_zero,HBR,2.0,0.001,0.002,0.012159861275727603,0.011366393410272266,0.002786494450361614,0.9959203186489791,0.9960159362549801,0.9959303814087368
known_zero,HBR,2.0,0.001,0.005,0.02414922424747691,0.022777901956692763,0.0048258154037086965,0.9899068812178097,0.9900990099009901,0.9959604047947452
known_zero,HBR,2.0,0.001,0.01,0.0438658591115761,0.04156776404127284,0.008120904313198103,0.9801575346888203,0.980392156862745,0.9960098984900491
known_zero,HBR,2.0,0.001,0.02,0.08233973562850261,0.07831469780089696,0.014345110409689598,0.9616210023101075,0.9615384615384615,0.9961068734172077
known_zero,HBR,2.0,0.001,0.05,0.1907424763074539,0.18238873811511186,0.03048483999736867,0.9126603954221671,0.909090909090909,0.9963823266402849
known_zero,HBR,2.0,0.002,-0.05,0.20780869718512718,0.19760371275299235,0.03734216179530061,0.9024210172020192,0.909090909090909,0.9907855026366278
known_zero,HBR,2.0,0.002,-0.02,0.08898196401140093,0.08423462326162524,0.016858710680306987,0.9597595791545208,0.9615384615384615,0.9914460236761531
known_zero,HBR,2.0,0.002,-0.01,0.048749666581892295,0.04595200057994716,0.009866362406995836,0.9796707204251268,0.980392156862745,0.9916545441401876
known_zero,HBR,2.0,0.002,-0.005,0.0285079070638067,0.026705770266636706,0.0063379043558486415,0.9897823372072599,0.9900990099009901,0.9917567031876688
known_zero,HBR,2.0,0.002,-0.002,0.01632146034104274,0.01512337053249297,0.004210308959852451,0.9959001102435833,0.9960159362549801,0.9918173366617488
known_zero,HBR,2.0,0.002,0.0,0.008179631358937501,0.007387068830125002,0.0027874857689545304,0.9999999999999927,1.0,0.9918574855482681
known_zero,HBR,2.0,0.002,0.002,0.016220320318885487,0.015035708961193401,0.004164939961091135,0.9959203186489791,0.9960159362549801,0.9918974170172419
known_zero,HBR,2.0,0.002,0.005,0.028179798777357823,0.02642127705599982,0.006190917172149919,0.9899068812178097,0.9900990099009901,0.991956909034615
known_zero,HBR,2.0,0.002,0.01,0.047847166531080856,0.045168360030505436,0.009464014274049373,0.9801575346888203,0.980392156862745,0.9920549912508816
known_zero,HBR,2.0,0.002,0.02,0.08622450360928982,0.08183141462667928,0.01564514234879796,0.9616210023101075,0.9615384615384615,0.9922472012629171
known_zero,HBR,2.0,0.002,0.05,0.19435296695299728,0.1856667247530569,0.031662587429629595,0.9126603954221671,0.909090909090909,0.9927934089622313
known_zero,HBR,2.0,0.005,-0.05,0.2215251150191262,0.21006797238247701,0.04212989993364366,0.9024210172020192,0.909090909090909,0.9773140742207145
known_zero,HBR,2.0,0.005,-0.02,0.10172251747992231,0.09574401065688648,0.021215301310130642,0.9597595791545208,0.9615384615384615,0.9789159648874144
known_zero,HBR,2.0,0.005,-0.01,0.06118191081904212,0.05719307076484102,0.014086878060258884,0.9796707204251268,0.980392156862745,0.9794224466226635
known_zero,HBR,2.0,0.005,-0.005,0.040789061775562664,0.03781528524842599,0.010491767873490035,0.9897823372072599,0.9900990099009901,0.9796707204251268
known_zero,HBR,2.0,0.005,-0.002,0.028512927398986514,0.026154772594518025,0.008324625892987101,0.9959001102435833,0.9960159362549801,0.979818118457878
known_zero,HBR,2.0,0.005,0.0,0.02031170579211042,0.018366734417037116,0.006875627186084274,0.9999999999999927,1.0,0.9799157365287787
known_zero,HBR,2.0,0.005,0.002,0.028293319561786563,0.025963907479203012,0.008227040737695295,0.9959203186489791,0.9960159362549801,0.9800128397331658
known_zero,HBR,2.0,0.005,0.005,0.040164776916813916,0.03727277705589043,0.010214236842204762,0.9899068812178097,0.9900990099009901,0.9801575346888203
known_zero,HBR,2.0,0.005,0.01,0.059687007374708265,0.05589335652290001,0.013423413929221443,0.9801575346888203,0.980392156862745,0.9803961542618701
known_zero,HBR,2.0,0.005,0.02,0.09777984826454886,0.09230830477190938,0.01947928057010999,0.9616210023101075,0.9615384615384615,0.9808640131005945
known_zero,HBR,2.0,0.005,0.05,0.20509932339997916,0.19543700810896864,0.03514058082237843,0.9126603954221671,0.909090909090909,0.9821952756025423
known_zero,HBR,5.0,0.001,-0.05,0.3310228656438097,0.3212477304552325,0.035713574488175255,0.9024210172020192,0.8,0.9953688415371085
known_zero,HBR,5.0,0.001,-0.02,0.1407841890167795,0.13645811837126756,0.015378860873391834,0.9597595791545208,0.909090909090909,0.9957025097089136
known_zero,HBR,5.0,0.001,-0.01,0.07355473138463833,0.071164375840051,0.0084333821238124,0.9796707204251268,0.9523809523809523,0.9958077901723057
known_zero,HBR,5.0,0.001,-0.005,0.03911904096725079,0.037717401808335715,0.004927872556445109,0.9897823372072599,0.9756097560975612,0.9958593598267749
known_zero,HBR,5.0,0.001,-0.002,0.018179082570355557,0.01737745539086064,0.0028138920287847156,0.9959001102435833,0.9900990099009901,0.9958899644508967
known_zero,HBR,5.0,0.001,0.0,0.004099113013397396,0.003700344883603268,0.0014000800595105113,0.9999999999999927,1.0,0.9959102282850724
known_zero,HBR,5.0,0.001,0.002,0.018118170859352245,0.017324702993896907,0.002786494450361614,0.9959203186489791,0.9900990099009901,0.9959303814087368
known_zero,HBR,5.0,0.001,0.005,0.03889150598466523,0.037520183693881076,0.004825815403708698,0.9899068812178097,0.9756097560975612,0.9959604047947452
known_zero,HBR,5.0,0.001,0.01,0.07285339598479841,0.07055530091449513,0.008120904313198105,0.9801575346888203,0.9523809523809523,0.9960098984900491
known_zero,HBR,5.0,0.001,0.02,0.13842920227948613,0.13440416445188047,0.014345110409689592,0.9616210023101075,0.909090909090909,0.9961068734172077
known_zero,HBR,5.0,0.001,0.05,0.318575847817189,0.310222109624847,0.030484839997368646,0.9126603954221671,0.7999999999999998,0.9963823266402849
known_zero,HBR,5.0,0.002,-0.05,0.33564206869486196,0.32543708426272716,0.03734216179530062,0.9024210172020192,0.8,0.9907855026366278
known_zero,HBR,5.0,0.002,-0.02,0.14507143066238443,0.14032408991260875,0.016858710680306987,0.9597595791545208,0.909090909090909,0.9914460236761531
known_zero,HBR,5.0,0.002,-0.01,0.0777372034551146,0.07493953745316946,0.009866362406995838,0.9796707204251268,0.9523809523809523,0.9916545441401876
known_zero,HBR,5.0,0.002,-0.005,0.043250188800995015,0.04144805200382502,0.006337904355848644,0.9897823372072599,0.9756097560975612,0.9917567031876688
known_zero,HBR,5.0,0.002,-0.002,0.02227976992466738,0.021081680116117614,0.004210308959852451,0.9959001102435833,0.9900990099009901,0.9918173366617488
known_zero,HBR,5.0,0.002,0.0,0.008179631358937501,0.007387068830125002,0.0027874857689545304,0.9999999999999927,1.0,0.9918574855482681
known_zero,HBR,5.0,0.002,0.002,0.02217862990251013,0.02099401854481804,0.004164939961091135,0.9959203186489791,0.9900990099009901,0.9918974170172419
known_zero,HBR,5.0,0.002,0.005,0.04292208051454614,0.041163558793188136,0.006190917172149922,0.9899068812178097,0.9756097560975612,0.991956909034615
known_zero,HBR,5.0,0.002,0.01,0.07683470340430315,0.07415589690372773,0.009464014274049384,0.9801575346888203,0.9523809523809523,0.9920549912508816
known_zero,HBR,5.0,0.002,0.02,0.14231397026027331,0.13792088127766278,0.01564514234879796,0.9616210023101075,0.909090909090909,0.9922472012629171
known_zero,HBR,5.0,0.002,0.05,0.32218633846273237,0.31350009626279207,0.03166258742962961,0.9126603954221671,0.7999999999999998,0.9927934089622313
known_zero,HBR,5.0,0.005,-0.05,0.34935848652886103,0.3379013438922118,0.042129899933643654,0.9024210172020192,0.8,0.9773140742207145
known_zero,HBR,5.0,0.005,-0.02,0.1578119841309058,0.15183347730786997,0.02121530131013064,0.9597595791545208,0.909090909090909,0.9789159648874144
known_zero,HBR,5.0,0.005,-0.01,0.09016944769226443,0.08618060763806332,0.014086878060258885,0.9796707204251268,0.9523809523809523,0.9794224466226635
known_zero,HBR,5.0,0.005,-0.005,0.055531343512750984,0.05255756698561431,0.010491767873490033,0.9897823372072599,0.9756097560975612,0.9796707204251268
known_zero,HBR,5.0,0.005,-0.002,0.034471236982611154,0.03211308217814267,0.008324625892987103,0.9959001102435833,0.9900990099009901,0.979818118457878
known_zero,HBR,5.0,0.005,0.0,0.02031170579211042,0.018366734417037116,0.006875627186084274,0.9999999999999927,1.0,0.9799157365287787
known_zero,HBR,5.0,0.005,0.002,0.0342516291454112,0.03192221706282765,0.008227040737695295,0.9959203186489791,0.9900990099009901,0.9800128397331658
known_zero,HBR,5.0,0.005,0.005,0.05490705865400223,0.05201505879307875,0.010214236842204762,0.9899068812178097,0.9756097560975612,0.9801575346888203
known_zero,HBR,5.0,0.005,0.01,0.08867454424793056,0.08488089339612231,0.013423413929221441,0.9801575346888203,0.9523809523809523,0.9803961542618701
known_zero,HBR,5.0,0.005,0.02,0.15386931491553238,0.1483977714228929,0.019479280570110002,0.9616210023101075,0.909090909090909,0.9808640131005945
known_zero,HBR,5.0,0.005,0.05,0.3329326949097143,0.32327037961870375,0.03514058082237844,0.9126603954221671,0.7999999999999998,0.9821952756025423
known_zero,HBR,10.0,0.001,-0.05,0.5133444224375144,0.5035692872489372,0.035713574488175255,0.9024210172020192,0.6666666666666666,0.9953688415371085
known_zero,HBR,10.0,0.001,-0.02,0.22779556600630935,0.2234694953607974,0.015378860873391848,0.9597595791545208,0.8333333333333333,0.9957025097089136
known_zero,HBR,10.0,0.001,-0.01,0.12007474701948115,0.11768439147489382,0.008433382123812401,0.9796707204251268,0.909090909090909,0.9958077901723057
known_zero,HBR,10.0,0.001,-0.005,0.06321659254628645,0.06181495338737136,0.0049278725564451085,0.9897823372072599,0.9523809523809523,0.9958593598267749
known_zero,HBR,10.0,0.001,-0.002,0.02803137901335722,0.027229751833862302,0.0028138920287847156,0.9959001102435833,0.980392156862745,0.9958899644508967
known_zero,HBR,10.0,0.001,0.0,0.004099113013397396,0.003700344883603268,0.0014000800595105113,0.9999999999999927,1.0,0.9959102282850724
known_zero,HBR,10.0,0.001,0.002,0.027970467302353908,0.027176999436898573,0.002786494450361615,0.9959203186489791,0.980392156862745,0.9959303814087368
known_zero,HBR,10.0,0.001,0.005,0.06298905756370088,0.06161773527291674,0.004825815403708696,0.9899068812178097,0.9523809523809523,0.9959604047947452
known_zero,HBR,10.0,0.001,0.01,0.11937341161964124,0.11707531654933796,0.008120904313198115,0.9801575346888203,0.909090909090909,0.9960098984900491
known_zero,HBR,10.0,0.001,0.02,0.22544057926901595,0.2214155414414103,0.014345110409689592,0.9616210023101075,0.8333333333333333,0.9961068734172077
known_zero,HBR,10.0,0.001,0.05,0.5008974046108936,0.4925436664185516,0.030484839997368653,0.9126603954221671,0.6666666666666665,0.9963823266402849
known_zero,HBR,10.0,0.002,-0.05,0.5179636254885668,0.5077586410564319,0.03734216179530058,0.9024210172020192,0.6666666666666666,0.9907855026366278
known_zero,HBR,10.0,0.002,-0.02,0.23208280765191427,0.22733546690213857,0.016858710680306987,0.9597595791545208,0.8333333333333333,0.9914460236761531
known_zero,HBR,10.0,0.002,-0.01,0.12425721908995743,0.12145955308801229,0.009866362406995836,0.9796707204251268,0.909090909090909,0.9916545441401876
known_zero,HBR,10.0,0.002,-0.005,0.06734774038003066,0.06554560358286068,0.00633790435584864,0.9897823372072599,0.9523809523809523,0.9917567031876688
known_zero,HBR,10.0,0.002,-0.002,0.03213206636766904,0.030933976559119277,0.004210308959852451,0.9959001102435833,0.980392156862745,0.9918173366617488
known_zero,HBR,10.0,0.002,0.0,0.008179631358937501,0.007387068830125002,0.0027874857689545304,0.9999999999999927,1.0,0.9918574855482681
known_zero,HBR,10.0,0.002,0.002,0.032030926345511794,0.030846314987819708,0.004164939961091132,0.9959203186489791,0.980392156862745,0.9918974170172419
known_zero,HBR,10.0,0.002,0.005,0.06701963209358179,0.06526111037222379,0.006190917172149916,0.9899068812178097,0.9523809523809523,0.991956909034615
known_zero,HBR,10.0,0.002,0.01,0.123354719039146,0.12067591253857057,0.00946401427404938,0.9801575346888203,0.909090909090909,0.9920549912508816
known_zero,HBR,10.0,0.002,0.02,0.22932534724980314,0.2249322582671926,0.015645142348797953,0.9616210023101075,0.8333333333333333,0.9922472012629171
known_zero,HBR,10.0,0.002,0.05,0.504507895256437,0.4958216530564966,0.03166258742962962,0.9126603954221671,0.6666666666666665,0.9927934089622313
known_zero,HBR,10.0,0.005,-0.05,0.5316800433225658,0.5202229006859165,0.042129899933643716,0.9024210172020192,0.6666666666666666,0.9773140742207145
known_zero,HBR,10.0,0.005,-0.02,0.24482336112043565,0.23884485429739982,0.021215301310130642,0.9597595791545208,0.8333333333333333,0.9789159648874144
known_zero,HBR,10.0,0.005,-0.01,0.13668946332710724,0.13270062327290616,0.014086878060258897,0.9796707204251268,0.909090909090909,0.9794224466226635
known_zero,HBR,10.0,0.005,-0.005,0.07962889509178664,0.07665511856464996,0.010491767873490038,0.9897823372072599,0.9523809523809523,0.9796707204251268
known_zero,HBR,10.0,0.005,-0.002,0.04432353342561282,0.04196537862114433,0.0083246258929871,0.9959001102435833,0.980392156862745,0.979818118457878
known_zero,HBR,10.0,0.005,0.0,0.02031170579211042,0.018366734417037116,0.006875627186084274,0.9999999999999927,1.0,0.9799157365287787
known_zero,HBR,10.0,0.005,0.002,0.04410392558841287,0.04177451350582932,0.008227040737695292,0.9959203186489791,0.980392156862745,0.9800128397331658
known_zero,HBR,10.0,0.005,0.005,0.07900461023303788,0.07611261037211439,0.010214236842204757,0.9899068812178097,0.9523809523809523,0.9801575346888203
known_zero,HBR,10.0,0.005,0.01,0.1351945598827734,0.13140090903096513,0.013423413929221445,0.9801575346888203,0.909090909090909,0.9803961542618701
known_zero,HBR,10.0,0.005,0.02,0.2408806919050622,0.23540914841242272,0.019479280570110006,0.9616210023101075,0.8333333333333333,0.9808640131005945
known_zero,HBR,10.0,0.005,0.05,0.5152542517034189,0.5055919364124084,0.035140580822378455,0.9126603954221671,0.6666666666666665,0.9821952756025423
known_zero,HBR,20.0,0.001,-0.05,0.8010264948887951,0.791251359700218,0.035713574488175186,0.9024210172020192,0.5000000000000001,0.9953688415371085
known_zero,HBR,20.0,0.001,-0.02,0.38194624583336784,0.3776201751878559,0.015378860873391796,0.9597595791545208,0.7142857142857141,0.9957025097089136
known_zero,HBR,20.0,0.001,-0.01,0.207086124009011,0.20469576846442367,0.008433382123812418,0.9796707204251268,0.8333333333333333,0.9958077901723057
known_zero,HBR,20.0,0.001,-0.005,0.10973660818112926,0.10833496902221419,0.004927872556445118,0.9897823372072599,0.909090909090909,0.9958593598267749
known_zero,HBR,20.0,0.001,-0.002,0.04744946487043885,0.04664783769094393,0.0028138920287847126,0.9959001102435833,0.9615384615384615,0.9958899644508967
known_zero,HBR,20.0,0.001,0.0,0.004099113013397396,0.003700344883603268,0.0014000800595105113,0.9999999999999927,1.0,0.9959102282850724
known_zero,HBR,20.0,0.001,0.002,0.04738855315943554,0.04659508529398021,0.0027864944503616152,0.9959203186489791,0.9615384615384615,0.9959303814087368
known_zero,HBR,20.0,0.001,0.005,0.10950907319854371,0.10813775090775957,0.004825815403708703,0.9899068812178097,0.909090909090909,0.9959604047947452
known_zero,HBR,20.0,0.001,0.01,0.20638478860917106,0.2040866935388678,0.008120904313198094,0.9801575346888203,0.8333333333333333,0.9960098984900491
known_zero,HBR,20.0,0.001,0.02,0.37959125909607444,0.3755662212684688,0.01434511040968961,0.9616210023101075,0.7142857142857141,0.9961068734172077
known_zero,HBR,20.0,0.001,0.05,0.7885794770621748,0.7802257388698328,0.030484839997368698,0.9126603954221671,0.49999999999999983,0.9963823266402849
known_zero,HBR,20.0,0.002,-0.05,0.8056456979398474,0.7954407135077126,0.037342161795300546,0.9024210172020192,0.5000000000000001,0.9907855026366278
known_zero,HBR,20.0,0.002,-0.02,0.3862334874789728,0.38148614672919706,0.016858710680306976,0.9597595791545208,0.7142857142857141,0.9914460236761531
known_zero,HBR,20.0,0.002,-0.01,0.21126859607948725,0.20847093007754214,0.00986636240699584,0.9796707204251268,0.8333333333333333,0.9916545441401876
known_zero,HBR,20.0,0.002,-0.005,0.11386775601487349,0.1120656192177035,0.006337904355848644,0.9897823372072599,0.909090909090909,0.9917567031876688
known_zero,HBR,20.0,0.002,-0.002,0.05155015222475068,0.05035206241620091,0.004210308959852448,0.9959001102435833,0.9615384615384615,0.9918173366617488
known_zero,HBR,20.0,0.002,0.0,0.008179631358937501,0.007387068830125002,0.0027874857689545304,0.9999999999999927,1.0,0.9918574855482681
known_zero,HBR,20.0,0.002,0.002,0.051449012202593424,0.050264400844901344,0.004164939961091129,0.9959203186489791,0.9615384615384615,0.9918974170172419
known_zero,HBR,20.0,0.002,0.005,0.11353964772842462,0.11178112600706662,0.00619091717214991,0.9899068812178097,0.909090909090909,0.991956909034615
known_zero,HBR,20.0,0.002,0.01,0.21036609602867581,0.2076872895281004,0.009464014274049373,0.9801575346888203,0.8333333333333333,0.9920549912508816
known_zero,HBR,20.0,0.002,0.02,0.3834760270768616,0.3790829380942511,0.015645142348797967,0.9616210023101075,0.7142857142857141,0.9922472012629171
known_zero,HBR,20.0,0.002,0.05,0.7921899677077182,0.7835037255077778,0.0316625874296296,0.9126603954221671,0.49999999999999983,0.9927934089622313
known_zero,HBR,20.0,0.005,-0.05,0.8193621157738464,0.8079049731371972,0.04212989993364368,0.9024210172020192,0.5000000000000001,0.9773140742207145
known_zero,HBR,20.0,0.005,-0.02,0.3989740409474941,0.3929955341244583,0.021215301310130653,0.9597595791545208,0.7142857142857141,0.9789159648874144
known_zero,HBR,20.0,0.005,-0.01,0.2237008403166371,0.21971200026243598,0.014086878060258889,0.9796707204251268,0.8333333333333333,0.9794224466226635
known_zero,HBR,20.0,0.005,-0.005,0.12614891072662945,0.1231751341994928,0.010491767873490036,0.9897823372072599,0.909090909090909,0.9796707204251268
known_zero,HBR,20.0,0.005,-0.002,0.06374161928269445,0.06138346447822597,0.0083246258929871,0.9959001102435833,0.9615384615384615,0.979818118457878
known_zero,HBR,20.0,0.005,0.0,0.02031170579211042,0.018366734417037116,0.006875627186084274,0.9999999999999927,1.0,0.9799157365287787
known_zero,HBR,20.0,0.005,0.002,0.06352201144549449,0.06119259936291095,0.008227040737695293,0.9959203186489791,0.9615384615384615,0.9800128397331658
known_zero,HBR,20.0,0.005,0.005,0.1255246258678807,0.12263262600695723,0.010214236842204764,0.9899068812178097,0.909090909090909,0.9801575346888203
known_zero,HBR,20.0,0.005,0.01,0.22220593687230322,0.21841228602049498,0.013423413929221436,0.9801575346888203,0.8333333333333333,0.9803961542618701
known_zero,HBR,20.0,0.005,0.02,0.39503137173212066,0.3895598282394812,0.01947928057010998,0.9616210023101075,0.7142857142857141,0.9808640131005945
known_zero,HBR,20.0,0.005,0.05,0.8029363241547001,0.7932740088636896,0.03514058082237847,0.9126603954221671,0.49999999999999983,0.9821952756025423
known_zero,HR,0.0,0.001,-0.05,0.10787931433084996,0.0981041791422728,0.03571357448817523,0.9024210172020192,1.0,0.9953688415371085
known_zero,HR,0.0,0.001,-0.02,0.045474009213554586,0.04114793856804265,0.015378860873391836,0.9597595791545208,1.0,0.9957025097089136
known_zero,HR,0.0,0.001,-0.01,0.02476456721625625,0.022374211671668913,0.008433382123812408,0.9796707204251268,1.0,0.9958077901723057
known_zero,HR,0.0,0.001,-0.005,0.01442642837790436,0.01302478921898928,0.004927872556445111,0.9897823372072599,1.0,0.9958593598267749
known_zero,HR,0.0,0.001,-0.002,0.008228751718197442,0.007427124538702524,0.002813892028784715,0.9959001102435833,1.0,0.9958899644508967
known_zero,HR,0.0,0.001,0.0,0.004099113014397485,0.003700344884603357,0.0014000800595105113,0.9999999999999927,1.0,0.9959102282850724
known_zero,HR,0.0,0.001,0.002,0.008167840007194132,0.007374372141738795,0.002786494450361614,0.9959203186489791,1.0,0.9959303814087368
known_zero,HR,0.0,0.001,0.005,0.0141988933953188,0.012827571104534648,0.004825815403708697,0.9899068812178097,1.0,0.9959604047947452
known_zero,HR,0.0,0.001,0.01,0.02406323181641632,0.021765136746113054,0.008120904313198105,0.9801575346888203,1.0,0.9960098984900491
known_zero,HR,0.0,0.001,0.02,0.0431190224762612,0.039093984648655544,0.014345110409689598,0.9616210023101075,1.0,0.9961068734172077
known_zero,HR,0.0,0.001,0.05,0.09543229650422898,0.08707855831188697,0.030484839997368667,0.9126603954221671,1.0,0.9963823266402849
known_zero,HR,0.0,0.002,-0.05,0.11249851738190224,0.10229353294976745,0.0373421617953006,0.9024210172020192,1.0,0.9907855026366278
known_zero,HR,0.0,0.002,-0.02,0.04976125085915953,0.04501391010938384,0.016858710680306987,0.9597595791545208,1.0,0.9914460236761531
known_zero,HR,0.0,0.002,-0.01,0.028947039286732524,0.026149373284787385,0.009866362406995835,0.9796707204251268,1.0,0.9916545441401876
known_zero,HR,0.0,0.002,-0.005,0.018557576211648583,0.016755439414478594,0.006337904355848641,0.9897823372072599,1.0,0.9917567031876688
known_zero,HR,0.0,0.002,-0.002,0.012329439072509264,0.011131349263959499,0.004210308959852452,0.9959001102435833,1.0,0.9918173366617488
known_zero,HR,0.0,0.002,0.0,0.00817963135993759,0.007387068831125091,0.0027874857689545304,0.9999999999999927,1.0,0.9918574855482681
known_zero,HR,0.0,0.002,0.002,0.012228299050352016,0.01104368769265993,0.004164939961091135,0.9959203186489791,1.0,0.9918974170172419
known_zero,HR,0.0,0.002,0.005,0.018229467925199708,0.016470946203841704,0.006190917172149918,0.9899068812178097,1.0,0.991956909034615
known_zero,HR,0.0,0.002,0.01,0.028044539235921075,0.025365732735345654,0.009464014274049377,0.9801575346888203,1.0,0.9920549912508816
known_zero,HR,0.0,0.002,0.02,0.0470037904570484,0.042610701474437865,0.01564514234879796,0.9616210023101075,1.0,0.9922472012629171
known_zero,HR,0.0,0.002,0.05,0.09904278714977237,0.09035654494983202,0.031662587429629595,0.9126603954221671,1.0,0.9927934089622313
known_zero,HR,0.0,0.005,-0.05,0.12621493521590127,0.11475779257925209,0.04212989993364367,0.9024210172020192,1.0,0.9773140742207145
known_zero,HR,0.0,0.005,-0.02,0.0625018043276809,0.05652329750464506,0.02121530131013065,0.9597595791545208,1.0,0.9789159648874144
known_zero,HR,0.0,0.005,-0.01,0.041379283523882336,0.03739044346968125,0.014086878060258882,0.9796707204251268,1.0,0.9794224466226635
known_zero,HR,0.0,0.005,-0.005,0.03083873092340455,0.027864954396267884,0.010491767873490031,0.9897823372072599,1.0,0.9796707204251268
known_zero,HR,0.0,0.005,-0.002,0.02452090613045304,0.022162751325984553,0.008324625892987101,0.9959001102435833,1.0,0.979818118457878
known_zero,HR,0.0,0.005,0.0,0.020311705793110507,0.018366734418037205,0.006875627186084274,0.9999999999999927,1.0,0.9799157365287787
known_zero,HR,0.0,0.005,0.002,0.02430129829325309,0.02197188621066954,0.008227040737695295,0.9959203186489791,1.0,0.9800128397331658
known_zero,HR,0.0,0.005,0.005,0.030214446064655797,0.027322446203732316,0.010214236842204759,0.9899068812178097,1.0,0.9801575346888203
known_zero,HR,0.0,0.005,0.01,0.03988438007954849,0.03609072922774024,0.013423413929221441,0.9801575346888203,1.0,0.9803961542618701
known_zero,HR,0.0,0.005,0.02,0.05855913511230746,0.05308759161966797,0.019479280570109996,0.9616210023101075,1.0,0.9808640131005945
known_zero,HR,0.0,0.005,0.05,0.10978914359675426,0.10012682830574374,0.035140580822378434,0.9126603954221671,1.0,0.9821952756025423
known_zero,HR,2.0,0.001,-0.05,0.10787931433084996,0.0981041791422728,0.03571357448817523,0.9024210172020192,0.909090909090909,0.9953688415371085
known_zero,HR,2.0,0.001,-0.02,0.045474009213554586,0.04114793856804265,0.015378860873391836,0.9597595791545208,0.9615384615384615,0.9957025097089136
known_zero,HR,2.0,0.001,-0.01,0.02476456721625625,0.022374211671668913,0.008433382123812408,0.9796707204251268,0.980392156862745,0.9958077901723057
known_zero,HR,2.0,0.001,-0.005,0.01442642837790436,0.01302478921898928,0.004927872556445111,0.9897823372072599,0.9900990099009901,0.9958593598267749
known_zero,HR,2.0,0.001,-0.002,0.008228751718197442,0.007427124538702524,0.002813892028784715,0.9959001102435833,0.9960159362549801,0.9958899644508967
known_zero,HR,2.0,0.001,0.0,0.004099113014397485,0.003700344884603357,0.0014000800595105113,0.9999999999999927,1.0,0.9959102282850724
known_zero,HR,2.0,0.001,0.002,0.008167840007194132,0.007374372141738795,0.002786494450361614,0.9959203186489791,0.9960159362549801,0.9959303814087368
known_zero,HR,2.0,0.001,0.005,0.0141988933953188,0.012827571104534648,0.004825815403708697,0.9899068812178097,0.9900990099009901,0.9959604047947452
known_zero,HR,2.0,0.001,0.01,0.02406323181641632,0.021765136746113054,0.008120904313198105,0.9801575346888203,0.980392156862745,0.9960098984900491
known_zero,HR,2.0,0.001,0.02,0.0431190224762612,0.039093984648655544,0.014345110409689598,0.9616210023101075,0.9615384615384615,0.9961068734172077
known_zero,HR,2.0,0.001,0.05,0.09543229650422898,0.08707855831188697,0.030484839997368667,0.9126603954221671,0.909090909090909,0.9963823266402849
known_zero,HR,2.0,0.002,-0.05,0.11249851738190224,0.10229353294976745,0.0373421617953006,0.9024210172020192,0.909090909090909,0.9907855026366278
known_zero,HR,2.0,0.002,-0.02,0.04976125085915953,0.04501391010938384,0.016858710680306987,0.9597595791545208,0.9615384615384615,0.9914460236761531
known_zero,HR,2.0,0.002,-0.01,0.028947039286732524,0.026149373284787385,0.009866362406995835,0.9796707204251268,0.980392156862745,0.9916545441401876
known_zero,HR,2.0,0.002,-0.005,0.018557576211648583,0.016755439414478594,0.006337904355848641,0.9897823372072599,0.9900990099009901,0.9917567031876688
known_zero,HR,2.0,0.002,-0.002,0.012329439072509264,0.011131349263959499,0.004210308959852452,0.9959001102435833,0.9960159362549801,0.9918173366617488
known_zero,HR,2.0,0.002,0.0,0.00817963135993759,0.007387068831125091,0.0027874857689545304,0.9999999999999927,1.0,0.9918574855482681
known_zero,HR,2.0,0.002,0.002,0.012228299050352016,0.01104368769265993,0.004164939961091135,0.9959203186489791,0.9960159362549801,0.9918974170172419
known_zero,HR,2.0,0.002,0.005,0.018229467925199708,0.016470946203841704,0.006190917172149918,0.9899068812178097,0.9900990099009901,0.991956909034615
known_zero,HR,2.0,0.002,0.01,0.028044539235921075,0.025365732735345654,0.009464014274049377,0.9801575346888203,0.980392156862745,0.9920549912508816
known_zero,HR,2.0,0.002,0.02,0.0470037904570484,0.042610701474437865,0.01564514234879796,0.9616210023101075,0.9615384615384615,0.9922472012629171
known_zero,HR,2.0,0.002,0.05,0.09904278714977237,0.09035654494983202,0.031662587429629595,0.9126603954221671,0.909090909090909,0.9927934089622313
known_zero,HR,2.0,0.005,-0.05,0.12621493521590127,0.11475779257925209,0.04212989993364367,0.9024210172020192,0.909090909090909,0.9773140742207145
known_zero,HR,2.0,0.005,-0.02,0.0625018043276809,0.05652329750464506,0.02121530131013065,0.9597595791545208,0.9615384615384615,0.9789159648874144
known_zero,HR,2.0,0.005,-0.01,0.041379283523882336,0.03739044346968125,0.014086878060258882,0.9796707204251268,0.980392156862745,0.9794224466226635
known_zero,HR,2.0,0.005,-0.005,0.03083873092340455,0.027864954396267884,0.010491767873490031,0.9897823372072599,0.9900990099009901,0.9796707204251268
known_zero,HR,2.0,0.005,-0.002,0.02452090613045304,0.022162751325984553,0.008324625892987101,0.9959001102435833,0.9960159362549801,0.979818118457878
known_zero,HR,2.0,0.005,0.0,0.020311705793110507,0.018366734418037205,0.006875627186084274,0.9999999999999927,1.0,0.9799157365287787
known_zero,HR,2.0,0.005,0.002,0.02430129829325309,0.02197188621066954,0.008227040737695295,0.9959203186489791,0.9960159362549801,0.9800128397331658
known_zero,HR,2.0,0.005,0.005,0.030214446064655797,0.027322446203732316,0.010214236842204759,0.9899068812178097,0.9900990099009901,0.9801575346888203
known_zero,HR,2.0,0.005,0.01,0.03988438007954849,0.03609072922774024,0.013423413929221441,0.9801575346888203,0.980392156862745,0.9803961542618701
known_zero,HR,2.0,0.005,0.02,0.05855913511230746,0.05308759161966797,0.019479280570109996,0.9616210023101075,0.9615384615384615,0.9808640131005945
known_zero,HR,2.0,0.005,0.05,0.10978914359675426,0.10012682830574374,0.035140580822378434,0.9126603954221671,0.909090909090909,0.9821952756025423
known_zero,HR,5.0,0.001,-0.05,0.10787931433084996,0.0981041791422728,0.03571357448817523,0.9024210172020192,0.8,0.9953688415371085
known_zero,HR,5.0,0.001,-0.02,0.045474009213554586,0.04114793856804265,0.015378860873391836,0.9597595791545208,0.909090909090909,0.9957025097089136
known_zero,HR,5.0,0.001,-0.01,0.02476456721625625,0.022374211671668913,0.008433382123812408,0.9796707204251268,0.9523809523809523,0.9958077901723057
known_zero,HR,5.0,0.001,-0.005,0.01442642837790436,0.01302478921898928,0.004927872556445111,0.9897823372072599,0.9756097560975612,0.9958593598267749
known_zero,HR,5.0,0.001,-0.002,0.008228751718197442,0.007427124538702524,0.002813892028784715,0.9959001102435833,0.9900990099009901,0.9958899644508967
known_zero,HR,5.0,0.001,0.0,0.004099113014397485,0.003700344884603357,0.0014000800595105113,0.9999999999999927,1.0,0.9959102282850724
known_zero,HR,5.0,0.001,0.002,0.008167840007194132,0.007374372141738795,0.002786494450361614,0.9959203186489791,0.9900990099009901,0.9959303814087368
known_zero,HR,5.0,0.001,0.005,0.0141988933953188,0.012827571104534648,0.004825815403708697,0.9899068812178097,0.9756097560975612,0.9959604047947452
known_zero,HR,5.0,0.001,0.01,0.02406323181641632,0.021765136746113054,0.008120904313198105,0.9801575346888203,0.9523809523809523,0.9960098984900491
known_zero,HR,5.0,0.001,0.02,0.0431190224762612,0.039093984648655544,0.014345110409689598,0.9616210023101075,0.909090909090909,0.9961068734172077
known_zero,HR,5.0,0.001,0.05,0.09543229650422898,0.08707855831188697,0.030484839997368667,0.9126603954221671,0.7999999999999998,0.9963823266402849
known_zero,HR,5.0,0.002,-0.05,0.11249851738190224,0.10229353294976745,0.0373421617953006,0.9024210172020192,0.8,0.9907855026366278
known_zero,HR,5.0,0.002,-0.02,0.04976125085915953,0.04501391010938384,0.016858710680306987,0.9597595791545208,0.909090909090909,0.9914460236761531
known_zero,HR,5.0,0.002,-0.01,0.028947039286732524,0.026149373284787385,0.009866362406995835,0.9796707204251268,0.9523809523809523,0.9916545441401876
known_zero,HR,5.0,0.002,-0.005,0.018557576211648583,0.016755439414478594,0.006337904355848641,0.9897823372072599,0.9756097560975612,0.9917567031876688
known_zero,HR,5.0,0.002,-0.002,0.012329439072509264,0.011131349263959499,0.004210308959852452,0.9959001102435833,0.9900990099009901,0.9918173366617488
known_zero,HR,5.0,0.002,0.0,0.00817963135993759,0.007387068831125091,0.0027874857689545304,0.9999999999999927,1.0,0.9918574855482681
known_zero,HR,5.0,0.002,0.002,0.012228299050352016,0.01104368769265993,0.004164939961091135,0.9959203186489791,0.9900990099009901,0.9918974170172419
known_zero,HR,5.0,0.002,0.005,0.018229467925199708,0.016470946203841704,0.006190917172149918,0.9899068812178097,0.9756097560975612,0.991956909034615
known_zero,HR,5.0,0.002,0.01,0.028044539235921075,0.025365732735345654,0.009464014274049377,0.9801575346888203,0.9523809523809523,0.9920549912508816
known_zero,HR,5.0,0.002,0.02,0.0470037904570484,0.042610701474437865,0.01564514234879796,0.9616210023101075,0.909090909090909,0.9922472012629171
known_zero,HR,5.0,0.002,0.05,0.09904278714977237,0.09035654494983202,0.031662587429629595,0.9126603954221671,0.7999999999999998,0.9927934089622313
known_zero,HR,5.0,0.005,-0.05,0.12621493521590127,0.11475779257925209,0.04212989993364367,0.9024210172020192,0.8,0.9773140742207145
known_zero,HR,5.0,0.005,-0.02,0.0625018043276809,0.05652329750464506,0.02121530131013065,0.9597595791545208,0.909090909090909,0.9789159648874144
known_zero,HR,5.0,0.005,-0.01,0.041379283523882336,0.03739044346968125,0.014086878060258882,0.9796707204251268,0.9523809523809523,0.9794224466226635
known_zero,HR,5.0,0.005,-0.005,0.03083873092340455,0.027864954396267884,0.010491767873490031,0.9897823372072599,0.9756097560975612,0.9796707204251268
known_zero,HR,5.0,0.005,-0.002,0.02452090613045304,0.022162751325984553,0.008324625892987101,0.9959001102435833,0.9900990099009901,0.979818118457878
known_zero,HR,5.0,0.005,0.0,0.020311705793110507,0.018366734418037205,0.006875627186084274,0.9999999999999927,1.0,0.9799157365287787
known_zero,HR,5.0,0.005,0.002,0.02430129829325309,0.02197188621066954,0.008227040737695295,0.9959203186489791,0.9900990099009901,0.9800128397331658
known_zero,HR,5.0,0.005,0.005,0.030214446064655797,0.027322446203732316,0.010214236842204759,0.9899068812178097,0.9756097560975612,0.9801575346888203
known_zero,HR,5.0,0.005,0.01,0.03988438007954849,0.03609072922774024,0.013423413929221441,0.9801575346888203,0.9523809523809523,0.9803961542618701
known_zero,HR,5.0,0.005,0.02,0.05855913511230746,0.05308759161966797,0.019479280570109996,0.9616210023101075,0.909090909090909,0.9808640131005945
known_zero,HR,5.0,0.005,0.05,0.10978914359675426,0.10012682830574374,0.035140580822378434,0.9126603954221671,0.7999999999999998,0.9821952756025423
known_zero,HR,10.0,0.001,-0.05,0.10787931433084996,0.0981041791422728,0.03571357448817523,0.9024210172020192,0.6666666666666666,0.9953688415371085
known_zero,HR,10.0,0.001,-0.02,0.045474009213554586,0.04114793856804265,0.015378860873391836,0.9597595791545208,0.8333333333333333,0.9957025097089136
known_zero,HR,10.0,0.001,-0.01,0.02476456721625625,0.022374211671668913,0.008433382123812408,0.9796707204251268,0.909090909090909,0.9958077901723057
known_zero,HR,10.0,0.001,-0.005,0.01442642837790436,0.01302478921898928,0.004927872556445111,0.9897823372072599,0.9523809523809523,0.9958593598267749
known_zero,HR,10.0,0.001,-0.002,0.008228751718197442,0.007427124538702524,0.002813892028784715,0.9959001102435833,0.980392156862745,0.9958899644508967
known_zero,HR,10.0,0.001,0.0,0.004099113014397485,0.003700344884603357,0.0014000800595105113,0.9999999999999927,1.0,0.9959102282850724
known_zero,HR,10.0,0.001,0.002,0.008167840007194132,0.007374372141738795,0.002786494450361614,0.9959203186489791,0.980392156862745,0.9959303814087368
known_zero,HR,10.0,0.001,0.005,0.0141988933953188,0.012827571104534648,0.004825815403708697,0.9899068812178097,0.9523809523809523,0.9959604047947452
known_zero,HR,10.0,0.001,0.01,0.02406323181641632,0.021765136746113054,0.008120904313198105,0.9801575346888203,0.909090909090909,0.9960098984900491
known_zero,HR,10.0,0.001,0.02,0.0431190224762612,0.039093984648655544,0.014345110409689598,0.9616210023101075,0.8333333333333333,0.9961068734172077
known_zero,HR,10.0,0.001,0.05,0.09543229650422898,0.08707855831188697,0.030484839997368667,0.9126603954221671,0.6666666666666665,0.9963823266402849
known_zero,HR,10.0,0.002,-0.05,0.11249851738190224,0.10229353294976745,0.0373421617953006,0.9024210172020192,0.6666666666666666,0.9907855026366278
known_zero,HR,10.0,0.002,-0.02,0.04976125085915953,0.04501391010938384,0.016858710680306987,0.9597595791545208,0.8333333333333333,0.9914460236761531
known_zero,HR,10.0,0.002,-0.01,0.028947039286732524,0.026149373284787385,0.009866362406995835,0.9796707204251268,0.909090909090909,0.9916545441401876
known_zero,HR,10.0,0.002,-0.005,0.018557576211648583,0.016755439414478594,0.006337904355848641,0.9897823372072599,0.9523809523809523,0.9917567031876688
known_zero,HR,10.0,0.002,-0.002,0.012329439072509264,0.011131349263959499,0.004210308959852452,0.9959001102435833,0.980392156862745,0.9918173366617488
known_zero,HR,10.0,0.002,0.0,0.00817963135993759,0.007387068831125091,0.0027874857689545304,0.9999999999999927,1.0,0.9918574855482681
known_zero,HR,10.0,0.002,0.002,0.012228299050352016,0.01104368769265993,0.004164939961091135,0.9959203186489791,0.980392156862745,0.9918974170172419
known_zero,HR,10.0,0.002,0.005,0.018229467925199708,0.016470946203841704,0.006190917172149918,0.9899068812178097,0.9523809523809523,0.991956909034615
known_zero,HR,10.0,0.002,0.01,0.028044539235921075,0.025365732735345654,0.009464014274049377,0.9801575346888203,0.909090909090909,0.9920549912508816
known_zero,HR,10.0,0.002,0.02,0.0470037904570484,0.042610701474437865,0.01564514234879796,0.9616210023101075,0.8333333333333333,0.9922472012629171
known_zero,HR,10.0,0.002,0.05,0.09904278714977237,0.09035654494983202,0.031662587429629595,0.9126603954221671,0.6666666666666665,0.9927934089622313
known_zero,HR,10.0,0.005,-0.05,0.12621493521590127,0.11475779257925209,0.04212989993364367,0.9024210172020192,0.6666666666666666,0.9773140742207145
known_zero,HR,10.0,0.005,-0.02,0.0625018043276809,0.05652329750464506,0.02121530131013065,0.9597595791545208,0.8333333333333333,0.9789159648874144
known_zero,HR,10.0,0.005,-0.01,0.041379283523882336,0.03739044346968125,0.014086878060258882,0.9796707204251268,0.909090909090909,0.9794224466226635
known_zero,HR,10.0,0.005,-0.005,0.03083873092340455,0.027864954396267884,0.010491767873490031,0.9897823372072599,0.9523809523809523,0.9796707204251268
known_zero,HR,10.0,0.005,-0.002,0.02452090613045304,0.022162751325984553,0.008324625892987101,0.9959001102435833,0.980392156862745,0.979818118457878
known_zero,HR,10.0,0.005,0.0,0.020311705793110507,0.018366734418037205,0.006875627186084274,0.9999999999999927,1.0,0.9799157365287787
known_zero,HR,10.0,0.005,0.002,0.02430129829325309,0.02197188621066954,0.008227040737695295,0.9959203186489791,0.980392156862745,0.9800128397331658
known_zero,HR,10.0,0.005,0.005,0.030214446064655797,0.027322446203732316,0.010214236842204759,0.9899068812178097,0.9523809523809523,0.9801575346888203
known_zero,HR,10.0,0.005,0.01,0.03988438007954849,0.03609072922774024,0.013423413929221441,0.9801575346888203,0.909090909090909,0.9803961542618701
known_zero,HR,10.0,0.005,0.02,0.05855913511230746,0.05308759161966797,0.019479280570109996,0.9616210023101075,0.8333333333333333,0.9808640131005945
known_zero,HR,10.0,0.005,0.05,0.10978914359675426,0.10012682830574374,0.035140580822378434,0.9126603954221671,0.6666666666666665,0.9821952756025423
known_zero,HR,20.0,0.001,-0.05,0.10787931433084996,0.0981041791422728,0.03571357448817523,0.9024210172020192,0.5000000000000001,0.9953688415371085
known_zero,HR,20.0,0.001,-0.02,0.045474009213554586,0.04114793856804265,0.015378860873391836,0.9597595791545208,0.7142857142857141,0.9957025097089136
known_zero,HR,20.0,0.001,-0.01,0.02476456721625625,0.022374211671668913,0.008433382123812408,0.9796707204251268,0.8333333333333333,0.9958077901723057
known_zero,HR,20.0,0.001,-0.005,0.01442642837790436,0.01302478921898928,0.004927872556445111,0.9897823372072599,0.909090909090909,0.9958593598267749
known_zero,HR,20.0,0.001,-0.002,0.008228751718197442,0.007427124538702524,0.002813892028784715,0.9959001102435833,0.9615384615384615,0.9958899644508967
known_zero,HR,20.0,0.001,0.0,0.004099113014397485,0.003700344884603357,0.0014000800595105113,0.9999999999999927,1.0,0.9959102282850724
known_zero,HR,20.0,0.001,0.002,0.008167840007194132,0.007374372141738795,0.002786494450361614,0.9959203186489791,0.9615384615384615,0.9959303814087368
known_zero,HR,20.0,0.001,0.005,0.0141988933953188,0.012827571104534648,0.004825815403708697,0.9899068812178097,0.909090909090909,0.9959604047947452
known_zero,HR,20.0,0.001,0.01,0.02406323181641632,0.021765136746113054,0.008120904313198105,0.9801575346888203,0.8333333333333333,0.9960098984900491
known_zero,HR,20.0,0.001,0.02,0.0431190224762612,0.039093984648655544,0.014345110409689598,0.9616210023101075,0.7142857142857141,0.9961068734172077
known_zero,HR,20.0,0.001,0.05,0.09543229650422898,0.08707855831188697,0.030484839997368667,0.9126603954221671,0.49999999999999983,0.9963823266402849
known_zero,HR,20.0,0.002,-0.05,0.11249851738190224,0.10229353294976745,0.0373421617953006,0.9024210172020192,0.5000000000000001,0.9907855026366278
known_zero,HR,20.0,0.002,-0.02,0.04976125085915953,0.04501391010938384,0.016858710680306987,0.9597595791545208,0.7142857142857141,0.9914460236761531
known_zero,HR,20.0,0.002,-0.01,0.028947039286732524,0.026149373284787385,0.009866362406995835,0.9796707204251268,0.8333333333333333,0.9916545441401876
known_zero,HR,20.0,0.002,-0.005,0.018557576211648583,0.016755439414478594,0.006337904355848641,0.9897823372072599,0.909090909090909,0.9917567031876688
known_zero,HR,20.0,0.002,-0.002,0.012329439072509264,0.011131349263959499,0.004210308959852452,0.9959001102435833,0.9615384615384615,0.9918173366617488
known_zero,HR,20.0,0.002,0.0,0.00817963135993759,0.007387068831125091,0.0027874857689545304,0.9999999999999927,1.0,0.9918574855482681
known_zero,HR,20.0,0.002,0.002,0.012228299050352016,0.01104368769265993,0.004164939961091135,0.9959203186489791,0.9615384615384615,0.9918974170172419
known_zero,HR,20.0,0.002,0.005,0.018229467925199708,0.016470946203841704,0.006190917172149918,0.9899068812178097,0.909090909090909,0.991956909034615
known_zero,HR,20.0,0.002,0.01,0.028044539235921075,0.025365732735345654,0.009464014274049377,0.9801575346888203,0.8333333333333333,0.9920549912508816
known_zero,HR,20.0,0.002,0.02,0.0470037904570484,0.042610701474437865,0.01564514234879796,0.9616210023101075,0.7142857142857141,0.9922472012629171
known_zero,HR,20.0,0.002,0.05,0.09904278714977237,0.09035654494983202,0.031662587429629595,0.9126603954221671,0.49999999999999983,0.9927934089622313
known_zero,HR,20.0,0.005,-0.05,0.12621493521590127,0.11475779257925209,0.04212989993364367,0.9024210172020192,0.5000000000000001,0.9773140742207145
known_zero,HR,20.0,0.005,-0.02,0.0625018043276809,0.05652329750464506,0.02121530131013065,0.9597595791545208,0.7142857142857141,0.9789159648874144
known_zero,HR,20.0,0.005,-0.01,0.041379283523882336,0.03739044346968125,0.014086878060258882,0.9796707204251268,0.8333333333333333,0.9794224466226635
known_zero,HR,20.0,0.005,-0.005,0.03083873092340455,0.027864954396267884,0.010491767873490031,0.9897823372072599,0.909090909090909,0.9796707204251268
known_zero,HR,20.0,0.005,-0.002,0.02452090613045304,0.022162751325984553,0.008324625892987101,0.9959001102435833,0.9615384615384615,0.979818118457878
known_zero,HR,20.0,0.005,0.0,0.020311705793110507,0.018366734418037205,0.006875627186084274,0.9999999999999927,1.0,0.9799157365287787
known_zero,HR,20.0,0.005,0.002,0.02430129829325309,0.02197188621066954,0.008227040737695295,0.9959203186489791,0.9615384615384615,0.9800128397331658
known_zero,HR,20.0,0.005,0.005,0.030214446064655797,0.027322446203732316,0.010214236842204759,0.9899068812178097,0.909090909090909,0.9801575346888203
known_zero,HR,20.0,0.005,0.01,0.03988438007954849,0.03609072922774024,0.013423413929221441,0.9801575346888203,0.8333333333333333,0.9803961542618701
known_zero,HR,20.0,0.005,0.02,0.05855913511230746,0.05308759161966797,0.019479280570109996,0.9616210023101075,0.7142857142857141,0.9808640131005945
known_zero,HR,20.0,0.005,0.05,0.10978914359675426,0.10012682830574374,0.035140580822378434,0.9126603954221671,0.49999999999999983,0.9821952756025423
random_critical_line,BR,0.0,0.001,-0.05,0.005249477140829928,0.004708173068474217,0.0026827975155838952,0.44823200478233527,1.0,0.9947677638262112
random_critical_line,BR,0.0,0.001,-0.02,0.004904233263872631,0.004397401747894701,0.0025095463089978933,0.45780801354462436,1.0,0.9951108247883218
random_critical_line,BR,0.0,0.001,-0.01,0.0047946572675696035,0.004298680265516291,0.002455125236525365,0.46054414324614007,1.0,0.9952197401137151
random_critical_line,BR,0.0,0.001,-0.005,0.004740863271085765,0.004258755193354005,0.002428510643918496,0.4618124809568108,1.0,0.9952732154211438
random_critical_line,BR,0.0,0.001,-0.002,0.004708900206266602,0.004241307887980007,0.0024127290864100707,0.46254060881112197,1.0,0.9953049908898514
random_critical_line,BR,0.0,0.001,0.0,0.004687720966749849,0.004229719797191498,0.002402285247380023,0.4630122710470371,1.0,0.9953260465477947
random_critical_line,BR,0.0,0.001,0.002,0.004666644700484217,0.004218166336783408,0.0023919027235879357,0.46347295813370515,1.0,0.9953470004048549
random_critical_line,BR,0.0,0.001,0.005,0.004635222252379225,0.004200900841842757,0.00237644307685329,0.464143565565413,1.0,0.9953782414121036
random_critical_line,BR,0.0,0.001,0.01,0.004583359127875503,0.004172296642831183,0.0023509782447800743,0.465207804087653,1.0,0.995429807835019
random_critical_line,BR,0.0,0.001,0.02,0.004481508150881365,0.004108556771009937,0.002301157452040492,0.4671467601551371,1.0,0.9955310861599411
random_critical_line,BR,0.0,0.001,0.05,0.0041904080500478605,0.003898713206719126,0.002160163681307738,0.4717403389186353,1.0,0.9958206225744355
random_critical_line,BR,0.0,0.002,-0.05,0.010464683974760965,0.00939430061209993,0.005329057152120452,0.44823200478233527,1.0,0.9896035510915878
random_critical_line,BR,0.0,0.002,-0.02,0.009778526905466503,0.0087755742393681,0.004986879594459695,0.45780801354462436,1.0,0.9902811080251009
random_critical_line,BR,0.0,0.002,-0.01,0.009560686020917735,0.008578980872146282,0.004879352069421727,0.46054414324614007,1.0,0.9904963443157427
random_critical_line,BR,0.0,0.002,-0.005,0.00945373053847225,0.008499454597569279,0.004826758101076754,0.4618124809568108,1.0,0.9906020431204021
random_critical_line,BR,0.0,0.002,-0.002,0.009390176756949245,0.00846470748541424,0.004795569252900275,0.46254060881112197,1.0,0.9906648570683798
random_critical_line,BR,0.0,0.002,0.0,0.009348063576100994,0.008441628934318074,0.004774928272931704,0.4630122710470371,1.0,0.9907064828363884
random_critical_line,BR,0.0,0.002,0.002,0.009306154021499442,0.00841861908632092,0.004754407698600708,0.46347295813370515,1.0,0.9907479095728411
random_critical_line,BR,0.0,0.002,0.005,0.00924366929143358,0.008384232667252516,0.004723850990947035,0.464143565565413,1.0,0.9908096785927187
random_critical_line,BR,0.0,0.002,0.01,0.009140532037273195,0.008327262478660606,0.0046735148171598,0.465207804087653,1.0,0.9909116453408391
random_critical_line,BR,0.0,0.002,0.02,0.008937966993671786,0.008200312515815097,0.004575020811689629,0.4671467601551371,1.0,0.9911119507416567
random_critical_line,BR,0.0,0.002,0.05,0.008358872033434203,0.00778230331259118,0.004296182835441778,0.4717403389186353,1.0,0.9916848720818707
random_critical_line,BR,0.0,0.005,-0.05,0.02591029776300156,0.02332270493478912,0.013057355519144838,0.44823200478233527,1.0,0.9745030654286596
random_critical_line,BR,0.0,0.005,-0.02,0.024226408467229767,0.021796615270718644,0.012232873776407598,0.45780801354462436,1.0,0.9761355433959873
random_critical_line,BR,0.0,0.005,-0.01,0.02369135578926214,0.021311389883453352,0.011973483407292417,0.46054414324614007,1.0,0.9766549963277198
random_critical_line,BR,0.0,0.005,-0.005,0.02342857606146942,0.02111481846804784,0.011846557193778185,0.4618124809568108,1.0,0.9769102443165887
random_critical_line,BR,0.0,0.005,-0.002,0.023272405466441694,0.021029038058099456,0.011771271951983847,0.46254060881112197,1.0,0.9770619792409816
random_critical_line,BR,0.0,0.005,0.0,0.02316891062765133,0.020972061459897242,0.011721440930628501,0.4630122710470371,1.0,0.977162551155463
random_critical_line,BR,0.0,0.005,0.002,0.023065908143747586,0.020915252540152723,0.011671895240884007,0.46347295813370515,1.0,0.9772626577634705
random_critical_line,BR,0.0,0.005,0.005,0.02291232244169406,0.020830352446260744,0.011598108013197826,0.464143565565413,1.0,0.9774119498058317
random_critical_line,BR,0.0,0.005,0.01,0.022658774883481725,0.020689683503444967,0.011476532167575038,0.465207804087653,1.0,0.9776584728999926
random_critical_line,BR,0.0,0.005,0.02,0.02216065727402817,0.020376256839506675,0.011238548231216868,0.4671467601551371,1.0,0.9781430213152229
random_critical_line,BR,0.0,0.005,0.05,0.020735599800475856,0.019343674885546874,0.010564133827432915,0.4717403389186353,1.0,0.9795309465115993
random_critical_line,BR,2.0,0.001,-0.05,0.10055965694505493,0.10001835287269922,0.0026827975155838926,0.44823200478233527,0.909090909090909,0.9947677638262112
random_critical_line,BR,2.0,0.001,-0.02,0.04412494641711413,0.04361811490113621,0.002509546308997893,0.45780801354462436,0.9615384615384615,0.9951108247883218
random_critical_line,BR,2.0,0.001,-0.01,0.02459728456372947,0.02410130756167616,0.002455125236525366,0.46054414324614007,0.980392156862745,0.9952197401137151
random_critical_line,BR,2.0,0.001,-0.005,0.014691194124243967,0.014209086046512207,0.0024285106439184967,0.4618124809568108,0.9900990099009901,0.9952732154211438
random_critical_line,BR,2.0,0.001,-0.002,0.008700921475800164,0.00823332915751357,0.0024127290864100707,0.46254060881112197,0.9960159362549801,0.9953049908898514
random_critical_line,BR,2.0,0.001,0.0,0.004687720966749849,0.004229719797191498,0.002402285247380023,0.4630122710470371,1.0,0.9953260465477947
random_critical_line,BR,2.0,0.001,0.002,0.008658665970017777,0.008210187606316968,0.002391902723587936,0.46347295813370515,0.9960159362549801,0.9953470004048549
random_critical_line,BR,2.0,0.001,0.005,0.014585553105537427,0.01415123169500096,0.0023764430768532904,0.464143565565413,0.9900990099009901,0.9953782414121036
random_critical_line,BR,2.0,0.001,0.01,0.02438598642403537,0.02397492393899105,0.0023509782447800765,0.465207804087653,0.980392156862745,0.995429807835019
random_critical_line,BR,2.0,0.001,0.02,0.043702221304122865,0.043329269924251436,0.002301157452040491,0.4671467601551371,0.9615384615384615,0.9955310861599411
random_critical_line,BR,2.0,0.001,0.05,0.09950058785427286,0.09920889301094413,0.0021601636813077386,0.4717403389186353,0.909090909090909,0.9958206225744355
random_critical_line,BR,2.0,0.002,-0.05,0.10577486377898597,0.10470448041632494,0.005329057152120454,0.44823200478233527,0.909090909090909,0.9896035510915878
random_critical_line,BR,2.0,0.002,-0.02,0.048999240058708,0.0479962873926096,0.004986879594459696,0.45780801354462436,0.9615384615384615,0.9902811080251009
random_critical_line,BR,2.0,0.002,-0.01,0.0293633133170776,0.02838160816830615,0.004879352069421725,0.46054414324614007,0.980392156862745,0.9904963443157427
random_critical_line,BR,2.0,0.002,-0.005,0.019404061391630454,0.01844978545072748,0.004826758101076754,0.4618124809568108,0.9900990099009901,0.9906020431204021
random_critical_line,BR,2.0,0.002,-0.002,0.013382198026482805,0.0124567287549478,0.004795569252900275,0.46254060881112197,0.9960159362549801,0.9906648570683798
random_critical_line,BR,2.0,0.002,0.0,0.009348063576100994,0.008441628934318074,0.004774928272931704,0.4630122710470371,1.0,0.9907064828363884
random_critical_line,BR,2.0,0.002,0.002,0.013298175291033002,0.01241064035585448,0.004754407698600708,0.46347295813370515,0.9960159362549801,0.9907479095728411
random_critical_line,BR,2.0,0.002,0.005,0.019194000144591782,0.01833456352041072,0.004723850990947038,0.464143565565413,0.9900990099009901,0.9908096785927187
random_critical_line,BR,2.0,0.002,0.01,0.028943159333433062,0.028129889774820473,0.004673514817159801,0.465207804087653,0.980392156862745,0.9909116453408391
random_critical_line,BR,2.0,0.002,0.02,0.04815868014691328,0.04742102566905659,0.004575020811689627,0.4671467601551371,0.9615384615384615,0.9911119507416567
random_critical_line,BR,2.0,0.002,0.05,0.1036690518376592,0.10309248311681618,0.004296182835441782,0.4717403389186353,0.909090909090909,0.9916848720818707
random_critical_line,BR,2.0,0.005,-0.05,0.12122047756722656,0.11863288473901412,0.013057355519144833,0.44823200478233527,0.909090909090909,0.9745030654286596
random_critical_line,BR,2.0,0.005,-0.02,0.06344712162047127,0.06101732842396014,0.012232873776407596,0.45780801354462436,0.9615384615384615,0.9761355433959873
random_critical_line,BR,2.0,0.005,-0.01,0.043493983085422,0.041114017179613216,0.01197348340729242,0.46054414324614007,0.980392156862745,0.9766549963277198
random_critical_line,BR,2.0,0.005,-0.005,0.033378906914627623,0.031065149321206045,0.011846557193778185,0.4618124809568108,0.9900990099009901,0.9769102443165887
random_critical_line,BR,2.0,0.005,-0.002,0.027264426735975254,0.025021059327633016,0.011771271951983847,0.46254060881112197,0.9960159362549801,0.9770619792409816
random_critical_line,BR,2.0,0.005,0.0,0.02316891062765133,0.020972061459897242,0.011721440930628501,0.4630122710470371,1.0,0.977162551155463
random_critical_line,BR,2.0,0.005,0.002,0.02705792941328115,0.024907273809686284,0.011671895240884009,0.46347295813370515,0.9960159362549801,0.9772626577634705
random_critical_line,BR,2.0,0.005,0.005,0.03286265329485226,0.030780683299418948,0.011598108013197826,0.464143565565413,0.9900990099009901,0.9774119498058317
random_critical_line,BR,2.0,0.005,0.01,0.042461402179641596,0.04049231079960484,0.011476532167575038,0.465207804087653,0.980392156862745,0.9776584728999926
random_critical_line,BR,2.0,0.005,0.02,0.06138137042726967,0.059596969992748175,0.011238548231216868,0.4671467601551371,0.9615384615384615,0.9781430213152229
random_critical_line,BR,2.0,0.005,0.05,0.11604577960470086,0.11465385468977188,0.010564133827432917,0.4717403389186353,0.909090909090909,0.9795309465115993
random_critical_line,BR,5.0,0.001,-0.05,0.22839302845478976,0.22785172438243403,0.0026827975155839013,0.44823200478233527,0.8,0.9947677638262112
random_critical_line,BR,5.0,0.001,-0.02,0.10021441306809764,0.0997075815521197,0.002509546308997894,0.45780801354462436,0.909090909090909,0.9951108247883218
random_critical_line,BR,5.0,0.001,-0.01,0.05358482143695178,0.05308884443489846,0.002455125236525364,0.46054414324614007,0.9523809523809523,0.9952197401137151
random_critical_line,BR,5.0,0.001,-0.005,0.029433475861432284,0.028951367783700527,0.0024285106439184967,0.4618124809568108,0.9756097560975612,0.9952732154211438
random_critical_line,BR,5.0,0.001,-0.002,0.014659231059424804,0.01419163874113821,0.0024127290864100707,0.46254060881112197,0.9900990099009901,0.9953049908898514
random_critical_line,BR,5.0,0.001,0.0,0.004687720966749849,0.004229719797191498,0.002402285247380023,0.4630122710470371,1.0,0.9953260465477947
random_critical_line,BR,5.0,0.001,0.002,0.01461697555364242,0.014168497189941611,0.002391902723587936,0.46347295813370515,0.9900990099009901,0.9953470004048549
random_critical_line,BR,5.0,0.001,0.005,0.029327834842725747,0.028893513432189277,0.0023764430768532904,0.464143565565413,0.9756097560975612,0.9953782414121036
random_critical_line,BR,5.0,0.001,0.01,0.053373523297257676,0.052962460812213355,0.002350978244780074,0.465207804087653,0.9523809523809523,0.995429807835019
random_critical_line,BR,5.0,0.001,0.02,0.09979168795510637,0.09941873657523494,0.0023011574520404895,0.4671467601551371,0.909090909090909,0.9955310861599411
random_critical_line,BR,5.0,0.001,0.05,0.22733395936400796,0.22704226452067922,0.002160163681307738,0.4717403389186353,0.7999999999999998,0.9958206225744355
random_critical_line,BR,5.0,0.002,-0.05,0.23360823528872082,0.23253785192605975,0.005329057152120456,0.44823200478233527,0.8,0.9896035510915878
random_critical_line,BR,5.0,0.002,-0.02,0.1050887067096915,0.1040857540435931,0.004986879594459695,0.45780801354462436,0.909090909090909,0.9902811080251009
random_critical_line,BR,5.0,0.002,-0.01,0.05835085019029991,0.05736914504152846,0.0048793520694217305,0.46054414324614007,0.9523809523809523,0.9904963443157427
random_critical_line,BR,5.0,0.002,-0.005,0.03414634312881877,0.0331920671879158,0.004826758101076756,0.4618124809568108,0.9756097560975612,0.9906020431204021
random_critical_line,BR,5.0,0.002,-0.002,0.019340507610107447,0.018415038338572443,0.004795569252900276,0.46254060881112197,0.9900990099009901,0.9906648570683798
random_critical_line,BR,5.0,0.002,0.0,0.009348063576100994,0.008441628934318074,0.004774928272931704,0.4630122710470371,1.0,0.9907064828363884
random_critical_line,BR,5.0,0.002,0.002,0.019256484874657642,0.018368949939479122,0.004754407698600708,0.46347295813370515,0.9900990099009901,0.9907479095728411
random_critical_line,BR,5.0,0.002,0.005,0.0339362818817801,0.03307684525759904,0.004723850990947036,0.464143565565413,0.9756097560975612,0.9908096785927187
random_critical_line,BR,5.0,0.002,0.01,0.05793069620665536,0.05711742664804278,0.0046735148171598,0.465207804087653,0.9523809523809523,0.9909116453408391
random_critical_line,BR,5.0,0.002,0.02,0.10424814679789678,0.1035104923200401,0.004575020811689627,0.4671467601551371,0.909090909090909,0.9911119507416567
random_critical_line,BR,5.0,0.002,0.05,0.2315024233473943,0.2309258546265513,0.004296182835441779,0.4717403389186353,0.7999999999999998,0.9916848720818707
random_critical_line,BR,5.0,0.005,-0.05,0.24905384907696138,0.24646625624874896,0.01305735551914483,0.44823200478233527,0.8,0.9745030654286596
random_critical_line,BR,5.0,0.005,-0.02,0.11953658827145477,0.11710679507494365,0.012232873776407594,0.45780801354462436,0.909090909090909,0.9761355433959873
random_critical_line,BR,5.0,0.005,-0.01,0.07248151995864431,0.07010155405283552,0.011973483407292424,0.46054414324614007,0.9523809523809523,0.9766549963277198
random_critical_line,BR,5.0,0.005,-0.005,0.048121188651815944,0.04580743105839436,0.011846557193778185,0.4618124809568108,0.9756097560975612,0.9769102443165887
random_critical_line,BR,5.0,0.005,-0.002,0.0332227363195999,0.03097936891125766,0.011771271951983847,0.46254060881112197,0.9900990099009901,0.9770619792409816
random_critical_line,BR,5.0,0.005,0.0,0.02316891062765133,0.020972061459897242,0.011721440930628501,0.4630122710470371,1.0,0.977162551155463
random_critical_line,BR,5.0,0.005,0.002,0.03301623899690579,0.030865583393310927,0.011671895240884007,0.46347295813370515,0.9900990099009901,0.9772626577634705
random_critical_line,BR,5.0,0.005,0.005,0.04760493503204058,0.045522965036607264,0.011598108013197826,0.464143565565413,0.9756097560975612,0.9774119498058317
random_critical_line,BR,5.0,0.005,0.01,0.0714489390528639,0.06947984767282714,0.011476532167575038,0.465207804087653,0.9523809523809523,0.9776584728999926
random_critical_line,BR,5.0,0.005,0.02,0.11747083707825316,0.11568643664373168,0.011238548231216876,0.4671467601551371,0.909090909090909,0.9781430213152229
random_critical_line,BR,5.0,0.005,0.05,0.24387915111443595,0.24248722619950697,0.010564133827432905,0.4717403389186353,0.7999999999999998,0.9795309465115993
random_critical_line,BR,10.0,0.001,-0.05,0.41071458524849447,0.4101732811761388,0.0026827975155838896,0.44823200478233527,0.6666666666666666,0.9947677638262112
random_critical_line,BR,10.0,0.001,-0.02,0.18722579005762746,0.18671895854164955,0.0025095463089979063,0.45780801354462436,0.8333333333333333,0.9951108247883218
random_critical_line,BR,10.0,0.001,-0.01,0.1001048370717946,0.09960886006974129,0.0024551252365253634,0.46054414324614007,0.909090909090909,0.9952197401137151
random_critical_line,BR,10.0,0.001,-0.005,0.053531027440467935,0.053048919362736174,0.0024285106439184945,0.4618124809568108,0.9523809523809523,0.9952732154211438
random_critical_line,BR,10.0,0.001,-0.002,0.02451152750242647,0.024043935184139872,0.0024127290864100707,0.46254060881112197,0.980392156862745,0.9953049908898514
random_critical_line,BR,10.0,0.001,0.0,0.004687720966749849,0.004229719797191498,0.002402285247380023,0.4630122710470371,1.0,0.9953260465477947
random_critical_line,BR,10.0,0.001,0.002,0.024469271996644084,0.024020793632943273,0.0023919027235879352,0.46347295813370515,0.980392156862745,0.9953470004048549
random_critical_line,BR,10.0,0.001,0.005,0.0534253864217614,0.05299106501122493,0.002376443076853291,0.464143565565413,0.9523809523809523,0.9953782414121036
random_critical_line,BR,10.0,0.001,0.01,0.0998935389321005,0.09948247644705618,0.0023509782447800765,0.465207804087653,0.909090909090909,0.995429807835019
random_critical_line,BR,10.0,0.001,0.02,0.18680306494463622,0.18643011356476477,0.0023011574520405017,0.4671467601551371,0.8333333333333333,0.9955310861599411
random_critical_line,BR,10.0,0.001,0.05,0.4096555161577126,0.40936382131438387,0.0021601636813077295,0.4717403389186353,0.6666666666666665,0.9958206225744355
random_critical_line,BR,10.0,0.002,-0.05,0.41592979208242553,0.41485940871976446,0.005329057152120459,0.44823200478233527,0.6666666666666666,0.9896035510915878
random_critical_line,BR,10.0,0.002,-0.02,0.19210008369922132,0.19109713103312292,0.0049868795944596955,0.45780801354462436,0.8333333333333333,0.9902811080251009
random_critical_line,BR,10.0,0.002,-0.01,0.10487086582514274,0.10388916067637129,0.004879352069421723,0.46054414324614007,0.909090909090909,0.9904963443157427
random_critical_line,BR,10.0,0.002,-0.005,0.058243894707854425,0.05728961876695145,0.004826758101076754,0.4618124809568108,0.9523809523809523,0.9906020431204021
random_critical_line,BR,10.0,0.002,-0.002,0.02919280405310911,0.02826733478157411,0.004795569252900275,0.46254060881112197,0.980392156862745,0.9906648570683798
random_critical_line,BR,10.0,0.002,0.0,0.009348063576100994,0.008441628934318074,0.004774928272931704,0.4630122710470371,1.0,0.9907064828363884
random_critical_line,BR,10.0,0.002,0.002,0.02910878131765931,0.02822124638248079,0.004754407698600708,0.46347295813370515,0.980392156862745,0.9907479095728411
random_critical_line,BR,10.0,0.002,0.005,0.058033833460815754,0.05717439683663469,0.004723850990947037,0.464143565565413,0.9523809523809523,0.9908096785927187
random_critical_line,BR,10.0,0.002,0.01,0.10445071184149819,0.1036374422828856,0.004673514817159795,0.465207804087653,0.909090909090909,0.9909116453408391
random_critical_line,BR,10.0,0.002,0.02,0.1912595237874266,0.19052186930956994,0.004575020811689631,0.4671467601551371,0.8333333333333333,0.9911119507416567
random_critical_line,BR,10.0,0.002,0.05,0.41382398014109895,0.4132474114202559,0.004296182835441775,0.4717403389186353,0.6666666666666665,0.9916848720818707
random_critical_line,BR,10.0,0.005,-0.05,0.43137540587066614,0.42878781304245367,0.013057355519144841,0.44823200478233527,0.6666666666666666,0.9745030654286596
random_critical_line,BR,10.0,0.005,-0.02,0.2065479652609846,0.20411817206447347,0.012232873776407605,0.45780801354462436,0.8333333333333333,0.9761355433959873
random_critical_line,BR,10.0,0.005,-0.01,0.11900153559348714,0.11662156968767835,0.01197348340729242,0.46054414324614007,0.909090909090909,0.9766549963277198
random_critical_line,BR,10.0,0.005,-0.005,0.07221874023085159,0.06990498263743,0.011846557193778183,0.4618124809568108,0.9523809523809523,0.9769102443165887
random_critical_line,BR,10.0,0.005,-0.002,0.043075032762601564,0.040831665354259326,0.011771271951983851,0.46254060881112197,0.980392156862745,0.9770619792409816
random_critical_line,BR,10.0,0.005,0.0,0.02316891062765133,0.020972061459897242,0.011721440930628501,0.4630122710470371,1.0,0.977162551155463
random_critical_line,BR,10.0,0.005,0.002,0.04286853543990746,0.04071787983631259,0.011671895240884005,0.46347295813370515,0.980392156862745,0.9772626577634705
random_critical_line,BR,10.0,0.005,0.005,0.07170248661107623,0.06962051661564292,0.011598108013197828,0.464143565565413,0.9523809523809523,0.9774119498058317
random_critical_line,BR,10.0,0.005,0.01,0.11796895468770671,0.11599986330766997,0.011476532167575038,0.465207804087653,0.909090909090909,0.9776584728999926
random_critical_line,BR,10.0,0.005,0.02,0.20448221406778302,0.2026978136332615,0.011238548231216861,0.4671467601551371,0.8333333333333333,0.9781430213152229
random_critical_line,BR,10.0,0.005,0.05,0.4262007079081406,0.4248087829932116,0.01056413382743293,0.4717403389186353,0.6666666666666665,0.9795309465115993
random_critical_line,BR,20.0,0.001,-0.05,0.6983966576997751,0.6978553536274195,0.0026827975155838913,0.44823200478233527,0.5000000000000001,0.9947677638262112
random_critical_line,BR,20.0,0.001,-0.02,0.34137646988468595,0.34086963836870804,0.0025095463089978795,0.45780801354462436,0.7142857142857141,0.9951108247883218
random_critical_line,BR,20.0,0.001,-0.01,0.18711621406132445,0.1866202370592711,0.0024551252365253642,0.46054414324614007,0.8333333333333333,0.9952197401137151
random_critical_line,BR,20.0,0.001,-0.005,0.10005104307531076,0.099568934997579,0.0024285106439184984,0.4618124809568108,0.909090909090909,0.9952732154211438
random_critical_line,BR,20.0,0.001,-0.002,0.0439296133595081,0.04346202104122151,0.0024127290864100702,0.46254060881112197,0.9615384615384615,0.9953049908898514
random_critical_line,BR,20.0,0.001,0.0,0.004687720966749849,0.004229719797191498,0.002402285247380023,0.4630122710470371,1.0,0.9953260465477947
random_critical_line,BR,20.0,0.001,0.002,0.04388735785372572,0.04343887949002491,0.0023919027235879357,0.46347295813370515,0.9615384615384615,0.9953470004048549
random_critical_line,BR,20.0,0.001,0.005,0.09994540205660422,0.09951108064606776,0.002376443076853297,0.464143565565413,0.909090909090909,0.9953782414121036
random_critical_line,BR,20.0,0.001,0.01,0.18690491592163033,0.18649385343658603,0.002350978244780071,0.465207804087653,0.8333333333333333,0.995429807835019
random_critical_line,BR,20.0,0.001,0.02,0.3409537447716947,0.34058079339182323,0.0023011574520405004,0.4671467601551371,0.7142857142857141,0.9955310861599411
random_critical_line,BR,20.0,0.001,0.05,0.6973375886089938,0.697045893765665,0.0021601636813077165,0.4717403389186353,0.49999999999999983,0.9958206225744355
random_critical_line,BR,20.0,0.002,-0.05,0.7036118645337062,0.7025414811710451,0.005329057152120472,0.44823200478233527,0.5000000000000001,0.9896035510915878
random_critical_line,BR,20.0,0.002,-0.02,0.3462507635262798,0.3452478108601814,0.004986879594459709,0.45780801354462436,0.7142857142857141,0.9902811080251009
random_critical_line,BR,20.0,0.002,-0.01,0.19188224281467256,0.19090053766590112,0.004879352069421728,0.46054414324614007,0.8333333333333333,0.9904963443157427
random_critical_line,BR,20.0,0.002,-0.005,0.10476391034269725,0.10380963440179428,0.0048267581010767524,0.4618124809568108,0.909090909090909,0.9906020431204021
random_critical_line,BR,20.0,0.002,-0.002,0.04861088991019075,0.04768542063865574,0.004795569252900274,0.46254060881112197,0.9615384615384615,0.9906648570683798
random_critical_line,BR,20.0,0.002,0.0,0.009348063576100994,0.008441628934318074,0.004774928272931704,0.4630122710470371,1.0,0.9907064828363884
random_critical_line,BR,20.0,0.002,0.002,0.04852686717474094,0.04763933223956242,0.004754407698600708,0.46347295813370515,0.9615384615384615,0.9907479095728411
random_critical_line,BR,20.0,0.002,0.005,0.10455384909565857,0.10369441247147751,0.004723850990947034,0.464143565565413,0.909090909090909,0.9908096785927187
random_critical_line,BR,20.0,0.002,0.01,0.19146208883102803,0.19064881927241545,0.00467351481715981,0.465207804087653,0.8333333333333333,0.9909116453408391
random_critical_line,BR,20.0,0.002,0.02,0.3454102036144851,0.34467254913662837,0.004575020811689629,0.4671467601551371,0.7142857142857141,0.9911119507416567
random_critical_line,BR,20.0,0.002,0.05,0.7015060525923801,0.7009294838715371,0.004296182835441768,0.4717403389186353,0.49999999999999983,0.9916848720818707
random_critical_line,BR,20.0,0.005,-0.05,0.7190574783219468,0.7164698854937344,0.013057355519144817,0.44823200478233527,0.5000000000000001,0.9745030654286596
random_critical_line,BR,20.0,0.005,-0.02,0.36069864508804306,0.35826885189153196,0.01223287377640759,0.45780801354462436,0.7142857142857141,0.9761355433959873
random_critical_line,BR,20.0,0.005,-0.01,0.20601291258301696,0.2036329466772082,0.011973483407292413,0.46054414324614007,0.8333333333333333,0.9766549963277198
random_critical_line,BR,20.0,0.005,-0.005,0.11873875586569442,0.11642499827227284,0.01184655719377818,0.4618124809568108,0.909090909090909,0.9769102443165887
random_critical_line,BR,20.0,0.005,-0.002,0.062493118619683194,0.060249751211340956,0.01177127195198385,0.46254060881112197,0.9615384615384615,0.9770619792409816
random_critical_line,BR,20.0,0.005,0.0,0.02316891062765133,0.020972061459897242,0.011721440930628501,0.4630122710470371,1.0,0.977162551155463
random_critical_line,BR,20.0,0.005,0.002,0.062286621296989086,0.060135965693394224,0.011671895240884009,0.46347295813370515,0.9615384615384615,0.9772626577634705
random_critical_line,BR,20.0,0.005,0.005,0.11822250224591906,0.11614053225048573,0.011598108013197828,0.464143565565413,0.909090909090909,0.9774119498058317
random_critical_line,BR,20.0,0.005,0.01,0.20498033167723656,0.2030112402971998,0.011476532167575035,0.465207804087653,0.8333333333333333,0.9776584728999926
random_critical_line,BR,20.0,0.005,0.02,0.3586328938948415,0.35684849346032,0.011238548231216873,0.4671467601551371,0.7142857142857141,0.9781430213152229
random_critical_line,BR,20.0,0.005,0.05,0.7138827803594217,0.7124908554444926,0.010564133827432912,0.4717403389186353,0.49999999999999983,0.9795309465115993
random_critical_line,HBR,0.0,0.001,-0.05,0.8911570131935772,0.8983995249325567,0.4124360583447214,0.44823200478233527,1.0,0.9947677638262112
random_critical_line,HBR,0.0,0.001,-0.02,0.868838342039283,0.8721958793638614,0.40978076330086916,0.45780801354462436,1.0,0.9951108247883218
random_critical_line,HBR,0.0,0.001,-0.01,0.8621523340672477,0.8639330110111809,0.40816764687882723,0.46054414324614007,1.0,0.9952197401137151
random_critical_line,HBR,0.0,0.001,-0.005,0.8589628539845444,0.8598884030736929,0.4071975221815201,0.4618124809568108,1.0,0.9952732154211438
random_critical_line,HBR,0.0,0.001,-0.002,0.8570989561022907,0.8574892021566923,0.4065613768642736,0.46254060881112197,1.0,0.9953049908898514
random_critical_line,HBR,0.0,0.001,0.0,0.855877088277782,0.8559011674727058,0.4061146840500488,0.4630122710470371,1.0,0.9953260465477947
random_critical_line,HBR,0.0,0.001,0.002,0.8546717324956953,0.8543222491295457,0.4056500046092781,0.46347295813370515,1.0,0.9953470004048549
random_critical_line,HBR,0.0,0.001,0.005,0.8528944216384453,0.8519709083515459,0.40491963060695096,0.464143565565413,1.0,0.9953782414121036
random_critical_line,HBR,0.0,0.001,0.01,0.8500128216575676,0.8480972205642631,0.4036156741588928,0.465207804087653,1.0,0.995429807835019
random_critical_line,HBR,0.0,0.001,0.02,0.8445386812611112,0.8405178935524865,0.4007061509310764,0.4671467601551371,1.0,0.9955310861599411
random_critical_line,HBR,0.0,0.001,0.05,0.8300888105815465,0.8190928203827856,0.3901756814284731,0.4717403389186353,1.0,0.9958206225744355
random_critical_line,HBR,0.0,0.002,-0.05,0.8963722200275083,0.9032535128188738,0.4140898622003569,0.44823200478233527,1.0,0.9896035510915878
random_critical_line,HBR,0.0,0.002,-0.02,0.8737126356808769,0.8766270556112721,0.4113220729403654,0.45780801354462436,1.0,0.9902811080251009
random_critical_line,HBR,0.0,0.002,-0.01,0.8669183628205959,0.8682311090065316,0.4096761890132582,0.46054414324614007,1.0,0.9904963443157427
random_critical_line,HBR,0.0,0.002,-0.005,0.8636757212519308,0.8641213756402423,0.4086905955877967,0.4618124809568108,1.0,0.9906020431204021
random_critical_line,HBR,0.0,0.002,-0.002,0.8617802326529732,0.8616835444294636,0.4080454586017445,0.46254060881112197,1.0,0.9906648570683798
random_critical_line,HBR,0.0,0.002,0.0,0.8605374308871332,0.8600699399230483,0.4075928900195315,0.4630122710470371,1.0,0.9907064828363884
random_critical_line,HBR,0.0,0.002,0.002,0.8593112418167106,0.8584655977814095,0.40712242819698224,0.46347295813370515,1.0,0.9907479095728411
random_critical_line,HBR,0.0,0.002,0.005,0.8575028686774996,0.8560763933471267,0.4063835521172438,0.464143565565413,1.0,0.9908096785927187
random_critical_line,HBR,0.0,0.002,0.01,0.8545699945669654,0.8521403182833214,0.40506586629143343,0.465207804087653,1.0,0.9909116453408391
random_critical_line,HBR,0.0,0.002,0.02,0.8489951401039016,0.8444388681479068,0.4021304015616202,0.4671467601551371,1.0,0.9911119507416567
random_critical_line,HBR,0.0,0.002,0.05,0.8342572745649328,0.822667782148579,0.39153134866892464,0.4717403389186353,1.0,0.9916848720818707
random_critical_line,HBR,0.0,0.005,-0.05,0.9118178338157488,0.9161575566441607,0.4189736412246706,0.44823200478233527,1.0,0.9745030654286596
random_critical_line,HBR,0.0,0.005,-0.02,0.8881605172426402,0.8898009789001798,0.4158785784669228,0.45780801354462436,1.0,0.9761355433959873
random_critical_line,HBR,0.0,0.005,-0.01,0.8810490325889402,0.8810129377714407,0.4141373047630854,0.46054414324614007,1.0,0.9766549963277198
random_critical_line,HBR,0.0,0.005,-0.005,0.877650566774928,0.8767112422212138,0.41310667360382824,0.4618124809568108,1.0,0.9769102443165887
random_critical_line,HBR,0.0,0.005,-0.002,0.8756624613624657,0.8741595203686092,0.41243535553225347,0.46254060881112197,1.0,0.9770619792409816
random_critical_line,HBR,0.0,0.005,0.0,0.8743582779386834,0.8724705201785805,0.41196567792462724,0.4630122710470371,1.0,0.977162551155463
random_critical_line,HBR,0.0,0.005,0.002,0.8730709959389588,0.870791204868701,0.4114783786366167,0.46347295813370515,1.0,0.9772626577634705
random_critical_line,HBR,0.0,0.005,0.005,0.87117152182776,0.8682903280280595,0.4107147451455148,0.464143565565413,1.0,0.9774119498058317
random_critical_line,HBR,0.0,0.005,0.01,0.868088237413174,0.8641702134580185,0.40935707914028424,0.465207804087653,1.0,0.9776584728999926
random_critical_line,HBR,0.0,0.005,0.02,0.8622178303842581,0.8561083658871966,0.40634606877948876,0.4671467601551371,1.0,0.9781430213152229
random_critical_line,HBR,0.0,0.005,0.05,0.8466340023319745,0.8333151549818772,0.3955472615441798,0.4717403389186353,1.0,0.9795309465115993
random_critical_line,HBR,2.0,0.001,-0.05,0.9864671929978022,0.9937097047367817,0.41243605834472147,0.44823200478233527,0.909090909090909,0.9947677638262112
random_critical_line,HBR,2.0,0.001,-0.02,0.9080590551925246,0.9114165925171029,0.40978076330086916,0.45780801354462436,0.9615384615384615,0.9951108247883218
random_critical_line,HBR,2.0,0.001,-0.01,0.8819549613634076,0.8837356383073407,0.4081676468788271,0.46054414324614007,0.980392156862745,0.9952197401137151
random_critical_line,HBR,2.0,0.001,-0.005,0.8689131848377025,0.8698387339268511,0.40719752218152006,0.4618124809568108,0.9900990099009901,0.9952732154211438
random_critical_line,HBR,2.0,0.001,-0.002,0.8610909773718243,0.8614812234262259,0.4065613768642736,0.46254060881112197,0.9960159362549801,0.9953049908898514
random_critical_line,HBR,2.0,0.001,0.0,0.855877088277782,0.8559011674727058,0.4061146840500488,0.4630122710470371,1.0,0.9953260465477947
random_critical_line,HBR,2.0,0.001,0.002,0.8586637537652289,0.8583142703990793,0.4056500046092781,0.46347295813370515,0.9960159362549801,0.9953470004048549
random_critical_line,HBR,2.0,0.001,0.005,0.8628447524916034,0.8619212392047042,0.4049196306069509,0.464143565565413,0.9900990099009901,0.9953782414121036
random_critical_line,HBR,2.0,0.001,0.01,0.8698154489537275,0.867899847860423,0.40361567415889277,0.465207804087653,0.980392156862745,0.995429807835019
random_critical_line,HBR,2.0,0.001,0.02,0.8837593944143528,0.879738606705728,0.4007061509310765,0.4671467601551371,0.9615384615384615,0.9955310861599411
random_critical_line,HBR,2.0,0.001,0.05,0.9253989903857714,0.9144030001870106,0.39017568142847314,0.4717403389186353,0.909090909090909,0.9958206225744355
random_critical_line,HBR,2.0,0.002,-0.05,0.9916823998317332,0.9985636926230987,0.4140898622003569,0.44823200478233527,0.909090909090909,0.9896035510915878
random_critical_line,HBR,2.0,0.002,-0.02,0.9129333488341185,0.9158477687645137,0.4113220729403655,0.45780801354462436,0.9615384615384615,0.9902811080251009
random_critical_line,HBR,2.0,0.002,-0.01,0.8867209901167555,0.8880337363026916,0.40967618901325814,0.46054414324614007,0.980392156862745,0.9904963443157427
random_critical_line,HBR,2.0,0.002,-0.005,0.8736260521050891,0.8740717064934005,0.40869059558779663,0.4618124809568108,0.9900990099009901,0.9906020431204021
random_critical_line,HBR,2.0,0.002,-0.002,0.8657722539225068,0.8656755656989972,0.40804545860174446,0.46254060881112197,0.9960159362549801,0.9906648570683798
random_critical_line,HBR,2.0,0.002,0.0,0.8605374308871332,0.8600699399230483,0.4075928900195315,0.4630122710470371,1.0,0.9907064828363884
random_critical_line,HBR,2.0,0.002,0.002,0.8633032630862442,0.8624576190509432,0.40712242819698224,0.46347295813370515,0.9960159362549801,0.9907479095728411
random_critical_line,HBR,2.0,0.002,0.005,0.8674531995306578,0.8660267242002849,0.4063835521172438,0.464143565565413,0.9900990099009901,0.9908096785927187
random_critical_line,HBR,2.0,0.002,0.01,0.8743726218631253,0.8719429455794812,0.40506586629143343,0.465207804087653,0.980392156862745,0.9909116453408391
random_critical_line,HBR,2.0,0.002,0.02,0.8882158532571433,0.8836595813011483,0.4021304015616202,0.4671467601551371,0.9615384615384615,0.9911119507416567
random_critical_line,HBR,2.0,0.002,0.05,0.9295674543691579,0.917977961952804,0.39153134866892464,0.4717403389186353,0.909090909090909,0.9916848720818707
random_critical_line,HBR,2.0,0.005,-0.05,1.0071280136199738,1.0114677364483857,0.4189736412246706,0.44823200478233527,0.909090909090909,0.9745030654286596
random_critical_line,HBR,2.0,0.005,-0.02,0.9273812303958817,0.9290216920534213,0.41587857846692283,0.45780801354462436,0.9615384615384615,0.9761355433959873
random_critical_line,HBR,2.0,0.005,-0.01,0.9008516598851001,0.9008155650676006,0.41413730476308536,0.46054414324614007,0.980392156862745,0.9766549963277198
random_critical_line,HBR,2.0,0.005,-0.005,0.8876008976280862,0.886661573074372,0.4131066736038282,0.4618124809568108,0.9900990099009901,0.9769102443165887
random_critical_line,HBR,2.0,0.005,-0.002,0.8796544826319993,0.8781515416381429,0.41243535553225347,0.46254060881112197,0.9960159362549801,0.9770619792409816
random_critical_line,HBR,2.0,0.005,0.0,0.8743582779386834,0.8724705201785805,0.41196567792462724,0.4630122710470371,1.0,0.977162551155463
random_critical_line,HBR,2.0,0.005,0.002,0.8770630172084923,0.8747832261382344,0.4114783786366167,0.46347295813370515,0.9960159362549801,0.9772626577634705
random_critical_line,HBR,2.0,0.005,0.005,0.8811218526809184,0.8782406588812177,0.4107147451455148,0.464143565565413,0.9900990099009901,0.9774119498058317
random_critical_line,HBR,2.0,0.005,0.01,0.8878908647093336,0.8839728407541783,0.4093570791402842,0.465207804087653,0.980392156862745,0.9776584728999926
random_critical_line,HBR,2.0,0.005,0.02,0.9014385435374995,0.895329079040438,0.40634606877948876,0.4671467601551371,0.9615384615384615,0.9781430213152229
random_critical_line,HBR,2.0,0.005,0.05,0.9419441821361995,0.9286253347861022,0.39554726154417985,0.4717403389186353,0.909090909090909,0.9795309465115993
random_critical_line,HBR,5.0,0.001,-0.05,1.114300564507537,1.1215430762465166,0.41243605834472136,0.44823200478233527,0.8,0.9947677638262112
random_critical_line,HBR,5.0,0.001,-0.02,0.9641485218435081,0.9675060591680864,0.40978076330086916,0.45780801354462436,0.909090909090909,0.9951108247883218
random_critical_line,HBR,5.0,0.001,-0.01,0.9109424982366299,0.9127231751805631,0.40816764687882723,0.46054414324614007,0.9523809523809523,0.9952197401137151
random_critical_line,HBR,5.0,0.001,-0.005,0.883655466574891,0.8845810156640393,0.4071975221815201,0.4618124809568108,0.9756097560975612,0.9952732154211438
random_critical_line,HBR,5.0,0.001,-0.002,0.8670492869554488,0.8674395330098505,0.4065613768642736,0.46254060881112197,0.9900990099009901,0.9953049908898514
random_critical_line,HBR,5.0,0.001,0.0,0.855877088277782,0.8559011674727058,0.4061146840500488,0.4630122710470371,1.0,0.9953260465477947
random_critical_line,HBR,5.0,0.001,0.002,0.8646220633488536,0.8642725799827039,0.4056500046092781,0.46347295813370515,0.9900990099009901,0.9953470004048549
random_critical_line,HBR,5.0,0.001,0.005,0.8775870342287918,0.8766635209418925,0.40491963060695096,0.464143565565413,0.9756097560975612,0.9953782414121036
random_critical_line,HBR,5.0,0.001,0.01,0.89880298582695,0.8968873847336453,0.4036156741588929,0.465207804087653,0.9523809523809523,0.995429807835019
random_critical_line,HBR,5.0,0.001,0.02,0.9398488610653363,0.9358280733567115,0.4007061509310765,0.4671467601551371,0.909090909090909,0.9955310861599411
random_critical_line,HBR,5.0,0.001,0.05,1.0532323618955066,1.0422363716967458,0.3901756814284731,0.4717403389186353,0.7999999999999998,0.9958206225744355
random_critical_line,HBR,5.0,0.002,-0.05,1.119515771341468,1.1263970641328336,0.4140898622003568,0.44823200478233527,0.8,0.9896035510915878
random_critical_line,HBR,5.0,0.002,-0.02,0.9690228154851018,0.9719372354154971,0.4113220729403655,0.45780801354462436,0.909090909090909,0.9902811080251009
random_critical_line,HBR,5.0,0.002,-0.01,0.915708526989978,0.9170212731759138,0.4096761890132582,0.46054414324614007,0.9523809523809523,0.9904963443157427
random_critical_line,HBR,5.0,0.002,-0.005,0.8883683338422774,0.8888139882305888,0.4086905955877967,0.4618124809568108,0.9756097560975612,0.9906020431204021
random_critical_line,HBR,5.0,0.002,-0.002,0.8717305635061315,0.8716338752826218,0.40804545860174446,0.46254060881112197,0.9900990099009901,0.9906648570683798
random_critical_line,HBR,5.0,0.002,0.0,0.8605374308871332,0.8600699399230483,0.4075928900195315,0.4630122710470371,1.0,0.9907064828363884
random_critical_line,HBR,5.0,0.002,0.002,0.8692615726698687,0.8684159286345678,0.40712242819698224,0.46347295813370515,0.9900990099009901,0.9907479095728411
random_critical_line,HBR,5.0,0.002,0.005,0.8821954812678461,0.8807690059374732,0.4063835521172438,0.464143565565413,0.9756097560975612,0.9908096785927187
random_critical_line,HBR,5.0,0.002,0.01,0.9033601587363476,0.9009304824527036,0.40506586629143343,0.465207804087653,0.9523809523809523,0.9909116453408391
random_critical_line,HBR,5.0,0.002,0.02,0.9443053199081266,0.9397490479521318,0.4021304015616202,0.4671467601551371,0.909090909090909,0.9911119507416567
random_critical_line,HBR,5.0,0.002,0.05,1.057400825878893,1.045811333462539,0.39153134866892464,0.4717403389186353,0.7999999999999998,0.9916848720818707
random_critical_line,HBR,5.0,0.005,-0.05,1.1349613851297087,1.1393011079581206,0.4189736412246706,0.44823200478233527,0.8,0.9745030654286596
random_critical_line,HBR,5.0,0.005,-0.02,0.9834706970468652,0.9851111587044048,0.41587857846692283,0.45780801354462436,0.909090909090909,0.9761355433959873
random_critical_line,HBR,5.0,0.005,-0.01,0.9298391967583225,0.9298031019408229,0.4141373047630854,0.46054414324614007,0.9523809523809523,0.9766549963277198
random_critical_line,HBR,5.0,0.005,-0.005,0.9023431793652745,0.9014038548115603,0.4131066736038283,0.4618124809568108,0.9756097560975612,0.9769102443165887
random_critical_line,HBR,5.0,0.005,-0.002,0.8856127922156241,0.8841098512217676,0.41243535553225347,0.46254060881112197,0.9900990099009901,0.9770619792409816
random_critical_line,HBR,5.0,0.005,0.0,0.8743582779386834,0.8724705201785805,0.41196567792462724,0.4630122710470371,1.0,0.977162551155463
random_critical_line,HBR,5.0,0.005,0.002,0.8830213267921169,0.8807415357218591,0.4114783786366167,0.46347295813370515,0.9900990099009901,0.9772626577634705
random_critical_line,HBR,5.0,0.005,0.005,0.8958641344181066,0.892982940618406,0.41071474514551487,0.464143565565413,0.9756097560975612,0.9774119498058317
random_critical_line,HBR,5.0,0.005,0.01,0.916878401582556,0.9129603776274007,0.40935707914028424,0.465207804087653,0.9523809523809523,0.9776584728999926
random_critical_line,HBR,5.0,0.005,0.02,0.9575280101884831,0.9514185456914215,0.4063460687794887,0.4671467601551371,0.909090909090909,0.9781430213152229
random_critical_line,HBR,5.0,0.005,0.05,1.0697775536459346,1.0564587062958375,0.3955472615441798,0.4717403389186353,0.7999999999999998,0.9795309465115993
random_critical_line,HBR,10.0,0.001,-0.05,1.2966221213012417,1.3038646330402215,0.4124360583447214,0.44823200478233527,0.6666666666666666,0.9947677638262112
random_critical_line,HBR,10.0,0.001,-0.02,1.051159898833038,1.0545174361576162,0.40978076330086916,0.45780801354462436,0.8333333333333333,0.9951108247883218
random_critical_line,HBR,10.0,0.001,-0.01,0.9574625138714726,0.9592431908154058,0.40816764687882723,0.46054414324614007,0.909090909090909,0.9952197401137151
random_critical_line,HBR,10.0,0.001,-0.005,0.9077530181539266,0.908678567243075,0.4071975221815201,0.4618124809568108,0.9523809523809523,0.9952732154211438
random_critical_line,HBR,10.0,0.001,-0.002,0.8769015833984506,0.8772918294528522,0.4065613768642736,0.46254060881112197,0.980392156862745,0.9953049908898514
random_critical_line,HBR,10.0,0.001,0.0,0.855877088277782,0.8559011674727058,0.4061146840500488,0.4630122710470371,1.0,0.9953260465477947
random_critical_line,HBR,10.0,0.001,0.002,0.8744743597918552,0.8741248764257056,0.4056500046092781,0.46347295813370515,0.980392156862745,0.9953470004048549
random_critical_line,HBR,10.0,0.001,0.005,0.9016845858078275,0.9007610725209281,0.40491963060695096,0.464143565565413,0.9523809523809523,0.9953782414121036
random_critical_line,HBR,10.0,0.001,0.01,0.9453230014617926,0.943407400368488,0.4036156741588929,0.465207804087653,0.909090909090909,0.995429807835019
random_critical_line,HBR,10.0,0.001,0.02,1.0268602380548661,1.0228394503462412,0.4007061509310764,0.4671467601551371,0.8333333333333333,0.9955310861599411
random_critical_line,HBR,10.0,0.001,0.05,1.2355539186892113,1.2245579284904504,0.39017568142847325,0.4717403389186353,0.6666666666666665,0.9958206225744355
random_critical_line,HBR,10.0,0.002,-0.05,1.3018373281351727,1.3087186209265385,0.4140898622003568,0.44823200478233527,0.6666666666666666,0.9896035510915878
random_critical_line,HBR,10.0,0.002,-0.02,1.0560341924746317,1.0589486124050271,0.4113220729403654,0.45780801354462436,0.8333333333333333,0.9902811080251009
random_critical_line,HBR,10.0,0.002,-0.01,0.9622285426248208,0.9635412888107566,0.4096761890132583,0.46054414324614007,0.909090909090909,0.9904963443157427
random_critical_line,HBR,10.0,0.002,-0.005,0.912465885421313,0.9129115398096245,0.4086905955877967,0.4618124809568108,0.9523809523809523,0.9906020431204021
random_critical_line,HBR,10.0,0.002,-0.002,0.8815828599491331,0.8814861717256235,0.40804545860174446,0.46254060881112197,0.980392156862745,0.9906648570683798
random_critical_line,HBR,10.0,0.002,0.0,0.8605374308871332,0.8600699399230483,0.4075928900195315,0.4630122710470371,1.0,0.9907064828363884
random_critical_line,HBR,10.0,0.002,0.002,0.8791138691128705,0.8782682250775695,0.40712242819698224,0.46347295813370515,0.980392156862745,0.9907479095728411
random_critical_line,HBR,10.0,0.002,0.005,0.9062930328468818,0.9048665575165089,0.4063835521172438,0.464143565565413,0.9523809523809523,0.9908096785927187
random_critical_line,HBR,10.0,0.002,0.01,0.9498801743711903,0.9474504980875462,0.40506586629143343,0.465207804087653,0.909090909090909,0.9909116453408391
random_critical_line,HBR,10.0,0.002,0.02,1.0313166968976566,1.0267604249416618,0.4021304015616203,0.4671467601551371,0.8333333333333333,0.9911119507416567
random_critical_line,HBR,10.0,0.002,0.05,1.2397223826725976,1.2281328902562438,0.39153134866892464,0.4717403389186353,0.6666666666666665,0.9916848720818707
random_critical_line,HBR,10.0,0.005,-0.05,1.3172829419234133,1.3216226647518252,0.4189736412246706,0.44823200478233527,0.6666666666666666,0.9745030654286596
random_critical_line,HBR,10.0,0.005,-0.02,1.070482074036395,1.0721225356939348,0.41587857846692283,0.45780801354462436,0.8333333333333333,0.9761355433959873
random_critical_line,HBR,10.0,0.005,-0.01,0.9763592123931651,0.9763231175756657,0.4141373047630854,0.46054414324614007,0.909090909090909,0.9766549963277198
random_critical_line,HBR,10.0,0.005,-0.005,0.9264407309443102,0.925501406390596,0.41310667360382824,0.4618124809568108,0.9523809523809523,0.9769102443165887
random_critical_line,HBR,10.0,0.005,-0.002,0.8954650886586256,0.8939621476647692,0.41243535553225347,0.46254060881112197,0.980392156862745,0.9770619792409816
random_critical_line,HBR,10.0,0.005,0.0,0.8743582779386834,0.8724705201785805,0.41196567792462724,0.4630122710470371,1.0,0.977162551155463
random_critical_line,HBR,10.0,0.005,0.002,0.8928736232351187,0.8905938321648608,0.4114783786366167,0.46347295813370515,0.980392156862745,0.9772626577634705
random_critical_line,HBR,10.0,0.005,0.005,0.9199616859971422,0.9170804921974417,0.4107147451455148,0.464143565565413,0.9523809523809523,0.9774119498058317
random_critical_line,HBR,10.0,0.005,0.01,0.9633984172173988,0.9594803932622433,0.40935707914028424,0.465207804087653,0.909090909090909,0.9776584728999926
random_critical_line,HBR,10.0,0.005,0.02,1.0445393871780129,1.0384299226809515,0.40634606877948876,0.4671467601551371,0.8333333333333333,0.9781430213152229
random_critical_line,HBR,10.0,0.005,0.05,1.2520991104396393,1.238780263089542,0.39554726154417985,0.4717403389186353,0.6666666666666665,0.9795309465115993
random_critical_line,HBR,20.0,0.001,-0.05,1.5843041937525224,1.591546705491502,0.41243605834472136,0.44823200478233527,0.5000000000000001,0.9947677638262112
random_critical_line,HBR,20.0,0.001,-0.02,1.2053105786600962,1.2086681159846746,0.40978076330086916,0.45780801354462436,0.7142857142857141,0.9951108247883218
random_critical_line,HBR,20.0,0.001,-0.01,1.0444738908610025,1.0462545678049355,0.40816764687882723,0.46054414324614007,0.8333333333333333,0.9952197401137151
random_critical_line,HBR,20.0,0.001,-0.005,0.9542730337887694,0.9551985828779178,0.4071975221815201,0.4618124809568108,0.909090909090909,0.9952732154211438
random_critical_line,HBR,20.0,0.001,-0.002,0.8963196692555322,0.8967099153099338,0.4065613768642737,0.46254060881112197,0.9615384615384615,0.9953049908898514
random_critical_line,HBR,20.0,0.001,0.0,0.855877088277782,0.8559011674727058,0.4061146840500488,0.4630122710470371,1.0,0.9953260465477947
random_critical_line,HBR,20.0,0.001,0.002,0.8938924456489369,0.8935429622827872,0.4056500046092781,0.46347295813370515,0.9615384615384615,0.9953470004048549
random_critical_line,HBR,20.0,0.001,0.005,0.9482046014426702,0.947281088155771,0.40491963060695096,0.464143565565413,0.909090909090909,0.9953782414121036
random_critical_line,HBR,20.0,0.001,0.01,1.0323343784513226,1.030418777358018,0.4036156741588929,0.465207804087653,0.8333333333333333,0.995429807835019
random_critical_line,HBR,20.0,0.001,0.02,1.1810109178819244,1.1769901301732997,0.40070615093107637,0.4671467601551371,0.7142857142857141,0.9955310861599411
random_critical_line,HBR,20.0,0.001,0.05,1.5232359911404925,1.5122400009417314,0.3901756814284732,0.4717403389186353,0.49999999999999983,0.9958206225744355
random_critical_line,HBR,20.0,0.002,-0.05,1.5895194005864535,1.5964006933778192,0.4140898622003568,0.44823200478233527,0.5000000000000001,0.9896035510915878
random_critical_line,HBR,20.0,0.002,-0.02,1.2101848723016901,1.2130992922320853,0.4113220729403653,0.45780801354462436,0.7142857142857141,0.9902811080251009
random_critical_line,HBR,20.0,0.002,-0.01,1.0492399196143505,1.0505526658002864,0.40967618901325814,0.46054414324614007,0.8333333333333333,0.9904963443157427
random_critical_line,HBR,20.0,0.002,-0.005,0.9589859010561559,0.9594315554444672,0.4086905955877967,0.4618124809568108,0.909090909090909,0.9906020431204021
random_critical_line,HBR,20.0,0.002,-0.002,0.9010009458062148,0.9009042575827051,0.4080454586017445,0.46254060881112197,0.9615384615384615,0.9906648570683798
random_critical_line,HBR,20.0,0.002,0.0,0.8605374308871332,0.8600699399230483,0.4075928900195315,0.4630122710470371,1.0,0.9907064828363884
random_critical_line,HBR,20.0,0.002,0.002,0.8985319549699522,0.8976863109346511,0.40712242819698224,0.46347295813370515,0.9615384615384615,0.9907479095728411
random_critical_line,HBR,20.0,0.002,0.005,0.9528130484817247,0.9513865731513517,0.4063835521172438,0.464143565565413,0.909090909090909,0.9908096785927187
random_critical_line,HBR,20.0,0.002,0.01,1.0368915513607202,1.0344618750770762,0.40506586629143343,0.465207804087653,0.8333333333333333,0.9909116453408391
random_critical_line,HBR,20.0,0.002,0.02,1.185467376724715,1.1809111047687202,0.4021304015616201,0.4671467601551371,0.7142857142857141,0.9911119507416567
random_critical_line,HBR,20.0,0.002,0.05,1.5274044551238786,1.5158149627075248,0.3915313486689246,0.4717403389186353,0.49999999999999983,0.9916848720818707
random_critical_line,HBR,20.0,0.005,-0.05,1.604965014374694,1.609304737203106,0.4189736412246706,0.44823200478233527,0.5000000000000001,0.9745030654286596
random_critical_line,HBR,20.0,0.005,-0.02,1.2246327538634536,1.226273215520993,0.4158785784669228,0.45780801354462436,0.7142857142857141,0.9761355433959873
random_critical_line,HBR,20.0,0.005,-0.01,1.063370589382695,1.0633344945651957,0.41413730476308547,0.46054414324614007,0.8333333333333333,0.9766549963277198
random_critical_line,HBR,20.0,0.005,-0.005,0.9729607465791531,0.9720214220254387,0.4131066736038283,0.4618124809568108,0.909090909090909,0.9769102443165887
random_critical_line,HBR,20.0,0.005,-0.002,0.9148831745157073,0.9133802335218508,0.4124353555322535,0.46254060881112197,0.9615384615384615,0.9770619792409816
random_critical_line,HBR,20.0,0.005,0.0,0.8743582779386834,0.8724705201785805,0.41196567792462724,0.4630122710470371,1.0,0.977162551155463
random_critical_line,HBR,20.0,0.005,0.002,0.9122917090922004,0.9100119180219424,0.41147837863661674,0.46347295813370515,0.9615384615384615,0.9772626577634705
random_critical_line,HBR,20.0,0.005,0.005,0.9664817016319851,0.9636005078322845,0.4107147451455148,0.464143565565413,0.909090909090909,0.9774119498058317
random_critical_line,HBR,20.0,0.005,0.01,1.0504097942069286,1.0464917702517733,0.4093570791402842,0.465207804087653,0.8333333333333333,0.9776584728999926
random_critical_line,HBR,20.0,0.005,0.02,1.1986900670050713,1.19258060250801,0.40634606877948865,0.4671467601551371,0.7142857142857141,0.9781430213152229
random_critical_line,HBR,20.0,0.005,0.05,1.5397811828909203,1.5264623355408231,0.39554726154417985,0.4717403389186353,0.49999999999999983,0.9795309465115993
random_critical_line,HR,0.0,0.001,-0.05,0.8911570131945773,0.8983995249335568,0.4124360583447214,0.44823200478233527,1.0,0.9947677638262112
random_critical_line,HR,0.0,0.001,-0.02,0.8688383420402831,0.8721958793648615,0.40978076330086916,0.45780801354462436,1.0,0.9951108247883218
random_critical_line,HR,0.0,0.001,-0.01,0.8621523340682478,0.863933011012181,0.40816764687882723,0.46054414324614007,1.0,0.9952197401137151
random_critical_line,HR,0.0,0.001,-0.005,0.8589628539855445,0.8598884030746929,0.4071975221815201,0.4618124809568108,1.0,0.9952732154211438
random_critical_line,HR,0.0,0.001,-0.002,0.8570989561032908,0.8574892021576924,0.4065613768642736,0.46254060881112197,1.0,0.9953049908898514
random_critical_line,HR,0.0,0.001,0.0,0.8558770882787821,0.8559011674737059,0.4061146840500488,0.4630122710470371,1.0,0.9953260465477947
random_critical_line,HR,0.0,0.001,0.002,0.8546717324966954,0.8543222491305458,0.4056500046092781,0.46347295813370515,1.0,0.9953470004048549
random_critical_line,HR,0.0,0.001,0.005,0.8528944216394454,0.851970908352546,0.40491963060695096,0.464143565565413,1.0,0.9953782414121036
random_critical_line,HR,0.0,0.001,0.01,0.8500128216585677,0.8480972205652632,0.4036156741588928,0.465207804087653,1.0,0.995429807835019
random_critical_line,HR,0.0,0.001,0.02,0.8445386812621113,0.8405178935534866,0.4007061509310764,0.4671467601551371,1.0,0.9955310861599411
random_critical_line,HR,0.0,0.001,0.05,0.8300888105825466,0.8190928203837857,0.3901756814284731,0.4717403389186353,1.0,0.9958206225744355
random_critical_line,HR,0.0,0.002,-0.05,0.8963722200285084,0.9032535128198739,0.4140898622003569,0.44823200478233527,1.0,0.9896035510915878
random_critical_line,HR,0.0,0.002,-0.02,0.873712635681877,0.8766270556122722,0.4113220729403654,0.45780801354462436,1.0,0.9902811080251009
random_critical_line,HR,0.0,0.002,-0.01,0.866918362821596,0.8682311090075316,0.4096761890132582,0.46054414324614007,1.0,0.9904963443157427
random_critical_line,HR,0.0,0.002,-0.005,0.8636757212529309,0.8641213756412424,0.4086905955877967,0.4618124809568108,1.0,0.9906020431204021
random_critical_line,HR,0.0,0.002,-0.002,0.8617802326539733,0.8616835444304637,0.4080454586017445,0.46254060881112197,1.0,0.9906648570683798
random_critical_line,HR,0.0,0.002,0.0,0.8605374308881333,0.8600699399240483,0.4075928900195315,0.4630122710470371,1.0,0.9907064828363884
random_critical_line,HR,0.0,0.002,0.002,0.8593112418177107,0.8584655977824096,0.40712242819698224,0.46347295813370515,1.0,0.9907479095728411
random_critical_line,HR,0.0,0.002,0.005,0.8575028686784997,0.8560763933481268,0.4063835521172438,0.464143565565413,1.0,0.9908096785927187
random_critical_line,HR,0.0,0.002,0.01,0.8545699945679655,0.8521403182843215,0.40506586629143343,0.465207804087653,1.0,0.9909116453408391
random_critical_line,HR,0.0,0.002,0.02,0.8489951401049017,0.8444388681489069,0.4021304015616202,0.4671467601551371,1.0,0.9911119507416567
random_critical_line,HR,0.0,0.002,0.05,0.8342572745659329,0.8226677821495791,0.39153134866892464,0.4717403389186353,1.0,0.9916848720818707
random_critical_line,HR,0.0,0.005,-0.05,0.9118178338167489,0.9161575566451607,0.4189736412246706,0.44823200478233527,1.0,0.9745030654286596
random_critical_line,HR,0.0,0.005,-0.02,0.8881605172436403,0.8898009789011799,0.4158785784669228,0.45780801354462436,1.0,0.9761355433959873
random_critical_line,HR,0.0,0.005,-0.01,0.8810490325899403,0.8810129377724408,0.4141373047630854,0.46054414324614007,1.0,0.9766549963277198
random_critical_line,HR,0.0,0.005,-0.005,0.8776505667759281,0.8767112422222139,0.41310667360382824,0.4618124809568108,1.0,0.9769102443165887
random_critical_line,HR,0.0,0.005,-0.002,0.8756624613634658,0.8741595203696093,0.41243535553225347,0.46254060881112197,1.0,0.9770619792409816
random_critical_line,HR,0.0,0.005,0.0,0.8743582779396835,0.8724705201795806,0.41196567792462724,0.4630122710470371,1.0,0.977162551155463
random_critical_line,HR,0.0,0.005,0.002,0.8730709959399588,0.8707912048697011,0.4114783786366167,0.46347295813370515,1.0,0.9772626577634705
random_critical_line,HR,0.0,0.005,0.005,0.8711715218287601,0.8682903280290596,0.4107147451455148,0.464143565565413,1.0,0.9774119498058317
random_critical_line,HR,0.0,0.005,0.01,0.8680882374141741,0.8641702134590186,0.40935707914028424,0.465207804087653,1.0,0.9776584728999926
random_critical_line,HR,0.0,0.005,0.02,0.8622178303852582,0.8561083658881967,0.40634606877948876,0.4671467601551371,1.0,0.9781430213152229
random_critical_line,HR,0.0,0.005,0.05,0.8466340023329746,0.8333151549828773,0.3955472615441798,0.4717403389186353,1.0,0.9795309465115993
random_critical_line,HR,2.0,0.001,-0.05,0.8911570131945773,0.8983995249335568,0.4124360583447214,0.44823200478233527,0.909090909090909,0.9947677638262112
random_critical_line,HR,2.0,0.001,-0.02,0.8688383420402831,0.8721958793648615,0.40978076330086916,0.45780801354462436,0.9615384615384615,0.9951108247883218
random_critical_line,HR,2.0,0.001,-0.01,0.8621523340682478,0.863933011012181,0.40816764687882723,0.46054414324614007,0.980392156862745,0.9952197401137151
random_critical_line,HR,2.0,0.001,-0.005,0.8589628539855445,0.8598884030746929,0.4071975221815201,0.4618124809568108,0.9900990099009901,0.9952732154211438
random_critical_line,HR,2.0,0.001,-0.002,0.8570989561032908,0.8574892021576924,0.4065613768642736,0.46254060881112197,0.9960159362549801,0.9953049908898514
random_critical_line,HR,2.0,0.001,0.0,0.8558770882787821,0.8559011674737059,0.4061146840500488,0.4630122710470371,1.0,0.9953260465477947
random_critical_line,HR,2.0,0.001,0.002,0.8546717324966954,0.8543222491305458,0.4056500046092781,0.46347295813370515,0.9960159362549801,0.9953470004048549
random_critical_line,HR,2.0,0.001,0.005,0.8528944216394454,0.851970908352546,0.40491963060695096,0.464143565565413,0.9900990099009901,0.9953782414121036
random_critical_line,HR,2.0,0.001,0.01,0.8500128216585677,0.8480972205652632,0.4036156741588928,0.465207804087653,0.980392156862745,0.995429807835019
random_critical_line,HR,2.0,0.001,0.02,0.8445386812621113,0.8405178935534866,0.4007061509310764,0.4671467601551371,0.9615384615384615,0.9955310861599411
random_critical_line,HR,2.0,0.001,0.05,0.8300888105825466,0.8190928203837857,0.3901756814284731,0.4717403389186353,0.909090909090909,0.9958206225744355
random_critical_line,HR,2.0,0.002,-0.05,0.8963722200285084,0.9032535128198739,0.4140898622003569,0.44823200478233527,0.909090909090909,0.9896035510915878
random_critical_line,HR,2.0,0.002,-0.02,0.873712635681877,0.8766270556122722,0.4113220729403654,0.45780801354462436,0.9615384615384615,0.9902811080251009
random_critical_line,HR,2.0,0.002,-0.01,0.866918362821596,0.8682311090075316,0.4096761890132582,0.46054414324614007,0.980392156862745,0.9904963443157427
random_critical_line,HR,2.0,0.002,-0.005,0.8636757212529309,0.8641213756412424,0.4086905955877967,0.4618124809568108,0.9900990099009901,0.9906020431204021
random_critical_line,HR,2.0,0.002,-0.002,0.8617802326539733,0.8616835444304637,0.4080454586017445,0.46254060881112197,0.9960159362549801,0.9906648570683798
random_critical_line,HR,2.0,0.002,0.0,0.8605374308881333,0.8600699399240483,0.4075928900195315,0.4630122710470371,1.0,0.9907064828363884
random_critical_line,HR,2.0,0.002,0.002,0.8593112418177107,0.8584655977824096,0.40712242819698224,0.46347295813370515,0.9960159362549801,0.9907479095728411
random_critical_line,HR,2.0,0.002,0.005,0.8575028686784997,0.8560763933481268,0.4063835521172438,0.464143565565413,0.9900990099009901,0.9908096785927187
random_critical_line,HR,2.0,0.002,0.01,0.8545699945679655,0.8521403182843215,0.40506586629143343,0.465207804087653,0.980392156862745,0.9909116453408391
random_critical_line,HR,2.0,0.002,0.02,0.8489951401049017,0.8444388681489069,0.4021304015616202,0.4671467601551371,0.9615384615384615,0.9911119507416567
random_critical_line,HR,2.0,0.002,0.05,0.8342572745659329,0.8226677821495791,0.39153134866892464,0.4717403389186353,0.909090909090909,0.9916848720818707
random_critical_line,HR,2.0,0.005,-0.05,0.9118178338167489,0.9161575566451607,0.4189736412246706,0.44823200478233527,0.909090909090909,0.9745030654286596
random_critical_line,HR,2.0,0.005,-0.02,0.8881605172436403,0.8898009789011799,0.4158785784669228,0.45780801354462436,0.9615384615384615,0.9761355433959873
random_critical_line,HR,2.0,0.005,-0.01,0.8810490325899403,0.8810129377724408,0.4141373047630854,0.46054414324614007,0.980392156862745,0.9766549963277198
random_critical_line,HR,2.0,0.005,-0.005,0.8776505667759281,0.8767112422222139,0.41310667360382824,0.4618124809568108,0.9900990099009901,0.9769102443165887
random_critical_line,HR,2.0,0.005,-0.002,0.8756624613634658,0.8741595203696093,0.41243535553225347,0.46254060881112197,0.9960159362549801,0.9770619792409816
random_critical_line,HR,2.0,0.005,0.0,0.8743582779396835,0.8724705201795806,0.41196567792462724,0.4630122710470371,1.0,0.977162551155463
random_critical_line,HR,2.0,0.005,0.002,0.8730709959399588,0.8707912048697011,0.4114783786366167,0.46347295813370515,0.9960159362549801,0.9772626577634705
random_critical_line,HR,2.0,0.005,0.005,0.8711715218287601,0.8682903280290596,0.4107147451455148,0.464143565565413,0.9900990099009901,0.9774119498058317
random_critical_line,HR,2.0,0.005,0.01,0.8680882374141741,0.8641702134590186,0.40935707914028424,0.465207804087653,0.980392156862745,0.9776584728999926
random_critical_line,HR,2.0,0.005,0.02,0.8622178303852582,0.8561083658881967,0.40634606877948876,0.4671467601551371,0.9615384615384615,0.9781430213152229
random_critical_line,HR,2.0,0.005,0.05,0.8466340023329746,0.8333151549828773,0.3955472615441798,0.4717403389186353,0.909090909090909,0.9795309465115993
random_critical_line,HR,5.0,0.001,-0.05,0.8911570131945773,0.8983995249335568,0.4124360583447214,0.44823200478233527,0.8,0.9947677638262112
random_critical_line,HR,5.0,0.001,-0.02,0.8688383420402831,0.8721958793648615,0.40978076330086916,0.45780801354462436,0.909090909090909,0.9951108247883218
random_critical_line,HR,5.0,0.001,-0.01,0.8621523340682478,0.863933011012181,0.40816764687882723,0.46054414324614007,0.9523809523809523,0.9952197401137151
random_critical_line,HR,5.0,0.001,-0.005,0.8589628539855445,0.8598884030746929,0.4071975221815201,0.4618124809568108,0.9756097560975612,0.9952732154211438
random_critical_line,HR,5.0,0.001,-0.002,0.8570989561032908,0.8574892021576924,0.4065613768642736,0.46254060881112197,0.9900990099009901,0.9953049908898514
random_critical_line,HR,5.0,0.001,0.0,0.8558770882787821,0.8559011674737059,0.4061146840500488,0.4630122710470371,1.0,0.9953260465477947
random_critical_line,HR,5.0,0.001,0.002,0.8546717324966954,0.8543222491305458,0.4056500046092781,0.46347295813370515,0.9900990099009901,0.9953470004048549
random_critical_line,HR,5.0,0.001,0.005,0.8528944216394454,0.851970908352546,0.40491963060695096,0.464143565565413,0.9756097560975612,0.9953782414121036
random_critical_line,HR,5.0,0.001,0.01,0.8500128216585677,0.8480972205652632,0.4036156741588928,0.465207804087653,0.9523809523809523,0.995429807835019
random_critical_line,HR,5.0,0.001,0.02,0.8445386812621113,0.8405178935534866,0.4007061509310764,0.4671467601551371,0.909090909090909,0.9955310861599411
random_critical_line,HR,5.0,0.001,0.05,0.8300888105825466,0.8190928203837857,0.3901756814284731,0.4717403389186353,0.7999999999999998,0.9958206225744355
random_critical_line,HR,5.0,0.002,-0.05,0.8963722200285084,0.9032535128198739,0.4140898622003569,0.44823200478233527,0.8,0.9896035510915878
random_critical_line,HR,5.0,0.002,-0.02,0.873712635681877,0.8766270556122722,0.4113220729403654,0.45780801354462436,0.909090909090909,0.9902811080251009
random_critical_line,HR,5.0,0.002,-0.01,0.866918362821596,0.8682311090075316,0.4096761890132582,0.46054414324614007,0.9523809523809523,0.9904963443157427
random_critical_line,HR,5.0,0.002,-0.005,0.8636757212529309,0.8641213756412424,0.4086905955877967,0.4618124809568108,0.9756097560975612,0.9906020431204021
random_critical_line,HR,5.0,0.002,-0.002,0.8617802326539733,0.8616835444304637,0.4080454586017445,0.46254060881112197,0.9900990099009901,0.9906648570683798
random_critical_line,HR,5.0,0.002,0.0,0.8605374308881333,0.8600699399240483,0.4075928900195315,0.4630122710470371,1.0,0.9907064828363884
random_critical_line,HR,5.0,0.002,0.002,0.8593112418177107,0.8584655977824096,0.40712242819698224,0.46347295813370515,0.9900990099009901,0.9907479095728411
random_critical_line,HR,5.0,0.002,0.005,0.8575028686784997,0.8560763933481268,0.4063835521172438,0.464143565565413,0.9756097560975612,0.9908096785927187
random_critical_line,HR,5.0,0.002,0.01,0.8545699945679655,0.8521403182843215,0.40506586629143343,0.465207804087653,0.9523809523809523,0.9909116453408391
random_critical_line,HR,5.0,0.002,0.02,0.8489951401049017,0.8444388681489069,0.4021304015616202,0.4671467601551371,0.909090909090909,0.9911119507416567
random_critical_line,HR,5.0,0.002,0.05,0.8342572745659329,0.8226677821495791,0.39153134866892464,0.4717403389186353,0.7999999999999998,0.9916848720818707
random_critical_line,HR,5.0,0.005,-0.05,0.9118178338167489,0.9161575566451607,0.4189736412246706,0.44823200478233527,0.8,0.9745030654286596
random_critical_line,HR,5.0,0.005,-0.02,0.8881605172436403,0.8898009789011799,0.4158785784669228,0.45780801354462436,0.909090909090909,0.9761355433959873
random_critical_line,HR,5.0,0.005,-0.01,0.8810490325899403,0.8810129377724408,0.4141373047630854,0.46054414324614007,0.9523809523809523,0.9766549963277198
random_critical_line,HR,5.0,0.005,-0.005,0.8776505667759281,0.8767112422222139,0.41310667360382824,0.4618124809568108,0.9756097560975612,0.9769102443165887
random_critical_line,HR,5.0,0.005,-0.002,0.8756624613634658,0.8741595203696093,0.41243535553225347,0.46254060881112197,0.9900990099009901,0.9770619792409816
random_critical_line,HR,5.0,0.005,0.0,0.8743582779396835,0.8724705201795806,0.41196567792462724,0.4630122710470371,1.0,0.977162551155463
random_critical_line,HR,5.0,0.005,0.002,0.8730709959399588,0.8707912048697011,0.4114783786366167,0.46347295813370515,0.9900990099009901,0.9772626577634705
random_critical_line,HR,5.0,0.005,0.005,0.8711715218287601,0.8682903280290596,0.4107147451455148,0.464143565565413,0.9756097560975612,0.9774119498058317
random_critical_line,HR,5.0,0.005,0.01,0.8680882374141741,0.8641702134590186,0.40935707914028424,0.465207804087653,0.9523809523809523,0.9776584728999926
random_critical_line,HR,5.0,0.005,0.02,0.8622178303852582,0.8561083658881967,0.40634606877948876,0.4671467601551371,0.909090909090909,0.9781430213152229
random_critical_line,HR,5.0,0.005,0.05,0.8466340023329746,0.8333151549828773,0.3955472615441798,0.4717403389186353,0.7999999999999998,0.9795309465115993
random_critical_line,HR,10.0,0.001,-0.05,0.8911570131945773,0.8983995249335568,0.4124360583447214,0.44823200478233527,0.6666666666666666,0.9947677638262112
random_critical_line,HR,10.0,0.001,-0.02,0.8688383420402831,0.8721958793648615,0.40978076330086916,0.45780801354462436,0.8333333333333333,0.9951108247883218
random_critical_line,HR,10.0,0.001,-0.01,0.8621523340682478,0.863933011012181,0.40816764687882723,0.46054414324614007,0.909090909090909,0.9952197401137151
random_critical_line,HR,10.0,0.001,-0.005,0.8589628539855445,0.8598884030746929,0.4071975221815201,0.4618124809568108,0.9523809523809523,0.9952732154211438
random_critical_line,HR,10.0,0.001,-0.002,0.8570989561032908,0.8574892021576924,0.4065613768642736,0.46254060881112197,0.980392156862745,0.9953049908898514
random_critical_line,HR,10.0,0.001,0.0,0.8558770882787821,0.8559011674737059,0.4061146840500488,0.4630122710470371,1.0,0.9953260465477947
random_critical_line,HR,10.0,0.001,0.002,0.8546717324966954,0.8543222491305458,0.4056500046092781,0.46347295813370515,0.980392156862745,0.9953470004048549
random_critical_line,HR,10.0,0.001,0.005,0.8528944216394454,0.851970908352546,0.40491963060695096,0.464143565565413,0.9523809523809523,0.9953782414121036
random_critical_line,HR,10.0,0.001,0.01,0.8500128216585677,0.8480972205652632,0.4036156741588928,0.465207804087653,0.909090909090909,0.995429807835019
random_critical_line,HR,10.0,0.001,0.02,0.8445386812621113,0.8405178935534866,0.4007061509310764,0.4671467601551371,0.8333333333333333,0.9955310861599411
random_critical_line,HR,10.0,0.001,0.05,0.8300888105825466,0.8190928203837857,0.3901756814284731,0.4717403389186353,0.6666666666666665,0.9958206225744355
random_critical_line,HR,10.0,0.002,-0.05,0.8963722200285084,0.9032535128198739,0.4140898622003569,0.44823200478233527,0.6666666666666666,0.9896035510915878
random_critical_line,HR,10.0,0.002,-0.02,0.873712635681877,0.8766270556122722,0.4113220729403654,0.45780801354462436,0.8333333333333333,0.9902811080251009
random_critical_line,HR,10.0,0.002,-0.01,0.866918362821596,0.8682311090075316,0.4096761890132582,0.46054414324614007,0.909090909090909,0.9904963443157427
random_critical_line,HR,10.0,0.002,-0.005,0.8636757212529309,0.8641213756412424,0.4086905955877967,0.4618124809568108,0.9523809523809523,0.9906020431204021
random_critical_line,HR,10.0,0.002,-0.002,0.8617802326539733,0.8616835444304637,0.4080454586017445,0.46254060881112197,0.980392156862745,0.9906648570683798
random_critical_line,HR,10.0,0.002,0.0,0.8605374308881333,0.8600699399240483,0.4075928900195315,0.4630122710470371,1.0,0.9907064828363884
random_critical_line,HR,10.0,0.002,0.002,0.8593112418177107,0.8584655977824096,0.40712242819698224,0.46347295813370515,0.980392156862745,0.9907479095728411
random_critical_line,HR,10.0,0.002,0.005,0.8575028686784997,0.8560763933481268,0.4063835521172438,0.464143565565413,0.9523809523809523,0.9908096785927187
random_critical_line,HR,10.0,0.002,0.01,0.8545699945679655,0.8521403182843215,0.40506586629143343,0.465207804087653,0.909090909090909,0.9909116453408391
random_critical_line,HR,10.0,0.002,0.02,0.8489951401049017,0.8444388681489069,0.4021304015616202,0.4671467601551371,0.8333333333333333,0.9911119507416567
random_critical_line,HR,10.0,0.002,0.05,0.8342572745659329,0.8226677821495791,0.39153134866892464,0.4717403389186353,0.6666666666666665,0.9916848720818707
random_critical_line,HR,10.0,0.005,-0.05,0.9118178338167489,0.9161575566451607,0.4189736412246706,0.44823200478233527,0.6666666666666666,0.9745030654286596
random_critical_line,HR,10.0,0.005,-0.02,0.8881605172436403,0.8898009789011799,0.4158785784669228,0.45780801354462436,0.8333333333333333,0.9761355433959873
random_critical_line,HR,10.0,0.005,-0.01,0.8810490325899403,0.8810129377724408,0.4141373047630854,0.46054414324614007,0.909090909090909,0.9766549963277198
random_critical_line,HR,10.0,0.005,-0.005,0.8776505667759281,0.8767112422222139,0.41310667360382824,0.4618124809568108,0.9523809523809523,0.9769102443165887
random_critical_line,HR,10.0,0.005,-0.002,0.8756624613634658,0.8741595203696093,0.41243535553225347,0.46254060881112197,0.980392156862745,0.9770619792409816
random_critical_line,HR,10.0,0.005,0.0,0.8743582779396835,0.8724705201795806,0.41196567792462724,0.4630122710470371,1.0,0.977162551155463
random_critical_line,HR,10.0,0.005,0.002,0.8730709959399588,0.8707912048697011,0.4114783786366167,0.46347295813370515,0.980392156862745,0.9772626577634705
random_critical_line,HR,10.0,0.005,0.005,0.8711715218287601,0.8682903280290596,0.4107147451455148,0.464143565565413,0.9523809523809523,0.9774119498058317
random_critical_line,HR,10.0,0.005,0.01,0.8680882374141741,0.8641702134590186,0.40935707914028424,0.465207804087653,0.909090909090909,0.9776584728999926
random_critical_line,HR,10.0,0.005,0.02,0.8622178303852582,0.8561083658881967,0.40634606877948876,0.4671467601551371,0.8333333333333333,0.9781430213152229
random_critical_line,HR,10.0,0.005,0.05,0.8466340023329746,0.8333151549828773,0.3955472615441798,0.4717403389186353,0.6666666666666665,0.9795309465115993
random_critical_line,HR,20.0,0.001,-0.05,0.8911570131945773,0.8983995249335568,0.4124360583447214,0.44823200478233527,0.5000000000000001,0.9947677638262112
random_critical_line,HR,20.0,0.001,-0.02,0.8688383420402831,0.8721958793648615,0.40978076330086916,0.45780801354462436,0.7142857142857141,0.9951108247883218
random_critical_line,HR,20.0,0.001,-0.01,0.8621523340682478,0.863933011012181,0.40816764687882723,0.46054414324614007,0.8333333333333333,0.9952197401137151
random_critical_line,HR,20.0,0.001,-0.005,0.8589628539855445,0.8598884030746929,0.4071975221815201,0.4618124809568108,0.909090909090909,0.9952732154211438
random_critical_line,HR,20.0,0.001,-0.002,0.8570989561032908,0.8574892021576924,0.4065613768642736,0.46254060881112197,0.9615384615384615,0.9953049908898514
random_critical_line,HR,20.0,0.001,0.0,0.8558770882787821,0.8559011674737059,0.4061146840500488,0.4630122710470371,1.0,0.9953260465477947
random_critical_line,HR,20.0,0.001,0.002,0.8546717324966954,0.8543222491305458,0.4056500046092781,0.46347295813370515,0.9615384615384615,0.9953470004048549
random_critical_line,HR,20.0,0.001,0.005,0.8528944216394454,0.851970908352546,0.40491963060695096,0.464143565565413,0.909090909090909,0.9953782414121036
random_critical_line,HR,20.0,0.001,0.01,0.8500128216585677,0.8480972205652632,0.4036156741588928,0.465207804087653,0.8333333333333333,0.995429807835019
random_critical_line,HR,20.0,0.001,0.02,0.8445386812621113,0.8405178935534866,0.4007061509310764,0.4671467601551371,0.7142857142857141,0.9955310861599411
random_critical_line,HR,20.0,0.001,0.05,0.8300888105825466,0.8190928203837857,0.3901756814284731,0.4717403389186353,0.49999999999999983,0.9958206225744355
random_critical_line,HR,20.0,0.002,-0.05,0.8963722200285084,0.9032535128198739,0.4140898622003569,0.44823200478233527,0.5000000000000001,0.9896035510915878
random_critical_line,HR,20.0,0.002,-0.02,0.873712635681877,0.8766270556122722,0.4113220729403654,0.45780801354462436,0.7142857142857141,0.9902811080251009
random_critical_line,HR,20.0,0.002,-0.01,0.866918362821596,0.8682311090075316,0.4096761890132582,0.46054414324614007,0.8333333333333333,0.9904963443157427
random_critical_line,HR,20.0,0.002,-0.005,0.8636757212529309,0.8641213756412424,0.4086905955877967,0.4618124809568108,0.909090909090909,0.9906020431204021
random_critical_line,HR,20.0,0.002,-0.002,0.8617802326539733,0.8616835444304637,0.4080454586017445,0.46254060881112197,0.9615384615384615,0.9906648570683798
random_critical_line,HR,20.0,0.002,0.0,0.8605374308881333,0.8600699399240483,0.4075928900195315,0.4630122710470371,1.0,0.9907064828363884
random_critical_line,HR,20.0,0.002,0.002,0.8593112418177107,0.8584655977824096,0.40712242819698224,0.46347295813370515,0.9615384615384615,0.9907479095728411
random_critical_line,HR,20.0,0.002,0.005,0.8575028686784997,0.8560763933481268,0.4063835521172438,0.464143565565413,0.909090909090909,0.9908096785927187
random_critical_line,HR,20.0,0.002,0.01,0.8545699945679655,0.8521403182843215,0.40506586629143343,0.465207804087653,0.8333333333333333,0.9909116453408391
random_critical_line,HR,20.0,0.002,0.02,0.8489951401049017,0.8444388681489069,0.4021304015616202,0.4671467601551371,0.7142857142857141,0.9911119507416567
random_critical_line,HR,20.0,0.002,0.05,0.8342572745659329,0.8226677821495791,0.39153134866892464,0.4717403389186353,0.49999999999999983,0.9916848720818707
random_critical_line,HR,20.0,0.005,-0.05,0.9118178338167489,0.9161575566451607,0.4189736412246706,0.44823200478233527,0.5000000000000001,0.9745030654286596
random_critical_line,HR,20.0,0.005,-0.02,0.8881605172436403,0.8898009789011799,0.4158785784669228,0.45780801354462436,0.7142857142857141,0.9761355433959873
random_critical_line,HR,20.0,0.005,-0.01,0.8810490325899403,0.8810129377724408,0.4141373047630854,0.46054414324614007,0.8333333333333333,0.9766549963277198
random_critical_line,HR,20.0,0.005,-0.005,0.8776505667759281,0.8767112422222139,0.41310667360382824,0.4618124809568108,0.909090909090909,0.9769102443165887
random_critical_line,HR,20.0,0.005,-0.002,0.8756624613634658,0.8741595203696093,0.41243535553225347,0.46254060881112197,0.9615384615384615,0.9770619792409816
random_critical_line,HR,20.0,0.005,0.0,0.8743582779396835,0.8724705201795806,0.41196567792462724,0.4630122710470371,1.0,0.977162551155463
random_critical_line,HR,20.0,0.005,0.002,0.8730709959399588,0.8707912048697011,0.4114783786366167,0.46347295813370515,0.9615384615384615,0.9772626577634705
random_critical_line,HR,20.0,0.005,0.005,0.8711715218287601,0.8682903280290596,0.4107147451455148,0.464143565565413,0.909090909090909,0.9774119498058317
random_critical_line,HR,20.0,0.005,0.01,0.8680882374141741,0.8641702134590186,0.40935707914028424,0.465207804087653,0.8333333333333333,0.9776584728999926
random_critical_line,HR,20.0,0.005,0.02,0.8622178303852582,0.8561083658881967,0.40634606877948876,0.4671467601551371,0.7142857142857141,0.9781430213152229
random_critical_line,HR,20.0,0.005,0.05,0.8466340023329746,0.8333151549828773,0.3955472615441798,0.4717403389186353,0.49999999999999983,0.9795309465115993
