{
  "model": "MAAT CCI Projection Sensitivity Test v0.4",
  "total_parameter_points": 6930,
  "matter_lambda_equality_z": 0.2955673834609527,
  "transition_z_mean": 0.8449115782449116,
  "transition_z_median": 0.8888888888888888,
  "transition_z_std": 0.3039870775280873,
  "transition_z_min": 0.24024024024024024,
  "transition_z_max": 1.3873873873873874,
  "fraction_mid_z_0p5_to_1p1": 0.5565656565656566,
  "best_match_to_matter_lambda": [
    {
      "alpha": 0.2,
      "latent_zc": 0.8,
      "sharpness": 5.5,
      "depth_floor": 0.30000000000000004,
      "z_transition": 0.29429429429429427,
      "residual_at_transition": 0.0002981595114682177,
      "cci_norm_at_transition": 1.769063751828524,
      "curvature_strength": 368.2651676353341,
      "delta_z_vs_matter_lambda": -0.0012730891666584143,
      "abs_delta_z_vs_matter_lambda": 0.0012730891666584143,
      "final_cci_norm": 49.85707939705644,
      "max_residual": 0.9864711029660377,
      "regime": "low_z"
    },
    {
      "alpha": 0.2,
      "latent_zc": 0.9,
      "sharpness": 4.5,
      "depth_floor": 0.30000000000000004,
      "z_transition": 0.29429429429429427,
      "residual_at_transition": 0.0008476890055572954,
      "cci_norm_at_transition": 1.7677827694566963,
      "curvature_strength": 332.7012106707077,
      "delta_z_vs_matter_lambda": -0.0012730891666584143,
      "abs_delta_z_vs_matter_lambda": 0.0012730891666584143,
      "final_cci_norm": 49.768799931143185,
      "max_residual": 0.9864688102799771,
      "regime": "low_z"
    },
    {
      "alpha": 0.2,
      "latent_zc": 0.9,
      "sharpness": 4.5,
      "depth_floor": 0.3500000000000001,
      "z_transition": 0.29429429429429427,
      "residual_at_transition": 0.0007557265703836196,
      "cci_norm_at_transition": 1.765988661379365,
      "curvature_strength": 335.44730066070224,
      "delta_z_vs_matter_lambda": -0.0012730891666584143,
      "abs_delta_z_vs_matter_lambda": 0.0012730891666584143,
      "final_cci_norm": 49.08247027609835,
      "max_residual": 0.9842319787300648,
      "regime": "low_z"
    },
    {
      "alpha": 0.2,
      "latent_zc": 0.9,
      "sharpness": 5.0,
      "depth_floor": 0.1,
      "z_transition": 0.29429429429429427,
      "residual_at_transition": 6.74859524005405e-05,
      "cci_norm_at_transition": 1.7684047330055446,
      "curvature_strength": 378.7539751642861,
      "delta_z_vs_matter_lambda": -0.0012730891666584143,
      "abs_delta_z_vs_matter_lambda": 0.0012730891666584143,
      "final_cci_norm": 52.87165384824076,
      "max_residual": 0.9954688772401482,
      "regime": "low_z"
    },
    {
      "alpha": 0.2,
      "latent_zc": 0.9,
      "sharpness": 5.0,
      "depth_floor": 0.15000000000000002,
      "z_transition": 0.29429429429429427,
      "residual_at_transition": 0.0011349112610515427,
      "cci_norm_at_transition": 1.7669746026754174,
      "curvature_strength": 317.5804754310567,
      "delta_z_vs_matter_lambda": -0.0012730891666584143,
      "abs_delta_z_vs_matter_lambda": 0.0012730891666584143,
      "final_cci_norm": 52.08910080838376,
      "max_residual": 0.9932116272001058,
      "regime": "low_z"
    }
  ],
  "note": "Sensitivity scan of toy projection model. A robust mid-z concentration supports the projection-observable interpretation, but this is not a data fit."
}