source,target,source_candidate_id,target_candidate_id,source_background_id,target_background_id,source_type,target_type,feature_distance,tunnel_barrier_proxy,delta_F_bridge,structural_uphill,structural_downhill,avg_control,avg_tadpole,stability_loss,gamma_proxy,transition_weight,structural_action,energy_action,P_structural,P_energy,source_F_bridge,target_F_bridge,source_abs_energy,target_abs_energy
0,48,0,103,0,56,AdS minimum,AdS minimum,4.283869307860591,0.37665520628547683,-0.0032104365452678696,0.0,0.0032104365452678696,0.008893183496284117,0.08,4.735615899420509e-09,0.6861526142234556,0.6450433780331858,0.43843771168310125,0.37665520628547683,0.217451173046372,0.1942327830503972,-1.992408339672047,-1.9956187762173148,3.364864469033528e-15,1.7341339890211448e-15
0,35,0,77,0,42,AdS minimum,dS minimum,4.398110329028619,0.41739867280234516,0.39959548053739957,0.39959548053739957,0.0,0.008818775178555407,0.1,1.5747449955139103e-08,0.658758238592597,0.43528447515337054,0.8317554957661332,0.41739867280234516,0.14673915422491965,0.186478114907463,-1.992408339672047,-1.5928128591346473,3.364864469033528e-15,1.0627557417675658e-15
0,16,0,37,0,22,AdS minimum,AdS minimum,4.516451091466166,0.3582880891604916,0.40350551240192445,0.40350551240192445,0.0,0.009070660688862739,0.1,0.0,0.6988717086383515,0.4601303309577243,0.7762455014598764,0.5671975124739137,0.15511496378128062,0.16053549105381226,-1.992408339672047,-1.5889028272701224,3.364864469033528e-15,4.461358351983369e-15
0,12,0,29,0,15,AdS minimum,AdS minimum,4.597672431307363,0.3901678705978794,-0.6143134493114102,0.0,0.6143134493114102,0.009158244271066047,0.06,0.0,0.676943226095224,0.6445248248823511,0.43924193929605204,0.5107885356075025,0.21727636311144985,0.16985141459241293,-1.992408339672047,-2.606721788983457,3.364864469033528e-15,3.921326889136822e-15
0,11,0,26,0,14,AdS minimum,AdS minimum,4.606213565554614,0.385258531978791,0.4045064100579796,0.4045064100579796,0.0,0.009135309933295862,0.1,0.0,0.6802747406934271,0.4474735623970832,0.804137821454699,0.5811146927613234,0.15084822876125806,0.15831676470120704,-1.992408339672047,-1.5879019296140673,3.364864469033528e-15,4.372333158560342e-15
0,20,0,45,0,27,AdS minimum,AdS minimum,4.621329343585216,0.4054114154313633,0.7098125492972105,0.7098125492972105,0.0,0.009166975047054486,0.12,0.0,0.6667024627455191,0.33392603758446365,1.0968357548857521,0.7736848970847573,0.11257011707471987,0.13058543169470774,-1.992408339672047,-1.2825957903748364,3.364864469033528e-15,5.937258360812534e-15
1,63,2,134,1,75,dS minimum,dS minimum,4.426394687467873,0.3561070858015287,0.24711815152506644,0.24711815152506644,0.0,0.008135586461347287,0.18,1.408636429722776e-09,0.7003976135794112,0.5005205306633417,0.6921066607617946,0.3561070858015287,0.1674471437747549,0.1955620190892547,-1.2891084946868416,-1.0419903431617752,5.405006277784081e-15,4.852796687006685e-15
1,32,2,71,1,39,dS minimum,dS minimum,5.034640054574167,0.4102675602176766,0.24812301012881366,0.24812301012881366,0.0,0.008240252392340296,0.18,0.0,0.6634727074836664,0.4736737921326436,0.7472363964587425,0.4102675602176766,0.15846567466163922,0.18525200510468212,-1.2891084946868416,-1.040985484558028,5.405006277784081e-15,1.9996712722978376e-15
1,13,2,31,1,19,dS minimum,dS minimum,5.2021825400004325,0.5024538079777872,0.24997112897802087,0.24997112897802087,0.0,0.008432930239021747,0.18,0.0,0.6050441744616074,0.4311904138903635,0.8412054908720288,0.5024538079777872,0.14425303020698615,0.1689378405948661,-1.2891084946868416,-1.0391373657088208,5.405006277784081e-15,4.589950657555417e-16
1,2,2,5,1,3,dS minimum,dS minimum,5.300824757880507,0.45065525957289154,0.24595238182914625,0.24595238182914625,0.0,0.008014307726497975,0.18,1.2631028056819815e-08,0.6372104765292239,0.45587777982171906,0.7855305321000846,0.6269521474124219,0.15251208984445816,0.1491619309467538,-1.2891084946868416,-1.0431561128576954,5.405006277784081e-15,6.819406431689692e-15
1,73,2,156,1,86,dS minimum,dS minimum,5.320811630812813,0.4811372193211039,-0.7077044294908907,0.0,0.7077044294908907,0.00842175623391817,0.12,0.0,0.6180800993520797,0.5664303515974687,0.5684011511784139,0.4811372193211039,0.18949701103494201,0.17257767565833554,-1.2891084946868416,-1.9968129241777324,5.405006277784081e-15,2.3460428573554022e-15
1,51,2,109,1,60,dS minimum,dS minimum,5.565795298305865,0.4774784515252544,-0.3101599837878408,0.0,0.3101599837878408,0.007986356214117167,0.14,1.6415783787859795e-08,0.6203456529547909,0.5614326516263953,0.5772634556726212,0.7759893755038603,0.1878250504772196,0.1285085286061076,-1.2891084946868416,-1.5992684784746825,5.405006277784081e-15,8.330637062225764e-15
2,67,5,142,3,79,dS minimum,dS minimum,3.8412556887599236,0.36157578724928,0.002644803703007348,0.002644803703007348,0.0,0.008104954212358694,0.2,0.0,0.6965778023594252,0.6048714517158029,0.5027393200304309,0.36157578724928,0.1720616866407099,0.18482485242317964,-1.0431561128576954,-1.040511309154688,6.819406431689692e-15,5.434840828007613e-15
2,71,5,150,3,83,dS minimum,dS minimum,4.57749986022218,0.39259233981015185,-0.001932538354435076,0.0,0.001932538354435076,0.007628987344326821,0.2,6.785831729860803e-09,0.6753039860315938,0.5880259314336576,0.5309842309782852,0.39259233981015185,0.16726981123666446,0.17918021380571125,-1.0431561128576954,-1.0450886512121305,6.819406431689692e-15,6.604578519424716e-15
2,57,5,122,3,68,dS minimum,dS minimum,4.985840386020582,0.39850113337071197,-0.5560039084949082,0.0,0.5560039084949082,0.007808704672655537,0.16,0.0,0.6713255197308275,0.5998409702323285,0.5110907085106331,0.39850113337071197,0.17063071626476273,0.17812459669529077,-1.0431561128576954,-1.5991600213526036,6.819406431689692e-15,4.973486642754688e-15
2,45,5,97,3,53,dS minimum,dS minimum,5.201392264191182,0.4044929043620699,-0.00015190735193648663,0.0,0.00015190735193648663,0.007813842306492489,0.2,4.605082870590138e-09,0.6673151176595633,0.5809514233293844,0.5430881343530238,0.6307271204779485,0.16525739720534965,0.14121129287739664,-1.0431561128576954,-1.0433080202096319,6.819406431689692e-15,9.292743553264648e-15
2,1,5,2,3,1,dS minimum,dS minimum,5.300824757880507,0.45065525957289154,-0.24595238182914625,0.0,0.24595238182914625,0.008014307726497975,0.18,0.0,0.6372104765292239,0.5618777395317457,0.5764709980720393,0.45065525957289154,0.1598316985790319,0.16907276098678892,-1.0431561128576954,-1.2891084946868416,6.819406431689692e-15,5.405006277784081e-15
2,51,5,109,3,60,dS minimum,dS minimum,5.51337279123329,0.4323760299152281,-0.5561123656169871,0.0,0.5561123656169871,0.007801715240837006,0.16,3.784755731039979e-09,0.6489653004311298,0.5798661838745476,0.5449579195187156,0.5865714445468744,0.16494869007348129,0.14758628321163278,-1.0431561128576954,-1.5992684784746825,6.819406431689692e-15,8.330637062225764e-15
3,46,7,99,4,54,dS minimum,dS minimum,4.608121765821576,0.44900414325058013,-0.6320733117352276,0.0,0.6320733117352276,0.008650829507426828,0.22000000000000003,1.9893727221109714e-08,0.6382634542028636,0.5479780373701005,0.6015200706290451,1.1233472610380333,0.17703218676691163,0.1682675549239714,-0.6557016446748484,-1.287774956410076,1.1764708817581917e-15,5.692918130497444e-15
3,62,7,132,4,73,dS minimum,AdS minimum,5.369689632584382,0.5258571949875241,-0.3798442983446081,0.0,0.3798442983446081,0.00914790061461268,0.24000000000000002,0.0,0.5910485033440369,0.5006140241654629,0.6919198856635981,1.2503381966511244,0.16173056104498376,0.14820024496540524,-0.6557016446748484,-1.0355459430194565,1.1764708817581917e-15,7.96692343588014e-15
3,64,7,136,4,76,dS minimum,dS minimum,5.452831030793598,0.5074547243268636,-0.6320874691426973,0.0,0.6320874691426973,0.008649664317275759,0.22000000000000003,1.4485019850241088e-08,0.6020259523859556,0.5168671679892024,0.6599693659396318,1.0937594241976005,0.16698137293292514,0.1733206137931365,-0.6557016446748484,-1.2877891138175457,1.1764708817581917e-15,3.792256627267396e-15
3,10,7,24,4,13,dS minimum,dS minimum,5.700959957021284,0.5343656351915808,-1.344181457178228,0.0,1.344181457178228,0.008625511998518678,0.18000000000000002,1.091592427560073e-08,0.586040935998896,0.5164102833990633,0.6608537065768946,0.9835559466357002,0.16683376979452091,0.1935133719591142,-0.6557016446748484,-1.9998831018530765,1.1764708817581917e-15,2.494950291988872e-15
3,11,7,26,4,14,dS minimum,AdS minimum,5.78687750407225,0.5263192395443879,-0.9322002849392189,0.0,0.9322002849392189,0.009056489274120217,0.2,0.0,0.5907754756805546,0.5136149710729289,0.6662813777459201,1.1476083400703576,0.16593070394143117,0.16423432555160936,-0.6557016446748484,-1.5879019296140673,1.1764708817581917e-15,4.372333158560342e-15
3,20,7,45,4,27,dS minimum,AdS minimum,5.82773481997671,0.5404027383374994,-0.626894145699988,0.0,0.626894145699988,0.009088154387878843,0.22000000000000003,0.0,0.5825136045656536,0.4998737521390954,0.6933997081641662,1.221974789152278,0.16149140551922736,0.15246388880676337,-0.6557016446748484,-1.2825957903748364,1.1764708817581917e-15,5.937258360812534e-15
4,15,9,35,5,21,AdS minimum,AdS minimum,3.64153572518258,0.3307859094876632,1.0239524174929,1.0239524174929,0.0,0.009148442425229868,0.08,0.0,0.7183589464137241,0.2827453100537678,1.263208751024381,0.8315348553329098,0.14142769243497785,0.11748864947791303,-2.611664655946333,-1.587712238453433,2.5887126899882362e-15,6.300355461532837e-15
4,49,9,105,5,57,AdS minimum,AdS minimum,3.9803060630800586,0.31410305092810975,1.0226113875676797,1.0226113875676797,0.0,0.00906185625562932,0.08,3.109407176182799e-11,0.7304437513743092,0.28785719507199137,1.24529077226515,0.31551291407323223,0.14398462999119344,0.19683457791847203,-2.611664655946333,-1.5890532683786533,2.5887126899882362e-15,2.5930136245105868e-15
4,73,9,156,5,86,AdS minimum,dS minimum,4.385960246285286,0.3878325590015497,0.6148517317686006,0.6148517317686006,0.0,0.008841104104323368,0.06,1.7176328859225265e-08,0.6785259468149017,0.38320631307410574,0.9591817584018626,0.3878325590015497,0.1916777490465903,0.18310211909833018,-2.611664655946333,-1.9968129241777324,2.5887126899882362e-15,2.3460428573554022e-15
4,34,9,75,5,41,AdS minimum,AdS minimum,4.457025553959736,0.3596995589755131,1.0215431363916332,1.0215431363916332,0.0,0.008992936297762027,0.08,0.0,0.69788596815216,0.27529736043560327,1.2899034548359394,0.47834562084934323,0.13770226785527864,0.1672569015807412,-2.611664655946333,-1.5901215195546998,2.5887126899882362e-15,3.0086742844753736e-15
4,0,9,0,5,0,AdS minimum,AdS minimum,4.629721839577177,0.3577642793096703,0.6192563162742861,0.6192563162742861,0.0,0.009036755415568915,0.06,0.0,0.6992378804176166,0.39334327342123265,0.9330725790999393,0.5538283461569119,0.19674820241653798,0.15509661385090123,-2.611664655946333,-1.992408339672047,2.5887126899882362e-15,3.364864469033528e-15
4,48,9,103,5,56,AdS minimum,AdS minimum,4.647989315418362,0.4036919423629788,0.6160458797290183,0.6160458797290183,0.0,0.008894072521303736,0.06,2.5041991813523623e-09,0.6678498258221006,0.376772236324883,0.9761144217842278,0.4036919423629788,0.18845945825542176,0.1802211380736424,-2.611664655946333,-1.9956187762173148,2.5887126899882362e-15,1.7341339890211448e-15
5,9,12,22,6,11,AdS minimum,AdS minimum,4.12508149237634,0.3116565567444436,5.345225236919049e-05,5.345225236919049e-05,0.0,0.009753026420389277,0.16,0.0,0.7322329655221244,0.652835353413641,0.4264303202213856,0.3677475713682856,0.19199257689307136,0.18250570877586741,-1.2799385632796478,-1.2798851110272786,1.4122724124775823e-14,1.5120518506755212e-14
5,50,12,107,6,58,AdS minimum,AdS minimum,4.480953935341576,0.3761594199111705,-0.00115726311440989,0.0,0.00115726311440989,0.00965035057414131,0.16,8.048014144002025e-09,0.6864928836837932,0.6121519080031934,0.4907748115787366,0.3761594199111705,0.18002796823577738,0.18097693730700204,-1.2799385632796478,-1.2810958263940577,1.4122724124775823e-14,8.353761732959093e-15
5,62,12,132,6,73,AdS minimum,AdS minimum,4.856257971730685,0.4314301679403353,0.24439262026019137,0.24439262026019137,0.0,0.009583035242523345,0.18,7.504887211684519e-09,0.6495794224233671,0.46454110132239085,0.766705239556939,0.4314301679403353,0.136617054590058,0.1712456125939702,-1.2799385632796478,-1.0355459430194565,1.4122724124775823e-14,7.96692343588014e-15
5,0,12,0,6,0,AdS minimum,AdS minimum,5.2873691326783145,0.5423830653783289,-0.7124697763923991,0.0,0.7124697763923991,0.009392180359284321,0.12,1.6320824469673312e-08,0.5813611785896645,0.5322114128450299,0.6307144760141601,0.5423830653783289,0.1565182401193846,0.15326155313622866,-1.2799385632796478,-1.992408339672047,1.4122724124775823e-14,3.364864469033528e-15
5,56,12,120,6,67,AdS minimum,AdS minimum,5.314181045382082,0.41847750863053046,-0.7038277133438462,0.0,0.7038277133438462,0.009778530357405078,0.12,0.0,0.6580479298248582,0.6021589138441519,0.5072338920236761,0.5278558070017121,0.17708912509647792,0.15550427416972087,-1.2799385632796478,-1.983766276623494,1.4122724124775823e-14,1.6208430673390828e-14
5,38,12,82,6,44,AdS minimum,AdS minimum,5.4693666258107045,0.5214352263516842,-0.3084192134019552,0.0,0.3084192134019552,0.009462160307669353,0.14,1.050641623701054e-08,0.593667888439208,0.5364169059877225,0.6228436105699325,0.5214352263516842,0.15775503506523078,0.15650591401721078,-1.2799385632796478,-1.588357776681603,1.4122724124775823e-14,5.733906855106525e-15
6,20,14,45,7,27,AdS minimum,AdS minimum,3.187889536382722,0.28882133630976253,0.7090805592882985,0.7090805592882985,0.0,0.00919957801370705,0.12,0.0,0.7491460386425337,0.3754389712868291,0.979659347519894,0.6877133716726862,0.14876490314070714,0.1426187947505033,-1.991676349663135,-1.2825957903748364,3.1509935702007135e-15,5.937258360812534e-15
6,11,14,26,7,14,AdS minimum,AdS minimum,3.4573797808672255,0.29001390454582315,0.4037744200490676,0.4037744200490676,0.0,0.009167912899948423,0.1,0.0,0.748253163385835,0.4924773221739475,0.7083068657774738,0.5274474697518898,0.19514048017202285,0.1674092145614643,-1.991676349663135,-1.5879019296140673,3.1509935702007135e-15,4.372333158560342e-15
6,74,14,158,7,87,AdS minimum,dS minimum,4.136233688609524,0.4410328203231801,0.9522130566381464,0.9522130566381464,0.0,0.008849994021538812,0.14,1.2263092930009378e-08,0.6433715905629138,0.25894258507954776,1.351148921086617,0.4410328203231801,0.10260407558738327,0.1825192872753915,-1.991676349663135,-1.0394632930249885,3.1509935702007135e-15,3.204880241365777e-16
6,75,14,159,7,87,AdS minimum,dS minimum,4.158532925321436,0.4746036534631405,0.948389783090648,0.948389783090648,0.0,0.008451972215210109,0.14,2.4994475100736935e-08,0.6221315873060699,0.2513190183898805,1.3810321572727788,0.4746036534631405,0.09958329392402042,0.17649367111044045,-1.991676349663135,-1.0432865665724869,3.1509935702007135e-15,1.467861398419798e-15
6,16,14,37,7,22,AdS minimum,AdS minimum,4.240035212008127,0.3304546064175631,0.40277352239301245,0.40277352239301245,0.0,0.009103263655515302,0.1,0.0,0.7185969803666172,0.47339474123196384,0.7478256904726905,0.5801117683489947,0.18757914924311378,0.15882086043291818,-1.991676349663135,-1.5889028272701224,3.1509935702007135e-15,4.461358351983369e-15
6,14,14,33,7,20,AdS minimum,AdS minimum,4.375757576672979,0.36135986503424056,-2.327309001631779,0.0,2.327309001631779,0.009034283175356244,0.04,0.0,0.6967282252206922,0.6721339845734745,0.39729757652713243,0.499591192320196,0.2663280979327525,0.1721381718692823,-1.991676349663135,-4.318985351294914,3.1509935702007135e-15,3.7629424240572614e-15
7,50,17,107,8,58,AdS minimum,AdS minimum,4.5168361170570535,0.4068105109947487,0.30650894558381325,0.30650894558381325,0.0,0.009412699001066279,0.14,0.0,0.6657703345080854,0.46361672878597926,0.7686970836421628,0.9809438281827341,0.1450832170288392,0.12146218091260684,-1.587604771977871,-1.2810958263940577,2.7112053391451424e-15,8.353761732959093e-15
7,13,17,31,8,19,AdS minimum,dS minimum,4.612592364108977,0.4798209790094967,0.5484674062690502,0.5484674062690502,0.0,0.008970051480067319,0.16,1.1051245418780553e-08,0.6188941769379851,0.34649553748901357,1.0598853392546976,0.4798209790094967,0.10843156457421413,0.20048226626741394,-1.587604771977871,-1.0391373657088208,2.7112053391451424e-15,4.589950657555417e-16
7,59,17,126,8,70,AdS minimum,AdS minimum,4.96615151105,0.4298971720542852,-0.0012135949626792542,0.0,0.0012135949626792542,0.009194812088395735,0.12,5.374019784731843e-09,0.6505759886764207,0.5957039465049973,0.5180114693820352,0.4298971720542852,0.18641830544388727,0.21074515393619805,-1.587604771977871,-1.5888183669405502,2.7112053391451424e-15,4.980377992421974e-16
7,39,17,84,8,46,AdS minimum,AdS minimum,5.10778390723786,0.4075797028580906,-1.0172715727238286,0.0,1.0172715727238286,0.009322431574724906,0.08,0.0,0.6652584262869861,0.6251057912370732,0.46983437759028795,0.43755055554221495,0.1956192551841655,0.20913839686181138,-1.587604771977871,-2.6048763447016996,2.7112053391451424e-15,2.810295884989643e-15
7,12,17,29,8,15,AdS minimum,AdS minimum,5.320330001597594,0.4155623897735881,-1.019117017005586,0.0,1.019117017005586,0.009276906666726037,0.08,0.0,0.6599690164914099,0.6201666869812077,0.47776698710698673,0.6778724053814295,0.19407362257388802,0.16446114947681983,-1.587604771977871,-2.606721788983457,2.7112053391451424e-15,3.921326889136822e-15
7,56,17,120,8,67,AdS minimum,AdS minimum,5.499516945978854,0.5325133781513103,-0.39616150464562305,0.0,0.39616150464562305,0.009540878784330048,0.1,0.0,0.587127440380545,0.544434115018796,0.6080083448140734,1.2403327695093718,0.17037403519500594,0.09371085254514985,-1.587604771977871,-1.983766276623494,2.7112053391451424e-15,1.6208430673390828e-14
8,64,19,136,9,76,dS minimum,dS minimum,4.9194680505818225,0.5367184512641587,0.7255979999180879,0.7255979999180879,0.0,0.007804066011610874,0.12,0.0,0.584663710280223,0.2893665012778006,1.2400612238073054,0.5367184512641587,0.11102579380712224,0.16379062631255561,-2.0133871137356336,-1.2877891138175457,5.682582840659357e-15,3.792256627267396e-15
8,32,19,71,9,39,dS minimum,dS minimum,5.221044905419122,0.553984400557716,0.9724016291776056,0.9724016291776056,0.0,0.0077342922728853465,0.14,0.0,0.5746555848261756,0.22763006108770217,1.4800335068588546,0.553984400557716,0.08733840342619065,0.16098689981557945,-2.0133871137356336,-1.040985484558028,5.682582840659357e-15,1.9996712722978376e-15
8,28,19,63,9,35,dS minimum,dS minimum,5.3240451155651725,0.43914285221308985,-0.6302856599500966,0.0,0.6302856599500966,0.007339793272398092,0.06,0.0,0.6445886921313028,0.6149485797629247,0.4862166248127277,0.43914285221308985,0.23594698735772093,0.18057831150076847,-2.0133871137356336,-2.64367277368573,5.682582840659357e-15,4.967725246209075e-15
8,66,19,140,9,78,dS minimum,dS minimum,5.416901495489622,0.519554815221618,0.01048200584567427,0.01048200584567427,0.0,0.007646515477416635,0.08,0.0,0.5947852783911907,0.5549508724756221,0.5888756872155995,0.519554815221618,0.21292672395900397,0.16662613320482708,-2.0133871137356336,-2.0029051078899593,5.682582840659357e-15,5.1297443370066085e-15
8,57,19,122,9,68,dS minimum,dS minimum,5.479640354122716,0.4874070503088935,0.41422709238303,0.41422709238303,0.0,0.007487385526480749,0.1,0.0,0.6142169648476666,0.4014243415161331,0.9127362029135977,0.4874070503088935,0.15402078669618693,0.17206982337928645,-2.0133871137356336,-1.5991600213526036,5.682582840659357e-15,4.973486642754688e-15
8,10,19,24,9,13,dS minimum,dS minimum,5.684351341587464,0.5857834566919411,0.013504011882557121,0.013504011882557121,0.0,0.007779913692853791,0.08,0.0,0.5566695644289866,0.5179794176107559,0.6578197718542539,0.5857834566919411,0.19874130475377524,0.15594820578698304,-2.0133871137356336,-1.9998831018530765,5.682582840659357e-15,2.494950291988872e-15
9,16,22,37,11,22,AdS minimum,AdS minimum,3.9812902667508867,0.4271483379494609,-0.3090177162428438,0.0,0.3090177162428438,0.009431506749967695,0.14,1.513294833888068e-08,0.6523667743005621,0.5894749776004745,0.5285230067241367,0.4271483379494609,0.17950804728649927,0.16773300484809434,-1.2798851110272786,-1.5889028272701224,1.5120518506755212e-14,4.461358351983369e-15
9,5,22,12,11,6,AdS minimum,AdS minimum,4.12508149237634,0.3116565567444436,-5.345225236919049e-05,0.0,5.345225236919049e-05,0.009753026420389277,0.16,1.6202616470728515e-09,0.7322329655221244,0.6528650144861677,0.42638488702206806,0.3116565567444436,0.19881170252406266,0.18826776652986135,-1.2798851110272786,-1.2799385632796478,1.5120518506755212e-14,1.4122724124775823e-14
9,62,22,132,11,73,AdS minimum,AdS minimum,4.867473954724755,0.43454681148110863,0.24433916800782218,0.24433916800782218,0.0,0.009587567334893278,0.18,9.12514885875737e-09,0.6475580664714352,0.46311427772990543,0.7697814352000016,0.43454681148110863,0.14102844535351472,0.1664966159861987,-1.2798851110272786,-1.0355459430194565,1.5120518506755212e-14,7.96692343588014e-15
9,26,22,59,11,33,AdS minimum,AdS minimum,4.955584007040604,0.4392087475922357,0.24437531338593144,0.24437531338593144,0.0,0.009591349561273499,0.18,8.272649010265809e-09,0.6445462181144778,0.46094421375188005,0.7744782546921649,0.4392087475922357,0.14036761332164832,0.16572222588087657,-1.2798851110272786,-1.0355097976413472,1.5120518506755212e-14,8.386726975100753e-15
9,72,22,154,11,85,AdS minimum,AdS minimum,5.20324450068924,0.4712007085511417,-1.3247535046419827,0.0,1.3247535046419827,0.009570436067447003,0.1,5.1552193625070686e-09,0.6242522730676305,0.5788405707484439,0.5467281920917479,0.4712007085511417,0.1762696373783657,0.16050435685837866,-1.2798851110272786,-2.6046386156692614,1.5120518506755212e-14,9.443839446524109e-15
9,6,22,14,11,7,AdS minimum,AdS minimum,5.218558453760392,0.5304156156942891,-0.7117912386358562,0.0,0.7117912386358562,0.009429315418306815,0.12,1.874003202617658e-08,0.5883603870449315,0.5385968879217392,0.6187878767094506,0.5304156156942891,0.16401455413590924,0.15127602989659053,-1.2798851110272786,-1.991676349663135,1.5120518506755212e-14,3.1509935702007135e-15
10,35,24,77,13,42,dS minimum,dS minimum,4.0589719403749305,0.35637658177636933,0.4070702427184292,0.4070702427184292,0.0,0.008487241445700431,0.1,0.0,0.700208884673746,0.45991101508595233,0.7767222536773046,0.35637658177636933,0.17012443443058306,0.19172161043120967,-1.9998831018530765,-1.5928128591346473,2.494950291988872e-15,1.0627557417675658e-15
10,36,24,78,13,42,dS minimum,dS minimum,4.098148279187867,0.37328743040532214,0.4008396207175462,0.4008396207175462,0.0,0.008087835515702569,0.1,3.959273964238008e-09,0.6884673179616883,0.45479990315207464,0.7878977300519646,0.37328743040532214,0.16823379689736406,0.18850669538472312,-1.9998831018530765,-1.5990434811355303,2.494950291988872e-15,2.2029285171196132e-15
10,38,24,82,13,44,dS minimum,AdS minimum,4.264730115910148,0.45077447768949985,0.41152532517147344,0.41152532517147344,0.0,0.008774312606079353,0.1,0.0,0.6371345140244724,0.4167691748582643,0.8752227479519397,0.930920588922215,0.1541659534890941,0.10793188859568162,-1.9998831018530765,-1.588357776681603,2.494950291988872e-15,5.733906855106525e-15
10,48,24,103,13,56,dS minimum,AdS minimum,4.302384065255736,0.37862785236765073,0.004264325635761734,0.004264325635761734,0.0,0.00856164976342914,0.08,0.0,0.6848004121038301,0.6416769186764959,0.44367034389782023,0.37862785236765073,0.23736096613514762,0.18750267342533916,-1.9998831018530765,-1.9956187762173148,2.494950291988872e-15,1.7341339890211448e-15
10,32,24,71,13,39,dS minimum,dS minimum,4.3350095132012925,0.3552968445676187,0.9588976172950485,0.9588976172950485,0.0,0.0083271775048709,0.14,0.0,0.7009653345704849,0.2806857074259967,1.2705197145237679,0.3552968445676187,0.10382768766621421,0.19192873118558412,-1.9998831018530765,-1.040985484558028,2.494950291988872e-15,1.9996712722978376e-15
10,52,24,111,13,61,dS minimum,dS minimum,4.466690710337449,0.3794597384157747,0.4067779130569871,0.4067779130569871,0.0,0.008468402287049663,0.1,2.018802514047735e-09,0.6842309730822793,0.4495374073850479,0.7995362085440701,0.7265298629635888,0.16628716138159708,0.13240840097746237,-1.9998831018530765,-1.5931051887960894,2.494950291988872e-15,4.2167066457998865e-15
11,20,26,45,14,27,AdS minimum,AdS minimum,3.292149505686647,0.2659304130267756,0.3053061392392309,0.3053061392392309,0.0,0.00926641858980105,0.14,0.0,0.7664924635357877,0.5343876902007975,0.626633691828903,0.4899709282069711,0.14170825671604453,0.15587139135846584,-1.5879019296140673,-1.2825957903748364,4.372333158560342e-15,5.937258360812534e-15
11,6,26,14,14,7,AdS minimum,AdS minimum,3.4573797808672255,0.29001390454582315,-0.4037744200490676,0.0,0.4037744200490676,0.009167912899948423,0.1,2.6691682197821365e-09,0.748253163385835,0.6941281990092669,0.3650986107376426,0.29001390454582315,0.18406804427341958,0.19037356558882096,-1.5879019296140673,-1.991676349663135,4.372333158560342e-15,3.1509935702007135e-15
11,30,26,67,14,37,AdS minimum,dS minimum,4.321859403069044,0.42117969243234854,-2.7448235159604977,0.0,2.7448235159604977,0.009039966337796228,0.06,1.4948092319500006e-08,0.6562721636718563,0.6249249811468366,0.4701236666149936,0.42117969243234854,0.16571682185147207,0.1669713913798426,-1.5879019296140673,-4.332725445574565,4.372333158560342e-15,9.897236789312433e-16
11,0,26,0,14,0,AdS minimum,AdS minimum,4.606213565554614,0.385258531978791,-0.4045064100579796,0.0,0.4045064100579796,0.009135309933295862,0.1,1.8702223103517213e-09,0.6802747406934271,0.6310896349516416,0.4603073743080832,0.385258531978791,0.16735155700715762,0.17307822312411483,-1.5879019296140673,-1.992408339672047,4.372333158560342e-15,3.364864469033528e-15
11,12,26,29,14,15,AdS minimum,AdS minimum,4.634942727778241,0.3656574573304107,-1.0188198593693898,0.0,1.0188198593693898,0.00925768781381261,0.08,1.1947552391866623e-09,0.693740396201538,0.6519151165823818,0.427840914821671,0.3656574573304107,0.17287403207774782,0.1765042091105556,-1.5879019296140673,-2.606721788983457,4.372333158560342e-15,3.921326889136822e-15
11,21,26,47,14,28,AdS minimum,AdS minimum,4.735803536110851,0.3663557187971049,0.0002749573667368832,0.0002749573667368832,0.0,0.009252509287650748,0.12,0.0,0.6932561530988061,0.634595689213518,0.4547671927752471,0.6175535777854698,0.1682812880741582,0.13720121943820004,-1.5879019296140673,-1.5876269722473304,4.372333158560342e-15,6.206529553313801e-15
12,0,29,0,15,0,AdS minimum,AdS minimum,4.597672431307363,0.3901678705978794,0.6143134493114102,0.6143134493114102,0.0,0.009158244271066047,0.06,6.75467071165059e-10,0.676943226095224,0.38235401002162794,0.961408371717351,0.3901678705978794,0.1762450293852599,0.17530332265777004,-2.606721788983457,-1.992408339672047,3.921326889136822e-15,3.364864469033528e-15
12,11,29,26,15,14,AdS minimum,AdS minimum,4.634942727778241,0.3656574573304107,1.0188198593693898,1.0188198593693898,0.0,0.00925768781381261,0.08,0.0,0.693740396201538,0.27421637501765367,1.293837794389586,0.45333497757139296,0.1263992839258363,0.16457240723068847,-2.606721788983457,-1.5879019296140673,3.921326889136822e-15,4.372333158560342e-15
12,30,29,67,15,37,AdS minimum,dS minimum,4.845477668649063,0.4580009860384821,-1.7260036565911077,0.0,1.7260036565911077,0.009062900675566414,0.02,1.3753337080313344e-08,0.6325468524915175,0.6181833472686157,0.480970187096608,0.4580009860384821,0.28494991382115387,0.16380629970714722,-2.606721788983457,-4.332725445574565,3.921326889136822e-15,9.897236789312433e-16
12,16,29,37,15,22,AdS minimum,AdS minimum,4.948662330137176,0.41025541497373647,1.0178189617133346,1.0178189617133346,0.0,0.009193038569379489,0.08,0.0,0.66348076557048,0.2624974595619865,1.3375138748563884,0.5131448731172404,0.1209974820754239,0.15501792313313406,-2.606721788983457,-1.5889028272701224,3.921326889136822e-15,4.461358351983369e-15
12,6,29,14,15,7,AdS minimum,AdS minimum,5.097615327059785,0.41858149419789725,0.6150454393203222,0.6150454393203222,0.0,0.009190847237718609,0.06,1.4744129805954742e-09,0.657979505895133,0.3713983581838977,0.9904800506874714,0.41858149419789725,0.17119505180043942,0.17039241871061897,-2.606721788983457,-1.991676349663135,3.921326889136822e-15,3.1509935702007135e-15
12,7,29,17,15,8,AdS minimum,AdS minimum,5.320330001597594,0.4155623897735881,1.019117017005586,1.019117017005586,0.0,0.009276906666726037,0.08,2.6418914833570284e-09,0.6599690164914099,0.26079608682615335,1.3440164535431536,0.4155623897735881,0.12021323899188666,0.17090762856064134,-2.606721788983457,-1.587604771977871,3.921326889136822e-15,2.7112053391451424e-15
13,35,31,77,19,42,dS minimum,dS minimum,4.5534556297965585,0.37546977332536124,-0.5536754934258266,0.0,0.5536754934258266,0.008634297872413436,0.16,2.729780124166581e-09,0.686966484447012,0.6132592557363079,0.48896750303235115,0.8583620828570666,0.17956447274553844,0.17891831699084243,-1.0391373657088208,-1.5928128591346473,4.589950657555417e-16,1.0627557417675658e-15
13,7,31,17,19,8,dS minimum,AdS minimum,4.612592364108977,0.4798209790094967,-0.5484674062690502,0.0,0.5484674062690502,0.008970051480067319,0.16,0.0,0.6188941769379851,0.5522866711942259,0.5936880356375708,1.1859197405974973,0.16171148497108337,0.12894316350533438,-1.0391373657088208,-1.587604771977871,4.589950657555417e-16,2.7112053391451424e-15
13,41,31,88,19,49,dS minimum,AdS minimum,4.94029305082887,0.4090484617840949,-0.5534873077095839,0.0,0.5534873077095839,0.008646413161829214,0.16,0.0,0.664282039249392,0.593000808687878,0.5225595162621071,0.4090484617840949,0.1736327280081074,0.2804072450528515,-1.0391373657088208,-1.5926246734184046,4.589950657555417e-16,1.4566635011556548e-16
13,31,31,69,19,38,dS minimum,AdS minimum,4.945461469201781,0.42742014491397556,-0.24582412687601485,0.0,0.24582412687601485,0.008782511112397006,0.18,0.0,0.652189480563817,0.5746001294570129,0.5540809071376123,0.9574506845420978,0.16824494423909925,0.16203960332835943,-1.0391373657088208,-1.2849614925848356,4.589950657555417e-16,1.2193220110405903e-15
13,36,31,78,19,42,dS minimum,dS minimum,4.992548102706147,0.486882726028315,-0.5599061154267095,0.0,0.5599061154267095,0.008234891942415576,0.16,1.512690600558031e-08,0.6145390981596581,0.5488439518921976,0.5999411185101516,1.159779473308006,0.16070344461865954,0.13235821295699712,-1.0391373657088208,-1.5990434811355303,4.589950657555417e-16,2.2029285171196132e-15
13,1,31,2,19,1,dS minimum,dS minimum,5.2021825400004325,0.5024538079777872,-0.24997112897802087,0.0,0.24997112897802087,0.008432930239021747,0.18,2.4656715724713507e-08,0.6050441744616074,0.5332685957635371,0.6287300497332479,1.2802715040467434,0.15614292541751193,0.11733345816561525,-1.0391373657088208,-1.2891084946868416,4.589950657555417e-16,5.405006277784081e-15
14,29,33,65,20,36,AdS minimum,AdS minimum,3.6391591009909745,0.28386040909604443,-0.007861464213235969,0.0,0.007861464213235969,0.008932379883521517,0.0,0.0,0.7528717314170021,0.745510524901221,0.2936860269679181,0.28386040909604443,0.30666491694616677,0.20234857617205357,-4.318985351294914,-4.32684681550815,3.7629424240572614e-15,3.747526190918694e-15
14,33,33,73,20,40,AdS minimum,AdS minimum,4.238279730124141,0.3226090453517669,0.0008488828340489363,0.0008488828340489363,0.0,0.008971293190893584,0.0,0.0,0.7242569506467769,0.7166275579852477,0.3331990182706914,0.4710547956362492,0.2947839409510667,0.16780413703624447,-4.318985351294914,-4.318136468460865,3.7629424240572614e-15,4.55916425813923e-15
14,6,33,14,20,7,AdS minimum,AdS minimum,4.375757576672979,0.36135986503424056,2.327309001631779,2.327309001631779,0.0,0.009034283175356244,0.04,2.395997678039663e-09,0.6967282252206922,0.09296704256007622,2.3755102297111423,0.36135986503424056,0.0382418885222231,0.18725894261821016,-4.318985351294914,-1.991676349663135,3.7629424240572614e-15,3.1509935702007135e-15
14,72,33,154,20,85,AdS minimum,AdS minimum,4.605744492198818,0.4293604514114885,1.7143467356256523,1.7143467356256523,0.0,0.009175403824496432,0.02,0.0,0.650925259961421,0.14813250215724066,1.909648120900239,0.9406739374612847,0.06093413835719769,0.10491791751309831,-4.318985351294914,-2.6046386156692614,3.7629424240572614e-15,9.443839446524109e-15
14,30,33,67,20,37,AdS minimum,dS minimum,4.740913800794909,0.3960350974472411,-0.01374009427965106,0.0,0.01374009427965106,0.00890633661320405,0.0,1.4674921777757532e-08,0.6729830755348932,0.6664220644704598,0.4058320787279569,0.3960350974472411,0.27413196759228176,0.18087698267814115,-4.318985351294914,-4.332725445574565,3.7629424240572614e-15,9.897236789312433e-16
14,11,33,26,20,14,AdS minimum,AdS minimum,4.851748605379935,0.42045482021804254,2.7310834216808466,2.7310834216808466,0.0,0.009101123751450245,0.06,0.0,0.6567480495857251,0.061366759615013554,2.7908869647733576,0.5389229482273391,0.025243147631063962,0.15679344398225226,-4.318985351294914,-1.5879019296140673,3.7629424240572614e-15,4.372333158560342e-15
15,4,35,9,21,5,AdS minimum,AdS minimum,3.64153572518258,0.3307859094876632,-1.0239524174929,0.0,1.0239524174929,0.009148442425229868,0.08,8.729212519487106e-09,0.7183589464137241,0.6751305477725255,0.39284920270232543,0.3307859094876632,0.20169508377546735,0.18612254622844263,-1.587712238453433,-2.611664655946333,6.300355461532837e-15,2.5887126899882362e-15
15,68,35,144,21,80,AdS minimum,dS minimum,4.192958763266452,0.4082768741286833,0.5492673566452808,0.5492673566452808,0.0,0.009035335346480846,0.16,2.227515816244363e-08,0.664794788860785,0.37191385918106906,0.9890930128646694,0.4082768741286833,0.11110917322920132,0.17224439041218198,-1.587712238453433,-1.0384448818081522,6.300355461532837e-15,1.8410839386576936e-15
15,72,35,154,21,85,AdS minimum,AdS minimum,4.227202349628276,0.35079016485670667,-1.0169263772158283,0.0,1.0169263772158283,0.009321277016003,0.08,0.0,0.704131489887051,0.6616334551118589,0.41304356957430993,0.6337218477143627,0.19766283068915666,0.13747875130900683,-1.587712238453433,-2.6046386156692614,6.300355461532837e-15,9.443839446524109e-15
15,34,35,75,21,41,AdS minimum,AdS minimum,4.335719001008679,0.38607624383575884,-0.0024092811012668136,0.0,0.0024092811012668136,0.009103734282403363,0.12,7.255139766737528e-09,0.6797186993437518,0.6224510072286056,0.47409035698775737,0.38607624383575884,0.1859570840977531,0.17611108718354143,-1.587712238453433,-1.5901215195546998,6.300355461532837e-15,3.0086742844753736e-15
15,49,35,105,21,57,AdS minimum,AdS minimum,4.356159479727607,0.3688025948814349,-0.0013410299252203384,0.0,0.0013410299252203384,0.009172654240270656,0.12,8.760306591248934e-09,0.6915619148383265,0.6332483972363931,0.45689252111596257,0.3688025948814349,0.18918280168579935,0.179179594138716,-1.587712238453433,-1.5890532683786533,6.300355461532837e-15,2.5930136245105868e-15
15,62,35,132,21,73,AdS minimum,AdS minimum,4.521752777542488,0.3763525530729693,0.5521662954339766,0.5521662954339766,0.0,0.009338408283449277,0.16,0.0,0.6863603119450267,0.382905845853684,0.9599661533036435,0.5541605600905128,0.11439302652262223,0.14886363072811112,-1.587712238453433,-1.0355459430194565,6.300355461532837e-15,7.96692343588014e-15
16,9,37,22,22,11,AdS minimum,AdS minimum,3.9812902667508867,0.4271483379494609,0.3090177162428438,0.3090177162428438,0.0,0.009431506749967695,0.14,0.0,0.6523667743005621,0.4533059232438397,0.7911880541808426,1.0263530628078255,0.13082222459667525,0.09804781906936613,-1.5889028272701224,-1.2798851110272786,4.461358351983369e-15,1.5120518506755212e-14
16,6,37,14,22,7,AdS minimum,AdS minimum,4.240035212008127,0.3304546064175631,-0.40277352239301245,0.0,0.40277352239301245,0.009103263655515302,0.1,3.6070836872958978e-09,0.7185969803666172,0.6666646059793325,0.40546819914394266,0.3304546064175631,0.19239666269961425,0.19663589418428432,-1.5889028272701224,-1.991676349663135,4.461358351983369e-15,3.1509935702007135e-15
16,62,37,132,22,73,AdS minimum,AdS minimum,4.327319433914937,0.39161426061001264,0.553356884250666,0.553356884250666,0.0,0.009261515572101763,0.16,0.0,0.6759648099304768,0.3767568426420318,0.9761552793523907,0.7656269325396347,0.10873047484962449,0.1272535355868872,-1.5889028272701224,-1.0355459430194565,4.461358351983369e-15,7.96692343588014e-15
16,58,37,124,22,69,AdS minimum,AdS minimum,4.397244975320664,0.33437465265573924,-0.40273802646806645,0.0,0.40273802646806645,0.009104833635353193,0.1,2.9671148871202035e-10,0.7157855610240754,0.6640552202893694,0.40938996987716136,0.33437465265573924,0.1916436047242211,0.1958665812433008,-1.5889028272701224,-1.9916408537381889,4.461358351983369e-15,4.354985062489997e-15
16,43,37,93,22,51,AdS minimum,AdS minimum,4.466625152437467,0.3597555334113419,-1.0212832631821793,0.0,1.0212832631821793,0.00910783390008443,0.08,5.849386364165099e-09,0.6978469054720857,0.655882150313972,0.4217741550884746,0.3597555334113419,0.18928489035244656,0.1909578720901817,-1.5889028272701224,-2.6101860904523018,4.461358351983369e-15,2.2918728242450003e-15
16,0,37,0,22,0,AdS minimum,AdS minimum,4.516451091466166,0.3582880891604916,-0.40350551240192445,0.0,0.40350551240192445,0.009070660688862739,0.1,2.8081377778654826e-09,0.6988717086383515,0.6483881156477368,0.43326581802434394,0.3582880891604916,0.18712214277741843,0.19123829782597973,-1.5889028272701224,-1.992408339672047,4.461358351983369e-15,3.364864469033528e-15
17,4,39,9,23,5,dS minimum,AdS minimum,5.0547162514437485,0.4125182239029111,1.7107126724500814,1.7107126724500814,0.0,0.008987415254805373,0.02,0.0,0.6619811327010166,0.15114582914749672,1.889510152265766,0.9106176904125907,0.2645028439638713,0.1746740916541503,-4.322377328396414,-2.611664655946333,1.0717286784235561e-15,2.5887126899882362e-15
17,15,39,35,23,21,dS minimum,AdS minimum,5.160697980487827,0.47813758368018666,2.7346650899429816,2.7346650899429816,0.0,0.00909821323944671,0.06,0.0,0.6199368979143501,0.05775121188983143,2.8516109446951123,1.183547428057699,0.10106372020569607,0.1329525325734644,-4.322377328396414,-1.587712238453433,1.0717286784235561e-15,6.300355461532837e-15
17,6,39,14,23,7,dS minimum,AdS minimum,5.301197748497757,0.4483586942527063,2.3307009787332795,2.3307009787332795,0.0,0.009019129196438318,0.04,0.0,0.6386755536900519,0.08497692174052232,2.465375568292076,1.009253256121966,0.14870828787296206,0.15826745237445897,-4.322377328396414,-1.991676349663135,1.0717286784235561e-15,3.1509935702007135e-15
17,72,39,154,23,85,dS minimum,AdS minimum,5.320259154493961,0.5078546603652326,1.717738712727153,1.717738712727153,0.0,0.009160249845578505,0.02,0.0,0.6017852286518198,0.13655759103217835,1.9910088410134492,1.2613929001014754,0.23897365475840285,0.12299536780371666,-4.322377328396414,-2.6046386156692614,1.0717286784235561e-15,9.443839446524109e-15
17,16,39,37,23,22,dS minimum,AdS minimum,5.344167067111735,0.4620535568678701,2.7334745011262918,2.7334745011262918,0.0,0.009021320528099196,0.06,0.0,0.6299885988222392,0.05875198522845559,2.8344303354061275,1.1078625224814402,0.10281505794172446,0.1434056133573684,-4.322377328396414,-1.5889028272701224,1.0717286784235561e-15,4.461358351983369e-15
17,60,39,128,23,71,dS minimum,dS minimum,5.536371883775607,0.4836541824279663,2.327718874430783,2.327718874430783,0.0,0.008886499765308534,0.04,0.0,0.6165263707040198,0.08225012451842556,2.4979903754359705,0.4836541824279663,0.1439364352573432,0.2677049422368413,-4.322377328396414,-1.9946584539656316,1.0717286784235561e-15,1.2653230069444183e-16
18,37,41,80,25,43,AdS minimum,AdS minimum,4.117246729329856,0.34623906310472086,-1.6925261179313646,0.0,1.6925261179313646,0.009243119875030344,0.02,3.876084953002845e-09,0.7073433671906768,0.6911444046087192,0.36940649787431795,0.34623906310472086,0.30394544812121954,0.18974855228974388,-2.6057052263234692,-4.298231344254834,7.221441828803893e-15,5.0773683766666424e-15
18,19,41,43,25,26,AdS minimum,AdS minimum,4.77011711379144,0.38118106004955826,1.019003908508784,1.019003908508784,0.0,0.009360304785858971,0.08,0.0,0.6830542045948943,0.26991971459700237,1.3096307175464696,0.6929013066420757,0.11870293394964795,0.13416059374353392,-2.6057052263234692,-1.5867013178146852,7.221441828803893e-15,1.1403411545068124e-14
18,21,41,47,25,28,AdS minimum,AdS minimum,5.146258403723513,0.40597404007949245,1.0180782540761388,1.0180782540761388,0.0,0.009300480950728086,0.08,1.8917793997985655e-09,0.666327465008387,0.2635344745086147,1.3335710865088461,0.40597404007949245,0.11589488884780659,0.1787458223272683,-2.6057052263234692,-1.5876269722473304,7.221441828803893e-15,6.206529553313801e-15
18,25,41,57,25,32,AdS minimum,AdS minimum,5.206531571838311,0.47921245551368746,0.6116285022510828,0.6116285022510828,0.0,0.00910907058224079,0.06,9.083104046681001e-09,0.6192709031978365,0.3505974194585517,1.0481166668799007,0.47921245551368746,0.15418267015820147,0.1661226538726783,-2.6057052263234692,-1.9940767240723865,7.221441828803893e-15,2.852763637513903e-15
18,58,41,124,25,69,AdS minimum,AdS minimum,5.225098619314945,0.4398770466059963,0.6140643725852803,0.6140643725852803,0.0,0.009217454542863657,0.06,5.535009395263302e-09,0.6441156124152972,0.36386550643022636,1.0109709674518916,0.4398770466059963,0.16001759353083597,0.17278737686965245,-2.6057052263234692,-1.9916408537381889,7.221441828803893e-15,4.354985062489997e-15
18,22,41,49,25,29,AdS minimum,AdS minimum,5.226077932255795,0.5265944295540737,0.6100490782411747,0.6100490782411747,0.0,0.009038953395654074,0.06,1.634474283696008e-08,0.590612922539206,0.3348478574936501,1.0940790070528488,0.5265944295540737,0.14725646539228857,0.15843500089712315,-2.6057052263234692,-1.9956561480822945,7.221441828803893e-15,7.559212298511566e-16
19,48,43,103,26,56,AdS minimum,AdS minimum,4.75938850131086,0.49070905026066225,-0.4089174584026296,0.0,0.4089174584026296,0.009070206685769888,0.1,2.249395880671301e-08,0.6121921652431955,0.5679702181412895,0.5656862944854782,0.49070905026066225,0.15562080563968017,0.15695894765778573,-1.5867013178146852,-1.9956187762173148,1.1403411545068124e-14,1.7341339890211448e-15
19,18,43,41,26,25,AdS minimum,AdS minimum,4.77011711379144,0.38118106004955826,-1.019003908508784,0.0,1.019003908508784,0.009360304785858971,0.08,9.711907222875737e-09,0.6830542045948943,0.6418007365997039,0.4434774025979335,0.38118106004955826,0.1758499732902199,0.17512714999194792,-1.5867013178146852,-2.6057052263234692,1.1403411545068124e-14,7.221441828803893e-15
19,11,43,26,26,14,AdS minimum,AdS minimum,4.820023950839396,0.400099186217175,-0.0012006117993821341,0.0,0.0012006117993821341,0.009312333122781631,0.12,1.588812059694078e-08,0.6702535628231402,0.6136425020836885,0.48834276456832526,0.400099186217175,0.16813476745581235,0.17184521439082723,-1.5867013178146852,-1.5879019296140673,1.1403411545068124e-14,4.372333158560342e-15
19,0,43,0,26,0,AdS minimum,AdS minimum,4.901744356463498,0.4460207312011776,-0.40570702185736174,0.0,0.40570702185736174,0.009212889580035067,0.1,1.77583429072925e-08,0.6401705004206469,0.5938343188281113,0.5211549230579733,0.4460207312011776,0.1627074310602894,0.16413226723943222,-1.5867013178146852,-1.992408339672047,1.1403411545068124e-14,3.364864469033528e-15
19,44,43,95,26,52,AdS minimum,AdS minimum,4.933888353190233,0.39579045788547995,-2.6788861770386934,0.0,2.6788861770386934,0.00942460516891382,0.06,3.4611006283213896e-09,0.6731477339597259,0.6407233373907713,0.4451575261671106,0.39579045788547995,0.17555477166250366,0.17258724619347138,-1.5867013178146852,-4.265587494853379,1.1403411545068124e-14,1.0620665293874206e-14
19,33,43,73,26,40,AdS minimum,AdS minimum,5.12863439617204,0.4755954809344362,-2.7314351506461794,0.0,2.7314351506461794,0.00918250256222497,0.06,1.3545063015651948e-08,0.6215148460080584,0.5917350802038273,0.5246962439116809,0.4755954809344362,0.16213225089149447,0.15934917452653544,-1.5867013178146852,-4.318136468460865,1.1403411545068124e-14,4.55916425813923e-15
20,6,45,14,27,7,AdS minimum,AdS minimum,3.187889536382722,0.28882133630976253,-0.7090805592882985,0.0,0.7090805592882985,0.00919957801370705,0.12,6.054051038262287e-09,0.7491460386425337,0.6859566287404363,0.37694087666537857,0.28882133630976253,0.18796202924560754,0.1822512678513386,-1.2825957903748364,-1.991676349663135,5.937258360812534e-15,3.1509935702007135e-15
20,11,45,26,27,14,AdS minimum,AdS minimum,3.292149505686647,0.2659304130267756,-0.3053061392392309,0.0,0.3053061392392309,0.00926641858980105,0.14,3.3848828184801505e-09,0.7664924635357877,0.6927241049519927,0.3671234760142189,0.2659304130267756,0.18981641552645923,0.18647128339758923,-1.2825957903748364,-1.5879019296140673,5.937258360812534e-15,4.372333158560342e-15
20,21,45,47,27,28,AdS minimum,AdS minimum,4.320478811033877,0.33371268086074907,-0.305031181872494,0.0,0.305031181872494,0.009284174401409374,0.14,0.0,0.7162595477423452,0.6473130372247652,0.4349252727022994,0.3705900551904778,0.1773731267198585,0.16794181978901312,-1.2825957903748364,-1.5876269722473304,5.937258360812534e-15,6.206529553313801e-15
20,0,45,0,27,0,AdS minimum,AdS minimum,4.621329343585216,0.4054114154313633,-0.7098125492972105,0.0,0.7098125492972105,0.009166975047054486,0.12,5.255105128831872e-09,0.6667024627455191,0.6104889460860522,0.49349509192445207,0.4054114154313633,0.16728279359155696,0.16219450260346338,-1.2825957903748364,-1.992408339672047,5.937258360812534e-15,3.364864469033528e-15
20,49,45,105,27,57,AdS minimum,AdS minimum,4.752299355547849,0.4079263346207864,-0.30645747800381695,0.0,0.30645747800381695,0.00919207588711489,0.14,7.517615918661846e-09,0.6650278665480069,0.6010737596738023,0.5090376237348248,0.4079263346207864,0.16470289645283884,0.16178710903212626,-1.2825957903748364,-1.5890532683786533,5.937258360812534e-15,2.5930136245105868e-15
20,75,45,159,27,87,AdS minimum,dS minimum,4.809957015186068,0.5571900812840463,0.23930922380234954,0.23930922380234954,0.0,0.008550477905062734,0.18,3.104852613899922e-08,0.5728163720331599,0.4118860809158238,0.887008470498007,0.5571900812840463,0.11286273846367889,0.13935401732646926,-1.2825957903748364,-1.0432865665724869,5.937258360812534e-15,1.467861398419798e-15
21,20,47,45,28,27,AdS minimum,AdS minimum,4.320478811033877,0.33371268086074907,0.305031181872494,0.305031181872494,0.0,0.009284174401409374,0.14,8.995511557863267e-10,0.7162595477423452,0.49947297924188927,0.6942017779685826,0.33371268086074907,0.15866039214269873,0.19259102675972664,-1.5876269722473304,-1.2825957903748364,6.206529553313801e-15,5.937258360812534e-15
21,34,47,75,28,41,AdS minimum,AdS minimum,4.543470461125732,0.4032221058858852,-0.0024945473073694213,0.0,0.0024945473073694213,0.009109246627097297,0.12,6.912000249936767e-09,0.6681636797557322,0.6118658117487253,0.4912422823596924,0.4032221058858852,0.19436260551694273,0.17965879761508405,-1.5876269722473304,-1.5901215195546998,6.206529553313801e-15,3.0086742844753736e-15
21,42,47,91,28,50,AdS minimum,AdS minimum,4.567639487053538,0.3591738441731267,0.5515619552988986,0.5515619552988986,0.0,0.009289581729107573,0.16,0.0,0.6982529535923823,0.3897615854773134,0.942220046079209,0.48687047025038654,0.12380995281837304,0.16524200872383193,-1.5876269722473304,-1.0360650169484318,6.206529553313801e-15,7.303787176939063e-15
21,72,47,154,28,85,AdS minimum,AdS minimum,4.584310172853783,0.3760087490572725,-1.017011643421931,0.0,1.017011643421931,0.009326789360696934,0.08,0.0,0.6865963259454441,0.6451527184937937,0.4382682173540391,0.6673853046213927,0.20493637806697354,0.1379506875199809,-1.5876269722473304,-2.6046386156692614,6.206529553313801e-15,9.443839446524109e-15
21,4,47,9,28,5,AdS minimum,AdS minimum,4.679116839961873,0.41016899563745746,-1.0240376836990026,0.0,1.0240376836990026,0.0091539547699238,0.08,8.386073002686345e-09,0.6635381056154831,0.6236048576288121,0.4722383521739284,0.41016899563745746,0.19809157925550747,0.17841505283592995,-1.5876269722473304,-2.611664655946333,6.206529553313801e-15,2.5887126899882362e-15
21,26,47,59,28,33,AdS minimum,AdS minimum,4.681768568565079,0.38873555267087795,0.5521171746059832,0.5521171746059832,0.0,0.00934770285452343,0.16,0.0,0.6779135187314085,0.37820548338449245,0.9723176242259394,0.6096999186292256,0.12013909219950446,0.14614242654544643,-1.5876269722473304,-1.0355097976413472,6.206529553313801e-15,8.386726975100753e-15
22,31,49,69,29,38,AdS minimum,AdS minimum,4.350687945613495,0.366301239078638,0.7106946554974589,0.7106946554974589,0.0,0.008822660217819848,0.12,0.0,0.6932939225276769,0.3471158745036497,1.05809662249108,0.6893419620742522,0.13586116398082682,0.1629562863456282,-1.9956561480822945,-1.2849614925848356,7.559212298511566e-16,1.2193220110405903e-15
22,11,49,26,29,14,AdS minimum,AdS minimum,4.8434206315549355,0.47472001861248914,0.40775421846822724,0.40775421846822724,0.0,0.008990981732576734,0.1,0.0,0.6220591970829298,0.408117080303115,0.8962011842163167,1.1777657445276097,0.1597370378111439,0.09998880207395937,-1.9956561480822945,-1.5879019296140673,7.559212298511566e-16,4.372333158560342e-15
22,60,49,128,29,71,AdS minimum,dS minimum,4.853654302784555,0.4152469302567465,0.0009976941166629505,0.0009976941166629505,0.0,0.00879151172535295,0.08,2.3732695808575954e-09,0.6601772428402477,0.620167525554571,0.47776563493375046,0.4152469302567465,0.24273358861917235,0.21434288834603174,-1.9956561480822945,-1.9946584539656316,7.559212298511566e-16,1.2653230069444183e-16
22,30,49,67,29,37,AdS minimum,dS minimum,4.864968669317206,0.3952958842424892,-2.3370692974922704,0.0,2.3370692974922704,0.00879619459433054,0.04,4.779562856604969e-09,0.6734807374273627,0.6498773008197892,0.43097170188092493,0.5960914052031226,0.2543619955738042,0.17888310356188253,-1.9956561480822945,-4.332725445574565,7.559212298511566e-16,9.897236789312433e-16
22,68,49,144,29,80,AdS minimum,dS minimum,4.873902065735535,0.4088071103397786,0.9572112662741423,0.9572112662741423,0.0,0.008779320136100765,0.14,7.479055208481356e-09,0.6644423840279418,0.2663100774434913,1.323093944431802,0.9098099614960686,0.10423377252058355,0.13071429450728866,-1.9956561480822945,-1.0384448818081522,7.559212298511566e-16,1.8410839386576936e-15
22,74,49,158,29,87,AdS minimum,dS minimum,4.945753790621446,0.4209937777089865,0.956192855057306,0.956192855057306,0.0,0.008673062854167123,0.14,4.763731686896477e-09,0.6563941856721073,0.26334295701771065,1.3342980772200792,0.4209937777089865,0.1030724414944694,0.21311462516520954,-1.9956561480822945,-1.0394632930249885,7.559212298511566e-16,3.204880241365777e-16
23,61,52,130,30,72,AdS minimum,AdS minimum,4.24629863542678,0.34910055800322803,-0.0005835440542396597,0.0,0.0005835440542396597,0.009434402142660985,0.2,7.384928557563342e-09,0.7053222009116008,0.6129460198480144,0.4894784058988515,0.34910055800322803,0.17641059848410917,0.2029500543784867,-1.0351740085001124,-1.035757552554352,8.103679040829958e-15,4.1235297701461186e-15
23,56,52,120,30,67,AdS minimum,AdS minimum,5.0289905602536615,0.45110842912333354,-0.9485922681233816,0.0,0.9485922681233816,0.00965202673639877,0.14,0.0,0.6369217775637691,0.5753793834025954,0.5527256585333722,0.8761365534676839,0.16559863037635544,0.11981200816528934,-1.0351740085001124,-1.983766276623494,8.103679040829958e-15,1.6208430673390828e-14
23,50,52,107,30,58,AdS minimum,AdS minimum,5.151802901869833,0.4003175497571198,-0.2459218178939453,0.0,0.2459218178939453,0.009523846953135,0.18,2.927968978383433e-11,0.6701072198610666,0.5899049944363801,0.5277937814275281,0.4257636056903512,0.1697792134176691,0.18797272331208703,-1.0351740085001124,-1.2810958263940577,8.103679040829958e-15,8.353761732959093e-15
23,9,52,22,30,11,AdS minimum,AdS minimum,5.235114991694362,0.44892927607072974,-0.2447111025271662,0.0,0.2447111025271662,0.009626522799382965,0.18,0.0,0.6383112409764894,0.5618510773361454,0.576518451150051,0.8433809308451253,0.16170507940713563,0.12380150766201986,-1.0351740085001124,-1.2798851110272786,8.103679040829958e-15,1.5120518506755212e-14
23,26,52,59,30,33,AdS minimum,AdS minimum,5.24225585059566,0.40582845130335227,-0.0003357891412347769,0.0,0.0003357891412347769,0.009460313847897257,0.2,0.0,0.666424481870638,0.5791262385813394,0.5462347965360392,0.43451553565037615,0.16667700423492035,0.186334777252893,-1.0351740085001124,-1.0355097976413472,8.103679040829958e-15,8.386726975100753e-15
23,16,52,37,30,22,AdS minimum,AdS minimum,5.249316418508411,0.4739546476376226,-0.55372881877001,0.0,0.55372881877001,0.009300471036591451,0.16,5.493952237589639e-09,0.6225354853823953,0.5553342079979728,0.5881851698983374,0.4739546476376226,0.15982947407981038,0.17912892922922413,-1.0351740085001124,-1.5889028272701224,8.103679040829958e-15,4.461358351983369e-15
24,26,55,59,31,33,dS minimum,AdS minimum,4.972919979892371,0.47483467784584343,0.24919009998538355,0.24919009998538355,0.0,0.00918371496086395,0.18,0.0,0.6219878763411602,0.44319370406017217,0.8137483492903698,1.1417632354655123,0.14548433200418984,0.11780342461721341,-1.2846998976267308,-1.0355097976413472,1.80631788727262e-15,8.386726975100753e-15
24,23,55,52,31,30,dS minimum,AdS minimum,5.2703254670394575,0.5083843847524127,0.24952588912661833,0.24952588912661833,0.0,0.009218888198973416,0.18,0.0,0.6014665327583041,0.428432462331502,0.847622167528909,1.1689185635561579,0.14063875461269246,0.11464747828421934,-1.2846998976267308,-1.0351740085001124,1.80631788727262e-15,8.103679040829958e-15
24,59,55,126,31,70,dS minimum,AdS minimum,5.343173703815676,0.4553950960494228,-0.3041184693138195,0.0,0.3041184693138195,0.009029361153431151,0.14,0.0,0.6341973495749522,0.5733107470389777,0.556327393318197,0.4553950960494228,0.18819701250192966,0.2340150622005193,-1.2846998976267308,-1.5888183669405502,1.80631788727262e-15,4.980377992421974e-16
24,6,55,14,31,7,dS minimum,AdS minimum,5.507882041303281,0.4514730478535923,-0.7069764520364041,0.0,0.7069764520364041,0.009021680817897266,0.12,0.0,0.6366895862871763,0.583099815740865,0.5393968967532793,0.8142076282405888,0.1914104067988031,0.1634607580287562,-1.2846998976267308,-1.991676349663135,1.80631788727262e-15,3.1509935702007135e-15
24,74,55,158,31,87,dS minimum,dS minimum,5.603544090498822,0.5126992057090312,0.24523660460174224,0.24523660460174224,0.0,0.008770602515581656,0.18,0.0,0.5988769032695876,0.4283571441598772,0.8477979823876518,0.5126992057090312,0.1406140304034218,0.22098202690852436,-1.2846998976267308,-1.0394632930249885,1.80631788727262e-15,3.204880241365777e-16
24,29,55,65,31,36,dS minimum,AdS minimum,5.619218583445805,0.46592437124665653,-3.0421469178814187,0.0,3.0421469178814187,0.008919777526062541,0.08,0.0,0.6275547434355717,0.58993900633161,0.5277361265253253,0.9062220433743766,0.1936554636789631,0.14909124996076736,-1.2846998976267308,-4.32684681550815,1.80631788727262e-15,3.747526190918694e-15
25,58,57,124,32,69,AdS minimum,AdS minimum,3.41020569589029,0.2964933646602105,0.002435870334197565,0.002435870334197565,0.0,0.008995828322907344,0.08,0.0,0.7434205600957616,0.6973559809022862,0.3604592655994765,0.5896948780770233,0.1841839395956658,0.17192529004499665,-1.9940767240723865,-1.9916408537381889,2.852763637513903e-15,4.354985062489997e-15
25,33,57,73,32,40,AdS minimum,AdS minimum,4.289950357948372,0.3509432397656092,-2.324059744388478,0.0,2.324059744388478,0.00893126835860679,0.04,0.0,0.7040237132725393,0.6792489102906977,0.3867676349600767,0.6690806099957198,0.1794015448200962,0.15880456421841027,-1.9940767240723865,-4.318136468460865,2.852763637513903e-15,4.55916425813923e-15
25,38,57,82,32,44,AdS minimum,AdS minimum,4.449229107044014,0.39404479371447426,0.4057189473907834,0.4057189473907834,0.0,0.009031635324801918,0.1,0.0,0.6743238500939222,0.4431527776480035,0.8138406978539223,0.8211483021666066,0.11704441729224696,0.13640202593004724,-1.9940767240723865,-1.588357776681603,2.852763637513903e-15,5.733906855106525e-15
25,37,57,80,32,43,AdS minimum,AdS minimum,4.503176827794503,0.3970152913054203,-2.304154620182447,0.0,2.304154620182447,0.009021493655074032,0.04,0.0,0.6723237448463304,0.6486000977978078,0.4329389343260017,0.7694353892777557,0.17130665614994328,0.14364134184656338,-1.9940767240723865,-4.298231344254834,2.852763637513903e-15,5.0773683766666424e-15
25,29,57,65,32,36,AdS minimum,AdS minimum,4.614906578155907,0.3606878295636106,-2.332770091435763,0.0,2.332770091435763,0.008892355051234724,0.04,0.0,0.6971966086689471,0.6726908471921175,0.39646942011996883,0.5636345553895952,0.17766944538925664,0.17646460974979394,-1.9940767240723865,-4.32684681550815,2.852763637513903e-15,3.747526190918694e-15
25,48,57,103,32,56,AdS minimum,AdS minimum,4.626265214779943,0.37657993962982916,-0.0015420521449283076,0.0,0.0015420521449283076,0.008818972482151709,0.08,3.698947537156272e-09,0.6862042605795919,0.6451445929881703,0.43828081213440667,0.37657993962982916,0.17039399675279104,0.21276216821018842,-1.9940767240723865,-1.9956187762173148,2.852763637513903e-15,1.7341339890211448e-15
26,42,59,91,33,50,AdS minimum,AdS minimum,4.539666557191437,0.36147701917374353,-0.0005552193070845757,0.0,0.0005552193070845757,0.009367019484371932,0.2,1.165627983024109e-09,0.696646605406142,0.6054515465035084,0.5017807414807737,0.36147701917374353,0.17366490639967483,0.18586375299722385,-1.0355097976413472,-1.0360650169484318,8.386726975100753e-15,7.303787176939063e-15
26,34,59,75,33,41,AdS minimum,AdS minimum,4.631513818626281,0.4474282677269234,-0.5546117219133526,0.0,0.5546117219133526,0.009186684382361657,0.16,1.0425781071798923e-08,0.6392700709009765,0.5703337128282384,0.561533628366857,0.4474282677269234,0.16359187027746921,0.17055582218359766,-1.0355097976413472,-1.5901215195546998,8.386726975100753e-15,3.0086742844753736e-15
26,21,59,47,33,28,AdS minimum,AdS minimum,4.681768568565079,0.38873555267087795,-0.5521171746059832,0.0,0.5521171746059832,0.00934770285452343,0.16,3.5137808218621558e-09,0.6779135187314085,0.6047028924422928,0.5030180284461894,0.38873555267087795,0.17345016594981127,0.18086580745701933,-1.0355097976413472,-1.5876269722473304,8.386726975100753e-15,6.206529553313801e-15
26,20,59,45,33,27,AdS minimum,AdS minimum,4.924780039307836,0.3991126664650987,-0.2470859927334892,0.0,0.2470859927334892,0.009361612156673731,0.18,4.4133319776484825e-09,0.6709151074615386,0.5907215972855676,0.5264104431474388,0.3991126664650987,0.16943983625660794,0.17899864701506504,-1.0355097976413472,-1.2825957903748364,8.386726975100753e-15,5.937258360812534e-15
26,9,59,22,33,11,AdS minimum,AdS minimum,4.955584007040604,0.4392087475922357,-0.24437531338593144,0.0,0.24437531338593144,0.009591349561273499,0.18,0.0,0.6445462181144778,0.5673611483302321,0.5667592321096366,0.8177488617655143,0.162739233698548,0.11777099893918211,-1.0355097976413472,-1.2798851110272786,8.386726975100753e-15,1.5120518506755212e-14
26,24,59,55,33,31,AdS minimum,dS minimum,4.972919979892371,0.47483467784584343,-0.24919009998538355,0.0,0.24919009998538355,0.00918371496086395,0.18,2.386117536889998e-08,0.6219878763411602,0.547749736153208,0.6019367821986753,0.47483467784584343,0.15711398741788865,0.16594497140791203,-1.0355097976413472,-1.2846998976267308,8.386726975100753e-15,1.80631788727262e-15
27,74,61,158,34,87,AdS minimum,dS minimum,4.22688168480298,0.34851009978498576,0.24625162317960747,0.24625162317960747,0.0,0.008684919870262044,0.18,3.5601985248767676e-09,0.7057387871779268,0.5044041768912915,0.6843773940150891,0.34851009978498576,0.15821917640732538,0.325358583678213,-1.285714916204596,-1.0394632930249885,3.719613372784768e-16,3.204880241365777e-16
27,75,61,159,34,87,AdS minimum,dS minimum,4.7618731355852075,0.4771095487370166,0.24242834963210913,0.24242834963210913,0.0,0.00828689806393334,0.18,1.6291580695604324e-08,0.6205745424122209,0.44517436325838927,0.8092892460133215,1.1117165034351442,0.13964024157472021,0.1516721835760575,-1.285714916204596,-1.0432865665724869,3.719613372784768e-16,1.467861398419798e-15
27,11,61,26,34,14,AdS minimum,AdS minimum,4.815086518060617,0.48316323008803097,-0.3021870134094713,0.0,0.3021870134094713,0.009002838748671655,0.14,0.0,0.6168291300824802,0.557626245078835,0.5840663527115698,1.260852377913443,0.1749136293502527,0.1306583146219282,-1.285714916204596,-1.5879019296140673,3.719613372784768e-16,4.372333158560342e-15
27,33,61,73,34,40,AdS minimum,AdS minimum,4.993483470211222,0.46819249018201364,-3.0324215522562685,0.0,3.0324215522562685,0.008873008188114994,0.08,0.0,0.626132987604176,0.5886327529660096,0.5299527991889401,1.2488448819833686,0.18463960777376862,0.13223665077177135,-1.285714916204596,-4.318136468460865,3.719613372784768e-16,4.55916425813923e-15
27,20,61,45,34,27,AdS minimum,AdS minimum,5.084720430903255,0.5144049736515061,0.0031191258297595947,0.0031191258297595947,0.0,0.00903450386243028,0.16,0.0,0.5978562290107002,0.5320625694247891,0.630994184855475,1.3111536045055225,0.16689493344480855,0.12424860080389194,-1.285714916204596,-1.2825957903748364,3.719613372784768e-16,5.937258360812534e-15
27,69,61,146,34,81,AdS minimum,dS minimum,5.283417294421142,0.4791307890393792,-0.30797269522480364,0.0,0.30797269522480364,0.008630049643070858,0.14,1.4280186921844518e-08,0.6193214789342854,0.5601090095102953,0.5796238543568973,1.2220658084537064,0.1756924114491244,0.13582566654813785,-1.285714916204596,-1.5936876114293996,3.719613372784768e-16,2.9530396863399185e-15
28,32,63,71,35,39,dS minimum,dS minimum,4.9862705934973155,0.5045368586178786,1.6026872891277022,1.6026872891277022,0.0,0.0078870570844152,0.12000000000000001,0.0,0.6037851485693102,0.14177743400172532,1.9534968171692821,0.5045368586178786,0.09868106028979262,0.16827664788197472,-2.64367277368573,-1.040985484558028,4.967725246209075e-15,1.9996712722978376e-15
28,57,63,122,35,68,dS minimum,dS minimum,5.293651561006577,0.44166619315448985,1.0445127523331266,1.0445127523331266,0.0,0.007640150338010602,0.08,0.0,0.6429642254976153,0.24909866948685505,1.3899061980094591,0.4426508518890026,0.17337964249966842,0.17901960864951794,-2.64367277368573,-1.5991600213526036,4.967725246209075e-15,4.973486642754688e-15
28,8,63,19,35,9,dS minimum,dS minimum,5.3240451155651725,0.43914285221308985,0.6302856599500966,0.6302856599500966,0.0,0.007339793272398092,0.06,5.310331008256952e-09,0.6445886921313028,0.3598890678954963,1.0219594397530583,0.5460711579361677,0.25049285915416236,0.161430553246178,-2.64367277368573,-2.0133871137356336,4.967725246209075e-15,5.682582840659357e-15
28,63,63,134,35,75,dS minimum,dS minimum,5.622300086538578,0.511228480166137,1.601682430523955,1.601682430523955,0.0,0.007782391153422191,0.12000000000000001,0.0,0.5997583348413585,0.14096844945398743,1.959219176380263,0.511228480166137,0.09811798441321933,0.16715436337830572,-2.64367277368573,-1.0419903431617752,4.967725246209075e-15,4.852796687006685e-15
28,10,63,24,35,13,dS minimum,dS minimum,5.6680533653167995,0.5527216399259394,0.6437896718326537,0.6437896718326537,0.0,0.007932678504383645,0.06,0.0,0.5753816956311082,0.3173757717359478,1.1476688073385168,0.5527216399259394,0.22090241571739408,0.16036052430715744,-2.64367277368573,-1.9998831018530765,4.967725246209075e-15,2.494950291988872e-15
28,36,63,78,35,42,dS minimum,dS minimum,5.742190866295718,0.5317546215128731,1.0446292925501999,1.0446292925501999,0.0,0.00764771509524687,0.08,0.0,0.5875730962743456,0.22761446897929283,1.4801020067853146,0.5317546215128731,0.1584260379257632,0.163758302536866,-2.64367277368573,-1.5990434811355303,4.967725246209075e-15,2.2029285171196132e-15
29,14,65,33,36,20,AdS minimum,AdS minimum,3.6391591009909745,0.28386040909604443,0.007861464213235969,0.007861464213235969,0.0,0.008932379883521517,0.0,4.67357819111669e-10,0.7528717314170021,0.7405454483785345,0.30036827189968707,0.28734273667140325,0.6216454798285534,0.20988564951685829,-4.32684681550815,-4.318985351294914,3.747526190918694e-15,3.7629424240572614e-15
29,72,65,154,36,85,AdS minimum,AdS minimum,4.535643311408324,0.43502633937392277,1.7222081998388883,1.7222081998388883,0.0,0.009140289681159885,0.02,0.0,0.6472476187564635,0.14632024099118063,1.9219576278862534,0.9477273752906965,0.1228274599739321,0.10843796059344679,-4.32684681550815,-2.6046386156692614,3.747526190918694e-15,9.443839446524109e-15
29,34,65,75,36,41,AdS minimum,AdS minimum,4.541929610120474,0.36590094032725196,2.73672529595345,2.73672529595345,0.0,0.008922746947560248,0.06,2.8217535530394855e-09,0.6935715027730145,0.06451016532590255,2.7409324656463157,0.36590094032725196,0.05415258815734612,0.19402842183625998,-4.32684681550815,-1.5901215195546998,3.747526190918694e-15,3.0086742844753736e-15
29,25,65,57,36,32,AdS minimum,AdS minimum,4.614906578155907,0.3606878295636106,2.332770091435763,2.332770091435763,0.0,0.008892355051234724,0.04,3.1010779499851537e-09,0.6971966086689471,0.09261316283681241,2.3793240001661755,0.3606878295636106,0.07774344461395115,0.19504255458705053,-4.32684681550815,-1.9940767240723865,3.747526190918694e-15,2.852763637513903e-15
29,21,65,47,36,28,AdS minimum,AdS minimum,4.900952351145259,0.4462390312609541,2.7392198432608192,2.7392198432608192,0.0,0.009083765419722022,0.06,0.0,0.6400307664146637,0.059393645289523025,2.823568039994345,0.7830057927951617,0.04985756270005407,0.12785538239860977,-4.32684681550815,-1.5876269722473304,3.747526190918694e-15,6.206529553313801e-15
29,58,65,124,36,69,AdS minimum,AdS minimum,4.909808381922102,0.410913243212071,2.3352059617699608,2.3352059617699608,0.0,0.009000739011857588,0.04,0.0,0.6630444527124894,0.08788385870535366,2.4317391236295807,0.5294762310126275,0.07377346472616299,0.1647500310677747,-4.32684681550815,-1.9916408537381889,3.747526190918694e-15,4.354985062489997e-15
30,11,67,26,37,14,dS minimum,AdS minimum,4.321859403069044,0.42117969243234854,2.7448235159604977,2.7448235159604977,0.0,0.009039966337796228,0.06,0.0,0.6562721636718563,0.06061434825970354,2.8032236439703477,1.0787732365234497,0.05114202370050466,0.1246118273235363,-4.332725445574565,-1.5879019296140673,9.897236789312433e-16,4.372333158560342e-15
30,14,67,33,37,20,dS minimum,AdS minimum,4.740913800794909,0.3960350974472411,0.01374009427965106,0.01374009427965106,0.0,0.00890633661320405,0.0,0.0,0.6729830755348932,0.6586841488887805,0.41751114785946897,1.0224693256955457,0.555750269049936,0.13182923818910297,-4.332725445574565,-4.318985351294914,9.897236789312433e-16,3.7629424240572614e-15
30,6,67,14,37,7,dS minimum,AdS minimum,4.813560973117444,0.42734688920519737,2.34104909591143,2.34104909591143,0.0,0.008973125761702228,0.04,0.0,0.6522372589164706,0.08602571127749574,2.453109059067785,1.0103628067724397,0.07258230256236659,0.1334349314217483,-4.332725445574565,-1.991676349663135,9.897236789312433e-16,3.1509935702007135e-15
30,12,67,29,37,15,dS minimum,AdS minimum,4.845477668649063,0.4580009860384821,1.7260036565911077,1.7260036565911077,0.0,0.009062900675566414,0.02,0.0,0.6325468524915175,0.14254845743764907,1.9480732848840465,1.0934651539398887,0.12027212694775721,0.12279442390862491,-4.332725445574565,-2.606721788983457,9.897236789312433e-16,3.921326889136822e-15
30,22,67,49,37,29,dS minimum,AdS minimum,4.864968669317206,0.3952958842424892,2.3370692974922704,2.3370692974922704,0.0,0.00879619459433054,0.04,0.0,0.6734807374273627,0.08914592892522197,2.4174806011646823,0.3952958842424892,0.07521491760273702,0.2468253191379554,-4.332725445574565,-1.9956561480822945,9.897236789312433e-16,7.559212298511566e-16
30,70,67,148,37,82,dS minimum,AdS minimum,4.875906818024462,0.42123895814595175,1.7236074232498932,1.7236074232498932,0.0,0.009003950543837288,0.02,0.0,0.6562332703862889,0.1481974735988652,1.909209613506582,0.42123895814595175,0.12503836013669858,0.24050426001903213,-4.332725445574565,-2.6091180223246715,9.897236789312433e-16,7.782892749815e-16
31,22,69,49,38,29,AdS minimum,AdS minimum,4.350687945613495,0.366301239078638,-0.7106946554974589,0.0,0.7106946554974589,0.008822660217819848,0.12,1.9724376576490954e-09,0.6932939225276769,0.6350788168313491,0.4540061667975681,0.366301239078638,0.18831137520741867,0.20998551018243045,-1.2849614925848356,-1.9956561480822945,1.2193220110405903e-15,7.559212298511566e-16
31,34,69,75,38,41,AdS minimum,AdS minimum,4.475156694075596,0.3638092124312486,-0.3051600269698642,0.0,0.3051600269698642,0.00892316930073209,0.14,0.0,0.6950237839922905,0.6283708893773224,0.4646246986620539,0.8693306775720908,0.186322363749027,0.1269773965519246,-1.2849614925848356,-1.5901215195546998,1.2193220110405903e-15,3.0086742844753736e-15
31,32,69,71,38,39,AdS minimum,dS minimum,4.677034586553494,0.44998745031886145,0.24397600802680763,0.24397600802680763,0.0,0.008589833265715555,0.18,1.740986538267819e-08,0.6376361537019728,0.45666011904371884,0.7838158867913341,0.7816904063284563,0.13540727975869923,0.1386079385700614,-1.2849614925848356,-1.040985484558028,1.2193220110405903e-15,1.9996712722978376e-15
31,41,69,88,38,49,AdS minimum,AdS minimum,4.8213699803178836,0.4486397662196129,-0.307663180833569,0.0,0.307663180833569,0.008762012495960862,0.14,4.77823064448657e-09,0.6384960651217452,0.5773665280554786,0.5492779835488428,0.4486397662196129,0.1711987268593351,0.19338828399828012,-1.2849614925848356,-1.5926246734184046,1.2193220110405903e-15,1.4566635011556548e-16
31,43,69,93,38,51,AdS minimum,AdS minimum,4.865128880306516,0.4214169345061637,-1.3252245978674662,0.0,1.3252245978674662,0.009004161629760667,0.1,0.0,0.6561164867700453,0.6087658838865911,0.4963215122989004,0.8191999971523534,0.18050915529825765,0.1335051122523126,-1.2849614925848356,-2.6101860904523018,1.2193220110405903e-15,2.2918728242450003e-15
31,13,69,31,38,19,AdS minimum,dS minimum,4.945461469201781,0.42742014491397556,0.24582412687601485,0.24582412687601485,0.0,0.008782511112397006,0.18,6.691800336078302e-09,0.652189480563817,0.46625088029157186,0.763031420001075,0.42742014491397556,0.1382510991272625,0.1975357584449909,-1.2849614925848356,-1.0391373657088208,1.2193220110405903e-15,4.589950657555417e-16
32,10,71,24,39,13,dS minimum,dS minimum,4.3350095132012925,0.3552968445676187,-0.9588976172950485,0.0,0.9588976172950485,0.0083271775048709,0.14,4.495669947424119e-10,0.7009653345704849,0.63415825624826,0.4554567401601519,0.5240325376550291,0.18510140713788523,0.20957433189067884,-1.040985484558028,-1.9998831018530765,1.9996712722978376e-15,2.494950291988872e-15
32,31,71,69,39,38,dS minimum,AdS minimum,4.677034586553494,0.44998745031886145,-0.24397600802680763,0.0,0.24397600802680763,0.008589833265715555,0.18,0.0,0.6376361537019728,0.5618972545368058,0.5764362669111486,0.44998745031886145,0.16400949046535823,0.22568124197384345,-1.040985484558028,-1.2849614925848356,1.9996712722978376e-15,1.2193220110405903e-15
32,34,71,75,39,41,dS minimum,AdS minimum,4.832672940786518,0.469444816470706,-0.5491360349966719,0.0,0.5491360349966719,0.00861489211991899,0.16,0.0,0.625349355587485,0.5582651792802428,0.5829211978026169,0.7545047728695609,0.16294934146596193,0.1664352337700478,-1.040985484558028,-1.5901215195546998,1.9996712722978376e-15,3.0086742844753736e-15
32,28,71,63,39,35,dS minimum,dS minimum,4.9862705934973155,0.5045368586178786,-1.6026872891277022,0.0,1.6026872891277022,0.0078870570844152,0.12000000000000001,2.9464958806180164e-08,0.6037851485693102,0.553655490756187,0.5912126435094545,1.012384163528665,0.16160384162603544,0.12860257780215875,-1.040985484558028,-2.64367277368573,1.9996712722978376e-15,4.967725246209075e-15
32,16,71,37,39,22,dS minimum,AdS minimum,5.031515207905837,0.5154110969556532,-0.5479173427120945,0.0,0.5479173427120945,0.008693505536039318,0.16,0.0,0.5972550144248825,0.5331385456472906,0.6289739530452965,0.984423862272404,0.15561524907455607,0.1322490857904311,-1.040985484558028,-1.5889028272701224,1.9996712722978376e-15,4.461358351983369e-15
32,1,71,2,39,1,dS minimum,dS minimum,5.034640054574167,0.4102675602176766,-0.24812301012881366,0.0,0.24812301012881366,0.008240252392340296,0.18,1.3938650678113618e-08,0.6634727074836664,0.5848897866998505,0.5363318483032389,0.9457960325083683,0.17072067023020315,0.13745752877284,-1.040985484558028,-1.2891084946868416,1.9996712722978376e-15,5.405006277784081e-15
33,37,73,80,40,43,AdS minimum,AdS minimum,3.6987643989194483,0.30748739622030985,0.019905124206030855,0.019905124206030855,0.0,0.009065317651396343,0.0,4.292916022663462e-11,0.7352921349494752,0.7157827346870711,0.3343786012441689,0.39423971909144984,0.3081984503202377,0.1735429249724821,-4.318136468460865,-4.298231344254834,4.55916425813923e-15,5.0773683766666424e-15
33,14,73,33,40,20,AdS minimum,AdS minimum,4.238279730124141,0.3226090453517669,-0.0008488828340489363,0.0,0.0008488828340489363,0.008971293190893584,0.0,2.6162281230313056e-09,0.7242569506467769,0.7171448260811782,0.3324774698239209,0.3226090453517669,0.30878493339186686,0.18642996554789154,-4.318136468460865,-4.318985351294914,4.55916425813923e-15,3.7629424240572614e-15
33,25,73,57,40,32,AdS minimum,AdS minimum,4.289950357948372,0.3509432397656092,2.324059744388478,2.324059744388478,0.0,0.00893126835860679,0.04,5.24994825390479e-09,0.7040237132725393,0.0942109914989379,2.3622184216277438,0.3509432397656092,0.040564937062640506,0.18122175630221862,-4.318136468460865,-1.9940767240723865,4.55916425813923e-15,2.852763637513903e-15
33,48,73,103,40,56,AdS minimum,AdS minimum,4.29980760010591,0.38129258144875794,2.32251769224355,2.32251769224355,0.0,0.00886279647847402,0.04,8.948895791061062e-09,0.682978033681691,0.09152146878486372,2.391181702693768,0.38129258144875794,0.03940689469529965,0.1758044174454082,-4.318136468460865,-1.9956187762173148,4.55916425813923e-15,1.7341339890211448e-15
33,58,73,124,40,69,AdS minimum,AdS minimum,4.311123125072861,0.3527535574840762,2.326495614722676,2.326495614722676,0.0,0.009039652319229655,0.04,1.7018536024870912e-09,0.7027503596052921,0.09383489766482539,2.3662184488258933,0.3527535574840762,0.04040300030273927,0.1808939841212224,-4.318136468460865,-1.9916408537381889,4.55916425813923e-15,4.354985062489997e-15
33,44,73,95,40,52,AdS minimum,AdS minimum,4.663465634992565,0.4395258873274825,0.052548973607486005,0.052548973607486005,0.0,0.009217194961617952,0.0,0.0,0.644341839307544,0.6099785847784445,0.49433142935162533,0.924643884911538,0.262641784227216,0.102106951610777,-4.318136468460865,-4.265587494853379,4.55916425813923e-15,1.0620665293874206e-14
34,15,75,35,41,21,AdS minimum,AdS minimum,4.335719001008679,0.38607624383575884,0.0024092811012668136,0.0024092811012668136,0.0,0.009103734282403363,0.12,0.0,0.6797186993437518,0.621177604419962,0.4761382404824793,0.83016690151083,0.18329040388990842,0.13551020317966134,-1.5901215195546998,-1.587712238453433,3.0086742844753736e-15,6.300355461532837e-15
34,4,75,9,41,5,AdS minimum,AdS minimum,4.457025553959736,0.3596995589755131,-1.0215431363916332,0.0,1.0215431363916332,0.008992936297762027,0.08,1.4740727527495778e-09,0.69788596815216,0.6560017712217052,0.4215917900086059,0.3596995589755131,0.19356594433567395,0.21691688901341183,-1.5901215195546998,-2.611664655946333,3.0086742844753736e-15,2.5887126899882362e-15
34,31,75,69,41,38,AdS minimum,AdS minimum,4.475156694075596,0.3638092124312486,0.3051600269698642,0.3051600269698642,0.0,0.00892316930073209,0.14,5.568525529575652e-09,0.6950237839922905,0.48480393584742054,0.7240107257628325,0.3638092124312486,0.14305072909359928,0.21602726504606623,-1.5901215195546998,-1.2849614925848356,3.0086742844753736e-15,1.2193220110405903e-15
34,29,75,65,41,36,AdS minimum,AdS minimum,4.541929610120474,0.36590094032725196,-2.73672529595345,0.0,2.73672529595345,0.008922746947560248,0.06,0.0,0.6935715027730145,0.6605278690975868,0.4147159619695682,0.5334845911096536,0.19490145659788793,0.1823137762789259,-1.5901215195546998,-4.32684681550815,3.0086742844753736e-15,3.747526190918694e-15
34,21,75,47,41,28,AdS minimum,AdS minimum,4.543470461125732,0.4032221058858852,0.0024945473073694213,0.0024945473073694213,0.0,0.009109246627097297,0.12,0.0,0.6681636797557322,0.6105698104197111,0.49336264238695626,0.841176514249472,0.18016037017193098,0.13402647096615383,-1.5901215195546998,-1.5876269722473304,3.0086742844753736e-15,6.206529553313801e-15
34,26,75,59,41,33,AdS minimum,AdS minimum,4.631513818626281,0.4474282677269234,0.5546117219133526,0.5546117219133526,0.0,0.009186684382361657,0.16,0.0,0.6392700709009765,0.3559540661320459,1.032953584173871,0.992497255975066,0.10503109591099939,0.11520539551578092,-1.5901215195546998,-1.0355097976413472,3.0086742844753736e-15,8.386726975100753e-15
35,36,77,78,42,42,dS minimum,dS minimum,1.6414541878065416,0.20159008132022527,-0.006230622000882979,0.0,0.006230622000882979,0.008202278036563655,0.12,1.2397125881413729e-08,0.8174299390753189,0.7493024315975246,0.28861259645828974,0.6415257630809866,0.20297071669433905,0.18217270195732635,-1.5928128591346473,-1.5990434811355303,1.0627557417675658e-15,2.2029285171196132e-15
35,10,77,24,42,13,dS minimum,dS minimum,4.0589719403749305,0.35637658177636933,-0.4070702427184292,0.0,0.4070702427184292,0.008487241445700431,0.1,8.43785191717572e-09,0.700208884673746,0.650045737167396,0.43071255369502875,0.8443082939218953,0.17608410648777376,0.14873595475566795,-1.5928128591346473,-1.9998831018530765,1.0627557417675658e-15,2.494950291988872e-15
35,52,77,111,42,61,dS minimum,dS minimum,4.186182697315436,0.3472165608285288,-0.00029232966144210337,0.0,0.00029232966144210337,0.008582844807910748,0.12,1.0456654431223456e-08,0.7066522784831445,0.6474862650187255,0.4346576979597215,0.9829871973981326,0.17539079778561556,0.12947576421172646,-1.5928128591346473,-1.5931051887960894,1.0627557417675658e-15,4.2167066457998865e-15
35,48,77,103,42,56,dS minimum,AdS minimum,4.311578760862352,0.35554379699394256,-0.40280591708266744,0.0,0.40280591708266744,0.008676092284290227,0.1,0.0,0.7007922508529455,0.6504521786390308,0.43008749850666184,0.6846253522708017,0.17619420317679174,0.17448792818749373,-1.5928128591346473,-1.9956187762173148,1.0627557417675658e-15,1.7341339890211448e-15
35,0,77,0,42,0,dS minimum,AdS minimum,4.398110329028619,0.41739867280234516,-0.39959548053739957,0.0,0.39959548053739957,0.008818775178555407,0.1,0.0,0.658758238592597,0.6113416410032937,0.4920993254987561,0.9989354438028446,0.16559995775668554,0.1274272314925139,-1.5928128591346473,-1.992408339672047,1.0627557417675658e-15,3.364864469033528e-15
35,13,77,31,42,19,dS minimum,dS minimum,4.5534556297965585,0.37546977332536124,0.5536754934258266,0.5536754934258266,0.0,0.008634297872413436,0.16,0.0,0.686966484447012,0.38304926440004317,0.9595916703969685,0.37546977332536124,0.10376021809879442,0.2377004193952715,-1.5928128591346473,-1.0391373657088208,1.0627557417675658e-15,4.589950657555417e-16
36,35,78,77,42,42,dS minimum,dS minimum,1.6414541878065416,0.20159008132022527,0.006230622000882979,0.006230622000882979,0.0,0.008202278036563655,0.12,0.0,0.8174299390753189,0.7453446010056496,0.2939086158611958,0.20159008132022527,0.19825809818818146,0.23255866128936706,-1.5990434811355303,-1.5928128591346473,2.2029285171196132e-15,1.0627557417675658e-15
36,10,78,24,42,13,dS minimum,dS minimum,4.098148279187867,0.37328743040532214,-0.4008396207175462,0.0,0.4008396207175462,0.008087835515702569,0.1,0.0,0.6884673179616883,0.639426211387139,0.447184049472595,0.47277578872487824,0.1700843132562348,0.1773201387605571,-1.5990434811355303,-1.9998831018530765,2.2029285171196132e-15,2.494950291988872e-15
36,52,78,111,42,61,dS minimum,dS minimum,4.255567325248656,0.3952831709539718,0.005938292339440876,0.005938292339440876,0.0,0.008183438877912888,0.12,0.0,0.6734892996367152,0.6142627552625823,0.48733250220820074,0.801218786864841,0.16339095430741415,0.12767829683399287,-1.5990434811355303,-1.5931051887960894,2.2029285171196132e-15,4.2167066457998865e-15
36,48,78,103,42,56,dS minimum,AdS minimum,4.620609971567162,0.4370221263274929,-0.39657529508178446,0.0,0.39657529508178446,0.008276686354292366,0.1,0.0,0.6459571385933064,0.5998195126211225,0.5111264813172145,0.4370221263274929,0.1595491208603043,0.1837746823556554,-1.5990434811355303,-1.9956187762173148,2.2029285171196132e-15,1.7341339890211448e-15
36,0,78,0,42,0,dS minimum,AdS minimum,4.7498256859500305,0.4922166808507735,-0.3933648585365166,0.0,0.3933648585365166,0.008419369248557546,0.1,0.0,0.6112699009994298,0.5675207383057712,0.5664779870241867,0.7857338694971572,0.150957801407623,0.12967077155003223,-1.5990434811355303,-1.992408339672047,2.2029285171196132e-15,3.364864469033528e-15
36,69,78,146,42,81,dS minimum,dS minimum,4.865476765059849,0.4308921434318789,0.005355869706130667,0.005355869706130667,0.0,0.008146023685703312,0.12,0.0,0.6499290061066816,0.5930922905810939,0.5224052587363637,0.6468033947390066,0.1577597119802424,0.14899744921039532,-1.5990434811355303,-1.5936876114293996,2.2029285171196132e-15,2.9530396863399185e-15
37,33,80,73,43,40,AdS minimum,AdS minimum,3.6987643989194483,0.30748739622030985,-0.019905124206030855,0.0,0.019905124206030855,0.009065317651396343,0.0,0.0,0.7352921349494752,0.7279963491973387,0.3174592456368458,0.30748739622030985,0.40844970093416383,0.20110410055684694,-4.298231344254834,-4.318136468460865,5.0773683766666424e-15,4.55916425813923e-15
37,18,80,41,43,25,AdS minimum,AdS minimum,4.117246729329856,0.34623906310472086,1.6925261179313646,1.6925261179313646,0.0,0.009243119875030344,0.02,0.0,0.7073433671906768,0.16397296780374965,1.8080536952089141,0.5986072850638697,0.09199868891454273,0.15031044645409508,-4.298231344254834,-2.6057052263234692,5.0773683766666424e-15,7.221441828803893e-15
37,25,80,57,43,32,AdS minimum,AdS minimum,4.503176827794503,0.3970152913054203,2.304154620182447,2.304154620182447,0.0,0.009021493655074032,0.04,5.207019093678156e-09,0.6723237448463304,0.09149505376395457,2.3914703653863456,0.3970152913054203,0.05133422356862983,0.18388210013918202,-4.298231344254834,-1.9940767240723865,5.0773683766666424e-15,2.852763637513903e-15
37,58,80,124,43,69,AdS minimum,AdS minimum,4.655706501771669,0.36772707938526905,2.306590490516645,2.306590490516645,0.0,0.009129877615696898,0.04,1.6589244422604565e-09,0.6923061005141711,0.09400833194326834,2.3643718629458768,0.36772707938526905,0.05274432366300106,0.189347320658458,-4.298231344254834,-1.9916408537381889,5.0773683766666424e-15,4.354985062489997e-15
37,66,80,140,43,78,AdS minimum,dS minimum,4.928887786536454,0.5163971052607618,2.2953262363648745,2.2953262363648745,0.0,0.00863077272091431,0.04,4.329657554702493e-08,0.5966664062543517,0.0818458001001267,2.5029182886363426,0.5250758158093171,0.045920412390079476,0.16177949525165974,-4.298231344254834,-2.0029051078899593,5.0773683766666424e-15,5.1297443370066085e-15
37,44,80,95,43,52,AdS minimum,AdS minimum,5.006699905741607,0.43518839133230935,0.03264384940145515,0.03264384940145515,0.0,0.009307420258085192,0.0,0.0,0.6471427395104561,0.62302176462802,0.47317382560744,0.8788331394955065,0.3495526505295832,0.11357653693975826,-4.298231344254834,-4.265587494853379,5.0773683766666424e-15,1.0620665293874206e-14
38,10,82,24,44,13,AdS minimum,dS minimum,4.264730115910148,0.45077447768949985,-0.41152532517147344,0.0,0.41152532517147344,0.008774312606079353,0.1,2.9999710104977595e-08,0.6371345140244724,0.5913032711394134,0.5254262440559697,0.45077447768949985,0.1597159182397275,0.16969941806531397,-1.588357776681603,-1.9998831018530765,5.733906855106525e-15,2.494950291988872e-15
38,44,82,95,44,52,AdS minimum,AdS minimum,4.377970831381385,0.3949581292899521,-2.677229718171776,0.0,2.677229718171776,0.00931756192781308,0.06,0.0,0.6737082473009975,0.6413323642884085,0.44420744741054646,0.7860583624691606,0.17322919127742847,0.12135800039416489,-1.588357776681603,-4.265587494853379,5.733906855106525e-15,1.0620665293874206e-14
38,25,82,57,44,32,AdS minimum,AdS minimum,4.449229107044014,0.39404479371447426,-0.4057189473907834,0.0,0.4057189473907834,0.009031635324801918,0.1,6.851076594927008e-09,0.6743238500939222,0.6256403475218649,0.4689795977100638,0.39404479371447426,0.16899064738763694,0.1796047183595288,-1.588357776681603,-1.9940767240723865,5.733906855106525e-15,2.852763637513903e-15
38,52,82,111,44,61,AdS minimum,dS minimum,4.517529800169182,0.42527651886846135,-0.004747412114486371,0.0,0.004747412114486371,0.00886991596828967,0.12,3.201851261902533e-08,0.6535890304408217,0.5986767652651013,0.5130334504474644,0.42527651886846135,0.1617075601642685,0.1740820433962867,-1.588357776681603,-1.5931051887960894,5.733906855106525e-15,4.2167066457998865e-15
38,53,82,113,44,62,AdS minimum,AdS minimum,4.633973322173837,0.38595949522393147,-0.0010527854195951925,0.0,0.0010527854195951925,0.00910789425342496,0.12,9.434814707276473e-09,0.6797980601908775,0.6225208321021968,0.47397818597881,0.38595949522393147,0.16814804039722536,0.18106276253602885,-1.588357776681603,-1.5894105621011982,5.733906855106525e-15,2.0854206150099118e-15
38,14,82,33,44,20,AdS minimum,AdS minimum,4.976802678643076,0.4246390121621572,-2.730627574613311,0.0,2.730627574613311,0.009071660157088712,0.06,4.217356464053523e-09,0.6540058306732501,0.6227451944696941,0.47361784149797215,0.4246390121621572,0.16820864253371315,0.17419305724867684,-1.588357776681603,-4.318985351294914,5.733906855106525e-15,3.7629424240572614e-15
39,7,84,17,46,8,AdS minimum,AdS minimum,5.10778390723786,0.4075797028580906,1.0172715727238286,1.0172715727238286,0.0,0.009322431574724906,0.08,2.922426745044504e-10,0.6652584262869861,0.2632857816191757,1.3345152146247243,0.4075797028580906,0.15875221461276393,0.23298454669572466,-2.6048763447016996,-1.587604771977871,2.810295884989643e-15,2.7112053391451424e-15
39,42,84,91,46,50,AdS minimum,AdS minimum,5.560369691757155,0.4670180981152049,1.5688113277532678,1.5688113277532678,0.0,0.009340285163268304,0.12000000000000001,0.0,0.6268687451669451,0.15125592029588836,1.8887820403850777,0.9899615390490498,0.09120208532565556,0.1301373318858931,-2.6048763447016996,-1.0360650169484318,2.810295884989643e-15,7.303787176939063e-15
39,11,84,26,46,14,AdS minimum,AdS minimum,5.716345524201236,0.46934087138970965,1.0169744150876323,1.0169744150876323,0.0,0.009303212721811479,0.08,0.0,0.6254143609553381,0.2475846690736148,1.39600265820819,0.7730075029993353,0.14928498712648286,0.1616679156695662,-2.6048763447016996,-1.5879019296140673,2.810295884989643e-15,4.372333158560342e-15
39,21,84,47,46,28,AdS minimum,AdS minimum,5.730091846604911,0.4736388667110847,1.0172493724543692,1.0172493724543692,0.0,0.009320968533419802,0.08,0.0,0.6227321012569098,0.2464604120292395,1.4005538986840604,0.9387617011837264,0.14860709903662492,0.13697386344394008,-2.6048763447016996,-1.5876269722473304,2.810295884989643e-15,6.206529553313801e-15
39,18,84,41,46,25,AdS minimum,AdS minimum,5.769570409781878,0.46283707487619197,-0.0008288816217696393,0.0,0.0008288816217696393,0.009351184384888817,0.04,0.0,0.6294951847346784,0.6070625911322403,0.4991233776995697,0.9820511239718624,0.36603773343978757,0.13117085460564465,-2.6048763447016996,-2.6057052263234692,2.810295884989643e-15,7.221441828803893e-15
39,65,84,138,46,77,AdS minimum,AdS minimum,5.843157938556779,0.5255167221009323,1.5676562061240724,1.5676562061240724,0.0,0.009219513658652203,0.12000000000000001,5.107631206868746e-09,0.5912497735956738,0.1428206022302978,1.9461659661616348,0.5255167221009323,0.08611588045868517,0.2070654876992313,-2.6048763447016996,-1.0372201385776272,2.810295884989643e-15,8.340534537158508e-16
40,53,86,113,48,62,AdS minimum,AdS minimum,5.049760892378554,0.49289988554483677,-0.55454005592331,0.0,0.55454005592331,0.00929952436414333,0.16,1.1233532382082245e-08,0.6108524211620585,0.5449128688495811,0.6071293707705436,0.49289988554483677,0.16541346281393246,0.18288185285068403,-1.0348705061778882,-1.5894105621011982,8.034396336308792e-15,2.0854206150099118e-15
40,9,86,22,48,11,AdS minimum,AdS minimum,5.2427612437573154,0.4389589449583465,-0.24501460484939042,0.0,0.24501460484939042,0.009658322510757654,0.18,0.0,0.6447072475693797,0.5674610878060034,0.56658309972018,0.8373053272063191,0.17225818825736494,0.12959768094879198,-1.0348705061778882,-1.2798851110272786,8.034396336308792e-15,1.5120518506755212e-14
40,62,86,132,48,73,AdS minimum,AdS minimum,5.694021306811777,0.4507860112110875,-0.0006754368415682332,0.0,0.0006754368415682332,0.009488331332891724,0.2,0.0,0.637127165662177,0.5536496595943546,0.5912231756772683,0.4507860112110875,0.16806559840035154,0.19074819468856827,-1.0348705061778882,-1.0355459430194565,8.034396336308792e-15,7.96692343588014e-15
40,55,86,117,48,65,AdS minimum,AdS minimum,5.741949583247564,0.4999334509361408,-0.5529861556305984,0.0,0.5529861556305984,0.009399844610888674,0.16,5.547469150712914e-09,0.6065710251033638,0.5410339304020899,0.6142732841687202,0.4999334509361408,0.16423597430646475,0.18160005447045957,-1.0348705061778882,-1.5878566618084866,8.034396336308792e-15,4.4635653891497445e-15
40,42,86,91,48,50,AdS minimum,AdS minimum,5.74673495150531,0.4737952441349265,-0.0011945107705435554,0.0,0.0011945107705435554,0.009433992433856087,0.2,0.0,0.6226347276288886,0.5410883873184773,0.6141726358121682,0.4737952441349265,0.16425250521925605,0.1864093334054952,-1.0348705061778882,-1.0360650169484318,8.034396336308792e-15,7.303787176939063e-15
40,5,86,12,48,6,AdS minimum,AdS minimum,5.784732259761311,0.47733132634242814,-0.2450680571017596,0.0,0.2450680571017596,0.009653790418387723,0.18,0.0,0.6204369281366716,0.5461014602850249,0.6049504958026546,0.843767615437548,0.16577427100263026,0.12876288363600097,-1.0348705061778882,-1.2799385632796478,8.034396336308792e-15,1.4122724124775823e-14
41,54,88,115,49,63,AdS minimum,dS minimum,4.42105926435117,0.3696752771115242,0.5530290783537928,0.5530290783537928,0.0,0.00859861492481958,0.16,2.6568429123408066e-09,0.6909586643055358,0.3855021641477828,0.9532084721221818,0.941100894120517,0.1409317206350695,0.19728804234361796,-1.5926246734184046,-1.0395955950646119,1.4566635011556548e-16,4.44464405767804e-16
41,31,88,69,49,38,AdS minimum,AdS minimum,4.8213699803178836,0.4486397662196129,0.307663180833569,0.307663180833569,0.0,0.008762012495960862,0.14,0.0,0.6384960651217452,0.4445060187283116,0.8107916836737035,1.1970944841061835,0.16250232522173427,0.15272993251697575,-1.5926246734184046,-1.2849614925848356,1.4566635011556548e-16,1.2193220110405903e-15
41,13,88,31,49,19,AdS minimum,dS minimum,4.94029305082887,0.4090484617840949,0.5534873077095839,0.5534873077095839,0.0,0.008646413161829214,0.16,1.913569691591732e-09,0.664282039249392,0.3704548406532621,0.9930237292504306,0.9892930617027906,0.13543072637807657,0.1880057668588124,-1.5926246734184046,-1.0391373657088208,1.4566635011556548e-16,4.589950657555417e-16
41,35,88,77,49,42,AdS minimum,dS minimum,5.032428590146707,0.42016658255125827,-0.00018818571624268365,0.0,0.00018818571624268365,0.008613799255977293,0.12,4.643349815758313e-09,0.656937376395451,0.601913359447002,0.5076417652153457,1.153661545003966,0.22004723529277484,0.15950960723181232,-1.5926246734184046,-1.5928128591346473,1.4566635011556548e-16,1.0627557417675658e-15
41,32,88,71,49,39,AdS minimum,dS minimum,5.212815587651183,0.49870036703394294,0.5516391888603767,0.5516391888603767,0.0,0.008453735315147762,0.16,1.2631634738191622e-08,0.6073194394039414,0.3392924714597524,1.0808927958856518,1.286781991092105,0.12403840042521105,0.13962827429514751,-1.5926246734184046,-1.040985484558028,1.4566635011556548e-16,1.9996712722978376e-15
41,22,88,49,49,29,AdS minimum,AdS minimum,5.2235405220805715,0.4468029136941885,-0.4030314746638899,0.0,0.4030314746638899,0.008686562267252056,0.1,0.0,0.6396699660428089,0.5937136585327558,0.5213581321881657,1.1330075436096487,0.21704959204713367,0.16283837675363408,-1.5926246734184046,-1.9956561480822945,1.4566635011556548e-16,7.559212298511566e-16
42,26,91,59,50,33,AdS minimum,AdS minimum,4.539666557191437,0.36147701917374353,0.0005552193070845757,0.0005552193070845757,0.0,0.009367019484371932,0.2,0.0,0.696646605406142,0.605165879816335,0.5022526770175746,0.4712336418908409,0.17161573973991257,0.1604576711849121,-1.0360650169484318,-1.0355097976413472,7.303787176939063e-15,8.386726975100753e-15
42,21,91,47,50,28,AdS minimum,AdS minimum,4.567639487053538,0.3591738441731267,-0.5515619552988986,0.0,0.5515619552988986,0.009289581729107573,0.16,2.348152838838047e-09,0.6982529535923823,0.6228856117279297,0.4733923858362597,0.3591738441731267,0.17664078328817767,0.17948470126408697,-1.0360650169484318,-1.5876269722473304,7.303787176939063e-15,6.206529553313801e-15
42,49,91,105,50,57,AdS minimum,AdS minimum,4.610498526165684,0.4060434085497493,-0.5529882514302216,0.0,0.5529882514302216,0.00919748321481309,0.16,1.076531991328622e-08,0.666281244494591,0.594425047009293,0.5201606481600336,0.4060434085497493,0.1685698046846139,0.17126642932295708,-1.0360650169484318,-1.5890532683786533,7.303787176939063e-15,2.5930136245105868e-15
42,34,91,75,50,41,AdS minimum,AdS minimum,4.633805534563602,0.4265981190378367,-0.554056502606268,0.0,0.554056502606268,0.009128563256945799,0.16,9.260153088774814e-09,0.6527258176042474,0.582375677465342,0.5406395455655919,0.4265981190378367,0.16515278872807596,0.1677820305339463,-1.0360650169484318,-1.5901215195546998,7.303787176939063e-15,3.0086742844753736e-15
42,65,91,138,50,77,AdS minimum,AdS minimum,5.026164778104118,0.4536154725953955,-0.0011551216291953992,0.0,0.0011551216291953992,0.009188126854339973,0.2,1.528462206801251e-08,0.6353269869191582,0.5522676795082246,0.5937224235986359,0.4536154725953955,0.15661462338559726,0.1633096915172743,-1.0360650169484318,-1.0372201385776272,7.303787176939063e-15,8.340534537158508e-16
42,29,91,65,50,36,AdS minimum,AdS minimum,5.244055451379975,0.4885726464226691,-3.290781798559718,0.0,3.290781798559718,0.009103082049570523,0.1,6.4383995357353285e-09,0.6135014530203365,0.5691643528377245,0.5635860415059964,0.4885726464226691,0.16140626017362272,0.1576994761768233,-1.0360650169484318,-4.32684681550815,7.303787176939063e-15,3.747526190918694e-15
43,70,93,148,51,82,AdS minimum,AdS minimum,4.2562680799675965,0.3512645503108297,0.0010680681276302728,0.0010680681276302728,0.0,0.009136467350558609,0.04,3.436209539131596e-09,0.7037975393673558,0.6782613964327486,0.3882225248820871,0.3512645503108297,0.3127923907969316,0.20647762318135932,-2.6101860904523018,-2.6091180223246715,2.2918728242450003e-15,7.782892749815e-16
43,16,93,37,51,22,AdS minimum,AdS minimum,4.466625152437467,0.3597555334113419,1.0212832631821793,1.0212832631821793,0.0,0.00910783390008443,0.08,0.0,0.6978469054720857,0.27530796796553797,1.2898649244062872,0.7730966176929499,0.12696320026216346,0.13541714493935794,-2.6101860904523018,-1.5889028272701224,2.2918728242450003e-15,4.461358351983369e-15
43,34,93,75,51,41,AdS minimum,AdS minimum,4.837116453812063,0.4023590959887949,1.020064570897602,1.020064570897602,0.0,0.009029220483964102,0.08,0.0,0.6687405605153358,0.26412148168345606,1.3313461237841169,0.6048673051158784,0.12180435176040234,0.16022663622865913,-2.6101860904523018,-1.5901215195546998,2.2918728242450003e-15,3.0086742844753736e-15
43,31,93,69,51,38,AdS minimum,AdS minimum,4.865128880306516,0.4214169345061637,1.3252245978674662,1.3252245978674662,0.0,0.009004161629760667,0.1,3.2846209085946043e-09,0.6561164867700453,0.19735277356130598,1.622762422949712,0.4214169345061637,0.09101276616554001,0.1924891252677011,-2.6101860904523018,-1.2849614925848356,2.2918728242450003e-15,1.2193220110405903e-15
43,6,93,14,51,7,AdS minimum,AdS minimum,5.103423808528276,0.3956560383669127,0.6185097407891669,0.6185097407891669,0.0,0.009105642568423552,0.06,0.0,0.6732382242357429,0.37892934167228587,0.9704055248629706,0.62740917203511,0.17475005263185994,0.1566552329946135,-2.6101860904523018,-1.991676349663135,2.2918728242450003e-15,3.1509935702007135e-15
43,0,93,0,51,0,AdS minimum,AdS minimum,5.114116489274603,0.4082465975613345,0.6177777507802549,0.6177777507802549,0.0,0.009073039601770989,0.06,0.0,0.6648149168696851,0.3744346355084757,0.9823380292864993,0.6792955228490176,0.1726772383831026,0.148734237388309,-2.6101860904523018,-1.992408339672047,2.2918728242450003e-15,3.364864469033528e-15
44,38,95,82,52,44,AdS minimum,AdS minimum,4.377970831381385,0.3949581292899521,2.677229718171776,2.677229718171776,0.0,0.00931756192781308,0.06,8.48283404630834e-09,0.6737082473009975,0.06588445755562676,2.7198527142186815,0.3949581292899521,0.04239695974565179,0.17701571794463275,-4.265587494853379,-1.588357776681603,1.0620665293874206e-14,5.733906855106525e-15
44,33,95,73,52,40,AdS minimum,AdS minimum,4.663465634992565,0.4395258873274825,-0.052548973607486005,0.0,0.052548973607486005,0.009217194961617952,0.0,1.0083962387330558e-08,0.644341839307544,0.6378419144411477,0.44966480934823405,0.4395258873274825,0.4104542857899159,0.16929974324009023,-4.265587494853379,-4.318136468460865,1.0620665293874206e-14,4.55916425813923e-15
44,69,95,146,52,81,AdS minimum,dS minimum,4.758125377228345,0.5297947149258032,2.671899883423979,2.671899883423979,0.0,0.008974236416573817,0.06,3.8079269515378655e-08,0.588725813896561,0.05785697255356525,2.849781304453869,0.5297947149258032,0.03723123521640491,0.15468672535468855,-4.265587494853379,-1.5936876114293996,1.0620665293874206e-14,2.9530396863399185e-15
44,19,95,43,52,26,AdS minimum,AdS minimum,4.933888353190233,0.39579045788547995,2.6788861770386934,2.6788861770386934,0.0,0.00942460516891382,0.06,0.0,0.6731477339597259,0.06572928109207885,2.7222107740541746,0.45413565667843075,0.0422971029581392,0.16684429349261712,-4.265587494853379,-1.5867013178146852,1.0620665293874206e-14,1.1403411545068124e-14
44,37,95,80,52,43,AdS minimum,AdS minimum,5.006699905741607,0.43518839133230935,-0.03264384940145515,0.0,0.03264384940145515,0.009307420258085192,0.0,1.0126891547557193e-08,0.6471427395104561,0.6405509835449892,0.44542656121137175,0.43518839133230935,0.41219758455877625,0.17003567509530507,-4.265587494853379,-4.298231344254834,1.0620665293874206e-14,5.0773683766666424e-15
44,58,95,124,52,69,AdS minimum,AdS minimum,5.395175486007266,0.48287315160462757,2.27394664111519,2.27394664111519,0.0,0.009281754925918505,0.04,1.178581598981765e-08,0.617008084895269,0.08612653423045465,2.4519377358104113,0.48287315160462757,0.05542283173111189,0.16211784487266623,-4.265587494853379,-1.9916408537381889,1.0620665293874206e-14,4.354985062489997e-15
45,67,97,142,53,79,dS minimum,dS minimum,4.042982170701641,0.38047816801110884,0.0027967110549438345,0.0027967110549438345,0.0,0.008089129765633371,0.2,0.0,0.6835344867306042,0.593479020016684,0.5217534151500078,0.38047816801110884,0.17782621811670682,0.1784841122655554,-1.0433080202096319,-1.040511309154688,9.292743553264648e-15,5.434840828007613e-15
45,71,97,150,53,83,dS minimum,dS minimum,4.796106447866606,0.41796908936236976,-0.0017806310024985894,0.0,0.0017806310024985894,0.007613162897601497,0.2,2.1807488592706648e-09,0.6583825791356246,0.5733014727422329,0.5563435701852931,0.41796908936236976,0.17178034825160893,0.17191646134811966,-1.0433080202096319,-1.0450886512121305,9.292743553264648e-15,6.604578519424716e-15
45,2,97,5,53,3,dS minimum,dS minimum,5.201392264191182,0.4044929043620699,0.00015190735193648663,0.00015190735193648663,0.0,0.007813842306492489,0.2,0.0,0.6673151176595633,0.5808764170048379,0.5432172521483576,0.4044929043620699,0.17405005559632017,0.17424892041152232,-1.0433080202096319,-1.0431561128576954,9.292743553264648e-15,6.819406431689692e-15
45,63,97,134,53,75,dS minimum,dS minimum,5.894476883731174,0.47926622991534146,0.0013176770478566802,0.0013176770478566802,0.0,0.007935121041341801,0.2,0.0,0.6192376031709079,0.5384207891560604,0.6191148885514957,0.47926622991534146,0.16132892564313964,0.1616949488709115,-1.0433080202096319,-1.0419903431617752,9.292743553264648e-15,4.852796687006685e-15
45,1,97,2,53,1,dS minimum,dS minimum,6.018837441277317,0.5068662973480534,-0.24580047447720976,0.0,0.24580047447720976,0.00799848327977265,0.18,0.0,0.6023803049433613,0.531174530560826,0.6326646289558033,0.5068662973480534,0.15915770354762232,0.15729318134089187,-1.0433080202096319,-1.2891084946868416,9.292743553264648e-15,5.405006277784081e-15
45,47,97,101,53,55,dS minimum,dS minimum,6.125115856484616,0.5128015233579853,0.0023261734591348837,0.0023261734591348837,0.0,0.008040096633364836,0.2,0.0,0.5988156307275168,0.520157890927956,0.6536228770949513,0.5128015233579853,0.1558567488446021,0.1563623757629991,-1.0433080202096319,-1.040981846750497,9.292743553264648e-15,6.094414651805033e-15
46,3,99,7,54,4,dS minimum,dS minimum,4.608121765821576,0.44900414325058013,0.6320733117352276,0.6320733117352276,0.0,0.008650829507426828,0.22000000000000003,0.0,0.6382634542028636,0.3202086800146599,1.138782370683693,0.44900414325058013,0.10183891994052939,0.17327689043523892,-1.287774956410076,-0.6557016446748484,5.692918130497444e-15,1.1764708817581917e-15
46,64,99,136,54,76,dS minimum,dS minimum,5.2170315888010075,0.40311842091319183,-1.4157407469683747e-05,0.0,1.4157407469683747e-05,0.008422268752504578,0.16,0.0,0.6682329618803179,0.5966748722468737,0.5163829165409469,0.40311842091319183,0.1897660130340409,0.18141306533923676,-1.287774956410076,-1.2877891138175457,5.692918130497444e-15,3.792256627267396e-15
46,37,99,80,54,43,dS minimum,AdS minimum,5.290920860861601,0.5099810552211402,-3.0104563878447577,0.0,3.0104563878447577,0.008789488445259615,0.08,0.0,0.6005069551759739,0.5645933776488569,0.5716494925109259,0.5099810552211402,0.1795628394042992,0.16302668935914663,-1.287774956410076,-4.298231344254834,5.692918130497444e-15,5.0773683766666424e-15
46,66,99,140,54,78,dS minimum,dS minimum,5.401052598942738,0.4589406205471842,-0.7151301514798833,0.0,0.7151301514798833,0.00826471821831034,0.12,5.963119997787203e-09,0.6319527687950272,0.5792438024114896,0.5460318150596655,0.4589406205471842,0.18422224911932691,0.1715636544089798,-1.287774956410076,-2.0029051078899593,5.692918130497444e-15,5.1297443370066085e-15
46,25,99,57,54,32,dS minimum,AdS minimum,5.579879152058178,0.4961359511791156,-0.7063017676623105,0.0,0.7063017676623105,0.008655439152470062,0.12,0.0,0.6088788576471366,0.5578545943019968,0.5836569342468326,0.4961359511791156,0.17741964198152466,0.1652995082361759,-1.287774956410076,-1.9940767240723865,5.692918130497444e-15,2.852763637513903e-15
46,15,99,35,54,21,dS minimum,AdS minimum,5.679920958537306,0.542316345479364,-0.299937282043357,0.0,0.299937282043357,0.008841337176263425,0.14,0.0,0.5813999682427686,0.5256909342678464,0.6430418163732537,0.624267551968032,0.16719033652027895,0.14542019222122204,-1.287774956410076,-1.587712238453433,5.692918130497444e-15,6.300355461532837e-15
47,55,101,117,55,65,dS minimum,AdS minimum,4.481568814096557,0.4779737814642127,-0.5468748150579896,0.0,0.5468748150579896,0.008761389059991877,0.16,0.0,0.6200384532692615,0.5534348111718244,0.5916113094302038,0.4779737814642127,0.17127455221933668,0.17208602968215286,-1.040981846750497,-1.5878566618084866,6.094414651805033e-15,4.4635653891497445e-15
47,71,101,150,55,83,dS minimum,dS minimum,4.741558402208731,0.46260612692745595,-0.004106804461633473,0.0,0.004106804461633473,0.007855241671199168,0.2,1.9542312490461455e-08,0.6296405821453027,0.5481277452543116,0.6012469074225094,0.5282635017624063,0.16963214498316034,0.16364587657830168,-1.040981846750497,-1.0450886512121305,6.094414651805033e-15,6.604578519424716e-15
47,31,101,69,55,38,dS minimum,AdS minimum,5.320070987675109,0.5136047111103371,-0.24397964583433862,0.0,0.24397964583433862,0.008590142926745582,0.18,0.0,0.598334862446443,0.5272640204459058,0.6400538683297573,0.5136047111103371,0.16317533190951047,0.1660623955755067,-1.040981846750497,-1.2849614925848356,6.094414651805033e-15,1.2193220110405903e-15
47,69,101,146,55,81,dS minimum,dS minimum,5.620034793967739,0.4675906616057638,-0.5527057646789026,0.0,0.5527057646789026,0.00838567533590167,0.16,0.0,0.6265099257433435,0.5594422887359706,0.5808149044752556,0.4675906616057638,0.17313371974728503,0.1738821279699126,-1.040981846750497,-1.5936876114293996,6.094414651805033e-15,2.9530396863399185e-15
47,43,101,93,55,51,dS minimum,AdS minimum,5.647624599439662,0.5686945118161384,-1.5692042437018048,0.0,1.5692042437018048,0.008696194109977594,0.12000000000000001,0.0,0.5662642075995437,0.5187878089672165,0.6562603253371138,0.5686945118161384,0.16055215155254127,0.15716147720050888,-1.040981846750497,-2.6101860904523018,6.094414651805033e-15,2.2918728242450003e-15
47,75,101,159,55,87,dS minimum,dS minimum,5.70140546661226,0.507004347402548,-0.0023047198219898757,0.0,0.0023047198219898757,0.00804252375676415,0.2,0.0,0.6022971520492002,0.5242161794509055,0.6458511235349885,0.507004347402548,0.1622320995881661,0.1671620929936171,-1.040981846750497,-1.0432865665724869,6.094414651805033e-15,1.467861398419798e-15
48,0,103,0,56,0,AdS minimum,AdS minimum,4.283869307860591,0.37665520628547683,0.0032104365452678696,0.0032104365452678696,0.0,0.008893183496284117,0.08,0.0,0.6861526142234556,0.6432855396600489,0.441166579194867,0.7885948017036107,0.19677504852199304,0.15058554971549118,-1.9956187762173148,-1.992408339672047,1.7341339890211448e-15,3.364864469033528e-15
48,33,103,73,56,40,AdS minimum,AdS minimum,4.29980760010591,0.38129258144875794,-2.32251769224355,0.0,2.32251769224355,0.00886279647847402,0.04,0.0,0.682978033681691,0.6589934673024784,0.4170416575750794,0.9079846663990871,0.201579957125492,0.13363891446723827,-1.9956187762173148,-4.318136468460865,1.7341339890211448e-15,4.55916425813923e-15
48,10,103,24,56,13,AdS minimum,dS minimum,4.302384065255736,0.37862785236765073,-0.004264325635761734,0.0,0.004264325635761734,0.00856164976342914,0.08,1.9449685972894315e-08,0.6848004121038301,0.6440070010799689,0.4400456816946873,0.6378289513230333,0.19699573684336671,0.17508948913717698,-1.9956187762173148,-1.9998831018530765,1.7341339890211448e-15,2.494950291988872e-15
48,35,103,77,56,42,AdS minimum,dS minimum,4.311578760862352,0.35554379699394256,0.40280591708266744,0.40280591708266744,0.0,0.008676092284290227,0.1,1.1011834055718595e-08,0.7007922508529455,0.4618696658335942,0.7724725362858047,0.35554379699394256,0.14128162425860072,0.23219612108116888,-1.9956187762173148,-1.5928128591346473,1.7341339890211448e-15,1.0627557417675658e-15
48,16,103,37,56,22,AdS minimum,AdS minimum,4.560172173048612,0.41693217847510755,0.4067159489471923,0.4067159489471923,0.0,0.008927977794597558,0.1,0.0,0.6590656172635504,0.43280780812676223,0.8374615106542784,0.9365364168316439,0.13239187296180768,0.12987724618032348,-1.9956187762173148,-1.5889028272701224,1.7341339890211448e-15,4.461358351983369e-15
48,36,103,78,56,42,AdS minimum,dS minimum,4.620609971567162,0.4370221263274929,0.39657529508178446,0.39657529508178446,0.0,0.008276686354292366,0.1,2.3408959937132323e-08,0.6459571385933064,0.4281783349696908,0.8482154996934511,0.6179065017336977,0.13097576028873972,0.1786126794186012,-1.9956187762173148,-1.5990434811355303,1.7341339890211448e-15,2.2029285171196132e-15
49,65,105,138,57,77,AdS minimum,AdS minimum,3.926509160146896,0.3273805119858857,0.5518331298010262,0.5518331298010262,0.0,0.00907671171019699,0.16,4.51930215472629e-09,0.7208094142155684,0.4023539687205269,0.9104230585874512,0.3273805119858857,0.11955183640317557,0.20969743299724541,-1.5890532683786533,-1.0372201385776272,2.5930136245105868e-15,8.340534537158508e-16
49,4,105,9,57,5,AdS minimum,AdS minimum,3.9803060630800586,0.31410305092810975,-1.0226113875676797,0.0,1.0226113875676797,0.00906185625562932,0.08,0.0,0.7304437513743092,0.6865535222886392,0.376071092809302,0.31410305092810975,0.20399633347642415,0.21250024845855084,-1.5890532683786533,-2.611664655946333,2.5930136245105868e-15,2.5887126899882362e-15
49,15,105,35,57,21,AdS minimum,AdS minimum,4.356159479727607,0.3688025948814349,0.0013410299252203384,0.0013410299252203384,0.0,0.009172654240270656,0.12,0.0,0.6915619148383265,0.63252698833769,0.45803238998216994,0.8689712886494267,0.1879433755079125,0.12200657294242022,-1.5890532683786533,-1.587712238453433,2.5930136245105868e-15,6.300355461532837e-15
49,42,105,91,57,50,AdS minimum,AdS minimum,4.610498526165684,0.4060434085497493,0.5529882514302216,0.5529882514302216,0.0,0.00919748321481309,0.16,0.0,0.666281244494591,0.3715021402260576,0.9902006538017321,0.9542737201074175,0.11038480180267542,0.11203064930877905,-1.5890532683786533,-1.0360650169484318,2.5930136245105868e-15,7.303787176939063e-15
49,34,105,75,57,41,AdS minimum,AdS minimum,4.641090243916925,0.3730160901808516,-0.0010682511760464752,0.0,0.0010682511760464752,0.009017148112802815,0.12,0.0,0.6886541521849583,0.6306937007307892,0.4609349531049347,0.49044706727037596,0.1873986489310699,0.1781452344062968,-1.5890532683786533,-1.5901215195546998,2.5930136245105868e-15,3.0086742844753736e-15
49,0,105,0,57,0,AdS minimum,AdS minimum,4.671021443606519,0.36837342907042026,-0.40335507129339354,0.0,0.40335507129339354,0.009060967230609701,0.1,0.0,0.6918587732645622,0.641888611280349,0.44334049302409095,0.563351034820152,0.1907250038787423,0.16561986188670774,-1.5890532683786533,-1.992408339672047,2.5930136245105868e-15,3.364864469033528e-15
50,5,107,12,58,6,AdS minimum,AdS minimum,4.480953935341576,0.3761594199111705,0.00115726311440989,0.00115726311440989,0.0,0.00965035057414131,0.16,0.0,0.6864928836837932,0.6115500500607454,0.4917584791899744,0.7233741633077146,0.18038222902193635,0.1335678045274385,-1.2810958263940577,-1.2799385632796478,8.353761732959093e-15,1.4122724124775823e-14
50,7,107,17,58,8,AdS minimum,AdS minimum,4.5168361170570535,0.4068105109947487,-0.30650894558381325,0.0,0.30650894558381325,0.009412699001066279,0.14,1.0239234737863256e-08,0.6657703345080854,0.6015988080939102,0.5081644875753477,0.4068105109947487,0.17744702002745408,0.1833089352592116,-1.2810958263940577,-1.587604771977871,8.353761732959093e-15,2.7112053391451424e-15
50,23,107,52,58,30,AdS minimum,AdS minimum,5.151802901869833,0.4003175497571198,0.2459218178939453,0.2459218178939453,0.0,0.009523846953135,0.18,0.0,0.6701072198610666,0.47863004596380915,0.7368273266154217,0.4003175497571198,0.14117626931638375,0.18450302546598482,-1.2810958263940577,-1.0351740085001124,8.353761732959093e-15,8.103679040829958e-15
50,55,107,117,58,65,AdS minimum,AdS minimum,5.20121149843473,0.4547666266749556,-0.3067608354144289,0.0,0.3067608354144289,0.009396404766642262,0.14,6.207153568915658e-09,0.6345960484584243,0.5734395940401762,0.5561026765736273,0.4547666266749556,0.16914120466857413,0.1747256072149368,-1.2810958263940577,-1.5878566618084866,8.353761732959093e-15,4.4635653891497445e-15
50,76,107,161,58,88,AdS minimum,dS minimum,5.307008102072751,0.5136284751407661,-0.003520675620909852,0.0,0.003520675620909852,0.009254292110508072,0.16,2.256370740250091e-08,0.5983206437675123,0.5337604087891686,0.6278082133851055,0.5136284751407661,0.157437469413152,0.16473776987024455,-1.2810958263940577,-1.2846165020149676,8.353761732959093e-15,1.9138355607841833e-15
50,72,107,154,58,85,AdS minimum,AdS minimum,5.4177454639672105,0.449979889972044,-1.3235427892752036,0.0,1.3235427892752036,0.009467760221199037,0.1,0.0,0.6376409744706614,0.5913220854319582,0.5253944262153629,0.5480931691925304,0.1744158075524997,0.15915685766218374,-1.2810958263940577,-2.6046386156692614,8.353761732959093e-15,9.443839446524109e-15
51,52,109,111,60,61,dS minimum,dS minimum,5.3756551588280255,0.5124232190893955,0.006163289678593031,0.006163289678593031,0.0,0.00816888468885809,0.12,0.0,0.5990422080916091,0.5462667942219078,0.6046477884739434,0.5124232190893955,0.21329662968318533,0.1638878219457801,-1.5992684784746825,-1.5931051887960894,8.330637062225764e-15,4.2167066457998865e-15
51,2,109,5,60,3,dS minimum,dS minimum,5.51337279123329,0.4323760299152281,0.5561123656169871,0.5561123656169871,0.0,0.007801715240837006,0.16,0.0,0.6489653004311298,0.36144209592718846,1.0176534274545879,0.4323760299152281,0.14112953908667952,0.1775459361117036,-1.5992684784746825,-1.0431561128576954,8.330637062225764e-15,6.819406431689692e-15
51,67,109,142,60,79,dS minimum,dS minimum,5.520561176466963,0.502474100247769,0.5587571693199944,0.5587571693199944,0.0,0.008077002699977888,0.16,0.0,0.6050318968664389,0.3361148381716492,1.0903023971397399,0.502474100247769,0.1312401978792048,0.16552649954508847,-1.5992684784746825,-1.040511309154688,8.330637062225764e-15,5.434840828007613e-15
51,1,109,2,60,1,dS minimum,dS minimum,5.565795298305865,0.4774784515252544,0.3101599837878408,0.3101599837878408,0.0,0.007986356214117167,0.14,0.0,0.6203456529547909,0.43132240478297723,0.8408994295804478,0.4774784515252544,0.1684151704261984,0.16971608434767577,-1.5992684784746825,-1.2891084946868416,8.330637062225764e-15,5.405006277784081e-15
51,57,109,122,60,68,dS minimum,dS minimum,5.777681935433065,0.4535923535754563,0.00010845712207885327,0.00010845712207885327,0.0,0.007780753160274729,0.12,0.0,0.6353416752262256,0.5826064458354119,0.5402433706055255,0.4535923535754563,0.22748589634740227,0.17381874254891558,-1.5992684784746825,-1.5991600213526036,8.330637062225764e-15,4.973486642754688e-15
51,54,109,115,60,63,dS minimum,dS minimum,5.93685602540758,0.6042761284500869,0.5596728834100706,0.5596728834100706,0.0,0.008172539516351145,0.16,0.0,0.5464698574845914,0.30331364622012413,1.1929878728166334,0.6042761284500869,0.11843256657732959,0.14950491550083653,-1.5992684784746825,-1.0395955950646119,8.330637062225764e-15,4.44464405767804e-16
52,35,111,77,61,42,dS minimum,dS minimum,4.186182697315436,0.3472165608285288,0.00029232966144210337,0.00029232966144210337,0.0,0.008582844807910748,0.12,0.0,0.7066522784831445,0.6473254025578515,0.43490617032945644,0.3472165608285288,0.17484954491896695,0.18145673184652675,-1.5931051887960894,-1.5928128591346473,4.2167066457998865e-15,1.0627557417675658e-15
52,36,111,78,61,42,dS minimum,dS minimum,4.255567325248656,0.3952831709539718,-0.005938292339440876,0.0,0.005938292339440876,0.008183438877912888,0.12,1.940471450190273e-09,0.6734892996367152,0.617371113603466,0.48228495517502956,0.3952831709539718,0.1667585696979266,0.17294102200874675,-1.5931051887960894,-1.5990434811355303,4.2167066457998865e-15,2.2029285171196132e-15
52,10,111,24,61,13,dS minimum,dS minimum,4.466690710337449,0.3794597384157747,-0.4067779130569871,0.0,0.4067779130569871,0.008468402287049663,0.1,0.0,0.6842309730822793,0.6352256550504275,0.4537749809315293,0.3794597384157747,0.17158127313950686,0.17569930782674284,-1.5931051887960894,-1.9998831018530765,4.2167066457998865e-15,2.494950291988872e-15
52,38,111,82,61,44,dS minimum,AdS minimum,4.517529800169182,0.42527651886846135,0.004747412114486371,0.004747412114486371,0.0,0.00886991596828967,0.12,0.0,0.6535890304408217,0.5962658068260519,0.5170687267308934,0.6501877723120236,0.16105779962027428,0.13402763657347416,-1.5931051887960894,-1.588357776681603,4.2167066457998865e-15,5.733906855106525e-15
52,69,111,146,61,81,dS minimum,dS minimum,5.004110145626225,0.39517147176352335,-0.0005824226333102089,0.0,0.0005824226333102089,0.008526590457050407,0.12,0.0,0.6735645320478819,0.6172070590967815,0.4825507212662788,0.39517147176352335,0.16671425681336755,0.17296034045980807,-1.5931051887960894,-1.5936876114293996,4.2167066457998865e-15,2.9530396863399185e-15
52,0,111,0,61,0,dS minimum,AdS minimum,5.144542471293549,0.4550054393243934,-0.39930315087595747,0.0,0.39930315087595747,0.00879993601990464,0.1,0.0,0.6344445169893053,0.5887901922170382,0.5296853689462886,0.4550054393243934,0.15903855580995768,0.16291496128470143,-1.5931051887960894,-1.992408339672047,4.2167066457998865e-15,3.364864469033528e-15
53,38,113,82,62,44,AdS minimum,AdS minimum,4.633973322173837,0.38595949522393147,0.0010527854195951925,0.0010527854195951925,0.0,0.00910789425342496,0.12,0.0,0.6797980601908775,0.6219640119554498,0.47487304650935486,0.9268146891516512,0.18513927549366832,0.1382833231748901,-1.5894105621011982,-1.588357776681603,2.0854206150099118e-15,5.733906855106525e-15
53,55,113,117,62,65,AdS minimum,AdS minimum,4.73859549985171,0.40027524891275,0.0015539002927116297,0.0015539002927116297,0.0,0.009140282466275905,0.12,0.0,0.6701355665618255,0.6128406212117864,0.4896503748744584,0.8531470860617325,0.18242352680104382,0.14885493633623487,-1.5894105621011982,-1.5878566618084866,2.0854206150099118e-15,4.4635653891497445e-15
53,35,113,77,62,42,AdS minimum,dS minimum,4.825988715458326,0.43767570673525363,-0.0034022970334490754,0.0,0.0034022970334490754,0.008820823093046038,0.12,1.2127043480525401e-08,0.6455350915991156,0.591331431341012,0.5253786212328869,0.43767570673525363,0.17602091225649658,0.22552784430648865,-1.5894105621011982,-1.5928128591346473,2.0854206150099118e-15,1.0627557417675658e-15
53,10,113,24,62,13,AdS minimum,dS minimum,4.922152822426293,0.46905926370605433,-0.41047253975187825,0.0,0.41047253975187825,0.008706380572184952,0.1,2.0564895397701122e-08,0.6255905072457618,0.5806330542854921,0.5436362977591294,0.6085811718377891,0.17283633929255646,0.19009770261747222,-1.5894105621011982,-1.9998831018530765,2.0854206150099118e-15,2.494950291988872e-15
53,40,113,86,62,48,AdS minimum,AdS minimum,5.049760892378554,0.49289988554483677,0.55454005592331,0.55454005592331,0.0,0.00929952436414333,0.16,0.0,0.6108524211620585,0.34010924305349294,1.0784884098802079,1.1222725417395887,0.10123990719278766,0.11373222642265553,-1.5894105621011982,-1.0348705061778882,2.0854206150099118e-15,8.034396336308792e-15
53,25,113,57,62,32,AdS minimum,AdS minimum,5.071918743213455,0.41524806538931663,-0.4046661619711882,0.0,0.4046661619711882,0.00896370329090752,0.1,0.0,0.6601764934519826,0.6125601489549801,0.49010813900931494,0.6438830495679573,0.18234003896344703,0.18350396714225886,-1.5894105621011982,-1.9940767240723865,2.0854206150099118e-15,2.852763637513903e-15
54,74,115,158,63,87,dS minimum,dS minimum,4.081105032523629,0.3166570048405407,0.0001323020396233332,0.0001323020396233332,0.0,0.008585115511734647,0.2,0.0,0.7285806118965771,0.633678792960505,0.45621308863712867,0.3166570048405407,0.17993918360068764,0.2363280861813657,-1.0395955950646119,-1.0394632930249885,4.44464405767804e-16,3.204880241365777e-16
54,41,115,88,63,49,dS minimum,AdS minimum,4.42105926435117,0.3696752771115242,-0.5530290783537928,0.0,0.5530290783537928,0.00859861492481958,0.16,0.0,0.6909586643055358,0.6168473123508267,0.4831337535288257,0.3696752771115242,0.17515972291281023,0.22412473801723895,-1.0395955950646119,-1.5926246734184046,4.44464405767804e-16,1.4566635011556548e-16
54,75,115,159,63,87,dS minimum,dS minimum,4.46631766523846,0.4226004705557858,-0.003690971507875007,0.0,0.003690971507875007,0.008187093705405943,0.2,1.2032477958445753e-08,0.6553404086040364,0.5702922771429654,0.5616062826560909,1.0152228017177456,0.16193997322122478,0.11752548908067005,-1.0395955950646119,-1.0432865665724869,4.44464405767804e-16,1.467861398419798e-15
54,60,115,128,63,71,dS minimum,dS minimum,4.996408888482908,0.45122515411094694,-0.9550628589010197,0.0,0.9550628589010197,0.008703564382920474,0.14,0.0,0.6368474372159448,0.5759127675780855,0.5517990749321594,0.45122515411094694,0.16353596549927799,0.20657279862961278,-1.0395955950646119,-1.9946584539656316,4.44464405767804e-16,1.2653230069444183e-16
54,48,115,103,63,56,dS minimum,AdS minimum,5.08853757195733,0.44510495935611283,-0.9560231811527029,0.0,0.9560231811527029,0.008660907953132515,0.14,0.0,0.640757019058611,0.579475463387126,0.5456319581045586,1.077247084881324,0.1645476272156206,0.11045751365823502,-1.0395955950646119,-1.9956187762173148,4.44464405767804e-16,1.7341339890211448e-15
54,32,115,71,63,39,dS minimum,dS minimum,5.297132018368806,0.4669282670525783,-0.0013898894934161188,0.0,0.0013898894934161188,0.008426435694574273,0.2,9.974791825850815e-09,0.6269250599818229,0.5454209736364298,0.6061973537977038,1.127999841597675,0.15487752755037873,0.1049913744328775,-1.0395955950646119,-1.040985484558028,4.44464405767804e-16,1.9996712722978376e-15
55,62,117,132,65,73,AdS minimum,AdS minimum,4.039764313122738,0.3485351424765746,0.5523107187890302,0.5523107187890302,0.0,0.009329089435024298,0.16,0.0,0.7057211138004326,0.39366253304157367,0.9322612518257769,0.722312343134693,0.12456785342905785,0.14433822730909232,-1.5878566618084866,-1.0355459430194565,4.4635653891497445e-15,7.96692343588014e-15
55,47,117,101,65,55,AdS minimum,dS minimum,4.481568814096557,0.4779737814642127,0.5468748150579896,0.5468748150579896,0.0,0.008761389059991877,0.16,3.961458960866082e-08,0.6200384532692615,0.3476861993751842,1.056454931940437,0.705431536221091,0.11001941990374842,0.14679545469404406,-1.5878566618084866,-1.040981846750497,4.4635653891497445e-15,6.094414651805033e-15
55,53,117,113,65,62,AdS minimum,AdS minimum,4.73859549985171,0.40027524891275,-0.0015539002927116297,0.0,0.0015539002927116297,0.009140282466275905,0.12,5.6860632313693316e-09,0.6701355665618255,0.6136506026343082,0.48832956389020094,0.40027524891275,0.19417935899307637,0.19917751065022854,-1.5878566618084866,-1.5894105621011982,4.4635653891497445e-15,2.0854206150099118e-15
55,16,117,37,65,22,AdS minimum,AdS minimum,4.833743023413073,0.3840432108300036,-0.0010461654616358285,0.0,0.0010461654616358285,0.009173028850098713,0.12,0.0,0.681101995561124,0.6236702208352823,0.4721335425651122,0.3840432108300036,0.1973498977838285,0.20243694969180825,-1.5878566618084866,-1.5889028272701224,4.4635653891497445e-15,4.461358351983369e-15
55,72,117,154,65,85,AdS minimum,AdS minimum,4.941208739962562,0.4126723683668646,-1.0167819538607747,0.0,1.0167819538607747,0.009311958167578023,0.08,0.0,0.6618790998382715,0.6219375940715093,0.47491552235120044,0.8609257480159955,0.1968016373357504,0.12565573948909448,-1.5878566618084866,-2.6046386156692614,4.4635653891497445e-15,9.443839446524109e-15
55,35,117,77,65,42,AdS minimum,dS minimum,4.961059461978716,0.4926865991481546,-0.004956197326160705,0.0,0.004956197326160705,0.008921143339791382,0.12,1.7813106711894733e-08,0.610982721569031,0.5596185600064466,0.5804998701817551,0.4926865991481546,0.17708183255453858,0.18159611816573237,-1.5878566618084866,-1.5928128591346473,4.4635653891497445e-15,1.0627557417675658e-15
56,72,120,154,67,85,AdS minimum,AdS minimum,4.7168919597427275,0.43636275339080954,-0.6208723390457673,0.0,0.6208723390457673,0.009595940004462806,0.06,6.085522918919395e-09,0.6463832057018757,0.6151320664957912,0.4859182919598608,0.43636275339080954,0.22399495846935893,0.17207002162747292,-1.983766276623494,-2.6046386156692614,1.6208430673390828e-14,9.443839446524109e-15
56,0,120,0,67,0,AdS minimum,AdS minimum,4.939667341321016,0.5202193612534058,-0.008642063048552862,0.0,0.008642063048552862,0.009422216388670055,0.08,1.887138967315849e-08,0.5943901475005442,0.5584535610017414,0.5825838134344852,0.5202193612534058,0.20335597673561784,0.1582292433240406,-1.983766276623494,-1.992408339672047,1.6208430673390828e-14,3.364864469033528e-15
56,23,120,52,67,30,AdS minimum,AdS minimum,5.0289905602536615,0.45110842912333354,0.9485922681233816,0.9485922681233816,0.0,0.00965202673639877,0.14,1.0569299657703368e-08,0.6369217775637691,0.25691009135892245,1.359029094365221,0.45110842912333354,0.09355156132913905,0.16955134829253846,-1.983766276623494,-1.0351740085001124,1.6208430673390828e-14,8.103679040829958e-15
56,11,120,26,67,14,AdS minimum,AdS minimum,5.139860214855481,0.5034413122062957,0.39586434700942674,0.39586434700942674,0.0,0.00952165993141662,0.1,1.7001167362806768e-08,0.6044469856926391,0.4003565131964993,0.9153998458397421,0.5034413122062957,0.14578632041937423,0.16090641740584352,-1.983766276623494,-1.5879019296140673,1.6208430673390828e-14,4.372333158560342e-15
56,9,120,22,67,11,AdS minimum,AdS minimum,5.243749019675029,0.4109196618862834,0.7038811655962154,0.7038811655962154,0.0,0.009783062449775011,0.12,9.303035564123263e-10,0.6630401968598175,0.3335441555184144,1.0979800220355467,0.4109196618862834,0.12145718510279581,0.17650418514458263,-1.983766276623494,-1.2798851110272786,1.6208430673390828e-14,1.5120518506755212e-14
56,18,120,41,67,25,AdS minimum,AdS minimum,5.2978827024070005,0.49211788538363965,-0.6219389496999752,0.0,0.6219389496999752,0.00956963159449396,0.06,1.0824953988741726e-08,0.6113302946781056,0.581790717259999,0.5416444882562985,0.49211788538363965,0.2118539979437142,0.16273878420552193,-1.983766276623494,-2.6057052263234692,1.6208430673390828e-14,7.221441828803893e-15
57,66,122,140,68,78,dS minimum,dS minimum,4.854838811856553,0.4102410323667449,-0.40374508653735575,0.0,0.40374508653735575,0.007946872543029147,0.1,0.0,0.6634903082222016,0.6163239306847679,0.48398259216407696,0.436132973833683,0.21749610718354337,0.17621082705378718,-1.5991600213526036,-2.0029051078899593,4.973486642754688e-15,5.1297443370066085e-15
57,2,122,5,68,3,dS minimum,dS minimum,4.985840386020582,0.39850113337071197,0.5560039084949082,0.5560039084949082,0.0,0.007808704672655537,0.16,3.764899114688802e-09,0.6713255197308275,0.37392724463430194,0.9836940335549793,0.628584475126599,0.13195612895879263,0.1453623597581814,-1.5991600213526036,-1.0431561128576954,4.973486642754688e-15,6.819406431689692e-15
57,75,122,159,68,87,dS minimum,dS minimum,5.0836773495176395,0.45285175985591153,0.5558734547801167,0.5558734547801167,0.0,0.007795307349329527,0.16,0.0,0.6358123795594854,0.35419097479087785,1.0379190345032734,0.45285175985591153,0.12499134688956572,0.17328928630040197,-1.5991600213526036,-1.0432865665724869,4.973486642754688e-15,1.467861398419798e-15
57,0,122,0,68,0,dS minimum,AdS minimum,5.257191083365001,0.5693066154390372,-0.3932483183194433,0.0,0.3932483183194433,0.008411804491321279,0.1,0.0,0.5659177012862577,0.5254188103666404,0.6435596003794906,0.5693066154390372,0.18541636987677163,0.1542396431925476,-1.5991600213526036,-1.992408339672047,4.973486642754688e-15,3.364864469033528e-15
57,63,122,134,68,75,dS minimum,dS minimum,5.2574126805145465,0.4392673695103468,0.5571696781908284,0.5571696781908284,0.0,0.00792998340750485,0.16,0.0,0.64450843468634,0.35858678227998453,1.0255845777208064,0.4392673695103468,0.12654259448715083,0.17565937728165282,-1.5991600213526036,-1.0419903431617752,4.973486642754688e-15,4.852796687006685e-15
57,28,122,63,68,35,dS minimum,dS minimum,5.293651561006577,0.44166619315448985,-1.0445127523331266,0.0,1.0445127523331266,0.007640150338010602,0.08,6.660179185935533e-09,0.6429642254976153,0.605276219781555,0.502070363521436,0.44166619315448985,0.21359745260417579,0.17523850641342906,-1.5991600213526036,-2.64367277368573,4.973486642754688e-15,4.967725246209075e-15
58,25,124,57,69,32,AdS minimum,AdS minimum,3.41020569589029,0.2964933646602105,-0.002435870334197565,0.0,0.002435870334197565,0.008995828322907344,0.08,3.548094651417699e-09,0.7434205600957616,0.6988013432666254,0.35838877847647954,0.2964933646602105,0.18553289188072924,0.18367484967612704,-1.9916408537381889,-1.9940767240723865,4.354985062489997e-15,2.852763637513903e-15
58,33,124,73,69,40,AdS minimum,AdS minimum,4.311123125072861,0.3527535574840762,-2.326495614722676,0.0,2.326495614722676,0.009039652319229655,0.04,0.0,0.7027503596052921,0.6779395359486684,0.3886971750352289,0.3908202527105126,0.1799940481465919,0.16714140405865796,-1.9916408537381889,-4.318136468460865,4.354985062489997e-15,4.55916425813923e-15
58,16,124,37,69,22,AdS minimum,AdS minimum,4.397244975320664,0.33437465265573924,0.40273802646806645,0.40273802646806645,0.0,0.009104833635353193,0.1,0.0,0.7157855610240754,0.47155605749464513,0.7517172921524842,0.3546414164832111,0.12519889933508002,0.17329910309480667,-1.9916408537381889,-1.5889028272701224,4.354985062489997e-15,4.461358351983369e-15
58,37,124,80,69,43,AdS minimum,AdS minimum,4.655706501771669,0.36772707938526905,-2.306590490516645,0.0,2.306590490516645,0.009129877615696898,0.04,0.0,0.6923061005141711,0.6677977339648141,0.40376994476253564,0.4886609513241147,0.17730138324393122,0.15156271298898255,-1.9916408537381889,-4.298231344254834,4.354985062489997e-15,5.0773683766666424e-15
58,48,124,103,69,56,AdS minimum,AdS minimum,4.813266380421941,0.4313329645214177,-0.003977922479125873,0.0,0.003977922479125873,0.008927356442774573,0.08,7.247042188573971e-09,0.6496425668329616,0.6106977872603762,0.4931530620437514,0.4313329645214177,0.16214125463171725,0.16050538175980403,-1.9916408537381889,-1.9956187762173148,4.354985062489997e-15,1.7341339890211448e-15
58,29,124,65,69,36,AdS minimum,AdS minimum,4.909808381922102,0.410913243212071,-2.3352059617699608,0.0,2.3352059617699608,0.009000739011857588,0.04,4.4701670143254546e-10,0.6630444527124894,0.6396628383896505,0.4468140564603769,0.410913243212071,0.1698315227619504,0.16381654842162163,-1.9916408537381889,-4.32684681550815,4.354985062489997e-15,3.747526190918694e-15
59,7,126,17,70,8,AdS minimum,AdS minimum,4.96615151105,0.4298971720542852,0.0012135949626792542,0.0012135949626792542,0.0,0.009194812088395735,0.12,0.0,0.6505759886764207,0.5950897639285725,0.5190430210697978,1.1237555020584054,0.17835599727494575,0.15308739796368906,-1.5888183669405502,-1.587604771977871,4.980377992421974e-16,2.7112053391451424e-15
59,24,126,55,70,31,AdS minimum,dS minimum,5.343173703815676,0.4553950960494228,0.3041184693138195,0.3041184693138195,0.0,0.009029361153431151,0.14,6.852294065495812e-09,0.6341973495749522,0.442715424764507,0.8148280973741642,1.0710331754048446,0.13268746310069687,0.1613750749282254,-1.5888183669405502,-1.2846998976267308,4.980377992421974e-16,1.80631788727262e-15
59,69,126,146,70,81,AdS minimum,dS minimum,5.56721176049913,0.5428839610677767,-0.0048692444888494,0.0,0.0048692444888494,0.008802804129881513,0.12,1.644158303948373e-08,0.5810700501998614,0.5322898762088984,0.6305670579418337,1.2495292573317909,0.15953406942148415,0.13499466127576087,-1.5888183669405502,-1.5936876114293996,4.980377992421974e-16,2.9530396863399185e-15
59,30,126,67,70,37,AdS minimum,dS minimum,5.572019348192957,0.48371141782569044,-2.7439070786340145,0.0,2.7439070786340145,0.008980806097236112,0.06,5.7374258122244726e-09,0.6164910845818025,0.5870822740020836,0.5325903088357196,0.9059838223689418,0.17595605034579737,0.19033404623310474,-1.5888183669405502,-4.332725445574565,4.980377992421974e-16,9.897236789312433e-16
59,58,126,124,70,69,AdS minimum,AdS minimum,5.599102424166152,0.4745864924282778,-0.40282248679763866,0.0,0.40282248679763866,0.0091103226392262,0.1,0.0,0.6221422638195386,0.5771761071568026,0.5496078473314265,1.2273801591615858,0.17298704571160886,0.13801803012757363,-1.5888183669405502,-1.9916408537381889,4.980377992421974e-16,4.354985062489997e-15
59,70,126,148,70,82,AdS minimum,AdS minimum,5.613599433275073,0.44515452297883035,-1.0202996553841213,0.0,1.0202996553841213,0.009139577441523366,0.08,0.0,0.6407252616064785,0.6021744701336686,0.5072080581645061,0.7512280640591305,0.18047937414546708,0.22219078947164617,-1.5888183669405502,-2.6091180223246715,4.980377992421974e-16,7.782892749815e-16
60,22,128,49,71,29,dS minimum,AdS minimum,4.853654302784555,0.4152469302567465,-0.0009976941166629505,0.0,0.0009976941166629505,0.00879151172535295,0.08,0.0,0.6601772428402477,0.6206936765937908,0.4769175931546348,1.1229669527365318,0.25668422216218206,0.17394856024265598,-1.9946584539656316,-1.9956561480822945,1.2653230069444183e-16,7.559212298511566e-16
60,54,128,115,71,63,dS minimum,dS minimum,4.996408888482908,0.45122515411094694,0.9550628589010197,0.9550628589010197,0.0,0.008703564382920474,0.14,3.0893663183206854e-09,0.6368474372159448,0.2557378181082742,1.3636025073150508,1.0592429971720112,0.10575887171722578,0.1853940537890713,-1.9946584539656316,-1.0395955950646119,1.2653230069444183e-16,4.44464405767804e-16
60,64,128,136,71,76,dS minimum,dS minimum,5.306594325016425,0.5307801127066382,0.7068693401480859,0.7068693401480859,0.0,0.008628458511974182,0.12,1.708282071355427e-08,0.5881459705211342,0.29549292969396446,1.2191103690077985,1.3524190427260512,0.122199364474206,0.1382837225027432,-1.9946584539656316,-1.2877891138175457,1.2653230069444183e-16,3.792256627267396e-15
60,74,128,158,71,87,dS minimum,dS minimum,5.355588315584634,0.46758948374230785,0.955195160940643,0.955195160940643,0.0,0.008717364590409029,0.14,2.390462106038882e-09,0.6265106636869244,0.25155478670513076,1.380094473384151,0.9819998595121011,0.10402900366397265,0.20028206899931864,-1.9946584539656316,-1.0394632930249885,1.2653230069444183e-16,3.204880241365777e-16
60,53,128,113,71,62,dS minimum,AdS minimum,5.4299061239840025,0.4975421749282372,0.40524789186443333,0.40524789186443333,0.0,0.008937887840562708,0.1,0.0,0.6080232394734694,0.3997825280336186,0.9168345596376244,1.295968667494695,0.16532771496155868,0.14631442617409213,-1.9946584539656316,-1.5894105621011982,1.2653230069444183e-16,2.0854206150099118e-15
60,17,128,39,71,23,dS minimum,dS minimum,5.536371883775607,0.4836541824279663,-2.327718874430783,0.0,2.327718874430783,0.008886499765308534,0.04,1.7598508761373921e-09,0.6165263707040198,0.5948599177608869,0.5194293334896939,1.2332999997364307,0.24600082302085483,0.15577716829211874,-1.9946584539656316,-4.322377328396414,1.2653230069444183e-16,1.0717286784235561e-15
61,23,130,52,72,30,AdS minimum,AdS minimum,4.24629863542678,0.34910055800322803,0.0005835440542396597,0.0005835440542396597,0.0,0.009434402142660985,0.2,0.0,0.7053222009116008,0.6126420697752014,0.4899744128062588,0.7665809225432791,0.1802519471711569,0.14367690352697976,-1.035757552554352,-1.0351740085001124,4.1235297701461186e-15,8.103679040829958e-15
61,16,130,37,72,22,AdS minimum,AdS minimum,4.941187959256976,0.42346219616565106,-0.5531452747157704,0.0,0.5531452747157704,0.009239386093245714,0.16,0.0,0.6547759282392865,0.584133620050742,0.5376255208682214,0.48782696400233555,0.17186417260067985,0.18986646545682284,-1.035757552554352,-1.5889028272701224,4.1235297701461186e-15,4.461358351983369e-15
61,58,130,124,72,69,AdS minimum,AdS minimum,5.462630825980393,0.46615711057683024,-0.9558833011838368,0.0,0.9558833011838368,0.009238764741422729,0.14,0.0,0.6274087037601845,0.5670432203501296,0.5673197517923952,0.5113322364772187,0.1668358241147538,0.18545564430778128,-1.035757552554352,-1.9916408537381889,4.1235297701461186e-15,4.354985062489997e-15
61,9,130,22,72,11,AdS minimum,AdS minimum,5.660355135102318,0.5114504471725461,-0.24412755847292655,0.0,0.24412755847292655,0.009565437856037227,0.18,0.0,0.5996252230529641,0.5278345330245761,0.638972428814187,1.1296462069238857,0.1552998186963708,0.09993318061176237,-1.035757552554352,-1.2798851110272786,4.1235297701461186e-15,1.5120518506755212e-14
61,24,130,55,72,31,AdS minimum,dS minimum,5.666362222152449,0.5074589810396675,-0.24894234507237867,0.0,0.24894234507237867,0.009157803255627678,0.18,1.5109899720311404e-08,0.6020233897398299,0.530183250808579,0.6345325759532827,0.5074589810396675,0.15599085996632053,0.18617535430107976,-1.035757552554352,-1.2846998976267308,4.1235297701461186e-15,1.80631788727262e-15
61,12,130,29,72,15,AdS minimum,AdS minimum,5.731473647633644,0.46170009852649746,-1.570964236429105,0.0,1.570964236429105,0.00932696967544902,0.12000000000000001,2.416943867267207e-10,0.6302113129052191,0.5769730242207324,0.5499597653507622,0.46170009852649746,0.16975737745071814,0.1948924517955739,-1.035757552554352,-2.606721788983457,4.1235297701461186e-15,3.921326889136822e-15
62,55,132,117,73,65,AdS minimum,AdS minimum,4.039764313122738,0.3485351424765746,-0.5523107187890302,0.0,0.5523107187890302,0.009329089435024298,0.16,6.7502805012331635e-09,0.7057211138004326,0.6295203203235258,0.4627971459178116,0.3485351424765746,0.17950826892577998,0.19976543254660684,-1.0355459430194565,-1.5878566618084866,7.96692343588014e-15,4.4635653891497445e-15
62,16,132,37,73,22,AdS minimum,AdS minimum,4.327319433914937,0.39161426061001264,-0.553356884250666,0.0,0.553356884250666,0.009261515572101763,0.16,6.00779948012331e-09,0.6759648099304768,0.6030217988499077,0.5058019322451742,0.39161426061001264,0.17195219239376713,0.19134244392216426,-1.0355459430194565,-1.5889028272701224,7.96692343588014e-15,4.461358351983369e-15
62,15,132,35,73,21,AdS minimum,AdS minimum,4.521752777542488,0.3763525530729693,-0.5521662954339766,0.0,0.5521662954339766,0.009338408283449277,0.16,2.3181414565698333e-09,0.6863603119450267,0.6122437423633977,0.49062480392336955,0.3763525530729693,0.1745818376376048,0.19428505385102482,-1.0355459430194565,-1.587712238453433,7.96692343588014e-15,6.300355461532837e-15
62,5,132,12,73,6,AdS minimum,AdS minimum,4.856257971730685,0.4314301679403353,-0.24439262026019137,0.0,0.24439262026019137,0.009583035242523345,0.18,0.0,0.6495794224233671,0.5717968507554531,0.5589715067071109,0.801927427486881,0.16304837118454504,0.12694469966990346,-1.0355459430194565,-1.2799385632796478,7.96692343588014e-15,1.4122724124775823e-14
62,9,132,22,73,11,AdS minimum,AdS minimum,4.867473954724755,0.43454681148110863,-0.24433916800782218,0.0,0.24433916800782218,0.009587567334893278,0.18,0.0,0.6475580664714352,0.5700146962737619,0.5620931355494913,0.8366861830593567,0.16254018827822947,0.12260806451124302,-1.0355459430194565,-1.2798851110272786,7.96692343588014e-15,1.5120518506755212e-14
62,35,132,77,73,42,AdS minimum,dS minimum,4.9765930795448945,0.5394044394579873,-0.5572669161151909,0.0,0.5572669161151909,0.009009630061794432,0.16,2.4563387213127896e-08,0.5830954176077264,0.5203180337738788,0.6533150509485016,0.5394044394579873,0.14836914158007355,0.16505430549905764,-1.0355459430194565,-1.5928128591346473,7.96692343588014e-15,1.0627557417675658e-15
63,73,134,156,75,86,dS minimum,dS minimum,4.245214909317426,0.42015329892149983,-0.9548225810159572,0.0,0.9548225810159572,0.008358393995487321,0.14,0.0,0.6569461029662936,0.594313968765484,0.5203475323165359,0.42015329892149983,0.17330030040639793,0.17315376405547553,-1.0419903431617752,-1.9968129241777324,4.852796687006685e-15,2.3460428573554022e-15
63,1,134,2,75,1,dS minimum,dS minimum,4.426394687467873,0.3561070858015287,-0.24711815152506644,0.0,0.24711815152506644,0.008135586461347287,0.18,0.0,0.7003976135794112,0.6175123375083376,0.48205623090901073,0.44294845619735,0.18006488021330685,0.1692513438911981,-1.0419903431617752,-1.2891084946868416,4.852796687006685e-15,5.405006277784081e-15
63,34,134,75,75,41,dS minimum,AdS minimum,4.703318046035037,0.4839172180803831,-0.5481311763929246,0.0,0.5481311763929246,0.008510226188925982,0.16,0.0,0.6163642236140372,0.5503072794320768,0.5972784668882017,0.4839172180803831,0.16046807218667075,0.16245744493498762,-1.0419903431617752,-1.5901215195546998,4.852796687006685e-15,3.0086742844753736e-15
63,31,134,69,75,38,dS minimum,AdS minimum,5.086877743927758,0.5217362775517675,-0.24297114942306042,0.0,0.24297114942306042,0.008485167334722547,0.18,0.0,0.5934891909088451,0.5230543180949705,0.6480699616199623,0.5217362775517675,0.1525211844557715,0.15642818622120339,-1.0419903431617752,-1.2849614925848356,4.852796687006685e-15,1.2193220110405903e-15
63,32,134,71,75,39,dS minimum,dS minimum,5.121000479441421,0.42508562638794284,0.0010048586037472163,0.0010048586037472163,0.0,0.008176890153909447,0.2,0.0,0.6537138075812123,0.5683974691414075,0.5649343353704284,0.42508562638794284,0.16574312119409668,0.17230181576026707,-1.0419903431617752,-1.040985484558028,4.852796687006685e-15,1.9996712722978376e-15
63,57,134,122,75,68,dS minimum,dS minimum,5.2574126805145465,0.4392673695103468,-0.5571696781908284,0.0,0.5571696781908284,0.00792998340750485,0.16,7.457492512408237e-09,0.64450843468634,0.5758026164137019,0.5519903568517215,0.4598940384359082,0.16790244154375622,0.1664074451368682,-1.0419903431617752,-1.5991600213526036,4.852796687006685e-15,4.973486642754688e-15
64,69,136,146,76,81,dS minimum,dS minimum,4.581345157044713,0.36094709330994207,-0.30589849761185395,0.0,0.30589849761185395,0.00845513941359717,0.14,0.0,0.6970158742942019,0.6304964546531502,0.461247746664899,0.36094709330994207,0.17965417081305998,0.21041603310775617,-1.2877891138175457,-1.5936876114293996,3.792256627267396e-15,2.9530396863399185e-15
64,66,136,140,76,78,dS minimum,dS minimum,4.6101227411144965,0.400230349994213,-0.7151159940724137,0.0,0.7151159940724137,0.00826355302815927,0.12,1.1371827368655829e-08,0.6701656555995149,0.6142702710309083,0.4873202668540587,0.6218524189688497,0.17503066890024108,0.16209480097605264,-1.2877891138175457,-2.0029051078899593,3.792256627267396e-15,5.1297443370066085e-15
64,8,136,19,76,9,dS minimum,dS minimum,4.9194680505818225,0.5367184512641587,-0.7255979999180879,0.0,0.7255979999180879,0.007804066011610874,0.12,3.0756627245054347e-08,0.584663710280223,0.5361705667715351,0.6233029469444011,0.8194731996659842,0.15277687586792082,0.1330281253400858,-1.2877891138175457,-2.0133871137356336,3.792256627267396e-15,5.682582840659357e-15
64,33,136,73,76,40,dS minimum,AdS minimum,4.943349681666327,0.46095808910240044,-3.030347354643319,0.0,3.030347354643319,0.008698097958641305,0.08,0.0,0.6306791091717233,0.5930206860554059,0.5225259968569059,0.6039385673945146,0.16897579493430318,0.16502470778793002,-1.2877891138175457,-4.318136468460865,3.792256627267396e-15,4.55916425813923e-15
64,46,136,99,76,54,dS minimum,dS minimum,5.2170315888010075,0.40311842091319183,1.4157407469683747e-05,1.4157407469683747e-05,0.0,0.008422268752504578,0.16,5.408707370868626e-09,0.6682329618803179,0.5966676896057764,0.5163949543938267,0.6869029828394976,0.17001497508188154,0.15188608383483124,-1.2877891138175457,-1.287774956410076,3.792256627267396e-15,5.692918130497444e-15
64,60,136,128,76,71,dS minimum,dS minimum,5.306594325016425,0.5307801127066382,-0.7068693401480859,0.0,0.7068693401480859,0.008628458511974182,0.12,0.0,0.5881459705211342,0.5388751233188789,0.6182714170698097,0.5307801127066382,0.15354751440259332,0.17755024895334412,-1.2877891138175457,-1.9946584539656316,3.792256627267396e-15,1.2653230069444183e-16
65,49,138,105,77,57,AdS minimum,AdS minimum,3.926509160146896,0.3273805119858857,-0.5518331298010262,0.0,0.5518331298010262,0.00907671171019699,0.16,0.0,0.7208094142155684,0.6431579787048982,0.4413648948671024,0.9039745302520713,0.1885468823541791,0.1714363449299459,-1.0372201385776272,-1.5890532683786533,8.340534537158508e-16,2.5930136245105868e-15
65,42,138,91,77,50,AdS minimum,AdS minimum,5.026164778104118,0.4536154725953955,0.0011551216291953992,0.0011551216291953992,0.0,0.009188126854339973,0.2,0.0,0.6353269869191582,0.5517257060583428,0.5947042655199856,1.2065500162117684,0.16174278363370712,0.12667649398788267,-1.0372201385776272,-1.0360650169484318,8.340534537158508e-16,7.303787176939063e-15
65,27,138,61,77,34,AdS minimum,AdS minimum,5.395282499059239,0.46979615065824354,-0.2484947776269688,0.0,0.2484947776269688,0.008919139685512379,0.18,2.720027370006761e-09,0.6251296875704142,0.5506768030007828,0.5966072063523277,0.46979615065824354,0.16143528935089818,0.2646452925554383,-1.0372201385776272,-1.285714916204596,8.340534537158508e-16,3.719613372784768e-16
65,62,138,132,77,73,AdS minimum,AdS minimum,5.444798123852806,0.504068683098371,0.0016741955581707213,0.0016741955581707213,0.0,0.00924246575337561,0.2,0.0,0.6040678921765656,0.524317185657089,0.6456584616515293,1.2650825843408957,0.1537077576483287,0.1194746215712243,-1.0372201385776272,-1.0355459430194565,8.340534537158508e-16,7.96692343588014e-15
65,76,138,161,77,88,AdS minimum,dS minimum,5.493768745156141,0.4470345351965013,-0.2473963634373404,0.0,0.2473963634373404,0.00901186637523837,0.18,7.509084132273358e-09,0.6395218218816385,0.5632973746002311,0.5739475938410766,0.9266027958217836,0.16513511040170023,0.1676005995900214,-1.0372201385776272,-1.2846165020149676,8.340534537158508e-16,1.9138355607841833e-15
65,4,138,9,77,5,AdS minimum,AdS minimum,5.52584841850876,0.4603011249440331,-1.5744445173687058,0.0,1.5744445173687058,0.009052499895156201,0.12000000000000001,0.0,0.6310935788728422,0.5779552272422221,0.548258874828705,1.036440901520902,0.1694321766111866,0.15016664736548743,-1.0372201385776272,-2.611664655946333,8.340534537158508e-16,2.5887126899882362e-15
66,64,140,136,78,76,dS minimum,dS minimum,4.6101227411144965,0.400230349994213,0.7151159940724137,0.7151159940724137,0.0,0.00826355302815927,0.12,0.0,0.6701656555995149,0.334483123605263,1.0951688532867399,0.400230349994213,0.12107594329679992,0.17726108924662615,-2.0029051078899593,-1.2877891138175457,5.1297443370066085e-15,3.792256627267396e-15
66,57,140,122,78,68,dS minimum,dS minimum,4.854838811856553,0.4102410323667449,0.40374508653735575,0.40374508653735575,0.0,0.007946872543029147,0.1,7.414289682206032e-09,0.6634903082222016,0.4372868371540008,0.8271659212815465,0.4102410323667449,0.15828875229644537,0.1754954372211674,-2.0029051078899593,-1.5991600213526036,5.1297443370066085e-15,4.973486642754688e-15
66,33,140,73,78,40,dS minimum,AdS minimum,4.888529084210842,0.48772697756894157,-2.3152313605709054,0.0,2.3152313605709054,0.008540547424447067,0.04,0.0,0.6140204915272892,0.5926675982449061,0.5231215797358333,0.48772697756894157,0.2145333604443228,0.16241050289351003,-2.0029051078899593,-4.318136468460865,5.1297443370066085e-15,4.55916425813923e-15
66,37,140,80,78,43,dS minimum,AdS minimum,4.928887786536454,0.5163971052607618,-2.2953262363648745,0.0,2.2953262363648745,0.00863077272091431,0.04,0.0,0.5966664062543517,0.5758598549586337,0.5518909552537675,0.5163971052607618,0.20844930648327006,0.15782028847017043,-2.0029051078899593,-4.298231344254834,5.1297443370066085e-15,5.0773683766666424e-15
66,75,140,159,78,87,dS minimum,dS minimum,5.156813252292918,0.4718948203310802,0.9596185413174725,0.9596185413174725,0.0,0.007954437300265413,0.14,0.0,0.6238191225560679,0.2497436064749071,1.3873204614812238,0.4718948203310802,0.09040199819462098,0.16500227403960568,-2.0029051078899593,-1.0432865665724869,5.1297443370066085e-15,1.467861398419798e-15
66,48,140,103,78,56,dS minimum,AdS minimum,5.174327264406361,0.49019349531693257,0.007286331672644586,0.007286331672644586,0.0,0.008428251547991985,0.08,0.0,0.6125078653138726,0.5725484296013167,0.5576579539414717,0.49019349531693257,0.20725063928454093,0.16201040812892029,-2.0029051078899593,-1.9956187762173148,5.1297443370066085e-15,1.7341339890211448e-15
67,2,142,5,79,3,dS minimum,dS minimum,3.8412556887599236,0.36157578724928,-0.002644803703007348,0.0,0.002644803703007348,0.008104954212358694,0.2,1.683952488562568e-08,0.6965778023594252,0.6062327749955739,0.5004912495125183,0.5341539690776599,0.18112749095037173,0.1879527104933048,-1.040511309154688,-1.0431561128576954,5.434840828007613e-15,6.819406431689692e-15
67,45,142,97,79,53,dS minimum,dS minimum,4.042982170701641,0.38047816801110884,-0.0027967110549438345,0.0,0.0027967110549438345,0.008089129765633371,0.2,2.1444607756215817e-08,0.6835344867306042,0.5948915096189444,0.5193762268367613,0.7333575192675472,0.17773899889484704,0.15400527284324925,-1.040511309154688,-1.0433080202096319,5.434840828007613e-15,9.292743553264648e-15
67,71,142,150,79,83,dS minimum,dS minimum,4.594328241989571,0.46601684676151944,-0.004577342057442424,0.0,0.004577342057442424,0.007904274803467703,0.2,2.362535661548648e-08,0.6274967126708216,0.5462319553706587,0.6047115667643513,0.6165604484130511,0.16320071700828975,0.17308519188371474,-1.040511309154688,-1.0450886512121305,5.434840828007613e-15,6.604578519424716e-15
67,18,142,41,79,25,dS minimum,AdS minimum,5.354863853311923,0.5508045051872311,-1.5651939171687812,0.0,1.5651939171687812,0.00885546923684834,0.12000000000000001,0.0,0.5764858379244121,0.5280599176335231,0.6385455213477642,0.7610964228787387,0.15777135763258318,0.1497920407944347,-1.040511309154688,-2.6057052263234692,5.434840828007613e-15,7.221441828803893e-15
67,53,142,113,79,62,dS minimum,AdS minimum,5.403715639894714,0.5191640972946394,-0.5488992529465102,0.0,0.5488992529465102,0.008710101945515069,0.16,0.0,0.5950177170681831,0.531131729987241,0.632745209434706,0.5191640972946394,0.15868913985625682,0.1907913195660215,-1.040511309154688,-1.5894105621011982,5.434840828007613e-15,2.0854206150099118e-15
67,51,142,109,79,60,dS minimum,dS minimum,5.520561176466963,0.502474100247769,-0.5587571693199944,0.0,0.5587571693199944,0.008077002699977888,0.16,2.0624280616665658e-08,0.6050318968664389,0.540446938053513,0.6153588186859551,0.7979409151743801,0.16147229565765145,0.144373464419275,-1.040511309154688,-1.5992684784746825,5.434840828007613e-15,8.330637062225764e-15
68,15,144,35,80,21,dS minimum,AdS minimum,4.192958763266452,0.4082768741286833,-0.5492673566452808,0.0,0.5492673566452808,0.009035335346480846,0.16,0.0,0.664794788860785,0.593204701548942,0.5222157430098122,1.0098906747445768,0.17372556328345773,0.12705685592649157,-1.0384448818081522,-1.587712238453433,1.8410839386576936e-15,6.300355461532837e-15
68,22,144,49,80,29,dS minimum,AdS minimum,4.873902065735535,0.4088071103397786,-0.9572112662741423,0.0,0.9572112662741423,0.008779320136100765,0.14,0.0,0.6644423840279418,0.6008173129279115,0.5094643624894895,0.4088071103397786,0.17595498795999232,0.2317636807678645,-1.0384448818081522,-1.9956561480822945,1.8410839386576936e-15,7.559212298511566e-16
68,49,144,105,80,57,dS minimum,AdS minimum,5.271798284865435,0.44709920434674255,-0.5506083865705012,0.0,0.5506083865705012,0.008948749176880296,0.16,0.0,0.6394804658860997,0.5706707654988564,0.5609428284413109,0.6935846940231003,0.16712628866025822,0.17432836073124075,-1.0384448818081522,-1.5890532683786533,1.8410839386576936e-15,2.5930136245105868e-15
68,20,144,45,80,27,dS minimum,AdS minimum,5.28860772732414,0.4918637954858432,-0.2441509085666842,0.0,0.2441509085666842,0.009054756993325079,0.18,0.0,0.6114856472661261,0.5385774172049647,0.6188240281785008,1.0782873679906324,0.1577274504591275,0.11865711857407614,-1.0384448818081522,-1.2825957903748364,1.8410839386576936e-15,5.937258360812534e-15
68,31,144,69,80,38,dS minimum,AdS minimum,5.318811247947697,0.4206285703634343,-0.2465166107766834,0.0,0.2465166107766834,0.00885477036480957,0.18,0.0,0.6566339494293703,0.5784698693713494,0.5473688177647249,0.4206285703634343,0.16941032941350448,0.22904002618606412,-1.0384448818081522,-1.2849614925848356,1.8410839386576936e-15,1.2193220110405903e-15
68,66,144,140,80,78,dS minimum,dS minimum,5.367547522867994,0.5291770233664775,-0.9644602260818071,0.0,0.9644602260818071,0.008458716388527758,0.14,2.334886245458634e-08,0.5890895771977565,0.5328679527700664,0.6294816289055049,1.0741089254167409,0.15605538022365972,0.11915395781426283,-1.0384448818081522,-2.0029051078899593,1.8410839386576936e-15,5.1297443370066085e-15
69,64,146,136,81,76,dS minimum,dS minimum,4.581345157044713,0.36094709330994207,0.30589849761185395,0.30589849761185395,0.0,0.00845513941359717,0.14,3.972370210547638e-09,0.6970158742942019,0.4861386184439874,0.7212614726142526,0.5490499750240327,0.13889958961940102,0.17108596792963213,-1.5936876114293996,-1.2877891138175457,2.9530396863399185e-15,3.792256627267396e-15
69,10,146,24,81,13,dS minimum,dS minimum,4.7157376021793596,0.37827504446236165,-0.40619549042367686,0.0,0.40619549042367686,0.008430987094840088,0.1,4.032746359072803e-10,0.6850420577275022,0.636004824124643,0.4525491305691417,0.37827504446236165,0.1817193814999308,0.2029462360999303,-1.5936876114293996,-1.9998831018530765,2.9530396863399185e-15,2.494950291988872e-15
69,44,146,95,81,52,dS minimum,AdS minimum,4.758125377228345,0.5297947149258032,-2.671899883423979,0.0,2.671899883423979,0.008974236416573817,0.06,0.0,0.588725813896561,0.5606455591600763,0.5786663749840344,1.1434551200007377,0.1601877224618121,0.09442076541966245,-1.5936876114293996,-4.265587494853379,2.9530396863399185e-15,1.0620665293874206e-14
69,35,146,77,81,42,dS minimum,dS minimum,4.793480835401281,0.3938173009741162,0.0008747522947523123,0.0008747522947523123,0.0,0.008545429615701174,0.12,0.0,0.6744772713249153,0.6175712620543646,0.481960813001927,0.3938173009741162,0.1764525417352137,0.19981637916425932,-1.5936876114293996,-1.5928128591346473,2.9530396863399185e-15,1.0627557417675658e-15
69,36,146,78,81,42,dS minimum,dS minimum,4.865476765059849,0.4308921434318789,-0.005355869706130667,0.0,0.005355869706130667,0.008146023685703312,0.12,4.3625486001452884e-09,0.6499290061066816,0.5957984902118791,0.517852772758064,0.4308921434318789,0.17023162251781454,0.19254386505709611,-1.5936876114293996,-1.5990434811355303,2.9530396863399185e-15,2.2029285171196132e-15
69,33,146,73,81,40,dS minimum,AdS minimum,4.970504541531826,0.45595718754552406,-2.724448857031465,0.0,2.724448857031465,0.008732133809884968,0.06,0.0,0.633840972805465,0.6037696459093005,0.5045625347363976,0.755399324027487,0.17250914216582774,0.13918678632941966,-1.5936876114293996,-4.318136468460865,2.9530396863399185e-15,4.55916425813923e-15
70,43,148,93,82,51,AdS minimum,AdS minimum,4.2562680799675965,0.3512645503108297,-0.0010680681276302728,0.0,0.0010680681276302728,0.009136467350558609,0.04,0.0,0.7037975393673558,0.67887744275325,0.3873146643964442,0.9126159495961698,0.2999014112363586,0.16313873552728567,-2.6091180223246715,-2.6101860904523018,7.782892749815e-16,2.2918728242450003e-15
70,6,148,14,82,7,AdS minimum,AdS minimum,4.78615530060262,0.40390534458574856,0.6174416726615366,0.6174416726615366,0.0,0.009131897105989481,0.06,0.0,0.6677073203908225,0.3761467748327333,0.9777758531646431,1.0439570000411624,0.166166883004453,0.1430593997033334,-2.6091180223246715,-1.991676349663135,7.782892749815e-16,3.1509935702007135e-15
70,30,148,67,82,37,AdS minimum,dS minimum,4.875906818024462,0.42123895814595175,-1.7236074232498932,0.0,1.7236074232498932,0.009003950543837288,0.02,6.600411883717072e-09,0.6562332703862889,0.6413734998420014,0.4441433086944817,0.6028242300587672,0.28333364112398596,0.22238112663787454,-2.6091180223246715,-4.332725445574565,7.782892749815e-16,9.897236789312433e-16
70,16,148,37,82,22,AdS minimum,AdS minimum,4.9982562837105755,0.431672312570085,1.020215195054549,1.020215195054549,0.0,0.009134088437650359,0.08,0.0,0.6494221492968213,0.25642918723411534,1.360902725647867,1.1333888007916209,0.11328035119537114,0.13082075787774144,-2.6091180223246715,-1.5889028272701224,7.782892749815e-16,4.461358351983369e-15
70,9,148,22,82,11,AdS minimum,AdS minimum,5.456172153941528,0.5689252765801902,1.3292329112973928,1.3292329112973928,0.0,0.009460140200441874,0.1,0.0,0.5661335488495836,0.1696225837809446,1.77417940540346,1.3751737423031927,0.07493260056948509,0.10272373335943114,-2.6091180223246715,-1.2798851110272786,7.782892749815e-16,1.5120518506755212e-14
70,74,148,158,82,87,AdS minimum,dS minimum,5.564529318424282,0.535466359186971,1.569654729299683,1.569654729299683,0.0,0.008880818803673871,0.12000000000000001,6.584580714008581e-09,0.5853962215697764,0.14121922840141338,1.9574417847141783,0.535466359186971,0.06238511287034624,0.23787624689433384,-2.6091180223246715,-1.0394632930249885,7.782892749815e-16,3.204880241365777e-16
71,2,150,5,83,3,dS minimum,dS minimum,4.57749986022218,0.39259233981015185,0.001932538354435076,0.001932538354435076,0.0,0.007628987344326821,0.2,0.0,0.6753039860315938,0.5870608020634381,0.5326268834901812,0.41936941011009354,0.17686038542461405,0.18050435260417058,-1.0450886512121305,-1.0431561128576954,6.604578519424716e-15,6.819406431689692e-15
71,67,150,142,83,79,dS minimum,dS minimum,4.594328241989571,0.46601684676151944,0.004577342057442424,0.004577342057442424,0.0,0.007904274803467703,0.2,0.0,0.6274967126708216,0.5441108471203687,0.60860228979416,0.46601684676151944,0.16392110288607348,0.172277656111294,-1.0450886512121305,-1.040511309154688,6.604578519424716e-15,5.434840828007613e-15
71,47,150,101,83,55,dS minimum,dS minimum,4.741558402208731,0.46260612692745595,0.004106804461633473,0.004106804461633473,0.0,0.007855241671199168,0.2,0.0,0.6296405821453027,0.5462176935531178,0.6047376765581635,0.46260612692745595,0.16455582022849657,0.17286625012400225,-1.0450886512121305,-1.040981846750497,6.604578519424716e-15,6.094414651805033e-15
71,45,150,97,83,53,dS minimum,dS minimum,4.796106447866606,0.41796908936236976,0.0017806310024985894,0.0017806310024985894,0.0,0.007613162897601497,0.2,0.0,0.6583825791356246,0.5724344173848935,0.5578571049018552,0.6638534469438524,0.17245397978055857,0.14135449085403962,-1.0450886512121305,-1.0433080202096319,6.604578519424716e-15,9.292743553264648e-15
71,75,150,159,83,87,dS minimum,dS minimum,5.469247954002615,0.5181763237598482,0.0018020846396435974,0.0018020846396435974,0.0,0.0076155900210008115,0.2,0.0,0.5956057501958035,0.5178419263778264,0.6580852447266462,0.5181763237598482,0.1560072182749994,0.16352207196975366,-1.0450886512121305,-1.0432865665724869,6.604578519424716e-15,1.467861398419798e-15
71,57,150,122,83,68,dS minimum,dS minimum,5.7334807675922015,0.4824178261369787,-0.5540713701404731,0.0,0.5540713701404731,0.007608025263764544,0.16,0.0,0.6172890883592291,0.5516802521287099,0.5947866539271197,0.4824178261369787,0.16620149340525783,0.16947517833673978,-1.0450886512121305,-1.5991600213526036,6.604578519424716e-15,4.973486642754688e-15
72,15,154,35,85,21,AdS minimum,AdS minimum,4.227202349628276,0.35079016485670667,1.0169263772158283,1.0169263772158283,0.0,0.009321277016003,0.08,6.288070952820135e-09,0.704131489887051,0.27875249796910506,1.2774309949238174,0.35079016485670667,0.11405545310661454,0.1851334985694129,-2.6046386156692614,-1.587712238453433,9.443839446524109e-15,6.300355461532837e-15
72,29,154,65,85,36,AdS minimum,AdS minimum,4.535643311408324,0.43502633937392277,-1.7222081998388883,0.0,1.7222081998388883,0.009140289681159885,0.02,1.0721457166518178e-08,0.6472476187564635,0.6324964531499225,0.45808066606429154,0.43502633937392277,0.25879470167236474,0.17017732883999692,-2.6046386156692614,-4.32684681550815,9.443839446524109e-15,3.747526190918694e-15
72,21,154,47,85,28,AdS minimum,AdS minimum,4.584310172853783,0.3760087490572725,1.017011643421931,1.017011643421931,0.0,0.009326789360696934,0.08,6.631210469620896e-09,0.6865963259454441,0.2717893070626256,1.3027281192360884,0.3760087490572725,0.11120636691118109,0.1805230723988426,-2.6046386156692614,-1.5876269722473304,9.443839446524109e-15,6.206529553313801e-15
72,14,154,33,85,20,AdS minimum,AdS minimum,4.605744492198818,0.4293604514114885,-1.7143467356256523,0.0,1.7143467356256523,0.009175403824496432,0.02,1.1188814985629847e-08,0.650925259961421,0.6360657095921566,0.4524534040100458,0.4293604514114885,0.26025511248029887,0.17114427122580902,-2.6046386156692614,-4.318985351294914,9.443839446524109e-15,3.7629424240572614e-15
72,16,154,37,85,22,AdS minimum,AdS minimum,4.669479110896685,0.413805130260947,1.015735788399139,1.015735788399139,0.0,0.00924438430465549,0.08,9.977728976373612e-09,0.6611297729001109,0.2620160858796188,1.339349380618633,0.413805130260947,0.1072075178301495,0.17382728882787585,-2.6046386156692614,-1.5889028272701224,9.443839446524109e-15,4.461358351983369e-15
72,56,154,120,85,67,AdS minimum,AdS minimum,4.7168919597427275,0.43636275339080954,0.6208723390457673,0.6208723390457673,0.0,0.009595940004462806,0.06,0.0,0.6463832057018757,0.362888456036487,1.0136597755846208,0.7911103942143134,0.14848084799939126,0.1191945401380627,-2.6046386156692614,-1.983766276623494,9.443839446524109e-15,1.6208430673390828e-14
73,63,156,134,86,75,dS minimum,dS minimum,4.245214909317426,0.42015329892149983,0.9548225810159572,0.9548225810159572,0.0,0.008358393995487321,0.14,1.9675276408115394e-08,0.6569461029662936,0.2639628934214118,1.3319467409365568,0.8592281031284488,0.11494044307833799,0.14173189000810224,-1.9968129241777324,-1.0419903431617752,2.3460428573554022e-15,4.852796687006685e-15
73,4,156,9,86,5,dS minimum,AdS minimum,4.385960246285286,0.3878325590015497,-0.6148517317686006,0.0,0.6148517317686006,0.008841104104323368,0.06,0.0,0.6785259468149017,0.6462571602590798,0.4365577735163054,0.46751284122662984,0.2814072969875306,0.20969465237341003,-1.9968129241777324,-2.611664655946333,2.3460428573554022e-15,2.5887126899882362e-15
73,34,156,75,86,41,dS minimum,AdS minimum,4.794457940601669,0.40724329741414006,0.40669140462303255,0.40669140462303255,0.0,0.008796395961496863,0.1,0.0,0.6654822604906344,0.43709399000876653,0.8276070269013642,0.5944475806954019,0.1903289368717421,0.184697194352539,-1.9968129241777324,-1.5901215195546998,2.3460428573554022e-15,3.0086742844753736e-15
73,32,156,71,86,39,dS minimum,dS minimum,5.19115931818854,0.45667234290684283,0.9558274396197044,0.9558274396197044,0.0,0.00846305992648033,0.14,4.3279893002790004e-09,0.6333878400849997,0.2542505614621041,1.3694350357487117,0.45667234290684283,0.11071128903226342,0.21198021282472188,-1.9968129241777324,-1.040985484558028,2.3460428573554022e-15,1.9996712722978376e-15
73,1,156,2,86,1,dS minimum,dS minimum,5.320811630812813,0.4811372193211039,0.7077044294908907,0.7077044294908907,0.0,0.00842175623391817,0.12,1.8266639978392618e-08,0.6180800993520797,0.3103824817441554,1.169949929945651,0.9621947378019818,0.1351534661293173,0.12786442714600826,-1.9968129241777324,-1.2891084946868416,2.3460428573554022e-15,5.405006277784081e-15
73,57,156,122,86,68,dS minimum,dS minimum,5.504780381067264,0.5435821277744937,0.3976529028251288,0.3976529028251288,0.0,0.008216153180075732,0.1,2.713276892052363e-08,0.5806645080210382,0.38457175670687804,0.9556248840235131,0.9926287178247304,0.1674585679008085,0.12403162329521845,-1.9968129241777324,-1.5991600213526036,2.3460428573554022e-15,4.973486642754688e-15
74,75,158,159,87,87,dS minimum,dS minimum,2.0933642694765413,0.25161586354643034,-0.0038232735474983404,0.0,0.0038232735474983404,0.008200893912894499,0.2,1.2731382170727557e-08,0.7775433634589607,0.6766258237683284,0.3906368563991509,0.9160296625540514,0.18495155156767634,0.159349026888118,-1.0394632930249885,-1.0432865665724869,3.204880241365777e-16,1.467861398419798e-15
74,54,158,115,87,63,dS minimum,dS minimum,4.081105032523629,0.3166570048405407,-0.0001323020396233332,0.0,0.0001323020396233332,0.008585115511734647,0.2,6.989042122818034e-10,0.7285806118965771,0.6337500580826306,0.456100632427627,0.5537511861046185,0.17323172192230787,0.22892064395178147,-1.0394632930249885,-1.0395955950646119,3.204880241365777e-16,4.44464405767804e-16
74,6,158,14,87,7,dS minimum,AdS minimum,4.136233688609524,0.4410328203231801,-0.9522130566381464,0.0,0.9522130566381464,0.008849994021538812,0.14,0.0,0.6433715905629138,0.5817189720584783,0.5417678137468728,1.2045791940472184,0.15900934117378188,0.11940814355292526,-1.0394632930249885,-1.991676349663135,3.204880241365777e-16,3.1509935702007135e-15
74,27,158,61,87,34,dS minimum,AdS minimum,4.22688168480298,0.34851009978498576,-0.24625162317960747,0.0,0.24625162317960747,0.008684919870262044,0.18,0.0,0.7057387871779268,0.6218455607780096,0.475063511642274,0.46613607804051105,0.1699777000245614,0.24988242783960327,-1.0394632930249885,-1.285714916204596,3.204880241365777e-16,3.719613372784768e-16
74,16,158,37,87,22,dS minimum,AdS minimum,4.683988077578994,0.48458656321500565,-0.5494395342451339,0.0,0.5494395342451339,0.00885218535319969,0.16,0.0,0.6159518012616512,0.5497322337105298,0.5983239671035253,1.2735256039681466,0.15026596088998714,0.11145277879974415,-1.0394632930249885,-1.5889028272701224,3.204880241365777e-16,4.461358351983369e-15
74,48,158,103,87,56,dS minimum,AdS minimum,4.7033375693199755,0.4191185095991177,-0.9561554831923262,0.0,0.9561554831923262,0.00867470816062107,0.14,0.0,0.6576262556256868,0.5947223098121549,0.5196606885758008,1.112028675572014,0.16256372442168537,0.1309869789678279,-1.0394632930249885,-1.9956187762173148,3.204880241365777e-16,1.7341339890211448e-15
75,74,159,158,87,87,dS minimum,dS minimum,2.0933642694765413,0.25161586354643034,0.0038232735474983404,0.0038232735474983404,0.0,0.008200893912894499,0.2,0.0,0.7775433634589607,0.6744305125212154,0.3938866293659879,0.25161586354643034,0.19468983270936824,0.23237906381293744,-1.0432865665724869,-1.0394632930249885,1.467861398419798e-15,3.204880241365777e-16
75,6,159,14,87,7,dS minimum,AdS minimum,4.158532925321436,0.4746036534631405,-0.948389783090648,0.0,0.948389783090648,0.008451972215210109,0.14,0.0,0.6221315873060699,0.5627606790115735,0.5749008228998717,0.9286389645928446,0.16245377458174712,0.11807816648661393,-1.0432865665724869,-1.991676349663135,1.467861398419798e-15,3.1509935702007135e-15
75,54,159,115,87,63,dS minimum,dS minimum,4.46631766523846,0.4226004705557858,0.003690971507875007,0.003690971507875007,0.0,0.008187093705405943,0.2,0.0,0.6553404086040364,0.5685058933165076,0.5647435994134261,0.4226004705557858,0.16411226243355806,0.19585710300803272,-1.0432865665724869,-1.0395955950646119,1.467861398419798e-15,4.44464405767804e-16
75,16,159,37,87,22,dS minimum,AdS minimum,4.597351200586653,0.5099871878271471,-0.5456162606976356,0.0,0.5456162606976356,0.008454163546870987,0.16,0.0,0.6005032725147055,0.5361792416609608,0.6232867677287052,1.0803229936020518,0.15478043315533513,0.10145981451729713,-1.0432865665724869,-1.5889028272701224,1.467861398419798e-15,4.461358351983369e-15
75,48,159,103,87,56,dS minimum,AdS minimum,4.728719337938147,0.4529205326320476,-0.9523322096448279,0.0,0.9523322096448279,0.008276686354292366,0.14,0.0,0.6357686544806063,0.5752072389108216,0.5530248876217693,0.5834362271770238,0.1660467595069591,0.16675898567088765,-1.0432865665724869,-1.9956187762173148,1.467861398419798e-15,1.7341339890211448e-15
75,27,159,61,87,34,dS minimum,AdS minimum,4.7618731355852075,0.4771095487370166,-0.24242834963210913,0.0,0.24242834963210913,0.00828689806393334,0.18,0.0,0.6205745424122209,0.5470444947637649,0.6032251366073433,0.4771095487370166,0.1579169376130324,0.18546686650423114,-1.0432865665724869,-1.285714916204596,1.467861398419798e-15,3.719613372784768e-16
76,53,161,113,88,62,dS minimum,AdS minimum,5.189450882753469,0.4032553329755974,-0.30479406008623067,0.0,0.30479406008623067,0.008998169810141714,0.14,0.0,0.668141478990038,0.6040167680462137,0.5041533197667533,0.47319196592250823,0.18664315642949805,0.19278166444459152,-1.2846165020149676,-1.5894105621011982,1.9138355607841833e-15,2.0854206150099118e-15
76,50,161,107,88,58,dS minimum,AdS minimum,5.307008102072751,0.5136284751407661,0.003520675620909852,0.003520675620909852,0.0,0.009254292110508072,0.16,0.0,0.5983206437675123,0.5321654877885907,0.6308007707400983,1.1688946200622445,0.16444087587996675,0.0961448224668123,-1.2846165020149676,-1.2810958263940577,1.9138355607841833e-15,8.353761732959093e-15
76,25,161,57,88,32,dS minimum,AdS minimum,5.341177302301546,0.43293461274777895,-0.7094602220574189,0.0,0.7094602220574189,0.008921910881518672,0.12,0.0,0.6486029007799224,0.5940755882808231,0.5207487147174494,0.7126945110882429,0.18357129937485483,0.15172288486778562,-1.2846165020149676,-1.9940767240723865,1.9138355607841833e-15,2.852763637513903e-15
76,68,161,144,88,80,dS minimum,dS minimum,5.379993618086103,0.4300456608121116,0.24617162020681538,0.24617162020681538,0.0,0.008883903841921677,0.18,1.4864652841950488e-09,0.6504793926278816,0.46483915645496504,0.7660638333288675,0.4300456608121116,0.1436368193442967,0.2012815313086138,-1.2846165020149676,-1.0384448818081522,1.9138355607841833e-15,1.8410839386576936e-15
76,49,161,105,88,57,dS minimum,AdS minimum,5.475435985809985,0.43582589246193,-0.3044367663636858,0.0,0.3044367663636858,0.009021222735711487,0.14,0.0,0.6467303167569456,0.5846457109792478,0.5367492374712126,0.658463116080994,0.18065743645346286,0.16017822892700667,-1.2846165020149676,-1.5890532683786533,1.9138355607841833e-15,2.5930136245105868e-15
76,65,161,138,88,77,dS minimum,AdS minimum,5.493768745156141,0.4470345351965013,0.2473963634373404,0.2473963634373404,0.0,0.00901186637523837,0.18,0.0,0.6395218218816385,0.4564689964019206,0.7842344971310029,0.4470345351965013,0.1410504125179207,0.19789086798519012,-1.2846165020149676,-1.0372201385776272,1.9138355607841833e-15,8.340534537158508e-16
